key,target_spk,interferer_spk,num_chunks,ecapa_mismatch_rate,xvector_mismatch_rate,mv_speaker_mismatch_rate,waveform_interferer_rate,mv_true_drift_rate,mean_local_target_interferer_si_sdr_gap,sisnr_i
1089-134686-0000_121-127105-0031__T1__1089-1089-134686-0000__HSIMV2__8230-8230-279154-0040__SIRm3,1089,121,19,0.0,0.0,0.0,0.0,0.0,44.85620024675176,11.543321224309716
1089-134686-0000_121-127105-0031__T2__121-121-127105-0031__HSIMV2__237-237-134500-0024__SIRm3,121,1089,7,0.0,0.0,0.0,0.0,0.0,41.141519933712225,18.99233706591369
1089-134686-0000_260-123440-0016__T1__1089-1089-134686-0000__HSIMV2__8230-8230-279154-0039__SIRm3,1089,260,8,0.0,0.0,0.0,0.0,0.0,53.70017055588811,14.778624968895809
1089-134686-0000_260-123440-0016__T2__260-260-123440-0016__HSIMV2__672-672-122797-0003__SIRm3,260,1089,8,0.0,0.0,0.0,0.0,0.0,59.63457931816822,19.751634835125508
1089-134686-0000_61-70968-0047__T1__1089-1089-134686-0000__HSIMV2__8230-8230-279154-0027__SIRm3,1089,61,19,0.0,0.0,0.0,0.0,0.0,46.13639142400321,17.46154336968743
1089-134686-0000_61-70968-0047__T2__61-61-70968-0047__HSIMV2__8230-8230-279154-0039__SIRm3,61,1089,8,0.0,0.0,0.0,0.0,0.0,47.74679716038222,17.744405775939327
1089-134686-0002_7729-102255-0037__T1__1089-1089-134686-0002__HSIMV2__8230-8230-279154-0024__SIRm3,1089,7729,11,0.0,0.0,0.0,0.0,0.0,48.09956991666194,17.523232099434555
1089-134686-0002_7729-102255-0037__T2__7729-7729-102255-0037__HSIMV2__7176-7176-92135-0008__SIRm3,7729,1089,7,0.0,0.0,0.0,0.0,0.0,45.80078999611472,18.600701860734173
1089-134686-0004_1284-1180-0027__T1__1089-1089-134686-0004__HSIMV2__8230-8230-279154-0041__SIRm3,1089,1284,9,0.0,0.0,0.0,0.0,0.0,47.00053277069841,19.09556897145694
1089-134686-0004_1284-1180-0027__T2__1284-1284-1180-0027__HSIMV2__4446-4446-2271-0024__SIRm3,1284,1089,5,0.0,0.0,0.0,0.0,0.0,45.61622027581358,18.061841160242786
1089-134686-0004_6829-68771-0005__T1__1089-1089-134686-0004__HSIMV2__8230-8230-279154-0036__SIRm3,1089,6829,5,0.0,0.0,0.0,0.0,0.0,49.61548940015037,19.39768094421869
1089-134686-0004_6829-68771-0005__T2__6829-6829-68771-0005__HSIMV2__4446-4446-2275-0023__SIRm3,6829,1089,6,0.0,0.0,0.0,0.0,0.0,46.37687318592335,18.060181210275896
1089-134686-0004_8463-294828-0016__T1__1089-1089-134686-0004__HSIMV2__8230-8230-279154-0026__SIRm3,1089,8463,9,0.0,0.0,0.0,0.0,0.0,56.08801346292964,19.4929495826931
1089-134686-0004_8463-294828-0016__T2__8463-8463-294828-0016__HSIMV2__4992-4992-41806-0013__SIRm3,8463,1089,5,0.0,0.0,0.0,0.0,0.0,53.282214283290706,20.70749563418276
1089-134686-0005_7176-92135-0020__T1__1089-1089-134686-0005__HSIMV2__8230-8230-279154-0016__SIRm3,1089,7176,18,0.0,0.0,0.0,0.0,0.0,52.63316251412527,18.93955902345617
1089-134686-0005_7176-92135-0020__T2__7176-7176-92135-0020__HSIMV2__61-61-70970-0024__SIRm3,7176,1089,13,0.07692307692307693,0.0,0.0,0.0,0.0,49.93562172465686,18.174966790722312
1089-134686-0006_1580-141083-0022__T1__1089-1089-134686-0006__HSIMV2__8230-8230-279154-0039__SIRm3,1089,1580,8,0.0,0.0,0.0,0.0,0.0,42.92202961321446,17.95694477295052
1089-134686-0006_1580-141083-0022__T2__1580-1580-141083-0022__HSIMV2__237-237-134500-0015__SIRm3,1580,1089,5,0.0,0.0,0.0,0.0,0.0,45.64187897860236,18.5501438802679
1089-134686-0006_4446-2271-0018__T1__1089-1089-134686-0006__HSIMV2__8230-8230-279154-0040__SIRm3,1089,4446,20,0.0,0.0,0.0,0.0,0.0,46.448249608521984,18.624671465337563
1089-134686-0006_4446-2271-0018__T2__4446-4446-2271-0018__HSIMV2__4992-4992-41806-0003__SIRm3,4446,1089,10,1.0,1.0,1.0,1.0,1.0,-44.18760572306805,-19.744365172931225
1089-134686-0007_1995-1836-0000__T1__1089-1089-134686-0007__HSIMV2__8230-8230-279154-0000__SIRm3,1089,1995,7,0.0,0.0,0.0,0.0,0.0,51.302400627423495,18.39707584459442
1089-134686-0007_1995-1836-0000__T2__1995-1995-1836-0000__HSIMV2__2094-2094-142345-0030__SIRm3,1995,1089,16,0.0,0.125,0.0,0.0,0.0,54.43805873537633,16.42888535709201
1089-134686-0007_7021-85628-0018__T1__1089-1089-134686-0007__HSIMV2__8230-8230-279154-0031__SIRm3,1089,7021,7,0.0,0.0,0.0,0.0,0.0,44.03927006632451,18.883509000868347
1089-134686-0007_7021-85628-0018__T2__7021-7021-85628-0018__HSIMV2__5105-5105-28241-0003__SIRm3,7021,1089,6,0.0,0.0,0.0,0.0,0.0,50.54122120478439,20.186094367988968
1089-134686-0007_8455-210777-0052__T1__1089-1089-134686-0007__HSIMV2__8230-8230-279154-0024__SIRm3,1089,8455,7,0.0,0.0,0.0,0.0,0.0,44.62035372440755,19.325148487912674
1089-134686-0007_8455-210777-0052__T2__8455-8455-210777-0052__HSIMV2__1320-1320-122617-0041__SIRm3,8455,1089,7,0.0,0.0,0.0,0.0,0.0,60.28268299138261,20.71881168211281
1089-134686-0008_672-122797-0007__T1__1089-1089-134686-0008__HSIMV2__8230-8230-279154-0012__SIRm3,1089,672,6,0.0,0.0,0.0,0.0,0.0,52.21823676646229,18.88295557794695
1089-134686-0008_672-122797-0007__T2__672-672-122797-0007__HSIMV2__260-260-123288-0002__SIRm3,672,1089,11,0.0,0.0,0.0,0.0,0.0,45.28158049681482,18.038080963095723
1089-134686-0008_8230-279154-0012__T1__1089-1089-134686-0008__HSIMV2__8230-8230-279154-0010__SIRm3,1089,8230,12,0.0,0.0,0.0,0.0,0.0,54.32222301077871,17.78239749329903
1089-134686-0008_8230-279154-0012__T2__8230-8230-279154-0012__HSIMV2__61-61-70970-0019__SIRm3,8230,1089,6,0.0,0.0,0.0,0.0,0.0,37.27511401915186,14.0396042761132
1089-134686-0010_4507-16021-0023__T1__1089-1089-134686-0010__HSIMV2__8230-8230-279154-0026__SIRm3,1089,4507,7,0.0,0.0,0.0,0.0,0.0,51.13609110898422,19.3828878210304
1089-134686-0010_4507-16021-0023__T2__4507-4507-16021-0023__HSIMV2__3729-3729-6852-0014__SIRm3,4507,1089,10,0.0,0.0,0.0,0.0,0.0,51.77964981434112,19.932170946448327
1089-134686-0011_1320-122612-0004__T1__1089-1089-134686-0011__HSIMV2__8230-8230-279154-0035__SIRm3,1089,1320,14,0.0,0.07142857142857142,0.0,0.0,0.0,47.92922831014333,18.96975122278384
1089-134686-0011_1320-122612-0004__T2__1320-1320-122612-0004__HSIMV2__5105-5105-28233-0006__SIRm3,1320,1089,10,0.0,0.0,0.0,0.0,0.0,48.54335153267906,18.83120472930826
1089-134686-0013_3570-5695-0000__T1__1089-1089-134686-0013__HSIMV2__8230-8230-279154-0032__SIRm3,1089,3570,6,0.0,0.0,0.0,0.0,0.0,59.30568089490257,16.837131107221268
1089-134686-0013_3570-5695-0000__T2__3570-3570-5695-0000__HSIMV2__4507-4507-16021-0014__SIRm3,3570,1089,8,0.0,0.0,0.0,0.0,0.0,54.12065278989916,21.81174922036704
1089-134686-0013_7127-75946-0007__T1__1089-1089-134686-0013__HSIMV2__8230-8230-279154-0028__SIRm3,1089,7127,14,0.0,0.0,0.0,0.0,0.0,53.024485541023296,19.11114025855265
1089-134686-0013_7127-75946-0007__T2__7127-7127-75946-0007__HSIMV2__8455-8455-210777-0064__SIRm3,7127,1089,6,0.0,0.16666666666666666,0.0,0.0,0.0,49.15244313852557,16.002334278109657
1089-134686-0015_4970-29093-0003__T1__1089-1089-134686-0015__HSIMV2__8230-8230-279154-0036__SIRm3,1089,4970,5,0.0,0.0,0.0,0.0,0.0,58.712795128384606,21.28593105138209
1089-134686-0015_4970-29093-0003__T2__4970-4970-29093-0003__HSIMV2__6829-6829-68769-0000__SIRm3,4970,1089,22,0.045454545454545456,0.0,0.0,0.0,0.0,50.51074997566843,18.8736245734436
1089-134686-0015_5142-33396-0067__T1__1089-1089-134686-0015__HSIMV2__8230-8230-279154-0004__SIRm3,1089,5142,10,0.0,0.0,0.0,0.0,0.0,49.99507836438009,18.55153178963183
1089-134686-0015_5142-33396-0067__T2__5142-5142-33396-0067__HSIMV2__4970-4970-29095-0031__SIRm3,5142,1089,10,0.0,0.0,0.0,0.0,0.0,51.44462138653463,19.050591229584587
1089-134686-0016_672-122797-0004__T1__1089-1089-134686-0016__HSIMV2__8230-8230-279154-0021__SIRm3,1089,672,6,0.0,0.0,0.0,0.0,0.0,34.11831422794247,9.335800867929208
1089-134686-0016_672-122797-0004__T2__672-672-122797-0004__HSIMV2__260-260-123288-0013__SIRm3,672,1089,19,0.0,0.0,0.0,0.0,0.0,48.14551870109596,14.61118068215107
1089-134686-0017_1580-141084-0045__T1__1089-1089-134686-0017__HSIMV2__8230-8230-279154-0026__SIRm3,1089,1580,16,0.0,0.0,0.0,0.0,0.0,51.53104665627981,17.332131535592982
1089-134686-0017_1580-141084-0045__T2__1580-1580-141084-0045__HSIMV2__237-237-134493-0003__SIRm3,1580,1089,6,0.0,0.0,0.0,0.0,0.0,49.67750694477896,19.02534251719384
1089-134686-0019_5142-33396-0021__T1__1089-1089-134686-0019__HSIMV2__8230-8230-279154-0029__SIRm3,1089,5142,16,0.0,0.0,0.0,0.0,0.0,52.434062571828534,18.75141447606932
1089-134686-0019_5142-33396-0021__T2__5142-5142-33396-0021__HSIMV2__4970-4970-29095-0022__SIRm3,5142,1089,6,0.0,0.0,0.0,0.0,0.0,60.863745408619174,21.061989624412803
1089-134686-0021_4992-41797-0018__T1__1089-1089-134686-0021__HSIMV2__8230-8230-279154-0035__SIRm3,1089,4992,12,0.0,0.0,0.0,0.0,0.0,58.75818293903325,19.83949217668031
1089-134686-0021_4992-41797-0018__T2__4992-4992-41797-0018__HSIMV2__4446-4446-2275-0013__SIRm3,4992,1089,6,0.0,0.0,0.0,0.0,0.0,58.91942332936204,20.3336419724667
1089-134686-0022_1580-141083-0044__T1__1089-1089-134686-0022__HSIMV2__8230-8230-279154-0012__SIRm3,1089,1580,6,0.0,0.0,0.0,0.0,0.0,49.66019014845072,18.683878612484136
1089-134686-0022_1580-141083-0044__T2__1580-1580-141083-0044__HSIMV2__237-237-126133-0001__SIRm3,1580,1089,10,0.0,0.0,0.0,0.0,0.0,44.29054889507275,16.77520746813844
1089-134686-0022_8455-210777-0023__T1__1089-1089-134686-0022__HSIMV2__8230-8230-279154-0008__SIRm3,1089,8455,6,0.0,0.0,0.0,0.0,0.0,49.926940136708396,18.90248961978162
1089-134686-0022_8455-210777-0023__T2__8455-8455-210777-0023__HSIMV2__1320-1320-122617-0011__SIRm3,8455,1089,8,0.0,0.0,0.0,0.0,0.0,56.38191632301208,18.6560622071201
1089-134686-0023_6829-68771-0020__T1__1089-1089-134686-0023__HSIMV2__8230-8230-279154-0022__SIRm3,1089,6829,11,0.0,0.0,0.0,0.0,0.0,49.0486387972792,18.5639784461332
1089-134686-0023_6829-68771-0020__T2__6829-6829-68771-0020__HSIMV2__4970-4970-29095-0008__SIRm3,6829,1089,5,0.0,0.0,0.0,0.0,0.0,59.65783103169139,20.03997039517383
1089-134686-0024_1995-1836-0013__T1__1089-1089-134686-0024__HSIMV2__8230-8230-279154-0036__SIRm3,1089,1995,5,0.0,0.0,0.0,0.0,0.0,54.55061321943081,19.47095080665952
1089-134686-0024_1995-1836-0013__T2__1995-1995-1836-0013__HSIMV2__2094-2094-142345-0006__SIRm3,1995,1089,9,0.0,0.0,0.0,0.0,0.0,51.32373931382406,20.30588444218576
1089-134686-0024_5683-32865-0016__T1__1089-1089-134686-0024__HSIMV2__8230-8230-279154-0015__SIRm3,1089,5683,15,0.0,0.0,0.0,0.0,0.0,47.127312681355775,17.722084663697593
1089-134686-0024_5683-32865-0016__T2__5683-5683-32865-0016__HSIMV2__1221-1221-135766-0009__SIRm3,5683,1089,5,0.0,0.0,0.0,0.0,0.0,44.62075272416737,18.34968004847236
1089-134686-0024_7176-92135-0042__T1__1089-1089-134686-0024__HSIMV2__8230-8230-279154-0029__SIRm3,1089,7176,16,0.0625,0.0,0.0,0.125,0.0,38.669043711608936,8.137244812018798
1089-134686-0024_7176-92135-0042__T2__7176-7176-92135-0042__HSIMV2__61-61-70970-0037__SIRm3,7176,1089,10,1.0,1.0,1.0,1.0,1.0,-48.83399907921519,-30.06674298332696
1089-134686-0025_7127-75947-0035__T1__1089-1089-134686-0025__HSIMV2__8230-8230-279154-0005__SIRm3,1089,7127,12,0.0,0.0,0.0,0.0,0.0,42.55478657602919,15.624392489885746
1089-134686-0025_7127-75947-0035__T2__7127-7127-75947-0035__HSIMV2__8455-8455-210777-0014__SIRm3,7127,1089,7,0.0,0.0,0.0,0.0,0.0,44.509270841547185,16.43057515143592
1089-134686-0026_8224-274384-0010__T1__1089-1089-134686-0026__HSIMV2__8230-8230-279154-0003__SIRm3,1089,8224,5,0.0,0.0,0.0,0.0,0.0,49.6738772308244,18.63615916448349
1089-134686-0026_8224-274384-0010__T2__8224-8224-274384-0010__HSIMV2__8455-8455-210777-0058__SIRm3,8224,1089,13,0.0,0.0,0.0,0.0,0.0,47.61641071990527,17.552343460834596
1089-134686-0028_6829-68771-0025__T1__1089-1089-134686-0028__HSIMV2__8230-8230-279154-0022__SIRm3,1089,6829,11,0.0,0.0,0.0,0.0,0.0,53.51993123263582,18.68401905165502
1089-134686-0028_6829-68771-0025__T2__6829-6829-68771-0025__HSIMV2__4970-4970-29095-0012__SIRm3,6829,1089,8,0.0,0.0,0.0,0.0,0.0,75.16027222233362,21.235802899902943
1089-134686-0028_8224-274384-0005__T1__1089-1089-134686-0028__HSIMV2__8230-8230-279154-0027__SIRm3,1089,8224,14,0.0,0.0,0.0,0.0,0.0,56.6875306507007,17.821180904244443
1089-134686-0028_8224-274384-0005__T2__8224-8224-274384-0005__HSIMV2__8455-8455-210777-0041__SIRm3,8224,1089,11,0.0,0.0,0.0,0.0,0.0,52.10487535569573,17.755098463835875
1089-134686-0029_121-127105-0007__T1__1089-1089-134686-0029__HSIMV2__8230-8230-279154-0015__SIRm3,1089,121,8,0.0,0.0,0.0,0.0,0.0,52.243989073870424,20.000790867592777
1089-134686-0029_121-127105-0007__T2__121-121-127105-0007__HSIMV2__237-237-134500-0027__SIRm3,121,1089,5,1.0,1.0,1.0,1.0,1.0,-34.08119209540901,-16.428679274259483
1089-134686-0031_1320-122612-0008__T1__1089-1089-134686-0031__HSIMV2__8230-8230-279154-0000__SIRm3,1089,1320,12,0.0,0.0,0.0,0.0,0.0,53.259586066565184,18.12080624323455
1089-134686-0031_1320-122612-0008__T2__1320-1320-122612-0008__HSIMV2__5105-5105-28240-0000__SIRm3,1320,1089,9,0.0,0.0,0.0,0.0,0.0,50.49841706893574,19.984007516278044
1089-134686-0031_61-70968-0026__T1__1089-1089-134686-0031__HSIMV2__8230-8230-279154-0008__SIRm3,1089,61,6,0.0,0.0,0.0,0.0,0.0,51.35072214755641,20.570211394974688
1089-134686-0031_61-70968-0026__T2__61-61-70968-0026__HSIMV2__8230-8230-279154-0000__SIRm3,61,1089,8,0.0,0.0,0.0,0.0,0.0,42.784910516200334,15.792286295663033
1089-134686-0032_4507-16021-0049__T1__1089-1089-134686-0032__HSIMV2__8230-8230-279154-0040__SIRm3,1089,4507,7,0.0,0.0,0.0,0.0,0.0,52.96991519726851,17.243498347231572
1089-134686-0032_4507-16021-0049__T2__4507-4507-16021-0049__HSIMV2__3729-3729-6852-0042__SIRm3,4507,1089,10,0.0,0.0,0.0,0.0,0.0,53.25648110381176,20.223375299237063
1089-134686-0032_6829-68771-0030__T1__1089-1089-134686-0032__HSIMV2__8230-8230-279154-0031__SIRm3,1089,6829,7,0.0,0.0,0.0,0.0,0.0,59.92515982056352,18.667726735248337
1089-134686-0032_6829-68771-0030__T2__6829-6829-68771-0030__HSIMV2__4446-4446-2273-0033__SIRm3,6829,1089,5,0.0,0.0,0.0,0.0,0.0,57.156805976857335,19.089608278577224
1089-134686-0033_1320-122612-0001__T1__1089-1089-134686-0033__HSIMV2__8230-8230-279154-0033__SIRm3,1089,1320,5,0.0,0.0,0.0,0.0,0.0,55.929546837146276,18.61846596797476
1089-134686-0033_1320-122612-0001__T2__1320-1320-122612-0001__HSIMV2__5105-5105-28240-0014__SIRm3,1320,1089,5,0.0,0.0,0.0,0.0,0.0,48.93969873110082,19.2092876955716
1089-134686-0034_5639-40744-0005__T1__1089-1089-134686-0034__HSIMV2__8230-8230-279154-0040__SIRm3,1089,5639,10,0.0,0.0,0.0,0.0,0.0,55.6423752221307,18.23692979488705
1089-134686-0034_5639-40744-0005__T2__5639-5639-40744-0005__HSIMV2__1089-1089-134691-0022__SIRm3,5639,1089,9,0.0,0.0,0.0,0.0,0.0,47.38878114967952,19.36874717015048
1089-134686-0034_8455-210777-0067__T1__1089-1089-134686-0034__HSIMV2__8230-8230-279154-0004__SIRm3,1089,8455,10,0.0,0.0,0.0,0.0,0.0,58.45583418921075,19.538762249213008
1089-134686-0034_8455-210777-0067__T2__8455-8455-210777-0067__HSIMV2__1320-1320-122617-0000__SIRm3,8455,1089,6,0.0,0.0,0.0,0.0,0.0,54.91177515447555,19.69759281372168
1089-134686-0034_8463-294828-0036__T1__1089-1089-134686-0034__HSIMV2__8230-8230-279154-0012__SIRm3,1089,8463,6,0.0,0.0,0.0,0.0,0.0,40.75026251857463,17.661699131541567
1089-134686-0034_8463-294828-0036__T2__8463-8463-294828-0036__HSIMV2__4992-4992-23283-0017__SIRm3,8463,1089,12,0.0,0.0,0.0,0.0,0.0,54.85372791386283,18.78480612676953
1089-134686-0035_2300-131720-0025__T1__1089-1089-134686-0035__HSIMV2__8230-8230-279154-0039__SIRm3,1089,2300,5,0.0,0.0,0.0,0.0,0.0,49.23387669681548,19.677244688419066
1089-134686-0035_2300-131720-0025__T2__2300-2300-131720-0025__HSIMV2__61-61-70968-0013__SIRm3,2300,1089,7,0.0,0.0,0.0,0.0,0.0,44.90259830631959,16.442431684128263
1089-134686-0035_5683-32866-0010__T1__1089-1089-134686-0035__HSIMV2__8230-8230-279154-0041__SIRm3,1089,5683,5,0.0,0.0,0.0,0.0,0.0,49.61520572114064,16.847624442073755
1089-134686-0035_5683-32866-0010__T2__5683-5683-32866-0010__HSIMV2__237-237-134500-0037__SIRm3,5683,1089,13,0.8461538461538461,0.7692307692307693,0.7692307692307693,0.8461538461538461,0.6923076923076923,-19.818056382658387,-4.212731993087028
1089-134686-0036_6930-75918-0008__T1__1089-1089-134686-0036__HSIMV2__8230-8230-279154-0021__SIRm3,1089,6930,5,0.0,0.0,0.0,0.0,0.0,45.67825550469475,18.05553631502201
1089-134686-0036_6930-75918-0008__T2__6930-6930-75918-0008__HSIMV2__260-260-123286-0019__SIRm3,6930,1089,8,0.0,0.0,0.0,0.0,0.0,41.44169864811218,16.21886130500221
1089-134686-0037_2094-142345-0001__T1__1089-1089-134686-0037__HSIMV2__8230-8230-279154-0012__SIRm3,1089,2094,6,0.0,0.0,0.0,0.0,0.0,59.98464978825927,19.70707885804684
1089-134686-0037_2094-142345-0001__T2__2094-2094-142345-0001__HSIMV2__3729-3729-6852-0002__SIRm3,2094,1089,15,0.0,0.0,0.0,0.0,0.0,46.00668158118021,14.616940198832014
1089-134686-0037_4446-2271-0000__T1__1089-1089-134686-0037__HSIMV2__8230-8230-279154-0017__SIRm3,1089,4446,9,0.0,0.0,0.0,0.0,0.0,53.2078835064006,19.138918285913
1089-134686-0037_4446-2271-0000__T2__4446-4446-2271-0000__HSIMV2__1284-1284-1180-0023__SIRm3,4446,1089,5,1.0,1.0,1.0,1.0,1.0,-58.508838727402214,-37.69287393024012
1089-134691-0001_1320-122617-0013__T1__1089-1089-134691-0001__HSIMV2__8230-8230-279154-0039__SIRm3,1089,1320,8,0.0,0.0,0.0,0.0,0.0,50.0375709400401,18.54636574961734
1089-134691-0001_1320-122617-0013__T2__1320-1320-122617-0013__HSIMV2__5105-5105-28241-0019__SIRm3,1320,1089,9,0.1111111111111111,0.0,0.0,0.0,0.0,54.885479256343054,19.53748018074441
1089-134691-0002_4507-16021-0036__T1__1089-1089-134691-0002__HSIMV2__8230-8230-279154-0020__SIRm3,1089,4507,14,0.0,0.07142857142857142,0.0,0.0,0.0,56.38295183345331,18.676287731161374
1089-134691-0002_4507-16021-0036__T2__4507-4507-16021-0036__HSIMV2__3729-3729-6852-0040__SIRm3,4507,1089,9,0.0,0.0,0.0,0.0,0.0,63.64058749320649,21.458708004823777
1089-134691-0002_8455-210777-0005__T1__1089-1089-134691-0002__HSIMV2__8230-8230-279154-0003__SIRm3,1089,8455,5,0.0,0.0,0.0,0.0,0.0,49.60723742838631,19.99752065088633
1089-134691-0002_8455-210777-0005__T2__8455-8455-210777-0005__HSIMV2__1320-1320-122617-0008__SIRm3,8455,1089,7,0.0,0.0,0.0,0.0,0.0,45.84696198040624,19.151420695546392
1089-134691-0005_908-157963-0011__T1__1089-1089-134691-0005__HSIMV2__8230-8230-279154-0024__SIRm3,1089,908,9,0.0,0.0,0.0,0.0,0.0,52.45457104874298,20.132713566276745
1089-134691-0005_908-157963-0011__T2__908-908-157963-0011__HSIMV2__7176-7176-88083-0008__SIRm3,908,1089,5,0.0,0.0,0.0,0.0,0.0,38.202368358386586,16.77800863142562
1089-134691-0006_4446-2275-0012__T1__1089-1089-134691-0006__HSIMV2__8230-8230-279154-0029__SIRm3,1089,4446,10,0.0,0.0,0.0,0.0,0.0,50.533172853758806,14.199998331577264
1089-134691-0006_4446-2275-0012__T2__4446-4446-2275-0012__HSIMV2__1284-1284-134647-0002__SIRm3,4446,1089,11,0.0,0.0,0.0,0.0,0.0,48.57841752800978,18.773512780993297
1089-134691-0006_4446-2275-0026__T1__1089-1089-134691-0006__HSIMV2__8230-8230-279154-0007__SIRm3,1089,4446,10,0.1,0.0,0.0,0.0,0.0,50.70537337240285,18.22369563172722
1089-134691-0006_4446-2275-0026__T2__4446-4446-2275-0026__HSIMV2__4992-4992-23283-0014__SIRm3,4446,1089,8,0.0,0.0,0.0,0.0,0.0,52.56989742247926,18.115640176770302
1089-134691-0012_1320-122612-0015__T1__1089-1089-134691-0012__HSIMV2__8230-8230-279154-0039__SIRm3,1089,1320,8,0.0,0.0,0.0,0.0,0.0,60.79216176292671,19.61587721945665
1089-134691-0012_1320-122612-0015__T2__1320-1320-122612-0015__HSIMV2__5105-5105-28240-0022__SIRm3,1320,1089,8,0.0,0.0,0.0,0.0,0.0,38.555632233944365,15.856989355417516
1089-134691-0013_4992-23283-0007__T1__1089-1089-134691-0013__HSIMV2__8230-8230-279154-0000__SIRm3,1089,4992,16,0.0,0.0,0.0,0.0,0.0,53.58980805796652,18.64498827150404
1089-134691-0013_4992-23283-0007__T2__4992-4992-23283-0007__HSIMV2__4446-4446-2275-0002__SIRm3,4992,1089,7,0.0,0.0,0.0,0.0,0.0,50.83856792109447,18.423159296681764
1089-134691-0014_237-134500-0012__T1__1089-1089-134691-0014__HSIMV2__8230-8230-279154-0017__SIRm3,1089,237,8,0.125,0.0,0.0,0.0,0.0,43.81771950563838,14.983984786651316
1089-134691-0014_237-134500-0012__T2__237-237-134500-0012__HSIMV2__5683-5683-32865-0011__SIRm3,237,1089,11,0.0,0.0,0.0,0.0,0.0,55.95133032506028,19.656486079542084
1089-134691-0014_2830-3980-0041__T1__1089-1089-134691-0014__HSIMV2__8230-8230-279154-0018__SIRm3,1089,2830,8,0.125,0.0,0.0,0.0,0.0,52.01353152080513,19.09102692576512
1089-134691-0014_2830-3980-0041__T2__2830-2830-3980-0041__HSIMV2__1188-1188-133604-0015__SIRm3,2830,1089,8,0.0,0.0,0.0,0.0,0.0,49.14644282117509,19.27894013549755
1089-134691-0014_7127-75947-0023__T1__1089-1089-134691-0014__HSIMV2__8230-8230-279154-0006__SIRm3,1089,7127,8,0.0,0.0,0.0,0.0,0.0,46.94785395616275,18.30086202284559
1089-134691-0014_7127-75947-0023__T2__7127-7127-75947-0023__HSIMV2__8455-8455-210777-0024__SIRm3,7127,1089,9,0.0,0.1111111111111111,0.0,0.0,0.0,56.81819496226578,19.14756184405691
1089-134691-0015_3575-170457-0015__T1__1089-1089-134691-0015__HSIMV2__8230-8230-279154-0015__SIRm3,1089,3575,4,0.0,0.0,0.0,0.0,0.0,58.09660271838737,21.434993625739217
1089-134691-0015_3575-170457-0015__T2__3575-3575-170457-0015__HSIMV2__237-237-134493-0011__SIRm3,3575,1089,9,0.0,0.0,0.0,0.0,0.0,49.31636117022369,19.91092292820158
1089-134691-0015_5683-32879-0011__T1__1089-1089-134691-0015__HSIMV2__8230-8230-279154-0023__SIRm3,1089,5683,4,0.0,0.0,0.0,0.0,0.0,46.86932514550702,18.966118394779592
1089-134691-0015_5683-32879-0011__T2__5683-5683-32879-0011__HSIMV2__1221-1221-135767-0024__SIRm3,5683,1089,10,0.0,0.0,0.0,0.0,0.0,44.37576795736765,17.97015736254716
1089-134691-0015_672-122797-0050__T1__1089-1089-134691-0015__HSIMV2__8230-8230-279154-0015__SIRm3,1089,672,4,0.0,0.0,0.0,0.0,0.0,58.09240882698195,21.4311940665734
1089-134691-0015_672-122797-0050__T2__672-672-122797-0050__HSIMV2__260-260-123440-0014__SIRm3,672,1089,6,0.0,0.0,0.0,0.0,0.0,50.09820619567416,20.187405122016216
1089-134691-0016_260-123286-0009__T1__1089-1089-134691-0016__HSIMV2__8230-8230-279154-0028__SIRm3,1089,260,17,0.0,0.0,0.0,0.0,0.0,51.576505256566406,20.41677530660344
1089-134691-0016_260-123286-0009__T2__260-260-123286-0009__HSIMV2__6930-6930-75918-0005__SIRm3,260,1089,10,0.0,0.0,0.0,0.0,0.0,44.58972796082188,17.087855307557465
1089-134691-0017_5142-36586-0004__T1__1089-1089-134691-0017__HSIMV2__8230-8230-279154-0028__SIRm3,1089,5142,22,0.0,0.0,0.0,0.0,0.0,47.49625934028278,18.51945452821372
1089-134691-0017_5142-36586-0004__T2__5142-5142-36586-0004__HSIMV2__4970-4970-29095-0005__SIRm3,5142,1089,6,0.0,0.0,0.0,0.0,0.0,36.35959672722012,8.318698372474405
1089-134691-0018_4970-29095-0024__T1__1089-1089-134691-0018__HSIMV2__8230-8230-279154-0033__SIRm3,1089,4970,5,0.0,0.0,0.0,0.0,0.0,46.78845131747145,20.68127586856052
1089-134691-0018_4970-29095-0024__T2__4970-4970-29095-0024__HSIMV2__8555-8555-284449-0008__SIRm3,4970,1089,11,0.0,0.0,0.0,0.0,0.0,54.92605343257779,22.107946331125586
1089-134691-0019_2830-3980-0011__T1__1089-1089-134691-0019__HSIMV2__8230-8230-279154-0031__SIRm3,1089,2830,5,0.0,0.2,0.0,0.0,0.0,20.09381183162004,11.68122880962073
1089-134691-0019_2830-3980-0011__T2__2830-2830-3980-0011__HSIMV2__1188-1188-133604-0037__SIRm3,2830,1089,10,0.0,0.0,0.0,0.0,0.0,47.678932566536545,18.54083613490076
1089-134691-0019_672-122797-0023__T1__1089-1089-134691-0019__HSIMV2__8230-8230-279154-0000__SIRm3,1089,672,5,0.0,0.0,0.0,0.0,0.0,49.28881933575102,20.04791492308588
1089-134691-0019_672-122797-0023__T2__672-672-122797-0023__HSIMV2__260-260-123288-0011__SIRm3,672,1089,16,0.0625,0.0,0.0,0.0,0.0,45.33213509236802,17.806548766846962
1089-134691-0020_7021-85628-0000__T1__1089-1089-134691-0020__HSIMV2__8230-8230-279154-0033__SIRm3,1089,7021,6,0.0,0.0,0.0,0.0,0.0,54.72338682131892,21.15076519756465
1089-134691-0020_7021-85628-0000__T2__7021-7021-85628-0000__HSIMV2__5105-5105-28241-0000__SIRm3,7021,1089,5,0.0,0.0,0.0,0.0,0.0,65.98563997499859,20.407198750521392
1089-134691-0020_908-31957-0004__T1__1089-1089-134691-0020__HSIMV2__8230-8230-279154-0010__SIRm3,1089,908,6,1.0,1.0,1.0,1.0,1.0,-42.092629268329226,-19.67736862120564
1089-134691-0020_908-31957-0004__T2__908-908-31957-0004__HSIMV2__7176-7176-88083-0019__SIRm3,908,1089,10,0.0,0.0,0.0,0.0,0.0,43.94761992312474,16.870056458250637
1089-134691-0022_2830-3979-0000__T1__1089-1089-134691-0022__HSIMV2__8230-8230-279154-0035__SIRm3,1089,2830,10,0.0,0.0,0.0,0.0,0.0,48.49455736764798,19.06472505850532
1089-134691-0022_2830-3979-0000__T2__2830-2830-3979-0000__HSIMV2__1188-1188-133604-0027__SIRm3,2830,1089,11,0.0,0.0,0.0,0.0,0.0,60.00983684291096,19.80396580385354
1089-134691-0023_1580-141083-0000__T1__1089-1089-134691-0023__HSIMV2__8230-8230-279154-0017__SIRm3,1089,1580,14,0.0,0.0,0.0,0.0,0.0,47.75663824798334,17.287373705040157
1089-134691-0023_1580-141083-0000__T2__1580-1580-141083-0000__HSIMV2__237-237-134500-0033__SIRm3,1580,1089,11,0.0,0.0,0.0,0.0,0.0,50.32343584205487,18.86175099659034
1089-134691-0023_8224-274381-0011__T1__1089-1089-134691-0023__HSIMV2__8230-8230-279154-0027__SIRm3,1089,8224,14,0.0,0.0,0.0,0.0,0.0,45.53502021167278,17.091202933516314
1089-134691-0023_8224-274381-0011__T2__8224-8224-274381-0011__HSIMV2__8455-8455-210777-0060__SIRm3,8224,1089,11,0.0,0.0,0.0,0.0,0.0,54.59950699333565,17.288694471671512
1089-134691-0025_4970-29095-0012__T1__1089-1089-134691-0025__HSIMV2__8230-8230-279154-0033__SIRm3,1089,4970,15,0.0,0.0,0.0,0.0,0.0,53.472416705236256,19.374566725822586
1089-134691-0025_4970-29095-0012__T2__4970-4970-29095-0012__HSIMV2__6829-6829-68769-0039__SIRm3,4970,1089,7,0.0,0.0,0.0,0.0,0.0,49.54996948118172,20.35545981529432
1089-134691-0025_5105-28233-0004__T1__1089-1089-134691-0025__HSIMV2__8230-8230-279154-0006__SIRm3,1089,5105,14,0.0,0.0,0.0,0.0,0.0,52.661684369362696,17.81610930222827
1089-134691-0025_5105-28233-0004__T2__5105-5105-28233-0004__HSIMV2__7021-7021-79759-0000__SIRm3,5105,1089,8,0.0,0.0,0.0,0.0,0.0,58.46282647759468,20.48978281620922
1089-134691-0025_8224-274384-0005__T1__1089-1089-134691-0025__HSIMV2__8230-8230-279154-0040__SIRm3,1089,8224,15,0.0,0.06666666666666667,0.0,0.0,0.0,52.82714823886132,18.97280141009808
1089-134691-0025_8224-274384-0005__T2__8224-8224-274384-0005__HSIMV2__8455-8455-210777-0062__SIRm3,8224,1089,5,0.0,0.0,0.0,0.0,0.0,43.1144374615986,17.353678315706368
1188-133604-0001_1995-1826-0012__T1__1188-1188-133604-0001__HSIMV2__2830-2830-3979-0003__SIRm3,1188,1995,13,0.0,0.0,0.0,0.0,0.0,46.56220837907359,17.56743721844436
1188-133604-0001_1995-1826-0012__T2__1995-1995-1826-0012__HSIMV2__2094-2094-142345-0009__SIRm3,1995,1188,11,0.18181818181818182,0.0,0.0,0.0,0.0,35.21195796248184,18.4952082303851
1188-133604-0003_672-122797-0056__T1__1188-1188-133604-0003__HSIMV2__2830-2830-3979-0001__SIRm3,1188,672,23,0.0,0.0,0.0,0.0,0.0,54.41086744173493,18.641015512797825
1188-133604-0003_672-122797-0056__T2__672-672-122797-0056__HSIMV2__260-260-123288-0000__SIRm3,672,1188,5,0.0,0.0,0.0,0.0,0.0,52.98474851111282,18.75071742402655
1188-133604-0003_8230-279154-0014__T1__1188-1188-133604-0003__HSIMV2__2830-2830-3980-0030__SIRm3,1188,8230,8,0.0,0.0,0.0,0.0,0.0,51.59028771636052,18.414805375755016
1188-133604-0003_8230-279154-0014__T2__8230-8230-279154-0014__HSIMV2__61-61-70968-0041__SIRm3,8230,1188,12,0.0,0.0,0.0,0.0,0.0,48.52565514840048,17.43012847932079
1188-133604-0004_672-122797-0017__T1__1188-1188-133604-0004__HSIMV2__2830-2830-3980-0069__SIRm3,1188,672,10,0.1,0.0,0.0,0.0,0.0,33.157886646538806,17.471200549678972
1188-133604-0004_672-122797-0017__T2__672-672-122797-0017__HSIMV2__260-260-123286-0007__SIRm3,672,1188,8,1.0,1.0,1.0,1.0,1.0,-38.619418867798544,-20.20085652657676
1188-133604-0005_1580-141083-0020__T1__1188-1188-133604-0005__HSIMV2__2830-2830-3979-0012__SIRm3,1188,1580,6,0.0,0.0,0.0,0.0,0.0,43.02018184193196,18.319422569001585
1188-133604-0005_1580-141083-0020__T2__1580-1580-141083-0020__HSIMV2__237-237-126133-0006__SIRm3,1580,1188,9,0.0,0.0,0.0,0.0,0.0,51.836389466256406,20.60549126698708
1188-133604-0005_4446-2271-0003__T1__1188-1188-133604-0005__HSIMV2__2830-2830-3980-0005__SIRm3,1188,4446,11,0.2727272727272727,0.45454545454545453,0.2727272727272727,0.09090909090909091,0.09090909090909091,15.536551950228308,8.919651962513615
1188-133604-0005_4446-2271-0003__T2__4446-4446-2271-0003__HSIMV2__1284-1284-1181-0014__SIRm3,4446,1188,6,1.0,1.0,1.0,1.0,1.0,-49.3684026623968,-22.92261750918256
1188-133604-0005_6829-68769-0036__T1__1188-1188-133604-0005__HSIMV2__2830-2830-3980-0051__SIRm3,1188,6829,11,1.0,1.0,1.0,1.0,1.0,-43.46298033998655,-26.77320726224417
1188-133604-0005_6829-68769-0036__T2__6829-6829-68769-0036__HSIMV2__4970-4970-29095-0017__SIRm3,6829,1188,6,0.8333333333333334,0.8333333333333334,0.8333333333333334,0.8333333333333334,0.8333333333333334,-16.32461788910388,-6.775380046772309
1188-133604-0010_5105-28240-0024__T1__1188-1188-133604-0010__HSIMV2__2830-2830-3980-0030__SIRm3,1188,5105,9,0.0,0.0,0.0,0.0,0.0,42.93135050209265,17.2818582978919
1188-133604-0010_5105-28240-0024__T2__5105-5105-28240-0024__HSIMV2__1320-1320-122617-0023__SIRm3,5105,1188,14,0.0,0.0,0.0,0.0,0.0,54.256727745827,19.867258707861325
1188-133604-0010_61-70970-0014__T1__1188-1188-133604-0010__HSIMV2__2830-2830-3980-0013__SIRm3,1188,61,7,0.0,0.0,0.0,0.0,0.0,43.1902885757601,16.969951564930604
1188-133604-0010_61-70970-0014__T2__61-61-70970-0014__HSIMV2__8230-8230-279154-0040__SIRm3,61,1188,5,0.0,0.0,0.0,0.0,0.0,30.112377252409022,11.615013520618104
1188-133604-0011_4970-29095-0008__T1__1188-1188-133604-0011__HSIMV2__2830-2830-3980-0063__SIRm3,1188,4970,9,0.0,0.2222222222222222,0.0,0.0,0.0,49.55289930840988,18.709445217901493
1188-133604-0011_4970-29095-0008__T2__4970-4970-29095-0008__HSIMV2__6829-6829-68769-0000__SIRm3,4970,1188,5,0.0,0.2,0.0,0.0,0.0,52.53692646898516,20.12992565073207
1188-133604-0012_5105-28241-0016__T1__1188-1188-133604-0012__HSIMV2__2830-2830-3979-0010__SIRm3,1188,5105,5,0.0,0.0,0.0,0.0,0.0,45.67916488392912,18.787936274571464
1188-133604-0012_5105-28241-0016__T2__5105-5105-28241-0016__HSIMV2__1320-1320-122617-0012__SIRm3,5105,1188,11,0.0,0.0,0.0,0.0,0.0,56.308142356340085,20.17705222553667
1188-133604-0013_2830-3980-0004__T1__1188-1188-133604-0013__HSIMV2__2830-2830-3980-0053__SIRm3,1188,2830,5,0.0,0.0,0.0,0.0,0.0,47.642430431752445,17.115001183835695
1188-133604-0013_2830-3980-0004__T2__2830-2830-3980-0004__HSIMV2__1188-1188-133604-0027__SIRm3,2830,1188,6,0.0,0.0,0.0,0.0,0.0,44.50033338031718,19.02282248893082
1188-133604-0014_4992-23283-0016__T1__1188-1188-133604-0014__HSIMV2__2830-2830-3980-0052__SIRm3,1188,4992,7,0.7142857142857143,0.7142857142857143,0.7142857142857143,0.5714285714285714,0.5714285714285714,2.6660140879862557,0.2262705953064663
1188-133604-0014_4992-23283-0016__T2__4992-4992-23283-0016__HSIMV2__4446-4446-2273-0005__SIRm3,4992,1188,7,0.0,0.0,0.0,0.0,0.0,49.99533983943301,16.295880037216097
1188-133604-0016_7176-88083-0018__T1__1188-1188-133604-0016__HSIMV2__2830-2830-3980-0037__SIRm3,1188,7176,11,0.0,0.0,0.0,0.0,0.0,47.56428137983815,16.178653108616825
1188-133604-0016_7176-88083-0018__T2__7176-7176-88083-0018__HSIMV2__61-61-70970-0033__SIRm3,7176,1188,5,0.2,0.0,0.0,0.0,0.0,20.45785792206909,10.831851302000924
1188-133604-0017_5142-33396-0001__T1__1188-1188-133604-0017__HSIMV2__2830-2830-3980-0006__SIRm3,1188,5142,8,0.0,0.0,0.0,0.0,0.0,54.87955425513374,18.88137972972761
1188-133604-0017_5142-33396-0001__T2__5142-5142-33396-0001__HSIMV2__4970-4970-29093-0022__SIRm3,5142,1188,9,0.0,0.0,0.0,0.0,0.0,46.79258683927883,20.076489942079537
1188-133604-0017_6930-81414-0007__T1__1188-1188-133604-0017__HSIMV2__2830-2830-3980-0004__SIRm3,1188,6930,6,0.0,0.0,0.0,0.0,0.0,53.01877678930095,18.95239619536538
1188-133604-0017_6930-81414-0007__T2__6930-6930-81414-0007__HSIMV2__260-260-123286-0001__SIRm3,6930,1188,5,0.0,0.0,0.0,0.0,0.0,44.23181164441504,18.4486824429542
1188-133604-0018_1089-134686-0026__T1__1188-1188-133604-0018__HSIMV2__2830-2830-3980-0074__SIRm3,1188,1089,10,0.0,0.0,0.0,0.0,0.0,38.49572297280301,11.244582871268587
1188-133604-0018_1089-134686-0026__T2__1089-1089-134686-0026__HSIMV2__8230-8230-279154-0034__SIRm3,1089,1188,7,0.0,0.0,0.0,0.0,0.0,53.117322807052055,19.016110414150035
1188-133604-0019_7127-75947-0006__T1__1188-1188-133604-0019__HSIMV2__2830-2830-3980-0073__SIRm3,1188,7127,24,0.041666666666666664,0.0,0.0,0.0,0.0,39.807937682393295,15.818776674007944
1188-133604-0019_7127-75947-0006__T2__7127-7127-75947-0006__HSIMV2__8455-8455-210777-0033__SIRm3,7127,1188,5,0.2,0.0,0.0,0.0,0.0,53.63132797419712,19.2871407504618
1188-133604-0019_8224-274384-0008__T1__1188-1188-133604-0019__HSIMV2__2830-2830-3980-0041__SIRm3,1188,8224,8,0.0,0.0,0.0,0.0,0.0,51.610056111834915,18.495113424596987
1188-133604-0019_8224-274384-0008__T2__8224-8224-274384-0008__HSIMV2__8455-8455-210777-0037__SIRm3,8224,1188,8,0.0,0.0,0.0,0.0,0.0,49.534828249818624,17.87826585500228
1188-133604-0020_1320-122617-0025__T1__1188-1188-133604-0020__HSIMV2__2830-2830-3980-0017__SIRm3,1188,1320,6,0.16666666666666666,0.3333333333333333,0.16666666666666666,0.3333333333333333,0.16666666666666666,7.440158000171768,2.118589946297145
1188-133604-0020_1320-122617-0025__T2__1320-1320-122617-0025__HSIMV2__5105-5105-28241-0017__SIRm3,1320,1188,11,0.0,0.0,0.0,0.0,0.0,70.85262069546428,23.52664968541657
1188-133604-0020_3729-6852-0044__T1__1188-1188-133604-0020__HSIMV2__2830-2830-3980-0074__SIRm3,1188,3729,10,0.0,0.0,0.0,0.0,0.0,52.630390745663036,18.653188362020018
1188-133604-0020_3729-6852-0044__T2__3729-3729-6852-0044__HSIMV2__4507-4507-16021-0035__SIRm3,3729,1188,12,0.0,0.0,0.0,0.0,0.0,47.650841948940574,18.46711915409207
1188-133604-0022_1221-135767-0019__T1__1188-1188-133604-0022__HSIMV2__2830-2830-3980-0069__SIRm3,1188,1221,10,0.0,0.0,0.0,0.0,0.0,47.9931988838995,19.513567357331265
1188-133604-0022_1221-135767-0019__T2__1221-1221-135767-0019__HSIMV2__4992-4992-41806-0011__SIRm3,1221,1188,6,0.0,0.0,0.0,0.0,0.0,59.41077645960473,22.981710806735872
1188-133604-0022_1320-122617-0034__T1__1188-1188-133604-0022__HSIMV2__2830-2830-3980-0076__SIRm3,1188,1320,8,0.0,0.0,0.0,0.0,0.0,49.416595270061975,19.52096346439776
1188-133604-0022_1320-122617-0034__T2__1320-1320-122617-0034__HSIMV2__5105-5105-28240-0015__SIRm3,1320,1188,16,0.25,0.0,0.0,0.0,0.0,48.78376260434343,18.123554874534168
1188-133604-0025_121-121726-0010__T1__1188-1188-133604-0025__HSIMV2__2830-2830-3980-0000__SIRm3,1188,121,6,0.0,0.16666666666666666,0.0,0.0,0.0,56.72168421707837,18.17053416716159
1188-133604-0025_121-121726-0010__T2__121-121-121726-0010__HSIMV2__237-237-134500-0024__SIRm3,121,1188,6,0.16666666666666666,1.0,0.16666666666666666,0.0,0.0,32.92012016978874,17.774893444730445
1188-133604-0025_4992-23283-0016__T1__1188-1188-133604-0025__HSIMV2__2830-2830-3980-0009__SIRm3,1188,4992,6,0.0,0.0,0.0,0.0,0.0,53.94632899863746,19.86755776957824
1188-133604-0025_4992-23283-0016__T2__4992-4992-23283-0016__HSIMV2__4446-4446-2275-0021__SIRm3,4992,1188,7,0.0,0.0,0.0,0.0,0.0,51.25900999842645,17.32361580614068
1188-133604-0025_6829-68769-0005__T1__1188-1188-133604-0025__HSIMV2__2830-2830-3980-0004__SIRm3,1188,6829,6,0.0,0.16666666666666666,0.0,0.0,0.0,39.0498112601731,17.374043861702393
1188-133604-0025_6829-68769-0005__T2__6829-6829-68769-0005__HSIMV2__4970-4970-29093-0003__SIRm3,6829,1188,12,0.0,0.0,0.0,0.0,0.0,57.19547544963916,20.091015476107632
1188-133604-0027_4446-2275-0032__T1__1188-1188-133604-0027__HSIMV2__2830-2830-3980-0013__SIRm3,1188,4446,7,0.0,0.0,0.0,0.0,0.0,45.424793410407645,18.220186252586352
1188-133604-0027_4446-2275-0032__T2__4446-4446-2275-0032__HSIMV2__1284-1284-1180-0002__SIRm3,4446,1188,5,0.0,0.0,0.0,0.0,0.0,42.174440747588584,17.58336670256214
1188-133604-0029_1284-1180-0013__T1__1188-1188-133604-0029__HSIMV2__2830-2830-3980-0070__SIRm3,1188,1284,6,0.8333333333333334,0.8333333333333334,0.8333333333333334,0.6666666666666666,0.6666666666666666,-17.039281955110912,-7.726759236829194
1188-133604-0029_1284-1180-0013__T2__1284-1284-1180-0013__HSIMV2__1580-1580-141083-0002__SIRm3,1284,1188,6,0.0,0.0,0.0,0.0,0.0,53.262634443036006,21.70500986372602
1188-133604-0029_4077-13751-0006__T1__1188-1188-133604-0029__HSIMV2__2830-2830-3980-0032__SIRm3,1188,4077,6,0.0,0.0,0.0,0.0,0.0,36.786115961081094,14.178182900236951
1188-133604-0029_4077-13751-0006__T2__4077-4077-13751-0006__HSIMV2__8455-8455-210777-0034__SIRm3,4077,1188,14,0.0,0.07142857142857142,0.0,0.0,0.0,42.87987482954503,15.381107747817987
1188-133604-0029_8455-210777-0003__T1__1188-1188-133604-0029__HSIMV2__2830-2830-3980-0005__SIRm3,1188,8455,6,0.0,0.0,0.0,0.0,0.0,41.2821879908642,17.332006279721824
1188-133604-0029_8455-210777-0003__T2__8455-8455-210777-0003__HSIMV2__1320-1320-122617-0018__SIRm3,8455,1188,18,0.1111111111111111,0.0,0.0,0.0,0.0,51.51149339776951,19.07952505745282
1188-133604-0031_5142-33396-0054__T1__1188-1188-133604-0031__HSIMV2__61-61-70968-0007__SIRm3,1188,5142,6,0.0,0.0,0.0,0.0,0.0,37.30843257781219,15.337743220576776
1188-133604-0031_5142-33396-0054__T2__5142-5142-33396-0054__HSIMV2__4970-4970-29093-0002__SIRm3,5142,1188,10,0.0,0.0,0.0,0.0,0.0,51.399379806266516,18.1444734304592
1188-133604-0032_8224-274384-0000__T1__1188-1188-133604-0032__HSIMV2__2830-2830-3980-0001__SIRm3,1188,8224,6,0.0,0.0,0.0,0.0,0.0,48.65849209291853,17.85011314982578
1188-133604-0032_8224-274384-0000__T2__8224-8224-274384-0000__HSIMV2__8455-8455-210777-0030__SIRm3,8224,1188,14,0.0,0.0,0.0,0.0,0.0,53.46861125256124,17.93832138666732
1188-133604-0033_7127-75947-0027__T1__1188-1188-133604-0033__HSIMV2__2830-2830-3980-0009__SIRm3,1188,7127,6,0.0,0.16666666666666666,0.0,0.0,0.0,50.55676115562702,17.943694646555947
1188-133604-0033_7127-75947-0027__T2__7127-7127-75947-0027__HSIMV2__8455-8455-210777-0025__SIRm3,7127,1188,6,0.0,0.0,0.0,0.0,0.0,43.67809717171312,17.194730609613423
1188-133604-0036_2961-960-0007__T1__1188-1188-133604-0036__HSIMV2__2830-2830-3980-0071__SIRm3,1188,2961,6,0.3333333333333333,0.16666666666666666,0.16666666666666666,0.6666666666666666,0.16666666666666666,2.0693612215526316,3.116881982294041
1188-133604-0036_2961-960-0007__T2__2961-2961-960-0007__HSIMV2__3570-3570-5695-0011__SIRm3,2961,1188,14,0.0,0.0,0.0,0.0,0.0,58.13901085422538,20.49157635350536
1188-133604-0036_4507-16021-0015__T1__1188-1188-133604-0036__HSIMV2__2830-2830-3980-0020__SIRm3,1188,4507,5,0.0,0.0,0.0,0.0,0.0,12.10997870366474,4.563403950316569
1188-133604-0036_4507-16021-0015__T2__4507-4507-16021-0015__HSIMV2__3729-3729-6852-0024__SIRm3,4507,1188,6,0.0,0.0,0.0,0.0,0.0,64.26683276881751,19.371167348656165
1188-133604-0038_1995-1837-0012__T1__1188-1188-133604-0038__HSIMV2__2830-2830-3980-0071__SIRm3,1188,1995,6,0.16666666666666666,0.0,0.0,0.0,0.0,32.60917041191058,14.097893292630411
1188-133604-0038_1995-1837-0012__T2__1995-1995-1837-0012__HSIMV2__2094-2094-142345-0033__SIRm3,1995,1188,15,0.0,0.0,0.0,0.0,0.0,53.87705785091989,21.12553919488209
1188-133604-0038_5142-33396-0043__T1__1188-1188-133604-0038__HSIMV2__2830-2830-3979-0011__SIRm3,1188,5142,9,0.0,0.0,0.0,0.0,0.0,52.92482453484308,19.82034283291048
1188-133604-0038_5142-33396-0043__T2__5142-5142-33396-0043__HSIMV2__4970-4970-29093-0010__SIRm3,5142,1188,6,0.0,0.0,0.0,0.0,0.0,49.944403619557136,20.139408264228216
1188-133604-0038_61-70970-0012__T1__1188-1188-133604-0038__HSIMV2__2830-2830-3980-0076__SIRm3,1188,61,8,1.0,1.0,1.0,1.0,1.0,-40.9772083986132,-22.15948051059277
1188-133604-0038_61-70970-0012__T2__61-61-70970-0012__HSIMV2__8230-8230-279154-0028__SIRm3,61,1188,5,0.0,0.0,0.0,0.0,0.0,41.28519715143547,16.70973788453515
1188-133604-0040_2094-142345-0057__T1__1188-1188-133604-0040__HSIMV2__2830-2830-3980-0069__SIRm3,1188,2094,5,0.0,0.0,0.0,0.0,0.0,41.10739118502512,16.315888588767322
1188-133604-0040_2094-142345-0057__T2__2094-2094-142345-0057__HSIMV2__3729-3729-6852-0027__SIRm3,2094,1188,5,0.0,0.0,0.0,0.0,0.0,49.44507552827286,17.504770970738395
1188-133604-0040_4970-29093-0002__T1__1188-1188-133604-0040__HSIMV2__2830-2830-3980-0069__SIRm3,1188,4970,5,0.0,0.0,0.0,0.0,0.0,41.073397159681406,16.316783080436007
1188-133604-0040_4970-29093-0002__T2__4970-4970-29093-0002__HSIMV2__6829-6829-68769-0052__SIRm3,4970,1188,8,0.0,0.0,0.0,0.0,0.0,52.88472589543264,17.92653073827032
1188-133604-0041_61-70968-0003__T1__1188-1188-133604-0041__HSIMV2__2830-2830-3980-0042__SIRm3,1188,61,5,0.0,0.0,0.0,0.0,0.0,44.16848149618918,17.117260829059877
1188-133604-0041_61-70968-0003__T2__61-61-70968-0003__HSIMV2__8230-8230-279154-0027__SIRm3,61,1188,7,1.0,1.0,1.0,1.0,1.0,-42.76397116625829,-23.64989408813773
121-121726-0000_3570-5694-0022__T1__121-121-121726-0000__HSIMV2__237-237-126133-0022__SIRm3,121,3570,9,0.0,0.0,0.0,0.0,0.0,47.59376784590605,19.41153134621776
121-121726-0000_3570-5694-0022__T2__3570-3570-5694-0022__HSIMV2__4507-4507-16021-0050__SIRm3,3570,121,6,0.0,0.16666666666666666,0.0,0.0,0.0,54.90324669143314,21.553319837180467
121-121726-0001_3729-6852-0018__T1__121-121-121726-0001__HSIMV2__237-237-126133-0005__SIRm3,121,3729,9,0.0,0.8888888888888888,0.0,0.0,0.0,46.9239637642423,15.889666134531296
121-121726-0001_3729-6852-0018__T2__3729-3729-6852-0018__HSIMV2__4507-4507-16021-0037__SIRm3,3729,121,9,0.0,0.0,0.0,0.0,0.0,48.8457756557326,19.204177418730133
121-121726-0001_672-122797-0015__T1__121-121-121726-0001__HSIMV2__237-237-134500-0012__SIRm3,121,672,9,0.0,1.0,0.0,0.0,0.0,58.70191179111752,21.980417852850803
121-121726-0001_672-122797-0015__T2__672-672-122797-0015__HSIMV2__1320-1320-122612-0013__SIRm3,672,121,7,1.0,1.0,1.0,1.0,1.0,-49.86336594688788,-29.01591172207479
121-121726-0002_260-123286-0011__T1__121-121-121726-0002__HSIMV2__237-237-134500-0015__SIRm3,121,260,7,0.0,0.0,0.0,0.0,0.0,54.439793173521096,22.0686952796981
121-121726-0002_260-123286-0011__T2__260-260-123286-0011__HSIMV2__6930-6930-81414-0019__SIRm3,260,121,5,0.0,0.0,0.0,0.0,0.0,70.88864554322234,19.04045787878144
121-121726-0002_8455-210777-0041__T1__121-121-121726-0002__HSIMV2__237-237-126133-0016__SIRm3,121,8455,7,0.0,0.0,0.0,0.0,0.0,35.59321571825525,10.088078144286603
121-121726-0002_8455-210777-0041__T2__8455-8455-210777-0041__HSIMV2__1320-1320-122617-0024__SIRm3,8455,121,11,0.0,0.0,0.0,0.0,0.0,47.78823157665825,16.823920561903158
121-121726-0003_1089-134691-0014__T1__121-121-121726-0003__HSIMV2__237-237-134500-0011__SIRm3,121,1089,5,0.2,0.6,0.2,0.0,0.0,50.18918899896748,21.25240800042158
121-121726-0003_1089-134691-0014__T2__1089-1089-134691-0014__HSIMV2__8230-8230-279154-0003__SIRm3,1089,121,5,0.2,0.0,0.0,0.0,0.0,42.55852553594799,18.20835829960807
121-121726-0003_672-122797-0059__T1__121-121-121726-0003__HSIMV2__237-237-134493-0012__SIRm3,121,672,6,0.16666666666666666,1.0,0.16666666666666666,0.0,0.0,51.39705041632299,22.58652450574052
121-121726-0003_672-122797-0059__T2__672-672-122797-0059__HSIMV2__260-260-123286-0020__SIRm3,672,121,5,0.0,0.0,0.0,0.0,0.0,49.75600300498454,16.976310538417486
121-121726-0004_2830-3980-0020__T1__121-121-121726-0004__HSIMV2__237-237-134493-0002__SIRm3,121,2830,7,0.0,0.0,0.0,0.0,0.0,56.5470319308854,21.28976875090464
121-121726-0004_2830-3980-0020__T2__2830-2830-3980-0020__HSIMV2__8230-8230-279154-0031__SIRm3,2830,121,5,0.0,0.0,0.0,0.0,0.0,37.840162707122374,14.686973032837482
121-121726-0004_6930-81414-0003__T1__121-121-121726-0004__HSIMV2__237-237-126133-0010__SIRm3,121,6930,7,0.0,0.0,0.0,0.0,0.0,52.46097906494414,21.53125520910872
121-121726-0004_6930-81414-0003__T2__6930-6930-81414-0003__HSIMV2__260-260-123286-0009__SIRm3,6930,121,5,0.0,0.0,0.0,0.0,0.0,45.68849166433937,17.451065035726437
121-121726-0005_8455-210777-0005__T1__121-121-121726-0005__HSIMV2__237-237-134493-0006__SIRm3,121,8455,5,0.2,0.8,0.2,0.0,0.0,51.81313473997551,22.39033131723397
121-121726-0005_8455-210777-0005__T2__8455-8455-210777-0005__HSIMV2__1320-1320-122617-0033__SIRm3,8455,121,10,0.0,0.0,0.0,0.0,0.0,59.59248421769447,19.40816408852622
121-121726-0006_260-123286-0027__T1__121-121-121726-0006__HSIMV2__237-237-126133-0019__SIRm3,121,260,6,0.0,0.5,0.0,0.0,0.0,61.920703746036345,18.575937737676995
121-121726-0006_260-123286-0027__T2__260-260-123286-0027__HSIMV2__672-672-122797-0017__SIRm3,260,121,8,0.0,0.0,0.0,0.0,0.0,47.94383630233585,17.51067363254044
121-121726-0006_4507-16021-0056__T1__121-121-121726-0006__HSIMV2__237-237-134500-0032__SIRm3,121,4507,6,0.16666666666666666,1.0,0.16666666666666666,0.0,0.0,47.94465089153518,17.739556978594074
121-121726-0006_4507-16021-0056__T2__4507-4507-16021-0056__HSIMV2__3729-3729-6852-0001__SIRm3,4507,121,11,0.0,0.0,0.0,0.0,0.0,53.65753970862784,19.365757917545864
121-121726-0006_61-70970-0003__T1__121-121-121726-0006__HSIMV2__237-237-134500-0021__SIRm3,121,61,6,0.0,0.6666666666666666,0.0,0.0,0.0,56.94935586172445,20.78828383142674
121-121726-0006_61-70970-0003__T2__61-61-70970-0003__HSIMV2__8230-8230-279154-0008__SIRm3,61,121,6,0.0,0.0,0.0,0.0,0.0,43.95347628761502,16.605267234111423
121-121726-0007_1995-1826-0023__T1__121-121-121726-0007__HSIMV2__237-237-126133-0010__SIRm3,121,1995,10,0.1,0.4,0.1,0.0,0.0,59.780193695711446,21.486541746221988
121-121726-0007_1995-1826-0023__T2__1995-1995-1826-0023__HSIMV2__2094-2094-142345-0014__SIRm3,1995,121,15,0.0,0.0,0.0,0.0,0.0,54.01736899733093,19.557597777873763
121-121726-0008_4446-2273-0000__T1__121-121-121726-0008__HSIMV2__237-237-134493-0016__SIRm3,121,4446,8,0.25,1.0,0.25,0.0,0.0,37.06948637187295,13.696257940109517
121-121726-0008_4446-2273-0000__T2__4446-4446-2273-0000__HSIMV2__1284-1284-1180-0003__SIRm3,4446,121,8,0.0,0.0,0.0,0.0,0.0,51.10483186053192,20.60915374090483
121-121726-0008_5105-28240-0008__T1__121-121-121726-0008__HSIMV2__237-237-134500-0033__SIRm3,121,5105,8,0.0,0.875,0.0,0.0,0.0,49.550533924695486,21.8702327333092
121-121726-0008_5105-28240-0008__T2__5105-5105-28240-0008__HSIMV2__1320-1320-122612-0016__SIRm3,5105,121,5,0.0,0.0,0.0,0.0,0.0,47.65960731797331,18.79348424769498
121-121726-0009_1284-1181-0019__T1__121-121-121726-0009__HSIMV2__237-237-134500-0013__SIRm3,121,1284,13,0.15384615384615385,0.5384615384615384,0.15384615384615385,0.0,0.0,54.173861074630494,20.37902607527983
121-121726-0009_1284-1181-0019__T2__1284-1284-1181-0019__HSIMV2__4446-4446-2273-0033__SIRm3,1284,121,5,0.0,0.0,0.0,0.0,0.0,50.791344179535336,19.144665895875686
121-121726-0009_7176-92135-0006__T1__121-121-121726-0009__HSIMV2__237-237-134500-0000__SIRm3,121,7176,11,0.0,0.36363636363636365,0.0,0.0,0.0,51.250330755774094,19.673993094397687
121-121726-0009_7176-92135-0006__T2__7176-7176-92135-0006__HSIMV2__61-61-70968-0032__SIRm3,7176,121,7,0.0,0.0,0.0,0.0,0.0,48.14249406282083,17.303126297147408
121-121726-0010_2300-131720-0001__T1__121-121-121726-0010__HSIMV2__237-237-134500-0018__SIRm3,121,2300,17,0.0,0.7647058823529411,0.0,0.0,0.0,59.71789655743318,21.00741827343952
121-121726-0010_2300-131720-0001__T2__2300-2300-131720-0001__HSIMV2__61-61-70968-0050__SIRm3,2300,121,10,0.0,0.0,0.0,0.0,0.0,44.9939697317592,16.900238139805897
121-121726-0010_260-123286-0031__T1__121-121-121726-0010__HSIMV2__237-237-126133-0000__SIRm3,121,260,17,0.0,0.29411764705882354,0.0,0.0,0.0,54.741209798794806,18.334783227785994
121-121726-0010_260-123286-0031__T2__260-260-123286-0031__HSIMV2__672-672-122797-0065__SIRm3,260,121,5,0.0,0.6,0.0,0.0,0.0,48.71592193603628,17.510280670387402
121-121726-0011_237-126133-0017__T1__121-121-121726-0011__HSIMV2__237-237-134500-0003__SIRm3,121,237,5,0.2,1.0,0.2,0.0,0.0,45.55904878595967,14.306516976376448
121-121726-0011_237-126133-0017__T2__237-237-126133-0017__HSIMV2__5683-5683-32866-0009__SIRm3,237,121,11,0.0,0.0,0.0,0.0,0.0,53.53414778361268,20.74345542807188
121-121726-0011_4507-16021-0038__T1__121-121-121726-0011__HSIMV2__237-237-134493-0001__SIRm3,121,4507,7,0.0,0.5714285714285714,0.0,0.0,0.0,54.809450462563284,20.721056778911244
121-121726-0011_4507-16021-0038__T2__4507-4507-16021-0038__HSIMV2__3729-3729-6852-0022__SIRm3,4507,121,6,0.0,0.0,0.0,0.0,0.0,50.66302662067333,21.841832900317023
121-121726-0012_2830-3980-0020__T1__121-121-121726-0012__HSIMV2__237-237-134493-0011__SIRm3,121,2830,7,0.0,0.0,0.0,0.0,0.0,45.99137993572412,19.00028230373553
121-121726-0012_2830-3980-0020__T2__2830-2830-3980-0020__HSIMV2__1188-1188-133604-0032__SIRm3,2830,121,5,0.0,0.0,0.0,0.0,0.0,21.352891694307512,12.26502758409594
121-121726-0014_7021-79740-0000__T1__121-121-121726-0014__HSIMV2__237-237-126133-0012__SIRm3,121,7021,5,0.2,0.4,0.2,0.0,0.0,58.1359863976046,18.59015607172475
121-121726-0014_7021-79740-0000__T2__7021-7021-79740-0000__HSIMV2__5105-5105-28240-0000__SIRm3,7021,121,9,0.0,0.0,0.0,0.0,0.0,41.18189591084893,18.216814413474104
121-121726-0014_7127-75946-0012__T1__121-121-121726-0014__HSIMV2__237-237-126133-0024__SIRm3,121,7127,5,0.6,0.8,0.6,0.0,0.0,20.415242061657526,11.891717781368438
121-121726-0014_7127-75946-0012__T2__7127-7127-75946-0012__HSIMV2__8455-8455-210777-0050__SIRm3,7127,121,6,0.0,0.0,0.0,0.0,0.0,37.011848596204025,16.323487322237476
121-123852-0002_1188-133604-0003__T1__121-121-123852-0002__HSIMV2__237-237-126133-0003__SIRm3,121,1188,12,1.0,1.0,1.0,1.0,1.0,-63.169263987793975,-34.16211932462695
121-123852-0002_1188-133604-0003__T2__1188-1188-133604-0003__HSIMV2__2830-2830-3980-0049__SIRm3,1188,121,5,0.0,0.0,0.0,0.0,0.0,25.036164005880387,6.345142847749352
121-123852-0004_7176-92135-0002__T1__121-121-123852-0004__HSIMV2__237-237-134493-0003__SIRm3,121,7176,24,1.0,1.0,1.0,1.0,1.0,-55.795186683545786,-31.57782035994828
121-123852-0004_7176-92135-0002__T2__7176-7176-92135-0002__HSIMV2__61-61-70970-0040__SIRm3,7176,121,5,0.0,0.0,0.0,0.0,0.0,28.130742075779608,7.9938923580141665
121-123859-0003_260-123288-0025__T1__121-121-123859-0003__HSIMV2__237-237-134493-0018__SIRm3,121,260,8,1.0,1.0,1.0,1.0,1.0,-52.80082164567793,-27.071975167605515
121-123859-0003_260-123288-0025__T2__260-260-123288-0025__HSIMV2__672-672-122797-0021__SIRm3,260,121,7,0.0,0.0,0.0,0.0,0.0,45.44044217955564,18.31411100633502
121-123859-0004_2830-3980-0075__T1__121-121-123859-0004__HSIMV2__237-237-134493-0012__SIRm3,121,2830,6,1.0,1.0,1.0,1.0,1.0,-47.354429712806116,-28.325076303165144
121-123859-0004_2830-3980-0075__T2__2830-2830-3980-0075__HSIMV2__1188-1188-133604-0040__SIRm3,2830,121,5,0.0,0.0,0.0,0.0,0.0,19.919143918728466,5.497499728247204
121-127105-0000_2961-961-0016__T1__121-121-127105-0000__HSIMV2__237-237-134500-0021__SIRm3,121,2961,9,1.0,1.0,1.0,1.0,1.0,-53.44973392242364,-29.34585474670844
121-127105-0000_2961-961-0016__T2__2961-2961-961-0016__HSIMV2__3570-3570-5694-0014__SIRm3,2961,121,14,0.0,0.0,0.0,0.0,0.0,58.60642537199147,20.31396996242473
121-127105-0000_5142-33396-0044__T1__121-121-127105-0000__HSIMV2__237-237-134500-0010__SIRm3,121,5142,6,0.0,0.5,0.0,0.0,0.0,49.26773021937379,19.432400127514907
121-127105-0000_5142-33396-0044__T2__5142-5142-33396-0044__HSIMV2__4970-4970-29093-0009__SIRm3,5142,121,8,0.0,0.0,0.0,0.0,0.0,51.83588841634145,20.07647517233555
121-127105-0001_260-123440-0019__T1__121-121-127105-0001__HSIMV2__237-237-134500-0034__SIRm3,121,260,5,1.0,1.0,1.0,1.0,1.0,-46.64694771330079,-25.9453539288458
121-127105-0001_260-123440-0019__T2__260-260-123440-0019__HSIMV2__672-672-122797-0071__SIRm3,260,121,12,0.0,0.0,0.0,0.0,0.0,49.263952798253,13.161924162729337
121-127105-0002_2961-960-0015__T1__121-121-127105-0002__HSIMV2__237-237-134500-0008__SIRm3,121,2961,6,0.8333333333333334,0.8333333333333334,0.6666666666666666,1.0,0.6666666666666666,-38.294857586121985,-18.61312300721494
121-127105-0002_2961-960-0015__T2__2961-2961-960-0015__HSIMV2__3570-3570-5694-0019__SIRm3,2961,121,6,0.0,0.0,0.0,0.0,0.0,58.49884748886745,20.48633127357455
121-127105-0002_4446-2273-0036__T1__121-121-127105-0002__HSIMV2__237-237-126133-0011__SIRm3,121,4446,12,1.0,1.0,1.0,1.0,1.0,-47.834962326608235,-28.5162249742782
121-127105-0002_4446-2273-0036__T2__4446-4446-2273-0036__HSIMV2__1284-1284-1180-0018__SIRm3,4446,121,5,0.0,0.0,0.0,0.0,0.0,60.029412218906316,20.051389957698103
121-127105-0002_7729-102255-0007__T1__121-121-127105-0002__HSIMV2__237-237-134493-0003__SIRm3,121,7729,13,0.07692307692307693,0.07692307692307693,0.0,0.0,0.0,25.054987869812628,13.634202116953984
121-127105-0002_7729-102255-0007__T2__7729-7729-102255-0007__HSIMV2__7176-7176-92135-0022__SIRm3,7729,121,15,0.0,0.0,0.0,0.0,0.0,49.84982957897073,17.852969083060863
121-127105-0005_237-134493-0003__T1__121-121-127105-0005__HSIMV2__237-237-126133-0000__SIRm3,121,237,10,0.0,0.0,0.0,0.0,0.0,45.76864747370255,18.44619872864362
121-127105-0005_237-134493-0003__T2__237-237-134493-0003__HSIMV2__5683-5683-32866-0028__SIRm3,237,121,10,0.0,0.0,0.0,0.0,0.0,51.130498287783226,19.81989526932948
121-127105-0005_4507-16021-0046__T1__121-121-127105-0005__HSIMV2__237-237-126133-0003__SIRm3,121,4507,10,0.0,0.1,0.0,0.0,0.0,46.76130295675275,18.47137445214643
121-127105-0005_4507-16021-0046__T2__4507-4507-16021-0046__HSIMV2__3729-3729-6852-0020__SIRm3,4507,121,8,0.0,0.0,0.0,0.0,0.0,61.83266448679005,20.52873551020108
121-127105-0005_8455-210777-0039__T1__121-121-127105-0005__HSIMV2__237-237-134500-0040__SIRm3,121,8455,7,0.0,0.0,0.0,0.0,0.0,55.826144350824464,18.38248522219548
121-127105-0005_8455-210777-0039__T2__8455-8455-210777-0039__HSIMV2__1320-1320-122612-0008__SIRm3,8455,121,10,0.0,0.0,0.0,0.0,0.0,52.429692279893914,19.30799827926086
121-127105-0006_8455-210777-0045__T1__121-121-127105-0006__HSIMV2__237-237-126133-0010__SIRm3,121,8455,8,0.0,0.0,0.0,0.0,0.0,52.20649811767697,16.094967784669258
121-127105-0006_8455-210777-0045__T2__8455-8455-210777-0045__HSIMV2__1320-1320-122612-0016__SIRm3,8455,121,5,0.0,0.0,0.0,0.0,0.0,43.613845456642004,17.280627150078338
121-127105-0011_4970-29095-0009__T1__121-121-127105-0011__HSIMV2__237-237-126133-0024__SIRm3,121,4970,10,1.0,1.0,1.0,1.0,1.0,-50.04090940456461,-26.27204782979626
121-127105-0011_4970-29095-0009__T2__4970-4970-29095-0009__HSIMV2__6829-6829-68771-0035__SIRm3,4970,121,7,0.0,0.0,0.0,0.0,0.0,43.142753235973835,17.457909826215417
121-127105-0012_61-70968-0028__T1__121-121-127105-0012__HSIMV2__237-237-134500-0021__SIRm3,121,61,8,1.0,1.0,1.0,1.0,1.0,-48.918889306522495,-27.914711002950444
121-127105-0012_61-70968-0028__T2__61-61-70968-0028__HSIMV2__8230-8230-279154-0022__SIRm3,61,121,9,0.0,0.0,0.0,0.0,0.0,38.31592936202652,11.93495841162214
121-127105-0012_6829-68771-0035__T1__121-121-127105-0012__HSIMV2__237-237-126133-0014__SIRm3,121,6829,8,0.25,0.0,0.0,0.0,0.0,16.500554558431887,4.274192774709041
121-127105-0012_6829-68771-0035__T2__6829-6829-68771-0035__HSIMV2__4446-4446-2273-0004__SIRm3,6829,121,7,0.0,0.0,0.0,0.0,0.0,48.98082033172692,18.80565973908389
121-127105-0013_260-123288-0009__T1__121-121-127105-0013__HSIMV2__237-237-134500-0006__SIRm3,121,260,7,0.0,0.0,0.0,0.0,0.0,39.8479905360591,17.846747513042207
121-127105-0013_260-123288-0009__T2__260-260-123288-0009__HSIMV2__672-672-122797-0002__SIRm3,260,121,5,0.0,0.0,0.0,0.0,0.0,44.301089702403786,18.216353670042025
121-127105-0019_1284-1181-0017__T1__121-121-127105-0019__HSIMV2__237-237-134493-0012__SIRm3,121,1284,6,1.0,1.0,1.0,1.0,1.0,-31.884864669593153,-15.099478816718715
121-127105-0019_1284-1181-0017__T2__1284-1284-1181-0017__HSIMV2__4446-4446-2275-0031__SIRm3,1284,121,5,0.0,0.2,0.0,0.2,0.0,37.93322550792011,2.441931525825913
121-127105-0019_4446-2275-0029__T1__121-121-127105-0019__HSIMV2__237-237-134493-0015__SIRm3,121,4446,6,0.8333333333333334,0.8333333333333334,0.8333333333333334,0.8333333333333334,0.8333333333333334,-17.028638936721197,-7.944312590546909
121-127105-0019_4446-2275-0029__T2__4446-4446-2275-0029__HSIMV2__1284-1284-1181-0007__SIRm3,4446,121,7,0.0,0.0,0.0,0.0,0.0,46.171634484560904,18.318878090578607
121-127105-0019_7176-88083-0026__T1__121-121-127105-0019__HSIMV2__237-237-134493-0016__SIRm3,121,7176,6,0.6666666666666666,0.8333333333333334,0.6666666666666666,0.8333333333333334,0.5,-6.4990730997825175,-1.190284741038663
121-127105-0019_7176-88083-0026__T2__7176-7176-88083-0026__HSIMV2__61-61-70970-0001__SIRm3,7176,121,10,0.0,0.0,0.0,0.0,0.0,43.506132116662386,16.2517739580573
121-127105-0020_2830-3980-0039__T1__121-121-127105-0020__HSIMV2__237-237-126133-0015__SIRm3,121,2830,17,0.0,0.0,0.0,0.0,0.0,41.32298049109499,17.865088272253935
121-127105-0020_2830-3980-0039__T2__2830-2830-3980-0039__HSIMV2__1188-1188-133604-0025__SIRm3,2830,121,9,0.0,0.0,0.0,0.0,0.0,57.297589681748526,18.999288158603484
121-127105-0020_5683-32866-0030__T1__121-121-127105-0020__HSIMV2__237-237-134500-0022__SIRm3,121,5683,9,0.2222222222222222,0.3333333333333333,0.2222222222222222,0.0,0.0,27.595079896903012,14.055928495760773
121-127105-0020_5683-32866-0030__T2__5683-5683-32866-0030__HSIMV2__237-237-126133-0005__SIRm3,5683,121,8,0.25,0.25,0.125,0.25,0.125,17.76454460343331,2.9656477096947933
121-127105-0023_1580-141083-0021__T1__121-121-127105-0023__HSIMV2__237-237-134500-0033__SIRm3,121,1580,11,0.9090909090909091,0.9090909090909091,0.9090909090909091,1.0,0.9090909090909091,-40.62044414365659,-23.082924556289207
121-127105-0023_1580-141083-0021__T2__1580-1580-141083-0021__HSIMV2__237-237-134500-0034__SIRm3,1580,121,5,0.0,0.0,0.0,0.0,0.0,51.142695726977266,19.90097345794025
121-127105-0023_5142-33396-0058__T1__121-121-127105-0023__HSIMV2__237-237-134500-0023__SIRm3,121,5142,5,1.0,1.0,1.0,1.0,1.0,-50.70863055975751,-29.2837821770047
121-127105-0023_5142-33396-0058__T2__5142-5142-33396-0058__HSIMV2__4970-4970-29095-0038__SIRm3,5142,121,5,0.0,0.0,0.0,0.0,0.0,58.88248291381647,20.18337269797645
121-127105-0026_4446-2273-0033__T1__121-121-127105-0026__HSIMV2__237-237-134500-0026__SIRm3,121,4446,5,1.0,1.0,1.0,1.0,1.0,-54.85855727220037,-32.54122324392648
121-127105-0026_4446-2273-0033__T2__4446-4446-2273-0033__HSIMV2__1284-1284-1180-0024__SIRm3,4446,121,5,0.0,0.0,0.0,0.0,0.0,51.31450190938157,19.943457783823767
121-127105-0026_4446-2275-0029__T1__121-121-127105-0026__HSIMV2__237-237-126133-0001__SIRm3,121,4446,14,0.0,0.0,0.0,0.0,0.0,50.61928235453986,17.689069344921215
121-127105-0026_4446-2275-0029__T2__4446-4446-2275-0029__HSIMV2__4992-4992-41806-0004__SIRm3,4446,121,6,0.0,0.0,0.0,0.0,0.0,63.53593805173418,21.21357967435038
121-127105-0026_5683-32879-0020__T1__121-121-127105-0026__HSIMV2__237-237-126133-0011__SIRm3,121,5683,12,0.0,0.0,0.0,0.0,0.0,48.25046041413672,18.25209530504312
121-127105-0026_5683-32879-0020__T2__5683-5683-32879-0020__HSIMV2__1221-1221-135767-0011__SIRm3,5683,121,12,0.0,0.0,0.0,0.0,0.0,53.40602764452626,20.91238204325337
121-127105-0026_7127-75946-0017__T1__121-121-127105-0026__HSIMV2__237-237-134500-0041__SIRm3,121,7127,14,0.0,0.0,0.0,0.0,0.0,48.5709819949985,18.456321099101253
121-127105-0026_7127-75946-0017__T2__7127-7127-75946-0017__HSIMV2__8455-8455-210777-0051__SIRm3,7127,121,23,0.0,0.043478260869565216,0.0,0.0,0.0,45.61528706217658,17.10415356299997
121-127105-0028_4507-16021-0025__T1__121-121-127105-0028__HSIMV2__237-237-134500-0041__SIRm3,121,4507,12,1.0,1.0,1.0,1.0,1.0,-46.12704829150319,-23.576727281519982
121-127105-0028_4507-16021-0025__T2__4507-4507-16021-0025__HSIMV2__3729-3729-6852-0001__SIRm3,4507,121,17,0.0,0.0,0.0,0.0,0.0,57.335212435083,20.21008338649005
121-127105-0029_5142-33396-0065__T1__121-121-127105-0029__HSIMV2__237-237-126133-0000__SIRm3,121,5142,13,0.0,0.0,0.0,0.0,0.0,51.44011976145292,19.25460746092616
121-127105-0029_5142-33396-0065__T2__5142-5142-33396-0065__HSIMV2__4970-4970-29095-0004__SIRm3,5142,121,9,0.0,0.0,0.0,0.0,0.0,49.99486742665321,21.01103148304177
121-127105-0029_8455-210777-0048__T1__121-121-127105-0029__HSIMV2__237-237-134500-0014__SIRm3,121,8455,7,0.5714285714285714,0.7142857142857143,0.5714285714285714,0.2857142857142857,0.2857142857142857,8.516539201070668,7.373956727834376
121-127105-0029_8455-210777-0048__T2__8455-8455-210777-0048__HSIMV2__1320-1320-122612-0009__SIRm3,8455,121,5,0.0,0.0,0.0,0.0,0.0,44.371302302965354,17.06588347597735
121-127105-0031_260-123288-0009__T1__121-121-127105-0031__HSIMV2__237-237-134500-0033__SIRm3,121,260,11,0.0,0.2727272727272727,0.0,0.0,0.0,38.384447011995846,18.88321559083002
121-127105-0031_260-123288-0009__T2__260-260-123288-0009__HSIMV2__6930-6930-75918-0009__SIRm3,260,121,5,0.0,0.0,0.0,0.0,0.0,56.14920837495733,21.40205507143548
121-127105-0031_5142-33396-0046__T1__121-121-127105-0031__HSIMV2__237-237-134493-0014__SIRm3,121,5142,6,0.0,0.0,0.0,0.0,0.0,47.71917163015764,18.281858728097056
121-127105-0031_5142-33396-0046__T2__5142-5142-33396-0046__HSIMV2__4970-4970-29095-0017__SIRm3,5142,121,6,0.0,0.0,0.0,0.0,0.0,42.99407093892831,18.17918895939637
121-127105-0032_7127-75947-0037__T1__121-121-127105-0032__HSIMV2__237-237-134493-0001__SIRm3,121,7127,5,1.0,1.0,1.0,1.0,1.0,-52.845237729897846,-31.567855849852148
121-127105-0032_7127-75947-0037__T2__7127-7127-75947-0037__HSIMV2__8455-8455-210777-0069__SIRm3,7127,121,16,0.0,0.0,0.0,0.0,0.0,46.24270051237532,17.746606775941352
121-127105-0034_2830-3980-0000__T1__121-121-127105-0034__HSIMV2__237-237-134500-0027__SIRm3,121,2830,5,0.0,0.2,0.0,0.0,0.0,37.62526346577171,9.63000769233852
121-127105-0034_2830-3980-0000__T2__2830-2830-3980-0000__HSIMV2__1188-1188-133604-0027__SIRm3,2830,121,6,0.0,0.0,0.0,0.0,0.0,54.52032740181844,18.92125701072463
121-127105-0035_1995-1826-0013__T1__121-121-127105-0035__HSIMV2__237-237-134493-0016__SIRm3,121,1995,19,0.21052631578947367,0.9473684210526315,0.21052631578947367,0.0,0.0,41.477663059156505,19.254754558687782
121-127105-0035_1995-1826-0013__T2__1995-1995-1826-0013__HSIMV2__2094-2094-142345-0054__SIRm3,1995,121,10,0.0,0.0,0.0,0.0,0.0,57.08005274068811,22.13278852094207
121-127105-0035_2961-961-0004__T1__121-121-127105-0035__HSIMV2__237-237-126133-0002__SIRm3,121,2961,16,0.125,0.3125,0.125,0.0,0.0,50.687056214878936,18.944766563700146
121-127105-0035_2961-961-0004__T2__2961-2961-961-0004__HSIMV2__3570-3570-5694-0004__SIRm3,2961,121,9,0.0,0.0,0.0,0.0,0.0,57.48219433027675,20.63715528577676
121-127105-0036_2961-960-0012__T1__121-121-127105-0036__HSIMV2__237-237-126133-0009__SIRm3,121,2961,6,0.0,0.5,0.0,0.0,0.0,29.834691848806898,12.91032686136676
121-127105-0036_2961-960-0012__T2__2961-2961-960-0012__HSIMV2__3570-3570-5694-0010__SIRm3,2961,121,12,0.0,0.0,0.0,0.0,0.0,61.095732785929265,21.14420027424877
121-127105-0036_5683-32865-0005__T1__121-121-127105-0036__HSIMV2__237-237-126133-0016__SIRm3,121,5683,7,0.0,0.42857142857142855,0.0,0.0,0.0,52.24998254388212,19.3444475791634
121-127105-0036_5683-32865-0005__T2__5683-5683-32865-0005__HSIMV2__237-237-134500-0039__SIRm3,5683,121,8,1.0,1.0,1.0,1.0,1.0,-37.72195593284448,-17.60325452125672
1221-135766-0000_1580-141083-0013__T1__1221-1221-135766-0000__HSIMV2__4992-4992-41806-0005__SIRm3,1221,1580,6,0.0,0.0,0.0,0.0,0.0,50.90206212389966,18.56806307676016
1221-135766-0000_1580-141083-0013__T2__1580-1580-141083-0013__HSIMV2__237-237-134493-0004__SIRm3,1580,1221,7,0.0,0.0,0.0,0.0,0.0,53.76533092978657,21.01276240909708
1221-135766-0002_121-127105-0005__T1__1221-1221-135766-0002__HSIMV2__4992-4992-23283-0010__SIRm3,1221,121,8,0.0,0.0,0.0,0.0,0.0,45.89375883091988,16.683339727589363
1221-135766-0002_121-127105-0005__T2__121-121-127105-0005__HSIMV2__237-237-126133-0024__SIRm3,121,1221,10,0.0,0.0,0.0,0.0,0.0,52.12313006433128,18.673545768529166
1221-135766-0003_1320-122617-0009__T1__1221-1221-135766-0003__HSIMV2__4992-4992-23283-0008__SIRm3,1221,1320,8,0.0,0.0,0.0,0.0,0.0,50.34429832293196,18.08440084106752
1221-135766-0003_1320-122617-0009__T2__1320-1320-122617-0009__HSIMV2__5105-5105-28240-0011__SIRm3,1320,1221,11,0.0,0.0,0.0,0.0,0.0,43.50101510089647,17.894040304801685
1221-135766-0003_908-31957-0002__T1__1221-1221-135766-0003__HSIMV2__4992-4992-41797-0014__SIRm3,1221,908,13,0.0,0.0,0.0,0.0,0.0,54.66114759577121,20.245555039622555
1221-135766-0003_908-31957-0002__T2__908-908-31957-0002__HSIMV2__7176-7176-92135-0020__SIRm3,908,1221,8,0.0,0.0,0.0,0.0,0.0,56.45336216402525,18.77032843064997
1221-135766-0004_237-126133-0022__T1__1221-1221-135766-0004__HSIMV2__4992-4992-23283-0008__SIRm3,1221,237,8,0.0,0.0,0.0,0.0,0.0,36.41431938297032,15.637873469504942
1221-135766-0004_237-126133-0022__T2__237-237-126133-0022__HSIMV2__1580-1580-141084-0015__SIRm3,237,1221,5,0.0,0.0,0.0,0.0,0.0,47.39311157361909,19.165622054562128
1221-135766-0004_5105-28240-0011__T1__1221-1221-135766-0004__HSIMV2__4992-4992-41806-0013__SIRm3,1221,5105,11,0.0,0.0,0.0,0.0,0.0,53.4837815149684,19.099466010752256
1221-135766-0004_5105-28240-0011__T2__5105-5105-28240-0011__HSIMV2__1320-1320-122617-0031__SIRm3,5105,1221,11,0.0,0.0,0.0,0.0,0.0,58.20503258633989,18.96621343496346
1221-135766-0006_7176-92135-0040__T1__1221-1221-135766-0006__HSIMV2__4992-4992-41806-0012__SIRm3,1221,7176,12,0.0,0.08333333333333333,0.0,0.0,0.0,54.07302947768323,20.327962263844807
1221-135766-0006_7176-92135-0040__T2__7176-7176-92135-0040__HSIMV2__61-61-70968-0046__SIRm3,7176,1221,6,0.0,0.0,0.0,0.0,0.0,43.549930681803765,17.782317224176918
1221-135766-0007_121-121726-0005__T1__1221-1221-135766-0007__HSIMV2__4992-4992-41806-0013__SIRm3,1221,121,11,0.0,0.0,0.0,0.0,0.0,49.053000955562794,19.49573039167864
1221-135766-0007_121-121726-0005__T2__121-121-121726-0005__HSIMV2__237-237-126133-0012__SIRm3,121,1221,5,0.6,1.0,0.6,0.0,0.0,29.128683290933548,14.211072130013322
1221-135766-0008_7127-75946-0003__T1__1221-1221-135766-0008__HSIMV2__4992-4992-41806-0013__SIRm3,1221,7127,11,0.0,0.0,0.0,0.0,0.0,55.95422255590779,20.12482393037358
1221-135766-0008_7127-75946-0003__T2__7127-7127-75946-0003__HSIMV2__8455-8455-210777-0011__SIRm3,7127,1221,8,0.0,0.0,0.0,0.0,0.0,44.15946756737764,18.223569734542743
1221-135766-0009_5142-33396-0058__T1__1221-1221-135766-0009__HSIMV2__4992-4992-41806-0007__SIRm3,1221,5142,19,0.0,0.0,0.0,0.0,0.0,47.14890012559498,18.460775665676188
1221-135766-0009_5142-33396-0058__T2__5142-5142-33396-0058__HSIMV2__4970-4970-29095-0018__SIRm3,5142,1221,5,0.0,0.0,0.0,0.0,0.0,58.51743816231307,18.925942447139104
1221-135766-0012_6930-76324-0003__T1__1221-1221-135766-0012__HSIMV2__4992-4992-41806-0007__SIRm3,1221,6930,21,0.0,0.0,0.0,0.0,0.0,51.40151666465983,19.176479007755315
1221-135766-0012_6930-76324-0003__T2__6930-6930-76324-0003__HSIMV2__260-260-123286-0007__SIRm3,6930,1221,5,0.0,0.0,0.0,0.0,0.0,51.16176171869431,18.759961017308164
1221-135766-0013_121-127105-0028__T1__1221-1221-135766-0013__HSIMV2__4992-4992-23283-0013__SIRm3,1221,121,6,0.0,0.0,0.0,0.0,0.0,40.72831948606753,15.78064999029255
1221-135766-0013_121-127105-0028__T2__121-121-127105-0028__HSIMV2__237-237-126133-0005__SIRm3,121,1221,12,0.0,0.16666666666666666,0.0,0.0,0.0,51.729442298850394,19.207520301682983
1221-135766-0013_1284-1181-0013__T1__1221-1221-135766-0013__HSIMV2__4992-4992-41797-0007__SIRm3,1221,1284,6,0.0,0.0,0.0,0.0,0.0,54.67172359424293,17.505983847861884
1221-135766-0013_1284-1181-0013__T2__1284-1284-1181-0013__HSIMV2__4446-4446-2273-0015__SIRm3,1284,1221,8,0.0,0.0,0.0,0.0,0.0,62.784937742386205,20.13302546006753
1221-135766-0014_3729-6852-0011__T1__1221-1221-135766-0014__HSIMV2__4992-4992-41797-0013__SIRm3,1221,3729,8,0.125,0.0,0.0,0.125,0.0,40.65972524424594,8.202400358167573
1221-135766-0014_3729-6852-0011__T2__3729-3729-6852-0011__HSIMV2__4507-4507-16021-0018__SIRm3,3729,1221,5,0.0,0.0,0.0,0.0,0.0,55.25946441169916,18.593418727364178
1221-135766-0014_61-70968-0049__T1__1221-1221-135766-0014__HSIMV2__4992-4992-41806-0012__SIRm3,1221,61,8,0.0,0.0,0.0,0.0,0.0,49.505246067285455,18.62603828381601
1221-135766-0014_61-70968-0049__T2__61-61-70968-0049__HSIMV2__7176-7176-88083-0010__SIRm3,61,1221,12,0.0,0.0,0.0,0.0,0.0,36.20867502273589,13.600832131219654
1221-135766-0014_7127-75946-0004__T1__1221-1221-135766-0014__HSIMV2__4992-4992-41797-0010__SIRm3,1221,7127,8,0.0,0.0,0.0,0.0,0.0,57.60027675790874,21.494788772834923
1221-135766-0014_7127-75946-0004__T2__7127-7127-75946-0004__HSIMV2__8455-8455-210777-0002__SIRm3,7127,1221,7,0.0,0.0,0.0,0.0,0.0,38.983566683852345,16.072240708201278
1221-135767-0001_7127-75947-0008__T1__1221-1221-135767-0001__HSIMV2__4992-4992-23283-0019__SIRm3,1221,7127,12,0.0,0.0,0.0,0.0,0.0,44.81876844981679,18.346403020835645
1221-135767-0001_7127-75947-0008__T2__7127-7127-75947-0008__HSIMV2__8455-8455-210777-0034__SIRm3,7127,1221,7,0.0,0.0,0.0,0.0,0.0,48.635156883161855,13.836195711989957
1221-135767-0005_61-70970-0020__T1__1221-1221-135767-0005__HSIMV2__4992-4992-41806-0012__SIRm3,1221,61,10,0.0,0.0,0.0,0.0,0.0,62.02351977686203,20.82069439724067
1221-135767-0005_61-70970-0020__T2__61-61-70970-0020__HSIMV2__7176-7176-88083-0014__SIRm3,61,1221,8,0.25,0.0,0.0,0.0,0.0,34.08742302989655,12.360455515306397
1221-135767-0008_260-123286-0027__T1__1221-1221-135767-0008__HSIMV2__4992-4992-41797-0000__SIRm3,1221,260,5,0.0,0.0,0.0,0.0,0.0,54.54947614813496,19.69318712332845
1221-135767-0008_260-123286-0027__T2__260-260-123286-0027__HSIMV2__672-672-122797-0019__SIRm3,260,1221,7,0.0,0.0,0.0,0.0,0.0,48.506259604234536,20.41406136037974
1221-135767-0008_3570-5695-0015__T1__1221-1221-135767-0008__HSIMV2__4992-4992-41797-0010__SIRm3,1221,3570,5,0.0,0.0,0.0,0.0,0.0,56.67634786611377,21.44561439485498
1221-135767-0008_3570-5695-0015__T2__3570-3570-5695-0015__HSIMV2__4507-4507-16021-0024__SIRm3,3570,1221,9,0.0,0.0,0.0,0.0,0.0,56.52354551244966,21.25137733728609
1221-135767-0008_5683-32865-0011__T1__1221-1221-135767-0008__HSIMV2__4992-4992-41797-0008__SIRm3,1221,5683,5,0.0,0.0,0.0,0.0,0.0,45.66348402181582,18.346426378633435
1221-135767-0008_5683-32865-0011__T2__5683-5683-32865-0011__HSIMV2__1221-1221-135766-0009__SIRm3,5683,1221,11,0.0,0.0,0.0,0.0,0.0,48.996866442425876,18.679475867259864
1221-135767-0009_237-134500-0033__T1__1221-1221-135767-0009__HSIMV2__4992-4992-41797-0022__SIRm3,1221,237,11,0.0,0.0,0.0,0.0,0.0,47.567208356118655,16.755663871145547
1221-135767-0009_237-134500-0033__T2__237-237-134500-0033__HSIMV2__5683-5683-32879-0003__SIRm3,237,1221,11,0.0,0.0,0.0,0.0,0.0,48.7143173788198,19.871883550776303
1221-135767-0010_1995-1837-0021__T1__1221-1221-135767-0010__HSIMV2__4992-4992-41806-0000__SIRm3,1221,1995,15,0.0,0.0,0.0,0.0,0.0,55.223433237464405,20.188097309684693
1221-135767-0010_1995-1837-0021__T2__1995-1995-1837-0021__HSIMV2__2094-2094-142345-0014__SIRm3,1995,1221,5,0.0,0.0,0.0,0.0,0.0,57.809439952410834,21.604758099463417
1221-135767-0010_2830-3980-0039__T1__1221-1221-135767-0010__HSIMV2__4992-4992-23283-0017__SIRm3,1221,2830,15,0.0,0.0,0.0,0.0,0.0,51.34878543561481,18.24951406382138
1221-135767-0010_2830-3980-0039__T2__2830-2830-3980-0039__HSIMV2__8230-8230-279154-0039__SIRm3,2830,1221,8,0.0,0.0,0.0,0.0,0.0,54.04346030568365,18.66933143233845
1221-135767-0013_5683-32865-0007__T1__1221-1221-135767-0013__HSIMV2__4992-4992-41797-0013__SIRm3,1221,5683,18,0.0,0.0,0.0,0.0,0.0,54.95250437670293,20.04384070557345
1221-135767-0013_5683-32865-0007__T2__5683-5683-32865-0007__HSIMV2__1221-1221-135767-0016__SIRm3,5683,1221,11,0.0,0.0,0.0,0.0,0.0,49.28789429711292,17.810279008290365
1221-135767-0014_1089-134691-0023__T1__1221-1221-135767-0014__HSIMV2__4992-4992-41797-0009__SIRm3,1221,1089,13,0.0,0.0,0.0,0.0,0.0,48.29148678297424,19.60946129378418
1221-135767-0014_1089-134691-0023__T2__1089-1089-134691-0023__HSIMV2__8230-8230-279154-0010__SIRm3,1089,1221,14,0.0,0.0,0.0,0.0,0.0,51.06430967811314,16.930041736477463
1221-135767-0014_2300-131720-0034__T1__1221-1221-135767-0014__HSIMV2__4992-4992-41806-0016__SIRm3,1221,2300,13,0.0,0.0,0.0,0.0,0.0,55.81020669173732,19.693288392580044
1221-135767-0014_2300-131720-0034__T2__2300-2300-131720-0034__HSIMV2__61-61-70968-0034__SIRm3,2300,1221,7,0.0,0.0,0.0,0.0,0.0,55.317124559010566,19.23492143222148
1221-135767-0014_61-70968-0014__T1__1221-1221-135767-0014__HSIMV2__4992-4992-41806-0001__SIRm3,1221,61,13,0.0,0.0,0.0,0.0,0.0,56.31791388798817,19.03144389476672
1221-135767-0014_61-70968-0014__T2__61-61-70968-0014__HSIMV2__7176-7176-88083-0012__SIRm3,61,1221,9,0.0,0.0,0.0,0.0,0.0,46.9918543205651,16.373081261524476
1221-135767-0014_672-122797-0074__T1__1221-1221-135767-0014__HSIMV2__4992-4992-41797-0008__SIRm3,1221,672,13,0.07692307692307693,0.0,0.0,0.0,0.0,51.43783571676233,19.4311596835862
1221-135767-0014_672-122797-0074__T2__672-672-122797-0074__HSIMV2__1320-1320-122612-0008__SIRm3,672,1221,13,0.07692307692307693,0.0,0.0,0.0,0.0,54.59980291814281,18.429532798875165
1221-135767-0016_4970-29093-0012__T1__1221-1221-135767-0016__HSIMV2__4992-4992-41797-0017__SIRm3,1221,4970,16,0.0,0.0,0.0,0.0,0.0,48.90658094793163,18.53711850821647
1221-135767-0016_4970-29093-0012__T2__4970-4970-29093-0012__HSIMV2__6829-6829-68769-0022__SIRm3,4970,1221,7,0.0,0.0,0.0,0.0,0.0,52.87003671572292,19.51759617132759
1221-135767-0020_61-70968-0009__T1__1221-1221-135767-0020__HSIMV2__4992-4992-23283-0017__SIRm3,1221,61,5,0.0,0.0,0.0,0.0,0.0,46.861466654820404,16.982590661255458
1221-135767-0020_61-70968-0009__T2__61-61-70968-0009__HSIMV2__8230-8230-279154-0004__SIRm3,61,1221,8,0.0,0.0,0.0,0.0,0.0,56.66980971831039,17.28062458229706
1221-135767-0022_7176-92135-0032__T1__1221-1221-135767-0022__HSIMV2__4992-4992-41806-0005__SIRm3,1221,7176,6,0.0,0.0,0.0,0.0,0.0,45.55139868501174,19.246030629214985
1221-135767-0022_7176-92135-0032__T2__7176-7176-92135-0032__HSIMV2__61-61-70968-0024__SIRm3,7176,1221,5,0.0,0.0,0.0,0.0,0.0,48.12306987507627,19.79989730227668
1221-135767-0024_2094-142345-0028__T1__1221-1221-135767-0024__HSIMV2__4992-4992-41797-0006__SIRm3,1221,2094,8,0.0,0.0,0.0,0.0,0.0,45.99826371218797,19.143036985064214
1221-135767-0024_2094-142345-0028__T2__2094-2094-142345-0028__HSIMV2__3729-3729-6852-0037__SIRm3,2094,1221,10,0.0,0.0,0.0,0.0,0.0,54.03617205090255,20.06718041141696
1221-135767-0024_8555-284449-0015__T1__1221-1221-135767-0024__HSIMV2__4992-4992-23283-0019__SIRm3,1221,8555,10,0.0,0.0,0.0,0.0,0.0,44.81953154442122,18.38777255099684
1221-135767-0024_8555-284449-0015__T2__8555-8555-284449-0015__HSIMV2__4970-4970-29095-0030__SIRm3,8555,1221,8,0.0,0.0,0.0,0.0,0.0,68.51753963908969,20.589713035411155
1284-1180-0001_1580-141083-0003__T1__1284-1284-1180-0001__HSIMV2__1580-1580-141084-0009__SIRm3,1284,1580,8,0.0,0.0,0.0,0.0,0.0,50.589073431504275,20.39812121325097
1284-1180-0001_1580-141083-0003__T2__1580-1580-141083-0003__HSIMV2__1284-1284-1180-0006__SIRm3,1580,1284,12,0.0,0.0,0.0,0.0,0.0,56.062681827581315,18.94296951676749
1284-1180-0002_61-70970-0009__T1__1284-1284-1180-0002__HSIMV2__4446-4446-2273-0009__SIRm3,1284,61,7,0.0,0.0,0.0,0.0,0.0,58.147904334287865,22.072002935064823
1284-1180-0002_61-70970-0009__T2__61-61-70970-0009__HSIMV2__8230-8230-279154-0012__SIRm3,61,1284,5,0.0,0.0,0.0,0.0,0.0,41.464703639563936,16.648958449515916
1284-1180-0002_7021-79759-0003__T1__1284-1284-1180-0002__HSIMV2__4446-4446-2275-0033__SIRm3,1284,7021,13,0.0,0.0,0.0,0.0,0.0,60.32642098870481,21.12654446050592
1284-1180-0002_7021-79759-0003__T2__7021-7021-79759-0003__HSIMV2__5105-5105-28240-0012__SIRm3,7021,1284,8,0.0,0.0,0.0,0.0,0.0,56.78099562461384,18.595442626343534
1284-1180-0003_237-134493-0014__T1__1284-1284-1180-0003__HSIMV2__4446-4446-2273-0004__SIRm3,1284,237,8,0.0,0.0,0.0,0.0,0.0,53.27600331811624,19.760002710076165
1284-1180-0003_237-134493-0014__T2__237-237-134493-0014__HSIMV2__5683-5683-32866-0030__SIRm3,237,1284,6,0.0,0.0,0.0,0.0,0.0,46.266664352933525,19.551274021812763
1284-1180-0004_8455-210777-0031__T1__1284-1284-1180-0004__HSIMV2__4446-4446-2273-0005__SIRm3,1284,8455,7,0.0,0.0,0.0,0.0,0.0,49.06180493146111,19.7606543949455
1284-1180-0004_8455-210777-0031__T2__8455-8455-210777-0031__HSIMV2__1320-1320-122612-0008__SIRm3,8455,1284,14,0.0,0.0,0.0,0.0,0.0,47.0967421397631,18.90487935128081
1284-1180-0005_6829-68771-0000__T1__1284-1284-1180-0005__HSIMV2__4446-4446-2275-0008__SIRm3,1284,6829,7,0.0,0.0,0.0,0.0,0.0,50.549976633533774,18.321385223808
1284-1180-0005_6829-68771-0000__T2__6829-6829-68771-0000__HSIMV2__4970-4970-29095-0004__SIRm3,6829,1284,18,0.0,0.0,0.0,0.1111111111111111,0.0,47.56353904855984,6.043072780670658
1284-1180-0006_121-127105-0022__T1__1284-1284-1180-0006__HSIMV2__4446-4446-2271-0005__SIRm3,1284,121,5,0.0,0.0,0.0,0.0,0.0,48.425653708270204,18.67246155635833
1284-1180-0006_121-127105-0022__T2__121-121-127105-0022__HSIMV2__237-237-134500-0031__SIRm3,121,1284,9,0.5555555555555556,0.5555555555555556,0.5555555555555556,0.2222222222222222,0.2222222222222222,4.689945651996818,6.090193413036298
1284-1180-0006_1320-122612-0004__T1__1284-1284-1180-0006__HSIMV2__1580-1580-141084-0040__SIRm3,1284,1320,10,0.0,0.0,0.0,0.0,0.0,58.653878951220506,20.561628490481183
1284-1180-0006_1320-122612-0004__T2__1320-1320-122612-0004__HSIMV2__5105-5105-28241-0008__SIRm3,1320,1284,11,0.0,0.0,0.0,0.0,0.0,59.03704415057041,19.75911487738532
1284-1180-0006_6829-68769-0002__T1__1284-1284-1180-0006__HSIMV2__4446-4446-2273-0025__SIRm3,1284,6829,8,0.0,0.0,0.0,0.0,0.0,52.21262231841356,20.35392210884544
1284-1180-0006_6829-68769-0002__T2__6829-6829-68769-0002__HSIMV2__4970-4970-29093-0003__SIRm3,6829,1284,5,0.0,0.0,0.0,0.0,0.0,56.004220647837045,21.805288028888747
1284-1180-0007_2094-142345-0002__T1__1284-1284-1180-0007__HSIMV2__4446-4446-2271-0000__SIRm3,1284,2094,5,0.0,0.0,0.0,0.0,0.0,55.03324352451756,19.41953382005181
1284-1180-0007_2094-142345-0002__T2__2094-2094-142345-0002__HSIMV2__3729-3729-6852-0022__SIRm3,2094,1284,15,0.0,0.0,0.0,0.0,0.0,52.6873551557284,18.96722392294621
1284-1180-0007_260-123286-0015__T1__1284-1284-1180-0007__HSIMV2__4446-4446-2275-0032__SIRm3,1284,260,5,0.0,0.0,0.0,0.0,0.0,49.24465581705114,17.153038639512232
1284-1180-0007_260-123286-0015__T2__260-260-123286-0015__HSIMV2__672-672-122797-0067__SIRm3,260,1284,9,0.0,0.0,0.0,0.0,0.0,60.67189729191346,19.84944677683885
1284-1180-0008_2830-3980-0008__T1__1284-1284-1180-0008__HSIMV2__4446-4446-2275-0029__SIRm3,1284,2830,11,0.0,0.0,0.0,0.0,0.0,49.02477483481223,18.522894123823924
1284-1180-0008_2830-3980-0008__T2__2830-2830-3980-0008__HSIMV2__1188-1188-133604-0015__SIRm3,2830,1284,8,0.0,0.0,0.0,0.0,0.0,57.2370686490285,19.084083518611187
1284-1180-0009_1580-141083-0045__T1__1284-1284-1180-0009__HSIMV2__4446-4446-2275-0021__SIRm3,1284,1580,9,0.0,0.0,0.0,0.0,0.0,60.37123563431011,20.884056483561302
1284-1180-0009_1580-141083-0045__T2__1580-1580-141083-0045__HSIMV2__237-237-134500-0023__SIRm3,1580,1284,5,0.0,0.0,0.0,0.0,0.0,53.240092665530575,19.382276666574
1284-1180-0009_2830-3980-0022__T1__1284-1284-1180-0009__HSIMV2__1580-1580-141084-0048__SIRm3,1284,2830,11,0.0,0.0,0.0,0.0,0.0,58.305027283053455,20.49509807096342
1284-1180-0009_2830-3980-0022__T2__2830-2830-3980-0022__HSIMV2__8230-8230-279154-0007__SIRm3,2830,1284,5,0.0,0.0,0.0,0.0,0.0,49.64182963912333,18.253473649021693
1284-1180-0010_1580-141084-0008__T1__1284-1284-1180-0010__HSIMV2__4446-4446-2271-0016__SIRm3,1284,1580,16,0.0,0.0,0.0,0.0,0.0,55.90088118232376,20.111272726642493
1284-1180-0010_1580-141084-0008__T2__1580-1580-141084-0008__HSIMV2__237-237-134500-0021__SIRm3,1580,1284,9,0.0,0.0,0.0,0.0,0.0,45.725563230217084,17.50263561810216
1284-1180-0010_4507-16021-0024__T1__1284-1284-1180-0010__HSIMV2__4446-4446-2275-0035__SIRm3,1284,4507,7,0.0,0.0,0.0,0.0,0.0,54.746101226373284,19.37840818133936
1284-1180-0010_4507-16021-0024__T2__4507-4507-16021-0024__HSIMV2__3729-3729-6852-0002__SIRm3,4507,1284,9,0.0,0.0,0.0,0.0,0.0,56.664173949283054,21.368125752972443
1284-1180-0010_4992-41806-0003__T1__1284-1284-1180-0010__HSIMV2__1580-1580-141084-0002__SIRm3,1284,4992,10,0.0,0.0,0.0,0.0,0.0,58.70238919809916,19.82960377747311
1284-1180-0010_4992-41806-0003__T2__4992-4992-41806-0003__HSIMV2__4446-4446-2271-0013__SIRm3,4992,1284,7,0.0,0.0,0.0,0.0,0.0,53.82616978797933,18.05803457127049
1284-1180-0011_3570-5695-0007__T1__1284-1284-1180-0011__HSIMV2__4446-4446-2275-0043__SIRm3,1284,3570,7,0.0,0.0,0.0,0.0,0.0,56.91502844537892,18.51458454440749
1284-1180-0011_3570-5695-0007__T2__3570-3570-5695-0007__HSIMV2__4507-4507-16021-0013__SIRm3,3570,1284,18,0.0,0.0,0.0,0.0,0.0,46.22056172730956,18.818098087545977
1284-1180-0011_4446-2275-0043__T1__1284-1284-1180-0011__HSIMV2__1580-1580-141083-0022__SIRm3,1284,4446,5,0.0,0.0,0.0,0.0,0.0,49.89989756350674,19.391133989977305
1284-1180-0011_4446-2275-0043__T2__4446-4446-2275-0043__HSIMV2__4992-4992-41797-0005__SIRm3,4446,1284,6,0.0,0.0,0.0,0.0,0.0,50.352814255326074,20.7253374234588
1284-1180-0012_5683-32866-0008__T1__1284-1284-1180-0012__HSIMV2__4446-4446-2275-0038__SIRm3,1284,5683,8,0.125,0.0,0.0,0.0,0.0,44.8353507806968,20.099797729064544
1284-1180-0012_5683-32866-0008__T2__5683-5683-32866-0008__HSIMV2__237-237-126133-0017__SIRm3,5683,1284,5,0.0,0.0,0.0,0.0,0.0,41.09341141789786,17.11777950780667
1284-1180-0013_1089-134691-0006__T1__1284-1284-1180-0013__HSIMV2__4446-4446-2271-0018__SIRm3,1284,1089,6,0.0,0.0,0.0,0.0,0.0,56.2918935282219,20.265697188692585
1284-1180-0013_1089-134691-0006__T2__1089-1089-134691-0006__HSIMV2__8230-8230-279154-0032__SIRm3,1089,1284,6,0.0,0.0,0.0,0.0,0.0,50.1921244035492,15.959706560680509
1284-1180-0014_1320-122612-0003__T1__1284-1284-1180-0014__HSIMV2__4446-4446-2275-0016__SIRm3,1284,1320,6,0.0,0.0,0.0,0.0,0.0,56.181075306699654,20.244967417009104
1284-1180-0014_1320-122612-0003__T2__1320-1320-122612-0003__HSIMV2__5105-5105-28241-0008__SIRm3,1320,1284,16,0.0625,0.0625,0.0625,0.0,0.0,57.34204667878177,20.327956885831096
1284-1180-0014_260-123440-0008__T1__1284-1284-1180-0014__HSIMV2__1580-1580-141084-0047__SIRm3,1284,260,6,0.0,0.0,0.0,0.0,0.0,61.19851351468346,19.981407418880742
1284-1180-0014_260-123440-0008__T2__260-260-123440-0008__HSIMV2__6930-6930-75918-0014__SIRm3,260,1284,6,0.0,0.0,0.0,0.0,0.0,65.03676175460434,20.91279964458922
1284-1180-0014_4077-13754-0002__T1__1284-1284-1180-0014__HSIMV2__4446-4446-2273-0004__SIRm3,1284,4077,6,0.0,0.0,0.0,0.0,0.0,53.943460624160856,19.81793300444053
1284-1180-0014_4077-13754-0002__T2__4077-4077-13754-0002__HSIMV2__8455-8455-210777-0052__SIRm3,4077,1284,8,0.0,0.0,0.0,0.0,0.0,44.19934172481564,17.560216856221498
1284-1180-0014_6829-68769-0006__T1__1284-1284-1180-0014__HSIMV2__1580-1580-141084-0027__SIRm3,1284,6829,5,0.0,0.0,0.0,0.0,0.0,65.13920536014493,20.32720056616668
1284-1180-0014_6829-68769-0006__T2__6829-6829-68769-0006__HSIMV2__4446-4446-2275-0023__SIRm3,6829,1284,6,0.0,0.0,0.0,0.0,0.0,48.085952345249865,18.83938787127448
1284-1180-0015_260-123288-0001__T1__1284-1284-1180-0015__HSIMV2__4446-4446-2275-0038__SIRm3,1284,260,8,0.0,0.0,0.0,0.0,0.0,53.12262716145108,8.827576391074988
1284-1180-0015_260-123288-0001__T2__260-260-123288-0001__HSIMV2__672-672-122797-0040__SIRm3,260,1284,8,0.0,0.125,0.0,0.0,0.0,55.604501212123125,17.49259254261471
1284-1180-0015_6829-68771-0023__T1__1284-1284-1180-0015__HSIMV2__4446-4446-2275-0028__SIRm3,1284,6829,6,0.0,0.0,0.0,0.0,0.0,54.42076435114936,19.844826214676
1284-1180-0015_6829-68771-0023__T2__6829-6829-68771-0023__HSIMV2__4970-4970-29093-0008__SIRm3,6829,1284,6,0.0,0.16666666666666666,0.0,0.0,0.0,51.59539521399358,18.82442108123969
1284-1180-0017_1580-141084-0031__T1__1284-1284-1180-0017__HSIMV2__4446-4446-2273-0029__SIRm3,1284,1580,5,0.0,0.0,0.0,0.0,0.0,59.3990682134138,20.70569701673876
1284-1180-0017_1580-141084-0031__T2__1580-1580-141084-0031__HSIMV2__237-237-134500-0012__SIRm3,1580,1284,11,0.0,0.0,0.0,0.0,0.0,47.339419231120935,18.36644974126462
1284-1180-0017_2094-142345-0001__T1__1284-1284-1180-0017__HSIMV2__1580-1580-141084-0032__SIRm3,1284,2094,8,0.0,0.0,0.0,0.0,0.0,56.13384610954573,19.790935229590016
1284-1180-0017_2094-142345-0001__T2__2094-2094-142345-0001__HSIMV2__3729-3729-6852-0011__SIRm3,2094,1284,13,0.0,0.0,0.0,0.0,0.0,52.60395956426615,16.995516815862405
1284-1180-0017_7127-75947-0016__T1__1284-1284-1180-0017__HSIMV2__1580-1580-141084-0027__SIRm3,1284,7127,5,0.0,0.0,0.0,0.0,0.0,53.99824127254286,20.792042699280625
1284-1180-0017_7127-75947-0016__T2__7127-7127-75947-0016__HSIMV2__8455-8455-210777-0023__SIRm3,7127,1284,8,0.0,0.0,0.0,0.0,0.0,45.0116797137305,18.18244344213024
1284-1180-0018_1320-122617-0019__T1__1284-1284-1180-0018__HSIMV2__4446-4446-2275-0033__SIRm3,1284,1320,13,0.0,0.0,0.0,0.0,0.0,58.189594096479496,20.13096445635329
1284-1180-0018_1320-122617-0019__T2__1320-1320-122617-0019__HSIMV2__5105-5105-28240-0006__SIRm3,1320,1284,15,0.0,0.0,0.0,0.0,0.0,53.96955124047955,20.695321040752464
1284-1180-0018_4446-2275-0035__T1__1284-1284-1180-0018__HSIMV2__4446-4446-2275-0021__SIRm3,1284,4446,9,0.0,0.0,0.0,0.0,0.0,52.1558378282488,19.22573116111754
1284-1180-0018_4446-2275-0035__T2__4446-4446-2275-0035__HSIMV2__1284-1284-134647-0004__SIRm3,4446,1284,7,0.0,0.0,0.0,0.0,0.0,51.48787497669614,18.330574322229868
1284-1180-0019_672-122797-0057__T1__1284-1284-1180-0019__HSIMV2__4446-4446-2271-0010__SIRm3,1284,672,5,0.0,0.0,0.0,0.0,0.0,54.082370883732935,18.95389641596572
1284-1180-0019_672-122797-0057__T2__672-672-122797-0057__HSIMV2__260-260-123286-0004__SIRm3,672,1284,5,0.0,0.0,0.0,0.0,0.0,46.30156541737043,16.385813682683075
1284-1180-0020_3570-5696-0005__T1__1284-1284-1180-0020__HSIMV2__4446-4446-2273-0025__SIRm3,1284,3570,8,0.0,0.0,0.0,0.0,0.0,46.54462017944197,16.42149976170539
1284-1180-0020_3570-5696-0005__T2__3570-3570-5696-0005__HSIMV2__4507-4507-16021-0024__SIRm3,3570,1284,9,0.0,0.0,0.0,0.0,0.0,59.423000864991764,22.20770218245881
1284-1180-0020_8555-284447-0005__T1__1284-1284-1180-0020__HSIMV2__1580-1580-141083-0022__SIRm3,1284,8555,5,0.0,0.0,0.0,0.0,0.0,54.43442308583938,19.429597719089628
1284-1180-0020_8555-284447-0005__T2__8555-8555-284447-0005__HSIMV2__4970-4970-29093-0013__SIRm3,8555,1284,12,0.0,0.0,0.0,0.0,0.0,52.48308815271429,19.73547136544651
1284-1180-0021_2961-961-0007__T1__1284-1284-1180-0021__HSIMV2__4446-4446-2271-0012__SIRm3,1284,2961,6,0.0,0.0,0.0,0.0,0.0,49.92404429477916,19.05731624148242
1284-1180-0021_2961-961-0007__T2__2961-2961-961-0007__HSIMV2__3570-3570-5694-0020__SIRm3,2961,1284,16,0.0,0.0,0.0,0.0,0.0,60.09142987332348,21.04251962694892
1284-1180-0021_8455-210777-0062__T1__1284-1284-1180-0021__HSIMV2__1580-1580-141083-0038__SIRm3,1284,8455,14,0.0,0.0,0.0,0.0,0.0,52.344021757198774,18.3469410892785
1284-1180-0021_8455-210777-0062__T2__8455-8455-210777-0062__HSIMV2__1320-1320-122617-0041__SIRm3,8455,1284,5,0.0,0.0,0.0,0.0,0.0,53.1384597282529,20.579447204243767
1284-1180-0023_5142-36377-0013__T1__1284-1284-1180-0023__HSIMV2__1580-1580-141084-0002__SIRm3,1284,5142,10,0.0,0.0,0.0,0.0,0.0,51.849545881473844,18.512817714949968
1284-1180-0023_5142-36377-0013__T2__5142-5142-36377-0013__HSIMV2__4970-4970-29095-0011__SIRm3,5142,1284,5,0.0,0.0,0.0,0.0,0.0,57.65867402915774,20.16858078932521
1284-1180-0024_6930-81414-0006__T1__1284-1284-1180-0024__HSIMV2__4446-4446-2271-0003__SIRm3,1284,6930,6,0.0,0.0,0.0,0.0,0.0,42.30152913602968,17.368512382962535
1284-1180-0024_6930-81414-0006__T2__6930-6930-81414-0006__HSIMV2__260-260-123288-0011__SIRm3,6930,1284,12,0.0,0.0,0.0,0.0,0.0,42.9619972701758,16.16042045909656
1284-1180-0026_1580-141084-0009__T1__1284-1284-1180-0026__HSIMV2__4446-4446-2275-0001__SIRm3,1284,1580,8,0.125,0.0,0.0,0.0,0.0,55.013576330948524,11.446584639675066
1284-1180-0026_1580-141084-0009__T2__1580-1580-141084-0009__HSIMV2__237-237-134500-0027__SIRm3,1580,1284,5,0.0,0.0,0.0,0.0,0.0,50.801663085570404,19.66124150886064
1284-1180-0027_8230-279154-0013__T1__1284-1284-1180-0027__HSIMV2__4446-4446-2273-0008__SIRm3,1284,8230,5,0.0,0.0,0.0,0.0,0.0,52.54035091856633,18.41090455011988
1284-1180-0027_8230-279154-0013__T2__8230-8230-279154-0013__HSIMV2__61-61-70968-0060__SIRm3,8230,1284,6,0.0,0.0,0.0,0.0,0.0,34.08537485261738,14.00788910675885
1284-1180-0028_3570-5696-0000__T1__1284-1284-1180-0028__HSIMV2__4446-4446-2275-0040__SIRm3,1284,3570,11,0.0,0.0,0.0,0.0,0.0,49.64459733421079,18.770559171810525
1284-1180-0028_3570-5696-0000__T2__3570-3570-5696-0000__HSIMV2__4507-4507-16021-0051__SIRm3,3570,1284,11,0.0,0.0,0.0,0.0,0.0,52.88158741729748,21.48855629425594
1284-1180-0028_4446-2273-0028__T1__1284-1284-1180-0028__HSIMV2__4446-4446-2275-0019__SIRm3,1284,4446,8,0.0,0.0,0.0,0.0,0.0,52.74945997896627,19.796654121857657
1284-1180-0028_4446-2273-0028__T2__4446-4446-2273-0028__HSIMV2__1284-1284-1180-0003__SIRm3,4446,1284,8,0.0,0.0,0.0,0.0,0.0,66.79253895541649,20.76462183756222
1284-1180-0028_5683-32879-0001__T1__1284-1284-1180-0028__HSIMV2__1580-1580-141084-0049__SIRm3,1284,5683,11,0.0,0.0,0.0,0.0,0.0,63.380355546320246,19.9343572541176
1284-1180-0028_5683-32879-0001__T2__5683-5683-32879-0001__HSIMV2__1221-1221-135767-0011__SIRm3,5683,1284,6,0.0,0.0,0.0,0.0,0.0,49.56177384127769,20.781618791301376
1284-1180-0029_5683-32879-0010__T1__1284-1284-1180-0029__HSIMV2__1580-1580-141083-0039__SIRm3,1284,5683,6,0.0,0.0,0.0,0.0,0.0,64.79878118608704,22.20258692993027
1284-1180-0029_5683-32879-0010__T2__5683-5683-32879-0010__HSIMV2__1221-1221-135766-0002__SIRm3,5683,1284,8,0.125,0.0,0.0,0.0,0.0,47.28491675738644,16.226916331118154
1284-1180-0031_5142-33396-0048__T1__1284-1284-1180-0031__HSIMV2__4446-4446-2273-0010__SIRm3,1284,5142,8,0.0,0.0,0.0,0.0,0.0,51.47770756362117,20.654755575613923
1284-1180-0031_5142-33396-0048__T2__5142-5142-33396-0048__HSIMV2__4970-4970-29093-0004__SIRm3,5142,1284,6,0.0,0.0,0.0,0.0,0.0,48.62962363886515,18.77302227894861
1284-1180-0031_7127-75947-0007__T1__1284-1284-1180-0031__HSIMV2__4446-4446-2275-0010__SIRm3,1284,7127,6,0.0,0.0,0.0,0.0,0.0,66.95212478267327,20.40029795576318
1284-1180-0031_7127-75947-0007__T2__7127-7127-75947-0007__HSIMV2__8455-8455-210777-0001__SIRm3,7127,1284,9,0.0,0.0,0.0,0.0,0.0,46.83980771501165,17.605185257729914
1284-1180-0031_8230-279154-0021__T1__1284-1284-1180-0031__HSIMV2__1580-1580-141084-0032__SIRm3,1284,8230,8,0.0,0.0,0.0,0.0,0.0,54.16673768717735,21.584205834677903
1284-1180-0031_8230-279154-0021__T2__8230-8230-279154-0021__HSIMV2__1089-1089-134686-0022__SIRm3,8230,1284,12,0.0,0.0,0.0,0.0,0.0,46.602841713860215,17.87396144491423
1284-1180-0032_260-123440-0008__T1__1284-1284-1180-0032__HSIMV2__4446-4446-2275-0038__SIRm3,1284,260,8,0.0,0.0,0.0,0.0,0.0,47.28928149362568,18.06163736085166
1284-1180-0032_260-123440-0008__T2__260-260-123440-0008__HSIMV2__672-672-122797-0017__SIRm3,260,1284,6,0.0,0.0,0.0,0.0,0.0,48.1328762202339,18.103457858057745
1284-1180-0032_2830-3979-0003__T1__1284-1284-1180-0032__HSIMV2__1580-1580-141083-0003__SIRm3,1284,2830,10,0.1,0.0,0.0,0.0,0.0,56.65147635149896,20.081896124762125
1284-1180-0032_2830-3979-0003__T2__2830-2830-3979-0003__HSIMV2__1188-1188-133604-0025__SIRm3,2830,1284,13,0.0,0.0,0.0,0.0,0.0,51.03071285583548,19.295624816541096
1284-1180-0032_4992-23283-0004__T1__1284-1284-1180-0032__HSIMV2__4446-4446-2273-0033__SIRm3,1284,4992,5,0.0,0.0,0.0,0.0,0.0,51.002690461495426,21.20318295394469
1284-1180-0032_4992-23283-0004__T2__4992-4992-23283-0004__HSIMV2__4446-4446-2275-0040__SIRm3,4992,1284,12,0.0,0.0,0.0,0.0,0.0,51.148948184815616,17.895421502289523
1284-1181-0000_121-121726-0008__T1__1284-1284-1181-0000__HSIMV2__4446-4446-2273-0004__SIRm3,1284,121,6,0.0,0.0,0.0,0.0,0.0,50.2077318718213,19.67055469946783
1284-1181-0000_121-121726-0008__T2__121-121-121726-0008__HSIMV2__237-237-126133-0007__SIRm3,121,1284,8,0.25,0.75,0.25,0.0,0.0,45.14852424122677,18.95511144082328
1284-1181-0000_3570-5696-0008__T1__1284-1284-1181-0000__HSIMV2__1580-1580-141083-0045__SIRm3,1284,3570,6,0.0,0.0,0.0,0.0,0.0,58.52943990451521,20.84692059538516
1284-1181-0000_3570-5696-0008__T2__3570-3570-5696-0008__HSIMV2__4507-4507-16021-0014__SIRm3,3570,1284,11,0.0,0.0,0.0,0.0,0.0,57.28581300356578,22.246073855665024
1284-1181-0001_61-70968-0026__T1__1284-1284-1181-0001__HSIMV2__4446-4446-2271-0008__SIRm3,1284,61,9,0.0,0.0,0.0,0.0,0.0,49.448290841073124,18.06335403070969
1284-1181-0001_61-70968-0026__T2__61-61-70968-0026__HSIMV2__8230-8230-279154-0022__SIRm3,61,1284,8,0.0,0.0,0.0,0.0,0.0,54.24412171411193,16.410265392904705
1284-1181-0002_3570-5694-0002__T1__1284-1284-1181-0002__HSIMV2__4446-4446-2273-0008__SIRm3,1284,3570,6,0.0,0.0,0.0,0.0,0.0,52.15780813901335,19.82745063738494
1284-1181-0002_3570-5694-0002__T2__3570-3570-5694-0002__HSIMV2__4507-4507-16021-0038__SIRm3,3570,1284,6,0.0,0.0,0.0,0.0,0.0,55.06353850493516,20.62840042200805
1284-1181-0003_237-126133-0016__T1__1284-1284-1181-0003__HSIMV2__4446-4446-2275-0041__SIRm3,1284,237,8,0.0,0.0,0.0,0.0,0.0,57.24713384791613,20.535798672707006
1284-1181-0003_237-126133-0016__T2__237-237-126133-0016__HSIMV2__5683-5683-32879-0020__SIRm3,237,1284,7,0.0,0.0,0.0,0.0,0.0,54.36894251786647,21.250695517350408
1284-1181-0003_8463-294825-0015__T1__1284-1284-1181-0003__HSIMV2__1580-1580-141083-0013__SIRm3,1284,8463,7,0.0,0.0,0.0,0.0,0.0,58.93060163298463,21.230231803674087
1284-1181-0003_8463-294825-0015__T2__8463-8463-294825-0015__HSIMV2__4992-4992-41797-0010__SIRm3,8463,1284,5,0.0,0.0,0.0,0.0,0.0,52.576372483768964,18.83214596097481
1284-1181-0004_2830-3980-0049__T1__1284-1284-1181-0004__HSIMV2__1580-1580-141083-0004__SIRm3,1284,2830,8,0.0,0.125,0.0,0.0,0.0,59.0080005676254,19.832209438619586
1284-1181-0004_2830-3980-0049__T2__2830-2830-3980-0049__HSIMV2__8230-8230-279154-0018__SIRm3,2830,1284,5,0.0,0.0,0.0,0.0,0.0,48.70428404149821,20.077313328027245
1284-1181-0004_61-70970-0038__T1__1284-1284-1181-0004__HSIMV2__4446-4446-2275-0022__SIRm3,1284,61,5,0.0,0.0,0.0,0.0,0.0,44.468642850811605,18.07433780891471
1284-1181-0004_61-70970-0038__T2__61-61-70970-0038__HSIMV2__8230-8230-279154-0021__SIRm3,61,1284,12,0.0,0.0,0.0,0.0,0.0,42.265652271310216,14.584681340987622
1284-1181-0004_7176-92135-0016__T1__1284-1284-1181-0004__HSIMV2__4446-4446-2275-0006__SIRm3,1284,7176,6,0.0,0.0,0.0,0.0,0.0,45.46614484081079,18.66510854111556
1284-1181-0004_7176-92135-0016__T2__7176-7176-92135-0016__HSIMV2__61-61-70970-0018__SIRm3,7176,1284,8,1.0,0.875,0.875,1.0,0.875,-49.01348285377276,-29.83213316212
1284-1181-0006_61-70968-0004__T1__1284-1284-1181-0006__HSIMV2__4446-4446-2273-0005__SIRm3,1284,61,7,0.0,0.0,0.0,0.0,0.0,52.65779241433468,19.515957941445585
1284-1181-0006_61-70968-0004__T2__61-61-70968-0004__HSIMV2__8230-8230-279154-0028__SIRm3,61,1284,6,0.0,0.0,0.0,0.0,0.0,46.24979937283437,16.460629781892347
1284-1181-0007_1089-134686-0007__T1__1284-1284-1181-0007__HSIMV2__1580-1580-141083-0016__SIRm3,1284,1089,7,0.0,0.0,0.0,0.0,0.0,56.11777613632221,19.459562754722256
1284-1181-0007_1089-134686-0007__T2__1089-1089-134686-0007__HSIMV2__8230-8230-279154-0039__SIRm3,1089,1284,7,0.0,0.0,0.0,0.0,0.0,52.11179812592114,18.29220230302596
1284-1181-0007_1580-141084-0045__T1__1284-1284-1181-0007__HSIMV2__4446-4446-2275-0001__SIRm3,1284,1580,7,0.0,0.0,0.0,0.0,0.0,55.58395551743587,19.787678699822507
1284-1181-0007_1580-141084-0045__T2__1580-1580-141084-0045__HSIMV2__237-237-126133-0024__SIRm3,1580,1284,6,0.0,0.0,0.0,0.0,0.0,47.748346279299795,18.83188122314205
1284-1181-0008_2300-131720-0030__T1__1284-1284-1181-0008__HSIMV2__1580-1580-141084-0047__SIRm3,1284,2300,9,0.0,0.0,0.0,0.0,0.0,57.66560164988552,19.55490065336814
1284-1181-0008_2300-131720-0030__T2__2300-2300-131720-0030__HSIMV2__61-61-70970-0040__SIRm3,2300,1284,7,0.0,0.0,0.0,0.0,0.0,41.18575191923378,16.375976436567264
1284-1181-0008_4970-29095-0030__T1__1284-1284-1181-0008__HSIMV2__4446-4446-2273-0004__SIRm3,1284,4970,9,0.0,0.0,0.0,0.0,0.0,52.697100730066694,20.41991630822529
1284-1181-0008_4970-29095-0030__T2__4970-4970-29095-0030__HSIMV2__6829-6829-68771-0029__SIRm3,4970,1284,8,0.0,0.0,0.0,0.0,0.0,56.65122725100859,21.9854124876858
1284-1181-0009_2830-3980-0013__T1__1284-1284-1181-0009__HSIMV2__4446-4446-2273-0033__SIRm3,1284,2830,5,0.0,0.0,0.0,0.0,0.0,47.646881724732886,17.058163472467108
1284-1181-0009_2830-3980-0013__T2__2830-2830-3980-0013__HSIMV2__1188-1188-133604-0025__SIRm3,2830,1284,7,0.0,0.0,0.0,0.0,0.0,46.442288556626366,18.146201778039742
1284-1181-0009_4446-2271-0003__T1__1284-1284-1181-0009__HSIMV2__1580-1580-141084-0016__SIRm3,1284,4446,9,0.0,0.0,0.0,0.0,0.0,50.6399581043614,19.26046091481783
1284-1181-0009_4446-2271-0003__T2__4446-4446-2271-0003__HSIMV2__4992-4992-41797-0015__SIRm3,4446,1284,6,1.0,1.0,1.0,1.0,1.0,-10.521929985271278,-3.5563679710555647
1284-1181-0011_4446-2273-0036__T1__1284-1284-1181-0011__HSIMV2__1580-1580-141083-0025__SIRm3,1284,4446,6,0.0,0.0,0.0,0.0,0.0,51.342796240109465,20.079059324362404
1284-1181-0011_4446-2273-0036__T2__4446-4446-2273-0036__HSIMV2__4992-4992-23283-0011__SIRm3,4446,1284,5,0.0,0.0,0.0,0.0,0.0,46.99630316690915,19.01179041924729
1284-1181-0011_6829-68769-0031__T1__1284-1284-1181-0011__HSIMV2__4446-4446-2273-0005__SIRm3,1284,6829,7,0.0,0.0,0.0,0.0,0.0,61.4215179757794,20.7506906164177
1284-1181-0011_6829-68769-0031__T2__6829-6829-68769-0031__HSIMV2__4970-4970-29095-0014__SIRm3,6829,1284,5,0.0,0.0,0.0,0.2,0.0,28.3915506255629,8.767487373150871
1284-1181-0012_3729-6852-0023__T1__1284-1284-1181-0012__HSIMV2__4446-4446-2275-0001__SIRm3,1284,3729,8,0.0,0.0,0.0,0.0,0.0,50.34020793543518,17.68608046679917
1284-1181-0012_3729-6852-0023__T2__3729-3729-6852-0023__HSIMV2__4507-4507-16021-0013__SIRm3,3729,1284,15,0.0,0.0,0.0,0.0,0.0,51.08835180632582,19.850400496049303
1284-1181-0012_672-122797-0040__T1__1284-1284-1181-0012__HSIMV2__4446-4446-2271-0003__SIRm3,1284,672,6,0.0,0.0,0.0,0.0,0.0,40.45602758109005,16.85453182225333
1284-1181-0012_672-122797-0040__T2__672-672-122797-0040__HSIMV2__260-260-123440-0011__SIRm3,672,1284,8,0.0,0.0,0.0,0.0,0.0,53.04033070349632,19.61845076337483
1284-1181-0013_3575-170457-0034__T1__1284-1284-1181-0013__HSIMV2__4446-4446-2275-0016__SIRm3,1284,3575,12,0.0,0.0,0.0,0.0,0.0,62.372254075960086,20.7332619286696
1284-1181-0013_3575-170457-0034__T2__3575-3575-170457-0034__HSIMV2__237-237-134500-0036__SIRm3,3575,1284,5,0.0,0.0,0.0,0.0,0.0,52.860368982126786,20.07351432529795
1284-1181-0014_2094-142345-0001__T1__1284-1284-1181-0014__HSIMV2__1580-1580-141084-0040__SIRm3,1284,2094,10,0.0,0.0,0.0,0.0,0.0,53.781851613427115,19.630504699709945
1284-1181-0014_2094-142345-0001__T2__2094-2094-142345-0001__HSIMV2__3729-3729-6852-0042__SIRm3,2094,1284,15,0.0,0.0,0.0,0.0,0.0,61.658133000346865,19.48297962192415
1284-1181-0014_6829-68771-0012__T1__1284-1284-1181-0014__HSIMV2__4446-4446-2271-0010__SIRm3,1284,6829,5,0.0,0.0,0.0,0.0,0.0,50.37338697727116,16.41754325509683
1284-1181-0014_6829-68771-0012__T2__6829-6829-68771-0012__HSIMV2__4970-4970-29093-0011__SIRm3,6829,1284,21,0.0,0.0,0.0,0.0,0.0,54.82431614340889,20.006101486816952
1284-1181-0015_8555-284447-0007__T1__1284-1284-1181-0015__HSIMV2__4446-4446-2271-0017__SIRm3,1284,8555,9,0.0,0.0,0.0,0.0,0.0,47.926000207969636,19.07879301627524
1284-1181-0015_8555-284447-0007__T2__8555-8555-284447-0007__HSIMV2__4970-4970-29093-0014__SIRm3,8555,1284,7,0.0,0.0,0.0,0.0,0.0,56.80702289289774,23.22429761465009
1284-1181-0016_1089-134686-0028__T1__1284-1284-1181-0016__HSIMV2__4446-4446-2273-0008__SIRm3,1284,1089,14,0.0,0.0,0.0,0.0,0.0,51.13548732688766,17.711947894691864
1284-1181-0016_1089-134686-0028__T2__1089-1089-134686-0028__HSIMV2__8230-8230-279154-0012__SIRm3,1089,1284,6,0.0,0.0,0.0,0.0,0.0,48.21298379512467,18.220295155670843
1284-1181-0016_1188-133604-0031__T1__1284-1284-1181-0016__HSIMV2__4446-4446-2271-0020__SIRm3,1284,1188,14,0.0,0.0,0.0,0.0,0.0,48.161423746291355,16.342105798311884
1284-1181-0016_1188-133604-0031__T2__1188-1188-133604-0031__HSIMV2__2830-2830-3980-0063__SIRm3,1188,1284,7,0.0,0.0,0.0,0.0,0.0,36.97697520373801,17.56543092987081
1284-1181-0016_3729-6852-0044__T1__1284-1284-1181-0016__HSIMV2__4446-4446-2271-0021__SIRm3,1284,3729,6,0.0,0.0,0.0,0.0,0.0,55.30078831864028,19.8965827243208
1284-1181-0016_3729-6852-0044__T2__3729-3729-6852-0044__HSIMV2__4507-4507-16021-0014__SIRm3,3729,1284,11,0.0,0.0,0.0,0.0,0.0,57.416519066122525,20.941465796358592
1284-1181-0017_7176-88083-0012__T1__1284-1284-1181-0017__HSIMV2__4446-4446-2273-0000__SIRm3,1284,7176,16,0.0,0.0,0.0,0.0,0.0,53.21136857157881,19.02554293956004
1284-1181-0017_7176-88083-0012__T2__7176-7176-88083-0012__HSIMV2__61-61-70970-0018__SIRm3,7176,1284,8,0.125,0.0,0.0,0.0,0.0,39.708213160472994,16.815314917631234
1284-1181-0018_6930-81414-0026__T1__1284-1284-1181-0018__HSIMV2__4446-4446-2275-0041__SIRm3,1284,6930,5,0.0,0.0,0.0,0.0,0.0,59.37439785747024,21.622625206541485
1284-1181-0018_6930-81414-0026__T2__6930-6930-81414-0026__HSIMV2__260-260-123440-0009__SIRm3,6930,1284,5,0.0,0.0,0.0,0.0,0.0,51.29929302836918,16.836660875933347
1284-1181-0018_8555-284447-0008__T1__1284-1284-1181-0018__HSIMV2__4446-4446-2273-0005__SIRm3,1284,8555,5,0.0,0.0,0.0,0.0,0.0,54.931132465042516,19.76518405889975
1284-1181-0018_8555-284447-0008__T2__8555-8555-284447-0008__HSIMV2__4970-4970-29093-0008__SIRm3,8555,1284,6,0.0,0.0,0.0,0.0,0.0,61.95595774777748,23.84941209000419
1284-1181-0020_2830-3980-0010__T1__1284-1284-1181-0020__HSIMV2__1580-1580-141083-0038__SIRm3,1284,2830,12,0.0,0.0,0.0,0.0,0.0,56.81362637577623,19.75760808488651
1284-1181-0020_2830-3980-0010__T2__2830-2830-3980-0010__HSIMV2__8230-8230-279154-0036__SIRm3,2830,1284,5,0.0,0.0,0.0,0.0,0.0,52.286375776620595,18.832356674883343
1284-134647-0000_5142-36377-0018__T1__1284-1284-134647-0000__HSIMV2__1580-1580-141084-0031__SIRm3,1284,5142,11,0.0,0.0,0.0,0.0,0.0,58.55542747640458,19.637172169082604
1284-134647-0000_5142-36377-0018__T2__5142-5142-36377-0018__HSIMV2__4970-4970-29095-0020__SIRm3,5142,1284,8,0.0,0.0,0.0,0.0,0.0,48.69355497216798,18.685137221497868
1284-134647-0001_2961-960-0015__T1__1284-1284-134647-0001__HSIMV2__4446-4446-2275-0031__SIRm3,1284,2961,5,0.0,0.0,0.0,0.0,0.0,50.18226583927148,17.271517000711224
1284-134647-0001_2961-960-0015__T2__2961-2961-960-0015__HSIMV2__3570-3570-5696-0002__SIRm3,2961,1284,14,0.0,0.0,0.0,0.0,0.0,62.65708279033032,20.968278912267937
1284-134647-0004_8230-279154-0021__T1__1284-1284-134647-0004__HSIMV2__4446-4446-2273-0002__SIRm3,1284,8230,5,0.0,0.0,0.0,0.0,0.0,60.26363129331328,18.900077851699194
1284-134647-0004_8230-279154-0021__T2__8230-8230-279154-0021__HSIMV2__61-61-70968-0035__SIRm3,8230,1284,12,0.08333333333333333,0.08333333333333333,0.0,0.0,0.0,40.81967170364182,16.038987444541387
1284-134647-0006_8455-210777-0067__T1__1284-1284-134647-0006__HSIMV2__1580-1580-141083-0012__SIRm3,1284,8455,13,0.0,0.0,0.0,0.0,0.0,54.44743733845099,18.62872187858172
1284-134647-0006_8455-210777-0067__T2__8455-8455-210777-0067__HSIMV2__1320-1320-122617-0040__SIRm3,8455,1284,6,0.0,0.0,0.0,0.0,0.0,41.40844932879626,18.93882709311382
1320-122612-0000_6829-68769-0000__T1__1320-1320-122612-0000__HSIMV2__5105-5105-28240-0021__SIRm3,1320,6829,23,0.0,0.043478260869565216,0.0,0.0,0.0,47.726086965597815,18.686906679947327
1320-122612-0000_6829-68769-0000__T2__6829-6829-68769-0000__HSIMV2__4970-4970-29095-0026__SIRm3,6829,1320,20,0.0,0.0,0.0,0.0,0.0,50.88651607254468,15.72600180308893
1320-122612-0001_2300-131720-0002__T1__1320-1320-122612-0001__HSIMV2__5105-5105-28240-0012__SIRm3,1320,2300,8,0.0,0.0,0.0,0.0,0.0,53.492143119409235,19.16503338665138
1320-122612-0001_2300-131720-0002__T2__2300-2300-131720-0002__HSIMV2__61-61-70970-0013__SIRm3,2300,1320,7,0.0,0.0,0.0,0.0,0.0,50.46597338968893,17.338043099640313
1320-122612-0002_4507-16021-0038__T1__1320-1320-122612-0002__HSIMV2__5105-5105-28240-0000__SIRm3,1320,4507,9,0.1111111111111111,0.0,0.0,0.0,0.0,61.298568957795396,19.002310301983048
1320-122612-0002_4507-16021-0038__T2__4507-4507-16021-0038__HSIMV2__3729-3729-6852-0026__SIRm3,4507,1320,6,0.0,0.0,0.0,0.0,0.0,51.23854678827208,19.859264546063653
1320-122612-0003_7176-88083-0025__T1__1320-1320-122612-0003__HSIMV2__5105-5105-28240-0004__SIRm3,1320,7176,11,0.0,0.0,0.0,0.0,0.0,49.77898068093198,17.981080880112984
1320-122612-0003_7176-88083-0025__T2__7176-7176-88083-0025__HSIMV2__61-61-70968-0047__SIRm3,7176,1320,8,0.0,0.0,0.0,0.0,0.0,54.05471896091774,17.9878023751553
1320-122612-0005_8230-279154-0027__T1__1320-1320-122612-0005__HSIMV2__5105-5105-28240-0012__SIRm3,1320,8230,8,0.0,0.0,0.0,0.0,0.0,49.11059376865621,18.723037202830724
1320-122612-0005_8230-279154-0027__T2__8230-8230-279154-0027__HSIMV2__1089-1089-134691-0010__SIRm3,8230,1320,5,0.0,0.0,0.0,0.0,0.0,58.827765180565436,19.2560191570054
1320-122612-0005_908-157963-0028__T1__1320-1320-122612-0005__HSIMV2__8455-8455-210777-0011__SIRm3,1320,908,10,0.0,0.0,0.0,0.0,0.0,46.27757962224946,19.65208579454483
1320-122612-0005_908-157963-0028__T2__908-908-157963-0028__HSIMV2__7176-7176-88083-0012__SIRm3,908,1320,8,1.0,1.0,1.0,1.0,1.0,-46.019803656934414,-23.556355683714504
1320-122612-0006_2094-142345-0034__T1__1320-1320-122612-0006__HSIMV2__8455-8455-210777-0016__SIRm3,1320,2094,8,1.0,1.0,1.0,1.0,1.0,-44.02465027308344,-21.93020923563599
1320-122612-0006_2094-142345-0034__T2__2094-2094-142345-0034__HSIMV2__3729-3729-6852-0029__SIRm3,2094,1320,14,0.0,0.0,0.0,0.0,0.0,52.85690226927851,17.379667950707912
1320-122612-0006_2830-3979-0010__T1__1320-1320-122612-0006__HSIMV2__5105-5105-28240-0022__SIRm3,1320,2830,8,0.0,0.0,0.0,0.0,0.0,54.47202620661662,18.0837703708161
1320-122612-0006_2830-3979-0010__T2__2830-2830-3979-0010__HSIMV2__8230-8230-279154-0007__SIRm3,2830,1320,5,0.0,0.0,0.0,0.0,0.0,47.27887356342408,18.32723502591409
1320-122612-0006_4446-2271-0018__T1__1320-1320-122612-0006__HSIMV2__5105-5105-28240-0022__SIRm3,1320,4446,8,0.0,0.0,0.0,0.0,0.0,54.46662647576634,18.083532512731864
1320-122612-0006_4446-2271-0018__T2__4446-4446-2271-0018__HSIMV2__1284-1284-1180-0025__SIRm3,4446,1320,10,1.0,1.0,1.0,1.0,1.0,-55.40194581671773,-24.95437536507805
1320-122612-0007_2300-131720-0005__T1__1320-1320-122612-0007__HSIMV2__5105-5105-28240-0008__SIRm3,1320,2300,10,0.0,0.0,0.0,0.0,0.0,58.29613376076885,19.1388899680984
1320-122612-0007_2300-131720-0005__T2__2300-2300-131720-0005__HSIMV2__61-61-70970-0024__SIRm3,2300,1320,12,0.0,0.0,0.0,0.0,0.0,50.08071212196105,18.4063039734015
1320-122612-0007_8463-287645-0013__T1__1320-1320-122612-0007__HSIMV2__5105-5105-28240-0000__SIRm3,1320,8463,9,0.0,0.0,0.0,0.0,0.0,55.85065365188661,18.44379606010147
1320-122612-0007_8463-287645-0013__T2__8463-8463-287645-0013__HSIMV2__4992-4992-23283-0008__SIRm3,8463,1320,8,0.0,0.0,0.0,0.0,0.0,48.08264705227231,18.612964112900816
1320-122612-0009_6930-81414-0011__T1__1320-1320-122612-0009__HSIMV2__5105-5105-28233-0003__SIRm3,1320,6930,6,0.0,0.0,0.0,0.0,0.0,56.3466798162589,19.198413541777395
1320-122612-0009_6930-81414-0011__T2__6930-6930-81414-0011__HSIMV2__260-260-123288-0013__SIRm3,6930,1320,8,0.125,0.0,0.0,0.0,0.0,52.28522646717553,18.3162140066928
1320-122612-0010_2094-142345-0048__T1__1320-1320-122612-0010__HSIMV2__5105-5105-28241-0016__SIRm3,1320,2094,11,0.0,0.0,0.0,0.0,0.0,49.69448799007925,18.115973770726605
1320-122612-0010_2094-142345-0048__T2__2094-2094-142345-0048__HSIMV2__3729-3729-6852-0031__SIRm3,2094,1320,7,0.0,0.0,0.0,0.0,0.0,51.22245809654381,19.253072750877568
1320-122612-0010_3570-5695-0003__T1__1320-1320-122612-0010__HSIMV2__5105-5105-28241-0016__SIRm3,1320,3570,11,0.0,0.0,0.0,0.0,0.0,49.71134510884788,18.115317303489967
1320-122612-0010_3570-5695-0003__T2__3570-3570-5695-0003__HSIMV2__4507-4507-16021-0054__SIRm3,3570,1320,7,0.0,0.0,0.0,0.0,0.0,50.79187282566975,21.18100283670185
1320-122612-0010_61-70968-0008__T1__1320-1320-122612-0010__HSIMV2__5105-5105-28233-0000__SIRm3,1320,61,8,0.0,0.0,0.0,0.0,0.0,62.58755858194111,19.126787392320924
1320-122612-0010_61-70968-0008__T2__61-61-70968-0008__HSIMV2__8230-8230-279154-0001__SIRm3,61,1320,6,0.0,0.0,0.0,0.0,0.0,30.098506350006442,14.693568307745997
1320-122612-0012_4507-16021-0014__T1__1320-1320-122612-0012__HSIMV2__5105-5105-28240-0003__SIRm3,1320,4507,9,0.1111111111111111,0.1111111111111111,0.1111111111111111,0.0,0.0,44.64172307556495,9.46847335682286
1320-122612-0012_4507-16021-0014__T2__4507-4507-16021-0014__HSIMV2__3729-3729-6852-0044__SIRm3,4507,1320,11,0.0,0.0,0.0,0.0,0.0,61.174470832532535,21.38775698917302
1320-122612-0013_908-157963-0025__T1__1320-1320-122612-0013__HSIMV2__5105-5105-28241-0005__SIRm3,1320,908,12,0.0,0.0,0.0,0.0,0.0,52.81469937812031,18.22103462631977
1320-122612-0013_908-157963-0025__T2__908-908-157963-0025__HSIMV2__7176-7176-88083-0014__SIRm3,908,1320,8,1.0,1.0,1.0,1.0,1.0,-38.333979088447634,-17.58401139941322
1320-122612-0014_1995-1826-0003__T1__1320-1320-122612-0014__HSIMV2__5105-5105-28240-0004__SIRm3,1320,1995,6,0.0,0.0,0.0,0.0,0.0,57.67577450539331,19.04023272789509
1320-122612-0014_1995-1826-0003__T2__1995-1995-1826-0003__HSIMV2__2094-2094-142345-0001__SIRm3,1995,1320,5,0.0,0.0,0.0,0.0,0.0,63.77814350372048,21.792884858825296
1320-122612-0014_908-31957-0016__T1__1320-1320-122612-0014__HSIMV2__5105-5105-28233-0008__SIRm3,1320,908,6,0.0,0.0,0.0,0.0,0.0,62.556873776650605,19.97037294978925
1320-122612-0014_908-31957-0016__T2__908-908-31957-0016__HSIMV2__7176-7176-92135-0022__SIRm3,908,1320,11,0.0,0.0,0.0,0.0,0.0,54.25138868920477,20.48596480931591
1320-122612-0015_6829-68771-0018__T1__1320-1320-122612-0015__HSIMV2__5105-5105-28233-0001__SIRm3,1320,6829,7,0.0,0.0,0.0,0.0,0.0,49.268406082400176,18.529995011681915
1320-122612-0015_6829-68771-0018__T2__6829-6829-68771-0018__HSIMV2__4970-4970-29093-0011__SIRm3,6829,1320,15,0.0,0.0,0.0,0.0,0.0,46.165160947588426,19.06609751676796
1320-122612-0016_7127-75946-0007__T1__1320-1320-122612-0016__HSIMV2__5105-5105-28241-0005__SIRm3,1320,7127,5,0.0,0.0,0.0,0.0,0.0,48.64421345886954,19.217766773091498
1320-122612-0016_7127-75946-0007__T2__7127-7127-75946-0007__HSIMV2__8455-8455-210777-0004__SIRm3,7127,1320,8,0.0,0.0,0.0,0.0,0.0,47.651159408734834,16.13613528493326
1320-122617-0002_8455-210777-0028__T1__1320-1320-122617-0002__HSIMV2__5105-5105-28233-0001__SIRm3,1320,8455,7,0.0,0.0,0.0,0.0,0.0,50.933509978854396,20.138168545993143
1320-122617-0002_8455-210777-0028__T2__8455-8455-210777-0028__HSIMV2__1320-1320-122617-0013__SIRm3,8455,1320,14,0.0,0.0,0.0,0.0,0.0,50.13718032056444,18.233363191105617
1320-122617-0003_1580-141084-0014__T1__1320-1320-122617-0003__HSIMV2__5105-5105-28241-0008__SIRm3,1320,1580,11,0.0,0.0,0.0,0.0,0.0,54.52812338838103,19.90302737084849
1320-122617-0003_1580-141084-0014__T2__1580-1580-141084-0014__HSIMV2__237-237-134493-0003__SIRm3,1580,1320,6,0.0,0.0,0.0,0.0,0.0,46.70770395372016,19.20925036965048
1320-122617-0003_8230-279154-0039__T1__1320-1320-122617-0003__HSIMV2__8455-8455-210777-0045__SIRm3,1320,8230,11,0.0,0.0,0.0,0.0,0.0,53.160184579490505,18.55783030444529
1320-122617-0003_8230-279154-0039__T2__8230-8230-279154-0039__HSIMV2__1089-1089-134691-0004__SIRm3,8230,1320,8,0.0,0.0,0.0,0.0,0.0,55.77790700068785,19.08509603884073
1320-122617-0004_4507-16021-0005__T1__1320-1320-122617-0004__HSIMV2__5105-5105-28240-0008__SIRm3,1320,4507,21,0.0,0.047619047619047616,0.0,0.0,0.0,52.27844347693316,18.62078925308125
1320-122617-0004_4507-16021-0005__T2__4507-4507-16021-0005__HSIMV2__3729-3729-6852-0032__SIRm3,4507,1320,7,0.0,0.0,0.0,0.0,0.0,67.62669833464729,19.75388491955862
1320-122617-0004_7127-75946-0003__T1__1320-1320-122617-0004__HSIMV2__5105-5105-28240-0001__SIRm3,1320,7127,23,0.0,0.043478260869565216,0.0,0.0,0.0,52.78138457887485,19.53654459682928
1320-122617-0004_7127-75946-0003__T2__7127-7127-75946-0003__HSIMV2__8455-8455-210777-0024__SIRm3,7127,1320,8,0.0,0.0,0.0,0.0,0.0,54.45227209144577,17.74599038572983
1320-122617-0005_3729-6852-0014__T1__1320-1320-122617-0005__HSIMV2__5105-5105-28233-0004__SIRm3,1320,3729,7,0.0,0.0,0.0,0.0,0.0,53.65819988404012,17.726495517892772
1320-122617-0005_3729-6852-0014__T2__3729-3729-6852-0014__HSIMV2__4507-4507-16021-0029__SIRm3,3729,1320,6,0.0,0.0,0.0,0.0,0.0,52.00541811236079,18.72574260899283
1320-122617-0006_5105-28240-0001__T1__1320-1320-122617-0006__HSIMV2__5105-5105-28240-0016__SIRm3,1320,5105,7,0.0,0.14285714285714285,0.0,0.0,0.0,43.95341358072691,18.81033468612989
1320-122617-0006_5105-28240-0001__T2__5105-5105-28240-0001__HSIMV2__1320-1320-122617-0005__SIRm3,5105,1320,7,0.0,0.0,0.0,0.0,0.0,48.52826481480839,18.430152513905497
1320-122617-0008_1221-135767-0021__T1__1320-1320-122617-0008__HSIMV2__5105-5105-28233-0006__SIRm3,1320,1221,7,0.0,0.0,0.0,0.0,0.0,51.38919774175605,20.057403815625904
1320-122617-0008_1221-135767-0021__T2__1221-1221-135767-0021__HSIMV2__4992-4992-41797-0010__SIRm3,1221,1320,12,0.0,0.0,0.0,0.0,0.0,46.400330636824094,19.01103999851126
1320-122617-0008_4970-29095-0014__T1__1320-1320-122617-0008__HSIMV2__5105-5105-28240-0021__SIRm3,1320,4970,7,0.0,0.0,0.0,0.0,0.0,42.81483328286679,16.762825077592527
1320-122617-0008_4970-29095-0014__T2__4970-4970-29095-0014__HSIMV2__8555-8555-292519-0004__SIRm3,4970,1320,5,0.0,0.0,0.0,0.0,0.0,79.62808946017938,21.654408733283308
1320-122617-0009_4992-23283-0019__T1__1320-1320-122617-0009__HSIMV2__5105-5105-28241-0016__SIRm3,1320,4992,11,0.0,0.0,0.0,0.0,0.0,57.931016827486204,20.83250977008913
1320-122617-0009_4992-23283-0019__T2__4992-4992-23283-0019__HSIMV2__4446-4446-2275-0016__SIRm3,4992,1320,12,0.0,0.0,0.0,0.0,0.0,59.935499343206395,20.789784385183346
1320-122617-0011_61-70968-0000__T1__1320-1320-122617-0011__HSIMV2__5105-5105-28240-0021__SIRm3,1320,61,18,0.0,0.0,0.0,0.0,0.0,50.17974847354097,18.66781298931734
1320-122617-0011_61-70968-0000__T2__61-61-70968-0000__HSIMV2__7176-7176-92135-0014__SIRm3,61,1320,8,0.0,0.0,0.0,0.0,0.0,43.97818249807001,13.504739576999288
1320-122617-0011_7127-75947-0003__T1__1320-1320-122617-0011__HSIMV2__5105-5105-28240-0002__SIRm3,1320,7127,7,0.0,0.0,0.0,0.0,0.0,53.68711164463394,19.43822789472816
1320-122617-0011_7127-75947-0003__T2__7127-7127-75947-0003__HSIMV2__8455-8455-210777-0025__SIRm3,7127,1320,6,0.0,0.0,0.0,0.0,0.0,46.49301888475384,17.730980760648926
1320-122617-0012_4446-2273-0007__T1__1320-1320-122617-0012__HSIMV2__5105-5105-28241-0006__SIRm3,1320,4446,14,0.0,0.07142857142857142,0.0,0.0,0.0,52.01893858522481,19.62776367801504
1320-122617-0012_4446-2273-0007__T2__4446-4446-2273-0007__HSIMV2__1284-1284-1180-0025__SIRm3,4446,1320,5,0.0,0.0,0.0,0.0,0.0,49.389851045309236,19.356933224086973
1320-122617-0012_4446-2273-0029__T1__1320-1320-122617-0012__HSIMV2__5105-5105-28241-0012__SIRm3,1320,4446,12,0.08333333333333333,0.0,0.0,0.0,0.0,49.85756324694885,19.098632254634538
1320-122617-0012_4446-2273-0029__T2__4446-4446-2273-0029__HSIMV2__1284-1284-1180-0021__SIRm3,4446,1320,5,0.0,0.0,0.0,0.0,0.0,43.541924637727675,17.34141518151221
1320-122617-0012_672-122797-0036__T1__1320-1320-122617-0012__HSIMV2__5105-5105-28233-0002__SIRm3,1320,672,14,0.0,0.0,0.0,0.0,0.0,56.11840084680222,19.48993770421448
1320-122617-0012_672-122797-0036__T2__672-672-122797-0036__HSIMV2__1320-1320-122617-0004__SIRm3,672,1320,9,1.0,1.0,1.0,1.0,1.0,-48.00596450452073,-25.156972323624927
1320-122617-0012_8463-294828-0003__T1__1320-1320-122617-0012__HSIMV2__8455-8455-210777-0000__SIRm3,1320,8463,14,0.0,0.0,0.0,0.0,0.0,50.08359231639189,18.39551045752082
1320-122617-0012_8463-294828-0003__T2__8463-8463-294828-0003__HSIMV2__4992-4992-23283-0018__SIRm3,8463,1320,12,0.0,0.0,0.0,0.0,0.0,54.57513916967357,19.4433981813656
1320-122617-0013_2094-142345-0036__T1__1320-1320-122617-0013__HSIMV2__5105-5105-28241-0003__SIRm3,1320,2094,6,0.0,0.0,0.0,0.0,0.0,52.48884213798217,18.099681376165616
1320-122617-0013_2094-142345-0036__T2__2094-2094-142345-0036__HSIMV2__3729-3729-6852-0027__SIRm3,2094,1320,5,0.0,0.2,0.0,0.0,0.0,52.38429155189725,21.39200780669281
1320-122617-0014_1089-134686-0008__T1__1320-1320-122617-0014__HSIMV2__5105-5105-28240-0003__SIRm3,1320,1089,7,0.0,0.0,0.0,0.0,0.0,55.36166569301751,16.00189092171178
1320-122617-0014_1089-134686-0008__T2__1089-1089-134686-0008__HSIMV2__8230-8230-279154-0008__SIRm3,1089,1320,6,0.0,0.0,0.0,0.0,0.0,45.91676402855587,18.839356971065097
1320-122617-0015_672-122797-0051__T1__1320-1320-122617-0015__HSIMV2__5105-5105-28240-0012__SIRm3,1320,672,8,0.0,0.0,0.0,0.0,0.0,50.45536778169637,19.11220644362356
1320-122617-0015_672-122797-0051__T2__672-672-122797-0051__HSIMV2__260-260-123288-0022__SIRm3,672,1320,6,0.0,0.0,0.0,0.0,0.0,33.680079316995396,15.336852162831324
1320-122617-0016_2961-960-0020__T1__1320-1320-122617-0016__HSIMV2__8455-8455-210777-0062__SIRm3,1320,2961,5,0.0,0.0,0.0,0.0,0.0,43.75975137457784,15.733885832248324
1320-122617-0016_2961-960-0020__T2__2961-2961-960-0020__HSIMV2__3570-3570-5695-0007__SIRm3,2961,1320,18,0.0,0.0,0.0,0.0,0.0,59.584523918156165,20.84919076960441
1320-122617-0017_4992-41797-0005__T1__1320-1320-122617-0017__HSIMV2__5105-5105-28240-0024__SIRm3,1320,4992,10,0.0,0.0,0.0,0.0,0.0,53.00713659963765,18.49947213733426
1320-122617-0017_4992-41797-0005__T2__4992-4992-41797-0005__HSIMV2__4446-4446-2275-0013__SIRm3,4992,1320,6,0.0,0.0,0.0,0.0,0.0,54.18780978852107,18.76887436352996
1320-122617-0017_6930-76324-0004__T1__1320-1320-122617-0017__HSIMV2__8455-8455-210777-0026__SIRm3,1320,6930,5,0.0,0.0,0.0,0.0,0.0,30.293341411897785,15.6413607946713
1320-122617-0017_6930-76324-0004__T2__6930-6930-76324-0004__HSIMV2__260-260-123440-0011__SIRm3,6930,1320,8,0.0,0.0,0.0,0.0,0.0,55.57454473809851,19.09307404530132
1320-122617-0018_1995-1826-0004__T1__1320-1320-122617-0018__HSIMV2__5105-5105-28241-0011__SIRm3,1320,1995,18,0.1111111111111111,0.0,0.0,0.0,0.0,53.35945414871108,19.571602554506573
1320-122617-0018_1995-1826-0004__T2__1995-1995-1826-0004__HSIMV2__2094-2094-142345-0028__SIRm3,1995,1320,5,0.0,0.0,0.0,0.0,0.0,60.64268817655257,25.12502214004598
1320-122617-0018_672-122797-0007__T1__1320-1320-122617-0018__HSIMV2__5105-5105-28240-0016__SIRm3,1320,672,7,0.0,0.0,0.0,0.0,0.0,43.97417800374113,18.003328839458213
1320-122617-0018_672-122797-0007__T2__672-672-122797-0007__HSIMV2__260-260-123286-0017__SIRm3,672,1320,6,0.16666666666666666,0.0,0.0,0.0,0.0,44.92327400728822,16.599135858163784
1320-122617-0020_61-70970-0019__T1__1320-1320-122617-0020__HSIMV2__5105-5105-28241-0018__SIRm3,1320,61,16,0.0625,0.0625,0.0,0.0,0.0,58.559859409050944,21.10101672398296
1320-122617-0020_61-70970-0019__T2__61-61-70970-0019__HSIMV2__8230-8230-279154-0023__SIRm3,61,1320,6,0.0,0.0,0.0,0.0,0.0,47.10141353800381,16.485296449030365
1320-122617-0020_6930-76324-0028__T1__1320-1320-122617-0020__HSIMV2__5105-5105-28240-0007__SIRm3,1320,6930,8,0.0,0.0,0.0,0.0,0.0,51.67240769622312,19.81973498970768
1320-122617-0020_6930-76324-0028__T2__6930-6930-76324-0028__HSIMV2__260-260-123286-0019__SIRm3,6930,1320,18,0.0,0.0,0.0,0.0,0.0,37.5800346712072,9.04972705255512
1320-122617-0021_5105-28233-0002__T1__1320-1320-122617-0021__HSIMV2__5105-5105-28240-0007__SIRm3,1320,5105,8,0.0,0.0,0.0,0.0,0.0,50.49906555379215,20.49599595505409
1320-122617-0021_5105-28233-0002__T2__5105-5105-28233-0002__HSIMV2__1320-1320-122612-0004__SIRm3,5105,1320,11,0.0,0.0,0.0,0.0,0.0,67.39383732632467,19.23905536933788
1320-122617-0021_6829-68771-0018__T1__1320-1320-122617-0021__HSIMV2__5105-5105-28241-0012__SIRm3,1320,6829,9,0.0,0.0,0.0,0.0,0.0,78.14868344700619,21.83381395240165
1320-122617-0021_6829-68771-0018__T2__6829-6829-68771-0018__HSIMV2__4970-4970-29095-0011__SIRm3,6829,1320,5,0.0,0.0,0.0,0.0,0.0,58.27167224328009,17.76619779434602
1320-122617-0022_1284-1180-0025__T1__1320-1320-122617-0022__HSIMV2__5105-5105-28240-0019__SIRm3,1320,1284,6,0.0,0.0,0.0,0.0,0.0,67.86264349577455,21.1710068945088
1320-122617-0022_1284-1180-0025__T2__1284-1284-1180-0025__HSIMV2__4446-4446-2271-0013__SIRm3,1284,1320,7,0.0,0.0,0.0,0.0,0.0,40.88346124525559,16.98130065549746
1320-122617-0023_6930-81414-0002__T1__1320-1320-122617-0023__HSIMV2__5105-5105-28241-0011__SIRm3,1320,6930,14,0.0,0.0,0.0,0.0,0.0,49.654979172628764,19.926637288493826
1320-122617-0023_6930-81414-0002__T2__6930-6930-81414-0002__HSIMV2__260-260-123288-0001__SIRm3,6930,1320,4,0.0,0.0,0.0,0.0,0.0,57.65341187589614,19.290059543915504
1320-122617-0025_260-123440-0019__T1__1320-1320-122617-0025__HSIMV2__5105-5105-28240-0003__SIRm3,1320,260,9,0.0,0.1111111111111111,0.0,0.0,0.0,58.0586701452834,18.882777127405344
1320-122617-0025_260-123440-0019__T2__260-260-123440-0019__HSIMV2__672-672-122797-0068__SIRm3,260,1320,7,0.0,0.0,0.0,0.0,0.0,42.939651613893595,11.199730279126417
1320-122617-0025_2961-961-0001__T1__1320-1320-122617-0025__HSIMV2__5105-5105-28233-0002__SIRm3,1320,2961,11,0.0,0.0,0.0,0.0,0.0,57.77569398648735,19.05179574125862
1320-122617-0025_2961-961-0001__T2__2961-2961-961-0001__HSIMV2__3570-3570-5694-0015__SIRm3,2961,1320,15,0.0,0.0,0.0,0.0,0.0,59.305929732394915,20.383405005320338
1320-122617-0026_6930-81414-0015__T1__1320-1320-122617-0026__HSIMV2__8455-8455-210777-0046__SIRm3,1320,6930,9,0.0,0.0,0.0,0.0,0.0,57.70970387260658,19.360488226224128
1320-122617-0026_6930-81414-0015__T2__6930-6930-81414-0015__HSIMV2__1320-1320-122617-0022__SIRm3,6930,1320,6,0.0,0.0,0.0,0.0,0.0,49.64188944526018,18.43048885800598
1320-122617-0027_1580-141084-0048__T1__1320-1320-122617-0027__HSIMV2__5105-5105-28241-0006__SIRm3,1320,1580,10,0.0,0.0,0.0,0.0,0.0,55.43943286665866,20.87439615670196
1320-122617-0027_1580-141084-0048__T2__1580-1580-141084-0048__HSIMV2__237-237-126133-0021__SIRm3,1580,1320,7,0.0,0.0,0.0,0.0,0.0,50.137059900900354,18.25009015950385
1320-122617-0027_4507-16021-0054__T1__1320-1320-122617-0027__HSIMV2__5105-5105-28240-0009__SIRm3,1320,4507,10,0.2,0.0,0.0,0.0,0.0,54.27151884031455,18.33022615965357
1320-122617-0027_4507-16021-0054__T2__4507-4507-16021-0054__HSIMV2__3729-3729-6852-0002__SIRm3,4507,1320,7,0.0,0.0,0.0,0.0,0.0,48.41662865394205,20.247600562144523
1320-122617-0029_4507-16021-0046__T1__1320-1320-122617-0029__HSIMV2__8455-8455-210777-0002__SIRm3,1320,4507,11,0.0,0.09090909090909091,0.0,0.0,0.0,50.49067370391372,18.638757986809274
1320-122617-0029_4507-16021-0046__T2__4507-4507-16021-0046__HSIMV2__3729-3729-6852-0023__SIRm3,4507,1320,8,0.0,0.0,0.0,0.0,0.0,58.070577317993724,20.605801397835403
1320-122617-0030_1089-134686-0013__T1__1320-1320-122617-0030__HSIMV2__5105-5105-28240-0011__SIRm3,1320,1089,6,0.0,0.0,0.0,0.0,0.0,47.15074123496266,18.065521915068857
1320-122617-0030_1089-134686-0013__T2__1089-1089-134686-0013__HSIMV2__8230-8230-279154-0028__SIRm3,1089,1320,14,0.0,0.0,0.0,0.0,0.0,53.02036765028771,19.110978258998088
1320-122617-0030_8455-210777-0014__T1__1320-1320-122617-0030__HSIMV2__5105-5105-28241-0012__SIRm3,1320,8455,6,0.0,0.0,0.0,0.0,0.0,48.12669319159434,20.76293065616176
1320-122617-0030_8455-210777-0014__T2__8455-8455-210777-0014__HSIMV2__1320-1320-122612-0015__SIRm3,8455,1320,7,0.0,0.0,0.0,0.0,0.0,53.18684772247023,18.10937405865653
1320-122617-0030_8455-210777-0056__T1__1320-1320-122617-0030__HSIMV2__5105-5105-28233-0003__SIRm3,1320,8455,6,0.0,0.0,0.0,0.0,0.0,56.371852444628985,19.84225723353982
1320-122617-0030_8455-210777-0056__T2__8455-8455-210777-0056__HSIMV2__1320-1320-122617-0023__SIRm3,8455,1320,10,0.1,0.0,0.0,0.0,0.0,55.48939320274603,19.758219081661053
1320-122617-0031_6829-68769-0010__T1__1320-1320-122617-0031__HSIMV2__5105-5105-28241-0005__SIRm3,1320,6829,11,0.0,0.0,0.0,0.0,0.0,51.57397324166684,18.913486988859923
1320-122617-0031_6829-68769-0010__T2__6829-6829-68769-0010__HSIMV2__4970-4970-29093-0007__SIRm3,6829,1320,5,0.0,0.0,0.0,0.0,0.0,51.39692748269779,17.918278631702
1320-122617-0033_3575-170457-0045__T1__1320-1320-122617-0033__HSIMV2__5105-5105-28240-0014__SIRm3,1320,3575,5,0.0,0.0,0.0,0.0,0.0,52.541331585594456,17.382351978452135
1320-122617-0033_3575-170457-0045__T2__3575-3575-170457-0045__HSIMV2__237-237-126133-0011__SIRm3,3575,1320,12,0.0,0.0,0.0,0.0,0.0,54.029934053575595,21.37939951863409
1320-122617-0033_4507-16021-0018__T1__1320-1320-122617-0033__HSIMV2__5105-5105-28240-0019__SIRm3,1320,4507,11,0.0,0.0,0.0,0.0,0.0,53.962368519495776,20.54219185831648
1320-122617-0033_4507-16021-0018__T2__4507-4507-16021-0018__HSIMV2__3729-3729-6852-0001__SIRm3,4507,1320,5,0.0,0.0,0.0,0.0,0.0,56.6252689778769,20.0577643562819
1320-122617-0034_7127-75947-0007__T1__1320-1320-122617-0034__HSIMV2__5105-5105-28240-0012__SIRm3,1320,7127,8,0.0,0.0,0.0,0.0,0.0,50.69459250532772,20.00412123096032
1320-122617-0034_7127-75947-0007__T2__7127-7127-75947-0007__HSIMV2__8455-8455-210777-0057__SIRm3,7127,1320,9,0.0,0.0,0.0,0.0,0.0,45.50788945724091,17.948658854669233
1320-122617-0035_121-121726-0009__T1__1320-1320-122617-0035__HSIMV2__5105-5105-28240-0014__SIRm3,1320,121,5,0.2,0.0,0.0,0.0,0.0,58.038221213323865,21.495375868549967
1320-122617-0035_121-121726-0009__T2__121-121-121726-0009__HSIMV2__237-237-134500-0016__SIRm3,121,1320,5,0.0,0.8,0.0,0.0,0.0,46.170764769188295,20.07062250641546
1320-122617-0036_237-134493-0012__T1__1320-1320-122617-0036__HSIMV2__5105-5105-28241-0000__SIRm3,1320,237,11,0.09090909090909091,0.0,0.0,0.0,0.0,60.44452816283834,19.12602094786717
1320-122617-0036_237-134493-0012__T2__237-237-134493-0012__HSIMV2__5683-5683-32866-0006__SIRm3,237,1320,6,0.0,0.0,0.0,0.0,0.0,53.90631033588482,20.10147625246723
1320-122617-0037_1221-135767-0018__T1__1320-1320-122617-0037__HSIMV2__5105-5105-28240-0000__SIRm3,1320,1221,9,0.0,0.0,0.0,0.0,0.0,47.60365277598011,18.662775863610616
1320-122617-0037_1221-135767-0018__T2__1221-1221-135767-0018__HSIMV2__4992-4992-23283-0005__SIRm3,1221,1320,20,0.0,0.0,0.0,0.0,0.0,44.240169691635266,16.829927954419126
1320-122617-0037_3570-5695-0009__T1__1320-1320-122617-0037__HSIMV2__5105-5105-28240-0004__SIRm3,1320,3570,11,0.0,0.0,0.0,0.0,0.0,50.131724372236775,19.36748349682431
1320-122617-0037_3570-5695-0009__T2__3570-3570-5695-0009__HSIMV2__4507-4507-16021-0022__SIRm3,3570,1320,9,0.0,0.0,0.0,0.0,0.0,48.52524836913658,19.618310214921248
1320-122617-0040_1580-141083-0023__T1__1320-1320-122617-0040__HSIMV2__5105-5105-28240-0007__SIRm3,1320,1580,8,0.0,0.0,0.0,0.0,0.0,52.069640395668415,19.49337770168699
1320-122617-0040_1580-141083-0023__T2__1580-1580-141083-0023__HSIMV2__237-237-126133-0023__SIRm3,1580,1320,5,0.0,0.0,0.0,0.0,0.0,50.15429417277555,19.06280783187184
1320-122617-0040_8224-274381-0007__T1__1320-1320-122617-0040__HSIMV2__5105-5105-28240-0002__SIRm3,1320,8224,7,0.0,0.0,0.0,0.0,0.0,46.2718421094718,18.23966791284621
1320-122617-0040_8224-274381-0007__T2__8224-8224-274381-0007__HSIMV2__8455-8455-210777-0019__SIRm3,8224,1320,15,0.0,0.0,0.0,0.0,0.0,49.44796739711906,18.26315199894569
1320-122617-0041_1580-141083-0003__T1__1320-1320-122617-0041__HSIMV2__5105-5105-28233-0010__SIRm3,1320,1580,7,0.0,0.0,0.0,0.0,0.0,55.0346469335787,19.67724956009481
1320-122617-0041_1580-141083-0003__T2__1580-1580-141083-0003__HSIMV2__237-237-134493-0003__SIRm3,1580,1320,12,0.0,0.0,0.0,0.0,0.0,49.95666554434041,18.848506853738865
1580-141083-0000_7729-102255-0030__T1__1580-1580-141083-0000__HSIMV2__237-237-134500-0021__SIRm3,1580,7729,9,0.0,0.0,0.0,0.0,0.0,47.66124363969433,18.38069433663158
1580-141083-0000_7729-102255-0030__T2__7729-7729-102255-0030__HSIMV2__7176-7176-88083-0003__SIRm3,7729,1580,13,0.0,0.0,0.0,0.0,0.0,49.01755871402185,16.315706642870534
1580-141083-0001_3729-6852-0024__T1__1580-1580-141083-0001__HSIMV2__237-237-126133-0016__SIRm3,1580,3729,7,0.0,0.0,0.0,0.0,0.0,55.78282015972611,20.27356350885576
1580-141083-0001_3729-6852-0024__T2__3729-3729-6852-0024__HSIMV2__4507-4507-16021-0003__SIRm3,3729,1580,8,0.125,0.125,0.0,0.0,0.0,51.80737537895739,18.44913064624897
1580-141083-0002_1188-133604-0037__T1__1580-1580-141083-0002__HSIMV2__237-237-134500-0022__SIRm3,1580,1188,9,0.0,0.0,0.0,0.0,0.0,53.86178175471184,21.00369359571464
1580-141083-0002_1188-133604-0037__T2__1188-1188-133604-0037__HSIMV2__2830-2830-3980-0051__SIRm3,1188,1580,11,0.09090909090909091,0.0,0.0,0.0,0.0,45.40986247606064,16.414663111383835
1580-141083-0004_260-123286-0019__T1__1580-1580-141083-0004__HSIMV2__237-237-126133-0019__SIRm3,1580,260,8,0.0,0.0,0.0,0.0,0.0,49.83999085578181,16.909579388089753
1580-141083-0004_260-123286-0019__T2__260-260-123286-0019__HSIMV2__672-672-122797-0044__SIRm3,260,1580,6,0.0,0.5,0.0,0.0,0.0,40.86284717480638,14.795339674847064
1580-141083-0004_4446-2273-0007__T1__1580-1580-141083-0004__HSIMV2__237-237-126133-0017__SIRm3,1580,4446,8,0.0,0.0,0.0,0.0,0.0,45.460612751698065,17.145414329228153
1580-141083-0004_4446-2273-0007__T2__4446-4446-2273-0007__HSIMV2__4992-4992-41797-0009__SIRm3,4446,1580,5,0.0,0.0,0.0,0.0,0.0,57.66146596205065,19.533396131786727
1580-141083-0006_6829-68771-0014__T1__1580-1580-141083-0006__HSIMV2__237-237-134500-0018__SIRm3,1580,6829,20,0.0,0.0,0.0,0.0,0.0,49.89375361690712,19.61068249871921
1580-141083-0006_6829-68771-0014__T2__6829-6829-68771-0014__HSIMV2__4446-4446-2275-0028__SIRm3,6829,1580,6,0.0,0.0,0.0,0.0,0.0,48.842793937984425,16.552499617290472
1580-141083-0006_7176-88083-0024__T1__1580-1580-141083-0006__HSIMV2__237-237-134500-0023__SIRm3,1580,7176,5,0.0,0.0,0.0,0.0,0.0,47.13599185493573,20.969179861096844
1580-141083-0006_7176-88083-0024__T2__7176-7176-88083-0024__HSIMV2__61-61-70968-0025__SIRm3,7176,1580,7,0.0,0.0,0.0,0.0,0.0,35.36865724302292,15.369054603590694
1580-141083-0008_1284-1181-0002__T1__1580-1580-141083-0008__HSIMV2__237-237-126133-0001__SIRm3,1580,1284,7,0.0,0.0,0.0,0.0,0.0,44.253499861093985,17.962919556516965
1580-141083-0008_1284-1181-0002__T2__1284-1284-1181-0002__HSIMV2__4446-4446-2275-0008__SIRm3,1284,1580,6,0.0,0.0,0.0,0.0,0.0,58.50805702114216,19.70421395713285
1580-141083-0008_4507-16021-0029__T1__1580-1580-141083-0008__HSIMV2__1284-1284-1180-0020__SIRm3,1580,4507,7,0.0,0.0,0.0,0.0,0.0,51.06507719744599,19.190305313453543
1580-141083-0008_4507-16021-0029__T2__4507-4507-16021-0029__HSIMV2__3729-3729-6852-0046__SIRm3,4507,1580,6,0.0,0.0,0.0,0.0,0.0,54.29904376207899,20.942750574289608
1580-141083-0008_5142-33396-0056__T1__1580-1580-141083-0008__HSIMV2__237-237-134500-0031__SIRm3,1580,5142,7,0.0,0.0,0.0,0.0,0.0,50.096567810294935,18.92107356842256
1580-141083-0008_5142-33396-0056__T2__5142-5142-33396-0056__HSIMV2__4970-4970-29095-0029__SIRm3,5142,1580,5,0.0,0.0,0.0,0.0,0.0,42.71109907938303,18.426252505494563
1580-141083-0008_7729-102255-0020__T1__1580-1580-141083-0008__HSIMV2__237-237-134500-0031__SIRm3,1580,7729,7,0.0,0.0,0.0,0.0,0.0,50.095755768674735,18.921079840112792
1580-141083-0008_7729-102255-0020__T2__7729-7729-102255-0020__HSIMV2__7176-7176-88083-0003__SIRm3,7729,1580,14,0.0,0.0,0.0,0.0,0.0,51.683499749326735,17.278139303812637
1580-141083-0010_260-123440-0007__T1__1580-1580-141083-0010__HSIMV2__1284-1284-134647-0002__SIRm3,1580,260,9,0.0,0.0,0.0,0.0,0.0,54.8122056925307,21.810573788878003
1580-141083-0010_260-123440-0007__T2__260-260-123440-0007__HSIMV2__6930-6930-81414-0023__SIRm3,260,1580,5,0.0,0.0,0.0,0.0,0.0,73.86034929908897,22.34141661667376
1580-141083-0013_237-134493-0004__T1__1580-1580-141083-0013__HSIMV2__237-237-134500-0016__SIRm3,1580,237,5,0.0,0.0,0.0,0.0,0.0,59.63424981821544,20.39742998552256
1580-141083-0013_237-134493-0004__T2__237-237-134493-0004__HSIMV2__1580-1580-141083-0007__SIRm3,237,1580,8,0.0,0.0,0.0,0.0,0.0,61.88031354363243,19.911899525033675
1580-141083-0015_1995-1836-0008__T1__1580-1580-141083-0015__HSIMV2__237-237-126133-0011__SIRm3,1580,1995,8,0.0,0.0,0.0,0.0,0.0,46.56624660825882,17.179800565740262
1580-141083-0015_1995-1836-0008__T2__1995-1995-1836-0008__HSIMV2__2094-2094-142345-0044__SIRm3,1995,1580,6,0.0,0.0,0.0,0.0,0.0,54.65433628852127,20.53108727811397
1580-141083-0015_7127-75947-0008__T1__1580-1580-141083-0015__HSIMV2__1284-1284-1180-0020__SIRm3,1580,7127,8,0.0,0.0,0.0,0.0,0.0,59.15056630893335,20.266787372080376
1580-141083-0015_7127-75947-0008__T2__7127-7127-75947-0008__HSIMV2__8455-8455-210777-0062__SIRm3,7127,1580,5,0.0,0.0,0.0,0.0,0.0,48.00778806123536,18.59826156111116
1580-141083-0015_7176-92135-0006__T1__1580-1580-141083-0015__HSIMV2__237-237-126133-0019__SIRm3,1580,7176,8,0.0,0.0,0.0,0.0,0.0,53.91669670165996,18.409158129454266
1580-141083-0015_7176-92135-0006__T2__7176-7176-92135-0006__HSIMV2__61-61-70970-0021__SIRm3,7176,1580,9,0.0,0.0,0.0,0.0,0.0,41.61280438261019,16.12979976419012
1580-141083-0016_2830-3980-0065__T1__1580-1580-141083-0016__HSIMV2__237-237-134493-0003__SIRm3,1580,2830,7,0.0,0.0,0.0,0.0,0.0,55.258621275418456,20.06513530246041
1580-141083-0016_2830-3980-0065__T2__2830-2830-3980-0065__HSIMV2__1188-1188-133604-0016__SIRm3,2830,1580,12,0.0,0.0,0.0,0.0,0.0,47.64555320123162,17.678771278434855
1580-141083-0016_61-70968-0024__T1__1580-1580-141083-0016__HSIMV2__237-237-126133-0002__SIRm3,1580,61,7,0.14285714285714285,0.0,0.0,0.0,0.0,44.55239798823664,18.657227204291782
1580-141083-0016_61-70968-0024__T2__61-61-70968-0024__HSIMV2__8230-8230-279154-0028__SIRm3,61,1580,11,0.0,0.0,0.0,0.0,0.0,40.422438596134924,16.79586870493907
1580-141083-0020_237-126133-0009__T1__1580-1580-141083-0020__HSIMV2__237-237-126133-0009__SIRm3,1580,237,6,0.0,0.0,0.0,0.0,0.0,47.77229317183244,18.52843818731453
1580-141083-0020_237-126133-0009__T2__237-237-126133-0009__HSIMV2__5683-5683-32866-0030__SIRm3,237,1580,6,0.0,0.0,0.0,0.0,0.0,59.79867600103441,22.063303152490263
1580-141083-0020_5105-28241-0008__T1__1580-1580-141083-0020__HSIMV2__237-237-134500-0022__SIRm3,1580,5105,9,0.0,0.0,0.0,0.0,0.0,51.369601208767946,19.353229143301377
1580-141083-0020_5105-28241-0008__T2__5105-5105-28241-0008__HSIMV2__1320-1320-122617-0019__SIRm3,5105,1580,15,0.0,0.0,0.0,0.0,0.0,52.773375101356095,19.405068335771936
1580-141083-0021_2961-961-0005__T1__1580-1580-141083-0021__HSIMV2__237-237-134493-0003__SIRm3,1580,2961,6,0.0,0.0,0.0,0.0,0.0,51.633334249027264,19.921024032035625
1580-141083-0021_2961-961-0005__T2__2961-2961-961-0005__HSIMV2__3570-3570-5695-0010__SIRm3,2961,1580,6,0.0,0.0,0.0,0.0,0.0,52.33437104089678,19.89245846616398
1580-141083-0022_4446-2271-0017__T1__1580-1580-141083-0022__HSIMV2__237-237-134500-0006__SIRm3,1580,4446,5,0.0,0.0,0.0,0.0,0.0,52.77894490732158,18.493004727188115
1580-141083-0022_4446-2271-0017__T2__4446-4446-2271-0017__HSIMV2__1284-1284-1180-0015__SIRm3,4446,1580,10,1.0,1.0,1.0,1.0,1.0,-59.358498873585894,-33.44453524193359
1580-141083-0022_4446-2273-0003__T1__1580-1580-141083-0022__HSIMV2__237-237-134500-0003__SIRm3,1580,4446,5,0.0,0.0,0.0,0.0,0.0,38.16082311384454,11.866486945640718
1580-141083-0022_4446-2273-0003__T2__4446-4446-2273-0003__HSIMV2__1284-1284-1180-0005__SIRm3,4446,1580,12,0.0,0.0,0.0,0.0,0.0,55.73549759313109,21.55990050417227
1580-141083-0023_121-127105-0012__T1__1580-1580-141083-0023__HSIMV2__237-237-134500-0040__SIRm3,1580,121,5,0.0,0.0,0.0,0.0,0.0,54.75504321605056,20.53423761395997
1580-141083-0023_121-127105-0012__T2__121-121-127105-0012__HSIMV2__237-237-134493-0006__SIRm3,121,1580,7,1.0,1.0,1.0,1.0,1.0,-61.64589128186112,-33.30469558076834
1580-141083-0023_8455-210777-0048__T1__1580-1580-141083-0023__HSIMV2__237-237-126133-0024__SIRm3,1580,8455,5,0.0,0.0,0.0,0.0,0.0,52.94998545408733,19.09917781104514
1580-141083-0023_8455-210777-0048__T2__8455-8455-210777-0048__HSIMV2__1320-1320-122612-0006__SIRm3,8455,1580,5,0.0,0.0,0.0,0.0,0.0,48.125895070750055,15.079671479383942
1580-141083-0024_1995-1837-0009__T1__1580-1580-141083-0024__HSIMV2__1284-1284-1181-0000__SIRm3,1580,1995,6,0.0,0.0,0.0,0.0,0.0,47.30406467417598,19.85555779088886
1580-141083-0024_1995-1837-0009__T2__1995-1995-1837-0009__HSIMV2__2094-2094-142345-0050__SIRm3,1995,1580,6,0.0,0.0,0.0,0.0,0.0,52.44465695397279,21.91307116015579
1580-141083-0024_237-134500-0028__T1__1580-1580-141083-0024__HSIMV2__237-237-134493-0011__SIRm3,1580,237,7,0.14285714285714285,0.0,0.0,0.0,0.0,53.723270831554146,20.50011613589216
1580-141083-0024_237-134500-0028__T2__237-237-134500-0028__HSIMV2__1580-1580-141084-0000__SIRm3,237,1580,8,0.0,0.0,0.0,0.0,0.0,48.43480296349687,19.886630194723267
1580-141083-0025_4446-2275-0035__T1__1580-1580-141083-0025__HSIMV2__237-237-134500-0027__SIRm3,1580,4446,5,0.0,0.0,0.0,0.0,0.0,48.324440779092,17.326773023308366
1580-141083-0025_4446-2275-0035__T2__4446-4446-2275-0035__HSIMV2__1284-1284-1181-0016__SIRm3,4446,1580,7,0.0,0.0,0.0,0.0,0.0,47.636031524685166,17.756920907550885
1580-141083-0025_672-122797-0013__T1__1580-1580-141083-0025__HSIMV2__237-237-134500-0027__SIRm3,1580,672,5,0.0,0.0,0.0,0.0,0.0,48.32083769629547,17.32328729439123
1580-141083-0025_672-122797-0013__T2__672-672-122797-0013__HSIMV2__1320-1320-122612-0009__SIRm3,672,1580,6,1.0,1.0,1.0,1.0,1.0,-45.73864521327457,-25.5565544601071
1580-141083-0026_1188-133604-0037__T1__1580-1580-141083-0026__HSIMV2__237-237-134500-0016__SIRm3,1580,1188,5,0.0,0.0,0.0,0.0,0.0,50.59729501440173,18.79154111409156
1580-141083-0026_1188-133604-0037__T2__1188-1188-133604-0037__HSIMV2__2830-2830-3980-0065__SIRm3,1188,1580,12,0.0,0.0,0.0,0.0,0.0,47.324816495110504,17.810297883362924
1580-141083-0026_5683-32879-0023__T1__1580-1580-141083-0026__HSIMV2__237-237-134500-0033__SIRm3,1580,5683,8,0.0,0.0,0.0,0.0,0.0,49.25287987136318,19.83713809785082
1580-141083-0026_5683-32879-0023__T2__5683-5683-32879-0023__HSIMV2__237-237-134500-0022__SIRm3,5683,1580,8,0.0,0.0,0.0,0.0,0.0,49.97596145202557,19.00215248611133
1580-141083-0027_4077-13751-0000__T1__1580-1580-141083-0027__HSIMV2__237-237-126133-0001__SIRm3,1580,4077,9,0.0,0.0,0.0,0.0,0.0,45.247339163509224,18.367884805688327
1580-141083-0027_4077-13751-0000__T2__4077-4077-13751-0000__HSIMV2__8455-8455-210777-0049__SIRm3,4077,1580,7,0.0,0.0,0.0,0.0,0.0,51.96203845307268,18.932969341744773
1580-141083-0027_6930-75918-0005__T1__1580-1580-141083-0027__HSIMV2__237-237-126133-0004__SIRm3,1580,6930,5,0.0,0.0,0.0,0.0,0.0,57.888743168076324,21.153335686906384
1580-141083-0027_6930-75918-0005__T2__6930-6930-75918-0005__HSIMV2__260-260-123288-0026__SIRm3,6930,1580,25,0.0,0.0,0.0,0.0,0.0,50.96201227638205,19.517622029472435
1580-141083-0027_6930-76324-0024__T1__1580-1580-141083-0027__HSIMV2__1284-1284-1181-0015__SIRm3,1580,6930,9,0.0,0.0,0.0,0.0,0.0,52.695797396458225,20.013966536925714
1580-141083-0027_6930-76324-0024__T2__6930-6930-76324-0024__HSIMV2__260-260-123286-0005__SIRm3,6930,1580,7,0.0,0.0,0.0,0.0,0.0,40.3660905672009,15.654880208898485
1580-141083-0027_7127-75947-0008__T1__1580-1580-141083-0027__HSIMV2__237-237-134500-0033__SIRm3,1580,7127,9,0.0,0.1111111111111111,0.0,0.0,0.0,52.48524743697894,20.15345393601004
1580-141083-0027_7127-75947-0008__T2__7127-7127-75947-0008__HSIMV2__8455-8455-210777-0009__SIRm3,7127,1580,7,0.0,0.0,0.0,0.0,0.0,47.166993903634975,17.39595484975827
1580-141083-0029_237-134500-0031__T1__1580-1580-141083-0029__HSIMV2__237-237-134493-0006__SIRm3,1580,237,7,0.0,0.0,0.0,0.0,0.0,51.04857965452671,19.177450698733587
1580-141083-0029_237-134500-0031__T2__237-237-134500-0031__HSIMV2__5683-5683-32879-0021__SIRm3,237,1580,7,0.0,0.0,0.0,0.0,0.0,58.221852188008356,21.11625762016852
1580-141083-0030_1995-1837-0014__T1__1580-1580-141083-0030__HSIMV2__237-237-134500-0015__SIRm3,1580,1995,5,0.0,0.0,0.0,0.0,0.0,53.207426517354385,19.63731941473062
1580-141083-0030_1995-1837-0014__T2__1995-1995-1837-0014__HSIMV2__2094-2094-142345-0034__SIRm3,1995,1580,14,0.0,0.0,0.0,0.0,0.0,51.77891543823269,20.515430273122952
1580-141083-0030_260-123288-0018__T1__1580-1580-141083-0030__HSIMV2__1284-1284-1180-0007__SIRm3,1580,260,5,0.0,0.0,0.0,0.0,0.0,50.21723878929557,19.310403061035665
1580-141083-0030_260-123288-0018__T2__260-260-123288-0018__HSIMV2__6930-6930-76324-0013__SIRm3,260,1580,5,0.0,0.0,0.0,0.0,0.0,55.80550693646383,19.49716112761208
1580-141083-0032_61-70968-0033__T1__1580-1580-141083-0032__HSIMV2__237-237-134500-0031__SIRm3,1580,61,7,0.0,0.0,0.0,0.0,0.0,46.65339260692757,18.818071474657746
1580-141083-0032_61-70968-0033__T2__61-61-70968-0033__HSIMV2__8230-8230-279154-0034__SIRm3,61,1580,10,0.0,0.0,0.0,0.0,0.0,43.42361726483995,15.88236414001213
1580-141083-0032_672-122797-0032__T1__1580-1580-141083-0032__HSIMV2__237-237-134493-0006__SIRm3,1580,672,7,0.0,0.0,0.0,0.0,0.0,46.161278478855415,18.56398853218429
1580-141083-0032_672-122797-0032__T2__672-672-122797-0032__HSIMV2__260-260-123288-0007__SIRm3,672,1580,7,0.14285714285714285,0.0,0.0,0.5714285714285714,0.0,0.038665477564371234,-0.0247205179664877
1580-141083-0032_672-122797-0065__T1__1580-1580-141083-0032__HSIMV2__237-237-134500-0033__SIRm3,1580,672,7,0.0,0.0,0.0,0.0,0.0,44.72775337405569,15.840871000991733
1580-141083-0032_672-122797-0065__T2__672-672-122797-0065__HSIMV2__260-260-123286-0006__SIRm3,672,1580,5,0.2,0.0,0.0,0.2,0.0,7.6811544224450135,3.3901854798443205
1580-141083-0033_121-121726-0014__T1__1580-1580-141083-0033__HSIMV2__1284-1284-1181-0013__SIRm3,1580,121,13,0.0,0.0,0.0,0.0,0.0,53.28171748946556,19.82225759760555
1580-141083-0033_121-121726-0014__T2__121-121-121726-0014__HSIMV2__237-237-134500-0026__SIRm3,121,1580,5,1.0,1.0,1.0,1.0,1.0,-41.43244805217332,-20.716809499010537
1580-141083-0034_3729-6852-0024__T1__1580-1580-141083-0034__HSIMV2__1284-1284-1181-0001__SIRm3,1580,3729,12,0.0,0.0,0.0,0.0,0.0,49.61300712144946,18.855058160635025
1580-141083-0034_3729-6852-0024__T2__3729-3729-6852-0024__HSIMV2__4507-4507-16021-0030__SIRm3,3729,1580,10,0.1,0.0,0.0,0.0,0.0,56.61139538755752,22.716744700669167
1580-141083-0034_4507-16021-0017__T1__1580-1580-141083-0034__HSIMV2__237-237-126133-0011__SIRm3,1580,4507,12,0.0,0.0,0.0,0.0,0.0,45.40659609887128,17.99760442067208
1580-141083-0034_4507-16021-0017__T2__4507-4507-16021-0017__HSIMV2__3729-3729-6852-0007__SIRm3,4507,1580,20,0.0,0.0,0.0,0.0,0.0,54.913445189351044,18.6520829235268
1580-141083-0034_7021-79730-0007__T1__1580-1580-141083-0034__HSIMV2__237-237-134500-0041__SIRm3,1580,7021,12,0.0,0.0,0.0,0.0,0.0,57.649976659374204,19.46857386490434
1580-141083-0034_7021-79730-0007__T2__7021-7021-79730-0007__HSIMV2__5105-5105-28233-0002__SIRm3,7021,1580,15,0.06666666666666667,0.0,0.0,0.0,0.0,49.72700157156407,17.944685497129036
1580-141083-0035_8463-294828-0006__T1__1580-1580-141083-0035__HSIMV2__237-237-134500-0000__SIRm3,1580,8463,8,0.125,0.0,0.0,0.0,0.0,50.0398668666318,21.4206457265386
1580-141083-0035_8463-294828-0006__T2__8463-8463-294828-0006__HSIMV2__4992-4992-41806-0005__SIRm3,8463,1580,6,0.0,0.0,0.0,0.0,0.0,55.88400895822763,20.02640636307978
1580-141083-0036_2300-131720-0012__T1__1580-1580-141083-0036__HSIMV2__237-237-126133-0002__SIRm3,1580,2300,6,0.0,0.0,0.0,0.0,0.0,56.10835890922897,20.190704397654223
1580-141083-0036_2300-131720-0012__T2__2300-2300-131720-0012__HSIMV2__61-61-70970-0022__SIRm3,2300,1580,6,0.0,0.0,0.0,0.0,0.0,40.06563738736632,17.742114726744997
1580-141083-0037_61-70968-0048__T1__1580-1580-141083-0037__HSIMV2__237-237-126133-0004__SIRm3,1580,61,5,0.0,0.0,0.0,0.0,0.0,49.202165317250156,18.300313440468376
1580-141083-0037_61-70968-0048__T2__61-61-70968-0048__HSIMV2__8230-8230-279154-0000__SIRm3,61,1580,5,0.0,0.0,0.0,0.0,0.0,32.201666565873374,13.167591758993495
1580-141083-0037_61-70970-0002__T1__1580-1580-141083-0037__HSIMV2__237-237-134500-0031__SIRm3,1580,61,10,0.0,0.0,0.0,0.0,0.0,46.879849943675254,18.03249500924364
1580-141083-0037_61-70970-0002__T2__61-61-70970-0002__HSIMV2__8230-8230-279154-0028__SIRm3,61,1580,7,0.0,0.0,0.0,0.0,0.0,45.52271589279526,17.107312764682227
1580-141083-0038_4077-13754-0009__T1__1580-1580-141083-0038__HSIMV2__237-237-134493-0014__SIRm3,1580,4077,6,0.0,0.0,0.0,0.0,0.0,48.050041923688944,19.52903282462381
1580-141083-0038_4077-13754-0009__T2__4077-4077-13754-0009__HSIMV2__8455-8455-210777-0060__SIRm3,4077,1580,13,0.0,0.0,0.0,0.0,0.0,47.46591975152854,16.595968525350443
1580-141083-0038_672-122797-0029__T1__1580-1580-141083-0038__HSIMV2__237-237-134500-0028__SIRm3,1580,672,8,0.0,0.0,0.0,0.0,0.0,45.91665406784477,18.526585629756944
1580-141083-0038_672-122797-0029__T2__672-672-122797-0029__HSIMV2__1320-1320-122617-0001__SIRm3,672,1580,5,0.0,0.0,0.0,0.0,0.0,47.884766698736364,20.52464077078064
1580-141083-0039_237-126133-0002__T1__1580-1580-141083-0039__HSIMV2__237-237-134493-0012__SIRm3,1580,237,6,0.0,0.0,0.0,0.0,0.0,54.33360951958762,21.95106460460376
1580-141083-0039_237-126133-0002__T2__237-237-126133-0002__HSIMV2__5683-5683-32866-0009__SIRm3,237,1580,16,0.0,0.0,0.0,0.0,0.0,51.381246078997904,10.81719910530582
1580-141083-0039_3729-6852-0041__T1__1580-1580-141083-0039__HSIMV2__237-237-126133-0021__SIRm3,1580,3729,6,0.0,0.0,0.0,0.0,0.0,52.63781635143015,21.68161228238944
1580-141083-0039_3729-6852-0041__T2__3729-3729-6852-0041__HSIMV2__4507-4507-16021-0036__SIRm3,3729,1580,9,0.0,0.0,0.0,0.0,0.0,55.459832567283485,21.49540249586548
1580-141083-0039_5683-32865-0017__T1__1580-1580-141083-0039__HSIMV2__1284-1284-1181-0011__SIRm3,1580,5683,6,0.0,0.0,0.0,0.0,0.0,52.65510006530118,21.201414367112868
1580-141083-0039_5683-32865-0017__T2__5683-5683-32865-0017__HSIMV2__1221-1221-135767-0022__SIRm3,5683,1580,9,0.2222222222222222,0.0,0.0,0.0,0.0,25.601047534746918,13.698814522531189
1580-141083-0040_6930-81414-0012__T1__1580-1580-141083-0040__HSIMV2__237-237-134500-0016__SIRm3,1580,6930,5,0.0,0.0,0.0,0.0,0.0,50.02439037072282,17.5833477342503
1580-141083-0040_6930-81414-0012__T2__6930-6930-81414-0012__HSIMV2__260-260-123286-0006__SIRm3,6930,1580,7,0.0,0.0,0.0,0.0,0.0,54.585083730682655,19.35352842735193
1580-141083-0041_3729-6852-0028__T1__1580-1580-141083-0041__HSIMV2__237-237-126133-0000__SIRm3,1580,3729,6,0.16666666666666666,0.0,0.0,0.0,0.0,40.961988155942414,19.792513628963498
1580-141083-0041_3729-6852-0028__T2__3729-3729-6852-0028__HSIMV2__4507-4507-16021-0016__SIRm3,3729,1580,9,0.0,0.0,0.0,0.0,0.0,46.92785589085363,18.657913928419013
1580-141083-0041_5142-36377-0024__T1__1580-1580-141083-0041__HSIMV2__237-237-126133-0003__SIRm3,1580,5142,6,0.0,0.0,0.0,0.0,0.0,44.03631236807754,18.568700350902475
1580-141083-0041_5142-36377-0024__T2__5142-5142-36377-0024__HSIMV2__4970-4970-29093-0008__SIRm3,5142,1580,6,0.0,0.0,0.0,0.0,0.0,51.232006905476936,20.08997094738433
1580-141083-0041_672-122797-0021__T1__1580-1580-141083-0041__HSIMV2__237-237-134500-0026__SIRm3,1580,672,5,0.0,0.0,0.0,0.0,0.0,48.442104330136274,18.98565377870004
1580-141083-0041_672-122797-0021__T2__672-672-122797-0021__HSIMV2__1320-1320-122617-0004__SIRm3,672,1580,7,0.0,0.0,0.0,0.0,0.0,50.007734470236905,19.16497624829843
1580-141083-0041_8463-294828-0011__T1__1580-1580-141083-0041__HSIMV2__237-237-134500-0036__SIRm3,1580,8463,6,0.0,0.0,0.0,0.0,0.0,54.06547613846667,19.487199568389347
1580-141083-0041_8463-294828-0011__T2__8463-8463-294828-0011__HSIMV2__4992-4992-41797-0009__SIRm3,8463,1580,6,0.0,0.0,0.0,0.0,0.0,53.361309185995346,20.4840962310718
1580-141083-0044_8555-284449-0016__T1__1580-1580-141083-0044__HSIMV2__237-237-134500-0012__SIRm3,1580,8555,10,0.0,0.0,0.0,0.0,0.0,51.54990051811834,19.23886753075952
1580-141083-0044_8555-284449-0016__T2__8555-8555-284449-0016__HSIMV2__4970-4970-29095-0005__SIRm3,8555,1580,8,1.0,1.0,1.0,1.0,1.0,-41.01786109360957,-14.700838656956613
1580-141083-0045_7176-92135-0008__T1__1580-1580-141083-0045__HSIMV2__1284-1284-1181-0009__SIRm3,1580,7176,7,0.0,0.0,0.0,0.0,0.0,45.56544028108034,17.836908694325935
1580-141083-0045_7176-92135-0008__T2__7176-7176-92135-0008__HSIMV2__61-61-70968-0000__SIRm3,7176,1580,7,0.0,0.0,0.0,0.0,0.0,46.49439252081621,17.0133095725885
1580-141083-0046_121-127105-0007__T1__1580-1580-141083-0046__HSIMV2__237-237-134493-0015__SIRm3,1580,121,6,0.0,0.0,0.0,0.0,0.0,49.477137951839104,20.450107570012136
1580-141083-0046_121-127105-0007__T2__121-121-127105-0007__HSIMV2__237-237-126133-0001__SIRm3,121,1580,10,0.0,0.0,0.0,0.0,0.0,38.915828560732244,16.204675486316876
1580-141083-0046_7021-79730-0005__T1__1580-1580-141083-0046__HSIMV2__237-237-126133-0022__SIRm3,1580,7021,6,0.0,0.0,0.0,0.0,0.0,48.57857004871129,19.361177859582128
1580-141083-0046_7021-79730-0005__T2__7021-7021-79730-0005__HSIMV2__5105-5105-28240-0008__SIRm3,7021,1580,15,0.0,0.0,0.0,0.0,0.0,58.70815717043358,19.79222343484384
1580-141083-0046_908-157963-0012__T1__1580-1580-141083-0046__HSIMV2__237-237-126133-0011__SIRm3,1580,908,6,0.0,0.0,0.0,0.0,0.0,47.88653925187157,17.957328401549525
1580-141083-0046_908-157963-0012__T2__908-908-157963-0012__HSIMV2__7176-7176-88083-0020__SIRm3,908,1580,9,1.0,1.0,1.0,1.0,1.0,-41.530618053316054,-20.92579643420587
1580-141083-0049_7176-92135-0036__T1__1580-1580-141083-0049__HSIMV2__237-237-134493-0001__SIRm3,1580,7176,6,0.0,0.16666666666666666,0.0,0.0,0.0,48.47057185240062,20.285633619857663
1580-141083-0049_7176-92135-0036__T2__7176-7176-92135-0036__HSIMV2__61-61-70968-0048__SIRm3,7176,1580,5,0.0,0.0,0.0,0.0,0.0,32.41650538842984,13.731902127894635
1580-141083-0049_8224-274384-0000__T1__1580-1580-141083-0049__HSIMV2__237-237-134500-0008__SIRm3,1580,8224,6,0.0,0.0,0.0,0.0,0.0,61.39574295202643,22.61104125485905
1580-141083-0049_8224-274384-0000__T2__8224-8224-274384-0000__HSIMV2__8455-8455-210777-0008__SIRm3,8224,1580,14,0.21428571428571427,0.14285714285714285,0.07142857142857142,0.14285714285714285,0.07142857142857142,23.664866827653174,7.547336912381607
1580-141083-0052_1320-122617-0022__T1__1580-1580-141083-0052__HSIMV2__237-237-126133-0000__SIRm3,1580,1320,5,1.0,1.0,1.0,1.0,1.0,-38.00783519469431,-20.30019643748784
1580-141083-0052_1320-122617-0022__T2__1320-1320-122617-0022__HSIMV2__5105-5105-28241-0016__SIRm3,1320,1580,6,0.0,0.0,0.0,0.0,0.0,49.85872240642521,20.82480439052936
1580-141083-0052_2961-960-0004__T1__1580-1580-141083-0052__HSIMV2__237-237-126133-0000__SIRm3,1580,2961,5,1.0,1.0,1.0,1.0,1.0,-38.305341284803475,-20.464111761511283
1580-141083-0052_2961-960-0004__T2__2961-2961-960-0004__HSIMV2__3570-3570-5694-0022__SIRm3,2961,1580,7,0.0,0.0,0.0,0.0,0.0,54.229892144639635,19.54057466744401
1580-141083-0052_8455-210777-0049__T1__1580-1580-141083-0052__HSIMV2__237-237-134500-0011__SIRm3,1580,8455,5,0.0,0.0,0.0,0.0,0.0,54.55720304606534,20.74009520014489
1580-141083-0052_8455-210777-0049__T2__8455-8455-210777-0049__HSIMV2__1320-1320-122612-0014__SIRm3,8455,1580,6,0.0,0.0,0.0,0.0,0.0,45.06498526141082,17.903467570380535
1580-141084-0000_4446-2275-0007__T1__1580-1580-141084-0000__HSIMV2__1284-1284-1180-0019__SIRm3,1580,4446,8,0.0,0.0,0.0,0.0,0.0,57.5540556238408,19.727615214831022
1580-141084-0000_4446-2275-0007__T2__4446-4446-2275-0007__HSIMV2__4992-4992-41806-0001__SIRm3,4446,1580,15,0.0,0.0,0.0,0.0,0.0,57.601721436878925,19.932204911149988
1580-141084-0001_237-134500-0022__T1__1580-1580-141084-0001__HSIMV2__237-237-126133-0000__SIRm3,1580,237,5,0.0,0.0,0.0,0.0,0.0,25.178049693485796,13.291405186384052
1580-141084-0001_237-134500-0022__T2__237-237-134500-0022__HSIMV2__5683-5683-32866-0011__SIRm3,237,1580,9,0.0,0.0,0.0,0.0,0.0,53.82139087271545,21.39014693403658
1580-141084-0001_260-123286-0029__T1__1580-1580-141084-0001__HSIMV2__237-237-134500-0041__SIRm3,1580,260,5,0.0,0.0,0.0,0.0,0.0,47.33791979743055,18.259417759429454
1580-141084-0001_260-123286-0029__T2__260-260-123286-0029__HSIMV2__672-672-122797-0012__SIRm3,260,1580,8,0.0,0.0,0.0,0.0,0.0,49.55677962287451,17.7436997011662
1580-141084-0001_61-70970-0015__T1__1580-1580-141084-0001__HSIMV2__237-237-126133-0009__SIRm3,1580,61,5,0.0,0.0,0.0,0.0,0.0,52.61760918543983,19.53246152924177
1580-141084-0001_61-70970-0015__T2__61-61-70970-0015__HSIMV2__7176-7176-88083-0026__SIRm3,61,1580,10,0.2,0.1,0.1,0.3,0.1,18.58566862949208,3.341215057695064
1580-141084-0002_4992-41797-0004__T1__1580-1580-141084-0002__HSIMV2__237-237-134493-0016__SIRm3,1580,4992,10,0.0,0.0,0.0,0.0,0.0,52.15339406405925,18.91170271344928
1580-141084-0002_4992-41797-0004__T2__4992-4992-41797-0004__HSIMV2__4446-4446-2275-0035__SIRm3,4992,1580,7,0.0,0.0,0.0,0.0,0.0,57.33014699322741,20.33999991425653
1580-141084-0002_7127-75947-0027__T1__1580-1580-141084-0002__HSIMV2__1284-1284-1181-0013__SIRm3,1580,7127,10,0.0,0.0,0.0,0.0,0.0,59.032870019457675,19.660999741033937
1580-141084-0002_7127-75947-0027__T2__7127-7127-75947-0027__HSIMV2__8455-8455-210777-0055__SIRm3,7127,1580,15,0.0,0.0,0.0,0.0,0.0,48.218986909386295,16.62415029782405
1580-141084-0003_3729-6852-0041__T1__1580-1580-141084-0003__HSIMV2__237-237-134500-0037__SIRm3,1580,3729,7,0.0,0.0,0.0,0.0,0.0,57.23882000433305,22.37048964696568
1580-141084-0003_3729-6852-0041__T2__3729-3729-6852-0041__HSIMV2__4507-4507-16021-0050__SIRm3,3729,1580,6,0.0,0.0,0.0,0.0,0.0,50.32002329197695,20.26516777918884
1580-141084-0003_61-70968-0055__T1__1580-1580-141084-0003__HSIMV2__237-237-134493-0002__SIRm3,1580,61,7,0.0,0.0,0.0,0.0,0.0,47.98108398942645,21.267679667566675
1580-141084-0003_61-70968-0055__T2__61-61-70968-0055__HSIMV2__8230-8230-279154-0032__SIRm3,61,1580,6,0.0,0.0,0.0,0.0,0.0,45.607423422771426,16.676844855322194
1580-141084-0008_8463-287645-0000__T1__1580-1580-141084-0008__HSIMV2__1284-1284-134647-0000__SIRm3,1580,8463,12,0.0,0.0,0.0,0.0,0.0,57.382002213799325,20.811056716394017
1580-141084-0008_8463-287645-0000__T2__8463-8463-287645-0000__HSIMV2__4992-4992-41797-0019__SIRm3,8463,1580,8,0.0,0.0,0.0,0.0,0.0,60.06361284046454,19.252125663573064
1580-141084-0008_908-157963-0027__T1__1580-1580-141084-0008__HSIMV2__237-237-134500-0037__SIRm3,1580,908,12,0.0,0.0,0.0,0.0,0.0,49.39581390030716,18.21022341610385
1580-141084-0008_908-157963-0027__T2__908-908-157963-0027__HSIMV2__7176-7176-92135-0025__SIRm3,908,1580,9,0.0,0.0,0.0,0.0,0.0,41.52742456070171,17.8014523246854
1580-141084-0009_7176-88083-0018__T1__1580-1580-141084-0009__HSIMV2__237-237-126133-0008__SIRm3,1580,7176,6,0.0,0.0,0.0,0.0,0.0,50.859206312554555,19.072144818277383
1580-141084-0009_7176-88083-0018__T2__7176-7176-88083-0018__HSIMV2__61-61-70970-0024__SIRm3,7176,1580,13,0.07692307692307693,0.0,0.0,0.0,0.0,45.36709383362976,15.808934454056004
1580-141084-0010_3570-5696-0002__T1__1580-1580-141084-0010__HSIMV2__237-237-126133-0023__SIRm3,1580,3570,7,0.0,0.0,0.0,0.0,0.0,51.19833882930546,18.791035389419346
1580-141084-0010_3570-5696-0002__T2__3570-3570-5696-0002__HSIMV2__4507-4507-16021-0056__SIRm3,3570,1580,11,0.0,0.0,0.0,0.0,0.0,58.75940752794383,22.024021024530168
1580-141084-0011_1284-1181-0003__T1__1580-1580-141084-0011__HSIMV2__1284-1284-1181-0014__SIRm3,1580,1284,9,0.0,0.0,0.0,0.0,0.0,55.457640122573466,20.663754097622
1580-141084-0011_1284-1181-0003__T2__1284-1284-1181-0003__HSIMV2__1580-1580-141084-0001__SIRm3,1284,1580,5,0.0,0.0,0.0,0.0,0.0,66.41677887187048,20.282005850282307
1580-141084-0011_7127-75946-0013__T1__1580-1580-141084-0011__HSIMV2__237-237-126133-0002__SIRm3,1580,7127,9,0.0,0.1111111111111111,0.0,0.0,0.0,49.758679649011725,21.03903891908253
1580-141084-0011_7127-75946-0013__T2__7127-7127-75946-0013__HSIMV2__8455-8455-210777-0015__SIRm3,7127,1580,16,0.0,0.0625,0.0,0.0,0.0,44.514331496310376,15.82817629472792
1580-141084-0011_7176-92135-0001__T1__1580-1580-141084-0011__HSIMV2__237-237-126133-0025__SIRm3,1580,7176,6,0.0,0.0,0.0,0.0,0.0,47.202034611474176,19.11859215491124
1580-141084-0011_7176-92135-0001__T2__7176-7176-92135-0001__HSIMV2__61-61-70970-0029__SIRm3,7176,1580,7,1.0,1.0,1.0,1.0,1.0,-43.01403608946787,-21.78678329048148
1580-141084-0014_4992-23283-0015__T1__1580-1580-141084-0014__HSIMV2__237-237-126133-0000__SIRm3,1580,4992,6,0.0,0.0,0.0,0.0,0.0,38.873881323647,18.40493734981731
1580-141084-0014_4992-23283-0015__T2__4992-4992-23283-0015__HSIMV2__4446-4446-2275-0034__SIRm3,4992,1580,5,0.0,0.0,0.0,0.0,0.0,46.535335019944775,17.330221328202537
1580-141084-0015_4992-41806-0008__T1__1580-1580-141084-0015__HSIMV2__237-237-134500-0012__SIRm3,1580,4992,5,0.0,0.0,0.0,0.0,0.0,61.4048892079242,19.480160125236804
1580-141084-0015_4992-41806-0008__T2__4992-4992-41806-0008__HSIMV2__4446-4446-2273-0015__SIRm3,4992,1580,8,0.0,0.0,0.0,0.0,0.0,60.34000999265325,21.10438306715716
1580-141084-0015_5105-28233-0008__T1__1580-1580-141084-0015__HSIMV2__237-237-134500-0034__SIRm3,1580,5105,5,0.0,0.0,0.0,0.0,0.0,48.95511221611307,18.82740241199376
1580-141084-0015_5105-28233-0008__T2__5105-5105-28233-0008__HSIMV2__1320-1320-122612-0005__SIRm3,5105,1580,10,0.0,0.0,0.0,0.0,0.0,54.79137891732141,19.618909246225385
1580-141084-0016_4446-2273-0034__T1__1580-1580-141084-0016__HSIMV2__237-237-126133-0019__SIRm3,1580,4446,10,0.0,0.0,0.0,0.0,0.0,45.99144296689934,18.022393219561067
1580-141084-0016_4446-2273-0034__T2__4446-4446-2273-0034__HSIMV2__1284-1284-1180-0010__SIRm3,4446,1580,6,0.0,0.0,0.0,0.0,0.0,45.27638813848457,17.427204604236923
1580-141084-0016_61-70970-0026__T1__1580-1580-141084-0016__HSIMV2__237-237-134500-0018__SIRm3,1580,61,10,0.0,0.0,0.0,0.0,0.0,53.4331853208137,20.80862721280154
1580-141084-0016_61-70970-0026__T2__61-61-70970-0026__HSIMV2__8230-8230-279154-0013__SIRm3,61,1580,9,0.0,0.0,0.0,0.0,0.0,48.775869225384035,17.81354087050295
1580-141084-0016_8455-210777-0037__T1__1580-1580-141084-0016__HSIMV2__237-237-126133-0011__SIRm3,1580,8455,10,0.0,0.0,0.0,0.0,0.0,45.53271855180353,17.801179630714007
1580-141084-0016_8455-210777-0037__T2__8455-8455-210777-0037__HSIMV2__1320-1320-122617-0022__SIRm3,8455,1580,6,0.0,0.0,0.0,0.0,0.0,55.822011354913506,21.45201729007763
1580-141084-0018_1995-1826-0022__T1__1580-1580-141084-0018__HSIMV2__237-237-126133-0013__SIRm3,1580,1995,5,0.0,0.0,0.0,0.0,0.0,55.683745830096235,21.026939570855827
1580-141084-0018_1995-1826-0022__T2__1995-1995-1826-0022__HSIMV2__2094-2094-142345-0006__SIRm3,1995,1580,8,0.0,0.0,0.0,0.0,0.0,54.79027433354005,21.832113288708246
1580-141084-0018_4446-2273-0019__T1__1580-1580-141084-0018__HSIMV2__1284-1284-1180-0032__SIRm3,1580,4446,5,0.0,0.0,0.0,0.0,0.0,52.21433864561631,20.76486955581933
1580-141084-0018_4446-2273-0019__T2__4446-4446-2273-0019__HSIMV2__4992-4992-41806-0012__SIRm3,4446,1580,5,0.0,0.0,0.0,0.0,0.0,62.65614316984146,20.868802282733107
1580-141084-0018_5142-33396-0068__T1__1580-1580-141084-0018__HSIMV2__237-237-134500-0011__SIRm3,1580,5142,5,0.0,0.0,0.0,0.0,0.0,50.87074471700777,20.76671468756805
1580-141084-0018_5142-33396-0068__T2__5142-5142-33396-0068__HSIMV2__4970-4970-29095-0036__SIRm3,5142,1580,7,0.0,0.0,0.0,0.0,0.0,48.183959445661024,20.2462341241898
1580-141084-0019_3575-170457-0003__T1__1580-1580-141084-0019__HSIMV2__237-237-126133-0015__SIRm3,1580,3575,5,0.0,0.0,0.0,0.0,0.0,42.990823747929326,17.35947377397745
1580-141084-0019_3575-170457-0003__T2__3575-3575-170457-0003__HSIMV2__237-237-134493-0016__SIRm3,3575,1580,14,0.0,0.07142857142857142,0.0,0.0,0.0,52.31860212662949,21.6172051334703
1580-141084-0019_3729-6852-0016__T1__1580-1580-141084-0019__HSIMV2__237-237-134500-0024__SIRm3,1580,3729,5,0.0,0.0,0.0,0.0,0.0,53.6909307471268,19.07134264842368
1580-141084-0019_3729-6852-0016__T2__3729-3729-6852-0016__HSIMV2__4507-4507-16021-0049__SIRm3,3729,1580,7,0.0,0.0,0.0,0.0,0.0,59.1259913369634,21.164348824023698
1580-141084-0021_8555-284447-0007__T1__1580-1580-141084-0021__HSIMV2__237-237-126133-0021__SIRm3,1580,8555,7,0.0,0.0,0.0,0.0,0.0,52.580946064242355,19.879735714011744
1580-141084-0021_8555-284447-0007__T2__8555-8555-284447-0007__HSIMV2__4970-4970-29093-0002__SIRm3,8555,1580,11,0.0,0.0,0.0,0.0,0.0,59.123191002794464,20.682561166836777
1580-141084-0023_2830-3979-0012__T1__1580-1580-141084-0023__HSIMV2__237-237-126133-0017__SIRm3,1580,2830,11,0.0,0.0,0.0,0.0,0.0,46.36213707830303,18.82347520861094
1580-141084-0023_2830-3979-0012__T2__2830-2830-3979-0012__HSIMV2__1188-1188-133604-0004__SIRm3,2830,1580,6,0.0,0.0,0.0,0.0,0.0,49.70293363952111,18.92129366825269
1580-141084-0023_672-122797-0061__T1__1580-1580-141084-0023__HSIMV2__237-237-126133-0000__SIRm3,1580,672,16,0.0,0.0,0.0,0.0,0.0,48.365943765056144,18.475551546428644
1580-141084-0023_672-122797-0061__T2__672-672-122797-0061__HSIMV2__1320-1320-122617-0003__SIRm3,672,1580,11,0.0,0.0,0.0,0.0,0.0,28.055831827284727,16.18089678899526
1580-141084-0024_2094-142345-0025__T1__1580-1580-141084-0024__HSIMV2__237-237-126133-0016__SIRm3,1580,2094,7,0.0,0.0,0.0,0.0,0.0,46.48410264897585,20.13127792221593
1580-141084-0024_2094-142345-0025__T2__2094-2094-142345-0025__HSIMV2__3729-3729-6852-0016__SIRm3,2094,1580,6,0.0,0.0,0.0,0.0,0.0,47.48473873792676,19.40957889409978
1580-141084-0027_5639-40744-0005__T1__1580-1580-141084-0027__HSIMV2__237-237-126133-0023__SIRm3,1580,5639,5,0.2,0.2,0.2,0.0,0.0,8.49030112968428,6.213347964410252
1580-141084-0027_5639-40744-0005__T2__5639-5639-40744-0005__HSIMV2__1089-1089-134686-0013__SIRm3,5639,1580,9,0.0,0.0,0.0,0.0,0.0,53.14840507531337,18.295365122842085
1580-141084-0029_2094-142345-0044__T1__1580-1580-141084-0029__HSIMV2__237-237-126133-0023__SIRm3,1580,2094,12,0.0,0.0,0.0,0.0,0.0,47.76959430866227,18.29976428563347
1580-141084-0029_2094-142345-0044__T2__2094-2094-142345-0044__HSIMV2__3729-3729-6852-0044__SIRm3,2094,1580,6,0.0,0.0,0.0,0.0,0.0,51.273249177689756,18.142719663194026
1580-141084-0029_5683-32879-0023__T1__1580-1580-141084-0029__HSIMV2__237-237-134500-0024__SIRm3,1580,5683,7,0.0,0.0,0.0,0.0,0.0,46.79467227160932,17.480347149843492
1580-141084-0029_5683-32879-0023__T2__5683-5683-32879-0023__HSIMV2__1221-1221-135766-0000__SIRm3,5683,1580,8,0.0,0.0,0.0,0.0,0.0,48.45046632630653,18.334305836006813
1580-141084-0029_61-70968-0039__T1__1580-1580-141084-0029__HSIMV2__1284-1284-1181-0018__SIRm3,1580,61,5,0.0,0.0,0.0,0.0,0.0,49.352273848327,18.25262779814133
1580-141084-0029_61-70968-0039__T2__61-61-70968-0039__HSIMV2__7176-7176-92135-0045__SIRm3,61,1580,6,0.0,0.0,0.0,0.0,0.0,45.63078101072558,18.066650945877523
1580-141084-0031_61-70970-0023__T1__1580-1580-141084-0031__HSIMV2__237-237-126133-0010__SIRm3,1580,61,11,0.0,0.0,0.0,0.0,0.0,52.021128557482506,19.834376143742443
1580-141084-0031_61-70970-0023__T2__61-61-70970-0023__HSIMV2__8230-8230-279154-0040__SIRm3,61,1580,6,0.0,0.0,0.0,0.0,0.0,34.08011754850043,15.746174748516408
1580-141084-0032_260-123440-0016__T1__1580-1580-141084-0032__HSIMV2__237-237-134493-0004__SIRm3,1580,260,8,0.0,0.0,0.0,0.0,0.0,52.89965833429843,19.102915635386644
1580-141084-0032_260-123440-0016__T2__260-260-123440-0016__HSIMV2__672-672-122797-0007__SIRm3,260,1580,8,0.0,0.0,0.0,0.0,0.0,50.513273255487604,19.25304952477598
1580-141084-0032_8455-210777-0014__T1__1580-1580-141084-0032__HSIMV2__237-237-134493-0017__SIRm3,1580,8455,8,0.0,0.0,0.0,0.0,0.0,52.59853915303391,19.38399548947818
1580-141084-0032_8455-210777-0014__T2__8455-8455-210777-0014__HSIMV2__1320-1320-122617-0001__SIRm3,8455,1580,7,0.0,0.0,0.0,0.0,0.0,45.212139256881194,17.75540794259612
1580-141084-0033_7127-75946-0013__T1__1580-1580-141084-0033__HSIMV2__237-237-134493-0016__SIRm3,1580,7127,13,0.0,0.0,0.0,0.0,0.0,49.590328403098866,18.528517676329635
1580-141084-0033_7127-75946-0013__T2__7127-7127-75946-0013__HSIMV2__8455-8455-210777-0045__SIRm3,7127,1580,16,0.0,0.0625,0.0,0.0,0.0,50.53821848614556,18.05384259161985
1580-141084-0033_8463-294828-0028__T1__1580-1580-141084-0033__HSIMV2__237-237-126133-0023__SIRm3,1580,8463,12,0.0,0.0,0.0,0.0,0.0,46.87620554320438,18.45373913234541
1580-141084-0033_8463-294828-0028__T2__8463-8463-294828-0028__HSIMV2__4992-4992-41797-0009__SIRm3,8463,1580,14,0.0,0.0,0.0,0.0,0.0,52.79910623041803,20.71141524290365
1580-141084-0034_1089-134691-0010__T1__1580-1580-141084-0034__HSIMV2__1284-1284-1181-0007__SIRm3,1580,1089,7,0.0,0.0,0.0,0.0,0.0,47.63976791643377,18.29146178272501
1580-141084-0034_1089-134691-0010__T2__1089-1089-134691-0010__HSIMV2__8230-8230-279154-0017__SIRm3,1089,1580,5,0.0,0.0,0.0,0.0,0.0,52.56902577320987,21.31086033941737
1580-141084-0034_1089-134691-0016__T1__1580-1580-141084-0034__HSIMV2__237-237-134500-0003__SIRm3,1580,1089,5,0.0,0.0,0.0,0.0,0.0,56.62864376430622,18.75172788197604
1580-141084-0034_1089-134691-0016__T2__1089-1089-134691-0016__HSIMV2__8230-8230-279154-0012__SIRm3,1089,1580,6,0.0,0.0,0.0,0.0,0.0,63.25663631968627,21.03993566056429
1580-141084-0039_7176-88083-0004__T1__1580-1580-141084-0039__HSIMV2__1284-1284-1180-0027__SIRm3,1580,7176,5,0.0,0.0,0.0,0.0,0.0,48.944584834095146,16.75836959201976
1580-141084-0039_7176-88083-0004__T2__7176-7176-88083-0004__HSIMV2__61-61-70970-0019__SIRm3,7176,1580,6,0.0,0.0,0.0,0.0,0.0,40.638024696925335,15.087690073290355
1580-141084-0040_1089-134691-0004__T1__1580-1580-141084-0040__HSIMV2__237-237-134493-0006__SIRm3,1580,1089,7,0.0,0.0,0.0,0.0,0.0,50.07468269037121,19.553223619058286
1580-141084-0040_1089-134691-0004__T2__1089-1089-134691-0004__HSIMV2__8230-8230-279154-0027__SIRm3,1089,1580,9,0.1111111111111111,0.0,0.0,0.0,0.0,50.734207251339285,16.246293503051767
1580-141084-0040_5639-40744-0022__T1__1580-1580-141084-0040__HSIMV2__237-237-134500-0016__SIRm3,1580,5639,5,0.0,0.0,0.0,0.0,0.0,45.26730307033809,18.41814897552724
1580-141084-0040_5639-40744-0022__T2__5639-5639-40744-0022__HSIMV2__1089-1089-134686-0010__SIRm3,5639,1580,7,0.0,0.0,0.0,0.0,0.0,53.8323696131083,20.009267712454687
1580-141084-0040_7176-88083-0026__T1__1580-1580-141084-0040__HSIMV2__1284-1284-1180-0028__SIRm3,1580,7176,10,0.0,0.0,0.0,0.0,0.0,51.280484869574686,19.02032668985361
1580-141084-0040_7176-88083-0026__T2__7176-7176-88083-0026__HSIMV2__61-61-70968-0003__SIRm3,7176,1580,7,0.2857142857142857,0.2857142857142857,0.2857142857142857,0.14285714285714285,0.14285714285714285,33.91880706449779,8.321094213154915
1580-141084-0042_2830-3980-0010__T1__1580-1580-141084-0042__HSIMV2__237-237-126133-0005__SIRm3,1580,2830,9,0.0,0.0,0.0,0.0,0.0,44.28936938061617,17.98765184123028
1580-141084-0042_2830-3980-0010__T2__2830-2830-3980-0010__HSIMV2__1188-1188-133604-0016__SIRm3,2830,1580,12,0.0,0.0,0.0,0.0,0.0,52.78724098629909,17.857574345629462
1580-141084-0042_6930-75918-0010__T1__1580-1580-141084-0042__HSIMV2__237-237-126133-0014__SIRm3,1580,6930,9,0.0,0.0,0.0,0.0,0.0,44.60406997858229,19.79472633586228
1580-141084-0042_6930-75918-0010__T2__6930-6930-75918-0010__HSIMV2__260-260-123286-0023__SIRm3,6930,1580,5,0.0,0.0,0.0,0.0,0.0,48.236249124472984,17.53535667572557
1580-141084-0042_8455-210777-0053__T1__1580-1580-141084-0042__HSIMV2__237-237-134493-0018__SIRm3,1580,8455,8,0.0,0.0,0.0,0.0,0.0,54.99081742096368,19.16884442278016
1580-141084-0042_8455-210777-0053__T2__8455-8455-210777-0053__HSIMV2__1320-1320-122612-0014__SIRm3,8455,1580,6,0.0,0.0,0.0,0.0,0.0,43.63156040936361,18.499780511813142
1580-141084-0047_7176-88083-0008__T1__1580-1580-141084-0047__HSIMV2__237-237-134493-0004__SIRm3,1580,7176,9,0.0,0.0,0.0,0.0,0.0,48.54644110488774,18.95700828531055
1580-141084-0047_7176-88083-0008__T2__7176-7176-88083-0008__HSIMV2__61-61-70968-0010__SIRm3,7176,1580,5,0.8,0.4,0.4,0.0,0.0,7.584404381422931,6.4708841535821
1580-141084-0047_8230-279154-0006__T1__1580-1580-141084-0047__HSIMV2__237-237-126133-0021__SIRm3,1580,8230,7,0.0,0.0,0.0,0.0,0.0,50.12776794303001,19.266963936481005
1580-141084-0047_8230-279154-0006__T2__8230-8230-279154-0006__HSIMV2__61-61-70970-0038__SIRm3,8230,1580,14,0.14285714285714285,0.07142857142857142,0.0,0.0,0.0,36.8581769475197,15.163800178718391
1580-141084-0048_237-134500-0037__T1__1580-1580-141084-0048__HSIMV2__237-237-134500-0026__SIRm3,1580,237,5,0.0,0.0,0.0,0.0,0.0,52.02608088019241,18.53439863959151
1580-141084-0048_237-134500-0037__T2__237-237-134500-0037__HSIMV2__1580-1580-141083-0032__SIRm3,237,1580,7,0.0,0.0,0.0,0.0,0.0,48.27860780405526,18.6989510627944
1580-141084-0049_4507-16021-0008__T1__1580-1580-141084-0049__HSIMV2__237-237-134500-0032__SIRm3,1580,4507,9,0.0,0.0,0.0,0.0,0.0,51.31734225604656,19.054823448159336
1580-141084-0049_4507-16021-0008__T2__4507-4507-16021-0008__HSIMV2__3729-3729-6852-0018__SIRm3,4507,1580,6,0.0,0.0,0.0,0.0,0.0,60.442940582802144,19.900427673458285
1995-1826-0001_8463-287645-0012__T1__1995-1995-1826-0001__HSIMV2__2094-2094-142345-0054__SIRm3,1995,8463,10,0.0,0.0,0.0,0.0,0.0,59.16980234078011,22.61432280421316
1995-1826-0001_8463-287645-0012__T2__8463-8463-287645-0012__HSIMV2__4992-4992-41797-0017__SIRm3,8463,1995,9,0.0,0.0,0.0,0.0,0.0,49.01142918680639,17.65561722035698
1995-1826-0002_7176-92135-0045__T1__1995-1995-1826-0002__HSIMV2__2094-2094-142345-0045__SIRm3,1995,7176,5,0.0,0.0,0.0,0.0,0.0,46.15599246790843,18.562693252765165
1995-1826-0002_7176-92135-0045__T2__7176-7176-92135-0045__HSIMV2__61-61-70968-0045__SIRm3,7176,1995,5,0.0,0.0,0.0,0.0,0.0,19.142611531290594,7.450444901008019
1995-1826-0003_8230-279154-0036__T1__1995-1995-1826-0003__HSIMV2__2094-2094-142345-0005__SIRm3,1995,8230,5,0.0,0.0,0.0,0.0,0.0,64.3564715108067,23.51831577888862
1995-1826-0003_8230-279154-0036__T2__8230-8230-279154-0036__HSIMV2__61-61-70968-0015__SIRm3,8230,1995,5,0.0,0.0,0.0,0.0,0.0,50.90578313403694,18.31062765295965
1995-1826-0005_61-70970-0024__T1__1995-1995-1826-0005__HSIMV2__2094-2094-142345-0003__SIRm3,1995,61,9,0.0,0.0,0.0,0.0,0.0,58.35499093239412,23.251393839520063
1995-1826-0005_61-70970-0024__T2__61-61-70970-0024__HSIMV2__8230-8230-279154-0034__SIRm3,61,1995,13,0.0,0.0,0.0,0.0,0.0,42.57772101212783,17.425942508663248
1995-1826-0005_7127-75947-0002__T1__1995-1995-1826-0005__HSIMV2__2094-2094-142345-0032__SIRm3,1995,7127,5,0.0,0.0,0.0,0.0,0.0,44.06598872840082,21.307249091170853
1995-1826-0005_7127-75947-0002__T2__7127-7127-75947-0002__HSIMV2__8455-8455-210777-0064__SIRm3,7127,1995,5,0.0,0.0,0.0,0.0,0.0,48.08656119386733,17.59510942455753
1995-1826-0007_1284-1180-0000__T1__1995-1995-1826-0007__HSIMV2__2094-2094-142345-0015__SIRm3,1995,1284,13,0.0,0.0,0.0,0.0,0.0,51.41797370136973,20.34051296377569
1995-1826-0007_1284-1180-0000__T2__1284-1284-1180-0000__HSIMV2__1580-1580-141084-0033__SIRm3,1284,1995,13,0.0,0.0,0.0,0.0,0.0,52.45846419556374,19.408852023830548
1995-1826-0007_4446-2275-0043__T1__1995-1995-1826-0007__HSIMV2__2094-2094-142345-0048__SIRm3,1995,4446,11,0.0,0.0,0.0,0.0,0.0,52.09050167361711,21.534226626743266
1995-1826-0007_4446-2275-0043__T2__4446-4446-2275-0043__HSIMV2__1284-1284-134647-0000__SIRm3,4446,1995,10,0.0,0.0,0.0,0.0,0.0,50.633844388501686,19.107249567637982
1995-1826-0009_7127-75947-0040__T1__1995-1995-1826-0009__HSIMV2__2094-2094-142345-0053__SIRm3,1995,7127,5,0.6,0.0,0.0,0.0,0.0,35.34068353127106,20.33528038630255
1995-1826-0009_7127-75947-0040__T2__7127-7127-75947-0040__HSIMV2__8455-8455-210777-0046__SIRm3,7127,1995,17,0.0,0.058823529411764705,0.0,0.0,0.0,47.532290588148214,16.764427938229247
1995-1826-0011_2094-142345-0037__T1__1995-1995-1826-0011__HSIMV2__2094-2094-142345-0011__SIRm3,1995,2094,16,0.9375,1.0,0.9375,1.0,0.9375,-54.09127122860652,-33.102684602068024
1995-1826-0011_2094-142345-0037__T2__2094-2094-142345-0037__HSIMV2__3729-3729-6852-0002__SIRm3,2094,1995,16,0.0,0.125,0.0,0.0,0.0,62.941843677398474,20.764391043650186
1995-1826-0011_8463-287645-0014__T1__1995-1995-1826-0011__HSIMV2__2094-2094-142345-0002__SIRm3,1995,8463,16,0.0,0.0,0.0,0.0,0.0,56.31789035113259,23.301144426331728
1995-1826-0011_8463-287645-0014__T2__8463-8463-287645-0014__HSIMV2__4992-4992-23283-0011__SIRm3,8463,1995,5,1.0,1.0,1.0,1.0,1.0,-54.20400820240765,-29.361280237635608
1995-1826-0012_3729-6852-0011__T1__1995-1995-1826-0012__HSIMV2__2094-2094-142345-0023__SIRm3,1995,3729,9,0.0,0.0,0.0,0.0,0.0,54.878468965941956,17.970141314778417
1995-1826-0012_3729-6852-0011__T2__3729-3729-6852-0011__HSIMV2__4507-4507-16021-0053__SIRm3,3729,1995,13,0.0,0.0,0.0,0.0,0.0,54.95708420886179,19.42676236565188
1995-1826-0013_8555-284449-0018__T1__1995-1995-1826-0013__HSIMV2__2094-2094-142345-0033__SIRm3,1995,8555,16,0.0,0.0,0.0,0.0,0.0,63.97819631218317,22.531620547918948
1995-1826-0013_8555-284449-0018__T2__8555-8555-284449-0018__HSIMV2__4970-4970-29095-0022__SIRm3,8555,1995,8,0.0,0.0,0.0,0.0,0.0,50.427999806547454,23.039281013758885
1995-1826-0015_1320-122617-0037__T1__1995-1995-1826-0015__HSIMV2__2094-2094-142345-0018__SIRm3,1995,1320,5,0.0,0.0,0.0,0.0,0.0,53.54457860920304,21.61970579206806
1995-1826-0015_1320-122617-0037__T2__1320-1320-122617-0037__HSIMV2__5105-5105-28233-0010__SIRm3,1320,1995,13,0.0,0.0,0.0,0.0,0.0,44.317171919287745,18.252452741444166
1995-1826-0015_2830-3980-0020__T1__1995-1995-1826-0015__HSIMV2__2094-2094-142345-0052__SIRm3,1995,2830,6,0.0,0.0,0.0,0.0,0.0,56.4764220096346,21.15764782685845
1995-1826-0015_2830-3980-0020__T2__2830-2830-3980-0020__HSIMV2__1188-1188-133604-0024__SIRm3,2830,1995,5,0.0,0.0,0.0,0.0,0.0,36.38343458348497,15.859328280701376
1995-1826-0015_908-157963-0005__T1__1995-1995-1826-0015__HSIMV2__2094-2094-142345-0032__SIRm3,1995,908,5,0.0,0.0,0.0,0.0,0.0,68.31024302555441,22.72620266515744
1995-1826-0015_908-157963-0005__T2__908-908-157963-0005__HSIMV2__7176-7176-92135-0012__SIRm3,908,1995,13,0.0,0.0,0.0,0.0,0.0,51.631475448167826,18.32711810016464
1995-1826-0016_4992-41797-0008__T1__1995-1995-1826-0016__HSIMV2__2094-2094-142345-0006__SIRm3,1995,4992,10,0.0,0.0,0.0,0.0,0.0,52.20790369592029,21.77362848654968
1995-1826-0016_4992-41797-0008__T2__4992-4992-41797-0008__HSIMV2__4446-4446-2275-0042__SIRm3,4992,1995,9,0.0,0.0,0.0,0.0,0.0,58.62410158691379,20.85078488161599
1995-1826-0016_6930-76324-0027__T1__1995-1995-1826-0016__HSIMV2__2094-2094-142345-0028__SIRm3,1995,6930,10,0.0,0.0,0.0,0.0,0.0,60.26614287080512,24.842673803613785
1995-1826-0016_6930-76324-0027__T2__6930-6930-76324-0027__HSIMV2__260-260-123440-0018__SIRm3,6930,1995,6,0.0,0.0,0.0,0.0,0.0,52.520866268101685,19.24113863276485
1995-1826-0017_1284-134647-0001__T1__1995-1995-1826-0017__HSIMV2__2094-2094-142345-0006__SIRm3,1995,1284,11,0.0,0.0,0.0,0.0,0.0,50.32065947153121,21.9383428552592
1995-1826-0017_1284-134647-0001__T2__1284-1284-134647-0001__HSIMV2__4446-4446-2275-0022__SIRm3,1284,1995,5,0.0,0.0,0.0,0.0,0.0,42.377528245035585,16.764293251593386
1995-1826-0017_1580-141083-0034__T1__1995-1995-1826-0017__HSIMV2__2094-2094-142345-0051__SIRm3,1995,1580,9,0.0,0.0,0.0,0.0,0.0,55.141861542292055,21.316888463740227
1995-1826-0017_1580-141083-0034__T2__1580-1580-141083-0034__HSIMV2__237-237-134493-0005__SIRm3,1580,1995,12,0.0,0.0,0.0,0.0,0.0,51.183001084753414,19.13009808779595
1995-1826-0017_5639-40744-0001__T1__1995-1995-1826-0017__HSIMV2__2094-2094-142345-0032__SIRm3,1995,5639,5,0.0,0.0,0.0,0.0,0.0,49.514524378240495,21.159615755711943
1995-1826-0017_5639-40744-0001__T2__5639-5639-40744-0001__HSIMV2__1089-1089-134686-0028__SIRm3,5639,1995,14,0.0,0.0,0.0,0.0,0.0,49.53584203213284,19.142857866644267
1995-1826-0018_6930-75918-0018__T1__1995-1995-1826-0018__HSIMV2__2094-2094-142345-0045__SIRm3,1995,6930,5,0.0,0.0,0.0,0.0,0.0,46.818580901014315,17.543622745553648
1995-1826-0018_6930-75918-0018__T2__6930-6930-75918-0018__HSIMV2__260-260-123286-0001__SIRm3,6930,1995,5,0.0,0.0,0.0,0.0,0.0,41.576019534760654,15.53565291859898
1995-1826-0020_3729-6852-0019__T1__1995-1995-1826-0020__HSIMV2__2094-2094-142345-0011__SIRm3,1995,3729,11,1.0,1.0,1.0,1.0,1.0,-59.9576099353522,-38.541453469545615
1995-1826-0020_3729-6852-0019__T2__3729-3729-6852-0019__HSIMV2__4507-4507-16021-0034__SIRm3,3729,1995,5,0.0,0.0,0.0,0.0,0.0,49.2746299778708,18.75991497686713
1995-1826-0020_61-70970-0027__T1__1995-1995-1826-0020__HSIMV2__2094-2094-142345-0025__SIRm3,1995,61,6,0.0,0.0,0.0,0.0,0.0,52.441312547392045,21.05530310673216
1995-1826-0020_61-70970-0027__T2__61-61-70970-0027__HSIMV2__8230-8230-279154-0022__SIRm3,61,1995,9,0.0,0.0,0.0,0.0,0.0,49.204869249917905,16.86306984246721
1995-1826-0021_7176-92135-0008__T1__1995-1995-1826-0021__HSIMV2__2094-2094-142345-0036__SIRm3,1995,7176,12,0.0,0.0,0.0,0.0,0.0,54.61899122255722,22.366872058164663
1995-1826-0021_7176-92135-0008__T2__7176-7176-92135-0008__HSIMV2__61-61-70968-0045__SIRm3,7176,1995,5,0.0,0.0,0.0,0.0,0.0,44.017138170332224,17.43497793913175
1995-1826-0022_5683-32879-0014__T1__1995-1995-1826-0022__HSIMV2__2094-2094-142345-0056__SIRm3,1995,5683,6,0.0,0.0,0.0,0.0,0.0,55.32332901905115,22.68519124870057
1995-1826-0022_5683-32879-0014__T2__5683-5683-32879-0014__HSIMV2__237-237-126133-0021__SIRm3,5683,1995,7,0.14285714285714285,0.0,0.0,0.0,0.0,51.111823127113276,18.629096025257542
1995-1826-0024_5683-32879-0013__T1__1995-1995-1826-0024__HSIMV2__2094-2094-142345-0049__SIRm3,1995,5683,9,0.0,0.0,0.0,0.0,0.0,61.05534848276838,16.172954395527576
1995-1826-0024_5683-32879-0013__T2__5683-5683-32879-0013__HSIMV2__1221-1221-135767-0016__SIRm3,5683,1995,21,0.0,0.0,0.0,0.0,0.0,52.50752982052075,19.22099517194085
1995-1826-0024_6829-68769-0033__T1__1995-1995-1826-0024__HSIMV2__2094-2094-142345-0030__SIRm3,1995,6829,9,0.1111111111111111,0.0,0.0,0.0,0.0,29.845444779384835,9.46454959799758
1995-1826-0024_6829-68769-0033__T2__6829-6829-68769-0033__HSIMV2__4970-4970-29093-0023__SIRm3,6829,1995,7,0.0,0.0,0.0,0.0,0.0,61.143806296993226,22.524501560807828
1995-1826-0025_2830-3980-0047__T1__1995-1995-1826-0025__HSIMV2__2094-2094-142345-0005__SIRm3,1995,2830,5,0.0,0.0,0.0,0.0,0.0,65.0726707256708,19.63243002814217
1995-1826-0025_2830-3980-0047__T2__2830-2830-3980-0047__HSIMV2__8230-8230-279154-0000__SIRm3,2830,1995,14,0.0,0.0,0.0,0.0,0.0,48.13319931601315,16.319238139339312
1995-1826-0025_7021-85628-0007__T1__1995-1995-1826-0025__HSIMV2__2094-2094-142345-0059__SIRm3,1995,7021,5,0.0,0.0,0.0,0.0,0.0,47.6784378709487,17.585589441313317
1995-1826-0025_7021-85628-0007__T2__7021-7021-85628-0007__HSIMV2__5105-5105-28240-0015__SIRm3,7021,1995,16,0.0,0.0,0.0,0.0,0.0,49.61796879470067,18.763248117499963
1995-1826-0025_8463-294825-0008__T1__1995-1995-1826-0025__HSIMV2__2094-2094-142345-0012__SIRm3,1995,8463,5,0.0,0.0,0.0,0.0,0.0,35.78959218100029,16.21093760565926
1995-1826-0025_8463-294825-0008__T2__8463-8463-294825-0008__HSIMV2__4992-4992-41806-0013__SIRm3,8463,1995,6,0.0,0.0,0.0,0.0,0.0,55.462272787639385,20.402508362414444
1995-1826-0026_6829-68771-0029__T1__1995-1995-1826-0026__HSIMV2__2094-2094-142345-0039__SIRm3,1995,6829,11,0.09090909090909091,0.0,0.0,0.0,0.0,50.500491291538076,20.942814502203728
1995-1826-0026_6829-68771-0029__T2__6829-6829-68771-0029__HSIMV2__4970-4970-29095-0011__SIRm3,6829,1995,5,1.0,1.0,1.0,1.0,1.0,-47.16017389177013,-24.31902134388625
1995-1836-0000_1320-122617-0015__T1__1995-1995-1836-0000__HSIMV2__2094-2094-142345-0052__SIRm3,1995,1320,12,0.0,0.08333333333333333,0.0,0.0,0.0,59.456095874753544,20.990625984823925
1995-1836-0000_1320-122617-0015__T2__1320-1320-122617-0015__HSIMV2__5105-5105-28240-0008__SIRm3,1320,1995,9,0.1111111111111111,0.1111111111111111,0.0,0.0,0.0,51.14557456201444,18.54656184301457
1995-1836-0001_8455-210777-0049__T1__1995-1995-1836-0001__HSIMV2__2094-2094-142345-0003__SIRm3,1995,8455,11,0.0,0.0,0.0,0.0,0.0,59.54505756493679,22.47759434048977
1995-1836-0001_8455-210777-0049__T2__8455-8455-210777-0049__HSIMV2__1320-1320-122617-0002__SIRm3,8455,1995,7,0.0,0.0,0.0,0.0,0.0,48.49833036785247,20.76201230290123
1995-1836-0003_4992-41806-0011__T1__1995-1995-1836-0003__HSIMV2__2094-2094-142345-0059__SIRm3,1995,4992,14,0.0,0.14285714285714285,0.0,0.0,0.0,50.81487259087233,20.96180176381764
1995-1836-0003_4992-41806-0011__T2__4992-4992-41806-0011__HSIMV2__4446-4446-2275-0006__SIRm3,4992,1995,6,0.0,0.0,0.0,0.0,0.0,53.989381315579884,21.552013031527203
1995-1836-0003_8230-279154-0000__T1__1995-1995-1836-0003__HSIMV2__2094-2094-142345-0002__SIRm3,1995,8230,14,0.0,0.0,0.0,0.0,0.0,55.01619033282968,21.86277001059008
1995-1836-0003_8230-279154-0000__T2__8230-8230-279154-0000__HSIMV2__61-61-70970-0030__SIRm3,8230,1995,5,0.0,0.0,0.0,0.0,0.0,41.79853091205832,16.190419418679276
1995-1836-0005_2300-131720-0012__T1__1995-1995-1836-0005__HSIMV2__2094-2094-142345-0006__SIRm3,1995,2300,20,0.0,0.0,0.0,0.0,0.0,56.662731931348276,19.4451014800512
1995-1836-0005_2300-131720-0012__T2__2300-2300-131720-0012__HSIMV2__61-61-70970-0014__SIRm3,2300,1995,5,0.0,0.0,0.0,0.0,0.0,45.619794947481424,17.44155878105752
1995-1836-0005_6930-81414-0019__T1__1995-1995-1836-0005__HSIMV2__2094-2094-142345-0027__SIRm3,1995,6930,10,0.0,0.0,0.0,0.0,0.0,48.98419412006538,19.601922833882444
1995-1836-0005_6930-81414-0019__T2__6930-6930-81414-0019__HSIMV2__260-260-123440-0005__SIRm3,6930,1995,5,0.0,0.0,0.0,0.0,0.0,44.61793655436353,18.92130656581813
1995-1836-0006_2094-142345-0036__T1__1995-1995-1836-0006__HSIMV2__2094-2094-142345-0037__SIRm3,1995,2094,14,0.0,0.0,0.0,0.0,0.0,56.136675698006684,20.36357683847808
1995-1836-0006_2094-142345-0036__T2__2094-2094-142345-0036__HSIMV2__3729-3729-6852-0016__SIRm3,2094,1995,7,0.0,0.0,0.0,0.0,0.0,56.98900980491693,20.77124885245906
1995-1836-0007_2830-3980-0070__T1__1995-1995-1836-0007__HSIMV2__2094-2094-142345-0045__SIRm3,1995,2830,5,0.0,0.0,0.0,0.0,0.0,53.469433125774685,22.57724684969845
1995-1836-0007_2830-3980-0070__T2__2830-2830-3980-0070__HSIMV2__8230-8230-279154-0034__SIRm3,2830,1995,6,0.0,0.0,0.0,0.0,0.0,58.61050721653843,20.202549415661
1995-1836-0007_5683-32865-0010__T1__1995-1995-1836-0007__HSIMV2__2094-2094-142345-0039__SIRm3,1995,5683,5,0.0,0.0,0.0,0.0,0.0,49.283564654305415,19.191023815677703
1995-1836-0007_5683-32865-0010__T2__5683-5683-32865-0010__HSIMV2__237-237-134500-0006__SIRm3,5683,1995,7,1.0,1.0,1.0,1.0,1.0,-56.61322124393863,-32.42384003657542
1995-1836-0008_5683-32866-0006__T1__1995-1995-1836-0008__HSIMV2__2094-2094-142345-0011__SIRm3,1995,5683,12,0.9166666666666666,0.9166666666666666,0.9166666666666666,1.0,0.9166666666666666,-54.2159229933151,-29.43550740615747
1995-1836-0008_5683-32866-0006__T2__5683-5683-32866-0006__HSIMV2__1221-1221-135767-0024__SIRm3,5683,1995,7,0.14285714285714285,0.0,0.0,0.0,0.0,43.74461591793243,17.969972277362572
1995-1836-0009_4507-16021-0034__T1__1995-1995-1836-0009__HSIMV2__2094-2094-142345-0005__SIRm3,1995,4507,12,0.0,0.0,0.0,0.0,0.0,63.2929447324477,23.03289021671319
1995-1836-0009_4507-16021-0034__T2__4507-4507-16021-0034__HSIMV2__3729-3729-6852-0037__SIRm3,4507,1995,10,0.0,0.0,0.0,0.0,0.0,52.191540678414796,19.65956106961168
1995-1836-0009_672-122797-0047__T1__1995-1995-1836-0009__HSIMV2__2094-2094-142345-0027__SIRm3,1995,672,10,0.0,0.0,0.0,0.0,0.0,59.11979127428922,22.482118159334995
1995-1836-0009_672-122797-0047__T2__672-672-122797-0047__HSIMV2__260-260-123286-0027__SIRm3,672,1995,5,0.0,0.0,0.0,0.0,0.0,40.977266975753565,18.16618232528262
1995-1836-0009_7729-102255-0020__T1__1995-1995-1836-0009__HSIMV2__2094-2094-142345-0029__SIRm3,1995,7729,12,0.0,0.0,0.0,0.0,0.0,65.36322467588663,23.10335000579385
1995-1836-0009_7729-102255-0020__T2__7729-7729-102255-0020__HSIMV2__7176-7176-92135-0031__SIRm3,7729,1995,18,0.0,0.0,0.0,0.0,0.0,44.39593101641096,17.424186519051975
1995-1836-0011_8463-294825-0015__T1__1995-1995-1836-0011__HSIMV2__2094-2094-142345-0037__SIRm3,1995,8463,8,0.0,0.0,0.0,0.0,0.0,53.08714586359805,22.31175395940354
1995-1836-0011_8463-294825-0015__T2__8463-8463-294825-0015__HSIMV2__4992-4992-23283-0018__SIRm3,8463,1995,5,0.0,0.0,0.0,0.0,0.0,50.185638566074786,19.66721559475048
1995-1836-0012_4446-2275-0034__T1__1995-1995-1836-0012__HSIMV2__2094-2094-142345-0025__SIRm3,1995,4446,6,0.0,0.8333333333333334,0.0,0.0,0.0,29.78956099097876,9.06571028124038
1995-1836-0012_4446-2275-0034__T2__4446-4446-2275-0034__HSIMV2__1284-1284-1181-0001__SIRm3,4446,1995,5,0.0,0.0,0.0,0.0,0.0,55.903146890870026,21.170844206317764
1995-1836-0012_7021-79730-0006__T1__1995-1995-1836-0012__HSIMV2__2094-2094-142345-0044__SIRm3,1995,7021,6,0.0,0.16666666666666666,0.0,0.0,0.0,52.769674370617814,22.679692900140296
1995-1836-0012_7021-79730-0006__T2__7021-7021-79730-0006__HSIMV2__5105-5105-28233-0004__SIRm3,7021,1995,8,0.0,0.0,0.0,0.0,0.0,49.953911807083244,18.735793299906195
1995-1836-0013_2961-961-0014__T1__1995-1995-1836-0013__HSIMV2__2094-2094-142345-0056__SIRm3,1995,2961,6,0.0,0.0,0.0,0.0,0.0,55.800358561615695,18.95774356307933
1995-1836-0013_2961-961-0014__T2__2961-2961-961-0014__HSIMV2__3570-3570-5694-0009__SIRm3,2961,1995,18,0.0,0.0,0.0,0.0,0.0,56.38450435063671,20.79754252522254
1995-1836-0014_3570-5695-0002__T1__1995-1995-1836-0014__HSIMV2__2094-2094-142345-0057__SIRm3,1995,3570,17,0.8823529411764706,0.8235294117647058,0.8235294117647058,1.0,0.8235294117647058,-22.299261073230007,-8.317335589582195
1995-1836-0014_3570-5695-0002__T2__3570-3570-5695-0002__HSIMV2__4507-4507-16021-0055__SIRm3,3570,1995,13,0.0,0.0,0.0,0.0,0.0,55.30956488911325,20.249585500969467
1995-1836-0014_8455-210777-0025__T1__1995-1995-1836-0014__HSIMV2__2094-2094-142345-0051__SIRm3,1995,8455,9,0.0,0.0,0.0,0.0,0.0,58.041183882211904,22.642119984818624
1995-1836-0014_8455-210777-0025__T2__8455-8455-210777-0025__HSIMV2__1320-1320-122612-0012__SIRm3,8455,1995,6,0.0,0.0,0.0,0.0,0.0,50.06147509237781,18.722028132715856
1995-1837-0000_237-134493-0014__T1__1995-1995-1837-0000__HSIMV2__2094-2094-142345-0049__SIRm3,1995,237,6,0.0,0.0,0.0,0.0,0.0,57.87326219374833,20.69780853961289
1995-1837-0000_237-134493-0014__T2__237-237-134493-0014__HSIMV2__3575-3575-170457-0052__SIRm3,237,1995,5,1.0,1.0,1.0,1.0,1.0,-49.95057338551637,-31.70404516338129
1995-1837-0000_8224-274384-0013__T1__1995-1995-1837-0000__HSIMV2__2094-2094-142345-0056__SIRm3,1995,8224,6,0.0,0.0,0.0,0.0,0.0,52.25221772204685,22.02844710351999
1995-1837-0000_8224-274384-0013__T2__8224-8224-274384-0013__HSIMV2__8455-8455-210777-0034__SIRm3,8224,1995,9,0.0,0.0,0.0,0.0,0.0,46.697659408871026,16.40971651088276
1995-1837-0001_672-122797-0001__T1__1995-1995-1837-0001__HSIMV2__2094-2094-142345-0057__SIRm3,1995,672,16,0.0625,0.0,0.0,0.0,0.0,61.24077693121696,21.81625843139563
1995-1837-0001_672-122797-0001__T2__672-672-122797-0001__HSIMV2__260-260-123288-0027__SIRm3,672,1995,10,0.0,0.1,0.0,0.0,0.0,57.808893452320476,19.59103384743353
1995-1837-0001_6930-76324-0014__T1__1995-1995-1837-0001__HSIMV2__2094-2094-142345-0025__SIRm3,1995,6930,6,0.0,0.0,0.0,0.0,0.0,45.678723410955826,12.757424489680432
1995-1837-0001_6930-76324-0014__T2__6930-6930-76324-0014__HSIMV2__260-260-123440-0008__SIRm3,6930,1995,6,0.0,0.0,0.0,0.0,0.0,49.23761181054374,18.117955798783647
1995-1837-0004_3575-170457-0034__T1__1995-1995-1837-0004__HSIMV2__2094-2094-142345-0054__SIRm3,1995,3575,10,0.1,0.0,0.0,0.0,0.0,59.79920357792573,23.09485017923152
1995-1837-0004_3575-170457-0034__T2__3575-3575-170457-0034__HSIMV2__237-237-134493-0015__SIRm3,3575,1995,5,0.0,0.0,0.0,0.0,0.0,50.72836893717046,19.909966523572987
1995-1837-0004_5639-40744-0007__T1__1995-1995-1837-0004__HSIMV2__2094-2094-142345-0023__SIRm3,1995,5639,9,0.0,0.0,0.0,0.0,0.0,57.60473293526814,22.52983499196637
1995-1837-0004_5639-40744-0007__T2__5639-5639-40744-0007__HSIMV2__1089-1089-134691-0001__SIRm3,5639,1995,9,0.0,0.1111111111111111,0.0,0.0,0.0,50.35356371284324,19.05025251856592
1995-1837-0007_61-70970-0010__T1__1995-1995-1837-0007__HSIMV2__2094-2094-142345-0056__SIRm3,1995,61,6,0.0,0.0,0.0,0.0,0.0,57.06086716588561,21.814692946861616
1995-1837-0007_61-70970-0010__T2__61-61-70970-0010__HSIMV2__8230-8230-279154-0027__SIRm3,61,1995,5,0.0,0.0,0.0,0.0,0.0,40.84343521866421,17.15884512079825
1995-1837-0009_5683-32879-0016__T1__1995-1995-1837-0009__HSIMV2__2094-2094-142345-0030__SIRm3,1995,5683,6,0.0,0.0,0.0,0.0,0.0,34.03887067329591,10.941330801028723
1995-1837-0009_5683-32879-0016__T2__5683-5683-32879-0016__HSIMV2__1221-1221-135766-0014__SIRm3,5683,1995,8,0.0,0.0,0.0,0.0,0.0,51.77493832807298,19.97892707859212
1995-1837-0009_6829-68769-0017__T1__1995-1995-1837-0009__HSIMV2__2094-2094-142345-0034__SIRm3,1995,6829,6,0.0,0.0,0.0,0.0,0.0,54.404055673647925,22.03554591641869
1995-1837-0009_6829-68769-0017__T2__6829-6829-68769-0017__HSIMV2__4970-4970-29093-0001__SIRm3,6829,1995,6,0.16666666666666666,0.0,0.0,0.16666666666666666,0.0,5.85641374870124,5.711275503236177
1995-1837-0009_7176-88083-0006__T1__1995-1995-1837-0009__HSIMV2__2094-2094-142345-0005__SIRm3,1995,7176,6,0.0,0.0,0.0,0.0,0.0,56.91932510446594,22.862985172174536
1995-1837-0009_7176-88083-0006__T2__7176-7176-88083-0006__HSIMV2__61-61-70970-0014__SIRm3,7176,1995,5,0.0,0.0,0.0,0.0,0.0,36.76702931570153,15.034514200026829
1995-1837-0010_5639-40744-0033__T1__1995-1995-1837-0010__HSIMV2__2094-2094-142345-0029__SIRm3,1995,5639,5,0.0,0.0,0.0,0.0,0.0,66.7771257481804,24.28401930084753
1995-1837-0010_5639-40744-0033__T2__5639-5639-40744-0033__HSIMV2__1089-1089-134691-0022__SIRm3,5639,1995,10,0.0,0.0,0.0,0.0,0.0,57.35251339239544,21.13004550921913
1995-1837-0011_1580-141084-0009__T1__1995-1995-1837-0011__HSIMV2__2094-2094-142345-0056__SIRm3,1995,1580,5,0.0,0.2,0.0,0.0,0.0,61.337069551769595,14.782153956126669
1995-1837-0011_1580-141084-0009__T2__1580-1580-141084-0009__HSIMV2__1284-1284-1180-0029__SIRm3,1580,1995,8,0.0,0.0,0.0,0.0,0.0,52.735982286540874,18.348596231236137
1995-1837-0011_4446-2275-0013__T1__1995-1995-1837-0011__HSIMV2__2094-2094-142345-0002__SIRm3,1995,4446,5,0.0,0.0,0.0,0.0,0.0,57.152562221835716,22.5457861852082
1995-1837-0011_4446-2275-0013__T2__4446-4446-2275-0013__HSIMV2__4992-4992-23283-0004__SIRm3,4446,1995,6,0.0,0.0,0.0,0.0,0.0,48.99792518544547,19.46024339823564
1995-1837-0012_8463-287645-0009__T1__1995-1995-1837-0012__HSIMV2__2094-2094-142345-0021__SIRm3,1995,8463,9,0.0,0.0,0.0,0.0,0.0,42.76811872456917,14.94148521771526
1995-1837-0012_8463-287645-0009__T2__8463-8463-287645-0009__HSIMV2__4992-4992-23283-0016__SIRm3,8463,1995,6,0.0,0.0,0.0,0.0,0.0,46.76675579151731,18.587457581901752
1995-1837-0013_260-123288-0016__T1__1995-1995-1837-0013__HSIMV2__2094-2094-142345-0039__SIRm3,1995,260,5,0.0,0.0,0.0,0.0,0.0,49.6409867518267,21.81096614011408
1995-1837-0013_260-123288-0016__T2__260-260-123288-0016__HSIMV2__672-672-122797-0000__SIRm3,260,1995,7,0.0,0.14285714285714285,0.0,0.0,0.0,57.067389482804614,19.59412920329479
1995-1837-0013_3570-5694-0008__T1__1995-1995-1837-0013__HSIMV2__2094-2094-142345-0045__SIRm3,1995,3570,5,0.0,0.0,0.0,0.0,0.0,64.91056939278427,22.714920987581387
1995-1837-0013_3570-5694-0008__T2__3570-3570-5694-0008__HSIMV2__4507-4507-16021-0028__SIRm3,3570,1995,5,0.0,0.0,0.0,0.0,0.0,49.68606701227206,19.179339867794987
1995-1837-0013_7176-92135-0009__T1__1995-1995-1837-0013__HSIMV2__2094-2094-142345-0011__SIRm3,1995,7176,5,0.0,0.0,0.0,0.0,0.0,66.53017542871157,23.72737842704416
1995-1837-0013_7176-92135-0009__T2__7176-7176-92135-0009__HSIMV2__61-61-70968-0039__SIRm3,7176,1995,6,0.0,0.0,0.0,0.0,0.0,42.12696838054617,13.542034923152542
1995-1837-0015_1580-141083-0012__T1__1995-1995-1837-0015__HSIMV2__2094-2094-142345-0048__SIRm3,1995,1580,7,0.0,0.0,0.0,0.0,0.0,53.18226215802367,18.095516581536568
1995-1837-0015_1580-141083-0012__T2__1580-1580-141083-0012__HSIMV2__1284-1284-1181-0013__SIRm3,1580,1995,13,0.0,0.0,0.0,0.0,0.0,53.528634167711786,19.767700391087835
1995-1837-0015_4077-13751-0001__T1__1995-1995-1837-0015__HSIMV2__2094-2094-142345-0036__SIRm3,1995,4077,7,0.0,0.0,0.0,0.0,0.0,51.49473046458094,8.87929318830332
1995-1837-0015_4077-13751-0001__T2__4077-4077-13751-0001__HSIMV2__8455-8455-210777-0062__SIRm3,4077,1995,5,0.0,0.0,0.0,0.0,0.0,37.89313845056114,15.801650449829172
1995-1837-0016_1320-122617-0006__T1__1995-1995-1837-0016__HSIMV2__2094-2094-142345-0036__SIRm3,1995,1320,12,0.0,0.0,0.0,0.0,0.0,56.19864901446628,16.49612183599502
1995-1837-0016_1320-122617-0006__T2__1320-1320-122617-0006__HSIMV2__5105-5105-28233-0004__SIRm3,1320,1995,8,0.0,0.0,0.0,0.0,0.0,57.07710071889227,19.6676741821781
1995-1837-0016_3575-170457-0038__T1__1995-1995-1837-0016__HSIMV2__2094-2094-142345-0028__SIRm3,1995,3575,12,0.0,0.0,0.0,0.0,0.0,54.30902946751905,20.187116386286927
1995-1837-0016_3575-170457-0038__T2__3575-3575-170457-0038__HSIMV2__237-237-134500-0036__SIRm3,3575,1995,12,0.0,0.16666666666666666,0.0,0.0,0.0,54.62599757985026,20.58163266984183
1995-1837-0016_8230-279154-0006__T1__1995-1995-1837-0016__HSIMV2__2094-2094-142345-0057__SIRm3,1995,8230,13,0.0,0.0,0.0,0.0,0.0,54.8913323477465,21.56739551071473
1995-1837-0016_8230-279154-0006__T2__8230-8230-279154-0006__HSIMV2__61-61-70968-0027__SIRm3,8230,1995,12,0.08333333333333333,0.08333333333333333,0.0,0.0,0.0,41.20787970574954,15.889811262087017
1995-1837-0017_7176-88083-0011__T1__1995-1995-1837-0017__HSIMV2__2094-2094-142345-0045__SIRm3,1995,7176,5,0.0,0.0,0.0,0.0,0.0,50.41532548484756,20.640033933864864
1995-1837-0017_7176-88083-0011__T2__7176-7176-88083-0011__HSIMV2__61-61-70968-0056__SIRm3,7176,1995,6,0.0,0.0,0.0,0.0,0.0,35.48219324034353,11.747214186046508
1995-1837-0019_1089-134686-0009__T1__1995-1995-1837-0019__HSIMV2__2094-2094-142345-0039__SIRm3,1995,1089,9,0.0,0.0,0.0,0.0,0.0,53.530658756025396,21.402736076030955
1995-1837-0019_1089-134686-0009__T2__1089-1089-134686-0009__HSIMV2__8230-8230-279154-0011__SIRm3,1089,1995,11,0.0,0.0,0.0,0.0,0.0,51.81934723782033,18.084739793932883
1995-1837-0019_672-122797-0023__T1__1995-1995-1837-0019__HSIMV2__2094-2094-142345-0018__SIRm3,1995,672,5,0.0,0.0,0.0,0.0,0.0,66.2447470755452,23.0431675000517
1995-1837-0019_672-122797-0023__T2__672-672-122797-0023__HSIMV2__260-260-123440-0012__SIRm3,672,1995,9,0.0,0.0,0.0,0.0,0.0,51.30515503586763,18.20821729639791
1995-1837-0020_5142-33396-0032__T1__1995-1995-1837-0020__HSIMV2__2094-2094-142345-0057__SIRm3,1995,5142,5,0.0,0.0,0.0,0.0,0.0,48.73288922445122,20.47736774704916
1995-1837-0020_5142-33396-0032__T2__5142-5142-33396-0032__HSIMV2__4970-4970-29093-0023__SIRm3,5142,1995,15,0.0,0.0,0.0,0.0,0.0,43.88712056026527,17.95574189132563
1995-1837-0021_4970-29095-0026__T1__1995-1995-1837-0021__HSIMV2__2094-2094-142345-0030__SIRm3,1995,4970,5,0.0,0.0,0.0,0.0,0.0,19.401111484597834,6.384121706507049
1995-1837-0021_4970-29095-0026__T2__4970-4970-29095-0026__HSIMV2__8555-8555-284447-0008__SIRm3,4970,1995,15,0.0,0.0,0.0,0.0,0.0,61.47317582140032,22.37646000737833
1995-1837-0022_4992-41797-0008__T1__1995-1995-1837-0022__HSIMV2__2094-2094-142345-0025__SIRm3,1995,4992,5,0.0,0.0,0.0,0.0,0.0,61.202880970584395,24.628272692231526
1995-1837-0022_4992-41797-0008__T2__4992-4992-41797-0008__HSIMV2__4446-4446-2275-0007__SIRm3,4992,1995,16,0.0,0.0,0.0,0.0,0.0,55.02276272684812,19.48702495024441
1995-1837-0024_908-157963-0005__T1__1995-1995-1837-0024__HSIMV2__2094-2094-142345-0002__SIRm3,1995,908,9,0.0,0.0,0.0,0.0,0.0,45.823899493452046,21.88772197146816
1995-1837-0024_908-157963-0005__T2__908-908-157963-0005__HSIMV2__7176-7176-88083-0019__SIRm3,908,1995,10,0.0,0.0,0.0,0.0,0.0,38.605466822878114,15.916030198711493
1995-1837-0025_5142-36377-0017__T1__1995-1995-1837-0025__HSIMV2__2094-2094-142345-0006__SIRm3,1995,5142,18,0.0,0.0,0.0,0.0,0.0,59.03867686617741,23.745422783723605
1995-1837-0025_5142-36377-0017__T2__5142-5142-36377-0017__HSIMV2__4970-4970-29093-0013__SIRm3,5142,1995,8,0.0,0.0,0.0,0.0,0.0,46.09796530916039,18.404544469906952
1995-1837-0027_1089-134686-0017__T1__1995-1995-1837-0027__HSIMV2__2094-2094-142345-0057__SIRm3,1995,1089,12,0.0,0.0,0.0,0.0,0.0,50.504354079612405,20.53804150676507
1995-1837-0027_1089-134686-0017__T2__1089-1089-134686-0017__HSIMV2__8230-8230-279154-0018__SIRm3,1089,1995,16,0.0,0.0,0.0,0.0,0.0,49.54838862276834,18.987816621919105
1995-1837-0027_4970-29095-0022__T1__1995-1995-1837-0027__HSIMV2__2094-2094-142345-0003__SIRm3,1995,4970,12,0.08333333333333333,0.0,0.0,0.0,0.0,57.34733315144397,21.81218858097239
1995-1837-0027_4970-29095-0022__T2__4970-4970-29095-0022__HSIMV2__6829-6829-68771-0016__SIRm3,4970,1995,8,0.0,0.0,0.0,0.0,0.0,58.85234477378497,22.10625927375333
1995-1837-0027_7176-88083-0008__T1__1995-1995-1837-0027__HSIMV2__2094-2094-142345-0011__SIRm3,1995,7176,12,0.0,0.16666666666666666,0.0,0.0,0.0,56.38101378505758,21.7403915912132
1995-1837-0027_7176-88083-0008__T2__7176-7176-88083-0008__HSIMV2__61-61-70968-0041__SIRm3,7176,1995,5,0.0,0.0,0.0,0.0,0.0,39.01667007886178,17.190511234444934
1995-1837-0029_5683-32865-0013__T1__1995-1995-1837-0029__HSIMV2__2094-2094-142345-0006__SIRm3,1995,5683,10,0.0,0.0,0.0,0.0,0.0,55.34653919280453,18.545208474759647
1995-1837-0029_5683-32865-0013__T2__5683-5683-32865-0013__HSIMV2__237-237-126133-0016__SIRm3,5683,1995,6,1.0,1.0,1.0,1.0,1.0,-56.62260673190577,-33.71051735171552
2094-142345-0001_1089-134691-0008__T1__2094-2094-142345-0001__HSIMV2__3729-3729-6852-0037__SIRm3,2094,1089,10,0.1,0.0,0.0,0.0,0.0,41.81352550691578,16.79015829440995
2094-142345-0001_1089-134691-0008__T2__1089-1089-134691-0008__HSIMV2__8230-8230-279154-0007__SIRm3,1089,2094,28,0.03571428571428571,0.0,0.0,0.0,0.0,49.72548013094232,19.987458528443533
2094-142345-0003_6930-81414-0004__T1__2094-2094-142345-0003__HSIMV2__3729-3729-6852-0038__SIRm3,2094,6930,10,0.0,0.0,0.0,0.0,0.0,51.73973558691413,16.648627127581555
2094-142345-0003_6930-81414-0004__T2__6930-6930-81414-0004__HSIMV2__260-260-123288-0000__SIRm3,6930,2094,5,0.0,0.0,0.0,0.0,0.0,52.57227543810821,21.06509601455631
2094-142345-0009_8455-210777-0035__T1__2094-2094-142345-0009__HSIMV2__3729-3729-6852-0016__SIRm3,2094,8455,7,0.0,0.0,0.0,0.0,0.0,52.00612608165915,20.635398217961235
2094-142345-0009_8455-210777-0035__T2__8455-8455-210777-0035__HSIMV2__1320-1320-122612-0007__SIRm3,8455,2094,8,0.0,0.0,0.0,0.0,0.0,51.24182626196067,19.62841113579743
2094-142345-0011_1580-141083-0001__T1__2094-2094-142345-0011__HSIMV2__3729-3729-6852-0042__SIRm3,2094,1580,29,0.0,0.0,0.0,0.0,0.0,55.35723297662726,20.553603859602266
2094-142345-0011_1580-141083-0001__T2__1580-1580-141083-0001__HSIMV2__237-237-134500-0018__SIRm3,1580,2094,19,0.0,0.0,0.0,0.0,0.0,54.20086828057641,21.1634284197449
2094-142345-0012_4446-2275-0026__T1__2094-2094-142345-0012__HSIMV2__3729-3729-6852-0022__SIRm3,2094,4446,15,0.0,0.0,0.0,0.0,0.0,52.51920260613927,17.91810257329339
2094-142345-0012_4446-2275-0026__T2__4446-4446-2275-0026__HSIMV2__1284-1284-134647-0002__SIRm3,4446,2094,9,0.0,0.0,0.0,0.0,0.0,48.50415715795136,17.31655990931058
2094-142345-0018_1284-1181-0000__T1__2094-2094-142345-0018__HSIMV2__3729-3729-6852-0002__SIRm3,2094,1284,5,0.0,0.0,0.0,0.0,0.0,39.789082702622075,19.52677826475224
2094-142345-0018_1284-1181-0000__T2__1284-1284-1181-0000__HSIMV2__1580-1580-141084-0024__SIRm3,1284,2094,6,0.0,0.0,0.0,0.0,0.0,50.678833590641716,19.97437540158742
2094-142345-0018_1320-122617-0018__T1__2094-2094-142345-0018__HSIMV2__3729-3729-6852-0024__SIRm3,2094,1320,5,1.0,1.0,1.0,1.0,1.0,-31.794909367119676,-16.037358621911576
2094-142345-0018_1320-122617-0018__T2__1320-1320-122617-0018__HSIMV2__5105-5105-28240-0019__SIRm3,1320,2094,11,0.0,0.0,0.0,0.0,0.0,57.563019493244724,19.84142286425803
2094-142345-0018_8555-292519-0008__T1__2094-2094-142345-0018__HSIMV2__3729-3729-6852-0041__SIRm3,2094,8555,5,0.0,0.0,0.0,0.0,0.0,48.033584634654744,18.88012092725916
2094-142345-0018_8555-292519-0008__T2__8555-8555-292519-0008__HSIMV2__4970-4970-29095-0012__SIRm3,8555,2094,8,0.0,0.0,0.0,0.0,0.0,64.8886496894847,23.16523361129622
2094-142345-0021_1995-1826-0019__T1__2094-2094-142345-0021__HSIMV2__3729-3729-6852-0041__SIRm3,2094,1995,9,0.0,0.0,0.0,0.0,0.0,55.97338381414818,19.3423831128129
2094-142345-0021_1995-1826-0019__T2__1995-1995-1826-0019__HSIMV2__2094-2094-142345-0029__SIRm3,1995,2094,9,0.0,0.0,0.0,0.0,0.0,56.792503690682075,22.10346493150579
2094-142345-0023_4507-16021-0002__T1__2094-2094-142345-0023__HSIMV2__3729-3729-6852-0042__SIRm3,2094,4507,9,0.0,0.0,0.0,0.0,0.0,53.78776877886121,19.69604584107289
2094-142345-0023_4507-16021-0002__T2__4507-4507-16021-0002__HSIMV2__3729-3729-6852-0016__SIRm3,4507,2094,5,0.0,0.0,0.0,0.0,0.0,56.107354688329835,18.94189592747628
2094-142345-0023_908-157963-0024__T1__2094-2094-142345-0023__HSIMV2__3729-3729-6852-0042__SIRm3,2094,908,9,0.0,0.0,0.0,0.0,0.0,53.787589761358554,19.69598295429101
2094-142345-0023_908-157963-0024__T2__908-908-157963-0024__HSIMV2__7176-7176-92135-0031__SIRm3,908,2094,5,0.0,0.0,0.0,0.0,0.0,44.95226933817658,17.699314149424662
2094-142345-0024_6829-68771-0036__T1__2094-2094-142345-0024__HSIMV2__3729-3729-6852-0028__SIRm3,2094,6829,9,0.0,0.0,0.0,0.0,0.0,41.27841594654772,18.866664858189907
2094-142345-0024_6829-68771-0036__T2__6829-6829-68771-0036__HSIMV2__4970-4970-29095-0005__SIRm3,6829,2094,8,0.0,0.0,0.0,0.0,0.0,57.220763095567186,20.876898858586312
2094-142345-0027_260-123288-0007__T1__2094-2094-142345-0027__HSIMV2__3729-3729-6852-0042__SIRm3,2094,260,10,0.0,0.0,0.0,0.0,0.0,55.94966767775084,18.83330308181224
2094-142345-0027_260-123288-0007__T2__260-260-123288-0007__HSIMV2__672-672-122797-0003__SIRm3,260,2094,8,0.0,0.0,0.0,0.0,0.0,56.556460413298915,20.01593662965962
2094-142345-0027_4446-2273-0028__T1__2094-2094-142345-0027__HSIMV2__3729-3729-6852-0040__SIRm3,2094,4446,10,0.0,0.0,0.0,0.0,0.0,50.79354404528253,19.60764344510515
2094-142345-0027_4446-2273-0028__T2__4446-4446-2273-0028__HSIMV2__4992-4992-41806-0003__SIRm3,4446,2094,9,0.0,0.0,0.0,0.0,0.0,59.1021778912357,21.952474994494946
2094-142345-0027_7021-79759-0000__T1__2094-2094-142345-0027__HSIMV2__3729-3729-6852-0032__SIRm3,2094,7021,10,0.0,0.0,0.0,0.0,0.0,54.20422102460674,18.88904862994868
2094-142345-0027_7021-79759-0000__T2__7021-7021-79759-0000__HSIMV2__5105-5105-28240-0015__SIRm3,7021,2094,8,0.0,0.0,0.0,0.0,0.0,52.65976702254383,20.155982238142933
2094-142345-0028_6829-68769-0024__T1__2094-2094-142345-0028__HSIMV2__3729-3729-6852-0046__SIRm3,2094,6829,12,0.0,0.08333333333333333,0.0,0.0,0.0,57.77130626739207,22.448994822499607
2094-142345-0028_6829-68769-0024__T2__6829-6829-68769-0024__HSIMV2__4446-4446-2273-0028__SIRm3,6829,2094,8,0.0,0.0,0.0,0.0,0.0,55.38054281560218,20.5155685212337
2094-142345-0028_8455-210777-0038__T1__2094-2094-142345-0028__HSIMV2__3729-3729-6852-0037__SIRm3,2094,8455,10,0.0,0.0,0.0,0.0,0.0,54.03381467542996,20.07059655456452
2094-142345-0028_8455-210777-0038__T2__8455-8455-210777-0038__HSIMV2__1320-1320-122617-0026__SIRm3,8455,2094,9,0.0,0.0,0.0,0.0,0.0,52.832046612498594,19.71498259650441
2094-142345-0029_1995-1837-0012__T1__2094-2094-142345-0029__HSIMV2__3729-3729-6852-0019__SIRm3,2094,1995,5,0.0,0.0,0.0,0.0,0.0,44.789816096460825,16.35796211205997
2094-142345-0029_1995-1837-0012__T2__1995-1995-1837-0012__HSIMV2__2094-2094-142345-0058__SIRm3,1995,2094,8,0.0,0.0,0.0,0.0,0.0,58.31777009138034,23.307698441088085
2094-142345-0029_7127-75946-0014__T1__2094-2094-142345-0029__HSIMV2__3729-3729-6852-0032__SIRm3,2094,7127,16,0.0,0.0,0.0,0.0,0.0,54.40593732969536,21.29365962908579
2094-142345-0029_7127-75946-0014__T2__7127-7127-75946-0014__HSIMV2__8455-8455-210777-0022__SIRm3,7127,2094,19,0.0,0.0,0.0,0.0,0.0,46.08843043143293,16.735374270636484
2094-142345-0030_5142-36377-0009__T1__2094-2094-142345-0030__HSIMV2__3729-3729-6852-0016__SIRm3,2094,5142,7,0.0,0.0,0.0,0.0,0.0,55.47090723790433,18.32326856624494
2094-142345-0030_5142-36377-0009__T2__5142-5142-36377-0009__HSIMV2__4970-4970-29093-0011__SIRm3,5142,2094,9,0.5555555555555556,0.4444444444444444,0.4444444444444444,0.5555555555555556,0.4444444444444444,-2.755999642452772,-6.262773281370625
2094-142345-0032_1284-1180-0025__T1__2094-2094-142345-0032__HSIMV2__3729-3729-6852-0044__SIRm3,2094,1284,5,0.0,0.0,0.0,0.0,0.0,49.81442716527927,18.1224943671906
2094-142345-0032_1284-1180-0025__T2__1284-1284-1180-0025__HSIMV2__4446-4446-2275-0006__SIRm3,1284,2094,6,0.16666666666666666,0.0,0.0,0.0,0.0,41.572142132607624,16.874627675042223
2094-142345-0032_1995-1836-0001__T1__2094-2094-142345-0032__HSIMV2__3729-3729-6852-0029__SIRm3,2094,1995,5,0.0,0.0,0.0,0.0,0.0,54.89225410493682,20.567593057150955
2094-142345-0032_1995-1836-0001__T2__1995-1995-1836-0001__HSIMV2__2094-2094-142345-0025__SIRm3,1995,2094,6,0.0,0.0,0.0,0.0,0.0,57.589170855458434,23.37511138686964
2094-142345-0032_5639-40744-0012__T1__2094-2094-142345-0032__HSIMV2__3729-3729-6852-0023__SIRm3,2094,5639,5,0.0,0.0,0.0,0.0,0.0,51.53502626281719,17.486613676635308
2094-142345-0032_5639-40744-0012__T2__5639-5639-40744-0012__HSIMV2__1089-1089-134691-0004__SIRm3,5639,2094,9,0.0,0.0,0.0,0.0,0.0,58.85096902278633,21.077060326468537
2094-142345-0032_672-122797-0046__T1__2094-2094-142345-0032__HSIMV2__3729-3729-6852-0023__SIRm3,2094,672,5,0.0,0.0,0.0,0.0,0.0,51.53890237377349,17.485053927022964
2094-142345-0032_672-122797-0046__T2__672-672-122797-0046__HSIMV2__1320-1320-122617-0023__SIRm3,672,2094,8,0.0,0.0,0.0,0.0,0.0,42.77066257242868,20.02337247977996
2094-142345-0033_4446-2275-0007__T1__2094-2094-142345-0033__HSIMV2__3729-3729-6852-0039__SIRm3,2094,4446,16,0.0,0.0,0.0,0.0,0.0,51.06792307322547,19.13514369838378
2094-142345-0033_4446-2275-0007__T2__4446-4446-2275-0007__HSIMV2__1284-1284-1180-0014__SIRm3,4446,2094,6,0.0,0.0,0.0,0.0,0.0,50.296505786864515,18.556115389351127
2094-142345-0034_4507-16021-0051__T1__2094-2094-142345-0034__HSIMV2__3729-3729-6852-0043__SIRm3,2094,4507,7,0.0,0.0,0.0,0.0,0.0,64.78712954502244,20.657707219774373
2094-142345-0034_4507-16021-0051__T2__4507-4507-16021-0051__HSIMV2__3729-3729-6852-0031__SIRm3,4507,2094,7,0.0,0.0,0.0,0.0,0.0,39.346490227838096,16.952664310888487
2094-142345-0034_672-122797-0015__T1__2094-2094-142345-0034__HSIMV2__3729-3729-6852-0001__SIRm3,2094,672,14,0.0,0.0,0.0,0.0,0.0,49.577764514528674,18.27154287372005
2094-142345-0034_672-122797-0015__T2__672-672-122797-0015__HSIMV2__260-260-123286-0005__SIRm3,672,2094,7,1.0,1.0,1.0,1.0,1.0,-41.27697995423955,-22.0185065156335
2094-142345-0035_4507-16021-0022__T1__2094-2094-142345-0035__HSIMV2__3729-3729-6852-0016__SIRm3,2094,4507,6,0.0,0.0,0.0,0.0,0.0,47.64929377051177,18.43496203308492
2094-142345-0035_4507-16021-0022__T2__4507-4507-16021-0022__HSIMV2__3729-3729-6852-0019__SIRm3,4507,2094,5,0.0,0.0,0.0,0.0,0.0,43.613078540926246,16.65286895168847
2094-142345-0035_4970-29095-0006__T1__2094-2094-142345-0035__HSIMV2__3729-3729-6852-0013__SIRm3,2094,4970,5,0.0,0.0,0.0,0.0,0.0,33.678147473819045,9.04163036161044
2094-142345-0035_4970-29095-0006__T2__4970-4970-29095-0006__HSIMV2__8555-8555-284449-0018__SIRm3,4970,2094,7,0.0,0.0,0.0,0.0,0.0,58.47199685862353,23.99725442124472
2094-142345-0035_6930-81414-0007__T1__2094-2094-142345-0035__HSIMV2__3729-3729-6852-0044__SIRm3,2094,6930,6,0.0,0.0,0.0,0.0,0.0,45.730669718654305,18.39786957616294
2094-142345-0035_6930-81414-0007__T2__6930-6930-81414-0007__HSIMV2__260-260-123288-0001__SIRm3,6930,2094,6,0.0,0.0,0.0,0.0,0.0,49.96748554761825,18.57556727929454
2094-142345-0037_5105-28240-0016__T1__2094-2094-142345-0037__HSIMV2__3729-3729-6852-0004__SIRm3,2094,5105,19,0.05263157894736842,0.0,0.0,0.0,0.0,48.25844442904288,19.090297661145943
2094-142345-0037_5105-28240-0016__T2__5105-5105-28240-0016__HSIMV2__1320-1320-122612-0013__SIRm3,5105,2094,7,0.0,0.0,0.0,0.0,0.0,48.26686134840923,17.76498495509191
2094-142345-0039_3729-6852-0025__T1__2094-2094-142345-0039__HSIMV2__3729-3729-6852-0037__SIRm3,2094,3729,10,0.0,0.0,0.0,0.0,0.0,47.20280238986428,18.134395923974445
2094-142345-0039_3729-6852-0025__T2__3729-3729-6852-0025__HSIMV2__4507-4507-16021-0039__SIRm3,3729,2094,5,0.0,0.0,0.0,0.0,0.0,58.55729055897367,20.01209889373878
2094-142345-0039_5683-32865-0009__T1__2094-2094-142345-0039__HSIMV2__3729-3729-6852-0023__SIRm3,2094,5683,11,0.0,0.0,0.0,0.0,0.0,47.27371343235857,18.715411992665395
2094-142345-0039_5683-32865-0009__T2__5683-5683-32865-0009__HSIMV2__1221-1221-135767-0008__SIRm3,5683,2094,5,0.0,0.0,0.0,0.0,0.0,44.965109133716126,15.973915300596904
2094-142345-0039_6930-75918-0001__T1__2094-2094-142345-0039__HSIMV2__3729-3729-6852-0013__SIRm3,2094,6930,5,0.0,0.0,0.0,0.0,0.0,43.43888922705887,17.043776238024112
2094-142345-0039_6930-75918-0001__T2__6930-6930-75918-0001__HSIMV2__260-260-123286-0013__SIRm3,6930,2094,8,0.0,0.0,0.0,0.0,0.0,46.14374363066145,17.06527568352467
2094-142345-0043_1580-141084-0040__T1__2094-2094-142345-0043__HSIMV2__3729-3729-6852-0011__SIRm3,2094,1580,13,0.0,0.0,0.0,0.0,0.0,53.808547225427134,18.728033258111108
2094-142345-0043_1580-141084-0040__T2__1580-1580-141084-0040__HSIMV2__237-237-126133-0010__SIRm3,1580,2094,10,0.0,0.0,0.0,0.0,0.0,47.41176789335077,19.08649091141657
2094-142345-0045_2830-3980-0001__T1__2094-2094-142345-0045__HSIMV2__3729-3729-6852-0011__SIRm3,2094,2830,5,0.0,0.0,0.0,0.0,0.0,56.70337984969242,18.65625517360468
2094-142345-0045_2830-3980-0001__T2__2830-2830-3980-0001__HSIMV2__1188-1188-133604-0025__SIRm3,2830,2094,6,0.0,0.0,0.0,0.0,0.0,50.29561338105007,19.58782338860101
2094-142345-0048_121-127105-0029__T1__2094-2094-142345-0048__HSIMV2__3729-3729-6852-0043__SIRm3,2094,121,7,0.0,0.0,0.0,0.0,0.0,57.57798709167151,18.008634355012894
2094-142345-0048_121-127105-0029__T2__121-121-127105-0029__HSIMV2__237-237-134500-0008__SIRm3,121,2094,6,1.0,1.0,1.0,1.0,1.0,-42.28108193581223,-20.98831434077276
2094-142345-0050_1580-141083-0042__T1__2094-2094-142345-0050__HSIMV2__3729-3729-6852-0022__SIRm3,2094,1580,7,0.0,0.0,0.0,0.0,0.0,48.83328316940087,19.262232881319136
2094-142345-0050_1580-141083-0042__T2__1580-1580-141083-0042__HSIMV2__237-237-134500-0011__SIRm3,1580,2094,5,0.0,0.0,0.0,0.0,0.0,55.023784301987476,19.41889072709301
2094-142345-0050_5142-33396-0049__T1__2094-2094-142345-0050__HSIMV2__3729-3729-6852-0026__SIRm3,2094,5142,7,0.0,0.0,0.0,0.0,0.0,43.96208109857491,17.634723294130595
2094-142345-0050_5142-33396-0049__T2__5142-5142-33396-0049__HSIMV2__4970-4970-29095-0020__SIRm3,5142,2094,5,0.0,0.0,0.0,0.0,0.0,45.81444078785585,20.06457761414345
2094-142345-0050_8463-287645-0006__T1__2094-2094-142345-0050__HSIMV2__3729-3729-6852-0018__SIRm3,2094,8463,7,0.0,0.14285714285714285,0.0,0.0,0.0,52.24408875963428,18.16836471669441
2094-142345-0050_8463-287645-0006__T2__8463-8463-287645-0006__HSIMV2__4992-4992-23283-0016__SIRm3,8463,2094,7,0.0,0.0,0.0,0.0,0.0,41.28742135939381,17.516631290320923
2094-142345-0051_260-123440-0017__T1__2094-2094-142345-0051__HSIMV2__3729-3729-6852-0040__SIRm3,2094,260,9,0.0,0.0,0.0,0.0,0.0,52.983042646253665,20.33288817506085
2094-142345-0051_260-123440-0017__T2__260-260-123440-0017__HSIMV2__6930-6930-76324-0017__SIRm3,260,2094,5,0.0,0.0,0.0,0.0,0.0,45.70681703382982,17.224056275855986
2094-142345-0052_1089-134691-0001__T1__2094-2094-142345-0052__HSIMV2__3729-3729-6852-0019__SIRm3,2094,1089,5,0.0,0.0,0.0,0.0,0.0,45.70243548981714,16.441856452374555
2094-142345-0052_1089-134691-0001__T2__1089-1089-134691-0001__HSIMV2__8230-8230-279154-0006__SIRm3,1089,2094,9,0.1111111111111111,0.0,0.0,0.0,0.0,46.79180763611283,17.90795997842244
2094-142345-0053_1284-1180-0003__T1__2094-2094-142345-0053__HSIMV2__3729-3729-6852-0024__SIRm3,2094,1284,5,0.0,0.0,0.0,0.0,0.0,49.72693970440302,16.378595616235945
2094-142345-0053_1284-1180-0003__T2__1284-1284-1180-0003__HSIMV2__1580-1580-141084-0009__SIRm3,1284,2094,8,0.0,0.0,0.0,0.0,0.0,57.35066076516325,22.156425970844616
2094-142345-0053_3575-170457-0041__T1__2094-2094-142345-0053__HSIMV2__3729-3729-6852-0026__SIRm3,2094,3575,5,0.0,0.0,0.0,0.0,0.0,49.43149383656909,18.477760125139103
2094-142345-0053_3575-170457-0041__T2__3575-3575-170457-0041__HSIMV2__237-237-134500-0021__SIRm3,3575,2094,9,0.0,0.0,0.0,0.0,0.0,51.52309158709078,19.971749173944943
2094-142345-0053_4992-23283-0008__T1__2094-2094-142345-0053__HSIMV2__3729-3729-6852-0032__SIRm3,2094,4992,5,0.0,0.0,0.0,0.0,0.0,57.56060859528664,20.743614033503803
2094-142345-0053_4992-23283-0008__T2__4992-4992-23283-0008__HSIMV2__4446-4446-2275-0016__SIRm3,4992,2094,8,0.0,0.0,0.0,0.0,0.0,49.50238998360862,19.1184173406371
2094-142345-0054_1995-1836-0005__T1__2094-2094-142345-0054__HSIMV2__3729-3729-6852-0025__SIRm3,2094,1995,5,0.0,0.0,0.0,0.0,0.0,48.91587160116555,19.449480877727687
2094-142345-0054_1995-1836-0005__T2__1995-1995-1836-0005__HSIMV2__2094-2094-142345-0048__SIRm3,1995,2094,11,0.0,0.0,0.0,0.0,0.0,50.51285933192744,20.55107744379835
2094-142345-0054_61-70970-0034__T1__2094-2094-142345-0054__HSIMV2__3729-3729-6852-0031__SIRm3,2094,61,7,0.0,0.0,0.0,0.0,0.0,47.5956079727395,19.99433386129403
2094-142345-0054_61-70970-0034__T2__61-61-70970-0034__HSIMV2__7176-7176-88083-0024__SIRm3,61,2094,7,0.42857142857142855,0.14285714285714285,0.14285714285714285,0.14285714285714285,0.0,16.11106393146854,4.832820436114868
2094-142345-0056_1320-122612-0015__T1__2094-2094-142345-0056__HSIMV2__3729-3729-6852-0002__SIRm3,2094,1320,6,0.0,0.0,0.0,0.0,0.0,36.07560556977191,11.7545216700813
2094-142345-0056_1320-122612-0015__T2__1320-1320-122612-0015__HSIMV2__5105-5105-28240-0022__SIRm3,1320,2094,8,0.0,0.0,0.0,0.0,0.0,38.55693935449991,15.858169448185768
2094-142345-0057_3570-5694-0004__T1__2094-2094-142345-0057__HSIMV2__3729-3729-6852-0014__SIRm3,2094,3570,10,0.0,0.1,0.0,0.0,0.0,60.098633126958966,20.726971400001823
2094-142345-0057_3570-5694-0004__T2__3570-3570-5694-0004__HSIMV2__4507-4507-16021-0028__SIRm3,3570,2094,5,0.0,0.0,0.0,0.0,0.0,57.380504264630176,20.49705734510742
2094-142345-0058_6930-76324-0008__T1__2094-2094-142345-0058__HSIMV2__3729-3729-6852-0023__SIRm3,2094,6930,8,0.0,0.0,0.0,0.0,0.0,50.79751099715624,19.482336755853108
2094-142345-0058_6930-76324-0008__T2__6930-6930-76324-0008__HSIMV2__260-260-123288-0000__SIRm3,6930,2094,5,0.0,0.0,0.0,0.0,0.0,45.36937326264328,18.690433816633576
2094-142345-0058_8455-210777-0004__T1__2094-2094-142345-0058__HSIMV2__3729-3729-6852-0007__SIRm3,2094,8455,8,0.0,0.0,0.0,0.0,0.0,54.84996278258627,18.35172083034025
2094-142345-0058_8455-210777-0004__T2__8455-8455-210777-0004__HSIMV2__1320-1320-122612-0000__SIRm3,8455,2094,14,0.0,0.0,0.0,0.0,0.0,48.43411872483141,19.188439092804803
2094-142345-0059_237-126133-0024__T1__2094-2094-142345-0059__HSIMV2__3729-3729-6852-0031__SIRm3,2094,237,7,0.0,0.0,0.0,0.0,0.0,43.95113558151447,17.374746849491327
2094-142345-0059_237-126133-0024__T2__237-237-126133-0024__HSIMV2__5683-5683-32866-0001__SIRm3,237,2094,5,0.0,0.0,0.0,0.0,0.0,47.3063765492128,19.330708594943115
2094-142345-0059_8555-292519-0006__T1__2094-2094-142345-0059__HSIMV2__3729-3729-6852-0046__SIRm3,2094,8555,19,0.0,0.0,0.0,0.0,0.0,54.620962030353894,13.65351113142614
2094-142345-0059_8555-292519-0006__T2__8555-8555-292519-0006__HSIMV2__4970-4970-29093-0011__SIRm3,8555,2094,19,0.0,0.0,0.0,0.0,0.0,58.92784758804232,21.24595494231862
2300-131720-0000_1284-1181-0020__T1__2300-2300-131720-0000__HSIMV2__61-61-70970-0039__SIRm3,2300,1284,9,0.0,0.0,0.0,0.0,0.0,39.95738275106231,15.142741913347376
2300-131720-0000_1284-1181-0020__T2__1284-1284-1181-0020__HSIMV2__1580-1580-141084-0014__SIRm3,1284,2300,6,0.0,0.0,0.0,0.0,0.0,56.94090212048801,21.393998612646367
2300-131720-0000_3570-5694-0000__T1__2300-2300-131720-0000__HSIMV2__61-61-70968-0015__SIRm3,2300,3570,9,0.0,0.0,0.0,0.0,0.0,38.745463379571596,16.28361559298313
2300-131720-0000_3570-5694-0000__T2__3570-3570-5694-0000__HSIMV2__4507-4507-16021-0057__SIRm3,3570,2300,8,0.0,0.0,0.0,0.0,0.0,56.29763482183782,20.589554997773355
2300-131720-0000_8463-294828-0017__T1__2300-2300-131720-0000__HSIMV2__61-61-70970-0037__SIRm3,2300,8463,9,0.0,0.0,0.0,0.0,0.0,37.12664178677658,16.12386798213484
2300-131720-0000_8463-294828-0017__T2__8463-8463-294828-0017__HSIMV2__4992-4992-23283-0007__SIRm3,8463,2300,7,0.0,0.0,0.0,0.0,0.0,43.3113928107246,16.140761903501787
2300-131720-0001_5683-32879-0012__T1__2300-2300-131720-0001__HSIMV2__61-61-70968-0019__SIRm3,2300,5683,9,0.0,0.0,0.0,0.0,0.0,47.02891220736646,16.97246160515357
2300-131720-0001_5683-32879-0012__T2__5683-5683-32879-0012__HSIMV2__237-237-134500-0036__SIRm3,5683,2300,7,0.0,0.0,0.0,0.0,0.0,47.30296495260679,19.005093428870207
2300-131720-0002_8455-210777-0036__T1__2300-2300-131720-0002__HSIMV2__61-61-70968-0050__SIRm3,2300,8455,10,0.0,0.0,0.0,0.0,0.0,45.02406383086496,17.04615442744874
2300-131720-0002_8455-210777-0036__T2__8455-8455-210777-0036__HSIMV2__1320-1320-122617-0013__SIRm3,8455,2300,19,0.05263157894736842,0.0,0.0,0.0,0.0,56.033317341397066,20.171799459616373
2300-131720-0003_672-122797-0055__T1__2300-2300-131720-0003__HSIMV2__61-61-70968-0040__SIRm3,2300,672,6,0.0,0.0,0.0,0.0,0.0,45.53840526478755,16.42943615114737
2300-131720-0003_672-122797-0055__T2__672-672-122797-0055__HSIMV2__260-260-123286-0025__SIRm3,672,2300,14,0.0,0.0,0.0,0.0,0.0,44.87936931284329,14.941464395790415
2300-131720-0005_4446-2271-0014__T1__2300-2300-131720-0005__HSIMV2__61-61-70970-0032__SIRm3,2300,4446,5,0.0,0.0,0.0,0.0,0.0,49.45364877882651,15.327574693731622
2300-131720-0005_4446-2271-0014__T2__4446-4446-2271-0014__HSIMV2__1284-1284-1180-0019__SIRm3,4446,2300,9,1.0,1.0,1.0,1.0,1.0,-54.16163102896695,-32.38411615170385
2300-131720-0006_1284-1181-0000__T1__2300-2300-131720-0006__HSIMV2__61-61-70968-0009__SIRm3,2300,1284,7,0.0,0.0,0.0,0.0,0.0,41.11124235028761,16.478700145120627
2300-131720-0006_1284-1181-0000__T2__1284-1284-1181-0000__HSIMV2__4446-4446-2271-0018__SIRm3,1284,2300,6,0.0,0.0,0.0,0.0,0.0,56.50670321580936,20.45937751229993
2300-131720-0006_6930-81414-0015__T1__2300-2300-131720-0006__HSIMV2__61-61-70968-0049__SIRm3,2300,6930,7,0.0,0.0,0.0,0.0,0.0,41.451637794582446,14.593361600549663
2300-131720-0006_6930-81414-0015__T2__6930-6930-81414-0015__HSIMV2__260-260-123286-0008__SIRm3,6930,2300,6,0.0,0.0,0.0,0.0,0.0,44.873556270573914,17.23054135488856
2300-131720-0006_8455-210777-0043__T1__2300-2300-131720-0006__HSIMV2__61-61-70968-0019__SIRm3,2300,8455,7,0.0,0.0,0.0,0.0,0.0,39.21946375061087,14.400512835777626
2300-131720-0006_8455-210777-0043__T2__8455-8455-210777-0043__HSIMV2__1320-1320-122617-0034__SIRm3,8455,2300,5,0.0,0.0,0.0,0.0,0.0,56.96805286972011,19.24377892750036
2300-131720-0007_8224-274384-0007__T1__2300-2300-131720-0007__HSIMV2__61-61-70968-0048__SIRm3,2300,8224,5,0.0,0.0,0.0,0.0,0.0,42.25886346127764,17.265794167378306
2300-131720-0007_8224-274384-0007__T2__8224-8224-274384-0007__HSIMV2__8455-8455-210777-0034__SIRm3,8224,2300,11,0.0,0.0,0.0,0.0,0.0,50.63468447418713,17.77475845316553
2300-131720-0008_5683-32866-0021__T1__2300-2300-131720-0008__HSIMV2__61-61-70968-0026__SIRm3,2300,5683,8,0.0,0.0,0.0,0.0,0.0,48.567455866257674,16.467469097629316
2300-131720-0008_5683-32866-0021__T2__5683-5683-32866-0021__HSIMV2__237-237-134500-0011__SIRm3,5683,2300,5,0.0,0.0,0.0,0.0,0.0,46.266631017931914,19.8721105130725
2300-131720-0009_61-70968-0033__T1__2300-2300-131720-0009__HSIMV2__61-61-70970-0018__SIRm3,2300,61,8,0.0,0.0,0.0,0.0,0.0,42.932176160084886,17.148594059772385
2300-131720-0009_61-70968-0033__T2__61-61-70968-0033__HSIMV2__7176-7176-92135-0035__SIRm3,61,2300,5,0.0,0.0,0.0,0.0,0.0,36.847227394698656,15.74683253418861
2300-131720-0009_908-157963-0010__T1__2300-2300-131720-0009__HSIMV2__61-61-70970-0037__SIRm3,2300,908,10,0.0,0.0,0.0,0.0,0.0,44.356106823459626,17.243614177369317
2300-131720-0009_908-157963-0010__T2__908-908-157963-0010__HSIMV2__7176-7176-92135-0016__SIRm3,908,2300,11,1.0,1.0,1.0,1.0,1.0,-50.643843689396775,-29.855232885520383
2300-131720-0010_1089-134686-0001__T1__2300-2300-131720-0010__HSIMV2__61-61-70970-0035__SIRm3,2300,1089,13,0.0,0.0,0.0,0.0,0.0,42.967881968960796,16.573316839714316
2300-131720-0010_1089-134686-0001__T2__1089-1089-134686-0001__HSIMV2__8230-8230-279154-0036__SIRm3,1089,2300,5,0.0,0.0,0.0,0.0,0.0,46.772461042823785,17.209616408894092
2300-131720-0010_8230-279154-0013__T1__2300-2300-131720-0010__HSIMV2__61-61-70970-0039__SIRm3,2300,8230,12,0.0,0.0,0.0,0.0,0.0,48.53101720654189,16.38740166546204
2300-131720-0010_8230-279154-0013__T2__8230-8230-279154-0013__HSIMV2__61-61-70968-0056__SIRm3,8230,2300,6,0.0,0.0,0.0,0.0,0.0,52.48973932130951,16.76194373997124
2300-131720-0014_2094-142345-0035__T1__2300-2300-131720-0014__HSIMV2__61-61-70970-0010__SIRm3,2300,2094,5,0.0,0.0,0.0,0.0,0.0,44.037578952137004,17.895929264467267
2300-131720-0014_2094-142345-0035__T2__2094-2094-142345-0035__HSIMV2__3729-3729-6852-0041__SIRm3,2094,2300,6,0.0,0.0,0.0,0.0,0.0,43.44550329285199,17.031331255525178
2300-131720-0015_2830-3980-0023__T1__2300-2300-131720-0015__HSIMV2__61-61-70970-0033__SIRm3,2300,2830,5,0.0,0.0,0.0,0.0,0.0,55.9522870773922,16.9032664531565
2300-131720-0015_2830-3980-0023__T2__2830-2830-3980-0023__HSIMV2__1188-1188-133604-0036__SIRm3,2830,2300,11,0.0,0.0,0.0,0.0,0.0,45.04120723837247,17.65909484837816
2300-131720-0015_3575-170457-0006__T1__2300-2300-131720-0015__HSIMV2__61-61-70970-0036__SIRm3,2300,3575,12,0.0,0.0,0.0,0.08333333333333333,0.0,35.9182553437282,8.453821981891874
2300-131720-0015_3575-170457-0006__T2__3575-3575-170457-0006__HSIMV2__237-237-134500-0000__SIRm3,3575,2300,11,0.0,0.0,0.0,0.0,0.0,56.96888781541466,21.443590073561456
2300-131720-0015_5105-28241-0000__T1__2300-2300-131720-0015__HSIMV2__61-61-70970-0011__SIRm3,2300,5105,11,0.0,0.0,0.0,0.0,0.0,45.10093799470164,15.72357735286044
2300-131720-0015_5105-28241-0000__T2__5105-5105-28241-0000__HSIMV2__1320-1320-122617-0030__SIRm3,5105,2300,6,0.0,0.0,0.0,0.0,0.0,48.79410255544773,19.41025202428732
2300-131720-0018_1188-133604-0018__T1__2300-2300-131720-0018__HSIMV2__61-61-70968-0011__SIRm3,2300,1188,11,0.0,0.0,0.0,0.0,0.0,43.49812244080046,15.89618330109708
2300-131720-0018_1188-133604-0018__T2__1188-1188-133604-0018__HSIMV2__2830-2830-3980-0066__SIRm3,1188,2300,11,0.0,0.09090909090909091,0.0,0.0,0.0,44.4422725612794,17.504210014035234
2300-131720-0020_61-70968-0061__T1__2300-2300-131720-0020__HSIMV2__61-61-70968-0010__SIRm3,2300,61,15,0.0,0.0,0.0,0.0,0.0,45.71006685696054,17.35416677523932
2300-131720-0020_61-70968-0061__T2__61-61-70968-0061__HSIMV2__8230-8230-279154-0039__SIRm3,61,2300,8,0.0,0.0,0.0,0.0,0.0,52.38573973795894,17.56717222453475
2300-131720-0021_121-121726-0004__T1__2300-2300-131720-0021__HSIMV2__61-61-70970-0036__SIRm3,2300,121,12,0.0,0.0,0.0,0.0,0.0,43.18986657719076,16.772380972886417
2300-131720-0021_121-121726-0004__T2__121-121-121726-0004__HSIMV2__237-237-134500-0039__SIRm3,121,2300,7,0.0,0.5714285714285714,0.0,0.0,0.0,44.612998720617036,20.67944877623848
2300-131720-0021_260-123286-0003__T1__2300-2300-131720-0021__HSIMV2__61-61-70968-0048__SIRm3,2300,260,5,0.0,0.0,0.0,0.0,0.0,41.021371306248625,16.231134785859872
2300-131720-0021_260-123286-0003__T2__260-260-123286-0003__HSIMV2__6930-6930-81414-0000__SIRm3,260,2300,13,0.0,0.0,0.0,0.0,0.0,50.73674813334523,18.398939353690768
2300-131720-0021_7176-88083-0009__T1__2300-2300-131720-0021__HSIMV2__61-61-70968-0017__SIRm3,2300,7176,9,0.0,0.0,0.0,0.0,0.0,48.01433953990422,17.272144718256754
2300-131720-0021_7176-88083-0009__T2__7176-7176-88083-0009__HSIMV2__61-61-70968-0004__SIRm3,7176,2300,6,0.0,0.0,0.0,0.0,0.0,44.64727679743583,16.211851904343348
2300-131720-0022_8555-284447-0019__T1__2300-2300-131720-0022__HSIMV2__61-61-70968-0046__SIRm3,2300,8555,6,0.0,0.0,0.0,0.0,0.0,53.465735440064776,17.03161729392201
2300-131720-0022_8555-284447-0019__T2__8555-8555-284447-0019__HSIMV2__4970-4970-29093-0020__SIRm3,8555,2300,9,0.0,0.0,0.0,0.0,0.0,67.70736997438297,23.48488114050739
2300-131720-0023_5142-33396-0042__T1__2300-2300-131720-0023__HSIMV2__61-61-70968-0003__SIRm3,2300,5142,7,0.0,0.0,0.0,0.0,0.0,47.11181611384099,17.662988050113995
2300-131720-0023_5142-33396-0042__T2__5142-5142-33396-0042__HSIMV2__4970-4970-29095-0034__SIRm3,5142,2300,10,0.0,0.0,0.0,0.0,0.0,51.26300324623257,17.589645584557523
2300-131720-0024_7021-85628-0008__T1__2300-2300-131720-0024__HSIMV2__61-61-70968-0047__SIRm3,2300,7021,8,0.0,0.0,0.0,0.0,0.0,42.94821975901834,16.494064636828707
2300-131720-0024_7021-85628-0008__T2__7021-7021-85628-0008__HSIMV2__5105-5105-28233-0005__SIRm3,7021,2300,13,0.0,0.0,0.0,0.0,0.0,50.821552192423,19.89579317461811
2300-131720-0024_7176-92135-0003__T1__2300-2300-131720-0024__HSIMV2__61-61-70968-0023__SIRm3,2300,7176,8,0.0,0.0,0.0,0.0,0.0,45.28622509228674,17.016574989594172
2300-131720-0024_7176-92135-0003__T2__7176-7176-92135-0003__HSIMV2__61-61-70970-0034__SIRm3,7176,2300,6,0.6666666666666666,1.0,0.6666666666666666,0.5,0.3333333333333333,-2.315654465197059,0.3213355937391982
2300-131720-0024_8555-284447-0010__T1__2300-2300-131720-0024__HSIMV2__61-61-70970-0027__SIRm3,2300,8555,8,0.0,0.0,0.0,0.0,0.0,44.43763481100855,16.915902921505978
2300-131720-0024_8555-284447-0010__T2__8555-8555-284447-0010__HSIMV2__4970-4970-29095-0032__SIRm3,8555,2300,12,0.9166666666666666,1.0,0.9166666666666666,0.9166666666666666,0.9166666666666666,-46.390375147710756,-18.111553045773285
2300-131720-0026_4446-2273-0008__T1__2300-2300-131720-0026__HSIMV2__61-61-70968-0032__SIRm3,2300,4446,7,0.0,0.0,0.0,0.0,0.0,41.28737388475674,15.753191133776546
2300-131720-0026_4446-2273-0008__T2__4446-4446-2273-0008__HSIMV2__1284-1284-134647-0004__SIRm3,4446,2300,14,1.0,1.0,1.0,1.0,1.0,-55.70588944364727,-30.98148447085265
2300-131720-0029_1580-141083-0010__T1__2300-2300-131720-0029__HSIMV2__61-61-70970-0007__SIRm3,2300,1580,7,0.0,0.0,0.0,0.0,0.0,42.57595710910677,15.643460592249085
2300-131720-0029_1580-141083-0010__T2__1580-1580-141083-0010__HSIMV2__237-237-134500-0024__SIRm3,1580,2300,7,0.0,0.0,0.0,0.0,0.0,60.4455189189235,20.2271657779399
2300-131720-0029_2830-3980-0067__T1__2300-2300-131720-0029__HSIMV2__61-61-70970-0011__SIRm3,2300,2830,11,0.0,0.0,0.0,0.0,0.0,40.31018455469884,15.09762210778984
2300-131720-0029_2830-3980-0067__T2__2830-2830-3980-0067__HSIMV2__1188-1188-133604-0022__SIRm3,2830,2300,15,0.0,0.13333333333333333,0.0,0.0,0.0,51.462950177566796,17.600227886984648
2300-131720-0030_1089-134686-0025__T1__2300-2300-131720-0030__HSIMV2__61-61-70968-0039__SIRm3,2300,1089,6,0.0,0.0,0.0,0.0,0.0,53.514443196312875,18.05177921452029
2300-131720-0030_1089-134686-0025__T2__1089-1089-134686-0025__HSIMV2__8230-8230-279154-0040__SIRm3,1089,2300,12,0.0,0.0,0.0,0.0,0.0,38.897560989426346,12.259488364644891
2300-131720-0031_7176-88083-0020__T1__2300-2300-131720-0031__HSIMV2__61-61-70970-0014__SIRm3,2300,7176,5,0.0,0.0,0.0,0.0,0.0,39.23980719257172,16.106203870727818
2300-131720-0031_7176-88083-0020__T2__7176-7176-88083-0020__HSIMV2__61-61-70970-0040__SIRm3,7176,2300,7,0.0,0.0,0.0,0.0,0.0,43.88494117849097,16.01728570998354
2300-131720-0034_260-123286-0023__T1__2300-2300-131720-0034__HSIMV2__61-61-70970-0040__SIRm3,2300,260,7,0.0,0.0,0.0,0.0,0.0,46.83465036913069,15.969591032702796
2300-131720-0034_260-123286-0023__T2__260-260-123286-0023__HSIMV2__672-672-122797-0044__SIRm3,260,2300,6,0.0,0.0,0.0,0.0,0.0,42.741487233962005,17.240966481977264
2300-131720-0036_2094-142345-0039__T1__2300-2300-131720-0036__HSIMV2__61-61-70970-0020__SIRm3,2300,2094,9,0.0,0.1111111111111111,0.0,0.0,0.0,46.55119519701744,16.88497138368816
2300-131720-0036_2094-142345-0039__T2__2094-2094-142345-0039__HSIMV2__3729-3729-6852-0046__SIRm3,2094,2300,11,0.0,0.0,0.0,0.0,0.0,46.80760513583568,18.674443524883287
2300-131720-0036_4507-16021-0009__T1__2300-2300-131720-0036__HSIMV2__61-61-70968-0049__SIRm3,2300,4507,13,0.0,0.0,0.0,0.0,0.0,45.07928017628925,16.588399419817854
2300-131720-0036_4507-16021-0009__T2__4507-4507-16021-0009__HSIMV2__3729-3729-6852-0000__SIRm3,4507,2300,21,0.0,0.0,0.0,0.0,0.0,56.21034977780454,19.63080303002121
2300-131720-0036_7176-92135-0006__T1__2300-2300-131720-0036__HSIMV2__61-61-70968-0001__SIRm3,2300,7176,6,0.0,0.16666666666666666,0.0,0.0,0.0,47.134821754096016,15.5150593976471
2300-131720-0036_7176-92135-0006__T2__7176-7176-92135-0006__HSIMV2__61-61-70968-0008__SIRm3,7176,2300,6,0.0,0.0,0.0,0.0,0.0,38.47612691848202,15.153094224842192
2300-131720-0037_4077-13751-0002__T1__2300-2300-131720-0037__HSIMV2__61-61-70968-0019__SIRm3,2300,4077,9,0.0,0.0,0.0,0.0,0.0,48.5325867474115,17.99166454547377
2300-131720-0037_4077-13751-0002__T2__4077-4077-13751-0002__HSIMV2__8455-8455-210777-0060__SIRm3,4077,2300,13,0.0,0.0,0.0,0.0,0.0,49.71215535600046,15.925848134048984
2300-131720-0037_4970-29095-0001__T1__2300-2300-131720-0037__HSIMV2__61-61-70970-0002__SIRm3,2300,4970,7,0.0,0.0,0.0,0.0,0.0,47.86358783008337,18.237011786022027
2300-131720-0037_4970-29095-0001__T2__4970-4970-29095-0001__HSIMV2__6829-6829-68771-0025__SIRm3,4970,2300,14,0.0,0.0,0.0,0.0,0.0,48.37813452197737,18.654619853507207
2300-131720-0037_7021-79740-0013__T1__2300-2300-131720-0037__HSIMV2__61-61-70968-0010__SIRm3,2300,7021,14,0.0,0.0,0.0,0.0,0.0,42.98445526730112,17.33256363529344
2300-131720-0037_7021-79740-0013__T2__7021-7021-79740-0013__HSIMV2__5105-5105-28240-0024__SIRm3,7021,2300,13,0.0,0.0,0.0,0.0,0.0,57.2440299068631,20.27356428904966
2300-131720-0038_6829-68771-0000__T1__2300-2300-131720-0038__HSIMV2__61-61-70970-0011__SIRm3,2300,6829,10,0.0,0.0,0.0,0.0,0.0,45.88359761426061,16.921099053507227
2300-131720-0038_6829-68771-0000__T2__6829-6829-68771-0000__HSIMV2__4970-4970-29095-0020__SIRm3,6829,2300,23,0.0,0.0,0.0,0.0,0.0,54.954299683183415,18.31238598102315
2300-131720-0038_8224-274381-0015__T1__2300-2300-131720-0038__HSIMV2__61-61-70968-0039__SIRm3,2300,8224,6,0.0,0.0,0.0,0.0,0.0,40.44851020200908,17.0935624717441
2300-131720-0038_8224-274381-0015__T2__8224-8224-274381-0015__HSIMV2__8455-8455-210777-0005__SIRm3,8224,2300,10,0.9,1.0,0.9,1.0,0.9,-29.53695731426214,-12.608061825710342
2300-131720-0040_1320-122612-0001__T1__2300-2300-131720-0040__HSIMV2__61-61-70968-0040__SIRm3,2300,1320,6,0.0,0.0,0.0,0.0,0.0,39.305423775309634,16.096410312299206
2300-131720-0040_1320-122612-0001__T2__1320-1320-122612-0001__HSIMV2__5105-5105-28233-0009__SIRm3,1320,2300,18,0.0,0.0,0.0,0.0,0.0,47.57172656913043,15.643837577228814
2300-131720-0040_5142-36586-0000__T1__2300-2300-131720-0040__HSIMV2__61-61-70970-0000__SIRm3,2300,5142,9,0.0,0.0,0.0,0.0,0.0,47.68710214283318,15.986341589395694
2300-131720-0040_5142-36586-0000__T2__5142-5142-36586-0000__HSIMV2__4970-4970-29095-0003__SIRm3,5142,2300,6,0.0,0.0,0.0,0.0,0.0,27.810646825051776,8.462427105373846
2300-131720-0041_1284-1180-0023__T1__2300-2300-131720-0041__HSIMV2__61-61-70968-0011__SIRm3,2300,1284,6,0.0,0.0,0.0,0.0,0.0,43.588726935833336,15.984045270085796
2300-131720-0041_1284-1180-0023__T2__1284-1284-1180-0023__HSIMV2__4446-4446-2273-0019__SIRm3,1284,2300,5,1.0,1.0,1.0,1.0,1.0,-50.49850605238227,-28.725839797404287
2300-131720-0041_1320-122617-0006__T1__2300-2300-131720-0041__HSIMV2__61-61-70970-0010__SIRm3,2300,1320,5,0.0,0.0,0.0,0.0,0.0,46.71546560826151,18.21973206850301
2300-131720-0041_1320-122617-0006__T2__1320-1320-122617-0006__HSIMV2__5105-5105-28233-0003__SIRm3,1320,2300,10,0.0,0.0,0.0,0.0,0.0,58.130073058857135,21.516388818708748
2300-131720-0041_1995-1836-0011__T1__2300-2300-131720-0041__HSIMV2__61-61-70968-0014__SIRm3,2300,1995,6,0.0,0.0,0.0,0.0,0.0,48.36945817260435,16.71483844538679
2300-131720-0041_1995-1836-0011__T2__1995-1995-1836-0011__HSIMV2__2094-2094-142345-0053__SIRm3,1995,2300,5,0.0,0.0,0.0,0.0,0.0,63.235886694464384,22.92066152780842
237-126133-0001_7729-102255-0000__T1__237-237-126133-0001__HSIMV2__5683-5683-32865-0015__SIRm3,237,7729,6,0.0,0.0,0.0,0.0,0.0,47.680410097973144,15.266048771607494
237-126133-0001_7729-102255-0000__T2__7729-7729-102255-0000__HSIMV2__7176-7176-92135-0034__SIRm3,7729,237,5,0.0,0.0,0.0,0.0,0.0,42.253456516523634,17.23037427141912
237-126133-0002_2961-960-0019__T1__237-237-126133-0002__HSIMV2__1580-1580-141084-0049__SIRm3,237,2961,14,0.0,0.0,0.0,0.0,0.0,53.962740396040694,18.61997799753341
237-126133-0002_2961-960-0019__T2__2961-2961-960-0019__HSIMV2__3570-3570-5695-0015__SIRm3,2961,237,14,0.0,0.0,0.0,0.0,0.0,55.69823428705484,20.27253385285723
237-126133-0003_2830-3980-0028__T1__237-237-126133-0003__HSIMV2__5683-5683-32879-0014__SIRm3,237,2830,12,0.0,0.0,0.0,0.0,0.0,52.71168888574843,18.8108771792571
237-126133-0003_2830-3980-0028__T2__2830-2830-3980-0028__HSIMV2__1188-1188-133604-0015__SIRm3,2830,237,6,0.0,0.0,0.0,0.0,0.0,50.25691937037589,19.2757845748381
237-126133-0003_7176-92135-0024__T1__237-237-126133-0003__HSIMV2__5683-5683-32866-0001__SIRm3,237,7176,5,0.0,0.0,0.0,0.0,0.0,46.60698345408509,19.705812793490104
237-126133-0003_7176-92135-0024__T2__7176-7176-92135-0024__HSIMV2__61-61-70970-0003__SIRm3,7176,237,6,0.0,0.0,0.0,0.0,0.0,38.723523084370065,16.25186295384382
237-126133-0003_7176-92135-0044__T1__237-237-126133-0003__HSIMV2__1580-1580-141084-0018__SIRm3,237,7176,5,0.0,0.0,0.0,0.0,0.0,57.263442105450096,22.57257467815363
237-126133-0003_7176-92135-0044__T2__7176-7176-92135-0044__HSIMV2__61-61-70968-0054__SIRm3,7176,237,9,0.0,0.0,0.0,0.0,0.0,44.81888672863665,16.098728779803327
237-126133-0004_672-122797-0000__T1__237-237-126133-0004__HSIMV2__3575-3575-170457-0048__SIRm3,237,672,5,0.0,0.0,0.0,0.0,0.0,42.82865477964246,18.219613594835224
237-126133-0004_672-122797-0000__T2__672-672-122797-0000__HSIMV2__1320-1320-122617-0013__SIRm3,672,237,7,0.0,0.0,0.0,0.0,0.0,40.97760004706648,20.25029536909768
237-126133-0004_8230-279154-0035__T1__237-237-126133-0004__HSIMV2__5683-5683-32866-0024__SIRm3,237,8230,5,0.0,0.0,0.0,0.0,0.0,54.84805907892483,20.15592474486621
237-126133-0004_8230-279154-0035__T2__8230-8230-279154-0035__HSIMV2__61-61-70970-0031__SIRm3,8230,237,9,0.0,0.0,0.0,0.0,0.0,46.242540400417056,16.55308787337505
237-126133-0004_8455-210777-0033__T1__237-237-126133-0004__HSIMV2__1580-1580-141084-0042__SIRm3,237,8455,5,0.0,0.0,0.0,0.0,0.0,46.760041578284145,18.688370870044693
237-126133-0004_8455-210777-0033__T2__8455-8455-210777-0033__HSIMV2__1320-1320-122617-0021__SIRm3,8455,237,9,0.0,0.1111111111111111,0.0,0.0,0.0,49.908843812136105,19.59719161600605
237-126133-0005_1580-141083-0050__T1__237-237-126133-0005__HSIMV2__5683-5683-32879-0014__SIRm3,237,1580,12,0.0,0.0,0.0,0.0,0.0,50.33834976259525,20.595869937252083
237-126133-0005_1580-141083-0050__T2__1580-1580-141083-0050__HSIMV2__237-237-126133-0022__SIRm3,1580,237,5,0.0,0.0,0.0,0.0,0.0,57.89633153674551,19.83786376475492
237-126133-0005_4970-29093-0013__T1__237-237-126133-0005__HSIMV2__3575-3575-170457-0006__SIRm3,237,4970,12,0.0,0.0,0.0,0.0,0.0,54.07551267616096,21.02525541592913
237-126133-0005_4970-29093-0013__T2__4970-4970-29093-0013__HSIMV2__8555-8555-284447-0009__SIRm3,4970,237,5,0.0,0.4,0.0,0.2,0.0,28.720758525362015,7.44980014096572
237-126133-0005_7176-92135-0005__T1__237-237-126133-0005__HSIMV2__5683-5683-32866-0027__SIRm3,237,7176,8,0.0,0.0,0.0,0.0,0.0,54.085324347073694,19.73466779747415
237-126133-0005_7176-92135-0005__T2__7176-7176-92135-0005__HSIMV2__61-61-70970-0004__SIRm3,7176,237,9,0.0,0.0,0.0,0.0,0.0,35.50392714010951,15.417245095988829
237-126133-0006_1221-135767-0005__T1__237-237-126133-0006__HSIMV2__5683-5683-32879-0021__SIRm3,237,1221,7,0.0,0.0,0.0,0.0,0.0,60.34405270024475,19.9737699924514
237-126133-0006_1221-135767-0005__T2__1221-1221-135767-0005__HSIMV2__4992-4992-41797-0019__SIRm3,1221,237,8,0.0,0.0,0.0,0.0,0.0,48.43882001106225,20.02612912402139
237-126133-0006_5639-40744-0018__T1__237-237-126133-0006__HSIMV2__5683-5683-32879-0001__SIRm3,237,5639,6,0.0,0.0,0.0,0.0,0.0,54.42742681467041,21.3576525953643
237-126133-0006_5639-40744-0018__T2__5639-5639-40744-0018__HSIMV2__1089-1089-134691-0001__SIRm3,5639,237,9,0.0,0.0,0.0,0.0,0.0,55.600643912512666,17.16118460838485
237-126133-0006_8463-294828-0033__T1__237-237-126133-0006__HSIMV2__1580-1580-141084-0014__SIRm3,237,8463,6,0.0,0.0,0.0,0.16666666666666666,0.0,37.75310577903124,5.10209114112755
237-126133-0006_8463-294828-0033__T2__8463-8463-294828-0033__HSIMV2__4992-4992-41806-0008__SIRm3,8463,237,11,0.0,0.0,0.0,0.0,0.0,47.07519709708512,18.80427350107243
237-126133-0007_5683-32865-0004__T1__237-237-126133-0007__HSIMV2__5683-5683-32865-0017__SIRm3,237,5683,9,0.0,0.0,0.0,0.0,0.0,45.4157955360294,18.273966931774268
237-126133-0007_5683-32865-0004__T2__5683-5683-32865-0004__HSIMV2__237-237-126133-0011__SIRm3,5683,237,12,0.0,0.0,0.0,0.0,0.0,35.667084489267964,16.200676445109668
237-126133-0008_2830-3979-0002__T1__237-237-126133-0008__HSIMV2__5683-5683-32866-0006__SIRm3,237,2830,6,0.0,0.0,0.0,0.0,0.0,55.60236225954199,19.327456531932825
237-126133-0008_2830-3979-0002__T2__2830-2830-3979-0002__HSIMV2__1188-1188-133604-0011__SIRm3,2830,237,7,0.0,0.0,0.0,0.0,0.0,48.941889809980516,18.66343536422185
237-126133-0010_6829-68769-0003__T1__237-237-126133-0010__HSIMV2__5683-5683-32865-0010__SIRm3,237,6829,11,0.0,0.0,0.0,0.0,0.0,60.17953983177108,21.17470795056937
237-126133-0010_6829-68769-0003__T2__6829-6829-68769-0003__HSIMV2__4970-4970-29095-0036__SIRm3,6829,237,7,0.0,0.0,0.0,0.0,0.0,54.856938356664955,21.35200622600141
237-126133-0013_8224-274381-0011__T1__237-237-126133-0013__HSIMV2__5683-5683-32866-0006__SIRm3,237,8224,7,0.0,0.2857142857142857,0.0,0.14285714285714285,0.0,39.610362450067775,3.422643395336912
237-126133-0013_8224-274381-0011__T2__8224-8224-274381-0011__HSIMV2__8455-8455-210777-0053__SIRm3,8224,237,11,0.0,0.0,0.0,0.0,0.0,52.283363440068136,19.49132964109349
237-126133-0013_908-157963-0010__T1__237-237-126133-0013__HSIMV2__1580-1580-141084-0031__SIRm3,237,908,11,0.0,0.0,0.0,0.0,0.0,56.237041143290384,19.601753676890493
237-126133-0013_908-157963-0010__T2__908-908-157963-0010__HSIMV2__7176-7176-92135-0024__SIRm3,908,237,7,0.0,0.0,0.0,0.0,0.0,55.24041727497667,19.568016124036543
237-126133-0014_3729-6852-0037__T1__237-237-126133-0014__HSIMV2__5683-5683-32865-0009__SIRm3,237,3729,12,0.0,0.0,0.0,0.0,0.0,52.19419532488583,19.186354909438883
237-126133-0014_3729-6852-0037__T2__3729-3729-6852-0037__HSIMV2__4507-4507-16021-0052__SIRm3,3729,237,10,0.0,0.0,0.0,0.0,0.0,51.15059100350317,19.24301199225054
237-126133-0015_1320-122612-0008__T1__237-237-126133-0015__HSIMV2__5683-5683-32866-0024__SIRm3,237,1320,17,0.0,0.0,0.0,0.0,0.0,52.393175467752386,19.072688245397
237-126133-0015_1320-122612-0008__T2__1320-1320-122612-0008__HSIMV2__5105-5105-28241-0002__SIRm3,1320,237,14,0.0,0.07142857142857142,0.0,0.0,0.0,57.951147240290766,19.343237300752
237-126133-0016_7127-75947-0022__T1__237-237-126133-0016__HSIMV2__1580-1580-141084-0003__SIRm3,237,7127,7,0.0,0.0,0.0,0.0,0.0,53.45569598416495,21.66863466583756
237-126133-0016_7127-75947-0022__T2__7127-7127-75947-0022__HSIMV2__8455-8455-210777-0044__SIRm3,7127,237,13,0.0,0.15384615384615385,0.0,0.0,0.0,46.26624915644126,16.976379866138096
237-126133-0018_2830-3980-0018__T1__237-237-126133-0018__HSIMV2__1580-1580-141083-0034__SIRm3,237,2830,7,0.0,0.0,0.0,0.0,0.0,47.63093347594359,17.45435602707906
237-126133-0018_2830-3980-0018__T2__2830-2830-3980-0018__HSIMV2__8230-8230-279154-0006__SIRm3,2830,237,5,0.0,0.0,0.0,0.0,0.0,54.00407226656129,17.434392654705125
237-126133-0019_2830-3980-0035__T1__237-237-126133-0019__HSIMV2__3575-3575-170457-0041__SIRm3,237,2830,13,1.0,1.0,1.0,1.0,1.0,-44.53998972327119,-24.084174316716865
237-126133-0019_2830-3980-0035__T2__2830-2830-3980-0035__HSIMV2__8230-8230-279154-0020__SIRm3,2830,237,5,0.0,0.0,0.0,0.0,0.0,49.70385380297078,19.874995968224944
237-126133-0019_5639-40744-0024__T1__237-237-126133-0019__HSIMV2__5683-5683-32879-0021__SIRm3,237,5639,7,0.8571428571428571,1.0,0.8571428571428571,1.0,0.8571428571428571,-39.76753972594569,-19.815465543790346
237-126133-0019_5639-40744-0024__T2__5639-5639-40744-0024__HSIMV2__1089-1089-134691-0013__SIRm3,5639,237,16,0.0,0.0,0.0,0.0,0.0,50.21174477941334,19.22657217698696
237-126133-0019_6829-68771-0016__T1__237-237-126133-0019__HSIMV2__1580-1580-141084-0047__SIRm3,237,6829,9,0.0,0.0,0.0,0.0,0.0,49.63865149836963,17.843329331586574
237-126133-0019_6829-68771-0016__T2__6829-6829-68771-0016__HSIMV2__4970-4970-29095-0037__SIRm3,6829,237,12,0.0,0.0,0.0,0.0,0.0,48.215044093601904,18.5169879618281
237-126133-0021_1284-1181-0018__T1__237-237-126133-0021__HSIMV2__3575-3575-170457-0017__SIRm3,237,1284,7,0.0,0.0,0.0,0.0,0.0,62.360250462946055,22.187371403342752
237-126133-0021_1284-1181-0018__T2__1284-1284-1181-0018__HSIMV2__1580-1580-141084-0049__SIRm3,1284,237,5,0.0,0.0,0.0,0.0,0.0,57.789513516972576,19.878539768721023
237-126133-0022_3575-170457-0054__T1__237-237-126133-0022__HSIMV2__5683-5683-32879-0011__SIRm3,237,3575,9,0.0,0.0,0.0,0.2222222222222222,0.0,32.26324779364194,6.072591846348633
237-126133-0022_3575-170457-0054__T2__3575-3575-170457-0054__HSIMV2__237-237-126133-0009__SIRm3,3575,237,6,0.0,0.0,0.0,0.0,0.0,64.75529982021038,23.681521309591137
237-126133-0023_121-121726-0014__T1__237-237-126133-0023__HSIMV2__1580-1580-141084-0040__SIRm3,237,121,10,0.0,0.0,0.0,0.0,0.0,50.56418716651173,18.906420939780027
237-126133-0023_121-121726-0014__T2__121-121-121726-0014__HSIMV2__237-237-134500-0015__SIRm3,121,237,5,0.2,0.2,0.2,0.0,0.0,45.867592218210646,19.91795609410712
237-126133-0023_672-122797-0005__T1__237-237-126133-0023__HSIMV2__5683-5683-32879-0003__SIRm3,237,672,12,0.0,0.0,0.0,0.0,0.0,44.78312040673415,17.4914470336902
237-126133-0023_672-122797-0005__T2__672-672-122797-0005__HSIMV2__260-260-123440-0011__SIRm3,672,237,5,0.0,0.0,0.0,0.0,0.0,48.71873957795746,19.054678322804605
237-126133-0024_121-127105-0019__T1__237-237-126133-0024__HSIMV2__3575-3575-170457-0055__SIRm3,237,121,18,0.0,0.0,0.0,0.0,0.0,54.9339381513138,21.639244345098312
237-126133-0024_121-127105-0019__T2__121-121-127105-0019__HSIMV2__237-237-126133-0007__SIRm3,121,237,6,0.0,0.16666666666666666,0.0,0.0,0.0,39.14491255533914,17.20558110110711
237-126133-0024_8555-284449-0003__T1__237-237-126133-0024__HSIMV2__1580-1580-141083-0045__SIRm3,237,8555,7,0.0,0.0,0.0,0.0,0.0,48.41591092525789,18.68633880296857
237-126133-0024_8555-284449-0003__T2__8555-8555-284449-0003__HSIMV2__4970-4970-29095-0027__SIRm3,8555,237,16,0.9375,0.9375,0.9375,1.0,0.9375,-59.04037871758837,-35.30705778194594
237-126133-0025_1284-1180-0023__T1__237-237-126133-0025__HSIMV2__5683-5683-32865-0008__SIRm3,237,1284,6,0.0,0.0,0.0,0.0,0.0,56.07117599602116,19.02121058470953
237-126133-0025_1284-1180-0023__T2__1284-1284-1180-0023__HSIMV2__4446-4446-2271-0009__SIRm3,1284,237,10,1.0,1.0,1.0,1.0,1.0,-50.22617526510706,-27.417715484023443
237-126133-0025_1995-1826-0016__T1__237-237-126133-0025__HSIMV2__5683-5683-32865-0004__SIRm3,237,1995,6,0.0,0.0,0.0,0.0,0.0,56.03425933387617,20.218321028065464
237-126133-0025_1995-1826-0016__T2__1995-1995-1826-0016__HSIMV2__2094-2094-142345-0012__SIRm3,1995,237,10,1.0,1.0,1.0,1.0,1.0,-49.350895297373306,-22.62754937449316
237-134493-0000_260-123286-0017__T1__237-237-134493-0000__HSIMV2__5683-5683-32865-0005__SIRm3,237,260,7,0.0,0.0,0.0,0.0,0.0,61.80344478874438,20.80067492283224
237-134493-0000_260-123286-0017__T2__260-260-123286-0017__HSIMV2__672-672-122797-0046__SIRm3,260,237,6,0.0,0.0,0.0,0.0,0.0,44.89250221693731,14.275619881745856
237-134493-0000_2961-960-0004__T1__237-237-134493-0000__HSIMV2__1580-1580-141084-0027__SIRm3,237,2961,5,0.0,0.0,0.0,0.0,0.0,53.55212767189239,19.567137239150853
237-134493-0000_2961-960-0004__T2__2961-2961-960-0004__HSIMV2__3570-3570-5694-0010__SIRm3,2961,237,15,0.0,0.0,0.0,0.0,0.0,55.97765213672619,20.17437160388713
237-134493-0000_7729-102255-0042__T1__237-237-134493-0000__HSIMV2__5683-5683-32879-0013__SIRm3,237,7729,7,0.0,0.0,0.0,0.0,0.0,54.57404476073172,18.02188447077429
237-134493-0000_7729-102255-0042__T2__7729-7729-102255-0042__HSIMV2__7176-7176-92135-0034__SIRm3,7729,237,7,0.0,0.0,0.0,0.0,0.0,55.07997572854076,18.04646197865944
237-134493-0002_4992-41797-0002__T1__237-237-134493-0002__HSIMV2__5683-5683-32866-0007__SIRm3,237,4992,7,0.0,0.0,0.0,0.0,0.0,59.64136545464175,21.41969243325322
237-134493-0002_4992-41797-0002__T2__4992-4992-41797-0002__HSIMV2__4446-4446-2271-0013__SIRm3,4992,237,7,0.0,0.0,0.0,0.0,0.0,49.786942930442216,17.711337943087266
237-134493-0004_1320-122617-0039__T1__237-237-134493-0004__HSIMV2__5683-5683-32879-0000__SIRm3,237,1320,12,0.0,0.0,0.0,0.0,0.0,59.01866162382885,21.717186408907253
237-134493-0004_1320-122617-0039__T2__1320-1320-122617-0039__HSIMV2__5105-5105-28241-0009__SIRm3,1320,237,13,0.07692307692307693,0.0,0.0,0.0,0.0,52.46282489605904,20.37927576126378
237-134493-0005_5105-28241-0017__T1__237-237-134493-0005__HSIMV2__5683-5683-32865-0005__SIRm3,237,5105,19,0.0,0.0,0.0,0.0,0.0,54.661241296636824,17.774261208495375
237-134493-0005_5105-28241-0017__T2__5105-5105-28241-0017__HSIMV2__1320-1320-122617-0018__SIRm3,5105,237,18,0.0,0.0,0.0,0.0,0.0,55.25392696824303,19.54588057701062
237-134493-0006_2961-961-0008__T1__237-237-134493-0006__HSIMV2__5683-5683-32879-0011__SIRm3,237,2961,7,0.0,0.0,0.0,0.0,0.0,56.21543383820933,17.54084565807897
237-134493-0006_2961-961-0008__T2__2961-2961-961-0008__HSIMV2__3570-3570-5694-0012__SIRm3,2961,237,5,0.0,0.0,0.0,0.0,0.0,46.334413436392325,18.384389857419634
237-134493-0006_4446-2271-0008__T1__237-237-134493-0006__HSIMV2__5683-5683-32879-0013__SIRm3,237,4446,7,0.0,0.0,0.0,0.0,0.0,54.1200033891272,19.22335863071081
237-134493-0006_4446-2271-0008__T2__4446-4446-2271-0008__HSIMV2__1284-1284-1181-0013__SIRm3,4446,237,9,1.0,1.0,1.0,1.0,1.0,-52.74053246444527,-34.07317683952033
237-134493-0011_672-122797-0012__T1__237-237-134493-0011__HSIMV2__1580-1580-141084-0011__SIRm3,237,672,9,0.0,0.0,0.0,0.0,0.0,43.02724882992119,16.751087714113574
237-134493-0011_672-122797-0012__T2__672-672-122797-0012__HSIMV2__1320-1320-122617-0026__SIRm3,672,237,9,1.0,1.0,1.0,1.0,1.0,-44.52567643466975,-23.85441561083889
237-134493-0011_8224-274384-0013__T1__237-237-134493-0011__HSIMV2__3575-3575-170457-0051__SIRm3,237,8224,8,0.0,0.0,0.0,0.0,0.0,43.087330452660595,18.9125390997962
237-134493-0011_8224-274384-0013__T2__8224-8224-274384-0013__HSIMV2__8455-8455-210777-0038__SIRm3,8224,237,9,0.0,0.0,0.0,0.0,0.0,47.865065197042014,18.60076952638392
237-134493-0013_4992-23283-0009__T1__237-237-134493-0013__HSIMV2__5683-5683-32879-0003__SIRm3,237,4992,7,0.0,0.0,0.0,0.14285714285714285,0.0,31.818813821992133,5.324013472735902
237-134493-0013_4992-23283-0009__T2__4992-4992-23283-0009__HSIMV2__4446-4446-2273-0024__SIRm3,4992,237,8,0.0,0.0,0.0,0.0,0.0,62.812230833782564,20.447870046482763
237-134493-0013_672-122797-0025__T1__237-237-134493-0013__HSIMV2__1580-1580-141083-0031__SIRm3,237,672,7,0.0,0.0,0.0,0.0,0.0,58.993657770384054,21.61197889818889
237-134493-0013_672-122797-0025__T2__672-672-122797-0025__HSIMV2__1320-1320-122617-0027__SIRm3,672,237,10,0.0,0.0,0.0,0.0,0.0,44.75613717614887,17.40171435528645
237-134493-0013_8463-294825-0015__T1__237-237-134493-0013__HSIMV2__5683-5683-32865-0007__SIRm3,237,8463,7,0.0,0.0,0.0,0.0,0.0,55.07983145861176,20.67710527916467
237-134493-0013_8463-294825-0015__T2__8463-8463-294825-0015__HSIMV2__4992-4992-41806-0016__SIRm3,8463,237,5,0.0,0.0,0.0,0.0,0.0,54.00967052504366,21.37306652225412
237-134493-0013_908-31957-0018__T1__237-237-134493-0013__HSIMV2__3575-3575-170457-0035__SIRm3,237,908,7,0.0,0.0,0.0,0.0,0.0,52.38845933077604,18.93597817378464
237-134493-0013_908-31957-0018__T2__908-908-31957-0018__HSIMV2__7176-7176-92135-0017__SIRm3,908,237,6,0.8333333333333334,0.6666666666666666,0.6666666666666666,0.8333333333333334,0.6666666666666666,-14.610282039286957,-9.628832719874064
237-134493-0014_3570-5694-0009__T1__237-237-134493-0014__HSIMV2__5683-5683-32866-0021__SIRm3,237,3570,6,0.0,0.0,0.0,0.0,0.0,48.500027394562814,21.041431355081656
237-134493-0014_3570-5694-0009__T2__3570-3570-5694-0009__HSIMV2__4507-4507-16021-0038__SIRm3,3570,237,6,0.0,0.0,0.0,0.0,0.0,43.89435916182173,19.71610001678256
237-134493-0015_3570-5694-0002__T1__237-237-134493-0015__HSIMV2__1580-1580-141084-0014__SIRm3,237,3570,6,0.0,0.0,0.0,0.0,0.0,52.091577856126925,20.039212671143048
237-134493-0015_3570-5694-0002__T2__3570-3570-5694-0002__HSIMV2__4507-4507-16021-0055__SIRm3,3570,237,13,0.0,0.0,0.0,0.0,0.0,62.01165455696293,23.0218144058125
237-134493-0015_5105-28240-0008__T1__237-237-134493-0015__HSIMV2__5683-5683-32865-0015__SIRm3,237,5105,7,0.0,0.0,0.0,0.0,0.0,51.58912396957667,18.825408537435248
237-134493-0015_5105-28240-0008__T2__5105-5105-28240-0008__HSIMV2__1320-1320-122617-0019__SIRm3,5105,237,15,0.0,0.0,0.0,0.0,0.0,56.421939943834374,19.908233239928663
237-134493-0016_4446-2275-0031__T1__237-237-134493-0016__HSIMV2__1580-1580-141084-0003__SIRm3,237,4446,7,0.0,0.0,0.0,0.0,0.0,52.25862232407999,20.55746974800737
237-134493-0016_4446-2275-0031__T2__4446-4446-2275-0031__HSIMV2__4992-4992-23283-0016__SIRm3,4446,237,5,0.0,0.0,0.0,0.0,0.0,52.15308234262493,20.95115835235489
237-134493-0016_7176-92135-0005__T1__237-237-134493-0016__HSIMV2__5683-5683-32865-0009__SIRm3,237,7176,18,0.0,0.0,0.0,0.0,0.0,54.6274663560505,19.84151271419956
237-134493-0016_7176-92135-0005__T2__7176-7176-92135-0005__HSIMV2__61-61-70970-0011__SIRm3,7176,237,9,0.0,0.0,0.0,0.0,0.0,39.48161939715417,14.554367398920675
237-134493-0016_908-31957-0012__T1__237-237-134493-0016__HSIMV2__5683-5683-32866-0016__SIRm3,237,908,8,0.0,0.0,0.0,0.0,0.0,53.56047294830543,22.80638068494116
237-134493-0016_908-31957-0012__T2__908-908-31957-0012__HSIMV2__7176-7176-92135-0028__SIRm3,908,237,5,0.0,0.0,0.0,0.0,0.0,50.57323915210394,18.41716487541228
237-134493-0017_1089-134686-0025__T1__237-237-134493-0017__HSIMV2__5683-5683-32879-0019__SIRm3,237,1089,11,0.0,0.0,0.0,0.0,0.0,48.90638923558878,17.99083669323445
237-134493-0017_1089-134686-0025__T2__1089-1089-134686-0025__HSIMV2__8230-8230-279154-0015__SIRm3,1089,237,12,0.0,0.0,0.0,0.0,0.0,53.80322868826505,19.139811146094303
237-134493-0017_4077-13754-0009__T1__237-237-134493-0017__HSIMV2__1580-1580-141083-0025__SIRm3,237,4077,6,0.0,0.0,0.0,0.0,0.0,56.43015919410669,17.14095888213925
237-134493-0017_4077-13754-0009__T2__4077-4077-13754-0009__HSIMV2__8455-8455-210777-0041__SIRm3,4077,237,11,0.0,0.0,0.0,0.0,0.0,39.85019230320958,15.211588189861269
237-134493-0017_4446-2275-0000__T1__237-237-134493-0017__HSIMV2__3575-3575-170457-0052__SIRm3,237,4446,5,0.6,0.6,0.6,1.0,0.6,-17.819417090131502,-6.735936305133619
237-134493-0017_4446-2275-0000__T2__4446-4446-2275-0000__HSIMV2__4992-4992-41797-0014__SIRm3,4446,237,11,0.0,0.0,0.0,0.0,0.0,53.863791454115535,19.75476274398249
237-134493-0018_1284-1181-0019__T1__237-237-134493-0018__HSIMV2__5683-5683-32879-0002__SIRm3,237,1284,8,0.0,0.0,0.0,0.0,0.0,60.84642993344367,20.64698440754588
237-134493-0018_1284-1181-0019__T2__1284-1284-1181-0019__HSIMV2__4446-4446-2273-0029__SIRm3,1284,237,5,0.0,0.0,0.0,0.0,0.0,58.06333380617409,18.11272422140112
237-134500-0000_1221-135767-0018__T1__237-237-134500-0000__HSIMV2__5683-5683-32879-0011__SIRm3,237,1221,11,0.0,0.0,0.0,0.0,0.0,51.482309366575,20.73397950090545
237-134500-0000_1221-135767-0018__T2__1221-1221-135767-0018__HSIMV2__4992-4992-41797-0008__SIRm3,1221,237,16,0.0,0.0,0.0,0.0,0.0,58.15887988765525,18.66917831243645
237-134500-0000_1284-1180-0012__T1__237-237-134500-0000__HSIMV2__3575-3575-170457-0051__SIRm3,237,1284,8,0.0,0.0,0.0,0.0,0.0,46.10263266033667,19.738532468271668
237-134500-0000_1284-1180-0012__T2__1284-1284-1180-0012__HSIMV2__1580-1580-141084-0049__SIRm3,1284,237,8,0.0,0.125,0.0,0.0,0.0,58.567175386841285,20.259048007454663
237-134500-0000_7021-79740-0002__T1__237-237-134500-0000__HSIMV2__1580-1580-141084-0031__SIRm3,237,7021,11,0.0,0.0,0.0,0.0,0.0,48.79703303606216,18.81220422329412
237-134500-0000_7021-79740-0002__T2__7021-7021-79740-0002__HSIMV2__5105-5105-28240-0006__SIRm3,7021,237,17,0.0,0.058823529411764705,0.0,0.0,0.0,54.23632758753302,18.421811963041456
237-134500-0000_8463-294828-0029__T1__237-237-134500-0000__HSIMV2__5683-5683-32879-0021__SIRm3,237,8463,7,0.0,0.0,0.0,0.0,0.0,62.28421150559541,22.21008358349792
237-134500-0000_8463-294828-0029__T2__8463-8463-294828-0029__HSIMV2__4992-4992-23283-0013__SIRm3,8463,237,9,0.0,0.0,0.0,0.0,0.0,48.54685484829314,17.757544584200623
237-134500-0002_1995-1836-0008__T1__237-237-134500-0002__HSIMV2__5683-5683-32879-0020__SIRm3,237,1995,9,0.0,0.0,0.0,0.0,0.0,49.08273364802496,19.158748708054468
237-134500-0002_1995-1836-0008__T2__1995-1995-1836-0008__HSIMV2__2094-2094-142345-0035__SIRm3,1995,237,6,0.0,0.0,0.0,0.0,0.0,56.99067895665508,21.749170618848243
237-134500-0002_4970-29093-0019__T1__237-237-134500-0002__HSIMV2__5683-5683-32865-0010__SIRm3,237,4970,9,0.0,0.0,0.0,0.0,0.0,57.32036817288085,19.71269169876528
237-134500-0002_4970-29093-0019__T2__4970-4970-29093-0019__HSIMV2__6829-6829-68769-0018__SIRm3,4970,237,13,0.0,0.0,0.0,0.0,0.0,44.592474271420286,18.062343023333813
237-134500-0003_1188-133604-0041__T1__237-237-134500-0003__HSIMV2__1580-1580-141084-0014__SIRm3,237,1188,5,0.0,0.0,0.0,0.0,0.0,53.7166046040393,18.55786920639741
237-134500-0003_1188-133604-0041__T2__1188-1188-133604-0041__HSIMV2__2830-2830-3980-0061__SIRm3,1188,237,13,0.07692307692307693,0.07692307692307693,0.07692307692307693,0.0,0.0,44.589140821220084,17.976453005393072
237-134500-0003_4446-2273-0015__T1__237-237-134500-0003__HSIMV2__5683-5683-32879-0018__SIRm3,237,4446,5,0.0,0.0,0.0,0.0,0.0,50.365059311059866,21.16098741801932
237-134500-0003_4446-2273-0015__T2__4446-4446-2273-0015__HSIMV2__1284-1284-1181-0013__SIRm3,4446,237,8,0.0,0.0,0.0,0.0,0.0,54.45730902767596,19.11706642401595
237-134500-0006_908-157963-0000__T1__237-237-134500-0006__HSIMV2__5683-5683-32866-0030__SIRm3,237,908,7,0.0,0.0,0.0,0.0,0.0,50.82825348209552,20.994791597957853
237-134500-0006_908-157963-0000__T2__908-908-157963-0000__HSIMV2__7176-7176-88083-0000__SIRm3,908,237,10,0.9,0.9,0.9,0.9,0.9,-27.784314919048875,-7.894249528368655
237-134500-0008_2830-3980-0013__T1__237-237-134500-0008__HSIMV2__1580-1580-141083-0045__SIRm3,237,2830,6,0.0,0.0,0.0,0.0,0.0,51.09992411886659,17.608056931154103
237-134500-0008_2830-3980-0013__T2__2830-2830-3980-0013__HSIMV2__1188-1188-133604-0004__SIRm3,2830,237,7,0.0,0.0,0.0,0.0,0.0,43.83166483641452,15.745213343691251
237-134500-0008_8455-210777-0040__T1__237-237-134500-0008__HSIMV2__5683-5683-32866-0022__SIRm3,237,8455,5,0.0,0.0,0.0,0.0,0.0,54.00743675470185,19.491464669703497
237-134500-0008_8455-210777-0040__T2__8455-8455-210777-0040__HSIMV2__1320-1320-122617-0025__SIRm3,8455,237,11,0.0,0.0,0.0,0.0,0.0,50.43046610450909,19.601960110532165
237-134500-0010_672-122797-0047__T1__237-237-134500-0010__HSIMV2__3575-3575-170457-0027__SIRm3,237,672,6,0.0,0.0,0.0,0.0,0.0,52.62646636935068,18.86863656950353
237-134500-0010_672-122797-0047__T2__672-672-122797-0047__HSIMV2__1320-1320-122617-0012__SIRm3,672,237,5,1.0,1.0,1.0,1.0,1.0,-34.2790732831459,-17.28711965667049
237-134500-0011_4992-41797-0010__T1__237-237-134500-0011__HSIMV2__5683-5683-32866-0025__SIRm3,237,4992,5,0.0,0.0,0.0,0.0,0.0,45.25686818433313,18.70625480733778
237-134500-0011_4992-41797-0010__T2__4992-4992-41797-0010__HSIMV2__4446-4446-2273-0028__SIRm3,4992,237,9,0.0,0.0,0.0,0.0,0.0,56.95421572054699,20.37703254995993
237-134500-0011_7176-92135-0000__T1__237-237-134500-0011__HSIMV2__5683-5683-32879-0000__SIRm3,237,7176,5,0.0,0.0,0.0,0.0,0.0,56.021172365112946,19.63733587784705
237-134500-0011_7176-92135-0000__T2__7176-7176-92135-0000__HSIMV2__61-61-70968-0016__SIRm3,7176,237,6,0.0,0.16666666666666666,0.0,0.0,0.0,33.65512834497428,14.08085800155515
237-134500-0013_1580-141084-0014__T1__237-237-134500-0013__HSIMV2__5683-5683-32879-0007__SIRm3,237,1580,12,0.08333333333333333,0.0,0.0,0.0,0.0,45.83972257443776,11.68723130338896
237-134500-0013_1580-141084-0014__T2__1580-1580-141084-0014__HSIMV2__237-237-126133-0021__SIRm3,1580,237,6,0.0,0.0,0.0,0.0,0.0,54.53342639591569,20.8272271825582
237-134500-0014_260-123288-0005__T1__237-237-134500-0014__HSIMV2__5683-5683-32879-0002__SIRm3,237,260,7,0.0,0.0,0.0,0.0,0.0,58.97448028624711,20.713078117739688
237-134500-0014_260-123288-0005__T2__260-260-123288-0005__HSIMV2__672-672-122797-0046__SIRm3,260,237,8,0.0,0.0,0.0,0.0,0.0,56.65267606692114,19.49361451759736
237-134500-0015_1089-134691-0004__T1__237-237-134500-0015__HSIMV2__1580-1580-141083-0012__SIRm3,237,1089,13,0.0,0.0,0.0,0.0,0.0,53.32597961676863,19.614384865601235
237-134500-0015_1089-134691-0004__T2__1089-1089-134691-0004__HSIMV2__8230-8230-279154-0039__SIRm3,1089,237,8,0.0,0.0,0.0,0.0,0.0,59.3294842970771,19.64294746215808
237-134500-0015_2300-131720-0018__T1__237-237-134500-0015__HSIMV2__5683-5683-32866-0002__SIRm3,237,2300,9,0.0,0.0,0.0,0.0,0.0,58.52706217619498,22.03313632619512
237-134500-0015_2300-131720-0018__T2__2300-2300-131720-0018__HSIMV2__61-61-70968-0053__SIRm3,2300,237,7,0.0,0.0,0.0,0.0,0.0,45.0106668620756,15.96281056682112
237-134500-0016_260-123440-0003__T1__237-237-134500-0016__HSIMV2__1580-1580-141083-0044__SIRm3,237,260,5,0.0,0.0,0.0,0.0,0.0,50.189249814150116,18.62031314368824
237-134500-0016_260-123440-0003__T2__260-260-123440-0003__HSIMV2__672-672-122797-0055__SIRm3,260,237,6,0.0,0.0,0.0,0.0,0.0,60.35286045781845,19.80864953893047
237-134500-0016_6930-81414-0024__T1__237-237-134500-0016__HSIMV2__5683-5683-32865-0004__SIRm3,237,6930,5,0.0,0.0,0.0,0.0,0.0,51.14641266088334,19.73923219439564
237-134500-0016_6930-81414-0024__T2__6930-6930-81414-0024__HSIMV2__260-260-123286-0030__SIRm3,6930,237,9,0.0,0.0,0.0,0.0,0.0,46.87837747036784,17.512680194480996
237-134500-0018_1580-141083-0007__T1__237-237-134500-0018__HSIMV2__5683-5683-32879-0009__SIRm3,237,1580,9,0.0,0.0,0.0,0.0,0.0,52.832270944954594,19.202294258380395
237-134500-0018_1580-141083-0007__T2__1580-1580-141083-0007__HSIMV2__237-237-126133-0007__SIRm3,1580,237,8,0.0,0.0,0.0,0.0,0.0,43.463549924527996,17.26150554849528
237-134500-0018_8555-284447-0005__T1__237-237-134500-0018__HSIMV2__5683-5683-32865-0017__SIRm3,237,8555,9,0.0,0.0,0.0,0.0,0.0,46.55610717979449,18.4955891407716
237-134500-0018_8555-284447-0005__T2__8555-8555-284447-0005__HSIMV2__4970-4970-29095-0027__SIRm3,8555,237,12,0.9166666666666666,1.0,0.9166666666666666,1.0,0.9166666666666666,-48.20553612638505,-31.57043214184307
237-134500-0022_121-121726-0001__T1__237-237-134500-0022__HSIMV2__3575-3575-170457-0008__SIRm3,237,121,9,0.0,0.0,0.0,0.0,0.0,53.324420033702566,21.61585151259315
237-134500-0022_121-121726-0001__T2__121-121-121726-0001__HSIMV2__237-237-134493-0017__SIRm3,121,237,9,0.0,1.0,0.0,0.0,0.0,54.92207227543257,19.45069826447585
237-134500-0023_1284-1180-0011__T1__237-237-134500-0023__HSIMV2__5683-5683-32866-0010__SIRm3,237,1284,5,0.0,0.0,0.0,0.0,0.0,54.13323588184617,20.37659035690241
237-134500-0023_1284-1180-0011__T2__1284-1284-1180-0011__HSIMV2__4446-4446-2275-0026__SIRm3,1284,237,7,0.0,0.0,0.0,0.0,0.0,52.35550913421105,18.614455998873822
237-134500-0023_4992-41806-0006__T1__237-237-134500-0023__HSIMV2__5683-5683-32866-0005__SIRm3,237,4992,5,0.0,0.0,0.0,0.0,0.0,48.32841744935045,19.6320805452288
237-134500-0023_4992-41806-0006__T2__4992-4992-41806-0006__HSIMV2__4446-4446-2271-0013__SIRm3,4992,237,7,0.0,0.0,0.0,0.0,0.0,53.160280701881625,20.21910578478045
237-134500-0024_1089-134686-0011__T1__237-237-134500-0024__HSIMV2__5683-5683-32866-0022__SIRm3,237,1089,5,0.0,0.0,0.0,0.0,0.0,47.3611001368818,16.457835377128347
237-134500-0024_1089-134686-0011__T2__1089-1089-134686-0011__HSIMV2__8230-8230-279154-0006__SIRm3,1089,237,14,0.0,0.0,0.0,0.0,0.0,50.08460882012254,18.116167371479047
237-134500-0024_1320-122617-0024__T1__237-237-134500-0024__HSIMV2__1580-1580-141084-0023__SIRm3,237,1320,7,0.0,0.0,0.0,0.0,0.0,49.063741113544104,19.044076157618665
237-134500-0024_1320-122617-0024__T2__1320-1320-122617-0024__HSIMV2__5105-5105-28240-0014__SIRm3,1320,237,5,0.0,0.0,0.0,0.0,0.0,49.76397978368315,17.017929747312973
237-134500-0026_260-123286-0016__T1__237-237-134500-0026__HSIMV2__5683-5683-32865-0004__SIRm3,237,260,5,0.0,0.0,0.0,0.0,0.0,61.438723592210046,21.78342492221227
237-134500-0026_260-123286-0016__T2__260-260-123286-0016__HSIMV2__672-672-122797-0007__SIRm3,260,237,11,0.0,0.0,0.0,0.0,0.0,43.695959729530095,17.34183076614001
237-134500-0027_1580-141084-0033__T1__237-237-134500-0027__HSIMV2__3575-3575-170457-0032__SIRm3,237,1580,5,0.0,0.0,0.0,0.0,0.0,29.877736445012214,14.011039626809396
237-134500-0027_1580-141084-0033__T2__1580-1580-141084-0033__HSIMV2__1284-1284-1180-0019__SIRm3,1580,237,13,0.0,0.0,0.0,0.0,0.0,50.30233010770872,19.07427117947646
237-134500-0028_2830-3980-0023__T1__237-237-134500-0028__HSIMV2__5683-5683-32879-0010__SIRm3,237,2830,8,0.0,0.0,0.0,0.0,0.0,33.20296308697704,9.6238438578377
237-134500-0028_2830-3980-0023__T2__2830-2830-3980-0023__HSIMV2__1188-1188-133604-0024__SIRm3,2830,237,11,0.0,0.0,0.0,0.0,0.0,52.02748741681109,16.58753267675263
237-134500-0032_2830-3980-0055__T1__237-237-134500-0032__HSIMV2__1580-1580-141083-0020__SIRm3,237,2830,9,0.0,0.0,0.0,0.0,0.0,47.63011284722967,18.055543737386884
237-134500-0032_2830-3980-0055__T2__2830-2830-3980-0055__HSIMV2__1188-1188-133604-0029__SIRm3,2830,237,6,0.0,0.0,0.0,0.0,0.0,55.04996254626247,18.54145103707116
237-134500-0032_7176-92135-0032__T1__237-237-134500-0032__HSIMV2__3575-3575-170457-0048__SIRm3,237,7176,9,0.1111111111111111,0.1111111111111111,0.1111111111111111,0.0,0.0,20.413793580719805,11.535603654722362
237-134500-0032_7176-92135-0032__T2__7176-7176-92135-0032__HSIMV2__61-61-70970-0024__SIRm3,7176,237,5,0.0,0.0,0.0,0.0,0.0,34.209609281991675,13.83057422558231
237-134500-0033_1284-134647-0001__T1__237-237-134500-0033__HSIMV2__1580-1580-141083-0046__SIRm3,237,1284,6,0.0,0.0,0.0,0.0,0.0,49.17489961926314,19.82500898926166
237-134500-0033_1284-134647-0001__T2__1284-1284-134647-0001__HSIMV2__4446-4446-2273-0009__SIRm3,1284,237,7,0.0,0.0,0.0,0.0,0.0,56.679956096811004,20.22383488630758
237-134500-0034_4077-13751-0011__T1__237-237-134500-0034__HSIMV2__5683-5683-32866-0024__SIRm3,237,4077,5,0.0,0.0,0.0,0.0,0.0,42.53067163047389,16.627479910119767
237-134500-0034_4077-13751-0011__T2__4077-4077-13751-0011__HSIMV2__8455-8455-210777-0018__SIRm3,4077,237,9,0.0,0.0,0.0,0.0,0.0,46.71210602576932,18.45478802872788
237-134500-0036_6829-68771-0035__T1__237-237-134500-0036__HSIMV2__5683-5683-32866-0030__SIRm3,237,6829,8,0.0,0.0,0.0,0.0,0.0,51.15840244034837,19.006143746896104
237-134500-0036_6829-68771-0035__T2__6829-6829-68771-0035__HSIMV2__4970-4970-29095-0037__SIRm3,6829,237,7,0.0,0.0,0.0,0.0,0.0,47.80418605323673,18.40835114282467
237-134500-0037_2830-3980-0042__T1__237-237-134500-0037__HSIMV2__5683-5683-32879-0010__SIRm3,237,2830,13,0.0,0.0,0.0,0.0,0.0,46.7251581182278,15.202881467373787
237-134500-0037_2830-3980-0042__T2__2830-2830-3980-0042__HSIMV2__1188-1188-133604-0019__SIRm3,2830,237,5,0.0,0.0,0.0,0.0,0.0,55.567981806763086,20.54441675640509
237-134500-0037_4507-16021-0028__T1__237-237-134500-0037__HSIMV2__3575-3575-170457-0044__SIRm3,237,4507,13,0.0,0.0,0.0,0.0,0.0,60.61553341042141,19.21957983233498
237-134500-0037_4507-16021-0028__T2__4507-4507-16021-0028__HSIMV2__3729-3729-6852-0044__SIRm3,4507,237,5,0.0,0.0,0.0,0.0,0.0,55.41927722540775,21.19438390540177
237-134500-0040_1188-133604-0032__T1__237-237-134500-0040__HSIMV2__5683-5683-32866-0008__SIRm3,237,1188,5,0.0,0.0,0.0,0.0,0.0,53.80766032470817,20.70469819151637
237-134500-0040_1188-133604-0032__T2__1188-1188-133604-0032__HSIMV2__2830-2830-3980-0054__SIRm3,1188,237,18,0.0,0.0,0.0,0.0,0.0,51.40660757625029,18.06211502302652
237-134500-0040_1284-134647-0007__T1__237-237-134500-0040__HSIMV2__5683-5683-32865-0013__SIRm3,237,1284,6,0.0,0.0,0.0,0.0,0.0,64.66810763591725,23.647064033103547
237-134500-0040_1284-134647-0007__T2__1284-1284-134647-0007__HSIMV2__4446-4446-2273-0015__SIRm3,1284,237,8,0.0,0.0,0.0,0.0,0.0,52.46036240635476,18.67908343169544
237-134500-0041_6930-75918-0011__T1__237-237-134500-0041__HSIMV2__5683-5683-32866-0013__SIRm3,237,6930,16,0.0,0.0,0.0,0.0,0.0,49.96628957122782,20.01371980324648
237-134500-0041_6930-75918-0011__T2__6930-6930-75918-0011__HSIMV2__260-260-123286-0004__SIRm3,6930,237,5,0.0,0.0,0.0,0.0,0.0,45.58619172474727,16.98475053241947
260-123286-0000_1320-122617-0031__T1__260-260-123286-0000__HSIMV2__6930-6930-81414-0022__SIRm3,260,1320,7,0.0,0.2857142857142857,0.0,0.0,0.0,50.05503754688756,19.47069112000225
260-123286-0000_1320-122617-0031__T2__1320-1320-122617-0031__HSIMV2__8455-8455-210777-0040__SIRm3,1320,260,11,0.0,0.0,0.0,0.0,0.0,47.047653329887616,18.14320001581096
260-123286-0000_1995-1837-0024__T1__260-260-123286-0000__HSIMV2__6930-6930-81414-0023__SIRm3,260,1995,8,0.125,0.5,0.125,0.0,0.0,56.757746827850895,21.55021406862032
260-123286-0000_1995-1837-0024__T2__1995-1995-1837-0024__HSIMV2__2094-2094-142345-0006__SIRm3,1995,260,9,0.0,0.1111111111111111,0.0,0.0,0.0,56.841965599267695,23.303846509763776
260-123286-0000_4077-13754-0010__T1__260-260-123286-0000__HSIMV2__672-672-122797-0010__SIRm3,260,4077,6,0.16666666666666666,0.16666666666666666,0.16666666666666666,0.0,0.0,50.611925746380315,17.928537016644764
260-123286-0000_4077-13754-0010__T2__4077-4077-13754-0010__HSIMV2__8455-8455-210777-0000__SIRm3,4077,260,16,0.0,0.0,0.0,0.0,0.0,45.76097004185411,17.854017855741667
260-123286-0001_1995-1836-0007__T1__260-260-123286-0001__HSIMV2__6930-6930-81414-0026__SIRm3,260,1995,5,0.0,0.0,0.0,0.0,0.0,44.17167005337211,17.96960064735944
260-123286-0001_1995-1836-0007__T2__1995-1995-1836-0007__HSIMV2__2094-2094-142345-0051__SIRm3,1995,260,5,0.0,0.0,0.0,0.0,0.0,60.22387146635092,22.48075591399437
260-123286-0001_8455-210777-0023__T1__260-260-123286-0001__HSIMV2__6930-6930-76324-0028__SIRm3,260,8455,5,0.0,0.4,0.0,0.0,0.0,47.67555693035297,18.63405175640377
260-123286-0001_8455-210777-0023__T2__8455-8455-210777-0023__HSIMV2__1320-1320-122617-0012__SIRm3,8455,260,8,0.0,0.0,0.0,0.0,0.0,52.07304161671212,19.126571444576783
260-123286-0003_2094-142345-0048__T1__260-260-123286-0003__HSIMV2__672-672-122797-0051__SIRm3,260,2094,8,0.25,0.125,0.0,0.0,0.0,41.643092487683376,15.40192636308367
260-123286-0003_2094-142345-0048__T2__2094-2094-142345-0048__HSIMV2__3729-3729-6852-0029__SIRm3,2094,260,11,0.0,0.0,0.0,0.0,0.0,53.08072375144342,19.70715195360449
260-123286-0003_7127-75947-0014__T1__260-260-123286-0003__HSIMV2__672-672-122797-0012__SIRm3,260,7127,13,0.23076923076923078,0.15384615384615385,0.07692307692307693,0.0,0.0,44.34397531871639,15.30934413779077
260-123286-0003_7127-75947-0014__T2__7127-7127-75947-0014__HSIMV2__8455-8455-210777-0004__SIRm3,7127,260,14,0.0,0.0,0.0,0.0,0.0,46.35425445320635,17.541420724985805
260-123286-0004_5142-33396-0011__T1__260-260-123286-0004__HSIMV2__6930-6930-76324-0004__SIRm3,260,5142,5,0.0,0.2,0.0,0.0,0.0,52.08603719250179,20.158286252396305
260-123286-0004_5142-33396-0011__T2__5142-5142-33396-0011__HSIMV2__4970-4970-29093-0012__SIRm3,5142,260,6,0.0,0.0,0.0,0.0,0.0,45.965835128908566,18.44706352208446
260-123286-0004_6930-75918-0019__T1__260-260-123286-0004__HSIMV2__672-672-122797-0038__SIRm3,260,6930,5,0.2,0.2,0.2,0.0,0.0,39.9625507182951,17.142259247095623
260-123286-0004_6930-75918-0019__T2__6930-6930-75918-0019__HSIMV2__260-260-123440-0020__SIRm3,6930,260,8,0.0,0.0,0.0,0.0,0.0,51.812817663812346,19.444567038175983
260-123286-0005_237-126133-0000__T1__260-260-123286-0005__HSIMV2__672-672-122797-0061__SIRm3,260,237,8,0.0,0.0,0.0,0.0,0.0,50.907583718441785,17.10601025429834
260-123286-0005_237-126133-0000__T2__237-237-126133-0000__HSIMV2__5683-5683-32866-0018__SIRm3,237,260,9,0.0,0.0,0.0,0.0,0.0,46.28100460232312,18.815511476556853
260-123286-0005_237-134500-0039__T1__260-260-123286-0005__HSIMV2__6930-6930-81414-0023__SIRm3,260,237,8,0.0,0.0,0.0,0.0,0.0,54.025165919251144,18.017680152851995
260-123286-0005_237-134500-0039__T2__237-237-134500-0039__HSIMV2__3575-3575-170457-0037__SIRm3,237,260,8,0.0,0.0,0.0,0.0,0.0,55.06492551765173,19.896287758390148
260-123286-0005_3729-6852-0014__T1__260-260-123286-0005__HSIMV2__6930-6930-76324-0012__SIRm3,260,3729,8,0.0,0.0,0.0,0.0,0.0,43.12466170056027,16.825895437242167
260-123286-0005_3729-6852-0014__T2__3729-3729-6852-0014__HSIMV2__4507-4507-16021-0050__SIRm3,3729,260,6,0.0,0.0,0.0,0.0,0.0,49.192401541086156,20.64221704800645
260-123286-0006_4992-41797-0000__T1__260-260-123286-0006__HSIMV2__672-672-122797-0068__SIRm3,260,4992,7,0.0,0.14285714285714285,0.0,0.0,0.0,48.802608233791055,16.90844795936272
260-123286-0006_4992-41797-0000__T2__4992-4992-41797-0000__HSIMV2__4446-4446-2275-0028__SIRm3,4992,260,6,0.0,0.0,0.0,0.0,0.0,55.438325482862666,20.726882083781256
260-123286-0007_5142-33396-0019__T1__260-260-123286-0007__HSIMV2__6930-6930-76324-0004__SIRm3,260,5142,8,0.0,0.0,0.0,0.0,0.0,62.53084774857382,19.46956495185644
260-123286-0007_5142-33396-0019__T2__5142-5142-33396-0019__HSIMV2__4970-4970-29095-0031__SIRm3,5142,260,8,0.0,0.0,0.0,0.0,0.0,52.484955529362395,18.139673428583656
260-123286-0008_3570-5695-0013__T1__260-260-123286-0008__HSIMV2__672-672-122797-0074__SIRm3,260,3570,6,0.0,0.0,0.0,0.0,0.0,45.76126220181842,16.903581735676198
260-123286-0008_3570-5695-0013__T2__3570-3570-5695-0013__HSIMV2__4507-4507-16021-0023__SIRm3,3570,260,8,0.0,0.0,0.0,0.0,0.0,62.68501483090684,22.25781163514552
260-123286-0008_4970-29095-0017__T1__260-260-123286-0008__HSIMV2__6930-6930-81414-0023__SIRm3,260,4970,6,0.0,0.0,0.0,0.0,0.0,53.82363222523574,20.038072188115176
260-123286-0008_4970-29095-0017__T2__4970-4970-29095-0017__HSIMV2__8555-8555-284449-0004__SIRm3,4970,260,6,0.0,0.3333333333333333,0.0,0.0,0.0,46.62453876248235,17.692317347149285
260-123286-0008_4992-23283-0000__T1__260-260-123286-0008__HSIMV2__672-672-122797-0067__SIRm3,260,4992,6,0.0,0.0,0.0,0.0,0.0,38.29344828361486,16.99299960716683
260-123286-0008_4992-23283-0000__T2__4992-4992-23283-0000__HSIMV2__4446-4446-2273-0035__SIRm3,4992,260,11,0.0,0.0,0.0,0.0,0.0,50.308013461539254,19.600129584689142
260-123286-0009_1284-1181-0002__T1__260-260-123286-0009__HSIMV2__1320-1320-122617-0002__SIRm3,260,1284,10,0.0,0.0,0.0,0.0,0.0,47.75890747058859,18.86515303423542
260-123286-0009_1284-1181-0002__T2__1284-1284-1181-0002__HSIMV2__1580-1580-141084-0021__SIRm3,1284,260,6,0.0,0.0,0.0,0.0,0.0,50.46024468079091,20.440120747873728
260-123286-0013_3729-6852-0026__T1__260-260-123286-0013__HSIMV2__6930-6930-81414-0019__SIRm3,260,3729,5,0.0,0.0,0.0,0.0,0.0,47.99124794379795,16.978701887797747
260-123286-0013_3729-6852-0026__T2__3729-3729-6852-0026__HSIMV2__4507-4507-16021-0037__SIRm3,3729,260,8,0.0,0.0,0.0,0.0,0.0,50.71206316272165,20.231362927662563
260-123286-0015_237-134493-0001__T1__260-260-123286-0015__HSIMV2__672-672-122797-0054__SIRm3,260,237,7,0.0,0.0,0.0,0.0,0.0,52.819339318404914,18.4228602762768
260-123286-0015_237-134493-0001__T2__237-237-134493-0001__HSIMV2__5683-5683-32879-0013__SIRm3,237,260,13,0.0,0.0,0.0,0.0,0.0,63.15258288856678,21.142812582345385
260-123286-0016_3575-170457-0009__T1__260-260-123286-0016__HSIMV2__6930-6930-81414-0010__SIRm3,260,3575,6,0.0,0.0,0.0,0.0,0.0,48.49398667831215,17.211650679327246
260-123286-0016_3575-170457-0009__T2__3575-3575-170457-0009__HSIMV2__237-237-126133-0014__SIRm3,3575,260,12,0.0,0.0,0.0,0.0,0.0,52.87991750820304,15.69573961785661
260-123286-0017_5142-33396-0019__T1__260-260-123286-0017__HSIMV2__672-672-122797-0055__SIRm3,260,5142,6,0.0,0.16666666666666666,0.0,0.0,0.0,41.27959759205984,15.269611238781575
260-123286-0017_5142-33396-0019__T2__5142-5142-33396-0019__HSIMV2__4970-4970-29095-0030__SIRm3,5142,260,8,0.0,0.0,0.0,0.0,0.0,53.129080505398875,20.736342700880485
260-123286-0017_5142-33396-0049__T1__260-260-123286-0017__HSIMV2__672-672-122797-0029__SIRm3,260,5142,5,0.0,0.2,0.0,0.0,0.0,48.30938577280872,20.052038953452467
260-123286-0017_5142-33396-0049__T2__5142-5142-33396-0049__HSIMV2__4970-4970-29095-0001__SIRm3,5142,260,5,0.0,0.0,0.0,0.0,0.0,42.25049426310319,17.71758784338874
260-123286-0018_5105-28240-0019__T1__260-260-123286-0018__HSIMV2__672-672-122797-0039__SIRm3,260,5105,7,0.0,0.0,0.0,0.0,0.0,41.778745769281166,16.29694597047605
260-123286-0018_5105-28240-0019__T2__5105-5105-28240-0019__HSIMV2__1320-1320-122617-0016__SIRm3,5105,260,11,0.0,0.0,0.0,0.0,0.0,54.66556301931691,18.319480929022426
260-123286-0019_1580-141083-0024__T1__260-260-123286-0019__HSIMV2__672-672-122797-0063__SIRm3,260,1580,9,0.0,0.4444444444444444,0.0,0.0,0.0,37.79986230521063,7.689376554701067
260-123286-0019_1580-141083-0024__T2__1580-1580-141083-0024__HSIMV2__237-237-134500-0036__SIRm3,1580,260,7,0.0,0.0,0.0,0.0,0.0,52.52576586577246,17.675326563336736
260-123286-0020_2830-3979-0008__T1__260-260-123286-0020__HSIMV2__672-672-122797-0029__SIRm3,260,2830,5,0.0,1.0,0.0,0.0,0.0,58.25559305908952,21.68913607180206
260-123286-0020_2830-3979-0008__T2__2830-2830-3979-0008__HSIMV2__1188-1188-133604-0022__SIRm3,2830,260,17,0.0,0.0,0.0,0.0,0.0,49.80541720561762,17.732300333700962
260-123286-0020_4992-23283-0013__T1__260-260-123286-0020__HSIMV2__672-672-122797-0044__SIRm3,260,4992,5,0.0,1.0,0.0,0.0,0.0,58.49466031899671,19.80452501062232
260-123286-0020_4992-23283-0013__T2__4992-4992-23283-0013__HSIMV2__4446-4446-2273-0001__SIRm3,4992,260,8,0.0,0.0,0.0,0.0,0.0,53.03974996868493,19.562814130651084
260-123286-0022_4446-2271-0010__T1__260-260-123286-0022__HSIMV2__1320-1320-122612-0016__SIRm3,260,4446,5,0.0,0.0,0.0,0.0,0.0,33.0462289468008,15.834167195675862
260-123286-0022_4446-2271-0010__T2__4446-4446-2271-0010__HSIMV2__4992-4992-23283-0016__SIRm3,4446,260,5,0.0,0.0,0.0,0.0,0.0,45.664994519923255,17.761933186188866
260-123286-0022_4507-16021-0036__T1__260-260-123286-0022__HSIMV2__6930-6930-81414-0026__SIRm3,260,4507,5,0.0,0.0,0.0,0.0,0.0,47.408568385662804,16.862494563438357
260-123286-0022_4507-16021-0036__T2__4507-4507-16021-0036__HSIMV2__3729-3729-6852-0027__SIRm3,4507,260,5,0.0,0.0,0.0,0.0,0.0,50.33698668180812,19.34360890295138
260-123286-0023_2830-3980-0030__T1__260-260-123286-0023__HSIMV2__6930-6930-75918-0004__SIRm3,260,2830,10,0.0,0.0,0.0,0.0,0.0,46.29817705908202,16.109256619122956
260-123286-0023_2830-3980-0030__T2__2830-2830-3980-0030__HSIMV2__8230-8230-279154-0028__SIRm3,2830,260,9,0.0,0.0,0.0,0.0,0.0,53.865374454629396,19.023647699207324
260-123286-0023_4507-16021-0051__T1__260-260-123286-0023__HSIMV2__6930-6930-75918-0009__SIRm3,260,4507,10,0.0,0.0,0.0,0.0,0.0,47.336581591162464,18.16961767077053
260-123286-0023_4507-16021-0051__T2__4507-4507-16021-0051__HSIMV2__3729-3729-6852-0011__SIRm3,4507,260,11,0.0,0.0,0.0,0.0,0.0,57.08253207430542,20.68812621051947
260-123286-0024_61-70970-0032__T1__260-260-123286-0024__HSIMV2__672-672-122797-0074__SIRm3,260,61,5,0.0,0.0,0.0,0.0,0.0,43.3545183933785,17.10594330692033
260-123286-0024_61-70970-0032__T2__61-61-70970-0032__HSIMV2__8230-8230-279154-0041__SIRm3,61,260,5,0.0,0.0,0.0,0.0,0.0,30.858441723705415,11.98057233733785
260-123286-0025_1284-1181-0019__T1__260-260-123286-0025__HSIMV2__6930-6930-81414-0008__SIRm3,260,1284,11,0.0,0.0,0.0,0.0,0.0,53.50950203939367,20.19328444403458
260-123286-0025_1284-1181-0019__T2__1284-1284-1181-0019__HSIMV2__1580-1580-141084-0049__SIRm3,1284,260,5,0.0,0.0,0.0,0.0,0.0,60.92915458363656,20.033126627907283
260-123286-0025_5142-33396-0003__T1__260-260-123286-0025__HSIMV2__672-672-122797-0066__SIRm3,260,5142,8,0.0,0.0,0.0,0.0,0.0,51.572321622225914,18.59941532226467
260-123286-0025_5142-33396-0003__T2__5142-5142-33396-0003__HSIMV2__4970-4970-29095-0009__SIRm3,5142,260,5,0.0,0.0,0.0,0.0,0.0,69.22825064300969,23.06092868644993
260-123286-0026_121-121726-0004__T1__260-260-123286-0026__HSIMV2__672-672-122797-0056__SIRm3,260,121,9,0.0,0.0,0.0,0.0,0.0,54.05166153734981,19.05412456597193
260-123286-0026_121-121726-0004__T2__121-121-121726-0004__HSIMV2__237-237-126133-0019__SIRm3,121,260,7,0.0,0.0,0.0,0.0,0.0,49.22590600671922,17.0093864532279
260-123286-0026_1580-141083-0025__T1__260-260-123286-0026__HSIMV2__6930-6930-81414-0000__SIRm3,260,1580,12,0.16666666666666666,0.0,0.0,0.0,0.0,48.18030031964222,18.789653796222915
260-123286-0026_1580-141083-0025__T2__1580-1580-141083-0025__HSIMV2__1284-1284-1180-0027__SIRm3,1580,260,5,0.0,0.0,0.0,0.0,0.0,59.11984068510227,18.11425255844084
260-123286-0027_6930-75918-0011__T1__260-260-123286-0027__HSIMV2__6930-6930-75918-0008__SIRm3,260,6930,8,0.0,0.0,0.0,0.0,0.0,52.37983958761194,17.47439666237616
260-123286-0027_6930-75918-0011__T2__6930-6930-75918-0011__HSIMV2__260-260-123286-0020__SIRm3,6930,260,5,0.0,0.0,0.0,0.0,0.0,47.08238057661189,18.110567056903623
260-123286-0027_908-157963-0013__T1__260-260-123286-0027__HSIMV2__6930-6930-81414-0019__SIRm3,260,908,5,0.0,0.0,0.0,0.0,0.0,48.59533768263043,17.77424279876583
260-123286-0027_908-157963-0013__T2__908-908-157963-0013__HSIMV2__7176-7176-92135-0015__SIRm3,908,260,7,0.0,0.0,0.0,0.0,0.0,38.90450579337466,17.02786788982222
260-123286-0028_4446-2273-0035__T1__260-260-123286-0028__HSIMV2__6930-6930-76324-0027__SIRm3,260,4446,13,0.07692307692307693,0.0,0.0,0.0,0.0,51.618623656047504,18.60517832312974
260-123286-0028_4446-2273-0035__T2__4446-4446-2273-0035__HSIMV2__4992-4992-41797-0005__SIRm3,4446,260,6,0.0,0.0,0.0,0.0,0.0,53.84232981573527,20.805288890144368
260-123286-0028_5683-32866-0014__T1__260-260-123286-0028__HSIMV2__672-672-122797-0065__SIRm3,260,5683,5,0.0,0.0,0.0,0.0,0.0,45.363350145801405,17.14938619847216
260-123286-0028_5683-32866-0014__T2__5683-5683-32866-0014__HSIMV2__237-237-126133-0003__SIRm3,5683,260,6,0.0,0.0,0.0,0.0,0.0,41.307325665040004,19.60685544740334
260-123286-0029_1580-141084-0026__T1__260-260-123286-0029__HSIMV2__672-672-122797-0004__SIRm3,260,1580,8,0.0,0.0,0.0,0.0,0.0,55.42786635989482,19.29324601222853
260-123286-0029_1580-141084-0026__T2__1580-1580-141084-0026__HSIMV2__237-237-134500-0006__SIRm3,1580,260,7,0.0,0.0,0.0,0.0,0.0,55.139326728216574,21.01902488703537
260-123286-0030_3729-6852-0004__T1__260-260-123286-0030__HSIMV2__672-672-122797-0063__SIRm3,260,3729,9,0.0,0.0,0.0,0.0,0.0,50.00062212988559,20.652815469436543
260-123286-0030_3729-6852-0004__T2__3729-3729-6852-0004__HSIMV2__4507-4507-16021-0040__SIRm3,3729,260,6,0.0,0.16666666666666666,0.0,0.0,0.0,49.610420460404725,19.96162576156745
260-123286-0030_6829-68769-0020__T1__260-260-123286-0030__HSIMV2__6930-6930-75918-0006__SIRm3,260,6829,10,0.0,0.0,0.0,0.0,0.0,51.08695054511038,18.47068536383
260-123286-0030_6829-68769-0020__T2__6829-6829-68769-0020__HSIMV2__4446-4446-2271-0019__SIRm3,6829,260,6,0.0,0.0,0.0,0.0,0.0,45.32532338105245,17.847347859962365
260-123286-0031_2094-142345-0036__T1__260-260-123286-0031__HSIMV2__672-672-122797-0001__SIRm3,260,2094,9,0.0,0.4444444444444444,0.0,0.0,0.0,53.84679021486434,18.21401633636083
260-123286-0031_2094-142345-0036__T2__2094-2094-142345-0036__HSIMV2__3729-3729-6852-0016__SIRm3,2094,260,7,0.0,0.0,0.0,0.0,0.0,56.98457452775578,20.77085183060596
260-123286-0031_237-126133-0009__T1__260-260-123286-0031__HSIMV2__6930-6930-81414-0004__SIRm3,260,237,9,0.0,0.1111111111111111,0.0,0.0,0.0,44.85754636747878,16.75321179856053
260-123286-0031_237-126133-0009__T2__237-237-126133-0009__HSIMV2__1580-1580-141083-0002__SIRm3,237,260,6,0.0,0.0,0.0,0.0,0.0,60.494609297237844,21.75398049155156
260-123288-0000_61-70968-0039__T1__260-260-123288-0000__HSIMV2__1320-1320-122617-0008__SIRm3,260,61,5,0.0,0.0,0.0,0.0,0.0,49.65313765150381,20.352551885202256
260-123288-0000_61-70968-0039__T2__61-61-70968-0039__HSIMV2__2300-2300-131720-0012__SIRm3,61,260,6,0.0,0.0,0.0,0.0,0.0,46.2385044011755,18.326452770364064
260-123288-0000_672-122797-0000__T1__260-260-123288-0000__HSIMV2__6930-6930-76324-0002__SIRm3,260,672,5,0.0,0.0,0.0,0.0,0.0,55.17634353345068,20.5154721157098
260-123288-0000_672-122797-0000__T2__672-672-122797-0000__HSIMV2__1320-1320-122617-0009__SIRm3,672,260,7,0.0,0.0,0.0,0.0,0.0,58.84113493795701,20.958335705682487
260-123288-0002_1580-141084-0019__T1__260-260-123288-0002__HSIMV2__672-672-122797-0054__SIRm3,260,1580,7,0.0,0.0,0.0,0.0,0.0,43.95927176174383,14.951840879819688
260-123288-0002_1580-141084-0019__T2__1580-1580-141084-0019__HSIMV2__237-237-126133-0018__SIRm3,1580,260,5,0.0,0.0,0.0,0.0,0.0,59.3759365697097,21.561167445688525
260-123288-0002_2094-142345-0045__T1__260-260-123288-0002__HSIMV2__6930-6930-81414-0023__SIRm3,260,2094,8,0.0,0.0,0.0,0.0,0.0,51.99780619691769,19.397047439410848
260-123288-0002_2094-142345-0045__T2__2094-2094-142345-0045__HSIMV2__3729-3729-6852-0031__SIRm3,2094,260,5,0.0,0.0,0.0,0.0,0.0,45.85876428626791,18.50021081636544
260-123288-0003_1089-134686-0026__T1__260-260-123288-0003__HSIMV2__672-672-122797-0072__SIRm3,260,1089,14,0.07142857142857142,0.07142857142857142,0.0,0.0,0.0,47.869353522029435,17.61076428474445
260-123288-0003_1089-134686-0026__T2__1089-1089-134686-0026__HSIMV2__8230-8230-279154-0026__SIRm3,1089,260,7,0.0,0.0,0.0,0.0,0.0,47.3912424485757,17.718687561539184
260-123288-0004_3729-6852-0007__T1__260-260-123288-0004__HSIMV2__672-672-122797-0001__SIRm3,260,3729,6,0.0,0.0,0.0,0.0,0.0,54.982303534044185,19.014916355881912
260-123288-0004_3729-6852-0007__T2__3729-3729-6852-0007__HSIMV2__4507-4507-16021-0052__SIRm3,3729,260,11,0.0,0.0,0.0,0.0,0.0,55.764258835310194,19.792240302035943
260-123288-0004_672-122797-0056__T1__260-260-123288-0004__HSIMV2__672-672-122797-0047__SIRm3,260,672,5,0.0,0.0,0.0,0.0,0.0,42.836672832312814,18.94468325354505
260-123288-0004_672-122797-0056__T2__672-672-122797-0056__HSIMV2__260-260-123286-0028__SIRm3,672,260,9,0.0,0.0,0.0,0.0,0.0,48.98508777634686,16.19624688965411
260-123288-0004_908-157963-0025__T1__260-260-123288-0004__HSIMV2__6930-6930-76324-0004__SIRm3,260,908,7,0.0,0.0,0.0,0.0,0.0,54.59062552564967,19.787219370680244
260-123288-0004_908-157963-0025__T2__908-908-157963-0025__HSIMV2__7176-7176-92135-0001__SIRm3,908,260,14,1.0,1.0,1.0,1.0,1.0,-43.47310854131529,-21.91281001867464
260-123288-0005_5683-32879-0014__T1__260-260-123288-0005__HSIMV2__672-672-122797-0052__SIRm3,260,5683,7,0.0,0.0,0.0,0.0,0.0,49.398226168092854,19.130881239791776
260-123288-0005_5683-32879-0014__T2__5683-5683-32879-0014__HSIMV2__237-237-134500-0024__SIRm3,5683,260,7,0.0,0.0,0.0,0.0,0.0,59.88766712711755,19.289276963325644
260-123288-0005_61-70968-0040__T1__260-260-123288-0005__HSIMV2__6930-6930-81414-0022__SIRm3,260,61,7,0.0,0.0,0.0,0.0,0.0,47.347641875406616,19.48644515092552
260-123288-0005_61-70968-0040__T2__61-61-70968-0040__HSIMV2__8230-8230-279154-0001__SIRm3,61,260,6,0.0,0.0,0.0,0.0,0.0,12.634848190749869,7.495291752435834
260-123288-0006_237-126133-0001__T1__260-260-123288-0006__HSIMV2__672-672-122797-0016__SIRm3,260,237,8,0.125,0.125,0.0,0.0,0.0,48.50381276882267,16.47972726504804
260-123288-0006_237-126133-0001__T2__237-237-126133-0001__HSIMV2__1580-1580-141083-0004__SIRm3,237,260,8,0.0,0.0,0.0,0.0,0.0,41.8129491484941,17.243816502500614
260-123288-0007_6930-75918-0010__T1__260-260-123288-0007__HSIMV2__6930-6930-81414-0003__SIRm3,260,6930,5,0.2,0.0,0.0,0.0,0.0,63.728292878874505,19.994166863243013
260-123288-0007_6930-75918-0010__T2__6930-6930-75918-0010__HSIMV2__260-260-123440-0019__SIRm3,6930,260,5,0.0,0.0,0.0,0.0,0.0,40.71222842522131,9.196955317293302
260-123288-0008_237-134500-0033__T1__260-260-123288-0008__HSIMV2__672-672-122797-0059__SIRm3,260,237,6,0.0,0.0,0.0,0.0,0.0,46.192810615055556,16.48882079242587
260-123288-0008_237-134500-0033__T2__237-237-134500-0033__HSIMV2__5683-5683-32865-0013__SIRm3,237,260,10,0.0,0.1,0.0,0.0,0.0,64.5089771165109,15.512836184934228
260-123288-0008_2830-3980-0056__T1__260-260-123288-0008__HSIMV2__672-672-122797-0074__SIRm3,260,2830,10,0.0,0.0,0.0,0.0,0.0,50.44657698546432,17.71606386158529
260-123288-0008_2830-3980-0056__T2__2830-2830-3980-0056__HSIMV2__1188-1188-133604-0031__SIRm3,2830,260,7,0.0,0.0,0.0,0.0,0.0,54.85749927730542,19.627548819658653
260-123288-0009_1320-122617-0023__T1__260-260-123288-0009__HSIMV2__672-672-122797-0003__SIRm3,260,1320,5,0.0,0.0,0.0,0.0,0.0,52.55510051906034,20.440297512289224
260-123288-0009_1320-122617-0023__T2__1320-1320-122617-0023__HSIMV2__5105-5105-28240-0004__SIRm3,1320,260,11,0.0,0.0,0.0,0.0,0.0,52.49879330290046,19.708739065912862
260-123288-0011_4446-2275-0029__T1__260-260-123288-0011__HSIMV2__672-672-122797-0017__SIRm3,260,4446,8,0.0,0.0,0.0,0.0,0.0,48.342417193183,18.83219327968558
260-123288-0011_4446-2275-0029__T2__4446-4446-2275-0029__HSIMV2__1284-1284-1180-0001__SIRm3,4446,260,11,0.0,0.0,0.0,0.0,0.0,50.12473561693487,18.14760519441193
260-123288-0011_6829-68769-0011__T1__260-260-123288-0011__HSIMV2__672-672-122797-0072__SIRm3,260,6829,14,0.0,0.0,0.0,0.0,0.0,48.22103012056453,17.81836194080838
260-123288-0011_6829-68769-0011__T2__6829-6829-68769-0011__HSIMV2__4970-4970-29093-0022__SIRm3,6829,260,8,0.0,0.0,0.0,0.0,0.0,58.681932890240724,21.517245165876457
260-123288-0012_3729-6852-0024__T1__260-260-123288-0012__HSIMV2__672-672-122797-0073__SIRm3,260,3729,6,0.0,0.0,0.0,0.0,0.0,44.006564428721084,18.21703591610852
260-123288-0012_3729-6852-0024__T2__3729-3729-6852-0024__HSIMV2__4507-4507-16021-0025__SIRm3,3729,260,10,0.0,0.0,0.0,0.0,0.0,61.224130270132505,20.08818373337318
260-123288-0012_4446-2273-0009__T1__260-260-123288-0012__HSIMV2__6930-6930-81414-0010__SIRm3,260,4446,6,0.0,0.16666666666666666,0.0,0.0,0.0,51.753142585426495,19.305060657282684
260-123288-0012_4446-2273-0009__T2__4446-4446-2273-0009__HSIMV2__4992-4992-23283-0002__SIRm3,4446,260,5,0.0,0.0,0.0,0.0,0.0,52.44429013061979,21.48328671821511
260-123288-0012_4446-2273-0025__T1__260-260-123288-0012__HSIMV2__6930-6930-75918-0005__SIRm3,260,4446,6,0.0,0.0,0.0,0.0,0.0,64.77466046133931,21.311366160881963
260-123288-0012_4446-2273-0025__T2__4446-4446-2273-0025__HSIMV2__4992-4992-23283-0007__SIRm3,4446,260,7,0.0,0.0,0.0,0.0,0.0,43.45069626886105,16.38596417716623
260-123288-0012_7021-85628-0010__T1__260-260-123288-0012__HSIMV2__672-672-122797-0016__SIRm3,260,7021,6,0.0,0.0,0.0,0.0,0.0,53.54406080292898,19.056534788262347
260-123288-0012_7021-85628-0010__T2__7021-7021-85628-0010__HSIMV2__5105-5105-28240-0011__SIRm3,7021,260,11,0.0,0.0,0.0,0.0,0.0,49.317873498594025,19.138688509987663
260-123288-0013_6930-76324-0013__T1__260-260-123288-0013__HSIMV2__672-672-122797-0020__SIRm3,260,6930,16,0.0,0.0,0.0,0.0,0.0,49.00762484440216,18.472948640136767
260-123288-0013_6930-76324-0013__T2__6930-6930-76324-0013__HSIMV2__260-260-123440-0020__SIRm3,6930,260,7,0.0,0.0,0.0,0.0,0.0,55.867014810428984,19.473795692885588
260-123288-0017_1580-141084-0049__T1__260-260-123288-0017__HSIMV2__672-672-122797-0074__SIRm3,260,1580,9,0.0,0.0,0.0,0.0,0.0,54.51894983874557,19.43407157035737
260-123288-0017_1580-141084-0049__T2__1580-1580-141084-0049__HSIMV2__237-237-126133-0002__SIRm3,1580,260,14,0.0,0.0,0.0,0.0,0.0,44.71986913982896,17.988906393718324
260-123288-0018_2830-3979-0003__T1__260-260-123288-0018__HSIMV2__672-672-122797-0046__SIRm3,260,2830,5,0.0,0.0,0.0,0.0,0.0,55.05345273738912,20.64282924367481
260-123288-0018_2830-3979-0003__T2__2830-2830-3979-0003__HSIMV2__1188-1188-133604-0014__SIRm3,2830,260,7,0.0,0.14285714285714285,0.0,0.0,0.0,47.00280436927837,18.74934075599032
260-123288-0018_3575-170457-0047__T1__260-260-123288-0018__HSIMV2__6930-6930-75918-0017__SIRm3,260,3575,5,0.0,0.0,0.0,0.0,0.0,51.627110533950635,19.261058849862334
260-123288-0018_3575-170457-0047__T2__3575-3575-170457-0047__HSIMV2__237-237-134493-0001__SIRm3,3575,260,12,0.0,0.08333333333333333,0.0,0.0,0.0,50.26403305181707,19.8585526512449
260-123288-0025_237-134500-0006__T1__260-260-123288-0025__HSIMV2__672-672-122797-0069__SIRm3,260,237,9,0.0,0.0,0.0,0.0,0.0,52.97364358307879,18.26756047436345
260-123288-0025_237-134500-0006__T2__237-237-134500-0006__HSIMV2__5683-5683-32879-0007__SIRm3,237,260,7,0.0,0.0,0.0,0.0,0.0,47.304047863077976,17.95870892519675
260-123288-0027_1995-1826-0001__T1__260-260-123288-0027__HSIMV2__6930-6930-75918-0015__SIRm3,260,1995,11,0.0,0.0,0.0,0.0,0.0,56.194988098634035,20.32892745835198
260-123288-0027_1995-1826-0001__T2__1995-1995-1826-0001__HSIMV2__2094-2094-142345-0052__SIRm3,1995,260,12,0.0,0.0,0.0,0.0,0.0,56.41132474635526,21.60147807960152
260-123440-0003_2961-960-0009__T1__260-260-123440-0003__HSIMV2__672-672-122797-0068__SIRm3,260,2961,6,0.0,0.0,0.0,0.0,0.0,46.30353426735616,19.015917303519164
260-123440-0003_2961-960-0009__T2__2961-2961-960-0009__HSIMV2__3570-3570-5696-0004__SIRm3,2961,260,8,0.0,0.0,0.0,0.0,0.0,50.44675328863124,19.213490804354887
260-123440-0003_7729-102255-0045__T1__260-260-123440-0003__HSIMV2__672-672-122797-0015__SIRm3,260,7729,6,0.0,0.0,0.0,0.0,0.0,49.33256063555174,17.372436797065664
260-123440-0003_7729-102255-0045__T2__7729-7729-102255-0045__HSIMV2__7176-7176-92135-0028__SIRm3,7729,260,5,0.0,0.0,0.0,0.0,0.0,59.87723267199574,17.892716113038365
260-123440-0004_8455-210777-0061__T1__260-260-123440-0004__HSIMV2__672-672-122797-0036__SIRm3,260,8455,9,0.1111111111111111,0.3333333333333333,0.1111111111111111,0.0,0.0,38.51135614675643,16.42428251972107
260-123440-0004_8455-210777-0061__T2__8455-8455-210777-0061__HSIMV2__1320-1320-122617-0030__SIRm3,8455,260,6,0.0,0.0,0.0,0.0,0.0,49.68194337964416,19.167716047378583
260-123440-0005_7127-75947-0026__T1__260-260-123440-0005__HSIMV2__672-672-122797-0007__SIRm3,260,7127,5,0.0,0.0,0.0,0.0,0.0,44.435666496556486,18.913359839019165
260-123440-0005_7127-75947-0026__T2__7127-7127-75947-0026__HSIMV2__8455-8455-210777-0055__SIRm3,7127,260,12,0.0,0.08333333333333333,0.0,0.0,0.0,44.965777320540646,16.92551183806668
260-123440-0005_8555-284447-0014__T1__260-260-123440-0005__HSIMV2__672-672-122797-0026__SIRm3,260,8555,5,0.0,0.0,0.0,0.0,0.0,64.45122924554724,19.4858639808556
260-123440-0005_8555-284447-0014__T2__8555-8555-284447-0014__HSIMV2__4970-4970-29095-0032__SIRm3,8555,260,12,0.5,0.5833333333333334,0.5,0.4166666666666667,0.4166666666666667,2.702725348215259,-0.5902704743764997
260-123440-0007_1320-122612-0005__T1__260-260-123440-0007__HSIMV2__672-672-122797-0059__SIRm3,260,1320,5,0.4,0.4,0.4,0.0,0.0,19.106316408848066,2.757459390680057
260-123440-0007_1320-122612-0005__T2__1320-1320-122612-0005__HSIMV2__5105-5105-28241-0016__SIRm3,1320,260,10,0.0,0.0,0.0,0.0,0.0,58.70254234026229,18.60422239434454
260-123440-0008_6930-81414-0012__T1__260-260-123440-0008__HSIMV2__1320-1320-122612-0010__SIRm3,260,6930,6,1.0,1.0,1.0,1.0,1.0,-49.56129599157746,-26.45485847330045
260-123440-0008_6930-81414-0012__T2__6930-6930-81414-0012__HSIMV2__1320-1320-122612-0016__SIRm3,6930,260,5,0.0,0.0,0.0,0.0,0.0,37.70254230764209,14.445055849703968
260-123440-0009_4970-29095-0017__T1__260-260-123440-0009__HSIMV2__672-672-122797-0030__SIRm3,260,4970,5,0.0,0.0,0.0,0.0,0.0,31.636035215687354,10.913788421275768
260-123440-0009_4970-29095-0017__T2__4970-4970-29095-0017__HSIMV2__6829-6829-68771-0006__SIRm3,4970,260,6,0.0,0.0,0.0,0.0,0.0,49.09173863327143,19.40033000933748
260-123440-0009_5105-28240-0011__T1__260-260-123440-0009__HSIMV2__672-672-122797-0055__SIRm3,260,5105,5,0.0,0.0,0.0,0.0,0.0,59.29413963891851,20.144037560328627
260-123440-0009_5105-28240-0011__T2__5105-5105-28240-0011__HSIMV2__1320-1320-122612-0000__SIRm3,5105,260,11,0.0,0.0,0.0,0.0,0.0,51.68767454586848,19.00101751931606
260-123440-0010_237-126133-0018__T1__260-260-123440-0010__HSIMV2__672-672-122797-0034__SIRm3,260,237,9,0.0,0.0,0.0,0.0,0.0,41.83719509339346,17.732036827647907
260-123440-0010_237-126133-0018__T2__237-237-126133-0018__HSIMV2__5683-5683-32879-0023__SIRm3,237,260,7,0.0,0.0,0.0,0.0,0.0,55.93748088038369,19.928585436217908
260-123440-0010_4970-29095-0006__T1__260-260-123440-0010__HSIMV2__672-672-122797-0040__SIRm3,260,4970,9,0.0,0.0,0.0,0.0,0.0,48.83458243903221,19.01950679756868
260-123440-0010_4970-29095-0006__T2__4970-4970-29095-0006__HSIMV2__6829-6829-68769-0021__SIRm3,4970,260,7,0.0,0.0,0.0,0.0,0.0,49.84425815838416,18.59953700721508
260-123440-0010_908-31957-0023__T1__260-260-123440-0010__HSIMV2__672-672-122797-0021__SIRm3,260,908,7,0.0,0.0,0.0,0.0,0.0,43.72771143358431,18.807392880546875
260-123440-0010_908-31957-0023__T2__908-908-31957-0023__HSIMV2__7176-7176-92135-0003__SIRm3,908,260,6,0.0,0.0,0.0,0.0,0.0,36.250120070753304,16.41412766629318
260-123440-0011_1320-122617-0016__T1__260-260-123440-0011__HSIMV2__672-672-122797-0065__SIRm3,260,1320,5,0.0,0.0,0.0,0.0,0.0,38.58799273283023,15.749249013934955
260-123440-0011_1320-122617-0016__T2__1320-1320-122617-0016__HSIMV2__5105-5105-28240-0000__SIRm3,1320,260,9,0.0,0.1111111111111111,0.0,0.0,0.0,42.95072616029064,18.59661751383041
260-123440-0011_3570-5694-0012__T1__260-260-123440-0011__HSIMV2__672-672-122797-0027__SIRm3,260,3570,8,0.0,0.0,0.0,0.0,0.0,51.25844147631312,20.281074409807825
260-123440-0011_3570-5694-0012__T2__3570-3570-5694-0012__HSIMV2__4507-4507-16021-0057__SIRm3,3570,260,5,0.0,0.0,0.0,0.0,0.0,71.55340536704563,20.58603636361609
260-123440-0011_4446-2275-0005__T1__260-260-123440-0011__HSIMV2__6930-6930-76324-0027__SIRm3,260,4446,8,0.0,0.125,0.0,0.0,0.0,55.358131548463064,20.540009590584177
260-123440-0011_4446-2275-0005__T2__4446-4446-2275-0005__HSIMV2__4992-4992-23283-0005__SIRm3,4446,260,7,0.0,0.0,0.0,0.0,0.0,50.44261623422941,19.986514504093435
260-123440-0012_61-70968-0015__T1__260-260-123440-0012__HSIMV2__672-672-122797-0018__SIRm3,260,61,8,0.0,0.0,0.0,0.0,0.0,51.01041376872712,18.496521155146446
260-123440-0012_61-70968-0015__T2__61-61-70968-0015__HSIMV2__8230-8230-279154-0003__SIRm3,61,260,5,0.0,0.0,0.0,0.0,0.0,46.97855788211628,18.12083617577276
260-123440-0012_8455-210777-0010__T1__260-260-123440-0012__HSIMV2__672-672-122797-0029__SIRm3,260,8455,5,0.0,0.0,0.0,0.0,0.0,48.035530112220144,21.59258861029203
260-123440-0012_8455-210777-0010__T2__8455-8455-210777-0010__HSIMV2__1320-1320-122617-0019__SIRm3,8455,260,5,0.0,0.0,0.0,0.0,0.0,43.99561755651446,17.6769224216128
260-123440-0013_1221-135767-0005__T1__260-260-123440-0013__HSIMV2__6930-6930-76324-0005__SIRm3,260,1221,5,0.0,0.0,0.0,0.0,0.0,57.659280085833345,21.72049368495521
260-123440-0013_1221-135767-0005__T2__1221-1221-135767-0005__HSIMV2__4992-4992-41797-0021__SIRm3,1221,260,10,0.0,0.0,0.0,0.0,0.0,53.39184132826148,19.61292802705257
260-123440-0013_7127-75947-0028__T1__260-260-123440-0013__HSIMV2__672-672-122797-0040__SIRm3,260,7127,5,0.0,0.0,0.0,0.0,0.0,19.496569903939836,10.959387877476008
260-123440-0013_7127-75947-0028__T2__7127-7127-75947-0028__HSIMV2__8455-8455-210777-0001__SIRm3,7127,260,13,0.0,0.0,0.0,0.0,0.0,54.24934283697482,19.00058863550943
260-123440-0013_8230-279154-0016__T1__260-260-123440-0013__HSIMV2__672-672-122797-0005__SIRm3,260,8230,5,0.0,0.0,0.0,0.0,0.0,47.11945497441093,18.524347707042143
260-123440-0013_8230-279154-0016__T2__8230-8230-279154-0016__HSIMV2__61-61-70968-0013__SIRm3,8230,260,7,0.0,0.0,0.0,0.0,0.0,38.294046376981434,9.508410579915084
260-123440-0014_4970-29095-0030__T1__260-260-123440-0014__HSIMV2__672-672-122797-0024__SIRm3,260,4970,6,0.0,0.0,0.0,0.0,0.0,53.22020148030481,17.688841443268274
260-123440-0014_4970-29095-0030__T2__4970-4970-29095-0030__HSIMV2__6829-6829-68769-0015__SIRm3,4970,260,8,0.0,0.0,0.0,0.0,0.0,52.74590055120199,20.32718497297419
260-123440-0014_7176-88083-0012__T1__260-260-123440-0014__HSIMV2__6930-6930-76324-0004__SIRm3,260,7176,6,0.0,0.0,0.0,0.0,0.0,61.34432772634266,20.65514225465079
260-123440-0014_7176-88083-0012__T2__7176-7176-88083-0012__HSIMV2__61-61-70970-0007__SIRm3,7176,260,7,0.0,0.0,0.0,0.0,0.0,37.362708551467826,15.636772236056492
260-123440-0015_7729-102255-0020__T1__260-260-123440-0015__HSIMV2__672-672-122797-0018__SIRm3,260,7729,8,0.125,0.0,0.0,0.0,0.0,36.97409482415644,13.209968325229609
260-123440-0015_7729-102255-0020__T2__7729-7729-102255-0020__HSIMV2__7176-7176-92135-0007__SIRm3,7729,260,5,0.0,0.0,0.0,0.0,0.0,41.468016788676394,16.638395605161815
260-123440-0017_7729-102255-0008__T1__260-260-123440-0017__HSIMV2__672-672-122797-0073__SIRm3,260,7729,5,0.0,0.0,0.0,0.0,0.0,56.998553775958364,16.85615094741721
260-123440-0017_7729-102255-0008__T2__7729-7729-102255-0008__HSIMV2__7176-7176-88083-0018__SIRm3,7729,260,19,0.0,0.0,0.0,0.0,0.0,47.062266230895105,16.510912600197788
260-123440-0019_121-121726-0010__T1__260-260-123440-0019__HSIMV2__6930-6930-76324-0014__SIRm3,260,121,8,0.0,0.0,0.0,0.0,0.0,43.10384835686024,11.623248389583642
260-123440-0019_121-121726-0010__T2__121-121-121726-0010__HSIMV2__237-237-126133-0012__SIRm3,121,260,6,1.0,1.0,1.0,1.0,1.0,-44.10719483956174,-22.57671393268405
260-123440-0019_8455-210777-0044__T1__260-260-123440-0019__HSIMV2__6930-6930-76324-0012__SIRm3,260,8455,8,0.0,0.0,0.0,0.0,0.0,41.720170556785284,14.339180935484874
260-123440-0019_8455-210777-0044__T2__8455-8455-210777-0044__HSIMV2__1320-1320-122617-0015__SIRm3,8455,260,9,0.0,0.0,0.0,0.0,0.0,50.69033189125029,19.035561043315383
260-123440-0020_3570-5694-0021__T1__260-260-123440-0020__HSIMV2__672-672-122797-0069__SIRm3,260,3570,8,0.0,0.0,0.0,0.0,0.0,57.6177690082162,20.00701885536409
260-123440-0020_3570-5694-0021__T2__3570-3570-5694-0021__HSIMV2__4507-4507-16021-0048__SIRm3,3570,260,9,0.0,0.0,0.0,0.0,0.0,49.27203666249441,21.411135912416164
260-123440-0020_5683-32879-0002__T1__260-260-123440-0020__HSIMV2__6930-6930-76324-0024__SIRm3,260,5683,7,0.0,0.0,0.0,0.0,0.0,54.07965249235969,20.70151739670313
260-123440-0020_5683-32879-0002__T2__5683-5683-32879-0002__HSIMV2__1221-1221-135766-0012__SIRm3,5683,260,21,0.0,0.0,0.0,0.0,0.0,45.3868264558683,17.910201349023065
2830-3979-0000_1188-133604-0015__T1__2830-2830-3979-0000__HSIMV2__1188-1188-133604-0013__SIRm3,2830,1188,5,0.0,0.0,0.0,0.0,0.0,42.71575329982191,15.87572822976248
2830-3979-0000_1188-133604-0015__T2__1188-1188-133604-0015__HSIMV2__2830-2830-3980-0038__SIRm3,1188,2830,10,0.0,0.0,0.0,0.0,0.0,47.60550903695328,18.779708165849428
2830-3979-0000_5142-36377-0004__T1__2830-2830-3979-0000__HSIMV2__1188-1188-133604-0033__SIRm3,2830,5142,11,0.0,0.0,0.0,0.0,0.0,49.68213647315163,19.173669222103616
2830-3979-0000_5142-36377-0004__T2__5142-5142-36377-0004__HSIMV2__4970-4970-29093-0001__SIRm3,5142,2830,9,0.0,0.0,0.0,0.0,0.0,55.105459014635315,20.08232938893519
2830-3979-0002_1188-133604-0013__T1__2830-2830-3979-0002__HSIMV2__1188-1188-133604-0012__SIRm3,2830,1188,7,0.0,0.0,0.0,0.0,0.0,62.8098256581455,18.939291744758453
2830-3979-0002_1188-133604-0013__T2__1188-1188-133604-0013__HSIMV2__2830-2830-3980-0042__SIRm3,1188,2830,5,0.0,0.0,0.0,0.0,0.0,44.86741810287035,16.55327211785297
2830-3979-0002_237-126133-0018__T1__2830-2830-3979-0002__HSIMV2__1188-1188-133604-0040__SIRm3,2830,237,5,0.0,0.0,0.0,0.0,0.0,47.75966762952024,18.37229433216498
2830-3979-0002_237-126133-0018__T2__237-237-126133-0018__HSIMV2__5683-5683-32866-0007__SIRm3,237,2830,7,0.0,0.0,0.0,0.0,0.0,54.74893196324933,21.21756393037893
2830-3979-0002_260-123288-0017__T1__2830-2830-3979-0002__HSIMV2__8230-8230-279154-0026__SIRm3,2830,260,7,0.0,0.0,0.0,0.0,0.0,50.00389008053168,19.49421301116752
2830-3979-0002_260-123288-0017__T2__260-260-123288-0017__HSIMV2__6930-6930-75918-0018__SIRm3,260,2830,9,0.0,0.0,0.0,0.0,0.0,51.98253594034588,17.284481350646086
2830-3979-0006_237-126133-0014__T1__2830-2830-3979-0006__HSIMV2__1188-1188-133604-0039__SIRm3,2830,237,8,0.0,0.0,0.0,0.0,0.0,48.47434525920441,19.97667727786662
2830-3979-0006_237-126133-0014__T2__237-237-126133-0014__HSIMV2__1580-1580-141083-0006__SIRm3,237,2830,12,0.0,0.0,0.0,0.0,0.0,48.2876081941871,18.072215070833263
2830-3979-0007_3575-170457-0045__T1__2830-2830-3979-0007__HSIMV2__1188-1188-133604-0004__SIRm3,2830,3575,20,0.0,0.05,0.0,0.0,0.0,48.40023256897351,17.935230795163747
2830-3979-0007_3575-170457-0045__T2__3575-3575-170457-0045__HSIMV2__237-237-134500-0040__SIRm3,3575,2830,7,0.0,0.0,0.0,0.0,0.0,54.558773207667095,20.962793785140644
2830-3979-0008_672-122797-0026__T1__2830-2830-3979-0008__HSIMV2__1188-1188-133604-0029__SIRm3,2830,672,6,0.0,0.0,0.0,0.0,0.0,42.4540564512849,17.455903117199163
2830-3979-0008_672-122797-0026__T2__672-672-122797-0026__HSIMV2__260-260-123288-0026__SIRm3,672,2830,26,0.0,0.0,0.0,0.0,0.0,49.82179747279162,19.140379346107576
2830-3979-0009_1580-141083-0026__T1__2830-2830-3979-0009__HSIMV2__1188-1188-133604-0027__SIRm3,2830,1580,15,0.0,0.0,0.0,0.0,0.0,55.60698371674597,20.16135162307541
2830-3979-0009_1580-141083-0026__T2__1580-1580-141083-0026__HSIMV2__237-237-126133-0004__SIRm3,1580,2830,5,0.0,0.0,0.0,0.0,0.0,50.9389877287502,19.824556564380124
2830-3979-0011_1580-141084-0010__T1__2830-2830-3979-0011__HSIMV2__1188-1188-133604-0041__SIRm3,2830,1580,17,0.0,0.0,0.0,0.0,0.0,47.94818856318856,18.73815814628103
2830-3979-0011_1580-141084-0010__T2__1580-1580-141084-0010__HSIMV2__237-237-126133-0009__SIRm3,1580,2830,6,0.0,0.0,0.0,0.0,0.0,52.336398644106964,21.111506628352608
2830-3979-0011_672-122797-0024__T1__2830-2830-3979-0011__HSIMV2__8230-8230-279154-0012__SIRm3,2830,672,6,0.0,0.0,0.0,0.0,0.0,53.02404411282762,19.333789278978177
2830-3979-0011_672-122797-0024__T2__672-672-122797-0024__HSIMV2__1320-1320-122612-0009__SIRm3,672,2830,6,0.0,0.0,0.0,0.16666666666666666,0.0,32.37454879840552,7.141371451427471
2830-3980-0000_1284-1181-0005__T1__2830-2830-3980-0000__HSIMV2__1188-1188-133604-0041__SIRm3,2830,1284,6,0.0,0.0,0.0,0.0,0.0,43.58721857660351,17.289414461363833
2830-3980-0000_1284-1181-0005__T2__1284-1284-1181-0005__HSIMV2__1580-1580-141084-0021__SIRm3,1284,2830,6,0.0,0.0,0.0,0.0,0.0,56.2749873206775,18.839255861216863
2830-3980-0000_3575-170457-0028__T1__2830-2830-3980-0000__HSIMV2__1188-1188-133604-0010__SIRm3,2830,3575,6,0.0,0.0,0.0,0.0,0.0,51.487622709954614,18.424016192146013
2830-3980-0000_3575-170457-0028__T2__3575-3575-170457-0028__HSIMV2__237-237-126133-0000__SIRm3,3575,2830,10,0.0,0.0,0.0,0.0,0.0,66.46212784986236,22.19192383202444
2830-3980-0004_4446-2275-0008__T1__2830-2830-3980-0004__HSIMV2__1188-1188-133604-0018__SIRm3,2830,4446,6,0.0,0.0,0.0,0.0,0.0,36.59535324394441,18.319130683757653
2830-3980-0004_4446-2275-0008__T2__4446-4446-2275-0008__HSIMV2__4992-4992-23283-0017__SIRm3,4446,2830,7,0.0,0.0,0.0,0.0,0.0,51.97986378368142,19.510175115102133
2830-3980-0004_61-70968-0008__T1__2830-2830-3980-0004__HSIMV2__1188-1188-133604-0000__SIRm3,2830,61,6,0.0,0.0,0.0,0.0,0.0,37.753209312379724,16.687041134243053
2830-3980-0004_61-70968-0008__T2__61-61-70968-0008__HSIMV2__8230-8230-279154-0021__SIRm3,61,2830,6,0.0,0.0,0.0,0.0,0.0,36.66491154429341,9.149899895838075
2830-3980-0005_5142-33396-0003__T1__2830-2830-3980-0005__HSIMV2__1188-1188-133604-0027__SIRm3,2830,5142,11,0.0,0.0,0.0,0.0,0.0,44.94914285513484,17.108638299885854
2830-3980-0005_5142-33396-0003__T2__5142-5142-33396-0003__HSIMV2__4970-4970-29093-0010__SIRm3,5142,2830,5,0.0,0.0,0.0,0.0,0.0,48.420166891410155,17.02555058095162
2830-3980-0006_7127-75946-0014__T1__2830-2830-3980-0006__HSIMV2__1188-1188-133604-0011__SIRm3,2830,7127,11,0.0,0.0,0.0,0.0,0.0,55.9498154753042,18.584219342001543
2830-3980-0006_7127-75946-0014__T2__7127-7127-75946-0014__HSIMV2__8455-8455-210777-0005__SIRm3,7127,2830,10,0.0,0.0,0.0,0.0,0.0,46.865533939108836,17.01888703250254
2830-3980-0007_5142-33396-0026__T1__2830-2830-3980-0007__HSIMV2__1188-1188-133604-0016__SIRm3,2830,5142,19,0.05263157894736842,0.0,0.0,0.0,0.0,54.26543190571542,18.526579872278617
2830-3980-0007_5142-33396-0026__T2__5142-5142-33396-0026__HSIMV2__4970-4970-29093-0014__SIRm3,5142,2830,5,0.6,0.4,0.4,0.6,0.4,-15.219147110561462,-6.725036381201315
2830-3980-0007_6829-68769-0014__T1__2830-2830-3980-0007__HSIMV2__1188-1188-133604-0024__SIRm3,2830,6829,19,0.0,0.0,0.0,0.0,0.0,50.17418616627625,19.64027339883364
2830-3980-0007_6829-68769-0014__T2__6829-6829-68769-0014__HSIMV2__4970-4970-29093-0022__SIRm3,6829,2830,6,0.0,0.0,0.0,0.0,0.0,59.56988848420969,21.35728717112715
2830-3980-0007_7176-88083-0000__T1__2830-2830-3980-0007__HSIMV2__1188-1188-133604-0032__SIRm3,2830,7176,18,0.05555555555555555,0.0,0.0,0.0,0.0,54.036047949921056,19.167313896861486
2830-3980-0007_7176-88083-0000__T2__7176-7176-88083-0000__HSIMV2__61-61-70968-0040__SIRm3,7176,2830,6,0.5,0.8333333333333334,0.5,0.6666666666666666,0.5,-1.0747075497971406,2.7974721094881945
2830-3980-0008_121-127105-0013__T1__2830-2830-3980-0008__HSIMV2__1188-1188-133604-0014__SIRm3,2830,121,7,0.0,0.0,0.0,0.0,0.0,45.59009459010814,17.780177277395456
2830-3980-0008_121-127105-0013__T2__121-121-127105-0013__HSIMV2__237-237-134500-0040__SIRm3,121,2830,7,0.0,0.0,0.0,0.0,0.0,48.30925245005111,17.09571976555682
2830-3980-0009_260-123286-0015__T1__2830-2830-3980-0009__HSIMV2__1188-1188-133604-0025__SIRm3,2830,260,6,0.0,0.0,0.0,0.0,0.0,61.866177019048855,20.51359342523727
2830-3980-0009_260-123286-0015__T2__260-260-123286-0015__HSIMV2__6930-6930-81414-0022__SIRm3,260,2830,7,0.14285714285714285,0.0,0.0,0.0,0.0,49.60262974475123,19.420997383130608
2830-3980-0011_2300-131720-0027__T1__2830-2830-3980-0011__HSIMV2__1188-1188-133604-0014__SIRm3,2830,2300,7,0.0,0.0,0.0,0.0,0.0,50.49923728496485,15.850957929275772
2830-3980-0011_2300-131720-0027__T2__2300-2300-131720-0027__HSIMV2__61-61-70968-0009__SIRm3,2300,2830,8,0.0,0.0,0.0,0.0,0.0,43.276435086104584,16.00845921498684
2830-3980-0012_1320-122617-0027__T1__2830-2830-3980-0012__HSIMV2__8230-8230-279154-0028__SIRm3,2830,1320,5,0.0,0.0,0.0,0.0,0.0,55.46671914656595,18.66739904415362
2830-3980-0012_1320-122617-0027__T2__1320-1320-122617-0027__HSIMV2__8455-8455-210777-0001__SIRm3,1320,2830,10,0.0,0.0,0.0,0.0,0.0,47.72625628568987,17.03500679693248
2830-3980-0012_5105-28233-0010__T1__2830-2830-3980-0012__HSIMV2__1188-1188-133604-0039__SIRm3,2830,5105,5,0.0,0.0,0.0,0.0,0.0,41.37801619679265,16.690087420868444
2830-3980-0012_5105-28233-0010__T2__5105-5105-28233-0010__HSIMV2__1320-1320-122617-0010__SIRm3,5105,2830,19,0.0,0.0,0.0,0.0,0.0,53.203573085323626,19.828631002841377
2830-3980-0012_6930-81414-0010__T1__2830-2830-3980-0012__HSIMV2__1188-1188-133604-0011__SIRm3,2830,6930,5,0.0,0.0,0.0,0.0,0.0,47.164978007238275,17.662225204413993
2830-3980-0012_6930-81414-0010__T2__6930-6930-81414-0010__HSIMV2__260-260-123286-0019__SIRm3,6930,2830,6,0.0,0.0,0.0,0.0,0.0,31.122921495159417,6.840059999573967
2830-3980-0018_260-123286-0006__T1__2830-2830-3980-0018__HSIMV2__8230-8230-279154-0018__SIRm3,2830,260,5,0.0,0.0,0.0,0.0,0.0,51.32184405909038,17.96102584052891
2830-3980-0018_260-123286-0006__T2__260-260-123286-0006__HSIMV2__6930-6930-81414-0020__SIRm3,260,2830,9,0.0,0.0,0.0,0.0,0.0,59.21669953553161,21.30256207282697
2830-3980-0018_5105-28233-0003__T1__2830-2830-3980-0018__HSIMV2__1188-1188-133604-0014__SIRm3,2830,5105,5,0.0,0.0,0.0,0.0,0.0,44.57591388265766,18.2991908982113
2830-3980-0018_5105-28233-0003__T2__5105-5105-28233-0003__HSIMV2__1320-1320-122617-0036__SIRm3,5105,2830,23,0.0,0.0,0.0,0.0,0.0,54.478193957649694,20.389641693368187
2830-3980-0019_7021-79730-0009__T1__2830-2830-3980-0019__HSIMV2__1188-1188-133604-0003__SIRm3,2830,7021,13,0.0,0.0,0.0,0.0,0.0,40.30504362629499,15.78851142710651
2830-3980-0019_7021-79730-0009__T2__7021-7021-79730-0009__HSIMV2__5105-5105-28241-0009__SIRm3,7021,2830,13,0.0,0.0,0.0,0.0,0.0,53.990738021221546,20.250419703266942
2830-3980-0022_8555-292519-0010__T1__2830-2830-3980-0022__HSIMV2__1188-1188-133604-0001__SIRm3,2830,8555,4,0.0,0.0,0.0,0.0,0.0,47.19348354201931,17.45940621069031
2830-3980-0022_8555-292519-0010__T2__8555-8555-292519-0010__HSIMV2__4970-4970-29095-0020__SIRm3,8555,2830,10,1.0,1.0,1.0,1.0,1.0,-52.43771443788607,-37.04741259761399
2830-3980-0024_1188-133604-0000__T1__2830-2830-3980-0024__HSIMV2__1188-1188-133604-0037__SIRm3,2830,1188,6,0.0,0.0,0.0,0.0,0.0,51.36933652813706,18.418818465337417
2830-3980-0024_1188-133604-0000__T2__1188-1188-133604-0000__HSIMV2__2830-2830-3980-0030__SIRm3,1188,2830,9,0.1111111111111111,0.0,0.0,0.0,0.0,39.15010434278068,15.075768167656836
2830-3980-0025_1995-1826-0001__T1__2830-2830-3980-0025__HSIMV2__1188-1188-133604-0016__SIRm3,2830,1995,16,0.0,0.0,0.0,0.0,0.0,49.08019647794989,17.394789259716656
2830-3980-0025_1995-1826-0001__T2__1995-1995-1826-0001__HSIMV2__2094-2094-142345-0035__SIRm3,1995,2830,6,0.0,0.0,0.0,0.0,0.0,45.32306244079911,19.16006308679093
2830-3980-0028_6829-68771-0000__T1__2830-2830-3980-0028__HSIMV2__1188-1188-133604-0036__SIRm3,2830,6829,6,0.0,0.0,0.0,0.0,0.0,49.151944331700996,18.74432112593705
2830-3980-0028_6829-68771-0000__T2__6829-6829-68771-0000__HSIMV2__4970-4970-29095-0018__SIRm3,6829,2830,23,0.0,0.0,0.0,0.0,0.0,56.35483419941357,19.632934786663
2830-3980-0031_1089-134686-0025__T1__2830-2830-3980-0031__HSIMV2__8230-8230-279154-0000__SIRm3,2830,1089,15,0.0,0.0,0.0,0.0,0.0,43.17919665574758,16.82315051425457
2830-3980-0031_1089-134686-0025__T2__1089-1089-134686-0025__HSIMV2__8230-8230-279154-0041__SIRm3,1089,2830,12,0.0,0.0,0.0,0.0,0.0,44.99811839514791,17.488727807618304
2830-3980-0032_237-134500-0010__T1__2830-2830-3980-0032__HSIMV2__1188-1188-133604-0032__SIRm3,2830,237,12,0.0,0.0,0.0,0.0,0.0,49.72112009168285,18.843004047042307
2830-3980-0032_237-134500-0010__T2__237-237-134500-0010__HSIMV2__5683-5683-32866-0024__SIRm3,237,2830,6,0.0,0.0,0.0,0.0,0.0,48.73186342954159,17.698668077759052
2830-3980-0032_4507-16021-0022__T1__2830-2830-3980-0032__HSIMV2__1188-1188-133604-0012__SIRm3,2830,4507,13,0.0,0.0,0.0,0.0,0.0,47.96578494356796,18.483152607505257
2830-3980-0032_4507-16021-0022__T2__4507-4507-16021-0022__HSIMV2__3729-3729-6852-0038__SIRm3,4507,2830,10,0.0,0.0,0.0,0.0,0.0,50.558452849129125,18.42063181845544
2830-3980-0032_8463-294828-0006__T1__2830-2830-3980-0032__HSIMV2__1188-1188-133604-0000__SIRm3,2830,8463,13,0.0,0.07692307692307693,0.0,0.0,0.0,50.854076823962565,18.510449565618263
2830-3980-0032_8463-294828-0006__T2__8463-8463-294828-0006__HSIMV2__4992-4992-23283-0014__SIRm3,8463,2830,8,0.0,0.0,0.0,0.0,0.0,44.73671675859004,17.924281861353673
2830-3980-0035_3575-170457-0019__T1__2830-2830-3980-0035__HSIMV2__1188-1188-133604-0031__SIRm3,2830,3575,5,0.0,0.0,0.0,0.0,0.0,50.07797435951829,19.06874942120115
2830-3980-0035_3575-170457-0019__T2__3575-3575-170457-0019__HSIMV2__237-237-134500-0013__SIRm3,3575,2830,11,0.0,0.09090909090909091,0.0,0.0,0.0,51.354668447771544,16.903341067005073
2830-3980-0035_6930-75918-0020__T1__2830-2830-3980-0035__HSIMV2__1188-1188-133604-0012__SIRm3,2830,6930,5,0.0,0.0,0.0,0.0,0.0,50.35483258053955,18.318205877914515
2830-3980-0035_6930-75918-0020__T2__6930-6930-75918-0020__HSIMV2__260-260-123286-0029__SIRm3,6930,2830,8,0.0,0.0,0.0,0.0,0.0,44.296239566840626,17.072446561845133
2830-3980-0036_1284-1180-0001__T1__2830-2830-3980-0036__HSIMV2__1188-1188-133604-0017__SIRm3,2830,1284,8,0.0,0.0,0.0,0.0,0.0,42.77612781734035,17.86071920152222
2830-3980-0036_1284-1180-0001__T2__1284-1284-1180-0001__HSIMV2__1580-1580-141084-0014__SIRm3,1284,2830,6,0.0,0.0,0.0,0.0,0.0,59.44051054514174,20.40584858672758
2830-3980-0036_6930-76324-0002__T1__2830-2830-3980-0036__HSIMV2__1188-1188-133604-0003__SIRm3,2830,6930,10,0.0,0.0,0.0,0.0,0.0,48.09418078038014,17.075329227159724
2830-3980-0036_6930-76324-0002__T2__6930-6930-76324-0002__HSIMV2__260-260-123440-0018__SIRm3,6930,2830,6,0.0,0.0,0.0,0.0,0.0,57.36482357899839,20.66217571150532
2830-3980-0037_1089-134691-0023__T1__2830-2830-3980-0037__HSIMV2__1188-1188-133604-0041__SIRm3,2830,1089,11,0.09090909090909091,0.0,0.0,0.0,0.0,50.012068287513536,18.026125258158785
2830-3980-0037_1089-134691-0023__T2__1089-1089-134691-0023__HSIMV2__8230-8230-279154-0020__SIRm3,1089,2830,14,0.0,0.0,0.0,0.0,0.0,51.652590052013124,17.70863878403788
2830-3980-0037_4970-29095-0020__T1__2830-2830-3980-0037__HSIMV2__1188-1188-133604-0040__SIRm3,2830,4970,5,0.0,0.0,0.0,0.0,0.0,46.694496165706155,17.168590056141646
2830-3980-0037_4970-29095-0020__T2__4970-4970-29095-0020__HSIMV2__6829-6829-68769-0052__SIRm3,4970,2830,8,0.0,0.0,0.0,0.0,0.0,47.43278974074583,19.37115528924646
2830-3980-0038_121-127105-0007__T1__2830-2830-3980-0038__HSIMV2__1188-1188-133604-0022__SIRm3,2830,121,10,0.0,0.0,0.0,0.0,0.0,48.47871212123455,18.195428210052217
2830-3980-0038_121-127105-0007__T2__121-121-127105-0007__HSIMV2__237-237-126133-0008__SIRm3,121,2830,6,1.0,1.0,1.0,1.0,1.0,-36.52659604873007,-16.283391482675192
2830-3980-0038_4077-13754-0006__T1__2830-2830-3980-0038__HSIMV2__1188-1188-133604-0005__SIRm3,2830,4077,10,0.0,0.0,0.0,0.0,0.0,43.13035803884107,16.87481864472684
2830-3980-0038_4077-13754-0006__T2__4077-4077-13754-0006__HSIMV2__8455-8455-210777-0031__SIRm3,4077,2830,14,0.0,0.0,0.0,0.0,0.0,46.64797713830705,16.5798899680658
2830-3980-0041_237-126133-0008__T1__2830-2830-3980-0041__HSIMV2__8230-8230-279154-0024__SIRm3,2830,237,8,0.0,0.0,0.0,0.0,0.0,62.72700757885828,20.77765556136216
2830-3980-0041_237-126133-0008__T2__237-237-126133-0008__HSIMV2__3575-3575-170457-0003__SIRm3,237,2830,6,0.0,0.0,0.0,0.0,0.0,62.72085391833431,20.901087680292925
2830-3980-0041_4970-29095-0036__T1__2830-2830-3980-0041__HSIMV2__1188-1188-133604-0017__SIRm3,2830,4970,8,0.0,0.0,0.0,0.0,0.0,54.78382151361936,17.588323630622398
2830-3980-0041_4970-29095-0036__T2__4970-4970-29095-0036__HSIMV2__6829-6829-68769-0023__SIRm3,4970,2830,8,0.0,0.0,0.0,0.0,0.0,57.55154676874291,19.54029722059979
2830-3980-0041_7021-79740-0004__T1__2830-2830-3980-0041__HSIMV2__1188-1188-133604-0024__SIRm3,2830,7021,8,0.0,0.0,0.0,0.0,0.0,49.27440834773428,18.73947592753891
2830-3980-0041_7021-79740-0004__T2__7021-7021-79740-0004__HSIMV2__5105-5105-28233-0009__SIRm3,7021,2830,11,0.0,0.0,0.0,0.0,0.0,54.537062098342766,19.80787499975238
2830-3980-0042_260-123288-0022__T1__2830-2830-3980-0042__HSIMV2__8230-8230-279154-0029__SIRm3,2830,260,5,0.0,0.0,0.0,0.0,0.0,49.84052749343117,19.29447983524907
2830-3980-0042_260-123288-0022__T2__260-260-123288-0022__HSIMV2__1320-1320-122617-0016__SIRm3,260,2830,6,0.0,0.16666666666666666,0.0,0.0,0.0,27.18442992290815,15.030729786865216
2830-3980-0042_2961-960-0001__T1__2830-2830-3980-0042__HSIMV2__1188-1188-133604-0003__SIRm3,2830,2961,5,0.0,0.0,0.0,0.0,0.0,45.035904935459136,17.989554607042386
2830-3980-0042_2961-960-0001__T2__2961-2961-960-0001__HSIMV2__3570-3570-5695-0000__SIRm3,2961,2830,8,0.0,0.0,0.0,0.0,0.0,59.27379813224994,20.93793022506229
2830-3980-0044_5639-40744-0028__T1__2830-2830-3980-0044__HSIMV2__1188-1188-133604-0003__SIRm3,2830,5639,5,0.0,0.0,0.0,0.0,0.0,40.06650750779287,16.244994767356907
2830-3980-0044_5639-40744-0028__T2__5639-5639-40744-0028__HSIMV2__1089-1089-134686-0036__SIRm3,5639,2830,5,0.0,0.0,0.0,0.0,0.0,52.37021407504761,19.00680387486082
2830-3980-0045_237-126133-0019__T1__2830-2830-3980-0045__HSIMV2__1188-1188-133604-0041__SIRm3,2830,237,6,0.0,0.0,0.0,0.0,0.0,52.926872526614424,18.24012794814514
2830-3980-0045_237-126133-0019__T2__237-237-126133-0019__HSIMV2__5683-5683-32865-0006__SIRm3,237,2830,5,0.0,0.0,0.0,0.0,0.0,48.65957139682917,16.017916413471944
2830-3980-0045_260-123288-0010__T1__2830-2830-3980-0045__HSIMV2__1188-1188-133604-0014__SIRm3,2830,260,6,0.0,0.0,0.0,0.0,0.0,61.22084015298514,19.847256425673216
2830-3980-0045_260-123288-0010__T2__260-260-123288-0010__HSIMV2__672-672-122797-0068__SIRm3,260,2830,7,0.0,0.14285714285714285,0.0,0.0,0.0,45.068444725976086,17.927686508683106
2830-3980-0047_1284-1181-0013__T1__2830-2830-3980-0047__HSIMV2__1188-1188-133604-0038__SIRm3,2830,1284,9,0.0,0.0,0.0,0.0,0.0,61.887502602903936,18.650479777445568
2830-3980-0047_1284-1181-0013__T2__1284-1284-1181-0013__HSIMV2__1580-1580-141083-0035__SIRm3,1284,2830,8,0.0,0.0,0.0,0.0,0.0,59.431067279248865,19.74967281584573
2830-3980-0047_3729-6852-0022__T1__2830-2830-3980-0047__HSIMV2__1188-1188-133604-0017__SIRm3,2830,3729,8,0.0,0.0,0.0,0.0,0.0,41.80090250438104,16.613861326781986
2830-3980-0047_3729-6852-0022__T2__3729-3729-6852-0022__HSIMV2__4507-4507-16021-0021__SIRm3,3729,2830,15,0.0,0.0,0.0,0.0,0.0,49.85881372683094,18.7777333307415
2830-3980-0048_6829-68771-0010__T1__2830-2830-3980-0048__HSIMV2__8230-8230-279154-0015__SIRm3,2830,6829,15,0.0,0.0,0.0,0.0,0.0,46.3904587321257,17.650821638499295
2830-3980-0048_6829-68771-0010__T2__6829-6829-68771-0010__HSIMV2__4446-4446-2273-0027__SIRm3,6829,2830,6,0.0,0.0,0.0,0.0,0.0,44.87386744074444,16.391907203301677
2830-3980-0048_6930-76324-0003__T1__2830-2830-3980-0048__HSIMV2__1188-1188-133604-0005__SIRm3,2830,6930,16,0.0,0.0,0.0,0.0,0.0,44.06055437220266,17.427966203710987
2830-3980-0048_6930-76324-0003__T2__6930-6930-76324-0003__HSIMV2__260-260-123288-0022__SIRm3,6930,2830,5,0.0,0.0,0.0,0.0,0.0,51.862762316394836,18.58795017639988
2830-3980-0048_8555-292519-0007__T1__2830-2830-3980-0048__HSIMV2__1188-1188-133604-0005__SIRm3,2830,8555,16,0.0,0.0,0.0,0.0,0.0,44.057131398976594,17.430384384171752
2830-3980-0048_8555-292519-0007__T2__8555-8555-292519-0007__HSIMV2__4970-4970-29095-0003__SIRm3,8555,2830,15,0.0,0.0,0.0,0.0,0.0,57.57272783378413,22.37291708398913
2830-3980-0049_672-122797-0069__T1__2830-2830-3980-0049__HSIMV2__1188-1188-133604-0011__SIRm3,2830,672,5,0.0,0.0,0.0,0.0,0.0,46.40105340146056,18.250078778222097
2830-3980-0049_672-122797-0069__T2__672-672-122797-0069__HSIMV2__260-260-123440-0005__SIRm3,672,2830,5,0.0,0.0,0.0,0.0,0.0,53.38982331367623,18.37465933985835
2830-3980-0050_260-123286-0000__T1__2830-2830-3980-0050__HSIMV2__1188-1188-133604-0041__SIRm3,2830,260,13,0.0,0.0,0.0,0.0,0.0,52.63861109304405,18.657012188701007
2830-3980-0050_260-123286-0000__T2__260-260-123286-0000__HSIMV2__672-672-122797-0072__SIRm3,260,2830,13,0.07692307692307693,0.23076923076923078,0.07692307692307693,0.0,0.0,53.28993089179864,18.82722688158133
2830-3980-0050_672-122797-0025__T1__2830-2830-3980-0050__HSIMV2__1188-1188-133604-0010__SIRm3,2830,672,11,0.0,0.0,0.0,0.0,0.0,45.194808558257925,18.241858206848324
2830-3980-0050_672-122797-0025__T2__672-672-122797-0025__HSIMV2__260-260-123286-0002__SIRm3,672,2830,18,0.0,0.0,0.0,0.0,0.0,50.13315047139068,18.89402032664537
2830-3980-0051_4446-2273-0029__T1__2830-2830-3980-0051__HSIMV2__1188-1188-133604-0040__SIRm3,2830,4446,5,0.0,0.0,0.0,0.0,0.0,47.60461413893847,17.615481039136714
2830-3980-0051_4446-2273-0029__T2__4446-4446-2273-0029__HSIMV2__1284-1284-1180-0024__SIRm3,4446,2830,5,0.0,0.0,0.0,0.0,0.0,59.323533185157075,20.349576591611765
2830-3980-0051_7176-92135-0032__T1__2830-2830-3980-0051__HSIMV2__1188-1188-133604-0017__SIRm3,2830,7176,8,0.0,0.0,0.0,0.0,0.0,35.612324026658506,14.44644229413231
2830-3980-0051_7176-92135-0032__T2__7176-7176-92135-0032__HSIMV2__61-61-70968-0003__SIRm3,7176,2830,5,0.2,0.2,0.2,0.2,0.0,26.109717570008456,5.574885672701712
2830-3980-0052_1089-134691-0020__T1__2830-2830-3980-0052__HSIMV2__8230-8230-279154-0011__SIRm3,2830,1089,8,0.0,0.0,0.0,0.0,0.0,49.21641007550831,18.44930652999458
2830-3980-0052_1089-134691-0020__T2__1089-1089-134691-0020__HSIMV2__8230-8230-279154-0023__SIRm3,1089,2830,6,0.0,0.0,0.0,0.0,0.0,39.533433173434396,20.372017259825075
2830-3980-0052_4507-16021-0008__T1__2830-2830-3980-0052__HSIMV2__1188-1188-133604-0017__SIRm3,2830,4507,8,0.0,0.0,0.0,0.0,0.0,48.651369515403736,18.02865072892046
2830-3980-0052_4507-16021-0008__T2__4507-4507-16021-0008__HSIMV2__3729-3729-6852-0024__SIRm3,4507,2830,6,0.0,0.0,0.0,0.0,0.0,56.79556348917723,21.89516184294477
2830-3980-0052_8455-210777-0035__T1__2830-2830-3980-0052__HSIMV2__1188-1188-133604-0013__SIRm3,2830,8455,5,0.0,0.0,0.0,0.0,0.0,60.06215309837768,19.03056198912598
2830-3980-0052_8455-210777-0035__T2__8455-8455-210777-0035__HSIMV2__1320-1320-122617-0030__SIRm3,8455,2830,6,0.0,0.0,0.0,0.0,0.0,49.419269456221876,20.025561357799944
2830-3980-0053_1284-1180-0009__T1__2830-2830-3980-0053__HSIMV2__1188-1188-133604-0018__SIRm3,2830,1284,9,0.0,0.0,0.0,0.0,0.0,53.80607433882315,18.525112912698223
2830-3980-0053_1284-1180-0009__T2__1284-1284-1180-0009__HSIMV2__4446-4446-2273-0003__SIRm3,1284,2830,11,0.0,0.0,0.0,0.0,0.0,58.968465773234676,19.953681286697048
2830-3980-0053_1995-1837-0007__T1__2830-2830-3980-0053__HSIMV2__1188-1188-133604-0004__SIRm3,2830,1995,9,0.0,0.0,0.0,0.0,0.0,49.774320853246074,17.42594435448346
2830-3980-0053_1995-1837-0007__T2__1995-1995-1837-0007__HSIMV2__2094-2094-142345-0053__SIRm3,1995,2830,5,0.0,0.0,0.0,0.0,0.0,51.99671961789581,20.484261049383065
2830-3980-0053_6930-81414-0020__T1__2830-2830-3980-0053__HSIMV2__8230-8230-279154-0015__SIRm3,2830,6930,9,0.0,0.0,0.0,0.0,0.0,52.663603434640464,18.804059904248525
2830-3980-0053_6930-81414-0020__T2__6930-6930-81414-0020__HSIMV2__1320-1320-122617-0034__SIRm3,6930,2830,9,0.0,0.0,0.0,0.0,0.0,53.083726419227375,19.57658725613796
2830-3980-0053_7127-75946-0008__T1__2830-2830-3980-0053__HSIMV2__1188-1188-133604-0016__SIRm3,2830,7127,9,0.0,0.0,0.0,0.0,0.0,54.72961530408663,17.81318295645692
2830-3980-0053_7127-75946-0008__T2__7127-7127-75946-0008__HSIMV2__8455-8455-210777-0057__SIRm3,7127,2830,7,0.0,0.0,0.0,0.0,0.0,44.06909827176047,16.582726678748603
2830-3980-0054_237-134500-0034__T1__2830-2830-3980-0054__HSIMV2__1188-1188-133604-0032__SIRm3,2830,237,18,0.0,0.0,0.0,0.0,0.0,49.15989867107282,17.73315136127859
2830-3980-0054_237-134500-0034__T2__237-237-134500-0034__HSIMV2__5683-5683-32879-0012__SIRm3,237,2830,5,0.0,0.0,0.0,0.0,0.0,44.42989988678061,16.063184068659226
2830-3980-0054_3575-170457-0020__T1__2830-2830-3980-0054__HSIMV2__1188-1188-133604-0025__SIRm3,2830,3575,13,0.0,0.0,0.0,0.0,0.0,46.968412204569745,19.939177098255705
2830-3980-0054_3575-170457-0020__T2__3575-3575-170457-0020__HSIMV2__237-237-126133-0023__SIRm3,3575,2830,12,0.0,0.0,0.0,0.0,0.0,48.610251703613834,19.512278532998817
2830-3980-0056_2961-961-0012__T1__2830-2830-3980-0056__HSIMV2__1188-1188-133604-0007__SIRm3,2830,2961,9,0.0,0.0,0.0,0.0,0.0,50.0451831511405,17.888241681085095
2830-3980-0056_2961-961-0012__T2__2961-2961-961-0012__HSIMV2__3570-3570-5695-0012__SIRm3,2961,2830,25,0.0,0.0,0.0,0.0,0.0,56.201266268106075,21.49424147379725
2830-3980-0061_5639-40744-0019__T1__2830-2830-3980-0061__HSIMV2__1188-1188-133604-0036__SIRm3,2830,5639,13,0.07692307692307693,0.0,0.0,0.0,0.0,47.906566989584284,17.19305399309854
2830-3980-0061_5639-40744-0019__T2__5639-5639-40744-0019__HSIMV2__1089-1089-134686-0032__SIRm3,5639,2830,7,0.0,0.0,0.0,0.0,0.0,51.97507550542129,18.523977147083468
2830-3980-0061_908-31957-0018__T1__2830-2830-3980-0061__HSIMV2__1188-1188-133604-0033__SIRm3,2830,908,12,0.0,0.0,0.0,0.0,0.0,44.447079979202094,17.457905779514615
2830-3980-0061_908-31957-0018__T2__908-908-31957-0018__HSIMV2__7176-7176-88083-0016__SIRm3,908,2830,6,0.0,0.0,0.0,0.0,0.0,40.534855908170044,15.145544119843626
2830-3980-0062_1995-1836-0013__T1__2830-2830-3980-0062__HSIMV2__1188-1188-133604-0031__SIRm3,2830,1995,7,0.0,0.0,0.0,0.0,0.0,56.27438098740466,19.61434361829617
2830-3980-0062_1995-1836-0013__T2__1995-1995-1836-0013__HSIMV2__2094-2094-142345-0014__SIRm3,1995,2830,9,0.0,0.0,0.0,0.0,0.0,49.36411064277445,16.879733387810976
2830-3980-0062_6829-68769-0034__T1__2830-2830-3980-0062__HSIMV2__1188-1188-133604-0029__SIRm3,2830,6829,6,0.0,0.0,0.0,0.0,0.0,47.11231254372416,16.402445874830043
2830-3980-0062_6829-68769-0034__T2__6829-6829-68769-0034__HSIMV2__4970-4970-29093-0019__SIRm3,6829,2830,11,0.0,0.0,0.0,0.0,0.0,50.19667845323019,18.65369346312297
2830-3980-0062_7021-79730-0009__T1__2830-2830-3980-0062__HSIMV2__1188-1188-133604-0005__SIRm3,2830,7021,9,0.0,0.0,0.0,0.0,0.0,47.14682805145808,17.857157174765042
2830-3980-0062_7021-79730-0009__T2__7021-7021-79730-0009__HSIMV2__5105-5105-28241-0016__SIRm3,7021,2830,11,0.0,0.0,0.0,0.0,0.0,61.23639580773395,20.81528943304845
2830-3980-0063_4446-2271-0024__T1__2830-2830-3980-0063__HSIMV2__8230-8230-279154-0026__SIRm3,2830,4446,9,0.0,0.0,0.0,0.0,0.0,45.673549041812066,17.5150210411073
2830-3980-0063_4446-2271-0024__T2__4446-4446-2271-0024__HSIMV2__4992-4992-23283-0010__SIRm3,4446,2830,5,0.4,0.4,0.4,0.4,0.4,14.117629820138614,4.210198463608554
2830-3980-0065_1320-122612-0011__T1__2830-2830-3980-0065__HSIMV2__1188-1188-133604-0013__SIRm3,2830,1320,5,0.0,0.0,0.0,0.0,0.0,51.5755436942715,19.09661264687786
2830-3980-0065_1320-122612-0011__T2__1320-1320-122612-0011__HSIMV2__5105-5105-28240-0021__SIRm3,1320,2830,23,0.08695652173913043,0.0,0.0,0.0,0.0,49.374761002927286,18.92227263350452
2830-3980-0066_1995-1837-0000__T1__2830-2830-3980-0066__HSIMV2__1188-1188-133604-0033__SIRm3,2830,1995,11,0.09090909090909091,0.0,0.0,0.0,0.0,47.34661450723567,17.695979325403222
2830-3980-0066_1995-1837-0000__T2__1995-1995-1837-0000__HSIMV2__2094-2094-142345-0025__SIRm3,1995,2830,6,0.0,0.0,0.0,0.0,0.0,68.36730176790991,16.061593868865078
2830-3980-0066_260-123286-0009__T1__2830-2830-3980-0066__HSIMV2__1188-1188-133604-0025__SIRm3,2830,260,11,0.0,0.09090909090909091,0.0,0.0,0.0,47.00728767183878,18.788932274758853
2830-3980-0066_260-123286-0009__T2__260-260-123286-0009__HSIMV2__672-672-122797-0004__SIRm3,260,2830,10,0.1,0.0,0.0,0.0,0.0,48.06769860641373,14.76018639906844
2830-3980-0068_2300-131720-0030__T1__2830-2830-3980-0068__HSIMV2__1188-1188-133604-0022__SIRm3,2830,2300,9,0.0,0.0,0.0,0.0,0.0,47.99867056406759,17.70690128168801
2830-3980-0068_2300-131720-0030__T2__2300-2300-131720-0030__HSIMV2__61-61-70968-0023__SIRm3,2300,2830,9,0.0,0.0,0.0,0.0,0.0,50.92883779489772,16.998102667742458
2830-3980-0069_1089-134686-0002__T1__2830-2830-3980-0069__HSIMV2__1188-1188-133604-0033__SIRm3,2830,1089,10,0.0,0.0,0.0,0.0,0.0,48.31526192263297,18.916392847605003
2830-3980-0069_1089-134686-0002__T2__1089-1089-134686-0002__HSIMV2__8230-8230-279154-0003__SIRm3,1089,2830,5,0.0,0.0,0.0,0.0,0.0,52.474796130601725,18.753536228260472
2830-3980-0070_3570-5694-0005__T1__2830-2830-3980-0070__HSIMV2__1188-1188-133604-0005__SIRm3,2830,3570,6,0.16666666666666666,0.0,0.0,0.0,0.0,53.47031116885617,18.218747182898987
2830-3980-0070_3570-5694-0005__T2__3570-3570-5694-0005__HSIMV2__4507-4507-16021-0023__SIRm3,3570,2830,15,0.0,0.0,0.0,0.0,0.0,59.46066533750165,21.856303342636345
2830-3980-0071_5142-33396-0024__T1__2830-2830-3980-0071__HSIMV2__1188-1188-133604-0012__SIRm3,2830,5142,6,0.0,0.0,0.0,0.0,0.0,55.0207100667053,18.446251567561337
2830-3980-0071_5142-33396-0024__T2__5142-5142-33396-0024__HSIMV2__4970-4970-29093-0007__SIRm3,5142,2830,9,0.0,0.0,0.0,0.0,0.0,49.953914690686155,18.34029384612485
2830-3980-0072_3575-170457-0021__T1__2830-2830-3980-0072__HSIMV2__1188-1188-133604-0011__SIRm3,2830,3575,8,0.0,0.0,0.0,0.0,0.0,46.27395958471851,17.620139407246086
2830-3980-0072_3575-170457-0021__T2__3575-3575-170457-0021__HSIMV2__237-237-134493-0006__SIRm3,3575,2830,7,0.0,0.14285714285714285,0.0,0.0,0.0,50.49341315321575,20.87321766302627
2830-3980-0072_6930-81414-0008__T1__2830-2830-3980-0072__HSIMV2__1188-1188-133604-0032__SIRm3,2830,6930,8,0.0,0.0,0.0,0.0,0.0,43.83033400703339,17.359200554731807
2830-3980-0072_6930-81414-0008__T2__6930-6930-81414-0008__HSIMV2__260-260-123288-0001__SIRm3,6930,2830,9,0.0,0.0,0.0,0.0,0.0,52.25691827898647,19.94601993099143
2830-3980-0073_2300-131720-0015__T1__2830-2830-3980-0073__HSIMV2__1188-1188-133604-0001__SIRm3,2830,2300,17,0.0,0.17647058823529413,0.0,0.0,0.0,44.62204953717295,17.87530088596708
2830-3980-0073_2300-131720-0015__T2__2300-2300-131720-0015__HSIMV2__61-61-70970-0007__SIRm3,2300,2830,7,0.0,0.0,0.0,0.0,0.0,44.280391967283585,17.395548881728914
2830-3980-0075_4507-16021-0002__T1__2830-2830-3980-0075__HSIMV2__1188-1188-133604-0012__SIRm3,2830,4507,10,0.0,0.0,0.0,0.0,0.0,53.53540086470938,17.980277353069365
2830-3980-0075_4507-16021-0002__T2__4507-4507-16021-0002__HSIMV2__3729-3729-6852-0046__SIRm3,4507,2830,5,0.0,0.0,0.0,0.0,0.0,53.101941464226876,19.099551827349348
2830-3980-0075_8463-294825-0003__T1__2830-2830-3980-0075__HSIMV2__8230-8230-279154-0027__SIRm3,2830,8463,10,0.0,0.0,0.0,0.0,0.0,46.26850836155293,17.1428430307352
2830-3980-0075_8463-294825-0003__T2__8463-8463-294825-0003__HSIMV2__4992-4992-23283-0019__SIRm3,8463,2830,12,0.0,0.0,0.0,0.0,0.0,57.91210973005249,18.66611062235979
2830-3980-0076_237-126133-0009__T1__2830-2830-3980-0076__HSIMV2__1188-1188-133604-0032__SIRm3,2830,237,8,0.0,0.0,0.0,0.0,0.0,48.940748147039855,18.16131154617649
2830-3980-0076_237-126133-0009__T2__237-237-126133-0009__HSIMV2__5683-5683-32879-0010__SIRm3,237,2830,6,0.0,0.0,0.0,0.0,0.0,54.10111055324533,18.734918514320903
2830-3980-0076_8463-287645-0002__T1__2830-2830-3980-0076__HSIMV2__1188-1188-133604-0033__SIRm3,2830,8463,8,0.0,0.0,0.0,0.0,0.0,51.07531485235785,19.12587765614616
2830-3980-0076_8463-287645-0002__T2__8463-8463-287645-0002__HSIMV2__4992-4992-23283-0009__SIRm3,8463,2830,15,0.0,0.0,0.0,0.0,0.0,47.205239256909316,18.02934240872185
2961-960-0005_6829-68771-0003__T1__2961-2961-960-0005__HSIMV2__3570-3570-5695-0006__SIRm3,2961,6829,13,0.0,0.0,0.0,0.0,0.0,56.475420552231945,21.050118430983563
2961-960-0005_6829-68771-0003__T2__6829-6829-68771-0003__HSIMV2__4446-4446-2271-0000__SIRm3,6829,2961,5,0.0,0.0,0.0,0.0,0.0,47.68620939960615,17.685814096502828
2961-960-0006_5683-32866-0028__T1__2961-2961-960-0006__HSIMV2__3570-3570-5694-0016__SIRm3,2961,5683,27,0.0,0.0,0.0,0.0,0.0,51.1763241465763,19.572437873982285
2961-960-0006_5683-32866-0028__T2__5683-5683-32866-0028__HSIMV2__237-237-126133-0016__SIRm3,5683,2961,7,0.0,0.0,0.0,0.0,0.0,38.03679147579571,18.04119490834896
2961-960-0007_3729-6852-0002__T1__2961-2961-960-0007__HSIMV2__3570-3570-5694-0014__SIRm3,2961,3729,14,0.0,0.0,0.0,0.0,0.0,49.90119922022343,17.829080328964796
2961-960-0007_3729-6852-0002__T2__3729-3729-6852-0002__HSIMV2__4507-4507-16021-0010__SIRm3,3729,2961,16,0.0,0.0,0.0,0.0,0.0,56.242160558243626,20.753227347669245
2961-960-0007_4446-2271-0020__T1__2961-2961-960-0007__HSIMV2__3570-3570-5695-0014__SIRm3,2961,4446,14,0.0,0.0,0.0,0.0,0.0,57.370691057425084,19.955271505100264
2961-960-0007_4446-2271-0020__T2__4446-4446-2271-0020__HSIMV2__4992-4992-41806-0001__SIRm3,4446,2961,14,0.9285714285714286,0.7142857142857143,0.7142857142857143,0.7142857142857143,0.6428571428571429,-5.048217802606406,0.3591626941008137
2961-960-0007_672-122797-0017__T1__2961-2961-960-0007__HSIMV2__3570-3570-5694-0018__SIRm3,2961,672,14,0.0,0.0,0.0,0.0,0.0,52.96306138506805,20.00367191546088
2961-960-0007_672-122797-0017__T2__672-672-122797-0017__HSIMV2__260-260-123286-0000__SIRm3,672,2961,8,0.875,0.75,0.75,1.0,0.75,-37.1868774344473,-22.299001292925222
2961-960-0008_7176-92135-0015__T1__2961-2961-960-0008__HSIMV2__3570-3570-5694-0002__SIRm3,2961,7176,20,0.0,0.0,0.0,0.0,0.0,54.566364327409055,19.50035232414108
2961-960-0008_7176-92135-0015__T2__7176-7176-92135-0015__HSIMV2__61-61-70968-0040__SIRm3,7176,2961,6,1.0,0.8333333333333334,0.8333333333333334,1.0,0.8333333333333334,-15.07238540225341,-7.968978911005486
2961-960-0009_1995-1826-0023__T1__2961-2961-960-0009__HSIMV2__3570-3570-5695-0009__SIRm3,2961,1995,9,0.0,0.0,0.0,0.0,0.0,46.42385617842622,17.703488208649713
2961-960-0009_1995-1826-0023__T2__1995-1995-1826-0023__HSIMV2__2094-2094-142345-0036__SIRm3,1995,2961,12,0.0,0.0,0.0,0.0,0.0,52.92552237026849,20.62029831947652
2961-960-0009_6829-68769-0027__T1__2961-2961-960-0009__HSIMV2__3570-3570-5695-0009__SIRm3,2961,6829,9,0.0,0.0,0.0,0.0,0.0,46.42512831305064,17.70234046422613
2961-960-0009_6829-68769-0027__T2__6829-6829-68769-0027__HSIMV2__4970-4970-29095-0004__SIRm3,6829,2961,5,0.2,0.4,0.2,0.0,0.0,9.50101316310545,7.022908051830802
2961-960-0012_6829-68771-0015__T1__2961-2961-960-0012__HSIMV2__3570-3570-5694-0020__SIRm3,2961,6829,12,0.0,0.0,0.0,0.0,0.0,50.00832960008275,20.34447713222504
2961-960-0012_6829-68771-0015__T2__6829-6829-68771-0015__HSIMV2__4970-4970-29093-0003__SIRm3,6829,2961,8,0.0,0.0,0.0,0.0,0.0,52.409313027339465,18.97240421283849
2961-960-0013_1089-134686-0035__T1__2961-2961-960-0013__HSIMV2__3570-3570-5694-0002__SIRm3,2961,1089,20,0.0,0.0,0.0,0.0,0.0,52.572872019853165,20.014209888679684
2961-960-0013_1089-134686-0035__T2__1089-1089-134686-0035__HSIMV2__8230-8230-279154-0034__SIRm3,1089,2961,5,0.0,0.0,0.0,0.0,0.0,48.421764084731194,20.302794199723483
2961-960-0014_2830-3980-0010__T1__2961-2961-960-0014__HSIMV2__3570-3570-5695-0006__SIRm3,2961,2830,13,0.0,0.0,0.0,0.0,0.0,51.88040690701162,19.871938182360857
2961-960-0014_2830-3980-0010__T2__2830-2830-3980-0010__HSIMV2__1188-1188-133604-0025__SIRm3,2830,2961,12,0.0,0.0,0.0,0.0,0.0,51.39123264926641,19.35462002025725
2961-960-0014_5105-28240-0002__T1__2961-2961-960-0014__HSIMV2__3570-3570-5696-0006__SIRm3,2961,5105,7,0.0,0.0,0.0,0.0,0.0,44.453201283579055,19.39900163876835
2961-960-0014_5105-28240-0002__T2__5105-5105-28240-0002__HSIMV2__1320-1320-122617-0011__SIRm3,5105,2961,7,0.0,0.0,0.0,0.0,0.0,46.90861254841426,19.10279599894923
2961-960-0014_7176-92135-0000__T1__2961-2961-960-0014__HSIMV2__3570-3570-5695-0010__SIRm3,2961,7176,8,0.0,0.0,0.0,0.0,0.0,60.0537733473068,20.05947742623177
2961-960-0014_7176-92135-0000__T2__7176-7176-92135-0000__HSIMV2__61-61-70970-0019__SIRm3,7176,2961,6,0.0,0.0,0.0,0.0,0.0,40.601847154813775,16.154438286345194
2961-960-0015_8555-284449-0001__T1__2961-2961-960-0015__HSIMV2__3570-3570-5696-0006__SIRm3,2961,8555,7,0.0,0.0,0.0,0.0,0.0,54.98445464386305,20.58269629829782
2961-960-0015_8555-284449-0001__T2__8555-8555-284449-0001__HSIMV2__4970-4970-29093-0018__SIRm3,8555,2961,16,0.0,0.0,0.0,0.0,0.0,56.120257626295114,22.080412277451007
2961-960-0016_4992-41806-0004__T1__2961-2961-960-0016__HSIMV2__3570-3570-5695-0002__SIRm3,2961,4992,14,0.0,0.0,0.0,0.0,0.0,57.775612724730955,20.369564094768027
2961-960-0016_4992-41806-0004__T2__4992-4992-41806-0004__HSIMV2__4446-4446-2273-0019__SIRm3,4992,2961,5,0.0,0.0,0.0,0.0,0.0,50.563785519638756,20.80081870121448
2961-960-0016_6829-68769-0005__T1__2961-2961-960-0016__HSIMV2__3570-3570-5695-0015__SIRm3,2961,6829,14,0.0,0.0,0.0,0.0,0.0,55.08063242055385,20.86177727852791
2961-960-0016_6829-68769-0005__T2__6829-6829-68769-0005__HSIMV2__4970-4970-29095-0014__SIRm3,6829,2961,5,0.0,0.0,0.0,0.0,0.0,26.50353342548816,8.37941888589613
2961-960-0017_6829-68769-0004__T1__2961-2961-960-0017__HSIMV2__3570-3570-5695-0009__SIRm3,2961,6829,9,0.0,0.0,0.0,0.0,0.0,53.70675561413826,20.82902941202737
2961-960-0017_6829-68769-0004__T2__6829-6829-68769-0004__HSIMV2__4970-4970-29095-0031__SIRm3,6829,2961,13,0.0,0.0,0.0,0.0,0.0,60.660588291118174,21.101527667612064
2961-960-0017_7729-102255-0014__T1__2961-2961-960-0017__HSIMV2__3570-3570-5695-0001__SIRm3,2961,7729,14,0.0,0.0,0.0,0.0,0.0,62.098109955030644,20.1399304044574
2961-960-0017_7729-102255-0014__T2__7729-7729-102255-0014__HSIMV2__7176-7176-92135-0043__SIRm3,7729,2961,9,0.0,0.0,0.0,0.0,0.0,46.94407953315879,16.727699232688877
2961-960-0018_6930-76324-0020__T1__2961-2961-960-0018__HSIMV2__3570-3570-5695-0003__SIRm3,2961,6930,9,0.0,0.0,0.0,0.0,0.0,65.15833396279166,20.9929389947441
2961-960-0018_6930-76324-0020__T2__6930-6930-76324-0020__HSIMV2__260-260-123288-0026__SIRm3,6930,2961,11,0.0,0.0,0.0,0.0,0.0,49.63175208903803,18.32455234959432
2961-960-0019_1320-122612-0007__T1__2961-2961-960-0019__HSIMV2__3570-3570-5694-0022__SIRm3,2961,1320,7,0.0,0.0,0.0,0.0,0.0,55.33639485100291,19.81925503829069
2961-960-0019_1320-122612-0007__T2__1320-1320-122612-0007__HSIMV2__5105-5105-28240-0000__SIRm3,1320,2961,9,0.0,0.0,0.0,0.0,0.0,55.81606282942448,18.42633250443518
2961-960-0020_2094-142345-0006__T1__2961-2961-960-0020__HSIMV2__3570-3570-5694-0022__SIRm3,2961,2094,7,0.0,0.0,0.0,0.0,0.0,53.43883414484143,20.38502222555651
2961-960-0020_2094-142345-0006__T2__2094-2094-142345-0006__HSIMV2__3729-3729-6852-0000__SIRm3,2094,2961,21,0.0,0.0,0.0,0.0,0.0,51.91469899443583,17.77209048176779
2961-960-0020_237-134493-0005__T1__2961-2961-960-0020__HSIMV2__3570-3570-5694-0010__SIRm3,2961,237,18,0.0,0.0,0.0,0.0,0.0,52.259124120423024,20.263480973713616
2961-960-0020_237-134493-0005__T2__237-237-134493-0005__HSIMV2__5683-5683-32866-0009__SIRm3,237,2961,20,0.0,0.0,0.0,0.0,0.0,52.891621048840804,19.93046051618394
2961-960-0022_4970-29095-0027__T1__2961-2961-960-0022__HSIMV2__3570-3570-5696-0008__SIRm3,2961,4970,13,0.0,0.0,0.0,0.0,0.0,56.44379136421893,18.94285680983515
2961-960-0022_4970-29095-0027__T2__4970-4970-29095-0027__HSIMV2__6829-6829-68769-0011__SIRm3,4970,2961,8,0.0,0.0,0.0,0.0,0.0,58.87067973165316,20.2790141979923
2961-961-0000_1320-122617-0014__T1__2961-2961-961-0000__HSIMV2__3570-3570-5695-0003__SIRm3,2961,1320,8,0.0,0.0,0.0,0.0,0.0,63.067266539282976,21.85069892835678
2961-961-0000_1320-122617-0014__T2__1320-1320-122617-0014__HSIMV2__8455-8455-210777-0064__SIRm3,1320,2961,6,0.0,0.0,0.0,0.0,0.0,50.36574130673528,17.518784681365805
2961-961-0000_237-134500-0013__T1__2961-2961-961-0000__HSIMV2__3570-3570-5695-0010__SIRm3,2961,237,8,0.0,0.0,0.0,0.0,0.0,60.042892774120354,21.810211019927547
2961-961-0000_237-134500-0013__T2__237-237-134500-0013__HSIMV2__1580-1580-141084-0019__SIRm3,237,2961,5,0.0,0.0,0.0,0.0,0.0,44.35804623623575,18.882094541764804
2961-961-0001_61-70968-0016__T1__2961-2961-961-0001__HSIMV2__3570-3570-5696-0008__SIRm3,2961,61,13,0.0,0.0,0.0,0.0,0.0,54.74743587702257,19.71646813998876
2961-961-0001_61-70968-0016__T2__61-61-70968-0016__HSIMV2__8230-8230-279154-0032__SIRm3,61,2961,6,1.0,1.0,1.0,1.0,1.0,-34.12554900508476,-19.55435916758744
2961-961-0001_7127-75947-0013__T1__2961-2961-961-0001__HSIMV2__3570-3570-5696-0009__SIRm3,2961,7127,16,0.0,0.0,0.0,0.0,0.0,54.38934293485549,19.48964619469784
2961-961-0001_7127-75947-0013__T2__7127-7127-75947-0013__HSIMV2__8455-8455-210777-0057__SIRm3,7127,2961,9,0.1111111111111111,0.1111111111111111,0.1111111111111111,0.0,0.0,49.49657914875874,18.828630915418007
2961-961-0004_7729-102255-0040__T1__2961-2961-961-0004__HSIMV2__3570-3570-5694-0003__SIRm3,2961,7729,21,0.0,0.0,0.0,0.0,0.0,53.37916861821203,20.648707606888607
2961-961-0004_7729-102255-0040__T2__7729-7729-102255-0040__HSIMV2__7176-7176-92135-0020__SIRm3,7729,2961,13,0.0,0.0,0.0,0.0,0.0,60.356784071045645,19.73865127923452
2961-961-0005_1995-1837-0026__T1__2961-2961-961-0005__HSIMV2__3570-3570-5694-0001__SIRm3,2961,1995,6,0.0,0.0,0.0,0.0,0.0,47.272463888834714,19.89030737367897
2961-961-0005_1995-1837-0026__T2__1995-1995-1837-0026__HSIMV2__2094-2094-142345-0012__SIRm3,1995,2961,15,0.0,0.0,0.0,0.0,0.0,58.095628016917566,23.04066096081952
2961-961-0005_4507-16021-0005__T1__2961-2961-961-0005__HSIMV2__3570-3570-5695-0015__SIRm3,2961,4507,6,0.0,0.0,0.0,0.0,0.0,63.35220749827399,21.028998245710937
2961-961-0005_4507-16021-0005__T2__4507-4507-16021-0005__HSIMV2__3729-3729-6852-0039__SIRm3,4507,2961,7,0.0,0.0,0.0,0.0,0.0,45.8016370585225,16.625459461650014
2961-961-0006_1995-1837-0029__T1__2961-2961-961-0006__HSIMV2__3570-3570-5694-0012__SIRm3,2961,1995,5,0.0,0.0,0.0,0.0,0.0,46.836759911880065,19.303091793307
2961-961-0006_1995-1837-0029__T2__1995-1995-1837-0029__HSIMV2__2094-2094-142345-0030__SIRm3,1995,2961,10,0.0,0.0,0.0,0.0,0.0,40.24589778360898,13.305418577009709
2961-961-0006_8555-292519-0005__T1__2961-2961-961-0006__HSIMV2__3570-3570-5696-0005__SIRm3,2961,8555,8,0.0,0.0,0.0,0.0,0.0,51.28233221913847,21.22449530125752
2961-961-0006_8555-292519-0005__T2__8555-8555-292519-0005__HSIMV2__4970-4970-29095-0012__SIRm3,8555,2961,8,0.0,0.0,0.0,0.0,0.0,64.87398800070231,23.80035690354133
2961-961-0007_6930-76324-0016__T1__2961-2961-961-0007__HSIMV2__3570-3570-5695-0007__SIRm3,2961,6930,16,0.0,0.0,0.0,0.0,0.0,57.76866517473598,21.26342565317865
2961-961-0007_6930-76324-0016__T2__6930-6930-76324-0016__HSIMV2__260-260-123286-0030__SIRm3,6930,2961,14,0.0,0.0,0.0,0.0,0.0,46.502172053433306,17.335827602764688
2961-961-0007_7127-75947-0023__T1__2961-2961-961-0007__HSIMV2__3570-3570-5694-0003__SIRm3,2961,7127,16,0.0,0.0,0.0,0.0,0.0,53.40345348485917,20.34048729960704
2961-961-0007_7127-75947-0023__T2__7127-7127-75947-0023__HSIMV2__8455-8455-210777-0053__SIRm3,7127,2961,9,0.0,0.1111111111111111,0.0,0.0,0.0,47.906837896295805,15.911275661267616
2961-961-0008_4992-23283-0002__T1__2961-2961-961-0008__HSIMV2__3570-3570-5695-0015__SIRm3,2961,4992,13,0.0,0.0,0.0,0.0,0.0,59.372655590043095,21.05016901440028
2961-961-0008_4992-23283-0002__T2__4992-4992-23283-0002__HSIMV2__4446-4446-2275-0031__SIRm3,4992,2961,5,0.0,0.0,0.0,0.0,0.0,58.43439969496934,15.71954914663821
2961-961-0009_1580-141083-0015__T1__2961-2961-961-0009__HSIMV2__3570-3570-5695-0015__SIRm3,2961,1580,10,0.0,0.0,0.0,0.0,0.0,55.35617502108583,19.40316309675699
2961-961-0009_1580-141083-0015__T2__1580-1580-141083-0015__HSIMV2__237-237-134500-0041__SIRm3,1580,2961,8,0.0,0.0,0.0,0.0,0.0,49.62887970325313,19.428712344612457
2961-961-0009_4446-2275-0005__T1__2961-2961-961-0009__HSIMV2__3570-3570-5696-0006__SIRm3,2961,4446,7,0.0,0.0,0.0,0.0,0.0,58.38284492363159,21.07255477059838
2961-961-0009_4446-2275-0005__T2__4446-4446-2275-0005__HSIMV2__1284-1284-1180-0025__SIRm3,4446,2961,7,0.0,0.0,0.0,0.0,0.0,41.00662851385807,16.822176262481584
2961-961-0009_5683-32865-0003__T1__2961-2961-961-0009__HSIMV2__3570-3570-5696-0000__SIRm3,2961,5683,10,0.0,0.0,0.0,0.0,0.0,60.95129554994535,21.18310259752809
2961-961-0009_5683-32865-0003__T2__5683-5683-32865-0003__HSIMV2__237-237-134500-0023__SIRm3,5683,2961,5,0.6,0.6,0.6,0.0,0.0,9.30043408550613,5.123122607672847
2961-961-0010_4992-41797-0015__T1__2961-2961-961-0010__HSIMV2__3570-3570-5694-0021__SIRm3,2961,4992,14,0.0,0.0,0.0,0.0,0.0,51.821437605554884,20.42635034842112
2961-961-0010_4992-41797-0015__T2__4992-4992-41797-0015__HSIMV2__4446-4446-2275-0013__SIRm3,4992,2961,6,0.0,0.0,0.0,0.0,0.0,55.3256413043473,19.84492025656686
2961-961-0010_7127-75946-0007__T1__2961-2961-961-0010__HSIMV2__3570-3570-5694-0011__SIRm3,2961,7127,14,0.0,0.0,0.0,0.0,0.0,57.077650888729885,20.53790834263572
2961-961-0010_7127-75946-0007__T2__7127-7127-75946-0007__HSIMV2__8455-8455-210777-0055__SIRm3,7127,2961,8,0.0,0.25,0.0,0.0,0.0,48.17223502332506,15.507159829644358
2961-961-0011_3729-6852-0043__T1__2961-2961-961-0011__HSIMV2__3570-3570-5696-0010__SIRm3,2961,3729,14,0.0,0.0,0.0,0.0,0.0,55.7865010449638,21.17324336560432
2961-961-0011_3729-6852-0043__T2__3729-3729-6852-0043__HSIMV2__4507-4507-16021-0059__SIRm3,3729,2961,6,0.16666666666666666,0.0,0.0,0.0,0.0,53.52779247438978,21.217017423289285
2961-961-0011_5142-36377-0015__T1__2961-2961-961-0011__HSIMV2__3570-3570-5695-0008__SIRm3,2961,5142,12,0.08333333333333333,0.0,0.0,0.0,0.0,53.69314258264395,21.187156031188547
2961-961-0011_5142-36377-0015__T2__5142-5142-36377-0015__HSIMV2__4970-4970-29095-0012__SIRm3,5142,2961,7,0.0,0.0,0.0,0.0,0.0,53.61776429376511,19.07178429941544
2961-961-0012_4992-41797-0016__T1__2961-2961-961-0012__HSIMV2__3570-3570-5695-0004__SIRm3,2961,4992,20,0.0,0.0,0.0,0.0,0.0,55.25943648409621,19.253823319766028
2961-961-0012_4992-41797-0016__T2__4992-4992-41797-0016__HSIMV2__4446-4446-2271-0019__SIRm3,4992,2961,5,0.0,0.0,0.0,0.0,0.0,51.643303751981634,18.222701007798182
2961-961-0013_4077-13751-0007__T1__2961-2961-961-0013__HSIMV2__3570-3570-5695-0000__SIRm3,2961,4077,8,0.125,0.0,0.0,0.0,0.0,65.14397037759784,20.70533600929663
2961-961-0013_4077-13751-0007__T2__4077-4077-13751-0007__HSIMV2__8455-8455-210777-0070__SIRm3,4077,2961,10,0.0,0.0,0.0,0.0,0.0,46.72413918341074,16.383008863897686
2961-961-0013_5105-28241-0017__T1__2961-2961-961-0013__HSIMV2__3570-3570-5696-0005__SIRm3,2961,5105,9,0.0,0.0,0.0,0.0,0.0,50.80680696115624,19.004178920091853
2961-961-0013_5105-28241-0017__T2__5105-5105-28241-0017__HSIMV2__1320-1320-122617-0009__SIRm3,5105,2961,14,0.0,0.0,0.0,0.0,0.0,56.94010476569233,21.710262435946703
2961-961-0013_8455-210777-0018__T1__2961-2961-961-0013__HSIMV2__3570-3570-5694-0001__SIRm3,2961,8455,9,0.0,0.0,0.0,0.0,0.0,55.96127157152651,21.26306874911096
2961-961-0013_8455-210777-0018__T2__8455-8455-210777-0018__HSIMV2__1320-1320-122617-0027__SIRm3,8455,2961,9,0.0,0.0,0.0,0.0,0.0,54.79455337620764,19.83162546575966
2961-961-0014_237-126133-0008__T1__2961-2961-961-0014__HSIMV2__3570-3570-5695-0010__SIRm3,2961,237,8,0.0,0.0,0.0,0.0,0.0,54.78378417340741,18.504566793689435
2961-961-0014_237-126133-0008__T2__237-237-126133-0008__HSIMV2__5683-5683-32879-0021__SIRm3,237,2961,6,0.0,0.0,0.0,0.0,0.0,51.22430042800719,19.97964401910258
2961-961-0015_5683-32865-0015__T1__2961-2961-961-0015__HSIMV2__3570-3570-5695-0001__SIRm3,2961,5683,12,0.0,0.0,0.0,0.0,0.0,52.30233714248919,21.81074454173877
2961-961-0015_5683-32865-0015__T2__5683-5683-32865-0015__HSIMV2__237-237-134500-0018__SIRm3,5683,2961,6,1.0,1.0,1.0,1.0,1.0,-44.63672790790985,-24.083837886963973
2961-961-0016_237-134500-0012__T1__2961-2961-961-0016__HSIMV2__3570-3570-5694-0001__SIRm3,2961,237,10,0.0,0.0,0.0,0.0,0.0,61.69101469446478,21.3116072366559
2961-961-0016_237-134500-0012__T2__237-237-134500-0012__HSIMV2__5683-5683-32879-0010__SIRm3,237,2961,14,0.0,0.0,0.0,0.0,0.0,48.169370507956955,19.99044299628652
2961-961-0018_8555-284447-0004__T1__2961-2961-961-0018__HSIMV2__3570-3570-5694-0001__SIRm3,2961,8555,9,0.0,0.0,0.0,0.0,0.0,51.1364558626312,18.9841008309163
2961-961-0018_8555-284447-0004__T2__8555-8555-284447-0004__HSIMV2__4970-4970-29095-0038__SIRm3,8555,2961,9,0.3333333333333333,0.4444444444444444,0.2222222222222222,0.2222222222222222,0.1111111111111111,14.691736844176319,6.777543335250198
2961-961-0020_4446-2275-0012__T1__2961-2961-961-0020__HSIMV2__3570-3570-5696-0000__SIRm3,2961,4446,11,0.0,0.0,0.0,0.0,0.0,57.94736893744791,19.23552555430464
2961-961-0020_4446-2275-0012__T2__4446-4446-2275-0012__HSIMV2__4992-4992-23283-0020__SIRm3,4446,2961,11,0.0,0.0,0.0,0.0,0.0,46.2087989351158,18.080354216186787
2961-961-0020_5142-33396-0003__T1__2961-2961-961-0020__HSIMV2__3570-3570-5695-0002__SIRm3,2961,5142,11,0.0,0.0,0.0,0.0,0.0,54.636314461639046,19.827796313743697
2961-961-0020_5142-33396-0003__T2__5142-5142-33396-0003__HSIMV2__4970-4970-29095-0034__SIRm3,5142,2961,5,0.0,0.0,0.0,0.0,0.0,47.240403845460534,19.49060739074257
3570-5694-0000_7176-88083-0002__T1__3570-3570-5694-0000__HSIMV2__4507-4507-16021-0010__SIRm3,3570,7176,23,0.0,0.0,0.0,0.0,0.0,56.31591421505323,21.6295402697581
3570-5694-0000_7176-88083-0002__T2__7176-7176-88083-0002__HSIMV2__61-61-70968-0019__SIRm3,7176,3570,9,0.0,0.0,0.0,0.0,0.0,44.46327510430082,16.413449223445046
3570-5694-0001_1089-134691-0022__T1__3570-3570-5694-0001__HSIMV2__4507-4507-16021-0049__SIRm3,3570,1089,10,0.0,0.0,0.0,0.0,0.0,65.24514598411858,22.95741550986616
3570-5694-0001_1089-134691-0022__T2__1089-1089-134691-0022__HSIMV2__8230-8230-279154-0024__SIRm3,1089,3570,10,0.0,0.0,0.0,0.0,0.0,54.67828971396991,19.674296863659382
3570-5694-0001_908-31957-0012__T1__3570-3570-5694-0001__HSIMV2__4507-4507-16021-0011__SIRm3,3570,908,10,0.0,0.0,0.0,0.0,0.0,51.63172759995764,20.77066283731211
3570-5694-0001_908-31957-0012__T2__908-908-31957-0012__HSIMV2__7176-7176-88083-0012__SIRm3,908,3570,9,0.0,0.0,0.0,0.0,0.0,48.1188600674889,18.74360979671245
3570-5694-0002_61-70968-0032__T1__3570-3570-5694-0002__HSIMV2__4507-4507-16021-0013__SIRm3,3570,61,19,0.0,0.0,0.0,0.0,0.0,57.23215276702842,20.766526849885125
3570-5694-0002_61-70968-0032__T2__61-61-70968-0032__HSIMV2__8230-8230-279154-0026__SIRm3,61,3570,7,0.0,0.0,0.0,0.0,0.0,48.678002995370726,18.949998468770826
3570-5694-0004_4992-23283-0020__T1__3570-3570-5694-0004__HSIMV2__4507-4507-16021-0028__SIRm3,3570,4992,5,0.0,0.0,0.0,0.0,0.0,57.38203008176494,20.49692974332737
3570-5694-0004_4992-23283-0020__T2__4992-4992-23283-0020__HSIMV2__4446-4446-2275-0001__SIRm3,4992,3570,8,0.0,0.0,0.0,0.0,0.0,52.213507320651345,18.97751519272545
3570-5694-0007_2300-131720-0027__T1__3570-3570-5694-0007__HSIMV2__4507-4507-16021-0040__SIRm3,3570,2300,6,0.0,0.16666666666666666,0.0,0.0,0.0,53.41230921017283,19.586792077776515
3570-5694-0007_2300-131720-0027__T2__2300-2300-131720-0027__HSIMV2__61-61-70970-0023__SIRm3,2300,3570,6,0.0,0.0,0.0,0.0,0.0,50.67493933802842,18.041593865643986
3570-5694-0007_5142-36377-0003__T1__3570-3570-5694-0007__HSIMV2__4507-4507-16021-0050__SIRm3,3570,5142,6,0.0,0.0,0.0,0.0,0.0,53.223989171916834,20.928164922311737
3570-5694-0007_5142-36377-0003__T2__5142-5142-36377-0003__HSIMV2__4970-4970-29095-0011__SIRm3,5142,3570,5,0.0,0.0,0.0,0.0,0.0,49.1295850862794,19.68108452009081
3570-5694-0007_672-122797-0059__T1__3570-3570-5694-0007__HSIMV2__4507-4507-16021-0050__SIRm3,3570,672,6,0.0,0.0,0.0,0.0,0.0,53.2324634827469,20.928444698258943
3570-5694-0007_672-122797-0059__T2__672-672-122797-0059__HSIMV2__260-260-123440-0018__SIRm3,672,3570,6,0.0,0.0,0.0,0.0,0.0,51.74750599672953,17.051681892591716
3570-5694-0008_237-126133-0023__T1__3570-3570-5694-0008__HSIMV2__4507-4507-16021-0048__SIRm3,3570,237,9,0.0,0.0,0.0,0.0,0.0,59.06155245262951,22.15439898800319
3570-5694-0008_237-126133-0023__T2__237-237-126133-0023__HSIMV2__5683-5683-32866-0014__SIRm3,237,3570,6,0.0,0.0,0.0,0.0,0.0,38.55699807219707,15.619591108506963
3570-5694-0008_7021-79740-0002__T1__3570-3570-5694-0008__HSIMV2__4507-4507-16021-0028__SIRm3,3570,7021,5,0.0,0.0,0.0,0.0,0.0,49.67783773521732,19.17721639737596
3570-5694-0008_7021-79740-0002__T2__7021-7021-79740-0002__HSIMV2__5105-5105-28241-0006__SIRm3,7021,3570,14,0.07142857142857142,0.07142857142857142,0.0,0.0,0.0,47.716596206074335,19.227644496432177
3570-5694-0010_5142-33396-0011__T1__3570-3570-5694-0010__HSIMV2__4507-4507-16021-0023__SIRm3,3570,5142,23,0.0,0.043478260869565216,0.0,0.0,0.0,63.243033122195364,22.58452575907068
3570-5694-0010_5142-33396-0011__T2__5142-5142-33396-0011__HSIMV2__4970-4970-29095-0032__SIRm3,5142,3570,6,0.0,0.0,0.0,0.0,0.0,41.95764974422726,17.282122344169085
3570-5694-0010_7176-92135-0002__T1__3570-3570-5694-0010__HSIMV2__4507-4507-16021-0055__SIRm3,3570,7176,13,0.0,0.0,0.0,0.0,0.0,57.51074506365705,20.99647882840743
3570-5694-0010_7176-92135-0002__T2__7176-7176-92135-0002__HSIMV2__61-61-70970-0031__SIRm3,7176,3570,5,0.4,0.2,0.2,0.0,0.0,7.800066036386393,5.04799186790623
3570-5694-0010_908-31957-0012__T1__3570-3570-5694-0010__HSIMV2__4507-4507-16021-0015__SIRm3,3570,908,6,0.0,0.0,0.0,0.0,0.0,55.74497692875499,20.51528574002086
3570-5694-0010_908-31957-0012__T2__908-908-31957-0012__HSIMV2__7176-7176-88083-0001__SIRm3,908,3570,14,0.0,0.0,0.0,0.0,0.0,43.47846538247135,17.242896540260176
3570-5694-0011_672-122797-0074__T1__3570-3570-5694-0011__HSIMV2__4507-4507-16021-0050__SIRm3,3570,672,6,0.0,0.0,0.0,0.0,0.0,52.1661787670453,21.717533482052293
3570-5694-0011_672-122797-0074__T2__672-672-122797-0074__HSIMV2__260-260-123288-0004__SIRm3,672,3570,7,0.14285714285714285,0.0,0.0,0.0,0.0,44.30070386007312,17.006992580632346
3570-5694-0013_3575-170457-0017__T1__3570-3570-5694-0013__HSIMV2__4507-4507-16021-0031__SIRm3,3570,3575,10,0.0,0.0,0.0,0.0,0.0,56.7038584447742,21.96942925857847
3570-5694-0013_3575-170457-0017__T2__3575-3575-170457-0017__HSIMV2__237-237-126133-0011__SIRm3,3575,3570,12,0.0,0.0,0.0,0.0,0.0,57.34602670910477,22.68922189172917
3570-5694-0013_3575-170457-0030__T1__3570-3570-5694-0013__HSIMV2__4507-4507-16021-0049__SIRm3,3570,3575,10,0.0,0.0,0.0,0.0,0.0,56.038298584603254,21.74744945940316
3570-5694-0013_3575-170457-0030__T2__3575-3575-170457-0030__HSIMV2__237-237-126133-0017__SIRm3,3575,3570,11,0.0,0.09090909090909091,0.0,0.0,0.0,53.37706962060259,19.718591761550208
3570-5694-0014_4507-16021-0052__T1__3570-3570-5694-0014__HSIMV2__4507-4507-16021-0039__SIRm3,3570,4507,21,0.0,0.0,0.0,0.0,0.0,53.90963302365891,19.803183551229832
3570-5694-0014_4507-16021-0052__T2__4507-4507-16021-0052__HSIMV2__3729-3729-6852-0004__SIRm3,4507,3570,11,0.09090909090909091,0.0,0.0,0.0,0.0,50.79579171845405,19.838374008196155
3570-5694-0015_6829-68771-0010__T1__3570-3570-5694-0015__HSIMV2__4507-4507-16021-0050__SIRm3,3570,6829,6,0.0,0.0,0.0,0.0,0.0,57.675918862725325,23.05195762001988
3570-5694-0015_6829-68771-0010__T2__6829-6829-68771-0010__HSIMV2__4970-4970-29095-0023__SIRm3,6829,3570,6,0.0,0.0,0.0,0.0,0.0,54.6404436829008,21.651767123167257
3570-5694-0015_8463-294828-0028__T1__3570-3570-5694-0015__HSIMV2__4507-4507-16021-0033__SIRm3,3570,8463,10,0.0,0.0,0.0,0.0,0.0,53.97418418178374,21.70060238696572
3570-5694-0015_8463-294828-0028__T2__8463-8463-294828-0028__HSIMV2__4992-4992-41797-0005__SIRm3,8463,3570,6,0.0,0.0,0.0,0.0,0.0,48.033459284490085,19.60562289454218
3570-5694-0017_1221-135766-0013__T1__3570-3570-5694-0017__HSIMV2__4507-4507-16021-0046__SIRm3,3570,1221,8,0.0,0.0,0.0,0.0,0.0,61.04219922928786,20.64881083485512
3570-5694-0017_1221-135766-0013__T2__1221-1221-135766-0013__HSIMV2__4992-4992-23283-0007__SIRm3,1221,3570,6,0.0,0.0,0.0,0.0,0.0,40.66737906922017,15.03999649184915
3570-5694-0017_4970-29095-0012__T1__3570-3570-5694-0017__HSIMV2__4507-4507-16021-0017__SIRm3,3570,4970,15,0.0,0.0,0.0,0.0,0.0,53.18157936498246,19.80276251594318
3570-5694-0017_4970-29095-0012__T2__4970-4970-29095-0012__HSIMV2__8555-8555-284447-0006__SIRm3,4970,3570,8,0.0,0.0,0.0,0.0,0.0,55.24988573928003,22.18494752507148
3570-5694-0017_61-70970-0016__T1__3570-3570-5694-0017__HSIMV2__4507-4507-16021-0045__SIRm3,3570,61,8,0.0,0.0,0.0,0.0,0.0,58.932586214204576,21.480547905917348
3570-5694-0017_61-70970-0016__T2__61-61-70970-0016__HSIMV2__8230-8230-279154-0022__SIRm3,61,3570,7,0.0,0.0,0.0,0.0,0.0,40.466619295764644,18.116612967734422
3570-5694-0018_1188-133604-0041__T1__3570-3570-5694-0018__HSIMV2__4507-4507-16021-0053__SIRm3,3570,1188,14,0.0,0.0,0.0,0.0,0.0,59.762312237803165,19.78083458306629
3570-5694-0018_1188-133604-0041__T2__1188-1188-133604-0041__HSIMV2__2830-2830-3980-0063__SIRm3,1188,3570,9,0.0,0.0,0.0,0.0,0.0,52.81167918697694,18.71576377674967
3570-5694-0018_121-127105-0036__T1__3570-3570-5694-0018__HSIMV2__4507-4507-16021-0016__SIRm3,3570,121,14,0.0,0.0,0.0,0.0,0.0,53.99173858454163,21.57274897718909
3570-5694-0018_121-127105-0036__T2__121-121-127105-0036__HSIMV2__237-237-134500-0032__SIRm3,121,3570,7,1.0,1.0,1.0,1.0,1.0,-44.00808602447734,-22.5619145877523
3570-5694-0018_8555-284447-0010__T1__3570-3570-5694-0018__HSIMV2__4507-4507-16021-0028__SIRm3,3570,8555,5,0.0,0.0,0.0,0.0,0.0,64.95547729554588,23.16324119597128
3570-5694-0018_8555-284447-0010__T2__8555-8555-284447-0010__HSIMV2__4970-4970-29093-0004__SIRm3,8555,3570,6,0.3333333333333333,0.0,0.0,0.0,0.0,39.97586053005262,19.53221280945554
3570-5694-0019_5105-28240-0024__T1__3570-3570-5694-0019__HSIMV2__4507-4507-16021-0024__SIRm3,3570,5105,6,0.0,0.0,0.0,0.0,0.0,51.14114234679775,19.808575675622823
3570-5694-0019_5105-28240-0024__T2__5105-5105-28240-0024__HSIMV2__7021-7021-85628-0002__SIRm3,5105,3570,11,0.0,0.0,0.0,0.0,0.0,55.07131775729131,19.629300663220626
3570-5694-0019_6930-75918-0006__T1__3570-3570-5694-0019__HSIMV2__4507-4507-16021-0003__SIRm3,3570,6930,6,0.0,0.0,0.0,0.0,0.0,68.53825822958906,20.427919188907502
3570-5694-0019_6930-75918-0006__T2__6930-6930-75918-0006__HSIMV2__260-260-123288-0006__SIRm3,6930,3570,8,0.0,0.0,0.0,0.0,0.0,38.72092959247934,15.32921818220472
3570-5694-0020_4446-2273-0000__T1__3570-3570-5694-0020__HSIMV2__4507-4507-16021-0039__SIRm3,3570,4446,27,0.0,0.037037037037037035,0.0,0.0,0.0,52.36915896036379,20.87451677529129
3570-5694-0020_4446-2273-0000__T2__4446-4446-2273-0000__HSIMV2__1284-1284-1180-0010__SIRm3,4446,3570,16,0.0,0.0,0.0,0.0,0.0,50.438366326763834,19.29885470215341
3570-5694-0021_237-134500-0014__T1__3570-3570-5694-0021__HSIMV2__4507-4507-16021-0011__SIRm3,3570,237,10,0.0,0.0,0.0,0.0,0.0,49.178642950503345,20.07443719566397
3570-5694-0021_237-134500-0014__T2__237-237-134500-0014__HSIMV2__5683-5683-32865-0004__SIRm3,237,3570,7,0.0,0.0,0.0,0.0,0.0,54.47874104206449,20.54161808491208
3570-5695-0000_5105-28233-0006__T1__3570-3570-5695-0000__HSIMV2__4507-4507-16021-0017__SIRm3,3570,5105,8,0.0,0.0,0.0,0.0,0.0,61.43669481070345,20.398255305962863
3570-5695-0000_5105-28233-0006__T2__5105-5105-28233-0006__HSIMV2__1320-1320-122617-0016__SIRm3,5105,3570,10,0.0,0.0,0.0,0.0,0.0,52.21369068673137,18.444085642731785
3570-5695-0001_672-122797-0050__T1__3570-3570-5695-0001__HSIMV2__4507-4507-16021-0036__SIRm3,3570,672,9,0.0,0.0,0.0,0.0,0.0,56.17292548592791,20.207135381889103
3570-5695-0001_672-122797-0050__T2__672-672-122797-0050__HSIMV2__260-260-123288-0001__SIRm3,672,3570,7,0.0,0.0,0.0,0.0,0.0,51.379657898592654,20.29285247160456
3570-5695-0002_8230-279154-0000__T1__3570-3570-5695-0002__HSIMV2__4507-4507-16021-0042__SIRm3,3570,8230,14,0.0,0.0,0.0,0.0,0.0,45.98237331932261,19.155355761734484
3570-5695-0002_8230-279154-0000__T2__8230-8230-279154-0000__HSIMV2__1089-1089-134686-0034__SIRm3,8230,3570,10,0.0,0.1,0.0,0.0,0.0,49.3107967974422,16.530907424524905
3570-5695-0003_3575-170457-0032__T1__3570-3570-5695-0003__HSIMV2__4507-4507-16021-0001__SIRm3,3570,3575,9,0.0,0.0,0.0,0.0,0.0,62.08277203629503,23.90484605290948
3570-5695-0003_3575-170457-0032__T2__3575-3575-170457-0032__HSIMV2__237-237-126133-0003__SIRm3,3575,3570,5,0.0,0.2,0.0,0.0,0.0,36.200662290563756,18.106763045371785
3570-5695-0003_8455-210777-0024__T1__3570-3570-5695-0003__HSIMV2__4507-4507-16021-0039__SIRm3,3570,8455,9,0.0,0.0,0.0,0.0,0.0,44.49945148062923,19.623335885739564
3570-5695-0003_8455-210777-0024__T2__8455-8455-210777-0024__HSIMV2__1320-1320-122612-0016__SIRm3,8455,3570,5,0.0,0.0,0.0,0.0,0.0,41.45103050106928,18.423842353920342
3570-5695-0004_237-126133-0015__T1__3570-3570-5695-0004__HSIMV2__4507-4507-16021-0028__SIRm3,3570,237,5,0.0,0.0,0.0,0.0,0.0,55.60541389908078,21.776456199144786
3570-5695-0004_237-126133-0015__T2__237-237-126133-0015__HSIMV2__5683-5683-32865-0008__SIRm3,237,3570,11,0.0,0.09090909090909091,0.0,0.0,0.0,52.13029050823143,19.37073347672149
3570-5695-0004_8455-210777-0010__T1__3570-3570-5695-0004__HSIMV2__4507-4507-16021-0009__SIRm3,3570,8455,20,0.0,0.0,0.0,0.0,0.0,63.6129099258044,23.292233477960234
3570-5695-0004_8455-210777-0010__T2__8455-8455-210777-0010__HSIMV2__1320-1320-122612-0016__SIRm3,8455,3570,5,0.0,0.0,0.0,0.0,0.0,48.085906600733665,18.28600960128262
3570-5695-0006_1284-1181-0015__T1__3570-3570-5695-0006__HSIMV2__4507-4507-16021-0011__SIRm3,3570,1284,10,0.0,0.0,0.0,0.0,0.0,51.407651589842445,21.25630498784052
3570-5695-0006_1284-1181-0015__T2__1284-1284-1181-0015__HSIMV2__1580-1580-141084-0004__SIRm3,1284,3570,9,0.0,0.0,0.0,0.0,0.0,54.29242738216127,20.618629752085948
3570-5695-0006_3575-170457-0053__T1__3570-3570-5695-0006__HSIMV2__4507-4507-16021-0037__SIRm3,3570,3575,9,0.0,0.0,0.0,0.0,0.0,56.74606997449026,22.15927644481437
3570-5695-0006_3575-170457-0053__T2__3575-3575-170457-0053__HSIMV2__237-237-134493-0015__SIRm3,3575,3570,12,0.0,0.0,0.0,0.0,0.0,45.22370039151897,8.710906034274053
3570-5695-0007_5105-28233-0001__T1__3570-3570-5695-0007__HSIMV2__4507-4507-16021-0038__SIRm3,3570,5105,6,0.0,0.0,0.0,0.0,0.0,53.26297453326344,21.668676667511043
3570-5695-0007_5105-28233-0001__T2__5105-5105-28233-0001__HSIMV2__1320-1320-122617-0033__SIRm3,5105,3570,7,0.0,0.0,0.0,0.0,0.0,51.37894945199084,18.763695104470777
3570-5695-0008_7021-79759-0003__T1__3570-3570-5695-0008__HSIMV2__4507-4507-16021-0058__SIRm3,3570,7021,5,0.0,0.0,0.0,0.0,0.0,62.17504143039196,22.875909277781137
3570-5695-0008_7021-79759-0003__T2__7021-7021-79759-0003__HSIMV2__5105-5105-28240-0016__SIRm3,7021,3570,7,0.0,0.0,0.0,0.0,0.0,44.68306309248006,16.621561493167928
3570-5695-0009_237-134500-0032__T1__3570-3570-5695-0009__HSIMV2__4507-4507-16021-0050__SIRm3,3570,237,6,0.0,0.0,0.0,0.0,0.0,56.45515178937811,20.831179371296724
3570-5695-0009_237-134500-0032__T2__237-237-134500-0032__HSIMV2__5683-5683-32879-0001__SIRm3,237,3570,6,0.0,0.0,0.0,0.0,0.0,56.43459701605127,19.61022280664333
3570-5695-0009_2961-961-0017__T1__3570-3570-5695-0009__HSIMV2__4507-4507-16021-0043__SIRm3,3570,2961,6,0.0,0.0,0.0,0.0,0.0,53.380779824563994,19.90956863759617
3570-5695-0009_2961-961-0017__T2__2961-2961-961-0017__HSIMV2__3570-3570-5694-0008__SIRm3,2961,3570,17,0.0,0.0,0.0,0.0,0.0,55.386916801021265,18.68434945389368
3570-5695-0009_4970-29095-0008__T1__3570-3570-5695-0009__HSIMV2__4507-4507-16021-0016__SIRm3,3570,4970,9,0.0,0.0,0.0,0.0,0.0,48.702059376289085,20.100402240005987
3570-5695-0009_4970-29095-0008__T2__4970-4970-29095-0008__HSIMV2__8555-8555-284449-0009__SIRm3,4970,3570,5,0.0,0.2,0.0,0.0,0.0,48.770878717114385,21.07860261837258
3570-5695-0010_5105-28240-0015__T1__3570-3570-5695-0010__HSIMV2__4507-4507-16021-0042__SIRm3,3570,5105,8,0.0,0.0,0.0,0.0,0.0,56.06813607982491,20.43302732965872
3570-5695-0010_5105-28240-0015__T2__5105-5105-28240-0015__HSIMV2__1320-1320-122612-0013__SIRm3,5105,3570,12,0.0,0.0,0.0,0.0,0.0,48.44271916198212,17.53857396428167
3570-5695-0010_672-122797-0058__T1__3570-3570-5695-0010__HSIMV2__4507-4507-16021-0040__SIRm3,3570,672,6,0.0,0.0,0.0,0.0,0.0,46.536208366827005,21.325478657214923
3570-5695-0010_672-122797-0058__T2__672-672-122797-0058__HSIMV2__1320-1320-122612-0015__SIRm3,672,3570,7,1.0,1.0,1.0,1.0,1.0,-50.63482114695632,-29.769646018579163
3570-5695-0011_4507-16021-0056__T1__3570-3570-5695-0011__HSIMV2__4507-4507-16021-0056__SIRm3,3570,4507,11,0.0,0.0,0.0,0.0,0.0,63.977475658687446,21.91801582716248
3570-5695-0011_4507-16021-0056__T2__4507-4507-16021-0056__HSIMV2__3729-3729-6852-0043__SIRm3,4507,3570,7,0.0,0.0,0.0,0.0,0.0,61.96230689325718,21.573458770623844
3570-5695-0011_6829-68771-0009__T1__3570-3570-5695-0011__HSIMV2__4507-4507-16021-0045__SIRm3,3570,6829,8,0.0,0.0,0.0,0.0,0.0,51.529419393485995,19.2360743000356
3570-5695-0011_6829-68771-0009__T2__6829-6829-68771-0009__HSIMV2__4970-4970-29095-0027__SIRm3,6829,3570,18,0.0,0.0,0.0,0.0,0.0,52.016291208173214,19.01035022483736
3570-5695-0011_8455-210777-0058__T1__3570-3570-5695-0011__HSIMV2__4507-4507-16021-0008__SIRm3,3570,8455,6,0.0,0.0,0.0,0.0,0.0,60.50515099092817,22.15017301977653
3570-5695-0011_8455-210777-0058__T2__8455-8455-210777-0058__HSIMV2__1320-1320-122612-0012__SIRm3,8455,3570,13,0.0,0.0,0.0,0.0,0.0,50.960937236568874,18.4889837221833
3570-5695-0012_5142-33396-0022__T1__3570-3570-5695-0012__HSIMV2__4507-4507-16021-0022__SIRm3,3570,5142,11,0.0,0.0,0.0,0.0,0.0,50.072701588308384,20.654707614830464
3570-5695-0012_5142-33396-0022__T2__5142-5142-33396-0022__HSIMV2__4970-4970-29095-0012__SIRm3,5142,3570,8,0.0,0.0,0.0,0.0,0.0,53.69202000485424,21.00468674313107
3570-5695-0015_1580-141084-0000__T1__3570-3570-5695-0015__HSIMV2__4507-4507-16021-0038__SIRm3,3570,1580,6,0.0,0.0,0.0,0.0,0.0,52.48172476311257,22.69329040899955
3570-5695-0015_1580-141084-0000__T2__1580-1580-141084-0000__HSIMV2__237-237-134493-0016__SIRm3,1580,3570,8,0.0,0.0,0.0,0.0,0.0,51.58874866572886,20.39614628288065
3570-5695-0015_6829-68771-0036__T1__3570-3570-5695-0015__HSIMV2__4507-4507-16021-0028__SIRm3,3570,6829,5,0.0,0.0,0.0,0.0,0.0,54.043659311057375,22.965037605929567
3570-5695-0015_6829-68771-0036__T2__6829-6829-68771-0036__HSIMV2__4446-4446-2273-0036__SIRm3,6829,3570,5,0.0,0.0,0.0,0.0,0.0,53.89093357543991,17.769412760441913
3570-5695-0015_8463-294828-0037__T1__3570-3570-5695-0015__HSIMV2__4507-4507-16021-0008__SIRm3,3570,8463,6,0.0,0.0,0.0,0.0,0.0,60.26990902671876,24.001742640467704
3570-5695-0015_8463-294828-0037__T2__8463-8463-294828-0037__HSIMV2__4992-4992-41797-0008__SIRm3,8463,3570,9,0.0,0.0,0.0,0.0,0.0,58.94120614241663,20.22714425835932
3570-5696-0002_237-134500-0016__T1__3570-3570-5696-0002__HSIMV2__4507-4507-16021-0029__SIRm3,3570,237,6,0.0,0.0,0.0,0.0,0.0,53.689922638515036,21.834534336476622
3570-5696-0002_237-134500-0016__T2__237-237-134500-0016__HSIMV2__5683-5683-32879-0021__SIRm3,237,3570,5,0.0,0.0,0.0,0.0,0.0,55.60786157214327,19.3161109015228
3570-5696-0002_5105-28240-0004__T1__3570-3570-5696-0002__HSIMV2__4507-4507-16021-0056__SIRm3,3570,5105,11,0.0,0.0,0.0,0.0,0.0,58.761141483933805,22.025022068675675
3570-5696-0002_5105-28240-0004__T2__5105-5105-28240-0004__HSIMV2__7021-7021-85628-0019__SIRm3,5105,3570,5,0.0,0.0,0.0,0.0,0.0,56.271952320060734,20.255427917679896
3570-5696-0004_1320-122617-0023__T1__3570-3570-5696-0004__HSIMV2__4507-4507-16021-0029__SIRm3,3570,1320,6,0.0,0.0,0.0,0.0,0.0,77.03919564434936,21.45386521482715
3570-5696-0004_1320-122617-0023__T2__1320-1320-122617-0023__HSIMV2__8455-8455-210777-0048__SIRm3,1320,3570,5,0.0,0.0,0.0,0.0,0.0,51.61488518918327,19.560534849651265
3570-5696-0006_260-123286-0006__T1__3570-3570-5696-0006__HSIMV2__4507-4507-16021-0037__SIRm3,3570,260,7,0.0,0.0,0.0,0.0,0.0,55.54384412392494,20.494831767500347
3570-5696-0006_260-123286-0006__T2__260-260-123286-0006__HSIMV2__6930-6930-76324-0013__SIRm3,260,3570,7,0.0,0.0,0.0,0.0,0.0,61.01165569160247,20.59083031845444
3570-5696-0006_4507-16021-0021__T1__3570-3570-5696-0006__HSIMV2__4507-4507-16021-0038__SIRm3,3570,4507,6,0.0,0.0,0.0,0.0,0.0,68.55088408576789,21.53322396449075
3570-5696-0006_4507-16021-0021__T2__4507-4507-16021-0021__HSIMV2__3729-3729-6852-0009__SIRm3,4507,3570,27,0.0,0.0,0.0,0.0,0.0,52.23935344752025,20.40668666607177
3570-5696-0006_8555-284449-0008__T1__3570-3570-5696-0006__HSIMV2__4507-4507-16021-0057__SIRm3,3570,8555,7,0.0,0.14285714285714285,0.0,0.0,0.0,50.98651906681821,20.35980649470129
3570-5696-0006_8555-284449-0008__T2__8555-8555-284449-0008__HSIMV2__4970-4970-29095-0002__SIRm3,8555,3570,9,1.0,0.8888888888888888,0.8888888888888888,1.0,0.8888888888888888,-46.874940387882496,-25.04313738067481
3570-5696-0007_1995-1837-0003__T1__3570-3570-5696-0007__HSIMV2__4507-4507-16021-0030__SIRm3,3570,1995,17,0.0,0.0,0.0,0.0,0.0,59.80858838961066,22.11459838554699
3570-5696-0007_1995-1837-0003__T2__1995-1995-1837-0003__HSIMV2__2094-2094-142345-0037__SIRm3,1995,3570,13,0.07692307692307693,0.0,0.0,0.0,0.0,59.62532390390292,21.386934000589125
3570-5696-0007_260-123286-0016__T1__3570-3570-5696-0007__HSIMV2__4507-4507-16021-0053__SIRm3,3570,260,15,0.0,0.0,0.0,0.0,0.0,52.90405034842276,20.81355386707867
3570-5696-0007_260-123286-0016__T2__260-260-123286-0016__HSIMV2__672-672-122797-0000__SIRm3,260,3570,7,0.14285714285714285,0.14285714285714285,0.14285714285714285,0.0,0.0,47.548634020902604,17.640359742692862
3570-5696-0007_5639-40744-0024__T1__3570-3570-5696-0007__HSIMV2__4507-4507-16021-0002__SIRm3,3570,5639,5,0.0,0.0,0.0,0.0,0.0,56.84279557051243,20.065136482064688
3570-5696-0007_5639-40744-0024__T2__5639-5639-40744-0024__HSIMV2__1089-1089-134691-0004__SIRm3,5639,3570,9,0.0,0.0,0.0,0.0,0.0,50.13067524764344,16.605440840945388
3570-5696-0008_4446-2271-0005__T1__3570-3570-5696-0008__HSIMV2__4507-4507-16021-0018__SIRm3,3570,4446,5,0.0,0.0,0.0,0.0,0.0,51.04116417258716,19.71518445966584
3570-5696-0008_4446-2271-0005__T2__4446-4446-2271-0005__HSIMV2__4992-4992-41806-0008__SIRm3,4446,3570,5,0.0,0.0,0.0,0.0,0.0,24.483873364389762,8.126082359845816
3570-5696-0009_7729-102255-0016__T1__3570-3570-5696-0009__HSIMV2__4507-4507-16021-0045__SIRm3,3570,7729,8,0.0,0.0,0.0,0.0,0.0,54.31791759230644,19.205137467824176
3570-5696-0009_7729-102255-0016__T2__7729-7729-102255-0016__HSIMV2__7176-7176-92135-0016__SIRm3,7729,3570,14,0.0,0.0,0.0,0.0,0.0,45.39371970558091,17.201008769682858
3575-170457-0000_672-122797-0005__T1__3575-3575-170457-0000__HSIMV2__237-237-134493-0017__SIRm3,3575,672,15,0.0,0.0,0.0,0.0,0.0,46.75000169461914,17.086776420422925
3575-170457-0000_672-122797-0005__T2__672-672-122797-0005__HSIMV2__260-260-123288-0008__SIRm3,672,3575,5,0.0,0.0,0.0,0.0,0.0,46.82078287357046,18.034164411614185
3575-170457-0003_7021-85628-0019__T1__3575-3575-170457-0003__HSIMV2__237-237-134493-0015__SIRm3,3575,7021,12,0.08333333333333333,0.08333333333333333,0.08333333333333333,0.0,0.0,59.85703282539141,21.33462714640507
3575-170457-0003_7021-85628-0019__T2__7021-7021-85628-0019__HSIMV2__5105-5105-28241-0003__SIRm3,7021,3575,5,0.0,0.0,0.0,0.0,0.0,55.41642111111761,18.335612549825253
3575-170457-0003_7127-75947-0025__T1__3575-3575-170457-0003__HSIMV2__237-237-126133-0006__SIRm3,3575,7127,11,0.0,0.09090909090909091,0.0,0.0,0.0,61.58941484850588,22.302197730470724
3575-170457-0003_7127-75947-0025__T2__7127-7127-75947-0025__HSIMV2__8455-8455-210777-0057__SIRm3,7127,3575,10,0.0,0.0,0.0,0.0,0.0,50.70635155651254,17.790356864160028
3575-170457-0004_8463-294825-0008__T1__3575-3575-170457-0004__HSIMV2__237-237-126133-0023__SIRm3,3575,8463,5,0.0,0.0,0.0,0.0,0.0,59.60744836025466,23.004128943344725
3575-170457-0004_8463-294825-0008__T2__8463-8463-294825-0008__HSIMV2__4992-4992-41797-0007__SIRm3,8463,3575,6,0.0,0.0,0.0,0.0,0.0,59.257304010394925,19.072121527757787
3575-170457-0005_6829-68769-0006__T1__3575-3575-170457-0005__HSIMV2__237-237-134500-0033__SIRm3,3575,6829,11,0.0,0.09090909090909091,0.0,0.0,0.0,51.88839792899557,19.99090850233845
3575-170457-0005_6829-68769-0006__T2__6829-6829-68769-0006__HSIMV2__4446-4446-2275-0016__SIRm3,6829,3575,12,0.0,0.0,0.0,0.0,0.0,52.49493293461807,17.868190891620518
3575-170457-0005_7127-75947-0024__T1__3575-3575-170457-0005__HSIMV2__237-237-134493-0014__SIRm3,3575,7127,6,0.0,0.0,0.0,0.0,0.0,52.90491927005553,21.294437903265862
3575-170457-0005_7127-75947-0024__T2__7127-7127-75947-0024__HSIMV2__8455-8455-210777-0070__SIRm3,7127,3575,10,0.0,0.0,0.0,0.0,0.0,45.817146089571956,17.912253981353246
3575-170457-0006_1284-1180-0002__T1__3575-3575-170457-0006__HSIMV2__237-237-134500-0000__SIRm3,3575,1284,11,0.0,0.0,0.0,0.0,0.0,56.9678385822635,21.4422054556668
3575-170457-0006_1284-1180-0002__T2__1284-1284-1180-0002__HSIMV2__4446-4446-2273-0010__SIRm3,1284,3575,14,0.0,0.0,0.0,0.0,0.0,54.78256728714702,20.66967109436524
3575-170457-0006_5639-40744-0025__T1__3575-3575-170457-0006__HSIMV2__237-237-134500-0022__SIRm3,3575,5639,9,0.0,0.0,0.0,0.0,0.0,53.64276330973155,20.48170548031049
3575-170457-0006_5639-40744-0025__T2__5639-5639-40744-0025__HSIMV2__1089-1089-134691-0007__SIRm3,5639,3575,5,0.0,0.0,0.0,0.0,0.0,52.361320184940055,20.746838391527923
3575-170457-0007_121-121726-0011__T1__3575-3575-170457-0007__HSIMV2__237-237-134500-0031__SIRm3,3575,121,14,0.0,0.0,0.0,0.0,0.0,49.26024868799134,18.988419449969523
3575-170457-0007_121-121726-0011__T2__121-121-121726-0011__HSIMV2__237-237-126133-0023__SIRm3,121,3575,7,0.0,0.8571428571428571,0.0,0.0,0.0,52.52505523810556,19.50108084357237
3575-170457-0007_1580-141084-0049__T1__3575-3575-170457-0007__HSIMV2__237-237-126133-0018__SIRm3,3575,1580,7,0.0,0.0,0.0,0.0,0.0,58.733805370117906,22.94056237159801
3575-170457-0007_1580-141084-0049__T2__1580-1580-141084-0049__HSIMV2__237-237-134493-0002__SIRm3,1580,3575,14,0.0,0.0,0.0,0.0,0.0,55.502501186645894,19.9923261957445
3575-170457-0007_61-70970-0018__T1__3575-3575-170457-0007__HSIMV2__237-237-134500-0023__SIRm3,3575,61,5,0.0,0.0,0.0,0.0,0.0,55.58086938543327,21.02605534177816
3575-170457-0007_61-70970-0018__T2__61-61-70970-0018__HSIMV2__8230-8230-279154-0011__SIRm3,61,3575,8,0.0,0.0,0.0,0.0,0.0,45.97225342818066,16.878167626489216
3575-170457-0007_7127-75946-0002__T1__3575-3575-170457-0007__HSIMV2__237-237-126133-0002__SIRm3,3575,7127,14,0.0,0.0,0.0,0.0,0.0,58.2301654446268,21.33790150473087
3575-170457-0007_7127-75946-0002__T2__7127-7127-75946-0002__HSIMV2__8455-8455-210777-0043__SIRm3,7127,3575,5,0.0,0.0,0.0,0.0,0.0,35.0987286414729,12.287255946379895
3575-170457-0008_1089-134691-0017__T1__3575-3575-170457-0008__HSIMV2__237-237-134493-0003__SIRm3,3575,1089,24,0.0,0.041666666666666664,0.0,0.0,0.0,52.69249017908743,19.79333999903049
3575-170457-0008_1089-134691-0017__T2__1089-1089-134691-0017__HSIMV2__8230-8230-279154-0040__SIRm3,1089,3575,22,0.045454545454545456,0.0,0.0,0.0,0.0,47.65069675977136,18.048872453708043
3575-170457-0009_8555-284447-0023__T1__3575-3575-170457-0009__HSIMV2__237-237-126133-0010__SIRm3,3575,8555,11,0.0,0.0,0.0,0.0,0.0,57.53249533176839,16.200492178781694
3575-170457-0009_8555-284447-0023__T2__8555-8555-284447-0023__HSIMV2__4970-4970-29093-0009__SIRm3,8555,3575,13,0.0,0.0,0.0,0.0,0.0,32.99322656183854,16.223130313835902
3575-170457-0010_1995-1837-0004__T1__3575-3575-170457-0010__HSIMV2__237-237-126133-0008__SIRm3,3575,1995,6,0.0,0.0,0.0,0.0,0.0,53.00355608452548,20.395265284524463
3575-170457-0010_1995-1837-0004__T2__1995-1995-1837-0004__HSIMV2__2094-2094-142345-0006__SIRm3,1995,3575,11,0.0,0.0,0.0,0.0,0.0,53.30116096825411,22.297954318972742
3575-170457-0010_8455-210777-0029__T1__3575-3575-170457-0010__HSIMV2__237-237-134500-0037__SIRm3,3575,8455,8,0.0,0.0,0.0,0.0,0.0,54.89887358442874,21.72808837025272
3575-170457-0010_8455-210777-0029__T2__8455-8455-210777-0029__HSIMV2__1320-1320-122617-0006__SIRm3,8455,3575,5,0.0,0.0,0.0,0.0,0.0,59.240527426094204,21.4074616532018
3575-170457-0011_121-127105-0027__T1__3575-3575-170457-0011__HSIMV2__237-237-126133-0001__SIRm3,3575,121,13,0.0,0.0,0.0,0.0,0.0,53.21307513282401,21.327181908884484
3575-170457-0011_121-127105-0027__T2__121-121-127105-0027__HSIMV2__237-237-126133-0006__SIRm3,121,3575,11,0.0,0.0,0.0,0.0,0.0,43.095622592841266,15.759561912832906
3575-170457-0011_2961-960-0020__T1__3575-3575-170457-0011__HSIMV2__237-237-134493-0006__SIRm3,3575,2961,7,0.0,0.0,0.0,0.0,0.0,51.54122676429214,21.705175365070417
3575-170457-0011_2961-960-0020__T2__2961-2961-960-0020__HSIMV2__3570-3570-5694-0019__SIRm3,2961,3575,6,0.0,0.0,0.0,0.0,0.0,56.04331079439665,22.09040099282347
3575-170457-0012_1580-141083-0003__T1__3575-3575-170457-0012__HSIMV2__237-237-134493-0017__SIRm3,3575,1580,10,0.0,0.0,0.0,0.0,0.0,47.331075500942156,20.408244376575063
3575-170457-0012_1580-141083-0003__T2__1580-1580-141083-0003__HSIMV2__237-237-134500-0033__SIRm3,1580,3575,11,0.0,0.0,0.0,0.0,0.0,53.323088437593064,19.23760848667824
3575-170457-0012_2830-3980-0031__T1__3575-3575-170457-0012__HSIMV2__237-237-126133-0004__SIRm3,3575,2830,5,0.0,0.0,0.0,0.0,0.0,64.20110773613699,21.43876452722583
3575-170457-0012_2830-3980-0031__T2__2830-2830-3980-0031__HSIMV2__1188-1188-133604-0027__SIRm3,2830,3575,15,0.0,0.0,0.0,0.0,0.0,51.263687990736756,18.75500587212337
3575-170457-0012_6829-68769-0052__T1__3575-3575-170457-0012__HSIMV2__237-237-134493-0012__SIRm3,3575,6829,6,0.0,0.0,0.0,0.0,0.0,51.89270061179756,19.12770905039872
3575-170457-0012_6829-68769-0052__T2__6829-6829-68769-0052__HSIMV2__4446-4446-2273-0021__SIRm3,6829,3575,8,0.0,0.0,0.0,0.0,0.0,53.882289991360764,17.88585077727927
3575-170457-0013_8555-284449-0017__T1__3575-3575-170457-0013__HSIMV2__237-237-126133-0006__SIRm3,3575,8555,11,0.0,0.0,0.0,0.0,0.0,54.16697656671955,21.18876495527051
3575-170457-0013_8555-284449-0017__T2__8555-8555-284449-0017__HSIMV2__4970-4970-29095-0037__SIRm3,8555,3575,12,0.0,0.0,0.0,0.0,0.0,51.37775367951814,22.297937234494448
3575-170457-0013_908-31957-0014__T1__3575-3575-170457-0013__HSIMV2__237-237-134500-0015__SIRm3,3575,908,17,0.058823529411764705,0.0,0.0,0.0,0.0,53.80957627675785,21.07726493258833
3575-170457-0013_908-31957-0014__T2__908-908-31957-0014__HSIMV2__7176-7176-92135-0045__SIRm3,908,3575,9,0.0,0.0,0.0,0.0,0.0,49.52974007760288,16.40899848824794
3575-170457-0014_4507-16021-0042__T1__3575-3575-170457-0014__HSIMV2__237-237-126133-0018__SIRm3,3575,4507,7,0.0,0.0,0.0,0.0,0.0,63.59136828050267,23.054516577307684
3575-170457-0014_4507-16021-0042__T2__4507-4507-16021-0042__HSIMV2__3729-3729-6852-0043__SIRm3,4507,3575,7,0.0,0.0,0.0,0.0,0.0,51.624283617593065,19.74482861531314
3575-170457-0017_237-126133-0011__T1__3575-3575-170457-0017__HSIMV2__237-237-134500-0000__SIRm3,3575,237,11,0.0,0.09090909090909091,0.0,0.0,0.0,52.51295440960128,20.392729738186848
3575-170457-0017_237-126133-0011__T2__237-237-126133-0011__HSIMV2__5683-5683-32865-0004__SIRm3,237,3575,12,0.0,0.0,0.0,0.0,0.0,51.26214624380808,20.639774992603947
3575-170457-0019_2961-960-0018__T1__3575-3575-170457-0019__HSIMV2__237-237-126133-0015__SIRm3,3575,2961,11,0.0,0.0,0.0,0.0,0.0,49.32415650678832,18.95030088248128
3575-170457-0019_2961-960-0018__T2__2961-2961-960-0018__HSIMV2__3570-3570-5696-0004__SIRm3,2961,3575,8,0.0,0.0,0.0,0.0,0.0,54.52417621478078,20.808264756338463
3575-170457-0019_61-70970-0010__T1__3575-3575-170457-0019__HSIMV2__237-237-126133-0004__SIRm3,3575,61,5,0.0,0.0,0.0,0.0,0.0,44.534423876144004,16.964462729738262
3575-170457-0019_61-70970-0010__T2__61-61-70970-0010__HSIMV2__8230-8230-279154-0012__SIRm3,61,3575,5,0.0,0.0,0.0,0.0,0.0,45.654547999005736,18.57442294891156
3575-170457-0020_1320-122617-0024__T1__3575-3575-170457-0020__HSIMV2__237-237-126133-0019__SIRm3,3575,1320,13,0.0,0.0,0.0,0.0,0.0,55.86538633171744,20.751629189232624
3575-170457-0020_1320-122617-0024__T2__1320-1320-122617-0024__HSIMV2__8455-8455-210777-0020__SIRm3,1320,3575,5,0.0,0.0,0.0,0.0,0.0,51.45735837571031,20.398318745499765
3575-170457-0021_4992-41797-0015__T1__3575-3575-170457-0021__HSIMV2__237-237-134500-0036__SIRm3,3575,4992,7,0.0,0.0,0.0,0.0,0.0,51.623503528645756,19.55674592980108
3575-170457-0021_4992-41797-0015__T2__4992-4992-41797-0015__HSIMV2__4446-4446-2275-0026__SIRm3,4992,3575,9,0.0,0.0,0.0,0.0,0.0,50.64126983244039,20.755184078664303
3575-170457-0022_2094-142345-0045__T1__3575-3575-170457-0022__HSIMV2__237-237-134500-0013__SIRm3,3575,2094,10,0.0,0.0,0.0,0.0,0.0,53.77588573999988,19.089224552639763
3575-170457-0022_2094-142345-0045__T2__2094-2094-142345-0045__HSIMV2__3729-3729-6852-0016__SIRm3,2094,3575,5,0.0,0.0,0.0,0.0,0.0,36.36799150409277,8.826050872574891
3575-170457-0023_4507-16021-0002__T1__3575-3575-170457-0023__HSIMV2__237-237-126133-0021__SIRm3,3575,4507,7,0.0,0.0,0.0,0.0,0.0,54.96909202195237,19.04830465967361
3575-170457-0023_4507-16021-0002__T2__4507-4507-16021-0002__HSIMV2__3729-3729-6852-0046__SIRm3,4507,3575,5,0.0,0.0,0.0,0.0,0.0,53.10372636479735,19.09982752004408
3575-170457-0023_4970-29095-0029__T1__3575-3575-170457-0023__HSIMV2__237-237-134493-0001__SIRm3,3575,4970,13,0.0,0.0,0.0,0.0,0.0,59.854684596148374,20.111282688246195
3575-170457-0023_4970-29095-0029__T2__4970-4970-29095-0029__HSIMV2__6829-6829-68769-0020__SIRm3,4970,3575,6,0.0,0.0,0.0,0.0,0.0,44.926201303401264,17.760311798243762
3575-170457-0023_8230-279154-0008__T1__3575-3575-170457-0023__HSIMV2__237-237-134500-0014__SIRm3,3575,8230,7,0.0,0.0,0.0,0.0,0.0,44.66232529015044,16.659108694254822
3575-170457-0023_8230-279154-0008__T2__8230-8230-279154-0008__HSIMV2__61-61-70970-0015__SIRm3,8230,3575,6,0.16666666666666666,0.0,0.0,0.0,0.0,37.010193494986986,15.2150956224668
3575-170457-0024_61-70968-0041__T1__3575-3575-170457-0024__HSIMV2__237-237-134500-0016__SIRm3,3575,61,5,0.0,0.0,0.0,0.0,0.0,55.59453663318209,23.075190467443328
3575-170457-0024_61-70968-0041__T2__61-61-70968-0041__HSIMV2__8230-8230-279154-0035__SIRm3,61,3575,12,0.0,0.0,0.0,0.16666666666666666,0.0,27.87525401559219,3.2665924578991614
3575-170457-0025_2830-3980-0045__T1__3575-3575-170457-0025__HSIMV2__237-237-134493-0014__SIRm3,3575,2830,6,0.0,0.0,0.0,0.0,0.0,47.24975177910301,20.73170213841128
3575-170457-0025_2830-3980-0045__T2__2830-2830-3980-0045__HSIMV2__1188-1188-133604-0022__SIRm3,2830,3575,6,0.0,0.0,0.0,0.0,0.0,47.82087328724031,17.904133834424258
3575-170457-0025_4992-23283-0005__T1__3575-3575-170457-0025__HSIMV2__237-237-126133-0022__SIRm3,3575,4992,9,0.0,0.0,0.0,0.0,0.0,50.37385362226381,20.006745099723773
3575-170457-0025_4992-23283-0005__T2__4992-4992-23283-0005__HSIMV2__4446-4446-2273-0002__SIRm3,4992,3575,5,0.0,0.0,0.0,0.0,0.0,56.95248991637819,19.08205071046404
3575-170457-0026_1995-1826-0018__T1__3575-3575-170457-0026__HSIMV2__237-237-126133-0008__SIRm3,3575,1995,6,0.0,0.0,0.0,0.0,0.0,56.62258130774399,21.822903810751715
3575-170457-0026_1995-1826-0018__T2__1995-1995-1826-0018__HSIMV2__2094-2094-142345-0036__SIRm3,1995,3575,9,0.0,0.0,0.0,0.0,0.0,61.8883562222417,22.37129816167661
3575-170457-0027_1580-141083-0007__T1__3575-3575-170457-0027__HSIMV2__237-237-126133-0010__SIRm3,3575,1580,8,0.0,0.0,0.0,0.0,0.0,50.03250563419112,18.582205512468384
3575-170457-0027_1580-141083-0007__T2__1580-1580-141083-0007__HSIMV2__1284-1284-1181-0008__SIRm3,1580,3575,8,0.0,0.0,0.0,0.0,0.0,57.689765032734485,21.104296261709067
3575-170457-0027_61-70970-0021__T1__3575-3575-170457-0027__HSIMV2__237-237-126133-0019__SIRm3,3575,61,8,0.0,0.0,0.0,0.0,0.0,57.43585222517129,20.398774557767418
3575-170457-0027_61-70970-0021__T2__61-61-70970-0021__HSIMV2__8230-8230-279154-0003__SIRm3,61,3575,5,0.0,0.0,0.0,0.0,0.0,45.026119789027504,16.115173036585965
3575-170457-0028_7127-75947-0010__T1__3575-3575-170457-0028__HSIMV2__237-237-134500-0036__SIRm3,3575,7127,10,0.0,0.1,0.0,0.0,0.0,64.13214328753455,21.766254244571527
3575-170457-0028_7127-75947-0010__T2__7127-7127-75947-0010__HSIMV2__8455-8455-210777-0011__SIRm3,7127,3575,12,0.0,0.08333333333333333,0.0,0.0,0.0,44.630799207975166,17.166030613538062
3575-170457-0029_8463-287645-0004__T1__3575-3575-170457-0029__HSIMV2__237-237-126133-0001__SIRm3,3575,8463,11,0.0,0.0,0.0,0.0,0.0,50.57089105545027,19.50267197833254
3575-170457-0029_8463-287645-0004__T2__8463-8463-287645-0004__HSIMV2__4992-4992-41797-0000__SIRm3,8463,3575,9,0.0,0.0,0.0,0.0,0.0,51.97851760386864,19.66162999577492
3575-170457-0030_237-134493-0015__T1__3575-3575-170457-0030__HSIMV2__237-237-134500-0022__SIRm3,3575,237,9,0.1111111111111111,0.3333333333333333,0.1111111111111111,0.0,0.0,42.11206179950449,15.586273710202668
3575-170457-0030_237-134493-0015__T2__237-237-134493-0015__HSIMV2__5683-5683-32879-0020__SIRm3,237,3575,12,0.0,0.0,0.0,0.0,0.0,51.46177783157196,20.412515344884923
3575-170457-0030_672-122797-0036__T1__3575-3575-170457-0030__HSIMV2__237-237-134500-0022__SIRm3,3575,672,9,0.1111111111111111,0.3333333333333333,0.1111111111111111,0.0,0.0,42.05936772714777,15.554196266166963
3575-170457-0030_672-122797-0036__T2__672-672-122797-0036__HSIMV2__260-260-123288-0010__SIRm3,672,3575,9,1.0,0.8888888888888888,0.8888888888888888,1.0,0.8888888888888888,-47.51073190757435,-28.995541849130465
3575-170457-0031_4446-2271-0000__T1__3575-3575-170457-0031__HSIMV2__237-237-134493-0013__SIRm3,3575,4446,7,0.0,0.0,0.0,0.0,0.0,42.8880078124876,18.87700910841935
3575-170457-0031_4446-2271-0000__T2__4446-4446-2271-0000__HSIMV2__1284-1284-1180-0009__SIRm3,4446,3575,5,1.0,1.0,1.0,1.0,1.0,-60.955036100618415,-39.82453405819621
3575-170457-0031_4970-29093-0018__T1__3575-3575-170457-0031__HSIMV2__237-237-126133-0005__SIRm3,3575,4970,7,0.0,0.14285714285714285,0.0,0.0,0.0,62.278497540591715,20.20463670748905
3575-170457-0031_4970-29093-0018__T2__4970-4970-29093-0018__HSIMV2__6829-6829-68769-0010__SIRm3,4970,3575,5,0.2,0.2,0.2,0.0,0.0,46.516921224549904,18.6022099731044
3575-170457-0031_4970-29095-0012__T1__3575-3575-170457-0031__HSIMV2__237-237-126133-0015__SIRm3,3575,4970,7,0.0,0.0,0.0,0.0,0.0,53.13057701011977,19.288190439361763
3575-170457-0031_4970-29095-0012__T2__4970-4970-29095-0012__HSIMV2__8555-8555-284449-0011__SIRm3,4970,3575,8,0.0,0.0,0.0,0.0,0.0,59.804454928044365,23.73123922681789
3575-170457-0031_7729-102255-0045__T1__3575-3575-170457-0031__HSIMV2__237-237-134500-0022__SIRm3,3575,7729,7,0.0,0.0,0.0,0.0,0.0,54.39402718806524,18.81539760722546
3575-170457-0031_7729-102255-0045__T2__7729-7729-102255-0045__HSIMV2__7176-7176-92135-0043__SIRm3,7729,3575,12,0.0,0.0,0.0,0.0,0.0,45.24333720813431,16.616065542774216
3575-170457-0032_7729-102255-0029__T1__3575-3575-170457-0032__HSIMV2__237-237-134500-0006__SIRm3,3575,7729,5,0.0,0.2,0.0,0.0,0.0,45.602600207605015,18.253506881755367
3575-170457-0032_7729-102255-0029__T2__7729-7729-102255-0029__HSIMV2__7176-7176-92135-0025__SIRm3,7729,3575,13,0.0,0.0,0.0,0.0,0.0,49.97252784358166,17.468759377447725
3575-170457-0032_8455-210777-0058__T1__3575-3575-170457-0032__HSIMV2__237-237-134493-0015__SIRm3,3575,8455,5,0.0,0.2,0.0,0.0,0.0,43.68616730089845,19.48930108754411
3575-170457-0032_8455-210777-0058__T2__8455-8455-210777-0058__HSIMV2__1320-1320-122617-0030__SIRm3,8455,3575,6,0.0,0.0,0.0,0.0,0.0,44.40311399519916,18.52766078921056
3575-170457-0033_1320-122617-0002__T1__3575-3575-170457-0033__HSIMV2__237-237-126133-0016__SIRm3,3575,1320,7,0.0,0.0,0.0,0.0,0.0,55.42209292903049,21.68343405275234
3575-170457-0033_1320-122617-0002__T2__1320-1320-122617-0002__HSIMV2__5105-5105-28233-0009__SIRm3,1320,3575,26,0.0,0.038461538461538464,0.0,0.0,0.0,53.95203825737549,19.58086018349228
3575-170457-0033_1320-122617-0016__T1__3575-3575-170457-0033__HSIMV2__237-237-134500-0011__SIRm3,3575,1320,5,0.0,0.0,0.0,0.0,0.0,48.98630190564815,19.64797779211365
3575-170457-0033_1320-122617-0016__T2__1320-1320-122617-0016__HSIMV2__5105-5105-28240-0008__SIRm3,1320,3575,19,0.0,0.10526315789473684,0.0,0.0,0.0,51.4166007368944,18.358330678805427
3575-170457-0033_5683-32879-0012__T1__3575-3575-170457-0033__HSIMV2__237-237-126133-0016__SIRm3,3575,5683,7,0.0,0.0,0.0,0.0,0.0,55.4115441570869,21.681154944633697
3575-170457-0033_5683-32879-0012__T2__5683-5683-32879-0012__HSIMV2__237-237-134500-0027__SIRm3,5683,3575,5,0.0,0.0,0.0,0.0,0.0,49.73455392127218,20.572262643294163
3575-170457-0035_1580-141084-0041__T1__3575-3575-170457-0035__HSIMV2__237-237-134493-0012__SIRm3,3575,1580,6,0.0,0.0,0.0,0.0,0.0,63.28312710132337,19.845586618527737
3575-170457-0035_1580-141084-0041__T2__1580-1580-141084-0041__HSIMV2__237-237-134493-0005__SIRm3,1580,3575,14,0.0,0.0,0.0,0.0,0.0,49.67299656221916,20.01041771832199
3575-170457-0038_6829-68769-0009__T1__3575-3575-170457-0038__HSIMV2__237-237-134500-0022__SIRm3,3575,6829,9,0.1111111111111111,0.1111111111111111,0.1111111111111111,0.0,0.0,58.885548131265324,22.27448855759844
3575-170457-0038_6829-68769-0009__T2__6829-6829-68769-0009__HSIMV2__4970-4970-29095-0003__SIRm3,6829,3575,7,0.0,0.0,0.0,0.0,0.0,47.896761600388096,18.97037001982416
3575-170457-0040_8455-210777-0002__T1__3575-3575-170457-0040__HSIMV2__237-237-134500-0016__SIRm3,3575,8455,5,0.0,0.0,0.0,0.0,0.0,59.90759840758399,23.393881775723088
3575-170457-0040_8455-210777-0002__T2__8455-8455-210777-0002__HSIMV2__1320-1320-122617-0027__SIRm3,8455,3575,10,0.0,0.1,0.0,0.0,0.0,66.54078164712348,19.79350553403172
3575-170457-0041_3570-5695-0010__T1__3575-3575-170457-0041__HSIMV2__237-237-126133-0000__SIRm3,3575,3570,25,0.04,0.04,0.0,0.0,0.0,55.28870636022193,21.48851815047053
3575-170457-0041_3570-5695-0010__T2__3570-3570-5695-0010__HSIMV2__4507-4507-16021-0058__SIRm3,3570,3575,5,0.0,0.0,0.0,0.0,0.0,50.339174460302516,19.910677863813888
3575-170457-0042_1580-141083-0007__T1__3575-3575-170457-0042__HSIMV2__237-237-134500-0015__SIRm3,3575,1580,20,0.05,0.05,0.05,0.0,0.0,49.22191093812398,20.101209578888465
3575-170457-0042_1580-141083-0007__T2__1580-1580-141083-0007__HSIMV2__237-237-134500-0011__SIRm3,1580,3575,5,0.0,0.0,0.0,0.0,0.0,47.3580287007981,18.63889170476191
3575-170457-0042_260-123288-0003__T1__3575-3575-170457-0042__HSIMV2__237-237-134493-0016__SIRm3,3575,260,19,0.05263157894736842,0.05263157894736842,0.05263157894736842,0.0,0.0,49.931714910065175,20.47557005280977
3575-170457-0042_260-123288-0003__T2__260-260-123288-0003__HSIMV2__672-672-122797-0043__SIRm3,260,3575,6,0.0,0.0,0.0,0.0,0.0,54.013943961487854,18.289493483627307
3575-170457-0044_1089-134686-0017__T1__3575-3575-170457-0044__HSIMV2__237-237-134493-0017__SIRm3,3575,1089,17,0.0,0.058823529411764705,0.0,0.0,0.0,47.984383264777584,16.247512605044175
3575-170457-0044_1089-134686-0017__T2__1089-1089-134686-0017__HSIMV2__8230-8230-279154-0021__SIRm3,1089,3575,12,0.0,0.0,0.0,0.0,0.0,44.4817258625552,18.520803012297
3575-170457-0044_4446-2273-0004__T1__3575-3575-170457-0044__HSIMV2__237-237-126133-0004__SIRm3,3575,4446,5,0.0,0.0,0.0,0.0,0.0,45.94572127549621,21.7811829600946
3575-170457-0044_4446-2273-0004__T2__4446-4446-2273-0004__HSIMV2__4992-4992-23283-0017__SIRm3,4446,3575,9,0.0,0.0,0.0,0.0,0.0,53.14025492475105,19.513910871661963
3575-170457-0044_6930-81414-0021__T1__3575-3575-170457-0044__HSIMV2__237-237-126133-0005__SIRm3,3575,6930,12,0.0,0.0,0.0,0.0,0.0,56.83428555434259,21.63359950720688
3575-170457-0044_6930-81414-0021__T2__6930-6930-81414-0021__HSIMV2__260-260-123288-0002__SIRm3,6930,3575,5,0.0,0.0,0.0,0.0,0.0,45.19804469294909,17.65717199134894
3575-170457-0045_6829-68769-0040__T1__3575-3575-170457-0045__HSIMV2__237-237-126133-0013__SIRm3,3575,6829,12,0.0,0.0,0.0,0.0,0.0,65.58201009906682,22.89512644008652
3575-170457-0045_6829-68769-0040__T2__6829-6829-68769-0040__HSIMV2__4970-4970-29095-0002__SIRm3,6829,3575,8,0.0,0.0,0.0,0.0,0.0,35.0812060098102,16.654118900639887
3575-170457-0047_5105-28240-0009__T1__3575-3575-170457-0047__HSIMV2__237-237-126133-0009__SIRm3,3575,5105,6,0.0,0.0,0.0,0.0,0.0,55.08590320757315,21.405746496980537
3575-170457-0047_5105-28240-0009__T2__5105-5105-28240-0009__HSIMV2__1320-1320-122617-0040__SIRm3,5105,3575,14,0.07142857142857142,0.0,0.0,0.0,0.0,49.82015152617039,18.902036040103496
3575-170457-0048_1580-141084-0033__T1__3575-3575-170457-0048__HSIMV2__237-237-134500-0015__SIRm3,3575,1580,10,0.0,0.0,0.0,0.0,0.0,58.820055984531145,18.498337872343125
3575-170457-0048_1580-141084-0033__T2__1580-1580-141084-0033__HSIMV2__237-237-134500-0003__SIRm3,1580,3575,5,0.0,0.0,0.0,0.0,0.0,41.961873120074095,11.996948996023342
3575-170457-0051_121-121726-0008__T1__3575-3575-170457-0051__HSIMV2__237-237-134500-0006__SIRm3,3575,121,7,0.0,0.0,0.0,0.0,0.0,50.135299808324916,20.261077129124185
3575-170457-0051_121-121726-0008__T2__121-121-121726-0008__HSIMV2__237-237-134500-0012__SIRm3,121,3575,8,0.375,0.875,0.375,0.0,0.0,32.98508371610839,9.102982335335756
3575-170457-0051_1284-1181-0006__T1__3575-3575-170457-0051__HSIMV2__237-237-134500-0006__SIRm3,3575,1284,7,0.0,0.0,0.0,0.0,0.0,50.13432111200509,20.261405727858023
3575-170457-0051_1284-1181-0006__T2__1284-1284-1181-0006__HSIMV2__4446-4446-2275-0013__SIRm3,1284,3575,6,0.16666666666666666,0.0,0.0,0.0,0.0,57.584813471087756,20.25914974245732
3575-170457-0051_2830-3980-0066__T1__3575-3575-170457-0051__HSIMV2__237-237-134493-0004__SIRm3,3575,2830,8,0.0,0.0,0.0,0.0,0.0,51.5549105232193,20.44233942148337
3575-170457-0051_2830-3980-0066__T2__2830-2830-3980-0066__HSIMV2__1188-1188-133604-0032__SIRm3,2830,3575,11,0.0,0.09090909090909091,0.0,0.0,0.0,48.612206394462675,17.509664722906265
3575-170457-0051_4507-16021-0001__T1__3575-3575-170457-0051__HSIMV2__237-237-134500-0028__SIRm3,3575,4507,8,0.0,0.0,0.0,0.0,0.0,48.68035018345472,19.90318802181399
3575-170457-0051_4507-16021-0001__T2__4507-4507-16021-0001__HSIMV2__3729-3729-6852-0000__SIRm3,4507,3575,20,0.0,0.0,0.0,0.0,0.0,58.61885149440182,20.79352334348079
3575-170457-0052_260-123288-0016__T1__3575-3575-170457-0052__HSIMV2__237-237-126133-0017__SIRm3,3575,260,5,0.0,0.0,0.0,0.0,0.0,49.10326662208982,18.77451311151847
3575-170457-0052_260-123288-0016__T2__260-260-123288-0016__HSIMV2__6930-6930-76324-0015__SIRm3,260,3575,8,0.0,0.0,0.0,0.0,0.0,51.629641133248136,20.152526023006374
3575-170457-0052_260-123440-0007__T1__3575-3575-170457-0052__HSIMV2__237-237-126133-0025__SIRm3,3575,260,5,0.0,0.0,0.0,0.0,0.0,50.701621669528436,20.194318219897703
3575-170457-0052_260-123440-0007__T2__260-260-123440-0007__HSIMV2__672-672-122797-0052__SIRm3,260,3575,5,0.2,0.0,0.0,0.0,0.0,17.4019988596259,6.03307664763175
3575-170457-0052_8463-287645-0008__T1__3575-3575-170457-0052__HSIMV2__237-237-126133-0005__SIRm3,3575,8463,5,0.0,0.0,0.0,0.0,0.0,43.41398794127823,11.465390895385582
3575-170457-0052_8463-287645-0008__T2__8463-8463-287645-0008__HSIMV2__4992-4992-23283-0002__SIRm3,8463,3575,5,0.0,0.0,0.0,0.0,0.0,44.61032244572438,17.051820372562457
3575-170457-0053_8230-279154-0021__T1__3575-3575-170457-0053__HSIMV2__237-237-134493-0013__SIRm3,3575,8230,7,0.0,0.0,0.0,0.0,0.0,46.87540478498007,19.140008760808115
3575-170457-0053_8230-279154-0021__T2__8230-8230-279154-0021__HSIMV2__61-61-70970-0003__SIRm3,8230,3575,6,0.0,0.0,0.0,0.0,0.0,40.65881706380829,16.904376836170727
3575-170457-0054_61-70970-0035__T1__3575-3575-170457-0054__HSIMV2__237-237-126133-0018__SIRm3,3575,61,7,0.0,0.0,0.0,0.0,0.0,53.1052253103552,22.659326362691235
3575-170457-0054_61-70970-0035__T2__61-61-70970-0035__HSIMV2__8230-8230-279154-0017__SIRm3,61,3575,13,0.0,0.0,0.0,0.0,0.0,38.30020996164896,15.079149666638054
3575-170457-0055_3570-5695-0008__T1__3575-3575-170457-0055__HSIMV2__237-237-134500-0006__SIRm3,3575,3570,7,0.14285714285714285,0.14285714285714285,0.14285714285714285,0.0,0.0,37.547052713187256,15.124101299947696
3575-170457-0055_3570-5695-0008__T2__3570-3570-5695-0008__HSIMV2__4507-4507-16021-0011__SIRm3,3570,3575,10,0.0,0.0,0.0,0.0,0.0,47.2741761219357,18.90798473582651
3575-170457-0056_1320-122617-0024__T1__3575-3575-170457-0056__HSIMV2__237-237-126133-0012__SIRm3,3575,1320,5,0.0,0.0,0.0,0.0,0.0,45.97882764135481,19.3452725156708
3575-170457-0056_1320-122617-0024__T2__1320-1320-122617-0024__HSIMV2__5105-5105-28241-0011__SIRm3,1320,3575,14,0.0,0.0,0.0,0.0,0.0,59.08902885545749,20.32265396239264
3575-170457-0056_237-134493-0002__T1__3575-3575-170457-0056__HSIMV2__237-237-134500-0021__SIRm3,3575,237,5,0.0,0.0,0.0,0.0,0.0,61.68634927758136,21.36077319785873
3575-170457-0056_237-134493-0002__T2__237-237-134493-0002__HSIMV2__1580-1580-141083-0002__SIRm3,237,3575,11,0.0,0.0,0.0,0.0,0.0,51.20440743839925,18.94731544874428
3729-6852-0001_4077-13751-0008__T1__3729-3729-6852-0001__HSIMV2__4507-4507-16021-0011__SIRm3,3729,4077,10,0.0,0.0,0.0,0.0,0.0,60.7795343256676,18.805299262614984
3729-6852-0001_4077-13751-0008__T2__4077-4077-13751-0008__HSIMV2__8455-8455-210777-0065__SIRm3,4077,3729,6,0.0,0.0,0.0,0.0,0.0,37.7819778335385,15.418608210310566
3729-6852-0001_8463-294825-0001__T1__3729-3729-6852-0001__HSIMV2__4507-4507-16021-0049__SIRm3,3729,8463,10,0.0,0.0,0.0,0.0,0.0,59.49098453445214,19.101470326283938
3729-6852-0001_8463-294825-0001__T2__8463-8463-294825-0001__HSIMV2__4992-4992-41797-0006__SIRm3,8463,3729,8,0.0,0.0,0.0,0.0,0.0,51.358018180648436,19.2688270985958
3729-6852-0002_5142-36586-0003__T1__3729-3729-6852-0002__HSIMV2__4507-4507-16021-0038__SIRm3,3729,5142,6,0.0,0.0,0.0,0.0,0.0,56.86821743396258,21.217731746946804
3729-6852-0002_5142-36586-0003__T2__5142-5142-36586-0003__HSIMV2__4970-4970-29095-0038__SIRm3,5142,3729,9,0.0,0.0,0.0,0.0,0.0,53.28677461625958,16.771035768617615
3729-6852-0002_61-70968-0019__T1__3729-3729-6852-0002__HSIMV2__4507-4507-16021-0025__SIRm3,3729,61,16,0.0625,0.0,0.0,0.0,0.0,61.459160002975466,21.364868638023687
3729-6852-0002_61-70968-0019__T2__61-61-70968-0019__HSIMV2__7176-7176-88083-0004__SIRm3,61,3729,9,0.0,0.0,0.0,0.0,0.0,36.55438973996521,14.625645780463111
3729-6852-0007_8555-284447-0021__T1__3729-3729-6852-0007__HSIMV2__4507-4507-16021-0023__SIRm3,3729,8555,23,0.043478260869565216,0.043478260869565216,0.0,0.0,0.0,54.59164144235587,20.42811161538288
3729-6852-0007_8555-284447-0021__T2__8555-8555-284447-0021__HSIMV2__4970-4970-29095-0011__SIRm3,8555,3729,5,1.0,1.0,1.0,1.0,1.0,-66.89909524641298,-36.04271840717696
3729-6852-0009_8455-210777-0059__T1__3729-3729-6852-0009__HSIMV2__4507-4507-16021-0049__SIRm3,3729,8455,10,0.0,0.0,0.0,0.0,0.0,58.155595205373345,20.850102927908683
3729-6852-0009_8455-210777-0059__T2__8455-8455-210777-0059__HSIMV2__1320-1320-122617-0034__SIRm3,8455,3729,10,0.0,0.0,0.0,0.0,0.0,46.47815690467877,18.946431780154008
3729-6852-0013_1284-1180-0001__T1__3729-3729-6852-0013__HSIMV2__4507-4507-16021-0043__SIRm3,3729,1284,4,0.0,0.0,0.0,0.0,0.0,47.86830590903099,17.93348070538836
3729-6852-0013_1284-1180-0001__T2__1284-1284-1180-0001__HSIMV2__4446-4446-2273-0018__SIRm3,1284,3729,5,0.0,0.0,0.0,0.0,0.0,49.264160885692675,18.56633789171485
3729-6852-0013_1580-141083-0039__T1__3729-3729-6852-0013__HSIMV2__4507-4507-16021-0045__SIRm3,3729,1580,4,0.0,0.0,0.0,0.0,0.0,50.6287099346292,18.32929132813948
3729-6852-0013_1580-141083-0039__T2__1580-1580-141083-0039__HSIMV2__237-237-134500-0033__SIRm3,1580,3729,6,0.0,0.16666666666666666,0.0,0.0,0.0,51.50770113280242,21.504686396771564
3729-6852-0013_237-134500-0002__T1__3729-3729-6852-0013__HSIMV2__4507-4507-16021-0048__SIRm3,3729,237,4,0.0,0.0,0.0,0.0,0.0,51.612464643450075,18.863659082274665
3729-6852-0013_237-134500-0002__T2__237-237-134500-0002__HSIMV2__3575-3575-170457-0042__SIRm3,237,3729,9,0.0,0.0,0.0,0.0,0.0,48.02665067147181,18.14507337216633
3729-6852-0013_4992-41797-0014__T1__3729-3729-6852-0013__HSIMV2__4507-4507-16021-0049__SIRm3,3729,4992,4,0.0,0.0,0.0,0.0,0.0,44.20998829646896,17.63904726722982
3729-6852-0013_4992-41797-0014__T2__4992-4992-41797-0014__HSIMV2__4446-4446-2273-0003__SIRm3,4992,3729,13,0.0,0.0,0.0,0.0,0.0,50.500406672363816,19.37269917665094
3729-6852-0014_3570-5694-0022__T1__3729-3729-6852-0014__HSIMV2__4507-4507-16021-0059__SIRm3,3729,3570,9,0.0,0.0,0.0,0.0,0.0,61.659142883424934,22.834073105959167
3729-6852-0014_3570-5694-0022__T2__3570-3570-5694-0022__HSIMV2__4507-4507-16021-0039__SIRm3,3570,3729,7,0.0,0.0,0.0,0.0,0.0,58.54658803184013,22.34522553294522
3729-6852-0014_7021-85628-0016__T1__3729-3729-6852-0014__HSIMV2__4507-4507-16021-0003__SIRm3,3729,7021,8,0.0,0.0,0.0,0.0,0.0,48.003970159905776,17.63515770751601
3729-6852-0014_7021-85628-0016__T2__7021-7021-85628-0016__HSIMV2__5105-5105-28233-0008__SIRm3,7021,3729,7,0.0,0.0,0.0,0.0,0.0,48.20315856058641,18.85140600334769
3729-6852-0016_5683-32879-0022__T1__3729-3729-6852-0016__HSIMV2__4507-4507-16021-0029__SIRm3,3729,5683,6,0.0,0.0,0.0,0.0,0.0,54.68328589459588,21.27000241674765
3729-6852-0016_5683-32879-0022__T2__5683-5683-32879-0022__HSIMV2__237-237-126133-0010__SIRm3,5683,3729,7,1.0,1.0,1.0,1.0,1.0,-14.850686941644563,-3.519980152399245
3729-6852-0016_61-70968-0010__T1__3729-3729-6852-0016__HSIMV2__4507-4507-16021-0051__SIRm3,3729,61,7,0.0,0.0,0.0,0.0,0.0,51.19932821816615,19.18859220826956
3729-6852-0016_61-70968-0010__T2__61-61-70968-0010__HSIMV2__8230-8230-279154-0033__SIRm3,61,3729,15,0.0,0.0,0.0,0.0,0.0,44.183242980209506,14.60136275094903
3729-6852-0018_5683-32866-0022__T1__3729-3729-6852-0018__HSIMV2__4507-4507-16021-0010__SIRm3,3729,5683,11,0.0,0.0,0.0,0.0,0.0,60.74286159974841,20.87521196730953
3729-6852-0018_5683-32866-0022__T2__5683-5683-32866-0022__HSIMV2__1221-1221-135766-0004__SIRm3,5683,3729,5,0.0,0.0,0.0,0.0,0.0,49.96289473993452,19.15553354649212
3729-6852-0018_61-70970-0013__T1__3729-3729-6852-0018__HSIMV2__4507-4507-16021-0029__SIRm3,3729,61,6,0.0,0.0,0.0,0.0,0.0,52.38783862460783,17.426906737112326
3729-6852-0018_61-70970-0013__T2__61-61-70970-0013__HSIMV2__8230-8230-279154-0028__SIRm3,61,3729,7,0.0,0.0,0.0,0.0,0.0,32.678636144553835,15.485424866395936
3729-6852-0018_6829-68769-0010__T1__3729-3729-6852-0018__HSIMV2__4507-4507-16021-0021__SIRm3,3729,6829,11,0.0,0.0,0.0,0.0,0.0,55.30599800460341,18.603751340287133
3729-6852-0018_6829-68769-0010__T2__6829-6829-68769-0010__HSIMV2__4446-4446-2273-0007__SIRm3,6829,3729,5,0.0,0.0,0.0,0.0,0.0,53.88324764692474,20.17117149326177
3729-6852-0019_5639-40744-0037__T1__3729-3729-6852-0019__HSIMV2__4507-4507-16021-0016__SIRm3,3729,5639,5,0.0,0.0,0.0,0.0,0.0,43.00321165206772,15.389711650875382
3729-6852-0019_5639-40744-0037__T2__5639-5639-40744-0037__HSIMV2__1089-1089-134691-0002__SIRm3,5639,3729,21,0.0,0.0,0.0,0.0,0.0,53.16556944327696,20.95545527850071
3729-6852-0020_7176-92135-0016__T1__3729-3729-6852-0020__HSIMV2__4507-4507-16021-0018__SIRm3,3729,7176,5,0.0,0.2,0.0,0.0,0.0,47.620892041882676,19.68120846870454
3729-6852-0020_7176-92135-0016__T2__7176-7176-92135-0016__HSIMV2__61-61-70970-0010__SIRm3,7176,3729,5,0.2,0.0,0.0,0.0,0.0,40.970929383163224,16.397569716189768
3729-6852-0022_4992-41806-0011__T1__3729-3729-6852-0022__HSIMV2__4507-4507-16021-0024__SIRm3,3729,4992,9,0.0,0.0,0.0,0.0,0.0,62.31374295815645,21.216700351926352
3729-6852-0022_4992-41806-0011__T2__4992-4992-41806-0011__HSIMV2__4446-4446-2271-0017__SIRm3,4992,3729,14,0.0,0.0,0.0,0.0,0.0,54.24058594511403,19.440477044744814
3729-6852-0022_6930-76324-0004__T1__3729-3729-6852-0022__HSIMV2__4507-4507-16021-0043__SIRm3,3729,6930,6,0.0,0.0,0.0,0.0,0.0,57.70343281862588,18.570721322700564
3729-6852-0022_6930-76324-0004__T2__6930-6930-76324-0004__HSIMV2__260-260-123288-0002__SIRm3,6930,3729,11,0.0,0.0,0.0,0.0,0.0,43.020885953773984,17.465757390462294
3729-6852-0023_1089-134686-0032__T1__3729-3729-6852-0023__HSIMV2__4507-4507-16021-0028__SIRm3,3729,1089,5,0.0,0.0,0.0,0.0,0.0,50.64722448040638,20.362720961689543
3729-6852-0023_1089-134686-0032__T2__1089-1089-134686-0032__HSIMV2__8230-8230-279154-0024__SIRm3,1089,3729,7,0.0,0.0,0.0,0.0,0.0,48.29130611507255,19.285847154780665
3729-6852-0023_8224-274381-0015__T1__3729-3729-6852-0023__HSIMV2__4507-4507-16021-0054__SIRm3,3729,8224,7,0.0,0.0,0.0,0.0,0.0,46.86627151055406,17.479837132343942
3729-6852-0023_8224-274381-0015__T2__8224-8224-274381-0015__HSIMV2__8455-8455-210777-0062__SIRm3,8224,3729,5,0.0,0.0,0.0,0.0,0.0,49.28591948441615,18.40867029293389
3729-6852-0025_1284-134647-0004__T1__3729-3729-6852-0025__HSIMV2__4507-4507-16021-0043__SIRm3,3729,1284,5,0.0,0.0,0.0,0.0,0.0,46.43167252928517,17.370148723924743
3729-6852-0025_1284-134647-0004__T2__1284-1284-134647-0004__HSIMV2__1580-1580-141083-0049__SIRm3,1284,3729,6,0.16666666666666666,0.0,0.0,0.0,0.0,54.98585240450445,19.885183886241983
3729-6852-0025_5105-28240-0004__T1__3729-3729-6852-0025__HSIMV2__4507-4507-16021-0013__SIRm3,3729,5105,5,0.0,0.0,0.0,0.0,0.0,52.59419692581719,17.8313051847159
3729-6852-0025_5105-28240-0004__T2__5105-5105-28240-0004__HSIMV2__1320-1320-122617-0009__SIRm3,5105,3729,11,0.0,0.0,0.0,0.0,0.0,51.78598927168555,18.32879426808466
3729-6852-0025_7176-88083-0014__T1__3729-3729-6852-0025__HSIMV2__4507-4507-16021-0033__SIRm3,3729,7176,5,0.0,0.0,0.0,0.0,0.0,51.798795819564376,19.34695372966113
3729-6852-0025_7176-88083-0014__T2__7176-7176-88083-0014__HSIMV2__61-61-70970-0003__SIRm3,7176,3729,6,0.0,0.0,0.0,0.0,0.0,43.18362150835814,16.750688400499744
3729-6852-0026_3570-5696-0006__T1__3729-3729-6852-0026__HSIMV2__4507-4507-16021-0031__SIRm3,3729,3570,8,0.0,0.0,0.0,0.0,0.0,46.64901807188535,18.63788053773561
3729-6852-0026_3570-5696-0006__T2__3570-3570-5696-0006__HSIMV2__4507-4507-16021-0028__SIRm3,3570,3729,5,0.0,0.0,0.0,0.0,0.0,52.65138377249885,20.87517337006241
3729-6852-0026_4992-41797-0021__T1__3729-3729-6852-0026__HSIMV2__4507-4507-16021-0051__SIRm3,3729,4992,8,0.0,0.0,0.0,0.0,0.0,50.191195104151404,18.260557639619662
3729-6852-0026_4992-41797-0021__T2__4992-4992-41797-0021__HSIMV2__4446-4446-2271-0005__SIRm3,4992,3729,5,0.0,0.0,0.0,0.0,0.0,54.182622035974376,19.314804587471617
3729-6852-0027_1995-1837-0024__T1__3729-3729-6852-0027__HSIMV2__4507-4507-16021-0029__SIRm3,3729,1995,5,0.0,0.0,0.0,0.0,0.0,62.74552217427481,20.50759792245016
3729-6852-0027_1995-1837-0024__T2__1995-1995-1837-0024__HSIMV2__2094-2094-142345-0023__SIRm3,1995,3729,9,0.0,0.0,0.0,0.0,0.0,55.05363533702769,20.654622638392752
3729-6852-0028_3575-170457-0055__T1__3729-3729-6852-0028__HSIMV2__4507-4507-16021-0053__SIRm3,3729,3575,9,0.0,0.0,0.0,0.0,0.0,50.357553147872856,18.787367502079213
3729-6852-0028_3575-170457-0055__T2__3575-3575-170457-0055__HSIMV2__237-237-134493-0018__SIRm3,3575,3729,8,0.0,0.0,0.0,0.0,0.0,50.498135839328434,19.82244165485845
3729-6852-0031_121-127105-0034__T1__3729-3729-6852-0031__HSIMV2__4507-4507-16021-0033__SIRm3,3729,121,7,0.0,0.0,0.0,0.0,0.0,55.166598053480435,20.15435232365573
3729-6852-0031_121-127105-0034__T2__121-121-127105-0034__HSIMV2__237-237-134493-0006__SIRm3,121,3729,7,0.0,0.14285714285714285,0.0,0.0,0.0,52.957646863232206,20.49279927442717
3729-6852-0032_237-134500-0006__T1__3729-3729-6852-0032__HSIMV2__4507-4507-16021-0050__SIRm3,3729,237,6,0.0,0.0,0.0,0.0,0.0,58.39620543183795,20.90876408014704
3729-6852-0032_237-134500-0006__T2__237-237-134500-0006__HSIMV2__1580-1580-141083-0036__SIRm3,237,3729,6,0.0,0.0,0.0,0.0,0.0,50.58525550888235,18.88117827139041
3729-6852-0036_908-31957-0019__T1__3729-3729-6852-0036__HSIMV2__4507-4507-16021-0015__SIRm3,3729,908,6,0.0,0.0,0.0,0.0,0.0,50.88240094376581,18.537363694329347
3729-6852-0036_908-31957-0019__T2__908-908-31957-0019__HSIMV2__7176-7176-88083-0024__SIRm3,908,3729,15,0.0,0.0,0.0,0.0,0.0,47.2055634415758,17.417839225692042
3729-6852-0037_1995-1826-0019__T1__3729-3729-6852-0037__HSIMV2__4507-4507-16021-0048__SIRm3,3729,1995,9,0.0,0.0,0.0,0.0,0.0,51.156321493641144,19.202604831736885
3729-6852-0037_1995-1826-0019__T2__1995-1995-1826-0019__HSIMV2__2094-2094-142345-0052__SIRm3,1995,3729,9,0.0,0.0,0.0,0.0,0.0,59.095555432282964,22.00195414962348
3729-6852-0037_8463-287645-0000__T1__3729-3729-6852-0037__HSIMV2__4507-4507-16021-0013__SIRm3,3729,8463,10,0.1,0.0,0.0,0.0,0.0,41.055282551149965,17.74521625281298
3729-6852-0037_8463-287645-0000__T2__8463-8463-287645-0000__HSIMV2__4992-4992-23283-0020__SIRm3,8463,3729,8,0.0,0.0,0.0,0.0,0.0,38.75863604421616,16.760924810665365
3729-6852-0038_8455-210777-0033__T1__3729-3729-6852-0038__HSIMV2__4507-4507-16021-0023__SIRm3,3729,8455,10,0.0,0.0,0.0,0.0,0.0,49.65590338574536,19.18534136850237
3729-6852-0038_8455-210777-0033__T2__8455-8455-210777-0033__HSIMV2__1320-1320-122612-0014__SIRm3,8455,3729,6,0.0,0.0,0.0,0.0,0.0,40.96213868498714,16.672510766388985
3729-6852-0038_8463-294828-0003__T1__3729-3729-6852-0038__HSIMV2__4507-4507-16021-0054__SIRm3,3729,8463,7,0.0,0.0,0.0,0.0,0.0,48.10480979838831,17.79228542516956
3729-6852-0038_8463-294828-0003__T2__8463-8463-294828-0003__HSIMV2__4992-4992-23283-0020__SIRm3,8463,3729,17,0.0,0.0,0.0,0.0,0.0,49.096581823462984,17.98121214979622
3729-6852-0039_672-122797-0067__T1__3729-3729-6852-0039__HSIMV2__4507-4507-16021-0028__SIRm3,3729,672,5,0.0,0.0,0.0,0.0,0.0,45.591530687916375,17.132243434005126
3729-6852-0039_672-122797-0067__T2__672-672-122797-0067__HSIMV2__260-260-123288-0016__SIRm3,672,3729,8,0.0,0.0,0.0,0.0,0.0,46.30180441312507,17.084000851560422
3729-6852-0040_672-122797-0030__T1__3729-3729-6852-0040__HSIMV2__4507-4507-16021-0025__SIRm3,3729,672,17,0.0,0.0,0.0,0.0,0.0,52.5861880911312,19.88287582793575
3729-6852-0040_672-122797-0030__T2__672-672-122797-0030__HSIMV2__260-260-123440-0018__SIRm3,672,3729,6,0.0,0.0,0.0,0.0,0.0,49.945735644295716,16.88634875271093
3729-6852-0040_908-31957-0013__T1__3729-3729-6852-0040__HSIMV2__4507-4507-16021-0043__SIRm3,3729,908,6,0.0,0.0,0.0,0.0,0.0,48.97188440831402,18.208245593118697
3729-6852-0040_908-31957-0013__T2__908-908-31957-0013__HSIMV2__7176-7176-88083-0006__SIRm3,908,3729,7,0.0,0.0,0.0,0.0,0.0,48.67240189710045,16.520838279055052
3729-6852-0042_6829-68769-0007__T1__3729-3729-6852-0042__HSIMV2__4507-4507-16021-0013__SIRm3,3729,6829,19,0.0,0.0,0.0,0.0,0.0,50.05196396261592,19.10204873580276
3729-6852-0042_6829-68769-0007__T2__6829-6829-68769-0007__HSIMV2__4970-4970-29095-0006__SIRm3,6829,3729,6,0.0,0.0,0.0,0.3333333333333333,0.0,34.130727281094494,3.587092469162002
3729-6852-0043_2830-3980-0031__T1__3729-3729-6852-0043__HSIMV2__4507-4507-16021-0036__SIRm3,3729,2830,7,0.0,0.0,0.0,0.0,0.0,49.42834369551672,18.648884464813467
3729-6852-0043_2830-3980-0031__T2__2830-2830-3980-0031__HSIMV2__8230-8230-279154-0023__SIRm3,2830,3729,11,0.0,0.0,0.0,0.0,0.0,50.75109363011556,18.78464633295058
3729-6852-0043_8555-284447-0000__T1__3729-3729-6852-0043__HSIMV2__4507-4507-16021-0029__SIRm3,3729,8555,6,0.0,0.0,0.0,0.0,0.0,54.50767505509538,20.921684611630404
3729-6852-0043_8555-284447-0000__T2__8555-8555-284447-0000__HSIMV2__4970-4970-29095-0035__SIRm3,8555,3729,8,0.0,0.0,0.0,0.0,0.0,49.39838660512158,21.35432077042213
3729-6852-0044_3570-5694-0012__T1__3729-3729-6852-0044__HSIMV2__4507-4507-16021-0023__SIRm3,3729,3570,12,0.0,0.0,0.0,0.0,0.0,51.841971018762784,20.69835457379759
3729-6852-0044_3570-5694-0012__T2__3570-3570-5694-0012__HSIMV2__4507-4507-16021-0055__SIRm3,3570,3729,5,0.0,0.0,0.0,0.0,0.0,57.407565656228044,20.6767474879712
3729-6852-0046_672-122797-0044__T1__3729-3729-6852-0046__HSIMV2__4507-4507-16021-0040__SIRm3,3729,672,6,0.0,0.16666666666666666,0.0,0.0,0.0,40.01417398703662,17.264720709247236
3729-6852-0046_672-122797-0044__T2__672-672-122797-0044__HSIMV2__260-260-123288-0016__SIRm3,672,3729,6,0.0,0.0,0.0,0.0,0.0,61.496062665296584,20.29490762272352
3729-6852-0046_6930-76324-0000__T1__3729-3729-6852-0046__HSIMV2__4507-4507-16021-0001__SIRm3,3729,6930,21,0.0,0.047619047619047616,0.0,0.0,0.0,56.24330533400009,20.480540349048013
3729-6852-0046_6930-76324-0000__T2__6930-6930-76324-0000__HSIMV2__260-260-123288-0006__SIRm3,6930,3729,5,0.0,0.0,0.0,0.0,0.0,44.4919210459786,16.67327095997449
4077-13751-0000_237-134500-0039__T1__4077-4077-13751-0000__HSIMV2__8455-8455-210777-0000__SIRm3,4077,237,16,0.0,0.0,0.0,0.0,0.0,46.78541382021817,17.25930406467516
4077-13751-0000_237-134500-0039__T2__237-237-134500-0039__HSIMV2__1580-1580-141083-0030__SIRm3,237,4077,5,0.0,0.0,0.0,0.0,0.0,46.595411598720226,18.341018455326527
4077-13751-0000_8224-274384-0006__T1__4077-4077-13751-0000__HSIMV2__8455-8455-210777-0028__SIRm3,4077,8224,14,0.0,0.0,0.0,0.0,0.0,53.54527041223647,17.227279531734425
4077-13751-0000_8224-274384-0006__T2__8224-8224-274384-0006__HSIMV2__8455-8455-210777-0020__SIRm3,8224,4077,5,0.0,0.0,0.0,0.0,0.0,35.14252519320275,16.328805142603855
4077-13751-0006_8555-292519-0011__T1__4077-4077-13751-0006__HSIMV2__8455-8455-210777-0038__SIRm3,4077,8555,19,0.0,0.0,0.0,0.0,0.0,44.728648313780674,17.06808629863187
4077-13751-0006_8555-292519-0011__T2__8555-8555-292519-0011__HSIMV2__4970-4970-29095-0008__SIRm3,8555,4077,5,0.0,0.0,0.0,0.0,0.0,55.6240889820283,20.608432639878213
4077-13751-0008_1089-134691-0016__T1__4077-4077-13751-0008__HSIMV2__8455-8455-210777-0048__SIRm3,4077,1089,5,0.0,0.0,0.0,0.0,0.0,33.04271298205989,13.117879485741334
4077-13751-0008_1089-134691-0016__T2__1089-1089-134691-0016__HSIMV2__8230-8230-279154-0026__SIRm3,1089,4077,17,0.0,0.0,0.0,0.0,0.0,46.89609364109984,18.049407609421625
4077-13751-0008_4446-2275-0012__T1__4077-4077-13751-0008__HSIMV2__8455-8455-210777-0011__SIRm3,4077,4446,12,0.0,0.0,0.0,0.0,0.0,47.38133182482494,16.80010185031056
4077-13751-0008_4446-2275-0012__T2__4446-4446-2275-0012__HSIMV2__4992-4992-41806-0001__SIRm3,4446,4077,11,0.0,0.0,0.0,0.0,0.0,59.061159255292836,22.057033592532
4077-13751-0009_5142-36377-0009__T1__4077-4077-13751-0009__HSIMV2__8455-8455-210777-0034__SIRm3,4077,5142,14,0.0,0.0,0.0,0.0,0.0,46.90113530924952,18.25750405966506
4077-13751-0009_5142-36377-0009__T2__5142-5142-36377-0009__HSIMV2__4970-4970-29093-0020__SIRm3,5142,4077,8,0.125,0.0,0.0,0.25,0.0,15.352530810022254,1.504643007208058
4077-13751-0009_908-157963-0017__T1__4077-4077-13751-0009__HSIMV2__8455-8455-210777-0030__SIRm3,4077,908,23,0.0,0.0,0.0,0.0,0.0,46.950408980354375,18.024567910609047
4077-13751-0009_908-157963-0017__T2__908-908-157963-0017__HSIMV2__7176-7176-92135-0001__SIRm3,908,4077,8,1.0,1.0,1.0,1.0,1.0,-53.069589307757774,-30.061231636243512
4077-13751-0009_908-31957-0007__T1__4077-4077-13751-0009__HSIMV2__8455-8455-210777-0070__SIRm3,4077,908,10,0.0,0.0,0.0,0.0,0.0,52.17737571535711,18.43539934429015
4077-13751-0009_908-31957-0007__T2__908-908-31957-0007__HSIMV2__7176-7176-92135-0040__SIRm3,908,4077,10,0.0,0.0,0.0,0.0,0.0,49.52505821884995,18.990622172496582
4077-13751-0010_237-126133-0014__T1__4077-4077-13751-0010__HSIMV2__8455-8455-210777-0036__SIRm3,4077,237,11,0.0,0.0,0.0,0.0,0.0,47.67299132932971,16.997485790496185
4077-13751-0010_237-126133-0014__T2__237-237-126133-0014__HSIMV2__5683-5683-32865-0016__SIRm3,237,4077,5,0.0,0.0,0.0,0.0,0.0,52.67414479329366,20.022167213363684
4077-13751-0010_2830-3980-0006__T1__4077-4077-13751-0010__HSIMV2__8455-8455-210777-0000__SIRm3,4077,2830,12,0.0,0.0,0.0,0.0,0.0,40.93744461224804,16.54271577542699
4077-13751-0010_2830-3980-0006__T2__2830-2830-3980-0006__HSIMV2__8230-8230-279154-0039__SIRm3,2830,4077,8,0.0,0.0,0.0,0.0,0.0,57.97539331273499,21.561765453548272
4077-13751-0010_8463-294825-0002__T1__4077-4077-13751-0010__HSIMV2__8455-8455-210777-0017__SIRm3,4077,8463,9,0.0,0.0,0.0,0.0,0.0,46.44007086416451,17.495678152942684
4077-13751-0010_8463-294825-0002__T2__8463-8463-294825-0002__HSIMV2__4992-4992-23283-0000__SIRm3,8463,4077,12,0.0,0.0,0.0,0.0,0.0,54.867579659534016,19.076768285557847
4077-13751-0011_7729-102255-0021__T1__4077-4077-13751-0011__HSIMV2__8455-8455-210777-0000__SIRm3,4077,7729,16,0.0,0.0,0.0,0.0,0.0,44.141957255513766,17.858032359978605
4077-13751-0011_7729-102255-0021__T2__7729-7729-102255-0021__HSIMV2__7176-7176-92135-0031__SIRm3,7729,4077,14,0.0,0.0,0.0,0.0,0.0,52.180452744405855,18.531571946753825
4077-13751-0012_2094-142345-0051__T1__4077-4077-13751-0012__HSIMV2__8455-8455-210777-0030__SIRm3,4077,2094,23,0.0,0.0,0.0,0.0,0.0,51.12624133166794,18.88822068903137
4077-13751-0012_2094-142345-0051__T2__2094-2094-142345-0051__HSIMV2__3729-3729-6852-0041__SIRm3,2094,4077,9,0.0,0.0,0.0,0.0,0.0,53.036791090030434,19.12607739747816
4077-13751-0012_7729-102255-0038__T1__4077-4077-13751-0012__HSIMV2__8455-8455-210777-0048__SIRm3,4077,7729,5,0.0,0.0,0.0,0.0,0.0,45.228784369414186,17.302198605334162
4077-13751-0012_7729-102255-0038__T2__7729-7729-102255-0038__HSIMV2__7176-7176-92135-0042__SIRm3,7729,4077,13,0.0,0.0,0.0,0.0,0.0,43.38241348624073,15.6208920117311
4077-13751-0013_1284-1181-0005__T1__4077-4077-13751-0013__HSIMV2__8455-8455-210777-0016__SIRm3,4077,1284,7,0.0,0.0,0.0,0.0,0.0,41.003681153634936,15.408232648484702
4077-13751-0013_1284-1181-0005__T2__1284-1284-1181-0005__HSIMV2__4446-4446-2273-0022__SIRm3,1284,4077,6,0.0,0.0,0.0,0.0,0.0,61.525705719029474,19.7296164987792
4077-13751-0013_4970-29095-0024__T1__4077-4077-13751-0013__HSIMV2__8455-8455-210777-0003__SIRm3,4077,4970,7,0.0,0.0,0.0,0.0,0.0,44.64698131793703,15.13995902715228
4077-13751-0013_4970-29095-0024__T2__4970-4970-29095-0024__HSIMV2__6829-6829-68771-0019__SIRm3,4970,4077,11,0.0,0.0,0.0,0.0,0.0,50.629201425891985,19.379953382143604
4077-13751-0013_6829-68769-0005__T1__4077-4077-13751-0013__HSIMV2__8455-8455-210777-0028__SIRm3,4077,6829,7,0.0,0.0,0.0,0.0,0.0,46.12594869177052,14.506010418975356
4077-13751-0013_6829-68769-0005__T2__6829-6829-68769-0005__HSIMV2__4446-4446-2273-0034__SIRm3,6829,4077,6,0.0,0.0,0.0,0.0,0.0,47.436350368775756,19.379990540909404
4077-13751-0013_908-31957-0023__T1__4077-4077-13751-0013__HSIMV2__8455-8455-210777-0039__SIRm3,4077,908,7,0.0,0.0,0.0,0.0,0.0,46.534022905708426,17.571811360061307
4077-13751-0013_908-31957-0023__T2__908-908-31957-0023__HSIMV2__7176-7176-92135-0032__SIRm3,908,4077,5,0.0,0.0,0.0,0.0,0.0,43.024286236093914,18.08718404626749
4077-13751-0014_1320-122612-0009__T1__4077-4077-13751-0014__HSIMV2__8455-8455-210777-0048__SIRm3,4077,1320,5,0.0,0.0,0.0,0.0,0.0,45.19898832787552,17.0323586393935
4077-13751-0014_1320-122612-0009__T2__1320-1320-122612-0009__HSIMV2__5105-5105-28241-0003__SIRm3,1320,4077,6,0.0,0.0,0.0,0.0,0.0,51.19709943820942,17.91821042835097
4077-13751-0015_1284-1180-0029__T1__4077-4077-13751-0015__HSIMV2__8455-8455-210777-0009__SIRm3,4077,1284,8,0.0,0.0,0.0,0.0,0.0,37.38401693484001,15.751123273014848
4077-13751-0015_1284-1180-0029__T2__1284-1284-1180-0029__HSIMV2__4446-4446-2275-0001__SIRm3,1284,4077,8,0.0,0.0,0.0,0.0,0.0,48.882631376708986,17.884668328208
4077-13751-0016_1320-122617-0010__T1__4077-4077-13751-0016__HSIMV2__8455-8455-210777-0057__SIRm3,4077,1320,20,0.0,0.05,0.0,0.0,0.0,47.621435879766565,16.668259819915832
4077-13751-0016_1320-122617-0010__T2__1320-1320-122617-0010__HSIMV2__5105-5105-28241-0018__SIRm3,1320,4077,19,0.0,0.05263157894736842,0.0,0.0,0.0,56.58731154696205,21.41528075433004
4077-13751-0016_5142-33396-0006__T1__4077-4077-13751-0016__HSIMV2__8455-8455-210777-0049__SIRm3,4077,5142,7,0.0,0.0,0.0,0.0,0.0,48.14862612714567,18.22634180479999
4077-13751-0016_5142-33396-0006__T2__5142-5142-33396-0006__HSIMV2__4970-4970-29093-0023__SIRm3,5142,4077,11,0.0,0.0,0.0,0.0,0.0,52.87128484633574,21.27228089357001
4077-13751-0017_4446-2275-0008__T1__4077-4077-13751-0017__HSIMV2__8455-8455-210777-0028__SIRm3,4077,4446,9,0.0,0.0,0.0,0.0,0.0,50.20577529111433,18.41631278384054
4077-13751-0017_4446-2275-0008__T2__4446-4446-2275-0008__HSIMV2__4992-4992-23283-0011__SIRm3,4446,4077,7,0.0,0.0,0.0,0.0,0.0,44.79993231412634,16.180241901749294
4077-13751-0017_4446-2275-0040__T1__4077-4077-13751-0017__HSIMV2__8455-8455-210777-0029__SIRm3,4077,4446,5,0.0,0.0,0.0,0.0,0.0,41.596545818362856,18.56351914926637
4077-13751-0017_4446-2275-0040__T2__4446-4446-2275-0040__HSIMV2__4992-4992-23283-0010__SIRm3,4446,4077,9,0.0,0.0,0.0,0.0,0.0,47.910878433274554,16.804910801415755
4077-13751-0017_5105-28241-0009__T1__4077-4077-13751-0017__HSIMV2__8455-8455-210777-0067__SIRm3,4077,5105,6,0.0,0.0,0.0,0.0,0.0,33.630087047635016,14.226749995342375
4077-13751-0017_5105-28241-0009__T2__5105-5105-28241-0009__HSIMV2__1320-1320-122617-0020__SIRm3,5105,4077,13,0.0,0.0,0.0,0.0,0.0,56.202121331273695,20.75942260110444
4077-13751-0017_8455-210777-0048__T1__4077-4077-13751-0017__HSIMV2__8455-8455-210777-0008__SIRm3,4077,8455,9,0.0,0.0,0.0,0.0,0.0,45.85233287372749,16.235188443929008
4077-13751-0017_8455-210777-0048__T2__8455-8455-210777-0048__HSIMV2__1320-1320-122612-0009__SIRm3,8455,4077,5,0.0,0.0,0.0,0.0,0.0,44.36246534849017,17.06436211207287
4077-13751-0020_4507-16021-0043__T1__4077-4077-13751-0020__HSIMV2__8455-8455-210777-0033__SIRm3,4077,4507,14,0.0,0.0,0.0,0.0,0.0,51.12714625421781,18.16130651750821
4077-13751-0020_4507-16021-0043__T2__4507-4507-16021-0043__HSIMV2__3729-3729-6852-0028__SIRm3,4507,4077,6,0.0,0.0,0.0,0.0,0.0,42.47204611658554,17.073367175648706
4077-13751-0020_8555-284449-0007__T1__4077-4077-13751-0020__HSIMV2__8455-8455-210777-0009__SIRm3,4077,8555,8,0.0,0.0,0.0,0.0,0.0,43.53403229878229,16.033034133631503
4077-13751-0020_8555-284449-0007__T2__8555-8555-284449-0007__HSIMV2__4970-4970-29095-0030__SIRm3,8555,4077,8,1.0,1.0,1.0,1.0,1.0,-62.87778450056946,-35.91517065626584
4077-13754-0000_2300-131720-0008__T1__4077-4077-13754-0000__HSIMV2__8455-8455-210777-0012__SIRm3,4077,2300,6,0.0,0.0,0.0,0.0,0.0,51.25818067303107,17.981093926369613
4077-13754-0000_2300-131720-0008__T2__2300-2300-131720-0008__HSIMV2__61-61-70968-0017__SIRm3,2300,4077,9,0.0,0.0,0.0,0.0,0.0,51.522097271721385,17.1969048253691
4077-13754-0000_2830-3980-0074__T1__4077-4077-13754-0000__HSIMV2__8455-8455-210777-0026__SIRm3,4077,2830,5,0.0,0.0,0.0,0.0,0.0,50.610501247532305,18.611782814905315
4077-13754-0000_2830-3980-0074__T2__2830-2830-3980-0074__HSIMV2__1188-1188-133604-0041__SIRm3,2830,4077,10,0.0,0.0,0.0,0.0,0.0,45.8734300966082,18.11662310479004
4077-13754-0000_6930-76324-0025__T1__4077-4077-13754-0000__HSIMV2__8455-8455-210777-0016__SIRm3,4077,6930,8,0.0,0.0,0.0,0.0,0.0,45.823902061273074,18.340141682383013
4077-13754-0000_6930-76324-0025__T2__6930-6930-76324-0025__HSIMV2__260-260-123288-0009__SIRm3,6930,4077,5,0.0,0.0,0.0,0.0,0.0,42.90423263326977,17.505515975324883
4077-13754-0001_5142-33396-0065__T1__4077-4077-13754-0001__HSIMV2__8455-8455-210777-0022__SIRm3,4077,5142,6,0.0,0.0,0.0,0.0,0.0,49.941485660100035,17.413401027153306
4077-13754-0001_5142-33396-0065__T2__5142-5142-33396-0065__HSIMV2__4970-4970-29095-0022__SIRm3,5142,4077,8,0.0,0.0,0.0,0.0,0.0,52.79268460285158,22.66963102369589
4077-13754-0003_2961-961-0017__T1__4077-4077-13754-0003__HSIMV2__8455-8455-210777-0025__SIRm3,4077,2961,6,0.0,0.0,0.0,0.0,0.0,46.28137753267102,17.258545243734925
4077-13754-0003_2961-961-0017__T2__2961-2961-961-0017__HSIMV2__3570-3570-5694-0015__SIRm3,2961,4077,15,0.0,0.0,0.0,0.0,0.0,50.65460063371313,20.76005659768602
4077-13754-0003_8455-210777-0006__T1__4077-4077-13754-0003__HSIMV2__8455-8455-210777-0057__SIRm3,4077,8455,10,0.0,0.0,0.0,0.0,0.0,44.53968800297043,17.619604292797277
4077-13754-0003_8455-210777-0006__T2__8455-8455-210777-0006__HSIMV2__1320-1320-122612-0008__SIRm3,8455,4077,8,0.0,0.0,0.0,0.0,0.0,49.92291571790391,19.61612720932184
4077-13754-0004_3575-170457-0025__T1__4077-4077-13754-0004__HSIMV2__8455-8455-210777-0003__SIRm3,4077,3575,8,0.0,0.0,0.0,0.0,0.0,51.17951901242344,18.164180137438684
4077-13754-0004_3575-170457-0025__T2__3575-3575-170457-0025__HSIMV2__237-237-134493-0014__SIRm3,3575,4077,6,0.0,0.0,0.0,0.0,0.0,47.29667238641975,20.73092505836226
4077-13754-0004_5142-36377-0020__T1__4077-4077-13754-0004__HSIMV2__8455-8455-210777-0052__SIRm3,4077,5142,8,0.0,0.0,0.0,0.0,0.0,46.616449647479016,17.442474648386252
4077-13754-0004_5142-36377-0020__T2__5142-5142-36377-0020__HSIMV2__4970-4970-29095-0027__SIRm3,5142,4077,8,0.0,0.0,0.0,0.0,0.0,51.63675286018628,19.092302506096047
4077-13754-0005_1221-135767-0005__T1__4077-4077-13754-0005__HSIMV2__8455-8455-210777-0053__SIRm3,4077,1221,12,0.0,0.0,0.0,0.0,0.0,50.61222932165905,17.005978279497374
4077-13754-0005_1221-135767-0005__T2__1221-1221-135767-0005__HSIMV2__4992-4992-23283-0000__SIRm3,1221,4077,10,0.0,0.0,0.0,0.0,0.0,41.65886197744287,16.037609541813325
4077-13754-0006_1995-1826-0007__T1__4077-4077-13754-0006__HSIMV2__8455-8455-210777-0033__SIRm3,4077,1995,14,0.0,0.0,0.0,0.0,0.0,46.815917330930624,17.24371458414015
4077-13754-0006_1995-1826-0007__T2__1995-1995-1826-0007__HSIMV2__2094-2094-142345-0043__SIRm3,1995,4077,13,0.0,0.0,0.0,0.0,0.0,59.53869888880762,21.49556594694852
4077-13754-0006_3575-170457-0000__T1__4077-4077-13754-0006__HSIMV2__8455-8455-210777-0031__SIRm3,4077,3575,14,0.0,0.0,0.0,0.0,0.0,46.658416868257916,16.58107969424412
4077-13754-0006_3575-170457-0000__T2__3575-3575-170457-0000__HSIMV2__237-237-134500-0023__SIRm3,3575,4077,5,0.0,0.0,0.0,0.0,0.0,45.69545442058721,18.13173369653575
4077-13754-0007_237-126133-0004__T1__4077-4077-13754-0007__HSIMV2__8455-8455-210777-0064__SIRm3,4077,237,6,0.0,0.0,0.0,0.0,0.0,40.75035620974045,16.164634255936544
4077-13754-0007_237-126133-0004__T2__237-237-126133-0004__HSIMV2__5683-5683-32865-0005__SIRm3,237,4077,5,0.0,0.0,0.0,0.0,0.0,35.08056583931297,9.360536991491305
4077-13754-0009_7127-75947-0010__T1__4077-4077-13754-0009__HSIMV2__8455-8455-210777-0060__SIRm3,4077,7127,13,0.0,0.0,0.0,0.0,0.0,47.464349377862845,16.596331968335814
4077-13754-0009_7127-75947-0010__T2__7127-7127-75947-0010__HSIMV2__8455-8455-210777-0023__SIRm3,7127,4077,8,0.0,0.0,0.0,0.0,0.0,50.464454690553765,17.218149004176144
4077-13754-0010_4507-16021-0010__T1__4077-4077-13754-0010__HSIMV2__8455-8455-210777-0057__SIRm3,4077,4507,20,0.0,0.0,0.0,0.0,0.0,47.854187241109805,17.728293626156294
4077-13754-0010_4507-16021-0010__T2__4507-4507-16021-0010__HSIMV2__3729-3729-6852-0037__SIRm3,4507,4077,10,0.0,0.0,0.0,0.0,0.0,60.31692059001011,18.67539427312976
4077-13754-0011_2300-131720-0008__T1__4077-4077-13754-0011__HSIMV2__8455-8455-210777-0060__SIRm3,4077,2300,13,0.0,0.0,0.0,0.0,0.0,43.815428699957536,16.44092780024218
4077-13754-0011_2300-131720-0008__T2__2300-2300-131720-0008__HSIMV2__61-61-70970-0038__SIRm3,2300,4077,17,0.0,0.0,0.0,0.0,0.0,43.493757958683666,16.385820843658713
4077-13754-0011_7729-102255-0028__T1__4077-4077-13754-0011__HSIMV2__8455-8455-210777-0018__SIRm3,4077,7729,9,0.0,0.0,0.0,0.0,0.0,45.59417400380678,16.415634446702242
4077-13754-0011_7729-102255-0028__T2__7729-7729-102255-0028__HSIMV2__7176-7176-92135-0045__SIRm3,7729,4077,9,0.0,0.0,0.0,0.0,0.0,53.55162120137046,17.851262915540712
4077-13754-0013_2961-960-0002__T1__4077-4077-13754-0013__HSIMV2__8455-8455-210777-0011__SIRm3,4077,2961,12,0.0,0.0,0.0,0.0,0.0,46.15181354587724,17.3453095382633
4077-13754-0013_2961-960-0002__T2__2961-2961-960-0002__HSIMV2__3570-3570-5695-0010__SIRm3,2961,4077,8,0.0,0.0,0.0,0.0,0.0,53.72386596621015,18.906425977673862
4077-13754-0014_8555-284449-0006__T1__4077-4077-13754-0014__HSIMV2__8455-8455-210777-0023__SIRm3,4077,8555,8,0.0,0.0,0.0,0.0,0.0,44.449691867571104,17.01286961535026
4077-13754-0014_8555-284449-0006__T2__8555-8555-284449-0006__HSIMV2__4970-4970-29095-0006__SIRm3,8555,4077,6,0.0,0.0,0.0,0.0,0.0,36.40996297809125,19.044126721737022
4077-13754-0016_5639-40744-0022__T1__4077-4077-13754-0016__HSIMV2__8455-8455-210777-0051__SIRm3,4077,5639,22,0.0,0.0,0.0,0.0,0.0,48.11840934694842,17.412674161996215
4077-13754-0016_5639-40744-0022__T2__5639-5639-40744-0022__HSIMV2__1089-1089-134686-0024__SIRm3,5639,4077,22,0.0,0.0,0.0,0.0,0.0,57.275155073362846,20.427087395778862
4446-2271-0000_1221-135766-0006__T1__4446-4446-2271-0000__HSIMV2__1284-1284-1181-0012__SIRm3,4446,1221,5,0.2,0.2,0.2,0.0,0.0,27.617575139457006,12.562631296598866
4446-2271-0000_1221-135766-0006__T2__1221-1221-135766-0006__HSIMV2__4992-4992-23283-0016__SIRm3,1221,4446,7,0.0,0.0,0.0,0.0,0.0,51.49466400956418,17.116675392001095
4446-2271-0000_2830-3980-0029__T1__4446-4446-2271-0000__HSIMV2__4992-4992-41806-0012__SIRm3,4446,2830,5,0.0,0.0,0.0,0.0,0.0,33.60173812721193,12.009531094120238
4446-2271-0000_2830-3980-0029__T2__2830-2830-3980-0029__HSIMV2__8230-8230-279154-0011__SIRm3,2830,4446,11,0.0,0.0,0.0,0.0,0.0,58.383254799817706,20.069137152135063
4446-2271-0001_1089-134691-0019__T1__4446-4446-2271-0001__HSIMV2__4992-4992-41806-0006__SIRm3,4446,1089,11,0.0,0.09090909090909091,0.0,0.0,0.0,37.096818841317166,7.170869537469974
4446-2271-0001_1089-134691-0019__T2__1089-1089-134691-0019__HSIMV2__8230-8230-279154-0021__SIRm3,1089,4446,5,0.0,0.0,0.0,0.0,0.0,51.862181699519304,20.53605109954233
4446-2271-0001_1221-135767-0001__T1__4446-4446-2271-0001__HSIMV2__1284-1284-1180-0009__SIRm3,4446,1221,11,1.0,1.0,1.0,1.0,1.0,-55.856128030083326,-34.27679244939343
4446-2271-0001_1221-135767-0001__T2__1221-1221-135767-0001__HSIMV2__4992-4992-41806-0012__SIRm3,1221,4446,12,0.0,0.0,0.0,0.0,0.0,44.07501146357521,17.71660909568946
4446-2271-0001_1995-1837-0025__T1__4446-4446-2271-0001__HSIMV2__4992-4992-41806-0017__SIRm3,4446,1995,11,0.18181818181818182,0.18181818181818182,0.18181818181818182,0.2727272727272727,0.18181818181818182,5.988062889673525,3.684392314170859
4446-2271-0001_1995-1837-0025__T2__1995-1995-1837-0025__HSIMV2__2094-2094-142345-0035__SIRm3,1995,4446,6,0.0,0.0,0.0,0.0,0.0,50.72989219670273,21.2218408483774
4446-2271-0001_8463-294828-0007__T1__4446-4446-2271-0001__HSIMV2__1284-1284-1180-0005__SIRm3,4446,8463,11,1.0,1.0,1.0,1.0,1.0,-54.74776989739032,-28.52069474797684
4446-2271-0001_8463-294828-0007__T2__8463-8463-294828-0007__HSIMV2__4992-4992-41797-0011__SIRm3,8463,4446,9,0.0,0.0,0.0,0.0,0.0,50.88742680053098,19.617652865539988
4446-2271-0003_7127-75946-0021__T1__4446-4446-2271-0003__HSIMV2__1284-1284-1181-0008__SIRm3,4446,7127,6,1.0,1.0,1.0,1.0,1.0,-54.46427009824955,-39.00121673272839
4446-2271-0003_7127-75946-0021__T2__7127-7127-75946-0021__HSIMV2__8455-8455-210777-0030__SIRm3,7127,4446,5,0.0,0.0,0.0,0.0,0.0,56.792989611905114,20.69452982717639
4446-2271-0004_1995-1836-0011__T1__4446-4446-2271-0004__HSIMV2__1284-1284-1181-0019__SIRm3,4446,1995,5,0.0,0.0,0.0,0.0,0.0,48.89701096396804,17.997966268650075
4446-2271-0004_1995-1836-0011__T2__1995-1995-1836-0011__HSIMV2__2094-2094-142345-0032__SIRm3,1995,4446,5,0.0,0.0,0.0,0.0,0.0,56.4112051747534,22.78269136858857
4446-2271-0005_1320-122617-0041__T1__4446-4446-2271-0005__HSIMV2__1284-1284-1181-0002__SIRm3,4446,1320,5,1.0,1.0,1.0,1.0,1.0,-38.85617419414507,-19.8248082382507
4446-2271-0005_1320-122617-0041__T2__1320-1320-122617-0041__HSIMV2__5105-5105-28240-0019__SIRm3,1320,4446,7,0.0,0.0,0.0,0.0,0.0,53.38360550075941,18.62803364540905
4446-2271-0005_6829-68769-0040__T1__4446-4446-2271-0005__HSIMV2__4992-4992-23283-0004__SIRm3,4446,6829,5,0.0,0.0,0.0,0.0,0.0,28.464893919865876,13.625226655070364
4446-2271-0005_6829-68769-0040__T2__6829-6829-68769-0040__HSIMV2__4446-4446-2275-0000__SIRm3,6829,4446,8,0.0,0.0,0.0,0.0,0.0,57.29835347759611,19.18081480957911
4446-2271-0008_1580-141083-0012__T1__4446-4446-2271-0008__HSIMV2__1284-1284-1180-0014__SIRm3,4446,1580,6,1.0,1.0,1.0,1.0,1.0,-51.22548105105161,-28.604427527918205
4446-2271-0008_1580-141083-0012__T2__1580-1580-141083-0012__HSIMV2__237-237-134493-0015__SIRm3,1580,4446,12,0.0,0.0,0.0,0.0,0.0,50.93449996558959,19.2008622237925
4446-2271-0009_8463-294828-0011__T1__4446-4446-2271-0009__HSIMV2__1284-1284-1180-0003__SIRm3,4446,8463,8,0.0,0.0,0.0,0.0,0.0,31.999349186012942,15.619737272767663
4446-2271-0009_8463-294828-0011__T2__8463-8463-294828-0011__HSIMV2__4992-4992-23283-0016__SIRm3,8463,4446,6,0.0,0.0,0.0,0.0,0.0,54.268197038397034,16.864638778252242
4446-2271-0010_8555-284449-0016__T1__4446-4446-2271-0010__HSIMV2__1284-1284-1181-0014__SIRm3,4446,8555,5,1.0,1.0,1.0,1.0,1.0,-43.10237528092619,-17.85818373268631
4446-2271-0010_8555-284449-0016__T2__8555-8555-284449-0016__HSIMV2__4970-4970-29093-0008__SIRm3,8555,4446,6,0.0,0.0,0.0,0.0,0.0,51.89795346486591,21.3371013328484
4446-2271-0012_1580-141083-0012__T1__4446-4446-2271-0012__HSIMV2__4992-4992-41806-0017__SIRm3,4446,1580,6,1.0,1.0,1.0,1.0,1.0,-44.463610006630894,-23.93936828481236
4446-2271-0012_1580-141083-0012__T2__1580-1580-141083-0012__HSIMV2__237-237-126133-0010__SIRm3,1580,4446,11,0.0,0.0,0.0,0.0,0.0,52.42892176160132,19.95861241748129
4446-2271-0012_6930-76324-0011__T1__4446-4446-2271-0012__HSIMV2__1284-1284-1181-0019__SIRm3,4446,6930,5,0.0,0.0,0.0,0.0,0.0,52.52055570396599,18.850260540400303
4446-2271-0012_6930-76324-0011__T2__6930-6930-76324-0011__HSIMV2__260-260-123288-0026__SIRm3,6930,4446,17,0.0,0.0,0.0,0.0,0.0,49.53408190354197,18.96639587385581
4446-2271-0013_1284-1180-0024__T1__4446-4446-2271-0013__HSIMV2__1284-1284-1180-0012__SIRm3,4446,1284,7,0.8571428571428571,0.8571428571428571,0.8571428571428571,1.0,0.8571428571428571,-39.51921358400436,-17.05017885977988
4446-2271-0013_1284-1180-0024__T2__1284-1284-1180-0024__HSIMV2__4446-4446-2275-0032__SIRm3,1284,4446,5,0.0,0.0,0.0,0.0,0.0,44.94565822076967,18.73757272730519
4446-2271-0013_5683-32865-0004__T1__4446-4446-2271-0013__HSIMV2__1284-1284-134647-0004__SIRm3,4446,5683,7,1.0,1.0,1.0,1.0,1.0,-42.2921209197358,-21.36228729643264
4446-2271-0013_5683-32865-0004__T2__5683-5683-32865-0004__HSIMV2__237-237-134493-0001__SIRm3,5683,4446,13,1.0,1.0,1.0,1.0,1.0,-52.53737619654346,-29.033270218120265
4446-2271-0014_3570-5694-0003__T1__4446-4446-2271-0014__HSIMV2__1284-1284-1180-0025__SIRm3,4446,3570,9,1.0,1.0,1.0,1.0,1.0,-43.113000274396754,-22.555618778001367
4446-2271-0014_3570-5694-0003__T2__3570-3570-5694-0003__HSIMV2__4507-4507-16021-0009__SIRm3,3570,4446,21,0.0,0.0,0.0,0.0,0.0,59.70559805408154,22.264656292230768
4446-2271-0014_672-122797-0057__T1__4446-4446-2271-0014__HSIMV2__1284-1284-1181-0010__SIRm3,4446,672,9,0.0,0.0,0.0,0.0,0.0,40.92274132818796,18.02539758743938
4446-2271-0014_672-122797-0057__T2__672-672-122797-0057__HSIMV2__260-260-123440-0017__SIRm3,672,4446,5,0.0,0.0,0.0,0.0,0.0,45.80421870927799,18.30867676816554
4446-2271-0014_7127-75947-0029__T1__4446-4446-2271-0014__HSIMV2__4992-4992-41806-0014__SIRm3,4446,7127,9,0.3333333333333333,0.2222222222222222,0.2222222222222222,0.1111111111111111,0.1111111111111111,20.076121633789782,7.104205578276215
4446-2271-0014_7127-75947-0029__T2__7127-7127-75947-0029__HSIMV2__8455-8455-210777-0057__SIRm3,7127,4446,9,0.0,0.0,0.0,0.0,0.0,46.728499204170966,17.690060358839045
4446-2271-0016_1284-1180-0000__T1__4446-4446-2271-0016__HSIMV2__1284-1284-1181-0008__SIRm3,4446,1284,11,1.0,1.0,1.0,1.0,1.0,-52.78706153865855,-34.33445229169283
4446-2271-0016_1284-1180-0000__T2__1284-1284-1180-0000__HSIMV2__4446-4446-2271-0021__SIRm3,1284,4446,6,0.0,0.0,0.0,0.0,0.0,55.89157451050159,18.726256119169854
4446-2271-0019_7176-88083-0010__T1__4446-4446-2271-0019__HSIMV2__1284-1284-1180-0006__SIRm3,4446,7176,6,1.0,1.0,1.0,1.0,1.0,-38.97009564774303,-18.24038695262937
4446-2271-0019_7176-88083-0010__T2__7176-7176-88083-0010__HSIMV2__61-61-70970-0014__SIRm3,7176,4446,5,0.0,0.0,0.0,0.0,0.0,44.412009342761166,13.679737786306424
4446-2271-0020_1320-122617-0020__T1__4446-4446-2271-0020__HSIMV2__4992-4992-41797-0000__SIRm3,4446,1320,9,0.0,0.0,0.0,0.0,0.0,54.11272271869311,20.97391266827789
4446-2271-0020_1320-122617-0020__T2__1320-1320-122617-0020__HSIMV2__8455-8455-210777-0011__SIRm3,1320,4446,12,0.0,0.0,0.0,0.0,0.0,48.77988562984756,19.116971430988123
4446-2271-0021_4970-29093-0013__T1__4446-4446-2271-0021__HSIMV2__1284-1284-1180-0014__SIRm3,4446,4970,6,1.0,1.0,1.0,1.0,1.0,-59.49400631491335,-63.47482832876906
4446-2271-0021_4970-29093-0013__T2__4970-4970-29093-0013__HSIMV2__6829-6829-68769-0017__SIRm3,4970,4446,6,0.0,0.0,0.0,0.0,0.0,47.027054270644975,19.88534874491536
4446-2271-0021_7021-79740-0003__T1__4446-4446-2271-0021__HSIMV2__1284-1284-1181-0014__SIRm3,4446,7021,6,1.0,1.0,1.0,1.0,1.0,-53.189446881248415,-27.38699548037485
4446-2271-0021_7021-79740-0003__T2__7021-7021-79740-0003__HSIMV2__5105-5105-28240-0021__SIRm3,7021,4446,8,0.0,0.375,0.0,0.0,0.0,42.11691066787903,17.443113946246264
4446-2271-0024_1284-1180-0009__T1__4446-4446-2271-0024__HSIMV2__1284-1284-1180-0015__SIRm3,4446,1284,5,1.0,1.0,1.0,1.0,1.0,-60.360773008302644,-38.46404260068846
4446-2271-0024_1284-1180-0009__T2__1284-1284-1180-0009__HSIMV2__4446-4446-2271-0009__SIRm3,1284,4446,11,0.0,0.0,0.0,0.0,0.0,49.326326116686914,18.121707282143788
4446-2271-0024_61-70970-0025__T1__4446-4446-2271-0024__HSIMV2__1284-1284-1181-0004__SIRm3,4446,61,5,0.0,0.0,0.0,0.0,0.0,33.29505366575955,15.78331443332759
4446-2271-0024_61-70970-0025__T2__61-61-70970-0025__HSIMV2__8230-8230-279154-0026__SIRm3,61,4446,13,0.0,0.0,0.0,0.0,0.0,38.98765258205783,15.103904853394654
4446-2271-0024_672-122797-0018__T1__4446-4446-2271-0024__HSIMV2__1284-1284-1180-0032__SIRm3,4446,672,5,1.0,1.0,1.0,1.0,1.0,-42.68124185368636,-24.608735814669863
4446-2271-0024_672-122797-0018__T2__672-672-122797-0018__HSIMV2__260-260-123288-0012__SIRm3,672,4446,6,1.0,0.5,0.5,1.0,0.5,-31.498787322403558,-11.887509175044084
4446-2273-0000_7127-75947-0025__T1__4446-4446-2273-0000__HSIMV2__4992-4992-41806-0008__SIRm3,4446,7127,16,0.0,0.0,0.0,0.0,0.0,52.23694745074317,20.32764705667032
4446-2273-0000_7127-75947-0025__T2__7127-7127-75947-0025__HSIMV2__8455-8455-210777-0005__SIRm3,7127,4446,10,0.0,0.0,0.0,0.0,0.0,49.06540121709479,18.01140054477368
4446-2273-0001_1089-134691-0018__T1__4446-4446-2273-0001__HSIMV2__4992-4992-41797-0010__SIRm3,4446,1089,8,0.0,0.0,0.0,0.0,0.0,55.5113161511738,19.788397956044022
4446-2273-0001_1089-134691-0018__T2__1089-1089-134691-0018__HSIMV2__8230-8230-279154-0033__SIRm3,1089,4446,5,0.0,0.0,0.0,0.0,0.0,46.77788889451149,20.679809958955204
4446-2273-0001_1580-141083-0029__T1__4446-4446-2273-0001__HSIMV2__1284-1284-134647-0000__SIRm3,4446,1580,8,0.0,0.0,0.0,0.0,0.0,56.82480895843473,18.93820649226381
4446-2273-0001_1580-141083-0029__T2__1580-1580-141083-0029__HSIMV2__237-237-134493-0014__SIRm3,1580,4446,6,0.0,0.0,0.0,0.0,0.0,52.017944996985015,18.99147132984045
4446-2273-0002_7176-88083-0004__T1__4446-4446-2273-0002__HSIMV2__1284-1284-1180-0021__SIRm3,4446,7176,5,0.0,0.0,0.0,0.0,0.0,50.18537471828019,17.962192199784557
4446-2273-0002_7176-88083-0004__T2__7176-7176-88083-0004__HSIMV2__61-61-70968-0022__SIRm3,7176,4446,8,0.0,0.0,0.0,0.0,0.0,37.27340413034382,15.114607728218337
4446-2273-0003_4992-41797-0006__T1__4446-4446-2273-0003__HSIMV2__1284-1284-1180-0030__SIRm3,4446,4992,14,0.0,0.0,0.0,0.0,0.0,55.785822087764394,20.3845515471043
4446-2273-0003_4992-41797-0006__T2__4992-4992-41797-0006__HSIMV2__4446-4446-2271-0011__SIRm3,4992,4446,6,0.0,0.0,0.0,0.0,0.0,46.70318159614644,19.21188567118351
4446-2273-0003_6829-68771-0005__T1__4446-4446-2273-0003__HSIMV2__1284-1284-1180-0024__SIRm3,4446,6829,9,0.0,0.0,0.0,0.0,0.0,57.37327660537599,20.48047631564552
4446-2273-0003_6829-68771-0005__T2__6829-6829-68771-0005__HSIMV2__4970-4970-29093-0015__SIRm3,6829,4446,5,0.0,0.0,0.0,0.0,0.0,54.28599970905218,18.65736838926061
4446-2273-0004_6829-68769-0009__T1__4446-4446-2273-0004__HSIMV2__1284-1284-1180-0020__SIRm3,4446,6829,9,0.0,0.0,0.0,0.0,0.0,46.57409192990568,17.1746925786338
4446-2273-0004_6829-68769-0009__T2__6829-6829-68769-0009__HSIMV2__4970-4970-29095-0035__SIRm3,6829,4446,7,0.0,0.0,0.0,0.0,0.0,51.92932572020931,19.2008934205845
4446-2273-0005_1221-135766-0009__T1__4446-4446-2273-0005__HSIMV2__1284-1284-1180-0029__SIRm3,4446,1221,7,0.0,0.0,0.0,0.0,0.0,47.04592906302164,16.98303836192231
4446-2273-0005_1221-135766-0009__T2__1221-1221-135766-0009__HSIMV2__4992-4992-41797-0000__SIRm3,1221,4446,9,0.0,0.0,0.0,0.0,0.0,41.93271489804821,17.170151901905772
4446-2273-0005_1284-1181-0003__T1__4446-4446-2273-0005__HSIMV2__1284-1284-1180-0027__SIRm3,4446,1284,5,0.0,0.0,0.0,0.0,0.0,46.20159999205254,17.940424137382518
4446-2273-0005_1284-1181-0003__T2__1284-1284-1181-0003__HSIMV2__4446-4446-2271-0005__SIRm3,1284,4446,5,0.0,0.0,0.0,0.0,0.0,44.886142013497945,16.82608010796188
4446-2273-0005_4992-23283-0009__T1__4446-4446-2273-0005__HSIMV2__4992-4992-41806-0000__SIRm3,4446,4992,7,0.0,0.0,0.0,0.0,0.0,47.132267097676234,19.05233090289752
4446-2273-0005_4992-23283-0009__T2__4992-4992-23283-0009__HSIMV2__4446-4446-2271-0010__SIRm3,4992,4446,5,0.0,0.0,0.0,0.0,0.0,40.46273416670523,18.95303188318564
4446-2273-0008_260-123440-0009__T1__4446-4446-2273-0008__HSIMV2__4992-4992-41806-0009__SIRm3,4446,260,7,1.0,1.0,1.0,1.0,1.0,-54.695594116134885,-32.54506592145207
4446-2273-0008_260-123440-0009__T2__260-260-123440-0009__HSIMV2__6930-6930-81414-0009__SIRm3,260,4446,5,0.0,0.0,0.0,0.0,0.0,56.221411756796215,19.69313008587576
4446-2273-0008_61-70968-0004__T1__4446-4446-2273-0008__HSIMV2__4992-4992-23283-0018__SIRm3,4446,61,12,1.0,1.0,1.0,1.0,1.0,-49.940448080720415,-27.915241886222503
4446-2273-0008_61-70968-0004__T2__61-61-70968-0004__HSIMV2__7176-7176-92135-0007__SIRm3,61,4446,5,0.0,0.0,0.0,0.0,0.0,46.082126025814105,17.646340733763935
4446-2273-0009_237-126133-0010__T1__4446-4446-2273-0009__HSIMV2__1284-1284-1181-0009__SIRm3,4446,237,7,0.0,0.0,0.0,0.0,0.0,51.8148509422409,18.87521461959164
4446-2273-0009_237-126133-0010__T2__237-237-126133-0010__HSIMV2__5683-5683-32866-0022__SIRm3,237,4446,5,0.0,0.0,0.0,0.0,0.0,50.371546036218454,17.25001668243392
4446-2273-0009_237-126133-0021__T1__4446-4446-2273-0009__HSIMV2__4992-4992-23283-0015__SIRm3,4446,237,6,0.0,0.0,0.0,0.0,0.0,50.31256811541612,18.21386806435256
4446-2273-0009_237-126133-0021__T2__237-237-126133-0021__HSIMV2__1580-1580-141083-0053__SIRm3,237,4446,7,0.0,0.0,0.0,0.0,0.0,61.031588987120536,21.629685233054936
4446-2273-0009_8463-287645-0001__T1__4446-4446-2273-0009__HSIMV2__1284-1284-1180-0019__SIRm3,4446,8463,7,0.0,0.0,0.0,0.0,0.0,60.211666959421315,18.873563246891926
4446-2273-0009_8463-287645-0001__T2__8463-8463-287645-0001__HSIMV2__4992-4992-41797-0005__SIRm3,8463,4446,6,1.0,1.0,1.0,1.0,1.0,-28.495000922545575,-14.327278957546891
4446-2273-0015_672-122797-0071__T1__4446-4446-2273-0015__HSIMV2__1284-1284-1180-0006__SIRm3,4446,672,8,0.0,0.0,0.0,0.0,0.0,53.32283368378375,19.277349736608315
4446-2273-0015_672-122797-0071__T2__672-672-122797-0071__HSIMV2__260-260-123288-0009__SIRm3,672,4446,5,0.0,0.0,0.0,0.0,0.0,48.209240560172795,18.89110893315784
4446-2273-0015_7176-88083-0016__T1__4446-4446-2273-0015__HSIMV2__4992-4992-41797-0014__SIRm3,4446,7176,8,0.0,0.0,0.0,0.0,0.0,55.35858506513402,19.573676449443568
4446-2273-0015_7176-88083-0016__T2__7176-7176-88083-0016__HSIMV2__61-61-70968-0060__SIRm3,7176,4446,6,0.0,0.0,0.0,0.0,0.0,34.673207184668726,14.65008458951053
4446-2273-0016_1580-141083-0000__T1__4446-4446-2273-0016__HSIMV2__4992-4992-41797-0017__SIRm3,4446,1580,16,0.0,0.0,0.0,0.0,0.0,51.989301447982804,19.95915367450938
4446-2273-0016_1580-141083-0000__T2__1580-1580-141083-0000__HSIMV2__1284-1284-1180-0020__SIRm3,1580,4446,10,0.0,0.0,0.0,0.0,0.0,54.2039380041396,17.663471581359268
4446-2273-0016_7176-88083-0009__T1__4446-4446-2273-0016__HSIMV2__4992-4992-41797-0021__SIRm3,4446,7176,15,0.0,0.0,0.0,0.0,0.0,59.81993820860968,20.088010466621057
4446-2273-0016_7176-88083-0009__T2__7176-7176-88083-0009__HSIMV2__61-61-70968-0003__SIRm3,7176,4446,7,0.0,0.0,0.0,0.0,0.0,38.99318076954153,14.1896919838422
4446-2273-0016_8230-279154-0000__T1__4446-4446-2273-0016__HSIMV2__1284-1284-1180-0006__SIRm3,4446,8230,12,0.0,0.0,0.0,0.0,0.0,54.10372086591721,20.014138793839564
4446-2273-0016_8230-279154-0000__T2__8230-8230-279154-0000__HSIMV2__61-61-70968-0056__SIRm3,8230,4446,6,0.0,0.0,0.0,0.0,0.0,39.90098539123878,15.491629220550722
4446-2273-0018_2094-142345-0005__T1__4446-4446-2273-0018__HSIMV2__1284-1284-1180-0011__SIRm3,4446,2094,5,0.0,0.0,0.0,0.0,0.0,56.46577865039512,18.79750120948441
4446-2273-0018_2094-142345-0005__T2__2094-2094-142345-0005__HSIMV2__3729-3729-6852-0014__SIRm3,2094,4446,10,0.1,0.2,0.1,0.0,0.0,59.88378974642994,17.69099668201413
4446-2273-0018_61-70968-0043__T1__4446-4446-2273-0018__HSIMV2__4992-4992-41806-0016__SIRm3,4446,61,5,0.0,0.0,0.0,0.0,0.0,57.826051146408204,22.35994137143526
4446-2273-0018_61-70968-0043__T2__61-61-70968-0043__HSIMV2__7176-7176-88083-0010__SIRm3,61,4446,12,0.0,0.08333333333333333,0.0,0.0,0.0,38.06684099451399,13.993988268196004
4446-2273-0019_260-123288-0000__T1__4446-4446-2273-0019__HSIMV2__1284-1284-134647-0000__SIRm3,4446,260,5,0.0,0.0,0.0,0.0,0.0,46.084092024824045,20.365820611189232
4446-2273-0019_260-123288-0000__T2__260-260-123288-0000__HSIMV2__672-672-122797-0027__SIRm3,260,4446,5,0.2,0.6,0.2,0.0,0.0,53.683931447875146,21.257272100581407
4446-2273-0019_260-123288-0010__T1__4446-4446-2273-0019__HSIMV2__1284-1284-1180-0018__SIRm3,4446,260,5,0.0,0.0,0.0,0.0,0.0,57.79869335598611,20.23877049872648
4446-2273-0019_260-123288-0010__T2__260-260-123288-0010__HSIMV2__672-672-122797-0041__SIRm3,260,4446,6,0.0,0.0,0.0,0.0,0.0,43.46907506952227,18.36672758845061
4446-2273-0019_8555-284447-0022__T1__4446-4446-2273-0019__HSIMV2__1284-1284-134647-0004__SIRm3,4446,8555,5,0.0,0.0,0.0,0.0,0.0,45.56907968229889,19.33453704795865
4446-2273-0019_8555-284447-0022__T2__8555-8555-284447-0022__HSIMV2__4970-4970-29093-0022__SIRm3,8555,4446,6,0.0,0.0,0.0,0.0,0.0,56.48618027904237,20.546982170570804
4446-2273-0021_7176-92135-0024__T1__4446-4446-2273-0021__HSIMV2__1284-1284-1180-0003__SIRm3,4446,7176,8,0.0,0.0,0.0,0.0,0.0,56.13069445480401,21.40822152990709
4446-2273-0021_7176-92135-0024__T2__7176-7176-92135-0024__HSIMV2__61-61-70968-0051__SIRm3,7176,4446,5,0.0,0.0,0.0,0.0,0.0,42.17946908359208,15.712261496570168
4446-2273-0022_2094-142345-0057__T1__4446-4446-2273-0022__HSIMV2__1284-1284-1180-0001__SIRm3,4446,2094,10,0.0,0.0,0.0,0.0,0.0,55.64429908654031,19.826791479603457
4446-2273-0022_2094-142345-0057__T2__2094-2094-142345-0057__HSIMV2__3729-3729-6852-0014__SIRm3,2094,4446,10,0.0,0.1,0.0,0.0,0.0,60.098534920740065,20.72666078293426
4446-2273-0022_2830-3980-0023__T1__4446-4446-2273-0022__HSIMV2__4992-4992-41797-0004__SIRm3,4446,2830,10,0.0,0.0,0.0,0.0,0.0,57.19053565534641,20.463449996825343
4446-2273-0022_2830-3980-0023__T2__2830-2830-3980-0023__HSIMV2__1188-1188-133604-0039__SIRm3,2830,4446,11,0.0,0.0,0.0,0.0,0.0,46.35862441628485,17.035892422655685
4446-2273-0023_260-123288-0011__T1__4446-4446-2273-0023__HSIMV2__4992-4992-23283-0009__SIRm3,4446,260,11,0.0,0.0,0.0,0.0,0.0,57.29580520469484,21.02249206194522
4446-2273-0023_260-123288-0011__T2__260-260-123288-0011__HSIMV2__6930-6930-75918-0005__SIRm3,260,4446,16,0.0,0.0,0.0,0.0,0.0,50.884513858730244,18.81541805197324
4446-2273-0023_6829-68769-0002__T1__4446-4446-2273-0023__HSIMV2__1284-1284-1181-0011__SIRm3,4446,6829,11,0.0,0.0,0.0,0.0,0.0,60.96296950989791,21.00794510830715
4446-2273-0023_6829-68769-0002__T2__6829-6829-68769-0002__HSIMV2__4970-4970-29093-0010__SIRm3,6829,4446,5,0.0,0.0,0.0,0.0,0.0,55.716051736771554,19.571441631410643
4446-2273-0023_6930-81414-0020__T1__4446-4446-2273-0023__HSIMV2__1284-1284-1180-0013__SIRm3,4446,6930,6,0.0,0.0,0.0,0.0,0.0,54.33650929633842,21.755463401908656
4446-2273-0023_6930-81414-0020__T2__6930-6930-81414-0020__HSIMV2__260-260-123288-0018__SIRm3,6930,4446,5,0.0,0.0,0.0,0.0,0.0,48.78699164509713,19.08919588939392
4446-2273-0024_260-123440-0007__T1__4446-4446-2273-0024__HSIMV2__4992-4992-23283-0010__SIRm3,4446,260,8,0.0,0.0,0.0,0.0,0.0,47.782314126053414,16.127548906052077
4446-2273-0024_260-123440-0007__T2__260-260-123440-0007__HSIMV2__6930-6930-75918-0008__SIRm3,260,4446,5,0.0,0.0,0.0,0.0,0.0,49.68076796399605,19.254418496758746
4446-2273-0024_7176-92135-0036__T1__4446-4446-2273-0024__HSIMV2__1284-1284-1180-0019__SIRm3,4446,7176,8,0.0,0.0,0.0,0.0,0.0,49.294420969746014,19.0733382560529
4446-2273-0024_7176-92135-0036__T2__7176-7176-92135-0036__HSIMV2__61-61-70968-0056__SIRm3,7176,4446,6,0.0,0.0,0.0,0.0,0.0,37.03229842104499,16.002895191868745
4446-2273-0025_1284-1181-0010__T1__4446-4446-2273-0025__HSIMV2__1284-1284-1181-0019__SIRm3,4446,1284,5,0.0,0.0,0.0,0.0,0.0,49.411742216529206,17.20388553433537
4446-2273-0025_1284-1181-0010__T2__1284-1284-1181-0010__HSIMV2__4446-4446-2273-0036__SIRm3,1284,4446,5,0.0,0.0,0.0,0.0,0.0,53.67541482991673,18.9182365833246
4446-2273-0025_4992-41797-0002__T1__4446-4446-2273-0025__HSIMV2__1284-1284-1180-0023__SIRm3,4446,4992,8,0.0,0.0,0.0,0.0,0.0,52.93111701245562,18.99773528637843
4446-2273-0025_4992-41797-0002__T2__4992-4992-41797-0002__HSIMV2__4446-4446-2273-0024__SIRm3,4992,4446,8,0.0,0.0,0.0,0.0,0.0,54.110741300552455,19.63070932858851
4446-2273-0028_237-126133-0018__T1__4446-4446-2273-0028__HSIMV2__4992-4992-23283-0005__SIRm3,4446,237,9,0.0,0.0,0.0,0.0,0.0,56.946597731157226,20.06866011978828
4446-2273-0028_237-126133-0018__T2__237-237-126133-0018__HSIMV2__3575-3575-170457-0021__SIRm3,237,4446,7,0.0,0.0,0.0,0.0,0.0,51.729363519130075,18.864892717432586
4446-2273-0028_5142-33396-0025__T1__4446-4446-2273-0028__HSIMV2__1284-1284-134647-0004__SIRm3,4446,5142,9,0.0,0.0,0.0,0.0,0.0,53.31690765928092,20.141561624450777
4446-2273-0028_5142-33396-0025__T2__5142-5142-33396-0025__HSIMV2__4970-4970-29093-0010__SIRm3,5142,4446,5,0.0,0.0,0.0,0.0,0.0,46.90304017416114,18.02475776020935
4446-2273-0032_260-123440-0008__T1__4446-4446-2273-0032__HSIMV2__1284-1284-1180-0014__SIRm3,4446,260,6,0.0,0.0,0.0,0.0,0.0,57.959056020156176,19.79811380495546
4446-2273-0032_260-123440-0008__T2__260-260-123440-0008__HSIMV2__672-672-122797-0025__SIRm3,260,4446,6,0.0,0.0,0.0,0.0,0.0,49.527579676123,18.809581669816595
4446-2273-0032_8230-279154-0039__T1__4446-4446-2273-0032__HSIMV2__1284-1284-1180-0015__SIRm3,4446,8230,10,0.0,0.1,0.0,0.0,0.0,48.012048667626075,18.37759430355005
4446-2273-0032_8230-279154-0039__T2__8230-8230-279154-0039__HSIMV2__61-61-70968-0013__SIRm3,8230,4446,7,0.0,0.0,0.0,0.0,0.0,43.352160695241245,16.243435812034036
4446-2273-0033_5683-32866-0020__T1__4446-4446-2273-0033__HSIMV2__4992-4992-23283-0014__SIRm3,4446,5683,5,0.0,0.0,0.0,0.0,0.0,46.96480261401188,18.662934268063264
4446-2273-0033_5683-32866-0020__T2__5683-5683-32866-0020__HSIMV2__1221-1221-135766-0008__SIRm3,5683,4446,6,0.0,0.0,0.0,0.0,0.0,44.595708277839655,15.083241126082708
4446-2273-0033_8230-279154-0028__T1__4446-4446-2273-0033__HSIMV2__1284-1284-1180-0028__SIRm3,4446,8230,5,0.0,0.0,0.0,0.0,0.0,53.286434748549524,20.27333514167977
4446-2273-0033_8230-279154-0028__T2__8230-8230-279154-0028__HSIMV2__61-61-70968-0061__SIRm3,8230,4446,10,0.0,0.0,0.0,0.0,0.0,49.759845732646156,18.02906872389504
4446-2273-0034_1284-1180-0005__T1__4446-4446-2273-0034__HSIMV2__4992-4992-23283-0007__SIRm3,4446,1284,6,0.0,0.0,0.0,0.0,0.0,50.081341069198146,19.321695740414185
4446-2273-0034_1284-1180-0005__T2__1284-1284-1180-0005__HSIMV2__1580-1580-141084-0042__SIRm3,1284,4446,9,0.0,0.0,0.0,0.0,0.0,53.87413650591971,19.93406409605224
4446-2273-0036_1089-134686-0017__T1__4446-4446-2273-0036__HSIMV2__4992-4992-23283-0008__SIRm3,4446,1089,5,0.0,0.0,0.0,0.0,0.0,51.26858404361131,19.625013744555662
4446-2273-0036_1089-134686-0017__T2__1089-1089-134686-0017__HSIMV2__8230-8230-279154-0017__SIRm3,1089,4446,14,0.0,0.0,0.0,0.0,0.0,44.671707907914325,13.086824272101596
4446-2275-0000_6930-76324-0028__T1__4446-4446-2275-0000__HSIMV2__4992-4992-41806-0014__SIRm3,4446,6930,11,0.0,0.0,0.0,0.0,0.0,56.11580487346393,20.58044632885187
4446-2275-0000_6930-76324-0028__T2__6930-6930-76324-0028__HSIMV2__260-260-123288-0009__SIRm3,6930,4446,5,0.0,0.0,0.0,0.0,0.0,42.273835829679754,17.181839550213823
4446-2275-0000_8555-284447-0013__T1__4446-4446-2275-0000__HSIMV2__1284-1284-1180-0025__SIRm3,4446,8555,11,0.0,0.09090909090909091,0.0,0.0,0.0,45.39902148558717,18.37797609905687
4446-2275-0000_8555-284447-0013__T2__8555-8555-284447-0013__HSIMV2__4970-4970-29093-0013__SIRm3,8555,4446,15,0.0,0.0,0.0,0.0,0.0,51.723736217432055,20.427532144461363
4446-2275-0001_4077-13754-0001__T1__4446-4446-2275-0001__HSIMV2__1284-1284-1180-0002__SIRm3,4446,4077,8,0.0,0.0,0.0,0.0,0.0,56.616823760873416,20.10457545822925
4446-2275-0001_4077-13754-0001__T2__4077-4077-13754-0001__HSIMV2__8455-8455-210777-0027__SIRm3,4077,4446,6,0.0,0.0,0.0,0.0,0.0,35.5846172464987,15.440832675815194
4446-2275-0001_7176-88083-0003__T1__4446-4446-2275-0001__HSIMV2__4992-4992-23283-0019__SIRm3,4446,7176,8,0.0,0.0,0.0,0.0,0.0,50.73070339283231,18.89079084584669
4446-2275-0001_7176-88083-0003__T2__7176-7176-88083-0003__HSIMV2__61-61-70968-0008__SIRm3,7176,4446,6,0.0,0.0,0.0,0.0,0.0,34.05215942926858,14.690788975695789
4446-2275-0002_2300-131720-0023__T1__4446-4446-2275-0002__HSIMV2__1284-1284-1180-0010__SIRm3,4446,2300,14,0.07142857142857142,0.0,0.0,0.0,0.0,53.357624330569536,19.906888916906105
4446-2275-0002_2300-131720-0023__T2__2300-2300-131720-0023__HSIMV2__61-61-70968-0054__SIRm3,2300,4446,14,0.07142857142857142,0.07142857142857142,0.07142857142857142,0.0,0.0,48.95825798608558,18.60363637003701
4446-2275-0002_8455-210777-0045__T1__4446-4446-2275-0002__HSIMV2__1284-1284-1180-0012__SIRm3,4446,8455,8,0.0,0.0,0.0,0.0,0.0,54.50053621717443,20.98934631480872
4446-2275-0002_8455-210777-0045__T2__8455-8455-210777-0045__HSIMV2__1320-1320-122617-0026__SIRm3,8455,4446,9,0.0,0.0,0.0,0.0,0.0,47.03625884424961,18.727287667525022
4446-2275-0005_7176-92135-0016__T1__4446-4446-2275-0005__HSIMV2__4992-4992-23283-0005__SIRm3,4446,7176,7,0.0,0.0,0.0,0.0,0.0,50.442725375000805,19.98612048595541
4446-2275-0005_7176-92135-0016__T2__7176-7176-92135-0016__HSIMV2__61-61-70968-0032__SIRm3,7176,4446,7,0.0,0.0,0.0,0.0,0.0,44.93722834334492,17.611780288982033
4446-2275-0006_1284-134647-0002__T1__4446-4446-2275-0006__HSIMV2__1284-1284-1180-0002__SIRm3,4446,1284,6,0.0,0.0,0.0,0.0,0.0,59.291728629117415,19.182889912250285
4446-2275-0006_1284-134647-0002__T2__1284-1284-134647-0002__HSIMV2__4446-4446-2275-0022__SIRm3,1284,4446,5,0.0,0.0,0.0,0.0,0.0,50.04527283910993,18.972871550739832
4446-2275-0006_2300-131720-0005__T1__4446-4446-2275-0006__HSIMV2__4992-4992-41797-0005__SIRm3,4446,2300,6,0.0,0.0,0.0,0.0,0.0,50.28142164721691,17.573421452012223
4446-2275-0006_2300-131720-0005__T2__2300-2300-131720-0005__HSIMV2__61-61-70968-0037__SIRm3,2300,4446,7,0.0,0.0,0.0,0.0,0.0,51.631303906425664,17.626802161173906
4446-2275-0006_61-70968-0039__T1__4446-4446-2275-0006__HSIMV2__4992-4992-41797-0002__SIRm3,4446,61,6,0.0,0.0,0.0,0.0,0.0,47.565833136440034,19.43746644801212
4446-2275-0006_61-70968-0039__T2__61-61-70968-0039__HSIMV2__7176-7176-92135-0041__SIRm3,61,4446,6,0.0,0.0,0.0,0.0,0.0,47.96153352569046,19.33400404640409
4446-2275-0007_121-121726-0012__T1__4446-4446-2275-0007__HSIMV2__1284-1284-1180-0012__SIRm3,4446,121,8,0.0,0.0,0.0,0.0,0.0,49.790982748466874,20.141244372029163
4446-2275-0007_121-121726-0012__T2__121-121-121726-0012__HSIMV2__237-237-134500-0011__SIRm3,121,4446,5,0.0,0.0,0.0,0.0,0.0,54.70111722670585,19.782175156005607
4446-2275-0008_2300-131720-0032__T1__4446-4446-2275-0008__HSIMV2__1284-1284-1181-0009__SIRm3,4446,2300,7,0.0,0.0,0.0,0.0,0.0,53.92405098209794,19.2465499133289
4446-2275-0008_2300-131720-0032__T2__2300-2300-131720-0032__HSIMV2__61-61-70970-0019__SIRm3,2300,4446,6,0.0,0.0,0.0,0.0,0.0,45.80578400465702,17.35528957558075
4446-2275-0012_1284-1180-0029__T1__4446-4446-2275-0012__HSIMV2__1284-1284-1181-0018__SIRm3,4446,1284,5,0.0,0.0,0.0,0.0,0.0,45.04177740091937,18.776856106149022
4446-2275-0012_1284-1180-0029__T2__1284-1284-1180-0029__HSIMV2__4446-4446-2271-0018__SIRm3,1284,4446,9,0.0,0.0,0.0,0.0,0.0,51.690448940858154,18.561666397049347
4446-2275-0013_6930-81414-0023__T1__4446-4446-2275-0013__HSIMV2__4992-4992-23283-0009__SIRm3,4446,6930,6,0.0,0.0,0.0,0.0,0.0,51.273116991798645,18.35308452221904
4446-2275-0013_6930-81414-0023__T2__6930-6930-81414-0023__HSIMV2__1320-1320-122612-0009__SIRm3,6930,4446,6,0.0,0.0,0.0,0.0,0.0,55.69837278615443,20.83993036516513
4446-2275-0016_7176-92135-0003__T1__4446-4446-2275-0016__HSIMV2__1284-1284-1180-0028__SIRm3,4446,7176,11,0.0,0.0,0.0,0.0,0.0,53.66233354251788,16.032665659546215
4446-2275-0016_7176-92135-0003__T2__7176-7176-92135-0003__HSIMV2__61-61-70970-0019__SIRm3,7176,4446,6,0.8333333333333334,0.6666666666666666,0.5,0.0,0.0,9.25672407528244,6.624683721058444
4446-2275-0019_6930-81414-0024__T1__4446-4446-2275-0019__HSIMV2__1284-1284-1181-0002__SIRm3,4446,6930,6,0.0,0.0,0.0,0.0,0.0,54.1200994315332,19.49053307972613
4446-2275-0019_6930-81414-0024__T2__6930-6930-81414-0024__HSIMV2__260-260-123286-0023__SIRm3,6930,4446,9,0.0,0.0,0.0,0.0,0.0,48.92775475038023,18.07460648082633
4446-2275-0022_1995-1826-0018__T1__4446-4446-2275-0022__HSIMV2__1284-1284-1181-0002__SIRm3,4446,1995,5,0.0,0.0,0.0,0.0,0.0,44.323195188125815,16.5128672832162
4446-2275-0022_1995-1826-0018__T2__1995-1995-1826-0018__HSIMV2__2094-2094-142345-0057__SIRm3,1995,4446,9,0.0,0.0,0.0,0.0,0.0,47.35036614436237,18.85832621487325
4446-2275-0022_6930-81414-0012__T1__4446-4446-2275-0022__HSIMV2__4992-4992-41797-0016__SIRm3,4446,6930,5,0.0,0.0,0.0,0.0,0.0,51.43443525733714,19.146641937305667
4446-2275-0022_6930-81414-0012__T2__6930-6930-81414-0012__HSIMV2__260-260-123440-0018__SIRm3,6930,4446,6,0.0,0.0,0.0,0.0,0.0,50.7756891526519,18.999904175704486
4446-2275-0022_8455-210777-0014__T1__4446-4446-2275-0022__HSIMV2__4992-4992-23283-0010__SIRm3,4446,8455,5,0.0,0.0,0.0,0.0,0.0,43.11601248417521,15.644539547717466
4446-2275-0022_8455-210777-0014__T2__8455-8455-210777-0014__HSIMV2__1320-1320-122617-0003__SIRm3,8455,4446,7,0.14285714285714285,0.0,0.0,0.0,0.0,44.60501829633954,15.695053018282657
4446-2275-0026_1580-141084-0048__T1__4446-4446-2275-0026__HSIMV2__1284-1284-1181-0012__SIRm3,4446,1580,9,0.0,0.0,0.0,0.0,0.0,56.91553347036534,19.26782388294818
4446-2275-0026_1580-141084-0048__T2__1580-1580-141084-0048__HSIMV2__237-237-134500-0028__SIRm3,1580,4446,8,0.0,0.0,0.0,0.0,0.0,48.886211250294664,18.942145743897232
4446-2275-0028_3570-5696-0009__T1__4446-4446-2275-0028__HSIMV2__1284-1284-1181-0017__SIRm3,4446,3570,6,0.0,0.0,0.0,0.0,0.0,50.47338238854257,19.838843621881992
4446-2275-0028_3570-5696-0009__T2__3570-3570-5696-0009__HSIMV2__4507-4507-16021-0031__SIRm3,3570,4446,16,0.0,0.0,0.0,0.0,0.0,55.46182115745675,22.21918857959509
4446-2275-0028_7021-79740-0000__T1__4446-4446-2275-0028__HSIMV2__1284-1284-1181-0008__SIRm3,4446,7021,6,0.0,0.0,0.0,0.0,0.0,52.2086682677803,20.206564278970667
4446-2275-0028_7021-79740-0000__T2__7021-7021-79740-0000__HSIMV2__5105-5105-28240-0024__SIRm3,7021,4446,15,0.0,0.0,0.0,0.0,0.0,55.84838371631356,19.50929790562548
4446-2275-0031_5683-32866-0016__T1__4446-4446-2275-0031__HSIMV2__1284-1284-1181-0016__SIRm3,4446,5683,5,0.0,0.0,0.0,0.0,0.0,58.413446161923275,17.920192965004443
4446-2275-0031_5683-32866-0016__T2__5683-5683-32866-0016__HSIMV2__237-237-126133-0004__SIRm3,5683,4446,5,1.0,1.0,1.0,0.6,0.6,-3.7257632150635986,0.9920567360382466
4446-2275-0031_7127-75946-0011__T1__4446-4446-2275-0031__HSIMV2__1284-1284-1181-0020__SIRm3,4446,7127,5,0.0,0.0,0.0,0.0,0.0,61.45226628633717,20.197208843453748
4446-2275-0031_7127-75946-0011__T2__7127-7127-75946-0011__HSIMV2__8455-8455-210777-0000__SIRm3,7127,4446,5,0.0,0.0,0.0,0.0,0.0,42.462348322328566,17.38564300192499
4446-2275-0032_5142-36377-0015__T1__4446-4446-2275-0032__HSIMV2__4992-4992-41797-0018__SIRm3,4446,5142,5,0.0,0.0,0.0,0.0,0.0,60.64003728903291,22.393864127956107
4446-2275-0032_5142-36377-0015__T2__5142-5142-36377-0015__HSIMV2__4970-4970-29095-0030__SIRm3,5142,4446,7,0.0,0.0,0.0,0.0,0.0,53.53398362038685,20.46583416890893
4446-2275-0033_908-157963-0024__T1__4446-4446-2275-0033__HSIMV2__1284-1284-1181-0020__SIRm3,4446,908,12,0.0,0.0,0.0,0.0,0.0,50.67322616029292,19.978198998702744
4446-2275-0033_908-157963-0024__T2__908-908-157963-0024__HSIMV2__7176-7176-92135-0009__SIRm3,908,4446,5,0.0,0.0,0.0,0.0,0.0,41.28378663446455,15.724436916174753
4446-2275-0034_672-122797-0005__T1__4446-4446-2275-0034__HSIMV2__4992-4992-41797-0018__SIRm3,4446,672,5,0.0,0.0,0.0,0.0,0.0,49.441941396987936,20.677645887230973
4446-2275-0034_672-122797-0005__T2__672-672-122797-0005__HSIMV2__1320-1320-122617-0035__SIRm3,672,4446,5,0.0,0.0,0.0,0.0,0.0,47.85954561317469,19.608023322144348
4446-2275-0034_6930-75918-0016__T1__4446-4446-2275-0034__HSIMV2__4992-4992-41797-0016__SIRm3,4446,6930,5,0.0,0.0,0.0,0.0,0.0,48.973142766778665,18.89845369597025
4446-2275-0034_6930-75918-0016__T2__6930-6930-75918-0016__HSIMV2__260-260-123286-0007__SIRm3,6930,4446,8,0.0,0.0,0.0,0.0,0.0,43.61269845453831,17.654869974814464
4446-2275-0035_8463-287645-0003__T1__4446-4446-2275-0035__HSIMV2__1284-1284-1180-0019__SIRm3,4446,8463,7,0.0,0.0,0.0,0.0,0.0,58.2143062810242,19.178567916456583
4446-2275-0035_8463-287645-0003__T2__8463-8463-287645-0003__HSIMV2__4992-4992-41797-0018__SIRm3,8463,4446,14,0.0,0.0,0.0,0.0,0.0,49.82578932422349,19.219220825550607
4446-2275-0038_8230-279154-0033__T1__4446-4446-2275-0038__HSIMV2__4992-4992-41806-0004__SIRm3,4446,8230,6,0.0,0.0,0.0,0.0,0.0,52.30728334902744,20.293929654269736
4446-2275-0038_8230-279154-0033__T2__8230-8230-279154-0033__HSIMV2__1089-1089-134686-0019__SIRm3,8230,4446,22,0.5454545454545454,0.5454545454545454,0.5,0.6818181818181818,0.4090909090909091,-6.577093805761905,-0.8076175712567895
4446-2275-0041_5142-33396-0010__T1__4446-4446-2275-0041__HSIMV2__4992-4992-23283-0017__SIRm3,4446,5142,8,0.0,0.0,0.0,0.0,0.0,58.57819780744273,18.850073028776183
4446-2275-0041_5142-33396-0010__T2__5142-5142-33396-0010__HSIMV2__4970-4970-29095-0028__SIRm3,5142,4446,5,0.0,0.0,0.0,0.0,0.0,55.74726439958729,21.3878468504254
4446-2275-0042_3570-5696-0004__T1__4446-4446-2275-0042__HSIMV2__1284-1284-1180-0013__SIRm3,4446,3570,6,0.16666666666666666,0.0,0.0,0.0,0.0,61.628750738761774,23.11906829868937
4446-2275-0042_3570-5696-0004__T2__3570-3570-5696-0004__HSIMV2__4507-4507-16021-0029__SIRm3,3570,4446,6,0.0,0.0,0.0,0.0,0.0,76.86776617477983,21.452838815833413
4507-16021-0001_7176-88083-0023__T1__4507-4507-16021-0001__HSIMV2__3729-3729-6852-0007__SIRm3,4507,7176,20,0.0,0.0,0.0,0.0,0.0,54.63724160274988,20.73899636204544
4507-16021-0001_7176-88083-0023__T2__7176-7176-88083-0023__HSIMV2__61-61-70970-0028__SIRm3,7176,4507,12,0.25,0.0,0.0,0.0,0.0,32.39705094571744,14.572111153525997
4507-16021-0002_4077-13751-0001__T1__4507-4507-16021-0002__HSIMV2__3729-3729-6852-0029__SIRm3,4507,4077,5,0.0,0.0,0.0,0.0,0.0,51.35394583625377,21.371028967710416
4507-16021-0002_4077-13751-0001__T2__4077-4077-13751-0001__HSIMV2__8455-8455-210777-0069__SIRm3,4077,4507,16,0.0,0.0,0.0,0.0,0.0,45.746470428009104,16.68844695380792
4507-16021-0003_1320-122617-0032__T1__4507-4507-16021-0003__HSIMV2__3729-3729-6852-0014__SIRm3,4507,1320,8,0.0,0.0,0.0,0.0,0.0,51.71454431810129,17.933450736945897
4507-16021-0003_1320-122617-0032__T2__1320-1320-122617-0032__HSIMV2__5105-5105-28233-0008__SIRm3,1320,4507,20,0.0,0.0,0.0,0.0,0.0,58.35357168334864,19.2402511321382
4507-16021-0003_237-134500-0039__T1__4507-4507-16021-0003__HSIMV2__3729-3729-6852-0002__SIRm3,4507,237,8,0.0,0.0,0.0,0.0,0.0,55.75044255733653,19.14579194106979
4507-16021-0003_237-134500-0039__T2__237-237-134500-0039__HSIMV2__5683-5683-32865-0005__SIRm3,237,4507,8,0.0,0.0,0.0,0.0,0.0,56.031927142823356,21.067984081603747
4507-16021-0003_672-122797-0003__T1__4507-4507-16021-0003__HSIMV2__3729-3729-6852-0004__SIRm3,4507,672,8,0.0,0.0,0.0,0.0,0.0,47.9195270608996,12.70128008824334
4507-16021-0003_672-122797-0003__T2__672-672-122797-0003__HSIMV2__1320-1320-122612-0009__SIRm3,672,4507,6,0.3333333333333333,0.16666666666666666,0.16666666666666666,0.0,0.0,13.15323846257825,7.762706979112519
4507-16021-0005_8463-294825-0006__T1__4507-4507-16021-0005__HSIMV2__3729-3729-6852-0009__SIRm3,4507,8463,7,0.0,0.0,0.0,0.0,0.0,47.5660593803006,17.579869225520728
4507-16021-0005_8463-294825-0006__T2__8463-8463-294825-0006__HSIMV2__4992-4992-41797-0000__SIRm3,8463,4507,9,0.0,0.0,0.0,0.0,0.0,55.855615130889426,18.972891068654988
4507-16021-0008_237-134500-0041__T1__4507-4507-16021-0008__HSIMV2__3729-3729-6852-0024__SIRm3,4507,237,6,0.0,0.0,0.0,0.0,0.0,56.807214053408735,21.895823487769874
4507-16021-0008_237-134500-0041__T2__237-237-134500-0041__HSIMV2__5683-5683-32879-0001__SIRm3,237,4507,6,0.0,0.0,0.0,0.0,0.0,53.87808825387639,21.039828746555663
4507-16021-0009_2300-131720-0029__T1__4507-4507-16021-0009__HSIMV2__3729-3729-6852-0040__SIRm3,4507,2300,20,0.0,0.0,0.0,0.0,0.0,56.920607307961575,21.992842340342307
4507-16021-0009_2300-131720-0029__T2__2300-2300-131720-0029__HSIMV2__61-61-70968-0025__SIRm3,2300,4507,7,0.0,0.0,0.0,0.0,0.0,46.66934222503592,17.706972659150686
4507-16021-0009_5639-40744-0002__T1__4507-4507-16021-0009__HSIMV2__3729-3729-6852-0020__SIRm3,4507,5639,21,0.0,0.0,0.0,0.0,0.0,54.48466626416319,21.00119800128852
4507-16021-0009_5639-40744-0002__T2__5639-5639-40744-0002__HSIMV2__1089-1089-134686-0006__SIRm3,5639,4507,16,0.0,0.0,0.0,0.0,0.0,55.91573721646138,20.72738633264808
4507-16021-0011_1320-122612-0016__T1__4507-4507-16021-0011__HSIMV2__3729-3729-6852-0041__SIRm3,4507,1320,10,0.0,0.0,0.0,0.0,0.0,54.95172125788631,18.879965881140087
4507-16021-0011_1320-122612-0016__T2__1320-1320-122612-0016__HSIMV2__5105-5105-28240-0015__SIRm3,1320,4507,5,0.0,0.0,0.0,0.0,0.0,50.158662158306015,17.49258253456149
4507-16021-0013_1320-122617-0017__T1__4507-4507-16021-0013__HSIMV2__3729-3729-6852-0032__SIRm3,4507,1320,19,0.0,0.0,0.0,0.0,0.0,50.3271180601634,19.27124103883255
4507-16021-0013_1320-122617-0017__T2__1320-1320-122617-0017__HSIMV2__5105-5105-28241-0009__SIRm3,1320,4507,10,0.1,0.0,0.0,0.0,0.0,55.86059583753378,20.984946259154817
4507-16021-0013_5142-33396-0012__T1__4507-4507-16021-0013__HSIMV2__3729-3729-6852-0016__SIRm3,4507,5142,7,0.0,0.0,0.0,0.0,0.0,47.2390495595904,19.402156161966342
4507-16021-0013_5142-33396-0012__T2__5142-5142-33396-0012__HSIMV2__4970-4970-29095-0006__SIRm3,5142,4507,7,0.0,0.0,0.0,0.0,0.0,56.245092827326815,22.58252610436308
4507-16021-0013_61-70970-0007__T1__4507-4507-16021-0013__HSIMV2__3729-3729-6852-0011__SIRm3,4507,61,13,0.0,0.0,0.0,0.0,0.0,54.2084138991802,18.7221756250403
4507-16021-0013_61-70970-0007__T2__61-61-70970-0007__HSIMV2__8230-8230-279154-0023__SIRm3,61,4507,7,0.0,0.0,0.0,0.0,0.0,35.588820894700085,14.890861291639432
4507-16021-0015_1580-141084-0049__T1__4507-4507-16021-0015__HSIMV2__3729-3729-6852-0009__SIRm3,4507,1580,6,0.0,0.0,0.0,0.0,0.0,51.12954892052674,19.381248000540907
4507-16021-0015_1580-141084-0049__T2__1580-1580-141084-0049__HSIMV2__1284-1284-1181-0001__SIRm3,1580,4507,14,0.0,0.0,0.0,0.0,0.0,55.18245815732903,18.806721341344023
4507-16021-0016_1320-122617-0029__T1__4507-4507-16021-0016__HSIMV2__3729-3729-6852-0001__SIRm3,4507,1320,23,0.0,0.0,0.0,0.0,0.0,50.97623721532786,18.92272770913878
4507-16021-0016_1320-122617-0029__T2__1320-1320-122617-0029__HSIMV2__5105-5105-28240-0006__SIRm3,1320,4507,14,0.0,0.0,0.0,0.0,0.0,57.962177250751324,19.944223044488066
4507-16021-0017_8455-210777-0027__T1__4507-4507-16021-0017__HSIMV2__3729-3729-6852-0036__SIRm3,4507,8455,9,0.0,0.0,0.0,0.0,0.0,47.290646089398955,20.05121866224516
4507-16021-0017_8455-210777-0027__T2__8455-8455-210777-0027__HSIMV2__1320-1320-122612-0004__SIRm3,8455,4507,11,0.0,0.0,0.0,0.0,0.0,52.92812436179547,19.33456175855272
4507-16021-0022_8455-210777-0064__T1__4507-4507-16021-0022__HSIMV2__3729-3729-6852-0044__SIRm3,4507,8455,11,0.0,0.0,0.0,0.0,0.0,54.79536299931626,18.9323826963617
4507-16021-0022_8455-210777-0064__T2__8455-8455-210777-0064__HSIMV2__1320-1320-122617-0032__SIRm3,8455,4507,6,0.0,0.0,0.0,0.0,0.0,53.367162419921954,20.27102287392602
4507-16021-0024_4446-2273-0034__T1__4507-4507-16021-0024__HSIMV2__3729-3729-6852-0004__SIRm3,4507,4446,9,0.0,0.0,0.0,0.0,0.0,56.30670519796147,19.75806077679049
4507-16021-0024_4446-2273-0034__T2__4446-4446-2273-0034__HSIMV2__4992-4992-41797-0018__SIRm3,4446,4507,6,0.0,0.0,0.0,0.0,0.0,53.25694244462329,19.80614092731916
4507-16021-0024_61-70970-0033__T1__4507-4507-16021-0024__HSIMV2__3729-3729-6852-0020__SIRm3,4507,61,9,0.0,0.0,0.0,0.0,0.0,46.15009048834561,19.15406014485489
4507-16021-0024_61-70970-0033__T2__61-61-70970-0033__HSIMV2__8230-8230-279154-0011__SIRm3,61,4507,5,0.0,0.0,0.0,0.0,0.0,26.377001723304534,12.80408518510574
4507-16021-0025_5142-33396-0044__T1__4507-4507-16021-0025__HSIMV2__3729-3729-6852-0009__SIRm3,4507,5142,17,0.0,0.0,0.0,0.0,0.0,57.48942475595525,20.8820745376292
4507-16021-0025_5142-33396-0044__T2__5142-5142-33396-0044__HSIMV2__4970-4970-29095-0022__SIRm3,5142,4507,8,0.0,0.0,0.0,0.0,0.0,62.24780753483356,21.21725737498532
4507-16021-0028_1188-133604-0014__T1__4507-4507-16021-0028__HSIMV2__3729-3729-6852-0000__SIRm3,4507,1188,5,0.0,0.0,0.0,0.0,0.0,54.780444082024204,21.07715875387033
4507-16021-0028_1188-133604-0014__T2__1188-1188-133604-0014__HSIMV2__2830-2830-3980-0028__SIRm3,1188,4507,6,0.0,0.0,0.0,0.0,0.0,47.55244520906435,19.96270278464186
4507-16021-0028_237-134493-0001__T1__4507-4507-16021-0028__HSIMV2__3729-3729-6852-0046__SIRm3,4507,237,5,0.0,0.0,0.0,0.0,0.0,53.66146644755198,20.791839794328023
4507-16021-0028_237-134493-0001__T2__237-237-134493-0001__HSIMV2__5683-5683-32879-0019__SIRm3,237,4507,11,0.0,0.0,0.0,0.0,0.0,58.14460207833638,21.10607035487035
4507-16021-0029_8455-210777-0070__T1__4507-4507-16021-0029__HSIMV2__3729-3729-6852-0040__SIRm3,4507,8455,6,0.0,0.0,0.0,0.0,0.0,50.8896014460122,20.73781963109449
4507-16021-0029_8455-210777-0070__T2__8455-8455-210777-0070__HSIMV2__1320-1320-122612-0000__SIRm3,8455,4507,10,0.0,0.0,0.0,0.0,0.0,53.66965300983891,18.870688166365788
4507-16021-0030_2830-3980-0017__T1__4507-4507-16021-0030__HSIMV2__3729-3729-6852-0025__SIRm3,4507,2830,5,0.0,0.0,0.0,0.0,0.0,42.05698317791839,18.55354794261028
4507-16021-0030_2830-3980-0017__T2__2830-2830-3980-0017__HSIMV2__1188-1188-133604-0017__SIRm3,2830,4507,6,0.0,0.0,0.0,0.0,0.0,46.21520826204204,17.118072427229748
4507-16021-0031_260-123288-0022__T1__4507-4507-16021-0031__HSIMV2__3729-3729-6852-0009__SIRm3,4507,260,27,0.0,0.0,0.0,0.0,0.0,58.885904862158405,19.89838442057903
4507-16021-0031_260-123288-0022__T2__260-260-123288-0022__HSIMV2__672-672-122797-0036__SIRm3,260,4507,6,0.0,0.0,0.0,0.0,0.0,50.860936150605845,19.114179759290547
4507-16021-0033_4992-23283-0005__T1__4507-4507-16021-0033__HSIMV2__3729-3729-6852-0040__SIRm3,4507,4992,10,0.0,0.0,0.0,0.0,0.0,50.742425875880144,19.00795843597448
4507-16021-0033_4992-23283-0005__T2__4992-4992-23283-0005__HSIMV2__4446-4446-2275-0008__SIRm3,4992,4507,7,0.0,0.0,0.0,0.0,0.0,53.838707666678246,19.99440726701896
4507-16021-0036_7021-85628-0027__T1__4507-4507-16021-0036__HSIMV2__3729-3729-6852-0026__SIRm3,4507,7021,8,0.0,0.0,0.0,0.0,0.0,48.56553607697357,15.919905126977536
4507-16021-0036_7021-85628-0027__T2__7021-7021-85628-0027__HSIMV2__5105-5105-28241-0017__SIRm3,7021,4507,15,0.0,0.0,0.0,0.0,0.0,61.22599729156118,21.66326993687288
4507-16021-0037_1284-1181-0009__T1__4507-4507-16021-0037__HSIMV2__3729-3729-6852-0043__SIRm3,4507,1284,7,0.0,0.0,0.0,0.0,0.0,54.152687988270635,18.570512487738792
4507-16021-0037_1284-1181-0009__T2__1284-1284-1181-0009__HSIMV2__1580-1580-141083-0031__SIRm3,1284,4507,9,0.0,0.0,0.0,0.0,0.0,54.884261583746,19.695873241460205
4507-16021-0037_1580-141084-0024__T1__4507-4507-16021-0037__HSIMV2__3729-3729-6852-0044__SIRm3,4507,1580,9,0.0,0.0,0.0,0.0,0.0,47.87083302877391,19.15397510849564
4507-16021-0037_1580-141084-0024__T2__1580-1580-141084-0024__HSIMV2__237-237-134500-0032__SIRm3,1580,4507,9,0.0,0.0,0.0,0.0,0.0,52.052121636599956,18.72665348654647
4507-16021-0040_5142-33396-0023__T1__4507-4507-16021-0040__HSIMV2__3729-3729-6852-0016__SIRm3,4507,5142,6,0.0,0.0,0.0,0.0,0.0,40.783813980640765,17.99719486962875
4507-16021-0040_5142-33396-0023__T2__5142-5142-33396-0023__HSIMV2__4970-4970-29093-0023__SIRm3,5142,4507,5,0.8,0.8,0.8,1.0,0.8,-30.265236144575795,-14.906448750811805
4507-16021-0042_1995-1837-0000__T1__4507-4507-16021-0042__HSIMV2__3729-3729-6852-0020__SIRm3,4507,1995,19,0.0,0.0,0.0,0.0,0.0,52.6854416776697,18.814299427675103
4507-16021-0042_1995-1837-0000__T2__1995-1995-1837-0000__HSIMV2__2094-2094-142345-0054__SIRm3,1995,4507,6,0.0,0.0,0.0,0.0,0.0,63.21630626090003,23.43921567859977
4507-16021-0042_260-123286-0011__T1__4507-4507-16021-0042__HSIMV2__3729-3729-6852-0016__SIRm3,4507,260,7,0.0,0.0,0.0,0.0,0.0,45.06067687701191,19.051874516939364
4507-16021-0042_260-123286-0011__T2__260-260-123286-0011__HSIMV2__672-672-122797-0050__SIRm3,260,4507,7,0.0,0.0,0.0,0.0,0.0,46.56201741998431,18.60960999245752
4507-16021-0043_121-121726-0005__T1__4507-4507-16021-0043__HSIMV2__3729-3729-6852-0009__SIRm3,4507,121,6,0.0,0.0,0.0,0.0,0.0,53.57857571439871,18.17277685123998
4507-16021-0043_121-121726-0005__T2__121-121-121726-0005__HSIMV2__237-237-134500-0006__SIRm3,121,4507,5,0.2,0.8,0.2,0.0,0.0,45.234346124919625,21.09858961793744
4507-16021-0045_6829-68769-0012__T1__4507-4507-16021-0045__HSIMV2__3729-3729-6852-0016__SIRm3,4507,6829,7,0.0,0.0,0.0,0.0,0.0,44.19052840715183,19.05017558718525
4507-16021-0045_6829-68769-0012__T2__6829-6829-68769-0012__HSIMV2__4970-4970-29095-0024__SIRm3,6829,4507,7,0.0,0.0,0.0,0.0,0.0,50.60501140086818,19.31283994418421
4507-16021-0045_8555-284449-0012__T1__4507-4507-16021-0045__HSIMV2__3729-3729-6852-0046__SIRm3,4507,8555,8,0.0,0.0,0.0,0.0,0.0,42.870065790904604,18.94256153834529
4507-16021-0045_8555-284449-0012__T2__8555-8555-284449-0012__HSIMV2__4970-4970-29093-0001__SIRm3,8555,4507,18,0.0,0.0,0.0,0.0,0.0,50.313804957571044,19.264547281655688
4507-16021-0046_121-127105-0023__T1__4507-4507-16021-0046__HSIMV2__3729-3729-6852-0019__SIRm3,4507,121,5,0.0,0.0,0.0,0.0,0.0,45.69360695077116,19.246118440643578
4507-16021-0046_121-127105-0023__T2__121-121-127105-0023__HSIMV2__237-237-134500-0016__SIRm3,121,4507,5,1.0,1.0,1.0,1.0,1.0,-27.559001895690653,-10.503414807868609
4507-16021-0046_237-134500-0031__T1__4507-4507-16021-0046__HSIMV2__3729-3729-6852-0039__SIRm3,4507,237,8,0.0,0.0,0.0,0.0,0.0,53.26624034548754,19.47287741971059
4507-16021-0046_237-134500-0031__T2__237-237-134500-0031__HSIMV2__5683-5683-32879-0002__SIRm3,237,4507,20,0.0,0.0,0.0,0.0,0.0,59.15106489663257,20.455516022780063
4507-16021-0048_2300-131720-0012__T1__4507-4507-16021-0048__HSIMV2__3729-3729-6852-0024__SIRm3,4507,2300,9,0.0,0.0,0.0,0.0,0.0,49.94802449927643,18.60106996534318
4507-16021-0048_2300-131720-0012__T2__2300-2300-131720-0012__HSIMV2__61-61-70968-0024__SIRm3,2300,4507,11,0.0,0.0,0.0,0.0,0.0,51.96814876623528,17.355663721132018
4507-16021-0049_260-123286-0007__T1__4507-4507-16021-0049__HSIMV2__3729-3729-6852-0011__SIRm3,4507,260,10,0.0,0.0,0.0,0.0,0.0,54.06593224206686,19.226009267063223
4507-16021-0049_260-123286-0007__T2__260-260-123286-0007__HSIMV2__672-672-122797-0064__SIRm3,260,4507,8,0.0,0.0,0.0,0.0,0.0,53.249989701599304,18.253664408808863
4507-16021-0049_5142-33396-0043__T1__4507-4507-16021-0049__HSIMV2__3729-3729-6852-0042__SIRm3,4507,5142,10,0.0,0.0,0.0,0.0,0.0,53.2552626170655,20.22338982624854
4507-16021-0049_5142-33396-0043__T2__5142-5142-33396-0043__HSIMV2__4970-4970-29095-0033__SIRm3,5142,4507,6,0.0,0.0,0.0,0.0,0.0,45.14930615572093,16.81584866821894
4507-16021-0050_2094-142345-0054__T1__4507-4507-16021-0050__HSIMV2__3729-3729-6852-0023__SIRm3,4507,2094,6,0.0,0.0,0.0,0.0,0.0,54.43932444089294,20.020101025769307
4507-16021-0050_2094-142345-0054__T2__2094-2094-142345-0054__HSIMV2__3729-3729-6852-0037__SIRm3,2094,4507,10,0.0,0.0,0.0,0.0,0.0,44.60792835518057,18.63821421905383
4507-16021-0050_2961-961-0003__T1__4507-4507-16021-0050__HSIMV2__3729-3729-6852-0016__SIRm3,4507,2961,6,0.0,0.0,0.0,0.0,0.0,50.834594647811,20.2501896674068
4507-16021-0050_2961-961-0003__T2__2961-2961-961-0003__HSIMV2__3570-3570-5695-0011__SIRm3,2961,4507,7,0.0,0.0,0.0,0.0,0.0,51.828457706702515,20.33945619310154
4507-16021-0050_8555-284449-0012__T1__4507-4507-16021-0050__HSIMV2__3729-3729-6852-0031__SIRm3,4507,8555,6,0.0,0.0,0.0,0.0,0.0,47.79767471071625,20.49387175885957
4507-16021-0050_8555-284449-0012__T2__8555-8555-284449-0012__HSIMV2__4970-4970-29093-0013__SIRm3,8555,4507,15,0.0,0.0,0.0,0.0,0.0,52.26451693852573,20.15676283474732
4507-16021-0051_8455-210777-0005__T1__4507-4507-16021-0051__HSIMV2__3729-3729-6852-0009__SIRm3,4507,8455,11,0.0,0.0,0.0,0.0,0.0,49.08383199344161,18.340561937704955
4507-16021-0051_8455-210777-0005__T2__8455-8455-210777-0005__HSIMV2__1320-1320-122617-0041__SIRm3,8455,4507,7,0.0,0.0,0.0,0.0,0.0,49.966724056960174,20.77059449569565
4507-16021-0052_2830-3980-0069__T1__4507-4507-16021-0052__HSIMV2__3729-3729-6852-0007__SIRm3,4507,2830,11,0.09090909090909091,0.0,0.0,0.0,0.0,55.61947873516849,19.865878998713978
4507-16021-0052_2830-3980-0069__T2__2830-2830-3980-0069__HSIMV2__1188-1188-133604-0011__SIRm3,2830,4507,10,0.0,0.0,0.0,0.0,0.0,52.983715239070705,18.649345700723323
4507-16021-0053_2300-131720-0005__T1__4507-4507-16021-0053__HSIMV2__3729-3729-6852-0046__SIRm3,4507,2300,15,0.06666666666666667,0.0,0.0,0.0,0.0,51.02404050323276,18.93398476042734
4507-16021-0053_2300-131720-0005__T2__2300-2300-131720-0005__HSIMV2__61-61-70970-0015__SIRm3,2300,4507,12,0.0,0.0,0.0,0.0,0.0,48.5034802842616,16.244462299525715
4507-16021-0053_260-123286-0004__T1__4507-4507-16021-0053__HSIMV2__3729-3729-6852-0024__SIRm3,4507,260,10,0.0,0.1,0.0,0.0,0.0,57.525934722051474,18.86851894430847
4507-16021-0053_260-123286-0004__T2__260-260-123286-0004__HSIMV2__672-672-122797-0003__SIRm3,260,4507,5,0.0,0.0,0.0,0.0,0.0,48.78731858186029,17.95116830711219
4507-16021-0053_61-70968-0022__T1__4507-4507-16021-0053__HSIMV2__3729-3729-6852-0037__SIRm3,4507,61,10,0.0,0.0,0.0,0.0,0.0,51.24850548962886,18.69467393760774
4507-16021-0053_61-70968-0022__T2__61-61-70968-0022__HSIMV2__7176-7176-88083-0011__SIRm3,61,4507,8,0.0,0.0,0.0,0.0,0.0,40.85190957407812,15.264429028808816
4507-16021-0053_8455-210777-0009__T1__4507-4507-16021-0053__HSIMV2__3729-3729-6852-0013__SIRm3,4507,8455,5,0.0,0.0,0.0,0.0,0.0,46.463665035975154,17.118175207677734
4507-16021-0053_8455-210777-0009__T2__8455-8455-210777-0009__HSIMV2__1320-1320-122617-0002__SIRm3,8455,4507,8,0.0,0.0,0.0,0.0,0.0,51.811703119835826,19.11552047346017
4507-16021-0055_1089-134691-0007__T1__4507-4507-16021-0055__HSIMV2__3729-3729-6852-0025__SIRm3,4507,1089,5,0.0,0.0,0.0,0.0,0.0,42.50906431547814,18.292694106948424
4507-16021-0055_1089-134691-0007__T2__1089-1089-134691-0007__HSIMV2__8230-8230-279154-0022__SIRm3,1089,4507,5,0.0,0.0,0.0,0.0,0.0,36.40619819657352,18.192694748963635
4507-16021-0055_1580-141083-0013__T1__4507-4507-16021-0055__HSIMV2__3729-3729-6852-0037__SIRm3,4507,1580,10,0.0,0.0,0.0,0.0,0.0,62.93956511832543,18.58726965940683
4507-16021-0055_1580-141083-0013__T2__1580-1580-141083-0013__HSIMV2__237-237-126133-0019__SIRm3,1580,4507,7,0.0,0.0,0.0,0.0,0.0,46.56519261633257,18.72162585585041
4507-16021-0055_2830-3980-0030__T1__4507-4507-16021-0055__HSIMV2__3729-3729-6852-0018__SIRm3,4507,2830,11,0.0,0.0,0.0,0.0,0.0,57.584324868024616,18.97884006761669
4507-16021-0055_2830-3980-0030__T2__2830-2830-3980-0030__HSIMV2__1188-1188-133604-0004__SIRm3,2830,4507,9,0.0,0.0,0.0,0.0,0.0,43.35884170858722,16.163512864151876
4507-16021-0056_7021-85628-0002__T1__4507-4507-16021-0056__HSIMV2__3729-3729-6852-0004__SIRm3,4507,7021,11,0.0,0.0,0.0,0.0,0.0,46.788919799594666,19.88871487746365
4507-16021-0056_7021-85628-0002__T2__7021-7021-85628-0002__HSIMV2__5105-5105-28233-0000__SIRm3,7021,4507,8,0.0,0.0,0.0,0.0,0.0,49.83405155313704,18.705129486117983
4507-16021-0057_7021-85628-0018__T1__4507-4507-16021-0057__HSIMV2__3729-3729-6852-0002__SIRm3,4507,7021,8,0.0,0.0,0.0,0.0,0.0,57.69728208659937,19.753967510355583
4507-16021-0057_7021-85628-0018__T2__7021-7021-85628-0018__HSIMV2__5105-5105-28241-0006__SIRm3,7021,4507,14,0.0,0.0,0.0,0.0,0.0,50.032060028066944,19.154875204536985
4507-16021-0058_2830-3980-0044__T1__4507-4507-16021-0058__HSIMV2__3729-3729-6852-0013__SIRm3,4507,2830,5,0.0,0.0,0.0,0.0,0.0,41.35804040626973,16.299210365695128
4507-16021-0058_2830-3980-0044__T2__2830-2830-3980-0044__HSIMV2__1188-1188-133604-0000__SIRm3,2830,4507,5,0.0,0.0,0.0,0.0,0.0,61.69569123278321,18.25235608272738
4507-16021-0058_7729-102255-0029__T1__4507-4507-16021-0058__HSIMV2__3729-3729-6852-0009__SIRm3,4507,7729,5,0.0,0.0,0.0,0.0,0.0,49.60150663629983,19.14265011344322
4507-16021-0058_7729-102255-0029__T2__7729-7729-102255-0029__HSIMV2__7176-7176-92135-0016__SIRm3,7729,4507,13,0.0,0.0,0.0,0.0,0.0,52.78854107566043,19.2110247836993
4507-16021-0059_260-123288-0006__T1__4507-4507-16021-0059__HSIMV2__3729-3729-6852-0040__SIRm3,4507,260,10,0.0,0.0,0.0,0.0,0.0,54.15767657247858,19.5120263985474
4507-16021-0059_260-123288-0006__T2__260-260-123288-0006__HSIMV2__1320-1320-122617-0039__SIRm3,260,4507,8,0.0,0.75,0.0,0.0,0.0,54.27200435838219,18.928950665322425
4507-16021-0059_7176-88083-0005__T1__4507-4507-16021-0059__HSIMV2__3729-3729-6852-0007__SIRm3,4507,7176,10,0.0,0.0,0.0,0.0,0.0,49.56591412375069,19.886054234077484
4507-16021-0059_7176-88083-0005__T2__7176-7176-88083-0005__HSIMV2__61-61-70970-0024__SIRm3,7176,4507,8,0.0,0.0,0.0,0.0,0.0,36.66973122780118,15.609286544261716
4970-29093-0000_2094-142345-0056__T1__4970-4970-29093-0000__HSIMV2__6829-6829-68769-0022__SIRm3,4970,2094,5,0.0,0.2,0.0,0.0,0.0,47.62135541880265,18.959146823570123
4970-29093-0000_2094-142345-0056__T2__2094-2094-142345-0056__HSIMV2__3729-3729-6852-0037__SIRm3,2094,4970,6,0.0,0.0,0.0,0.0,0.0,44.49809276605469,17.336103714363077
4970-29093-0000_4446-2273-0002__T1__4970-4970-29093-0000__HSIMV2__6829-6829-68769-0023__SIRm3,4970,4446,5,0.0,0.2,0.0,0.0,0.0,54.4945232399085,19.6534219036736
4970-29093-0000_4446-2273-0002__T2__4446-4446-2273-0002__HSIMV2__1284-1284-1181-0000__SIRm3,4446,4970,5,0.0,0.0,0.0,0.0,0.0,60.12032052719742,21.365700024792453
4970-29093-0000_8455-210777-0070__T1__4970-4970-29093-0000__HSIMV2__8555-8555-284447-0013__SIRm3,4970,8455,5,0.0,0.0,0.0,0.0,0.0,54.06095419772426,20.033963170938563
4970-29093-0000_8455-210777-0070__T2__8455-8455-210777-0070__HSIMV2__1320-1320-122617-0032__SIRm3,8455,4970,10,0.0,0.0,0.0,0.0,0.0,47.336549230621294,18.892391789854138
4970-29093-0001_1188-133604-0004__T1__4970-4970-29093-0001__HSIMV2__6829-6829-68771-0030__SIRm3,4970,1188,11,0.0,0.09090909090909091,0.0,0.0,0.0,48.958293009523615,20.915727613047533
4970-29093-0001_1188-133604-0004__T2__1188-1188-133604-0004__HSIMV2__2830-2830-3980-0005__SIRm3,1188,4970,11,0.0,0.0,0.0,0.0,0.0,39.394284028586476,15.771508711323678
4970-29093-0001_237-134500-0003__T1__4970-4970-29093-0001__HSIMV2__6829-6829-68769-0027__SIRm3,4970,237,5,0.0,0.0,0.0,0.0,0.0,40.37967320934505,17.799409270991404
4970-29093-0001_237-134500-0003__T2__237-237-134500-0003__HSIMV2__5683-5683-32866-0001__SIRm3,237,4970,5,0.0,0.0,0.0,0.0,0.0,51.52330824575959,18.355136180043367
4970-29093-0002_6930-76324-0014__T1__4970-4970-29093-0002__HSIMV2__6829-6829-68769-0001__SIRm3,4970,6930,17,0.0,0.0,0.0,0.0,0.0,52.319593077580876,18.539440844692848
4970-29093-0002_6930-76324-0014__T2__6930-6930-76324-0014__HSIMV2__260-260-123440-0012__SIRm3,6930,4970,8,0.0,0.0,0.0,0.0,0.0,59.06160078541092,18.7426840609724
4970-29093-0004_8455-210777-0070__T1__4970-4970-29093-0004__HSIMV2__6829-6829-68771-0018__SIRm3,4970,8455,6,0.0,0.0,0.0,0.0,0.0,52.981089752502406,20.258246930429607
4970-29093-0004_8455-210777-0070__T2__8455-8455-210777-0070__HSIMV2__1320-1320-122617-0022__SIRm3,8455,4970,6,0.0,0.0,0.0,0.0,0.0,55.59115767020247,20.93367529171276
4970-29093-0007_1995-1826-0002__T1__4970-4970-29093-0007__HSIMV2__6829-6829-68771-0030__SIRm3,4970,1995,11,0.0,0.0,0.0,0.0,0.0,47.41730242458771,18.74440731062909
4970-29093-0007_1995-1826-0002__T2__1995-1995-1826-0002__HSIMV2__2094-2094-142345-0012__SIRm3,1995,4970,8,0.0,0.0,0.0,0.0,0.0,55.985191738489355,21.64775133729463
4970-29093-0007_3570-5694-0011__T1__4970-4970-29093-0007__HSIMV2__8555-8555-284447-0008__SIRm3,4970,3570,12,0.0,0.16666666666666666,0.0,0.0,0.0,58.45352279990154,22.37445894993797
4970-29093-0007_3570-5694-0011__T2__3570-3570-5694-0011__HSIMV2__4507-4507-16021-0048__SIRm3,3570,4970,9,0.0,0.0,0.0,0.0,0.0,61.66872653402389,21.10299765272893
4970-29093-0008_1995-1826-0004__T1__4970-4970-29093-0008__HSIMV2__6829-6829-68771-0024__SIRm3,4970,1995,6,0.0,0.0,0.0,0.0,0.0,58.451456200571464,19.472689352495784
4970-29093-0008_1995-1826-0004__T2__1995-1995-1826-0004__HSIMV2__2094-2094-142345-0054__SIRm3,1995,4970,5,0.0,0.0,0.0,0.0,0.0,49.97124557607391,22.666180701471674
4970-29093-0008_1995-1837-0003__T1__4970-4970-29093-0008__HSIMV2__6829-6829-68769-0028__SIRm3,4970,1995,5,0.0,0.0,0.0,0.0,0.0,49.64760432604848,18.980884747659296
4970-29093-0008_1995-1837-0003__T2__1995-1995-1837-0003__HSIMV2__2094-2094-142345-0023__SIRm3,1995,4970,9,0.0,0.0,0.0,0.0,0.0,48.74039835960891,18.92611253461906
4970-29093-0009_672-122797-0007__T1__4970-4970-29093-0009__HSIMV2__8555-8555-292519-0011__SIRm3,4970,672,5,0.0,0.0,0.0,0.0,0.0,52.302589815876146,22.003909298284206
4970-29093-0009_672-122797-0007__T2__672-672-122797-0007__HSIMV2__1320-1320-122612-0004__SIRm3,672,4970,11,0.0,0.0,0.0,0.0,0.0,59.24280571793852,19.78169404923512
4970-29093-0009_672-122797-0032__T1__4970-4970-29093-0009__HSIMV2__6829-6829-68771-0027__SIRm3,4970,672,9,0.0,0.0,0.0,0.0,0.0,52.2727097958544,19.358257135566777
4970-29093-0009_672-122797-0032__T2__672-672-122797-0032__HSIMV2__260-260-123288-0001__SIRm3,672,4970,6,0.0,0.0,0.0,0.0,0.0,47.7914584166902,18.467698443429008
4970-29093-0011_260-123286-0001__T1__4970-4970-29093-0011__HSIMV2__6829-6829-68769-0027__SIRm3,4970,260,5,0.0,0.0,0.0,0.0,0.0,51.74852344532532,18.635728275046507
4970-29093-0011_260-123286-0001__T2__260-260-123286-0001__HSIMV2__672-672-122797-0064__SIRm3,260,4970,5,0.0,0.0,0.0,0.0,0.0,49.246436939199114,17.095489456657944
4970-29093-0012_1188-133604-0027__T1__4970-4970-29093-0012__HSIMV2__8555-8555-292519-0011__SIRm3,4970,1188,5,0.0,0.0,0.0,0.0,0.0,59.459117743174986,22.558258606023017
4970-29093-0012_1188-133604-0027__T2__1188-1188-133604-0027__HSIMV2__2830-2830-3980-0066__SIRm3,1188,4970,11,0.0,0.09090909090909091,0.0,0.0,0.0,49.416677252460666,19.66771934726099
4970-29093-0012_7729-102255-0033__T1__4970-4970-29093-0012__HSIMV2__6829-6829-68771-0012__SIRm3,4970,7729,16,0.0625,0.0,0.0,0.0,0.0,51.64187816070533,18.75023695900113
4970-29093-0012_7729-102255-0033__T2__7729-7729-102255-0033__HSIMV2__7176-7176-92135-0025__SIRm3,7729,4970,12,0.0,0.0,0.0,0.0,0.0,48.12763095673776,17.712073847676226
4970-29093-0013_7021-85628-0006__T1__4970-4970-29093-0013__HSIMV2__6829-6829-68769-0005__SIRm3,4970,7021,12,1.0,1.0,1.0,1.0,1.0,-59.05448906234384,-34.99425859997638
4970-29093-0013_7021-85628-0006__T2__7021-7021-85628-0006__HSIMV2__5105-5105-28241-0018__SIRm3,7021,4970,6,0.0,0.0,0.0,0.0,0.0,57.010231136379495,19.014694697789995
4970-29093-0014_4992-41797-0019__T1__4970-4970-29093-0014__HSIMV2__8555-8555-284447-0020__SIRm3,4970,4992,7,0.0,0.0,0.0,0.0,0.0,56.618425231541664,22.229705843160456
4970-29093-0014_4992-41797-0019__T2__4992-4992-41797-0019__HSIMV2__4446-4446-2271-0010__SIRm3,4992,4970,5,0.0,0.0,0.0,0.0,0.0,52.54829725906668,19.40327631517228
4970-29093-0015_237-126133-0012__T1__4970-4970-29093-0015__HSIMV2__6829-6829-68769-0007__SIRm3,4970,237,5,0.0,0.0,0.0,0.0,0.0,44.38525157027848,18.385420679925986
4970-29093-0015_237-126133-0012__T2__237-237-126133-0012__HSIMV2__5683-5683-32865-0004__SIRm3,237,4970,7,0.0,0.0,0.0,0.0,0.0,52.399964111083136,19.376491430094724
4970-29093-0015_2961-961-0016__T1__4970-4970-29093-0015__HSIMV2__6829-6829-68771-0033__SIRm3,4970,2961,5,0.0,0.0,0.0,0.0,0.0,51.6076311358024,19.888717240115625
4970-29093-0015_2961-961-0016__T2__2961-2961-961-0016__HSIMV2__3570-3570-5695-0009__SIRm3,2961,4970,9,0.0,0.0,0.0,0.0,0.0,58.49720278809847,20.35335126398708
4970-29093-0015_6930-76324-0013__T1__4970-4970-29093-0015__HSIMV2__8555-8555-284447-0017__SIRm3,4970,6930,5,0.0,0.0,0.0,0.0,0.0,57.75610101044272,22.128682714086025
4970-29093-0015_6930-76324-0013__T2__6930-6930-76324-0013__HSIMV2__260-260-123288-0001__SIRm3,6930,4970,6,0.0,0.0,0.0,0.0,0.0,46.758874096915825,18.54176442270941
4970-29093-0018_1221-135766-0002__T1__4970-4970-29093-0018__HSIMV2__8555-8555-284447-0018__SIRm3,4970,1221,9,0.0,0.0,0.0,0.0,0.0,52.280586400975686,22.697350741509705
4970-29093-0018_1221-135766-0002__T2__1221-1221-135766-0002__HSIMV2__4992-4992-23283-0018__SIRm3,1221,4970,8,0.0,0.0,0.0,0.0,0.0,44.13408812626565,16.59720335398855
4970-29093-0018_1284-1180-0012__T1__4970-4970-29093-0018__HSIMV2__6829-6829-68769-0030__SIRm3,4970,1284,8,0.25,0.0,0.0,0.0,0.0,45.70661756573202,19.950590240390262
4970-29093-0018_1284-1180-0012__T2__1284-1284-1180-0012__HSIMV2__4446-4446-2275-0016__SIRm3,1284,4970,8,0.125,0.0,0.0,0.0,0.0,75.62925071087244,22.51437865590077
4970-29093-0019_121-121726-0000__T1__4970-4970-29093-0019__HSIMV2__8555-8555-284447-0020__SIRm3,4970,121,7,0.0,0.0,0.0,0.0,0.0,65.18014214181395,22.30044257113292
4970-29093-0019_121-121726-0000__T2__121-121-121726-0000__HSIMV2__237-237-126133-0006__SIRm3,121,4970,11,0.0,0.0,0.0,0.0,0.0,52.36538179117653,21.616366007794863
4970-29093-0019_4446-2275-0010__T1__4970-4970-29093-0019__HSIMV2__6829-6829-68771-0032__SIRm3,4970,4446,12,0.0,0.0,0.0,0.0,0.0,49.69817469490635,18.82151943609463
4970-29093-0019_4446-2275-0010__T2__4446-4446-2275-0010__HSIMV2__1284-1284-1180-0021__SIRm3,4446,4970,6,0.0,0.0,0.0,0.0,0.0,39.31498625458256,16.944549111108014
4970-29093-0019_5683-32865-0015__T1__4970-4970-29093-0019__HSIMV2__8555-8555-284447-0008__SIRm3,4970,5683,13,0.0,0.0,0.0,0.0,0.0,63.8074349583828,23.068354294446127
4970-29093-0019_5683-32865-0015__T2__5683-5683-32865-0015__HSIMV2__1221-1221-135767-0021__SIRm3,5683,4970,6,0.3333333333333333,0.0,0.0,0.0,0.0,39.256423526748044,18.060414470700167
4970-29093-0020_5142-33396-0015__T1__4970-4970-29093-0020__HSIMV2__6829-6829-68769-0040__SIRm3,4970,5142,7,0.0,0.5714285714285714,0.0,0.0,0.0,47.55223887275252,20.49245092473792
4970-29093-0020_5142-33396-0015__T2__5142-5142-33396-0015__HSIMV2__4970-4970-29093-0020__SIRm3,5142,4970,7,0.0,0.0,0.0,0.0,0.0,47.58232956451763,17.165933148943456
4970-29093-0022_3729-6852-0038__T1__4970-4970-29093-0022__HSIMV2__8555-8555-284447-0005__SIRm3,4970,3729,11,0.0,0.0,0.0,0.0,0.0,54.43164755206573,20.105241327320467
4970-29093-0022_3729-6852-0038__T2__3729-3729-6852-0038__HSIMV2__4507-4507-16021-0029__SIRm3,3729,4970,6,0.0,0.0,0.0,0.0,0.0,56.89518120623408,20.33390326197559
4970-29093-0022_6829-68771-0024__T1__4970-4970-29093-0022__HSIMV2__6829-6829-68769-0027__SIRm3,4970,6829,5,0.2,0.0,0.0,0.0,0.0,48.26697824945001,19.63476283220237
4970-29093-0022_6829-68771-0024__T2__6829-6829-68771-0024__HSIMV2__4970-4970-29093-0013__SIRm3,6829,4970,11,0.0,0.0,0.0,0.0,0.0,42.124945577465155,17.607106975185285
4970-29093-0022_8463-287645-0004__T1__4970-4970-29093-0022__HSIMV2__6829-6829-68771-0022__SIRm3,4970,8463,6,0.0,0.16666666666666666,0.0,0.0,0.0,47.84712116956618,19.197656729487058
4970-29093-0022_8463-287645-0004__T2__8463-8463-287645-0004__HSIMV2__4992-4992-23283-0019__SIRm3,8463,4970,11,1.0,0.9090909090909091,0.9090909090909091,1.0,0.9090909090909091,-37.50909966218082,-19.29223368727653
4970-29093-0023_1320-122612-0000__T1__4970-4970-29093-0023__HSIMV2__6829-6829-68769-0014__SIRm3,4970,1320,6,0.0,0.0,0.0,0.0,0.0,59.64949533771708,21.3293979021883
4970-29093-0023_1320-122612-0000__T2__1320-1320-122612-0000__HSIMV2__5105-5105-28240-0012__SIRm3,1320,4970,8,0.0,0.0,0.0,0.0,0.0,55.92822063319507,19.85425101142891
4970-29093-0023_3575-170457-0009__T1__4970-4970-29093-0023__HSIMV2__8555-8555-284449-0020__SIRm3,4970,3575,9,0.0,0.0,0.0,0.0,0.0,62.41660780693998,21.284356171077576
4970-29093-0023_3575-170457-0009__T2__3575-3575-170457-0009__HSIMV2__237-237-126133-0018__SIRm3,3575,4970,7,0.0,0.0,0.0,0.0,0.0,49.8527671421432,16.987701262361742
4970-29093-0023_3575-170457-0040__T1__4970-4970-29093-0023__HSIMV2__8555-8555-284449-0003__SIRm3,4970,3575,15,0.0,0.06666666666666667,0.0,0.0,0.0,61.35158578923056,22.002954574177863
4970-29093-0023_3575-170457-0040__T2__3575-3575-170457-0040__HSIMV2__237-237-126133-0015__SIRm3,3575,4970,12,0.0,0.0,0.0,0.0,0.0,55.0547753127384,21.049597934162875
4970-29095-0001_61-70968-0015__T1__4970-4970-29095-0001__HSIMV2__6829-6829-68769-0053__SIRm3,4970,61,11,0.0,0.0,0.0,0.0,0.0,56.778756691022686,19.89193946508194
4970-29095-0001_61-70968-0015__T2__61-61-70968-0015__HSIMV2__8230-8230-279154-0024__SIRm3,61,4970,9,0.0,0.0,0.0,0.0,0.0,35.90686329553486,16.38733527852188
4970-29095-0002_672-122797-0048__T1__4970-4970-29095-0002__HSIMV2__6829-6829-68771-0023__SIRm3,4970,672,9,0.0,0.0,0.0,0.0,0.0,39.62260969964401,18.21742307685607
4970-29095-0002_672-122797-0048__T2__672-672-122797-0048__HSIMV2__1320-1320-122612-0004__SIRm3,672,4970,10,1.0,1.0,1.0,1.0,1.0,-46.25563778696678,-25.792711360573925
4970-29095-0002_8463-294825-0005__T1__4970-4970-29095-0002__HSIMV2__8555-8555-284447-0017__SIRm3,4970,8463,9,0.0,0.4444444444444444,0.0,0.0,0.0,53.364005678181684,21.12393880519168
4970-29095-0002_8463-294825-0005__T2__8463-8463-294825-0005__HSIMV2__4992-4992-41797-0016__SIRm3,8463,4970,5,0.0,0.0,0.0,0.0,0.0,47.678567592996004,17.89573378084047
4970-29095-0003_2094-142345-0021__T1__4970-4970-29095-0003__HSIMV2__6829-6829-68771-0008__SIRm3,4970,2094,13,0.0,0.0,0.0,0.0,0.0,50.27278451589743,19.17805681122115
4970-29095-0003_2094-142345-0021__T2__2094-2094-142345-0021__HSIMV2__3729-3729-6852-0041__SIRm3,2094,4970,9,0.0,0.0,0.0,0.0,0.0,55.979857643139276,19.33611686367733
4970-29095-0004_1089-134686-0012__T1__4970-4970-29095-0004__HSIMV2__6829-6829-68769-0040__SIRm3,4970,1089,8,0.125,0.0,0.0,0.0,0.0,46.95482281665763,18.023799120830624
4970-29095-0004_1089-134686-0012__T2__1089-1089-134686-0012__HSIMV2__8230-8230-279154-0041__SIRm3,1089,4970,22,0.0,0.0,0.0,0.0,0.0,51.60175900336824,18.43908824178752
4970-29095-0004_260-123286-0024__T1__4970-4970-29095-0004__HSIMV2__6829-6829-68771-0035__SIRm3,4970,260,7,0.0,0.14285714285714285,0.0,0.0,0.0,35.09674770820363,13.46890463101763
4970-29095-0004_260-123286-0024__T2__260-260-123286-0024__HSIMV2__672-672-122797-0059__SIRm3,260,4970,5,0.0,0.0,0.0,0.0,0.0,37.30773594155617,15.316031247325515
4970-29095-0004_908-31957-0020__T1__4970-4970-29095-0004__HSIMV2__8555-8555-284447-0004__SIRm3,4970,908,9,0.0,0.0,0.0,0.0,0.0,49.8563902040496,20.54593678667587
4970-29095-0004_908-31957-0020__T2__908-908-31957-0020__HSIMV2__7176-7176-92135-0005__SIRm3,908,4970,9,0.0,0.0,0.0,0.0,0.0,46.49504602567246,18.27549438270337
4970-29095-0005_4446-2271-0018__T1__4970-4970-29095-0005__HSIMV2__8555-8555-284449-0011__SIRm3,4970,4446,8,0.0,0.0,0.0,0.0,0.0,64.71087687304083,22.905157822520824
4970-29095-0005_4446-2271-0018__T2__4446-4446-2271-0018__HSIMV2__4992-4992-23283-0009__SIRm3,4446,4970,10,1.0,1.0,1.0,1.0,1.0,-54.974724508971846,-35.65711049601703
4970-29095-0005_61-70968-0014__T1__4970-4970-29095-0005__HSIMV2__6829-6829-68771-0016__SIRm3,4970,61,8,0.0,0.0,0.0,0.0,0.0,48.57019721061903,20.74078394128321
4970-29095-0005_61-70968-0014__T2__61-61-70968-0014__HSIMV2__8230-8230-279154-0020__SIRm3,61,4970,13,0.0,0.0,0.0,0.0,0.0,43.70300894720097,16.571052455025676
4970-29095-0006_4507-16021-0021__T1__4970-4970-29095-0006__HSIMV2__6829-6829-68771-0003__SIRm3,4970,4507,7,0.0,0.0,0.0,0.0,0.0,38.00787911510873,19.31835779668826
4970-29095-0006_4507-16021-0021__T2__4507-4507-16021-0021__HSIMV2__3729-3729-6852-0024__SIRm3,4507,4970,10,0.0,0.0,0.0,0.0,0.0,47.57078663348059,16.824257979336725
4970-29095-0006_7127-75947-0026__T1__4970-4970-29095-0006__HSIMV2__6829-6829-68769-0011__SIRm3,4970,7127,7,0.0,0.0,0.0,0.0,0.0,56.89043892837099,22.37033255621796
4970-29095-0006_7127-75947-0026__T2__7127-7127-75947-0026__HSIMV2__8455-8455-210777-0057__SIRm3,7127,4970,12,0.0,0.0,0.0,0.0,0.0,42.12115539802273,16.523901760269627
4970-29095-0007_1580-141083-0045__T1__4970-4970-29095-0007__HSIMV2__6829-6829-68769-0008__SIRm3,4970,1580,8,0.0,0.125,0.0,0.0,0.0,53.82239055536395,20.7828963199674
4970-29095-0007_1580-141083-0045__T2__1580-1580-141083-0045__HSIMV2__237-237-134500-0039__SIRm3,1580,4970,7,0.0,0.0,0.0,0.0,0.0,52.492747197546194,20.320802067485808
4970-29095-0007_2961-961-0020__T1__4970-4970-29095-0007__HSIMV2__6829-6829-68771-0008__SIRm3,4970,2961,13,0.0,0.15384615384615385,0.0,0.0,0.0,49.84739299067535,18.771004399301145
4970-29095-0007_2961-961-0020__T2__2961-2961-961-0020__HSIMV2__3570-3570-5695-0008__SIRm3,2961,4970,11,0.0,0.0,0.0,0.0,0.0,61.836533214627394,20.71839986526932
4970-29095-0008_5142-36377-0007__T1__4970-4970-29095-0008__HSIMV2__6829-6829-68769-0039__SIRm3,4970,5142,5,0.0,0.0,0.0,0.0,0.0,48.421511164027734,18.83835053130649
4970-29095-0008_5142-36377-0007__T2__5142-5142-36377-0007__HSIMV2__4970-4970-29093-0023__SIRm3,5142,4970,11,0.0,0.0,0.0,0.0,0.0,52.787942775539136,20.42511568426941
4970-29095-0009_1188-133604-0007__T1__4970-4970-29095-0009__HSIMV2__6829-6829-68771-0015__SIRm3,4970,1188,8,0.0,0.0,0.0,0.0,0.0,50.87342159708263,19.372508050486847
4970-29095-0009_1188-133604-0007__T2__1188-1188-133604-0007__HSIMV2__2830-2830-3980-0047__SIRm3,1188,4970,14,0.0,0.0,0.0,0.0,0.0,40.89933603536182,16.81166753873769
4970-29095-0009_5639-40744-0014__T1__4970-4970-29095-0009__HSIMV2__8555-8555-284449-0016__SIRm3,4970,5639,10,0.1,0.0,0.0,0.0,0.0,59.24346524592035,22.37955954175597
4970-29095-0009_5639-40744-0014__T2__5639-5639-40744-0014__HSIMV2__1089-1089-134686-0032__SIRm3,5639,4970,7,0.0,0.0,0.0,0.0,0.0,49.14885545147673,20.368158698193245
4970-29095-0011_2830-3980-0024__T1__4970-4970-29095-0011__HSIMV2__6829-6829-68771-0033__SIRm3,4970,2830,5,0.0,0.0,0.0,0.0,0.0,56.96113055090687,22.31218562980744
4970-29095-0011_2830-3980-0024__T2__2830-2830-3980-0024__HSIMV2__1188-1188-133604-0018__SIRm3,2830,4970,6,0.0,0.0,0.0,0.0,0.0,54.78068416926678,18.02314094714845
4970-29095-0011_6930-75918-0006__T1__4970-4970-29095-0011__HSIMV2__6829-6829-68771-0006__SIRm3,4970,6930,5,0.0,0.0,0.0,0.0,0.0,47.39223859062166,18.48483149164788
4970-29095-0011_6930-75918-0006__T2__6930-6930-75918-0006__HSIMV2__260-260-123286-0009__SIRm3,6930,4970,10,0.0,0.0,0.0,0.0,0.0,39.740866498125925,14.22994656459677
4970-29095-0012_1995-1837-0001__T1__4970-4970-29095-0012__HSIMV2__6829-6829-68771-0030__SIRm3,4970,1995,8,0.0,0.0,0.0,0.0,0.0,45.84285265669827,19.706515773466872
4970-29095-0012_1995-1837-0001__T2__1995-1995-1837-0001__HSIMV2__2094-2094-142345-0001__SIRm3,1995,4970,15,0.0,0.0,0.0,0.0,0.0,53.59797478010526,20.68424341668843
4970-29095-0014_7127-75947-0022__T1__4970-4970-29095-0014__HSIMV2__6829-6829-68769-0040__SIRm3,4970,7127,5,0.0,0.2,0.0,0.0,0.0,54.35965731659256,20.06263124627035
4970-29095-0014_7127-75947-0022__T2__7127-7127-75947-0022__HSIMV2__8455-8455-210777-0038__SIRm3,7127,4970,19,0.0,0.21052631578947367,0.0,0.0,0.0,53.27105290164066,19.20706376351622
4970-29095-0016_3570-5694-0019__T1__4970-4970-29095-0016__HSIMV2__6829-6829-68769-0009__SIRm3,4970,3570,7,0.0,0.0,0.0,0.0,0.0,51.727540133551756,18.67509522455191
4970-29095-0016_3570-5694-0019__T2__3570-3570-5694-0019__HSIMV2__4507-4507-16021-0050__SIRm3,3570,4970,6,0.0,0.0,0.0,0.0,0.0,56.266121739487126,23.4875560497424
4970-29095-0016_8455-210777-0064__T1__4970-4970-29095-0016__HSIMV2__8555-8555-284447-0010__SIRm3,4970,8455,12,0.0,0.0,0.0,0.0,0.0,56.65489303924817,22.042750528102
4970-29095-0016_8455-210777-0064__T2__8455-8455-210777-0064__HSIMV2__1320-1320-122617-0006__SIRm3,8455,4970,6,0.0,0.0,0.0,0.0,0.0,52.847361013725525,19.366336634729528
4970-29095-0017_3575-170457-0052__T1__4970-4970-29095-0017__HSIMV2__6829-6829-68771-0015__SIRm3,4970,3575,6,0.0,0.0,0.0,0.0,0.0,39.664156279444505,18.110925600974213
4970-29095-0017_3575-170457-0052__T2__3575-3575-170457-0052__HSIMV2__237-237-134500-0039__SIRm3,3575,4970,5,0.0,0.0,0.0,0.0,0.0,53.77892756656009,21.086708692210465
4970-29095-0018_6930-81414-0010__T1__4970-4970-29095-0018__HSIMV2__6829-6829-68771-0003__SIRm3,4970,6930,7,0.0,0.14285714285714285,0.0,0.0,0.0,47.700712216908805,18.277601473220784
4970-29095-0018_6930-81414-0010__T2__6930-6930-81414-0010__HSIMV2__260-260-123286-0028__SIRm3,6930,4970,6,0.0,0.0,0.0,0.0,0.0,53.80402341817085,18.109509600926152
4970-29095-0020_4507-16021-0038__T1__4970-4970-29095-0020__HSIMV2__6829-6829-68771-0004__SIRm3,4970,4507,15,0.0,0.06666666666666667,0.0,0.0,0.0,48.29329399597714,15.072275442100349
4970-29095-0020_4507-16021-0038__T2__4507-4507-16021-0038__HSIMV2__3729-3729-6852-0026__SIRm3,4507,4970,6,0.0,0.0,0.0,0.0,0.0,51.23898375118511,19.8580861244669
4970-29095-0022_1320-122617-0010__T1__4970-4970-29095-0022__HSIMV2__6829-6829-68771-0016__SIRm3,4970,1320,8,0.0,0.0,0.0,0.0,0.0,58.86675218926612,22.11366086825843
4970-29095-0022_1320-122617-0010__T2__1320-1320-122617-0010__HSIMV2__5105-5105-28240-0002__SIRm3,1320,4970,7,0.0,0.0,0.0,0.0,0.0,51.781982056963116,19.53585766589596
4970-29095-0023_908-157963-0021__T1__4970-4970-29095-0023__HSIMV2__6829-6829-68771-0024__SIRm3,4970,908,6,0.0,0.3333333333333333,0.0,0.0,0.0,49.15317372897056,19.02303972050808
4970-29095-0023_908-157963-0021__T2__908-908-157963-0021__HSIMV2__7176-7176-92135-0016__SIRm3,908,4970,14,1.0,1.0,1.0,1.0,1.0,-50.689537459651504,-37.34599398453681
4970-29095-0025_2830-3980-0005__T1__4970-4970-29095-0025__HSIMV2__6829-6829-68771-0011__SIRm3,4970,2830,6,0.3333333333333333,0.0,0.0,0.0,0.0,67.04697698570658,21.832244152793628
4970-29095-0025_2830-3980-0005__T2__2830-2830-3980-0005__HSIMV2__1188-1188-133604-0005__SIRm3,2830,4970,11,0.0,0.0,0.0,0.0,0.0,40.880429439788536,16.088528914284637
4970-29095-0025_3575-170457-0000__T1__4970-4970-29095-0025__HSIMV2__8555-8555-284447-0004__SIRm3,4970,3575,6,0.0,0.0,0.0,0.0,0.0,72.05286057419744,23.26919488876049
4970-29095-0025_3575-170457-0000__T2__3575-3575-170457-0000__HSIMV2__237-237-134493-0000__SIRm3,3575,4970,7,0.0,0.0,0.0,0.0,0.0,48.41121036087054,18.95828337415064
4970-29095-0026_6829-68769-0044__T1__4970-4970-29095-0026__HSIMV2__6829-6829-68769-0005__SIRm3,4970,6829,12,0.0,0.0,0.0,0.0,0.0,38.68301602493403,19.51943412177504
4970-29095-0026_6829-68769-0044__T2__6829-6829-68769-0044__HSIMV2__4970-4970-29095-0003__SIRm3,6829,4970,5,0.0,0.0,0.0,0.0,0.0,49.78930594940813,19.406001635275576
4970-29095-0028_2830-3980-0017__T1__4970-4970-29095-0028__HSIMV2__6829-6829-68769-0005__SIRm3,4970,2830,12,0.08333333333333333,0.0,0.0,0.0,0.0,46.18014847956439,19.654550548514088
4970-29095-0028_2830-3980-0017__T2__2830-2830-3980-0017__HSIMV2__1188-1188-133604-0025__SIRm3,2830,4970,6,0.0,0.0,0.0,0.0,0.0,48.916577107912794,19.30197012244552
4970-29095-0029_1995-1826-0002__T1__4970-4970-29095-0029__HSIMV2__6829-6829-68771-0027__SIRm3,4970,1995,6,0.0,0.0,0.0,0.0,0.0,28.97509921734465,7.098170011247831
4970-29095-0029_1995-1826-0002__T2__1995-1995-1826-0002__HSIMV2__2094-2094-142345-0044__SIRm3,1995,4970,6,0.0,0.0,0.0,0.0,0.0,38.155936368188236,9.104430464449534
4970-29095-0029_5142-33396-0002__T1__4970-4970-29095-0029__HSIMV2__6829-6829-68771-0019__SIRm3,4970,5142,6,0.0,0.0,0.0,0.0,0.0,39.884552535485845,16.663811295491072
4970-29095-0029_5142-33396-0002__T2__5142-5142-33396-0002__HSIMV2__4970-4970-29095-0028__SIRm3,5142,4970,6,0.0,0.0,0.0,0.0,0.0,50.930975365055815,21.12929782117684
4970-29095-0030_4992-41797-0019__T1__4970-4970-29095-0030__HSIMV2__8555-8555-284447-0003__SIRm3,4970,4992,7,0.0,0.0,0.0,0.0,0.0,69.45992021526489,23.70246701060107
4970-29095-0030_4992-41797-0019__T2__4992-4992-41797-0019__HSIMV2__4446-4446-2273-0024__SIRm3,4992,4970,8,0.0,0.0,0.0,0.0,0.0,54.20235373772702,20.26051222272955
4970-29095-0031_237-134493-0003__T1__4970-4970-29095-0031__HSIMV2__6829-6829-68771-0028__SIRm3,4970,237,6,0.16666666666666666,0.0,0.0,0.0,0.0,37.027857996289356,17.23954409809788
4970-29095-0031_237-134493-0003__T2__237-237-134493-0003__HSIMV2__5683-5683-32866-0009__SIRm3,237,4970,24,0.0,0.0,0.0,0.0,0.0,55.455413734107886,21.15983154278431
4970-29095-0032_1188-133604-0041__T1__4970-4970-29095-0032__HSIMV2__8555-8555-284447-0023__SIRm3,4970,1188,12,0.0,0.0,0.0,0.0,0.0,55.49511167784653,20.57599737393452
4970-29095-0032_1188-133604-0041__T2__1188-1188-133604-0041__HSIMV2__61-61-70968-0047__SIRm3,1188,4970,8,0.0,0.0,0.0,0.0,0.0,43.72739354071187,16.25431573578716
4970-29095-0032_1580-141084-0026__T1__4970-4970-29095-0032__HSIMV2__6829-6829-68771-0018__SIRm3,4970,1580,12,0.0,0.0,0.0,0.0,0.0,55.464568830246584,21.59373915034817
4970-29095-0032_1580-141084-0026__T2__1580-1580-141084-0026__HSIMV2__237-237-126133-0017__SIRm3,1580,4970,11,0.0,0.0,0.0,0.0,0.0,50.91781572341163,17.282635618242832
4970-29095-0032_237-134500-0026__T1__4970-4970-29095-0032__HSIMV2__6829-6829-68769-0000__SIRm3,4970,237,12,0.0,0.0,0.0,0.0,0.0,48.060562311165675,19.316489550672014
4970-29095-0032_237-134500-0026__T2__237-237-134500-0026__HSIMV2__1580-1580-141083-0020__SIRm3,237,4970,5,0.0,0.0,0.0,0.0,0.0,64.05903859328889,17.814010755565207
4970-29095-0033_2094-142345-0058__T1__4970-4970-29095-0033__HSIMV2__8555-8555-284449-0002__SIRm3,4970,2094,20,0.05,0.0,0.0,0.0,0.0,61.157044699687106,21.904566540842005
4970-29095-0033_2094-142345-0058__T2__2094-2094-142345-0058__HSIMV2__3729-3729-6852-0024__SIRm3,2094,4970,8,0.0,0.0,0.0,0.0,0.0,42.319557044526334,18.838544417349635
4970-29095-0033_3575-170457-0005__T1__4970-4970-29095-0033__HSIMV2__6829-6829-68769-0016__SIRm3,4970,3575,7,0.0,0.0,0.0,0.0,0.0,47.20801078045014,19.60093286118201
4970-29095-0033_3575-170457-0005__T2__3575-3575-170457-0005__HSIMV2__237-237-134493-0001__SIRm3,3575,4970,13,0.0,0.0,0.0,0.0,0.0,54.23758961049969,19.657037410580912
4970-29095-0034_4992-23283-0019__T1__4970-4970-29095-0034__HSIMV2__6829-6829-68769-0049__SIRm3,4970,4992,10,0.0,0.0,0.0,0.0,0.0,46.925845032522524,16.97742757860179
4970-29095-0034_4992-23283-0019__T2__4992-4992-23283-0019__HSIMV2__4446-4446-2273-0015__SIRm3,4992,4970,8,0.0,0.0,0.0,0.0,0.0,51.74438302203882,19.086949858582063
4970-29095-0034_5142-33396-0020__T1__4970-4970-29095-0034__HSIMV2__6829-6829-68771-0027__SIRm3,4970,5142,9,0.0,0.0,0.0,0.0,0.0,61.62097126242548,20.752347760868258
4970-29095-0034_5142-33396-0020__T2__5142-5142-33396-0020__HSIMV2__4970-4970-29095-0008__SIRm3,5142,4970,5,0.0,0.0,0.0,0.0,0.0,50.82827528141627,19.041025591453863
4970-29095-0034_8455-210777-0049__T1__4970-4970-29095-0034__HSIMV2__8555-8555-284447-0010__SIRm3,4970,8455,10,0.0,0.0,0.0,0.0,0.0,62.480733298555904,21.502641912781023
4970-29095-0034_8455-210777-0049__T2__8455-8455-210777-0049__HSIMV2__1320-1320-122617-0031__SIRm3,8455,4970,7,0.0,0.0,0.0,0.0,0.0,51.19946183408854,15.42580340037131
4970-29095-0035_2300-131720-0036__T1__4970-4970-29095-0035__HSIMV2__8555-8555-284447-0018__SIRm3,4970,2300,8,0.0,0.0,0.0,0.0,0.0,52.64774189994712,19.91297713939227
4970-29095-0035_2300-131720-0036__T2__2300-2300-131720-0036__HSIMV2__61-61-70970-0004__SIRm3,2300,4970,13,0.0,0.07692307692307693,0.0,0.0,0.0,48.21359649167984,17.099526745030673
4970-29095-0036_1089-134686-0001__T1__4970-4970-29095-0036__HSIMV2__6829-6829-68769-0003__SIRm3,4970,1089,7,0.0,0.0,0.0,0.0,0.0,53.97811758272636,21.11321895251809
4970-29095-0036_1089-134686-0001__T2__1089-1089-134686-0001__HSIMV2__8230-8230-279154-0035__SIRm3,1089,4970,5,0.0,0.0,0.0,0.0,0.0,54.878910944234335,19.43860611198443
4970-29095-0037_4077-13754-0001__T1__4970-4970-29095-0037__HSIMV2__8555-8555-284447-0003__SIRm3,4970,4077,7,0.0,0.0,0.0,0.0,0.0,56.63106196734142,18.844485194602147
4970-29095-0037_4077-13754-0001__T2__4077-4077-13754-0001__HSIMV2__8455-8455-210777-0026__SIRm3,4077,4970,5,0.0,0.0,0.0,0.0,0.0,52.56669254459981,16.059118045802247
4970-29095-0037_4446-2273-0008__T1__4970-4970-29095-0037__HSIMV2__6829-6829-68771-0035__SIRm3,4970,4446,7,0.14285714285714285,0.14285714285714285,0.14285714285714285,0.14285714285714285,0.14285714285714285,29.076830633077606,3.752641839265766
4970-29095-0037_4446-2273-0008__T2__4446-4446-2273-0008__HSIMV2__1284-1284-1180-0024__SIRm3,4446,4970,9,1.0,1.0,1.0,1.0,1.0,-52.75200295462333,-29.187584846702
4970-29095-0037_5105-28240-0016__T1__4970-4970-29095-0037__HSIMV2__6829-6829-68771-0032__SIRm3,4970,5105,12,0.08333333333333333,0.0,0.0,0.0,0.0,46.41016146968701,18.34164635806536
4970-29095-0037_5105-28240-0016__T2__5105-5105-28240-0016__HSIMV2__1320-1320-122617-0014__SIRm3,5105,4970,7,0.0,0.0,0.0,0.0,0.0,46.87215864863362,16.88451437321686
4970-29095-0037_7176-92135-0003__T1__4970-4970-29095-0037__HSIMV2__8555-8555-284449-0007__SIRm3,4970,7176,12,0.0,0.0,0.0,0.0,0.0,58.96301753119993,20.514435425635213
4970-29095-0037_7176-92135-0003__T2__7176-7176-92135-0003__HSIMV2__61-61-70968-0009__SIRm3,7176,4970,6,0.3333333333333333,0.6666666666666666,0.3333333333333333,0.0,0.0,13.183973072682342,6.537539590890383
4970-29095-0038_5105-28240-0011__T1__4970-4970-29095-0038__HSIMV2__8555-8555-284447-0000__SIRm3,4970,5105,16,0.0,0.0,0.0,0.0,0.0,56.29417979716556,21.996374498806908
4970-29095-0038_5105-28240-0011__T2__5105-5105-28240-0011__HSIMV2__1320-1320-122617-0005__SIRm3,5105,4970,7,0.0,0.0,0.0,0.0,0.0,55.050302736742154,18.400430461353444
4970-29095-0038_5105-28240-0024__T1__4970-4970-29095-0038__HSIMV2__6829-6829-68769-0023__SIRm3,4970,5105,8,0.0,0.0,0.0,0.0,0.0,44.09840813791934,18.129526316310773
4970-29095-0038_5105-28240-0024__T2__5105-5105-28240-0024__HSIMV2__1320-1320-122617-0020__SIRm3,5105,4970,15,0.0,0.0,0.0,0.0,0.0,59.50846709741529,18.7659009703201
4970-29095-0038_5142-33396-0003__T1__4970-4970-29095-0038__HSIMV2__8555-8555-284447-0003__SIRm3,4970,5142,7,0.0,0.0,0.0,0.0,0.0,60.45917226107001,21.383023170829688
4970-29095-0038_5142-33396-0003__T2__5142-5142-33396-0003__HSIMV2__4970-4970-29095-0028__SIRm3,5142,4970,5,0.0,0.0,0.0,0.0,0.0,47.720748207191626,17.584103547649782
4992-23283-0000_121-127105-0011__T1__4992-4992-23283-0000__HSIMV2__4446-4446-2273-0023__SIRm3,4992,121,11,0.0,0.0,0.0,0.0,0.0,52.30660957131824,18.38433850055234
4992-23283-0000_121-127105-0011__T2__121-121-127105-0011__HSIMV2__237-237-126133-0016__SIRm3,121,4992,7,0.0,0.0,0.0,0.0,0.0,48.41326342256606,19.738835558241654
4992-23283-0000_237-134493-0017__T1__4992-4992-23283-0000__HSIMV2__4446-4446-2271-0021__SIRm3,4992,237,6,0.0,0.0,0.0,0.0,0.0,54.99313710782503,18.470241347018263
4992-23283-0000_237-134493-0017__T2__237-237-134493-0017__HSIMV2__5683-5683-32879-0001__SIRm3,237,4992,6,0.0,0.0,0.0,0.0,0.0,44.46681530134284,13.043305519864363
4992-23283-0002_2830-3980-0061__T1__4992-4992-23283-0002__HSIMV2__4446-4446-2271-0004__SIRm3,4992,2830,5,0.0,0.0,0.0,0.0,0.0,56.9313615896426,19.916430100215376
4992-23283-0002_2830-3980-0061__T2__2830-2830-3980-0061__HSIMV2__1188-1188-133604-0039__SIRm3,2830,4992,12,0.0,0.0,0.0,0.0,0.0,48.75410742160425,17.891922725345196
4992-23283-0002_672-122797-0073__T1__4992-4992-23283-0002__HSIMV2__4446-4446-2271-0017__SIRm3,4992,672,5,0.0,0.0,0.0,0.0,0.0,55.70437096747712,20.385060891181688
4992-23283-0002_672-122797-0073__T2__672-672-122797-0073__HSIMV2__260-260-123288-0007__SIRm3,672,4992,15,0.0,0.13333333333333333,0.0,0.0,0.0,47.5840110623373,19.49207795767968
4992-23283-0003_1995-1837-0029__T1__4992-4992-23283-0003__HSIMV2__4446-4446-2273-0036__SIRm3,4992,1995,5,0.0,0.0,0.0,0.0,0.0,59.85743083422885,19.293651194088064
4992-23283-0003_1995-1837-0029__T2__1995-1995-1837-0029__HSIMV2__2094-2094-142345-0050__SIRm3,1995,4992,7,0.0,0.0,0.0,0.0,0.0,56.66534966921609,20.862319685106574
4992-23283-0004_1580-141083-0003__T1__4992-4992-23283-0004__HSIMV2__4446-4446-2275-0019__SIRm3,4992,1580,8,0.0,0.0,0.0,0.0,0.0,53.065770452003676,19.54875820433769
4992-23283-0004_1580-141083-0003__T2__1580-1580-141083-0003__HSIMV2__237-237-134500-0021__SIRm3,1580,4992,9,0.0,0.0,0.0,0.0,0.0,46.34977660168423,18.16243068253437
4992-23283-0004_8555-284449-0002__T1__4992-4992-23283-0004__HSIMV2__4446-4446-2275-0042__SIRm3,4992,8555,9,0.0,0.0,0.0,0.0,0.0,52.88408017248841,18.46092297401867
4992-23283-0004_8555-284449-0002__T2__8555-8555-284449-0002__HSIMV2__4970-4970-29095-0031__SIRm3,8555,4992,21,0.0,0.0,0.0,0.0,0.0,52.47171963498787,22.74700513612689
4992-23283-0005_6829-68769-0034__T1__4992-4992-23283-0005__HSIMV2__4446-4446-2275-0022__SIRm3,4992,6829,5,0.0,0.0,0.0,0.0,0.0,55.77589242007084,19.203660928278623
4992-23283-0005_6829-68769-0034__T2__6829-6829-68769-0034__HSIMV2__4970-4970-29095-0029__SIRm3,6829,4992,6,0.0,0.0,0.0,0.0,0.0,44.89171157625154,17.724439511009876
4992-23283-0008_237-126133-0015__T1__4992-4992-23283-0008__HSIMV2__4446-4446-2275-0040__SIRm3,4992,237,8,0.0,0.0,0.0,0.0,0.0,54.08511382686606,18.43388072158265
4992-23283-0008_237-126133-0015__T2__237-237-126133-0015__HSIMV2__1580-1580-141084-0008__SIRm3,237,4992,12,0.0,0.0,0.0,0.0,0.0,46.96622339224583,19.52548812048069
4992-23283-0008_7021-79740-0004__T1__4992-4992-23283-0008__HSIMV2__4446-4446-2273-0009__SIRm3,4992,7021,7,0.0,0.0,0.0,0.0,0.0,54.1031223555536,18.86744942679417
4992-23283-0008_7021-79740-0004__T2__7021-7021-79740-0004__HSIMV2__5105-5105-28233-0010__SIRm3,7021,4992,11,0.0,0.0,0.0,0.0,0.0,49.656074874895715,18.911034184924013
4992-23283-0010_6829-68769-0033__T1__4992-4992-23283-0010__HSIMV2__4446-4446-2273-0009__SIRm3,4992,6829,7,0.0,0.0,0.0,0.0,0.0,50.896346118270934,19.43025434775433
4992-23283-0010_6829-68769-0033__T2__6829-6829-68769-0033__HSIMV2__4970-4970-29095-0037__SIRm3,6829,4992,7,0.0,0.0,0.0,0.0,0.0,40.301596024078144,19.61658390338642
4992-23283-0010_8455-210777-0060__T1__4992-4992-23283-0010__HSIMV2__4446-4446-2273-0019__SIRm3,4992,8455,5,0.0,0.0,0.0,0.0,0.0,48.78594341086047,18.83207868616663
4992-23283-0010_8455-210777-0060__T2__8455-8455-210777-0060__HSIMV2__1320-1320-122617-0029__SIRm3,8455,4992,13,0.0,0.0,0.0,0.0,0.0,49.64192697251009,18.888314044741136
4992-23283-0011_2830-3980-0005__T1__4992-4992-23283-0011__HSIMV2__4446-4446-2273-0033__SIRm3,4992,2830,5,0.0,0.0,0.0,0.0,0.0,46.71131421246639,17.574168094279056
4992-23283-0011_2830-3980-0005__T2__2830-2830-3980-0005__HSIMV2__1188-1188-133604-0041__SIRm3,2830,4992,11,0.0,0.0,0.0,0.0,0.0,47.56190027767189,17.7073145491534
4992-23283-0013_4507-16021-0011__T1__4992-4992-23283-0013__HSIMV2__4446-4446-2273-0029__SIRm3,4992,4507,5,0.0,0.0,0.0,0.0,0.0,51.99846585065711,19.76243872077864
4992-23283-0013_4507-16021-0011__T2__4507-4507-16021-0011__HSIMV2__3729-3729-6852-0042__SIRm3,4507,4992,10,0.0,0.0,0.0,0.0,0.0,54.53660300206185,19.816513762991576
4992-23283-0013_5683-32879-0012__T1__4992-4992-23283-0013__HSIMV2__4446-4446-2275-0019__SIRm3,4992,5683,8,0.0,0.0,0.0,0.0,0.0,44.71834076875561,17.303227888536103
4992-23283-0013_5683-32879-0012__T2__5683-5683-32879-0012__HSIMV2__237-237-126133-0023__SIRm3,5683,4992,7,0.0,0.0,0.0,0.0,0.0,46.02709599429035,18.001219645371997
4992-23283-0015_6829-68769-0016__T1__4992-4992-23283-0015__HSIMV2__4446-4446-2273-0032__SIRm3,4992,6829,6,0.0,0.0,0.0,0.0,0.0,45.06561759542746,17.89639648583416
4992-23283-0015_6829-68769-0016__T2__6829-6829-68769-0016__HSIMV2__4970-4970-29093-0011__SIRm3,6829,4992,7,0.0,0.0,0.0,0.0,0.0,53.68432858612912,19.935586784346743
4992-23283-0015_8455-210777-0013__T1__4992-4992-23283-0015__HSIMV2__4446-4446-2271-0001__SIRm3,4992,8455,6,0.0,0.0,0.0,0.0,0.0,45.99791841749246,17.896625329507213
4992-23283-0015_8455-210777-0013__T2__8455-8455-210777-0013__HSIMV2__1320-1320-122617-0014__SIRm3,8455,4992,8,0.0,0.0,0.0,0.0,0.0,46.21096950616372,19.46498131227518
4992-23283-0016_61-70968-0004__T1__4992-4992-23283-0016__HSIMV2__4446-4446-2273-0023__SIRm3,4992,61,7,0.0,0.0,0.0,0.0,0.0,52.57359620753103,18.84169717372866
4992-23283-0016_61-70968-0004__T2__61-61-70968-0004__HSIMV2__7176-7176-92135-0016__SIRm3,61,4992,6,0.0,0.0,0.0,0.0,0.0,36.440023895550844,8.274227406899978
4992-23283-0017_5142-33396-0002__T1__4992-4992-23283-0017__HSIMV2__4446-4446-2271-0018__SIRm3,4992,5142,10,0.0,0.1,0.0,0.0,0.0,52.57956953337306,19.378263276035973
4992-23283-0017_5142-33396-0002__T2__5142-5142-33396-0002__HSIMV2__4970-4970-29093-0001__SIRm3,5142,4992,6,0.0,0.0,0.0,0.0,0.0,54.94459812349521,20.137999169587616
4992-23283-0018_1188-133604-0013__T1__4992-4992-23283-0018__HSIMV2__4446-4446-2271-0013__SIRm3,4992,1188,7,0.0,0.0,0.0,0.0,0.0,50.54531780780536,18.265390416555537
4992-23283-0018_1188-133604-0013__T2__1188-1188-133604-0013__HSIMV2__2830-2830-3979-0002__SIRm3,1188,4992,5,0.0,0.0,0.0,0.0,0.0,61.81678851587451,20.6184793772782
4992-23283-0020_2300-131720-0014__T1__4992-4992-23283-0020__HSIMV2__4446-4446-2273-0016__SIRm3,4992,2300,18,0.0,0.0,0.0,0.0,0.0,49.945905193916346,18.547683520193804
4992-23283-0020_2300-131720-0014__T2__2300-2300-131720-0014__HSIMV2__61-61-70968-0001__SIRm3,2300,4992,6,0.0,0.0,0.0,0.0,0.0,38.59896925529774,14.76442798232364
4992-23283-0020_3575-170457-0022__T1__4992-4992-23283-0020__HSIMV2__4446-4446-2273-0036__SIRm3,4992,3575,5,0.0,0.0,0.0,0.0,0.0,61.47937193764527,20.24023244294562
4992-23283-0020_3575-170457-0022__T2__3575-3575-170457-0022__HSIMV2__237-237-134500-0014__SIRm3,3575,4992,7,0.0,0.0,0.0,0.0,0.0,59.22321951490863,21.170608917932725
4992-41797-0002_1089-134691-0002__T1__4992-4992-41797-0002__HSIMV2__4446-4446-2271-0013__SIRm3,4992,1089,7,0.0,0.0,0.0,0.0,0.0,49.78923478600705,17.712976895738873
4992-41797-0002_1089-134691-0002__T2__1089-1089-134691-0002__HSIMV2__8230-8230-279154-0032__SIRm3,1089,4992,6,0.0,0.0,0.0,0.0,0.0,59.193981687249504,20.43802763181213
4992-41797-0004_5142-36377-0017__T1__4992-4992-41797-0004__HSIMV2__4446-4446-2271-0008__SIRm3,4992,5142,9,0.0,0.0,0.0,0.0,0.0,60.563796898243176,20.045430614652364
4992-41797-0004_5142-36377-0017__T2__5142-5142-36377-0017__HSIMV2__4970-4970-29093-0014__SIRm3,5142,4992,7,0.0,0.0,0.0,0.0,0.0,40.81101767298941,11.035467624556722
4992-41797-0004_672-122797-0034__T1__4992-4992-41797-0004__HSIMV2__4446-4446-2275-0040__SIRm3,4992,672,12,0.0,0.0,0.0,0.0,0.0,49.70914868628313,19.62011763800641
4992-41797-0004_672-122797-0034__T2__672-672-122797-0034__HSIMV2__260-260-123440-0013__SIRm3,672,4992,5,0.0,0.0,0.0,0.0,0.0,52.55948059242307,20.108446889441577
4992-41797-0005_1580-141083-0049__T1__4992-4992-41797-0005__HSIMV2__4446-4446-2275-0034__SIRm3,4992,1580,5,0.0,0.0,0.0,0.0,0.0,47.44730556815692,19.11850939148603
4992-41797-0005_1580-141083-0049__T2__1580-1580-141083-0049__HSIMV2__237-237-126133-0023__SIRm3,1580,4992,6,0.0,0.0,0.0,0.0,0.0,56.887024751696636,21.180424438450217
4992-41797-0006_6829-68771-0013__T1__4992-4992-41797-0006__HSIMV2__4446-4446-2275-0016__SIRm3,4992,6829,8,0.0,0.0,0.0,0.0,0.0,54.46106898551001,19.88813698399508
4992-41797-0006_6829-68771-0013__T2__6829-6829-68771-0013__HSIMV2__4446-4446-2275-0019__SIRm3,6829,4992,8,0.0,0.0,0.0,0.0,0.0,47.89868519282284,18.11768071744921
4992-41797-0007_5142-36377-0020__T1__4992-4992-41797-0007__HSIMV2__4446-4446-2275-0002__SIRm3,4992,5142,12,0.0,0.0,0.0,0.0,0.0,60.67926650786393,20.65516895509414
4992-41797-0007_5142-36377-0020__T2__5142-5142-36377-0020__HSIMV2__4970-4970-29095-0022__SIRm3,5142,4992,8,0.0,0.0,0.0,0.0,0.0,50.89633368486134,20.09955912979283
4992-41797-0008_6930-76324-0009__T1__4992-4992-41797-0008__HSIMV2__4446-4446-2275-0029__SIRm3,4992,6930,11,0.09090909090909091,0.0,0.0,0.0,0.0,52.11571403429593,18.477748515345404
4992-41797-0008_6930-76324-0009__T2__6930-6930-76324-0009__HSIMV2__260-260-123288-0003__SIRm3,6930,4992,5,0.0,0.0,0.0,0.0,0.0,44.18247484101477,17.026279953561463
4992-41797-0009_2094-142345-0051__T1__4992-4992-41797-0009__HSIMV2__4446-4446-2271-0018__SIRm3,4992,2094,10,0.0,0.0,0.0,0.0,0.0,54.76651127262295,20.462793234561936
4992-41797-0009_2094-142345-0051__T2__2094-2094-142345-0051__HSIMV2__3729-3729-6852-0028__SIRm3,2094,4992,9,0.0,0.0,0.0,0.0,0.0,48.231378132373074,19.997462296004706
4992-41797-0010_2830-3980-0037__T1__4992-4992-41797-0010__HSIMV2__4446-4446-2271-0009__SIRm3,4992,2830,12,0.0,0.0,0.0,0.0,0.0,48.209443693382205,18.35960606790746
4992-41797-0010_2830-3980-0037__T2__2830-2830-3980-0037__HSIMV2__8230-8230-279154-0013__SIRm3,2830,4992,11,0.09090909090909091,0.0,0.0,0.0,0.0,42.30287539653062,16.659629636677973
4992-41797-0010_7021-79740-0011__T1__4992-4992-41797-0010__HSIMV2__4446-4446-2273-0035__SIRm3,4992,7021,11,0.0,0.0,0.0,0.0,0.0,63.13931654122053,23.28230916808892
4992-41797-0010_7021-79740-0011__T2__7021-7021-79740-0011__HSIMV2__5105-5105-28241-0012__SIRm3,7021,4992,12,0.0,0.08333333333333333,0.0,0.0,0.0,50.81098874082428,19.68741032517882
4992-41797-0011_5142-36377-0010__T1__4992-4992-41797-0011__HSIMV2__4446-4446-2273-0015__SIRm3,4992,5142,8,0.0,0.0,0.0,0.0,0.0,52.42589941953574,18.49575172692831
4992-41797-0011_5142-36377-0010__T2__5142-5142-36377-0010__HSIMV2__4970-4970-29095-0008__SIRm3,5142,4992,5,0.0,0.0,0.0,0.0,0.0,48.397338971774765,18.957554679855644
4992-41797-0013_2094-142345-0033__T1__4992-4992-41797-0013__HSIMV2__4446-4446-2271-0001__SIRm3,4992,2094,11,0.0,0.0,0.0,0.0,0.0,57.06655885632292,20.41859293941973
4992-41797-0013_2094-142345-0033__T2__2094-2094-142345-0033__HSIMV2__3729-3729-6852-0023__SIRm3,2094,4992,15,0.0,0.0,0.0,0.0,0.0,52.452921630288905,19.21328830586635
4992-41797-0014_3575-170457-0014__T1__4992-4992-41797-0014__HSIMV2__4446-4446-2273-0027__SIRm3,4992,3575,6,0.0,0.0,0.0,0.0,0.0,61.06679783308318,20.64737377804317
4992-41797-0014_3575-170457-0014__T2__3575-3575-170457-0014__HSIMV2__237-237-126133-0021__SIRm3,3575,4992,7,0.0,0.0,0.0,0.0,0.0,53.046577438738304,20.62761146678787
4992-41797-0015_4446-2271-0013__T1__4992-4992-41797-0015__HSIMV2__4446-4446-2275-0043__SIRm3,4992,4446,10,0.0,0.0,0.0,0.0,0.0,55.69653026960278,18.03742660569244
4992-41797-0015_4446-2271-0013__T2__4446-4446-2271-0013__HSIMV2__4992-4992-23283-0011__SIRm3,4446,4992,7,0.0,0.0,0.0,0.0,0.0,32.92919612630902,16.030799940525124
4992-41797-0016_4446-2271-0017__T1__4992-4992-41797-0016__HSIMV2__4446-4446-2273-0025__SIRm3,4992,4446,5,0.0,0.0,0.0,0.0,0.0,57.084318225139256,20.82964244867269
4992-41797-0016_4446-2271-0017__T2__4446-4446-2271-0017__HSIMV2__1284-1284-1181-0004__SIRm3,4446,4992,13,1.0,1.0,1.0,1.0,1.0,-52.19195347867734,-29.320859711122267
4992-41797-0017_1995-1836-0006__T1__4992-4992-41797-0017__HSIMV2__4446-4446-2275-0013__SIRm3,4992,1995,6,0.16666666666666666,0.0,0.0,0.0,0.0,54.267395205055415,19.21417332750859
4992-41797-0017_1995-1836-0006__T2__1995-1995-1836-0006__HSIMV2__2094-2094-142345-0006__SIRm3,1995,4992,14,0.0,0.0,0.0,0.0,0.0,60.15534552835215,23.182095308979683
4992-41797-0017_672-122797-0043__T1__4992-4992-41797-0017__HSIMV2__4446-4446-2275-0033__SIRm3,4992,672,13,0.0,0.0,0.0,0.0,0.0,54.42167788391349,20.188517930419064
4992-41797-0017_672-122797-0043__T2__672-672-122797-0043__HSIMV2__260-260-123288-0005__SIRm3,672,4992,6,0.0,0.0,0.0,0.0,0.0,44.89984692610823,18.628244422212333
4992-41797-0017_8555-284447-0002__T1__4992-4992-41797-0017__HSIMV2__4446-4446-2273-0008__SIRm3,4992,8555,14,0.0,0.0,0.0,0.0,0.0,53.64444403025048,19.42502382522108
4992-41797-0017_8555-284447-0002__T2__8555-8555-284447-0002__HSIMV2__4970-4970-29095-0020__SIRm3,8555,4992,15,1.0,1.0,1.0,1.0,1.0,-51.47450890168147,-28.864621558012555
4992-41797-0018_6930-75918-0017__T1__4992-4992-41797-0018__HSIMV2__4446-4446-2273-0035__SIRm3,4992,6930,11,0.0,0.0,0.0,0.0,0.0,68.2654272770926,23.59589930910619
4992-41797-0018_6930-75918-0017__T2__6930-6930-75918-0017__HSIMV2__260-260-123288-0017__SIRm3,6930,4992,9,0.0,0.0,0.0,0.0,0.0,48.67174356235413,17.970893577770088
4992-41797-0018_6930-81414-0011__T1__4992-4992-41797-0018__HSIMV2__4446-4446-2271-0021__SIRm3,4992,6930,6,0.16666666666666666,0.3333333333333333,0.16666666666666666,0.0,0.0,22.842841388840736,13.655178515604362
4992-41797-0018_6930-81414-0011__T2__6930-6930-81414-0011__HSIMV2__260-260-123440-0018__SIRm3,6930,4992,6,0.0,0.0,0.0,0.0,0.0,54.79915340501116,19.57730051941983
4992-41797-0019_2830-3980-0063__T1__4992-4992-41797-0019__HSIMV2__4446-4446-2275-0010__SIRm3,4992,2830,6,0.0,0.0,0.0,0.0,0.0,59.567640265984096,21.24411001862884
4992-41797-0019_2830-3980-0063__T2__2830-2830-3980-0063__HSIMV2__1188-1188-133604-0007__SIRm3,2830,4992,9,0.0,0.0,0.0,0.0,0.0,45.368022255065426,17.756024272348924
4992-41797-0020_237-134500-0026__T1__4992-4992-41797-0020__HSIMV2__4446-4446-2273-0021__SIRm3,4992,237,9,0.0,0.1111111111111111,0.0,0.0,0.0,57.359783620973516,19.59060979510694
4992-41797-0020_237-134500-0026__T2__237-237-134500-0026__HSIMV2__5683-5683-32879-0020__SIRm3,237,4992,5,0.0,0.0,0.0,0.0,0.0,38.8130044723395,16.514532601057592
4992-41797-0020_4970-29095-0018__T1__4992-4992-41797-0020__HSIMV2__4446-4446-2275-0012__SIRm3,4992,4970,11,0.0,0.0,0.0,0.0,0.0,55.2283282688828,19.34107718661907
4992-41797-0020_4970-29095-0018__T2__4970-4970-29095-0018__HSIMV2__6829-6829-68769-0000__SIRm3,4970,4992,22,0.0,0.0,0.0,0.0,0.0,48.93765667693863,18.39404545509366
4992-41797-0021_5142-33396-0064__T1__4992-4992-41797-0021__HSIMV2__4446-4446-2273-0007__SIRm3,4992,5142,5,0.0,0.0,0.0,0.0,0.0,57.57083516337225,20.68672443475544
4992-41797-0021_5142-33396-0064__T2__5142-5142-33396-0064__HSIMV2__4970-4970-29095-0033__SIRm3,5142,4992,5,0.0,0.0,0.0,0.0,0.0,48.25935402354923,19.57422761427952
4992-41797-0022_1089-134686-0031__T1__4992-4992-41797-0022__HSIMV2__4446-4446-2273-0009__SIRm3,4992,1089,7,0.0,0.0,0.0,0.0,0.0,54.25108781312325,20.46603900996444
4992-41797-0022_1089-134686-0031__T2__1089-1089-134686-0031__HSIMV2__8230-8230-279154-0040__SIRm3,1089,4992,12,0.0,0.0,0.0,0.0,0.0,44.94292666546807,17.893900685066143
4992-41797-0022_3729-6852-0000__T1__4992-4992-41797-0022__HSIMV2__4446-4446-2275-0028__SIRm3,4992,3729,6,0.0,0.0,0.0,0.0,0.0,49.5987787714589,19.49793615534616
4992-41797-0022_3729-6852-0000__T2__3729-3729-6852-0000__HSIMV2__4507-4507-16021-0035__SIRm3,3729,4992,14,0.0,0.0,0.0,0.0,0.0,57.87310850002718,19.343421145141644
4992-41806-0001_7127-75947-0028__T1__4992-4992-41806-0001__HSIMV2__4446-4446-2275-0026__SIRm3,4992,7127,9,0.0,0.0,0.0,0.0,0.0,53.77300209207725,20.849370610655782
4992-41806-0001_7127-75947-0028__T2__7127-7127-75947-0028__HSIMV2__8455-8455-210777-0044__SIRm3,7127,4992,13,0.0,0.0,0.0,0.0,0.0,43.336581254546964,17.364873011328918
4992-41806-0003_5683-32879-0016__T1__4992-4992-41806-0003__HSIMV2__4446-4446-2271-0003__SIRm3,4992,5683,6,0.0,0.0,0.0,0.0,0.0,60.79261010057547,19.73428040031169
4992-41806-0003_5683-32879-0016__T2__5683-5683-32879-0016__HSIMV2__237-237-126133-0016__SIRm3,5683,4992,7,0.14285714285714285,0.0,0.0,0.0,0.0,66.08121923581952,24.52855770168204
4992-41806-0003_8555-284447-0020__T1__4992-4992-41806-0003__HSIMV2__4446-4446-2273-0004__SIRm3,4992,8555,9,0.0,0.0,0.0,0.0,0.0,58.544031109217045,20.83355241624644
4992-41806-0003_8555-284447-0020__T2__8555-8555-284447-0020__HSIMV2__4970-4970-29093-0000__SIRm3,8555,4992,5,1.0,0.8,0.8,1.0,0.8,-44.480548072355894,-23.63988951434397
4992-41806-0005_672-122797-0051__T1__4992-4992-41806-0005__HSIMV2__4446-4446-2273-0005__SIRm3,4992,672,6,0.0,0.0,0.0,0.0,0.0,63.13124233143577,21.05072754112206
4992-41806-0005_672-122797-0051__T2__672-672-122797-0051__HSIMV2__1320-1320-122617-0005__SIRm3,672,4992,7,0.0,0.0,0.0,0.0,0.0,23.234373862074623,13.277709017106671
4992-41806-0005_8455-210777-0004__T1__4992-4992-41806-0005__HSIMV2__4446-4446-2273-0019__SIRm3,4992,8455,5,0.0,0.0,0.0,0.0,0.0,61.18471392723161,18.92636965264085
4992-41806-0005_8455-210777-0004__T2__8455-8455-210777-0004__HSIMV2__1320-1320-122617-0002__SIRm3,8455,4992,14,0.0,0.07142857142857142,0.0,0.0,0.0,57.575366782979486,19.63021273662677
4992-41806-0005_8463-294828-0035__T1__4992-4992-41806-0005__HSIMV2__4446-4446-2275-0010__SIRm3,4992,8463,6,0.0,0.0,0.0,0.0,0.0,52.67375794289017,19.705919327197503
4992-41806-0005_8463-294828-0035__T2__8463-8463-294828-0035__HSIMV2__4992-4992-41806-0015__SIRm3,8463,4992,23,0.0,0.0,0.0,0.0,0.0,53.93623404426548,19.68641806451684
4992-41806-0006_7729-102255-0040__T1__4992-4992-41806-0006__HSIMV2__4446-4446-2275-0022__SIRm3,4992,7729,5,0.0,0.0,0.0,0.0,0.0,58.139791801321465,20.44797356972461
4992-41806-0006_7729-102255-0040__T2__7729-7729-102255-0040__HSIMV2__7176-7176-88083-0024__SIRm3,7729,4992,15,0.0,0.0,0.0,0.0,0.0,47.09731315455599,16.288649434345604
4992-41806-0007_7176-88083-0013__T1__4992-4992-41806-0007__HSIMV2__4446-4446-2271-0018__SIRm3,4992,7176,10,0.0,0.0,0.0,0.0,0.0,56.048421479932095,20.73932113531714
4992-41806-0007_7176-88083-0013__T2__7176-7176-88083-0013__HSIMV2__61-61-70968-0046__SIRm3,7176,4992,6,0.0,0.0,0.0,0.0,0.0,44.44807210012477,12.4595884490262
4992-41806-0008_6829-68771-0024__T1__4992-4992-41806-0008__HSIMV2__4446-4446-2275-0029__SIRm3,4992,6829,11,0.0,0.0,0.0,0.0,0.0,47.80285646189819,19.19241579825309
4992-41806-0008_6829-68771-0024__T2__6829-6829-68771-0024__HSIMV2__4446-4446-2271-0014__SIRm3,6829,4992,9,0.0,0.0,0.0,0.0,0.0,47.219923873239374,17.555993647603657
4992-41806-0008_6930-75918-0015__T1__4992-4992-41806-0008__HSIMV2__4446-4446-2275-0026__SIRm3,4992,6930,9,0.0,0.0,0.0,0.0,0.0,53.79729155924976,20.786017549040164
4992-41806-0008_6930-75918-0015__T2__6930-6930-75918-0015__HSIMV2__260-260-123286-0017__SIRm3,6930,4992,6,0.0,0.0,0.0,0.0,0.0,39.89811414414704,15.890545215522392
4992-41806-0009_1188-133604-0001__T1__4992-4992-41806-0009__HSIMV2__4446-4446-2271-0019__SIRm3,4992,1188,6,0.0,0.0,0.0,0.0,0.0,50.28654159517472,13.20684199070005
4992-41806-0009_1188-133604-0001__T2__1188-1188-133604-0001__HSIMV2__2830-2830-3980-0036__SIRm3,1188,4992,9,0.0,0.0,0.0,0.0,0.0,55.29280369464868,18.92231907021085
4992-41806-0009_3570-5696-0001__T1__4992-4992-41806-0009__HSIMV2__4446-4446-2273-0004__SIRm3,4992,3570,7,0.0,0.0,0.0,0.0,0.0,52.896170416818904,18.27447428066544
4992-41806-0009_3570-5696-0001__T2__3570-3570-5696-0001__HSIMV2__4507-4507-16021-0042__SIRm3,3570,4992,19,0.0,0.0,0.0,0.0,0.0,54.07192203881034,20.429699863907555
4992-41806-0011_4077-13751-0010__T1__4992-4992-41806-0011__HSIMV2__4446-4446-2273-0008__SIRm3,4992,4077,14,0.0,0.0,0.0,0.0,0.0,55.430540817737906,20.10829627019131
4992-41806-0011_4077-13751-0010__T2__4077-4077-13751-0010__HSIMV2__8455-8455-210777-0024__SIRm3,4077,4992,12,0.0,0.0,0.0,0.0,0.0,59.18244823633567,19.16033229617515
4992-41806-0012_1089-134686-0033__T1__4992-4992-41806-0012__HSIMV2__4446-4446-2275-0042__SIRm3,4992,1089,9,0.0,0.0,0.0,0.0,0.0,53.10638722415198,19.588504713401363
4992-41806-0012_1089-134686-0033__T2__1089-1089-134686-0033__HSIMV2__8230-8230-279154-0020__SIRm3,1089,4992,5,0.0,0.0,0.0,0.0,0.0,45.29380059514496,18.475824004777948
4992-41806-0012_4446-2273-0015__T1__4992-4992-41806-0012__HSIMV2__4446-4446-2273-0023__SIRm3,4992,4446,11,0.0,0.0,0.0,0.0,0.0,56.67288849970158,20.218917524371463
4992-41806-0012_4446-2273-0015__T2__4446-4446-2273-0015__HSIMV2__4992-4992-41797-0002__SIRm3,4446,4992,8,0.0,0.0,0.0,0.0,0.0,48.814131826925774,18.731831101608545
4992-41806-0013_4970-29095-0027__T1__4992-4992-41806-0013__HSIMV2__4446-4446-2271-0012__SIRm3,4992,4970,6,0.0,0.0,0.0,0.0,0.0,51.8413581704319,18.213072310561856
4992-41806-0013_4970-29095-0027__T2__4970-4970-29095-0027__HSIMV2__8555-8555-292519-0010__SIRm3,4970,4992,10,0.0,0.0,0.0,0.0,0.0,56.905749478002974,19.57236295140689
4992-41806-0013_672-122797-0021__T1__4992-4992-41806-0013__HSIMV2__4446-4446-2275-0042__SIRm3,4992,672,9,0.0,0.0,0.0,0.0,0.0,49.70686577481837,18.343831124192263
4992-41806-0013_672-122797-0021__T2__672-672-122797-0021__HSIMV2__260-260-123286-0027__SIRm3,672,4992,7,0.0,0.0,0.0,0.0,0.0,47.67844054967276,16.73815849203095
4992-41806-0014_1580-141083-0004__T1__4992-4992-41806-0014__HSIMV2__4446-4446-2271-0005__SIRm3,4992,1580,5,0.0,0.0,0.0,0.0,0.0,55.3868549315021,21.366587245653985
4992-41806-0014_1580-141083-0004__T2__1580-1580-141083-0004__HSIMV2__237-237-134493-0012__SIRm3,1580,4992,6,0.0,0.0,0.0,0.0,0.0,46.573352246787515,17.49640841080554
4992-41806-0015_260-123440-0020__T1__4992-4992-41806-0015__HSIMV2__4446-4446-2275-0023__SIRm3,4992,260,6,0.0,0.0,0.0,0.0,0.0,59.29716798887113,20.27224601214656
4992-41806-0015_260-123440-0020__T2__260-260-123440-0020__HSIMV2__672-672-122797-0004__SIRm3,260,4992,8,0.0,0.0,0.0,0.0,0.0,60.04288903082794,20.80183906370785
4992-41806-0015_2961-961-0004__T1__4992-4992-41806-0015__HSIMV2__4446-4446-2275-0031__SIRm3,4992,2961,5,0.0,0.0,0.0,0.0,0.0,59.99021958447413,20.53877192646408
4992-41806-0015_2961-961-0004__T2__2961-2961-961-0004__HSIMV2__3570-3570-5694-0010__SIRm3,2961,4992,21,0.0,0.0,0.0,0.0,0.0,55.0119240795369,19.83739331487206
4992-41806-0016_8230-279154-0023__T1__4992-4992-41806-0016__HSIMV2__4446-4446-2273-0009__SIRm3,4992,8230,7,0.0,0.0,0.0,0.0,0.0,60.59658484817139,20.56557293530706
4992-41806-0016_8230-279154-0023__T2__8230-8230-279154-0023__HSIMV2__61-61-70968-0054__SIRm3,8230,4992,11,0.0,0.0,0.0,0.0,0.0,45.48027720748435,17.439506972969262
4992-41806-0017_8555-284447-0024__T1__4992-4992-41806-0017__HSIMV2__4446-4446-2273-0007__SIRm3,4992,8555,5,0.0,0.0,0.0,0.0,0.0,51.003608304450964,19.409616123394628
4992-41806-0017_8555-284447-0024__T2__8555-8555-284447-0024__HSIMV2__4970-4970-29095-0018__SIRm3,8555,4992,8,1.0,0.875,0.875,1.0,0.875,-57.24798203563638,-22.750972379671616
4992-41806-0017_8555-292519-0003__T1__4992-4992-41806-0017__HSIMV2__4446-4446-2275-0008__SIRm3,4992,8555,7,0.0,0.0,0.0,0.0,0.0,49.15177205830334,18.86228058032537
4992-41806-0017_8555-292519-0003__T2__8555-8555-292519-0003__HSIMV2__4970-4970-29095-0031__SIRm3,8555,4992,28,0.0,0.03571428571428571,0.0,0.0,0.0,61.62045340473242,23.61521161720741
5105-28233-0000_1221-135767-0018__T1__5105-5105-28233-0000__HSIMV2__1320-1320-122612-0012__SIRm3,5105,1221,8,0.0,0.0,0.0,0.0,0.0,49.13325179940267,18.397078552891955
5105-28233-0000_1221-135767-0018__T2__1221-1221-135767-0018__HSIMV2__4992-4992-41806-0003__SIRm3,1221,5105,17,0.0,0.0,0.0,0.0,0.0,61.34493766373089,20.26593905819617
5105-28233-0001_672-122797-0039__T1__5105-5105-28233-0001__HSIMV2__1320-1320-122617-0041__SIRm3,5105,672,7,0.0,0.0,0.0,0.0,0.0,54.9795619255274,19.75836401416873
5105-28233-0001_672-122797-0039__T2__672-672-122797-0039__HSIMV2__260-260-123288-0008__SIRm3,672,5105,7,0.0,0.0,0.0,0.0,0.0,39.54728215424263,15.413037787505722
5105-28233-0002_1089-134686-0021__T1__5105-5105-28233-0002__HSIMV2__1320-1320-122617-0019__SIRm3,5105,1089,15,0.0,0.0,0.0,0.0,0.0,55.65039339129518,19.465545128303543
5105-28233-0002_1089-134686-0021__T2__1089-1089-134686-0021__HSIMV2__8230-8230-279154-0000__SIRm3,1089,5105,12,0.0,0.0,0.0,0.0,0.0,52.17825897451928,17.749352040287235
5105-28233-0002_121-127105-0022__T1__5105-5105-28233-0002__HSIMV2__1320-1320-122617-0003__SIRm3,5105,121,11,0.0,0.0,0.0,0.0,0.0,53.04330461356897,18.42154483223864
5105-28233-0002_121-127105-0022__T2__121-121-127105-0022__HSIMV2__237-237-134500-0033__SIRm3,121,5105,9,0.0,0.2222222222222222,0.0,0.0,0.0,45.767805945039875,18.15999100216699
5105-28233-0005_4077-13754-0013__T1__5105-5105-28233-0005__HSIMV2__1320-1320-122612-0014__SIRm3,5105,4077,6,0.0,0.0,0.0,0.0,0.0,46.62076559575943,17.728644211912208
5105-28233-0005_4077-13754-0013__T2__4077-4077-13754-0013__HSIMV2__8455-8455-210777-0034__SIRm3,4077,5105,14,0.0,0.0,0.0,0.0,0.0,48.08407077070013,16.619047876279268
5105-28233-0005_4446-2275-0013__T1__5105-5105-28233-0005__HSIMV2__1320-1320-122617-0015__SIRm3,5105,4446,9,0.0,0.0,0.0,0.0,0.0,48.891559901075,18.417688196436227
5105-28233-0005_4446-2275-0013__T2__4446-4446-2275-0013__HSIMV2__1284-1284-1180-0018__SIRm3,4446,5105,6,0.0,0.0,0.0,0.0,0.0,47.77693501261863,18.549474287821603
5105-28233-0005_5683-32865-0003__T1__5105-5105-28233-0005__HSIMV2__1320-1320-122612-0005__SIRm3,5105,5683,10,0.0,0.0,0.0,0.0,0.0,49.23123273449801,18.47201679742565
5105-28233-0005_5683-32865-0003__T2__5683-5683-32865-0003__HSIMV2__1221-1221-135767-0022__SIRm3,5683,5105,6,0.0,0.0,0.0,0.0,0.0,38.36740952314394,18.41724077484892
5105-28233-0006_7021-85628-0012__T1__5105-5105-28233-0006__HSIMV2__1320-1320-122617-0032__SIRm3,5105,7021,10,0.0,0.0,0.0,0.0,0.0,56.656946962955615,20.524084849382863
5105-28233-0006_7021-85628-0012__T2__7021-7021-85628-0012__HSIMV2__5105-5105-28240-0017__SIRm3,7021,5105,9,0.0,0.0,0.0,0.0,0.0,49.00785743321863,19.04844951687986
5105-28233-0008_4446-2275-0023__T1__5105-5105-28233-0008__HSIMV2__1320-1320-122617-0039__SIRm3,5105,4446,13,0.0,0.0,0.0,0.0,0.0,52.04414604773406,19.576966230897103
5105-28233-0008_4446-2275-0023__T2__4446-4446-2275-0023__HSIMV2__1284-1284-1181-0002__SIRm3,4446,5105,6,0.0,0.0,0.0,0.0,0.0,48.733255466718504,19.90948722965279
5105-28240-0000_2830-3979-0003__T1__5105-5105-28240-0000__HSIMV2__1320-1320-122612-0015__SIRm3,5105,2830,9,0.0,0.0,0.0,0.0,0.0,47.82579598318657,18.78271826141968
5105-28240-0000_2830-3979-0003__T2__2830-2830-3979-0003__HSIMV2__1188-1188-133604-0005__SIRm3,2830,5105,15,0.0,0.0,0.0,0.0,0.0,44.45992661117565,18.17155668638575
5105-28240-0003_1995-1826-0026__T1__5105-5105-28240-0003__HSIMV2__1320-1320-122617-0004__SIRm3,5105,1995,9,0.0,0.0,0.0,0.0,0.0,51.158185527566175,19.93600797896196
5105-28240-0003_1995-1826-0026__T2__1995-1995-1826-0026__HSIMV2__2094-2094-142345-0037__SIRm3,1995,5105,19,0.05263157894736842,0.05263157894736842,0.05263157894736842,0.0,0.0,55.143655384471,23.260320301547893
5105-28240-0003_61-70970-0023__T1__5105-5105-28240-0003__HSIMV2__7021-7021-85628-0018__SIRm3,5105,61,9,0.0,0.0,0.0,0.0,0.0,57.773727253474625,19.84975891987159
5105-28240-0003_61-70970-0023__T2__61-61-70970-0023__HSIMV2__7176-7176-88083-0021__SIRm3,61,5105,6,0.0,0.0,0.0,0.0,0.0,45.58928093060819,17.497496494232045
5105-28240-0003_672-122797-0019__T1__5105-5105-28240-0003__HSIMV2__1320-1320-122617-0025__SIRm3,5105,672,9,0.0,0.0,0.0,0.0,0.0,52.37801865729098,18.362151542943444
5105-28240-0003_672-122797-0019__T2__672-672-122797-0019__HSIMV2__1320-1320-122612-0008__SIRm3,672,5105,7,0.7142857142857143,0.42857142857142855,0.42857142857142855,0.2857142857142857,0.14285714285714285,6.403095411214645,5.736966632424457
5105-28240-0003_8555-292519-0013__T1__5105-5105-28240-0003__HSIMV2__1320-1320-122617-0017__SIRm3,5105,8555,9,0.0,0.0,0.0,0.0,0.0,47.58522969283578,17.227920285343497
5105-28240-0003_8555-292519-0013__T2__8555-8555-292519-0013__HSIMV2__4970-4970-29095-0027__SIRm3,8555,5105,7,0.0,0.0,0.0,0.0,0.0,67.80029974749418,22.859288635166067
5105-28240-0004_2961-960-0021__T1__5105-5105-28240-0004__HSIMV2__1320-1320-122617-0037__SIRm3,5105,2961,11,0.0,0.0,0.0,0.0,0.0,61.41026850514986,19.1888150283816
5105-28240-0004_2961-960-0021__T2__2961-2961-960-0021__HSIMV2__3570-3570-5694-0008__SIRm3,2961,5105,17,0.0,0.0,0.0,0.0,0.0,56.08153657883686,19.842909469490923
5105-28240-0004_4992-23283-0014__T1__5105-5105-28240-0004__HSIMV2__1320-1320-122612-0009__SIRm3,5105,4992,6,0.0,0.0,0.0,0.0,0.0,49.80565073791602,18.40395153335885
5105-28240-0004_4992-23283-0014__T2__4992-4992-23283-0014__HSIMV2__4446-4446-2275-0001__SIRm3,4992,5105,8,0.0,0.0,0.0,0.0,0.0,55.01551572376428,17.44000198192758
5105-28240-0005_6829-68769-0010__T1__5105-5105-28240-0005__HSIMV2__1320-1320-122617-0021__SIRm3,5105,6829,9,0.0,0.0,0.0,0.0,0.0,53.3173467073366,20.36588928478984
5105-28240-0005_6829-68769-0010__T2__6829-6829-68769-0010__HSIMV2__4970-4970-29095-0018__SIRm3,6829,5105,5,0.0,0.0,0.0,0.0,0.0,45.42560419453145,17.719538755606347
5105-28240-0005_7127-75946-0011__T1__5105-5105-28240-0005__HSIMV2__1320-1320-122612-0015__SIRm3,5105,7127,11,0.0,0.0,0.0,0.0,0.0,43.59998245398755,16.756824700517388
5105-28240-0005_7127-75946-0011__T2__7127-7127-75946-0011__HSIMV2__8455-8455-210777-0056__SIRm3,7127,5105,5,0.0,0.0,0.0,0.0,0.0,43.90714145856815,17.054651756519746
5105-28240-0005_8555-284449-0019__T1__5105-5105-28240-0005__HSIMV2__1320-1320-122612-0012__SIRm3,5105,8555,13,0.0,0.0,0.0,0.0,0.0,45.751845281501716,18.098372152499127
5105-28240-0005_8555-284449-0019__T2__8555-8555-284449-0019__HSIMV2__4970-4970-29095-0009__SIRm3,8555,5105,10,0.0,0.0,0.0,0.0,0.0,56.42471383936777,19.85985709049396
5105-28240-0006_2830-3979-0006__T1__5105-5105-28240-0006__HSIMV2__1320-1320-122617-0013__SIRm3,5105,2830,20,0.0,0.0,0.0,0.0,0.0,53.03529862979362,19.29240299164677
5105-28240-0006_2830-3979-0006__T2__2830-2830-3979-0006__HSIMV2__1188-1188-133604-0038__SIRm3,2830,5105,8,0.0,0.0,0.0,0.0,0.0,53.32752424693068,18.669282847445235
5105-28240-0007_1089-134686-0001__T1__5105-5105-28240-0007__HSIMV2__1320-1320-122617-0000__SIRm3,5105,1089,8,0.0,0.0,0.0,0.0,0.0,50.37280101445253,19.81763221143133
5105-28240-0007_1089-134686-0001__T2__1089-1089-134686-0001__HSIMV2__8230-8230-279154-0028__SIRm3,1089,5105,5,0.0,0.0,0.0,0.0,0.0,54.702704426688015,18.81259213174112
5105-28240-0007_61-70970-0035__T1__5105-5105-28240-0007__HSIMV2__1320-1320-122612-0016__SIRm3,5105,61,5,0.0,0.0,0.0,0.0,0.0,55.03073993899452,18.875702538264765
5105-28240-0007_61-70970-0035__T2__61-61-70970-0035__HSIMV2__8230-8230-279154-0012__SIRm3,61,5105,6,0.0,0.0,0.0,0.0,0.0,46.868703668351905,18.56446980451129
5105-28240-0009_61-70970-0034__T1__5105-5105-28240-0009__HSIMV2__1320-1320-122617-0035__SIRm3,5105,61,22,0.0,0.0,0.0,0.0,0.0,52.52054064173633,19.37797166430485
5105-28240-0009_61-70970-0034__T2__61-61-70970-0034__HSIMV2__7176-7176-88083-0018__SIRm3,61,5105,7,1.0,0.2857142857142857,0.2857142857142857,1.0,0.2857142857142857,-10.47637972652932,-3.5446793148997093
5105-28240-0012_3729-6852-0043__T1__5105-5105-28240-0012__HSIMV2__1320-1320-122617-0027__SIRm3,5105,3729,8,0.0,0.0,0.0,0.0,0.0,49.902120429737366,18.815898856414336
5105-28240-0012_3729-6852-0043__T2__3729-3729-6852-0043__HSIMV2__4507-4507-16021-0017__SIRm3,3729,5105,7,0.14285714285714285,0.0,0.0,0.0,0.0,50.30118861755711,19.210166508381217
5105-28240-0014_1284-1180-0026__T1__5105-5105-28240-0014__HSIMV2__1320-1320-122617-0033__SIRm3,5105,1284,5,0.0,0.0,0.0,0.0,0.0,49.99888575482355,17.352956493686793
5105-28240-0014_1284-1180-0026__T2__1284-1284-1180-0026__HSIMV2__1580-1580-141084-0048__SIRm3,1284,5105,15,0.0,0.0,0.0,0.0,0.0,57.52833967080167,20.533424999300102
5105-28240-0014_7127-75947-0021__T1__5105-5105-28240-0014__HSIMV2__1320-1320-122617-0039__SIRm3,5105,7127,5,0.0,0.0,0.0,0.0,0.0,48.92019400089066,17.913259852902154
5105-28240-0014_7127-75947-0021__T2__7127-7127-75947-0021__HSIMV2__8455-8455-210777-0064__SIRm3,7127,5105,6,0.0,0.0,0.0,0.0,0.0,43.58187375174691,18.022350857496537
5105-28240-0015_2094-142345-0029__T1__5105-5105-28240-0015__HSIMV2__1320-1320-122612-0010__SIRm3,5105,2094,16,0.0,0.0,0.0,0.0,0.0,50.562599859850984,16.979190369575782
5105-28240-0015_2094-142345-0029__T2__2094-2094-142345-0029__HSIMV2__3729-3729-6852-0007__SIRm3,2094,5105,16,0.0,0.0,0.0,0.0,0.0,46.53916096900022,14.86853018582363
5105-28240-0015_2300-131720-0006__T1__5105-5105-28240-0015__HSIMV2__7021-7021-79740-0006__SIRm3,5105,2300,10,0.0,0.0,0.0,0.0,0.0,46.76846185540982,17.492532293885787
5105-28240-0015_2300-131720-0006__T2__2300-2300-131720-0006__HSIMV2__61-61-70968-0046__SIRm3,2300,5105,6,0.0,0.0,0.0,0.0,0.0,50.55908777340506,14.8109156661244
5105-28240-0017_6829-68769-0001__T1__5105-5105-28240-0017__HSIMV2__1320-1320-122617-0032__SIRm3,5105,6829,10,0.0,0.0,0.0,0.0,0.0,48.050079651648005,18.855894996808622
5105-28240-0017_6829-68769-0001__T2__6829-6829-68769-0001__HSIMV2__4970-4970-29095-0017__SIRm3,6829,5105,6,0.0,0.0,0.0,0.3333333333333333,0.0,36.79573716362007,3.440691081810522
5105-28240-0017_6930-81414-0015__T1__5105-5105-28240-0017__HSIMV2__1320-1320-122612-0006__SIRm3,5105,6930,8,0.0,0.0,0.0,0.0,0.0,47.427737534715,18.464359220427266
5105-28240-0017_6930-81414-0015__T2__6930-6930-81414-0015__HSIMV2__260-260-123286-0005__SIRm3,6930,5105,6,0.0,0.0,0.0,0.0,0.0,45.27802165194836,15.896174558620483
5105-28240-0019_1284-1181-0020__T1__5105-5105-28240-0019__HSIMV2__1320-1320-122617-0023__SIRm3,5105,1284,11,0.0,0.0,0.0,0.0,0.0,57.54239204181199,19.70184096388872
5105-28240-0019_1284-1181-0020__T2__1284-1284-1181-0020__HSIMV2__4446-4446-2275-0029__SIRm3,1284,5105,11,0.0,0.0,0.0,0.0,0.0,49.750136806406495,18.448103200547703
5105-28240-0019_1320-122612-0015__T1__5105-5105-28240-0019__HSIMV2__1320-1320-122617-0012__SIRm3,5105,1320,11,0.0,0.0,0.0,0.0,0.0,52.43275034578915,20.035265105403344
5105-28240-0019_1320-122612-0015__T2__1320-1320-122612-0015__HSIMV2__5105-5105-28240-0005__SIRm3,1320,5105,11,0.09090909090909091,0.0,0.0,0.0,0.0,48.20098297078601,16.12344313872326
5105-28240-0019_6829-68771-0015__T1__5105-5105-28240-0019__HSIMV2__1320-1320-122612-0012__SIRm3,5105,6829,11,0.0,0.0,0.0,0.0,0.0,49.271558134562774,17.004366014794456
5105-28240-0019_6829-68771-0015__T2__6829-6829-68771-0015__HSIMV2__4970-4970-29095-0027__SIRm3,6829,5105,8,0.0,0.0,0.0,0.0,0.0,51.81812465802251,20.31005921230179
5105-28240-0021_7176-88083-0024__T1__5105-5105-28240-0021__HSIMV2__1320-1320-122617-0034__SIRm3,5105,7176,17,0.0,0.0,0.0,0.0,0.0,49.02523007569175,18.9480948062264
5105-28240-0021_7176-88083-0024__T2__7176-7176-88083-0024__HSIMV2__61-61-70970-0001__SIRm3,7176,5105,11,0.09090909090909091,0.0,0.0,0.0,0.0,39.025172777255904,12.014946940973182
5105-28240-0022_2830-3980-0065__T1__5105-5105-28240-0022__HSIMV2__1320-1320-122617-0004__SIRm3,5105,2830,8,0.0,0.0,0.0,0.0,0.0,58.13522716487592,19.01242474005164
5105-28240-0022_2830-3980-0065__T2__2830-2830-3980-0065__HSIMV2__1188-1188-133604-0013__SIRm3,2830,5105,5,0.0,0.0,0.0,0.0,0.0,51.56819151731846,19.09993155713608
5105-28240-0022_4446-2275-0021__T1__5105-5105-28240-0022__HSIMV2__1320-1320-122617-0041__SIRm3,5105,4446,7,0.0,0.0,0.0,0.0,0.0,54.0865890112059,18.88664027712592
5105-28240-0022_4446-2275-0021__T2__4446-4446-2275-0021__HSIMV2__1284-1284-1181-0004__SIRm3,4446,5105,9,0.0,0.0,0.0,0.0,0.0,49.83382083355971,19.14625150243222
5105-28240-0024_8230-279154-0014__T1__5105-5105-28240-0024__HSIMV2__1320-1320-122617-0018__SIRm3,5105,8230,15,0.0,0.0,0.0,0.0,0.0,51.391123954391716,19.96184280251622
5105-28240-0024_8230-279154-0014__T2__8230-8230-279154-0014__HSIMV2__61-61-70968-0020__SIRm3,8230,5105,9,0.0,0.0,0.0,0.0,0.0,43.420397385450684,16.522015260964963
5105-28241-0002_7127-75946-0009__T1__5105-5105-28241-0002__HSIMV2__1320-1320-122617-0041__SIRm3,5105,7127,7,0.0,0.0,0.0,0.0,0.0,59.91970001321821,19.2808274639378
5105-28241-0002_7127-75946-0009__T2__7127-7127-75946-0009__HSIMV2__8455-8455-210777-0059__SIRm3,7127,5105,8,0.0,0.0,0.0,0.0,0.0,42.23919995226509,16.66341121480401
5105-28241-0003_1995-1826-0005__T1__5105-5105-28241-0003__HSIMV2__1320-1320-122617-0022__SIRm3,5105,1995,6,0.0,0.0,0.0,0.0,0.0,60.19211926700698,22.215758410656704
5105-28241-0003_1995-1826-0005__T2__1995-1995-1826-0005__HSIMV2__2094-2094-142345-0054__SIRm3,1995,5105,9,0.1111111111111111,0.1111111111111111,0.1111111111111111,0.0,0.0,36.720990947374965,17.9056351283703
5105-28241-0003_4077-13751-0001__T1__5105-5105-28241-0003__HSIMV2__1320-1320-122617-0005__SIRm3,5105,4077,6,0.0,0.0,0.0,0.0,0.0,41.95228108615351,16.92448133301376
5105-28241-0003_4077-13751-0001__T2__4077-4077-13751-0001__HSIMV2__8455-8455-210777-0049__SIRm3,4077,5105,7,0.0,0.0,0.0,0.0,0.0,41.66283974838232,17.244896138767206
5105-28241-0005_672-122797-0051__T1__5105-5105-28241-0005__HSIMV2__1320-1320-122617-0037__SIRm3,5105,672,13,0.0,0.0,0.0,0.0,0.0,46.66957259486839,18.09964533408797
5105-28241-0005_672-122797-0051__T2__672-672-122797-0051__HSIMV2__260-260-123286-0024__SIRm3,672,5105,5,0.4,0.4,0.4,0.2,0.2,17.762084350532998,4.243708416104183
5105-28241-0006_8463-294828-0019__T1__5105-5105-28241-0006__HSIMV2__1320-1320-122612-0010__SIRm3,5105,8463,14,0.0,0.0,0.0,0.0,0.0,53.18179894184765,19.44144191505126
5105-28241-0006_8463-294828-0019__T2__8463-8463-294828-0019__HSIMV2__4992-4992-41806-0015__SIRm3,8463,5105,8,0.0,0.0,0.0,0.0,0.0,51.01779248905168,20.27368283541582
5105-28241-0008_1284-1180-0004__T1__5105-5105-28241-0008__HSIMV2__1320-1320-122612-0013__SIRm3,5105,1284,12,0.0,0.0,0.0,0.0,0.0,53.474095254307635,19.500365953431487
5105-28241-0008_1284-1180-0004__T2__1284-1284-1180-0004__HSIMV2__4446-4446-2275-0005__SIRm3,1284,5105,7,0.0,0.0,0.0,0.0,0.0,54.74842305264293,19.20583441500353
5105-28241-0009_4507-16021-0049__T1__5105-5105-28241-0009__HSIMV2__7021-7021-85628-0016__SIRm3,5105,4507,7,0.0,0.0,0.0,0.0,0.0,48.26497890248287,18.822151738188072
5105-28241-0009_4507-16021-0049__T2__4507-4507-16021-0049__HSIMV2__3729-3729-6852-0024__SIRm3,4507,5105,10,0.0,0.0,0.0,0.0,0.0,54.87255013955096,20.23013100822493
5105-28241-0011_3575-170457-0024__T1__5105-5105-28241-0011__HSIMV2__1320-1320-122617-0004__SIRm3,5105,3575,23,0.0,0.0,0.0,0.0,0.0,50.680098447449836,19.88661085741605
5105-28241-0011_3575-170457-0024__T2__3575-3575-170457-0024__HSIMV2__237-237-134500-0034__SIRm3,3575,5105,5,0.0,0.0,0.0,0.0,0.0,57.78138994591247,21.02986225519265
5105-28241-0011_4446-2273-0004__T1__5105-5105-28241-0011__HSIMV2__1320-1320-122612-0004__SIRm3,5105,4446,11,0.0,0.0,0.0,0.0,0.0,57.18633292140366,20.343272981801043
5105-28241-0011_4446-2273-0004__T2__4446-4446-2273-0004__HSIMV2__1284-1284-1181-0001__SIRm3,4446,5105,9,0.0,0.0,0.0,0.0,0.0,51.40783052511073,19.82369543165891
5105-28241-0012_4507-16021-0017__T1__5105-5105-28241-0012__HSIMV2__1320-1320-122617-0041__SIRm3,5105,4507,7,0.0,0.0,0.0,0.0,0.0,58.87089548375549,20.848700283122064
5105-28241-0012_4507-16021-0017__T2__4507-4507-16021-0017__HSIMV2__3729-3729-6852-0014__SIRm3,4507,5105,10,0.0,0.0,0.0,0.0,0.0,51.01689634643007,20.127470493506387
5105-28241-0012_5683-32865-0016__T1__5105-5105-28241-0012__HSIMV2__1320-1320-122617-0002__SIRm3,5105,5683,12,0.0,0.08333333333333333,0.0,0.0,0.0,57.16558402566327,19.96818048870071
5105-28241-0012_5683-32865-0016__T2__5683-5683-32865-0016__HSIMV2__237-237-126133-0014__SIRm3,5683,5105,5,0.6,0.6,0.6,0.6,0.6,-15.263393081872778,-4.362016020924838
5105-28241-0012_7021-85628-0023__T1__5105-5105-28241-0012__HSIMV2__1320-1320-122617-0008__SIRm3,5105,7021,7,0.0,0.0,0.0,0.0,0.0,61.64226082043013,20.025992110940702
5105-28241-0012_7021-85628-0023__T2__7021-7021-85628-0023__HSIMV2__5105-5105-28240-0000__SIRm3,7021,5105,9,0.0,0.0,0.0,0.0,0.0,54.67828080691702,20.10799601801081
5105-28241-0013_8555-284449-0001__T1__5105-5105-28241-0013__HSIMV2__7021-7021-79740-0004__SIRm3,5105,8555,8,0.0,0.0,0.0,0.0,0.0,51.106627057260226,19.07846508775597
5105-28241-0013_8555-284449-0001__T2__8555-8555-284449-0001__HSIMV2__4970-4970-29093-0008__SIRm3,8555,5105,6,0.0,0.0,0.0,0.0,0.0,52.18708425717009,22.337807182844475
5105-28241-0013_8555-284449-0007__T1__5105-5105-28241-0013__HSIMV2__1320-1320-122612-0005__SIRm3,5105,8555,8,0.0,0.0,0.0,0.0,0.0,50.637135235274016,17.61363663278194
5105-28241-0013_8555-284449-0007__T2__8555-8555-284449-0007__HSIMV2__4970-4970-29095-0014__SIRm3,8555,5105,5,1.0,0.4,0.4,1.0,0.4,-50.34387814755871,-35.030792969456186
5105-28241-0016_7176-92135-0034__T1__5105-5105-28241-0016__HSIMV2__1320-1320-122612-0005__SIRm3,5105,7176,10,0.0,0.0,0.0,0.0,0.0,57.4128935159931,18.58878897787916
5105-28241-0016_7176-92135-0034__T2__7176-7176-92135-0034__HSIMV2__61-61-70968-0008__SIRm3,7176,5105,6,0.0,0.0,0.0,0.0,0.0,42.042014131631575,14.924617985916452
5105-28241-0017_1089-134691-0020__T1__5105-5105-28241-0017__HSIMV2__1320-1320-122617-0014__SIRm3,5105,1089,8,0.0,0.0,0.0,0.0,0.0,63.10175705374556,21.078078714116085
5105-28241-0017_1089-134691-0020__T2__1089-1089-134691-0020__HSIMV2__8230-8230-279154-0036__SIRm3,1089,5105,5,0.0,0.0,0.0,0.0,0.0,45.645362299839704,21.942443030938893
5105-28241-0018_1320-122617-0009__T1__5105-5105-28241-0018__HSIMV2__1320-1320-122617-0020__SIRm3,5105,1320,16,0.0,0.125,0.0,0.0,0.0,55.7953571639382,20.45962736269223
5105-28241-0018_1320-122617-0009__T2__1320-1320-122617-0009__HSIMV2__5105-5105-28240-0006__SIRm3,1320,5105,14,0.0,0.07142857142857142,0.0,0.0,0.0,51.671410763496574,19.50821927432242
5105-28241-0018_2830-3980-0071__T1__5105-5105-28241-0018__HSIMV2__1320-1320-122617-0034__SIRm3,5105,2830,17,0.0,0.0,0.0,0.0,0.0,58.600422636349535,21.2599505892912
5105-28241-0018_2830-3980-0071__T2__2830-2830-3980-0071__HSIMV2__1188-1188-133604-0001__SIRm3,2830,5105,6,0.0,0.16666666666666666,0.0,0.0,0.0,44.158798768669975,16.618522645315274
5105-28241-0019_2830-3980-0013__T1__5105-5105-28241-0019__HSIMV2__1320-1320-122612-0009__SIRm3,5105,2830,6,0.0,0.0,0.0,0.0,0.0,51.3451363368091,19.12973419441251
5105-28241-0019_2830-3980-0013__T2__2830-2830-3980-0013__HSIMV2__1188-1188-133604-0031__SIRm3,2830,5105,7,0.0,0.0,0.0,0.0,0.0,59.206630853434895,18.12182693515449
5105-28241-0019_2830-3980-0050__T1__5105-5105-28241-0019__HSIMV2__1320-1320-122617-0029__SIRm3,5105,2830,9,0.0,0.0,0.0,0.0,0.0,50.03788567088226,20.91769499383979
5105-28241-0019_2830-3980-0050__T2__2830-2830-3980-0050__HSIMV2__1188-1188-133604-0032__SIRm3,2830,5105,12,0.08333333333333333,0.0,0.0,0.0,0.0,45.7010459427706,18.08084958779569
5105-28241-0019_4446-2273-0022__T1__5105-5105-28241-0019__HSIMV2__1320-1320-122617-0039__SIRm3,5105,4446,9,0.0,0.0,0.0,0.0,0.0,52.54544606402711,19.093313942994424
5105-28241-0019_4446-2273-0022__T2__4446-4446-2273-0022__HSIMV2__1284-1284-1181-0013__SIRm3,4446,5105,10,0.0,0.0,0.0,0.0,0.0,55.22619070230562,19.79726454653425
5142-33396-0001_121-127105-0027__T1__5142-5142-33396-0001__HSIMV2__4970-4970-29095-0012__SIRm3,5142,121,8,0.0,0.0,0.0,0.0,0.0,49.779560789467595,20.166071766078243
5142-33396-0001_121-127105-0027__T2__121-121-127105-0027__HSIMV2__237-237-126133-0006__SIRm3,121,5142,11,0.0,0.0,0.0,0.0,0.0,35.35956637281236,15.724509089051674
5142-33396-0001_6930-76324-0005__T1__5142-5142-33396-0001__HSIMV2__4970-4970-29093-0014__SIRm3,5142,6930,7,0.0,0.0,0.0,0.0,0.0,46.49500642123097,19.773385393278293
5142-33396-0001_6930-76324-0005__T2__6930-6930-76324-0005__HSIMV2__260-260-123286-0006__SIRm3,6930,5142,9,0.0,0.0,0.0,0.0,0.0,55.304003298932656,18.29006780497677
5142-33396-0006_4970-29095-0029__T1__5142-5142-33396-0006__HSIMV2__4970-4970-29093-0014__SIRm3,5142,4970,7,0.0,0.0,0.0,0.0,0.0,45.56721790487906,18.50294915258084
5142-33396-0006_4970-29095-0029__T2__4970-4970-29095-0029__HSIMV2__8555-8555-292519-0012__SIRm3,4970,5142,6,0.0,0.0,0.0,0.0,0.0,49.602707551581744,20.39989247794625
5142-33396-0006_672-122797-0061__T1__5142-5142-33396-0006__HSIMV2__4970-4970-29095-0009__SIRm3,5142,672,10,0.0,0.0,0.0,0.0,0.0,66.47779418922718,20.258302742960662
5142-33396-0006_672-122797-0061__T2__672-672-122797-0061__HSIMV2__260-260-123440-0017__SIRm3,672,5142,5,0.0,0.0,0.0,0.0,0.0,40.84794013452501,17.651057587320263
5142-33396-0007_672-122797-0004__T1__5142-5142-33396-0007__HSIMV2__4970-4970-29093-0013__SIRm3,5142,672,8,0.0,0.0,0.0,0.0,0.0,48.69351094569757,9.713154077428776
5142-33396-0007_672-122797-0004__T2__672-672-122797-0004__HSIMV2__1320-1320-122617-0009__SIRm3,672,5142,14,0.0,0.0,0.0,0.0,0.0,46.87105230316668,18.351470083720628
5142-33396-0009_2961-961-0021__T1__5142-5142-33396-0009__HSIMV2__4970-4970-29095-0001__SIRm3,5142,2961,5,0.0,0.0,0.0,0.0,0.0,48.47133461985677,20.3523118758284
5142-33396-0009_2961-961-0021__T2__2961-2961-961-0021__HSIMV2__3570-3570-5694-0007__SIRm3,2961,5142,8,0.0,0.0,0.0,0.0,0.0,56.62965791457503,20.67961430500933
5142-33396-0009_5105-28233-0004__T1__5142-5142-33396-0009__HSIMV2__4970-4970-29095-0003__SIRm3,5142,5105,5,0.0,0.0,0.0,0.0,0.0,50.61116489674749,19.89263720486792
5142-33396-0009_5105-28233-0004__T2__5105-5105-28233-0004__HSIMV2__1320-1320-122617-0037__SIRm3,5105,5142,8,0.0,0.0,0.0,0.0,0.0,55.61141593681819,19.93249501864825
5142-33396-0009_8463-294828-0027__T1__5142-5142-33396-0009__HSIMV2__4970-4970-29095-0028__SIRm3,5142,8463,5,0.0,0.0,0.0,0.0,0.0,48.563349653765876,19.91006499008184
5142-33396-0009_8463-294828-0027__T2__8463-8463-294828-0027__HSIMV2__4992-4992-23283-0011__SIRm3,8463,5142,7,0.0,0.0,0.0,0.0,0.0,46.09648000425626,18.189454961698363
5142-33396-0010_237-134500-0011__T1__5142-5142-33396-0010__HSIMV2__4970-4970-29095-0011__SIRm3,5142,237,5,0.0,0.0,0.0,0.0,0.0,56.74904649043873,21.36196905957829
5142-33396-0010_237-134500-0011__T2__237-237-134500-0011__HSIMV2__1580-1580-141084-0000__SIRm3,237,5142,5,0.0,0.0,0.0,0.0,0.0,54.44750256087248,20.50535730019743
5142-33396-0010_6930-76324-0017__T1__5142-5142-33396-0010__HSIMV2__4970-4970-29095-0020__SIRm3,5142,6930,5,0.0,0.0,0.0,0.0,0.0,52.56619141500555,20.34143016010788
5142-33396-0010_6930-76324-0017__T2__6930-6930-76324-0017__HSIMV2__260-260-123286-0006__SIRm3,6930,5142,9,0.0,0.0,0.0,0.0,0.0,43.92006009103305,16.99031559852187
5142-33396-0010_8555-292519-0012__T1__5142-5142-33396-0010__HSIMV2__4970-4970-29095-0026__SIRm3,5142,8555,5,0.0,0.0,0.0,0.0,0.0,53.80877788432771,19.51107429790944
5142-33396-0010_8555-292519-0012__T2__8555-8555-292519-0012__HSIMV2__4970-4970-29095-0028__SIRm3,8555,5142,9,0.0,0.3333333333333333,0.0,0.0,0.0,64.91041106175865,22.61535868422209
5142-33396-0011_260-123288-0006__T1__5142-5142-33396-0011__HSIMV2__4970-4970-29093-0001__SIRm3,5142,260,6,0.0,0.0,0.0,0.0,0.0,48.98474808622155,19.56171418025022
5142-33396-0011_260-123288-0006__T2__260-260-123288-0006__HSIMV2__672-672-122797-0005__SIRm3,260,5142,5,0.0,0.0,0.0,0.0,0.0,42.90846510192539,17.1487052430466
5142-33396-0014_4446-2275-0040__T1__5142-5142-33396-0014__HSIMV2__4970-4970-29095-0003__SIRm3,5142,4446,5,0.0,0.0,0.0,0.0,0.0,49.53036931487228,19.71021823449997
5142-33396-0014_4446-2275-0040__T2__4446-4446-2275-0040__HSIMV2__1284-1284-1180-0023__SIRm3,4446,5142,10,0.0,0.0,0.0,0.0,0.0,58.63436048151222,19.171384273890588
5142-33396-0014_7176-88083-0014__T1__5142-5142-33396-0014__HSIMV2__4970-4970-29095-0014__SIRm3,5142,7176,5,0.0,0.0,0.0,0.0,0.0,56.24272704325481,19.80398885448676
5142-33396-0014_7176-88083-0014__T2__7176-7176-88083-0014__HSIMV2__61-61-70970-0009__SIRm3,7176,5142,5,0.0,0.0,0.0,0.0,0.0,31.835573310952235,14.25314680808304
5142-33396-0015_2961-961-0021__T1__5142-5142-33396-0015__HSIMV2__4970-4970-29095-0018__SIRm3,5142,2961,7,0.0,0.0,0.0,0.0,0.0,52.63862738718485,19.100936858372595
5142-33396-0015_2961-961-0021__T2__2961-2961-961-0021__HSIMV2__3570-3570-5695-0008__SIRm3,2961,5142,8,0.0,0.0,0.0,0.0,0.0,60.97314265911738,20.437841435371023
5142-33396-0015_7729-102255-0036__T1__5142-5142-33396-0015__HSIMV2__4970-4970-29093-0008__SIRm3,5142,7729,6,0.0,0.0,0.0,0.0,0.0,54.391442360866904,19.50277341354788
5142-33396-0015_7729-102255-0036__T2__7729-7729-102255-0036__HSIMV2__7176-7176-92135-0024__SIRm3,7729,5142,7,0.0,0.0,0.0,0.0,0.0,45.24338597707497,16.185859242051485
5142-33396-0018_2094-142345-0043__T1__5142-5142-33396-0018__HSIMV2__4970-4970-29095-0038__SIRm3,5142,2094,6,0.0,0.0,0.0,0.0,0.0,54.03786676453645,20.48207168130004
5142-33396-0018_2094-142345-0043__T2__2094-2094-142345-0043__HSIMV2__3729-3729-6852-0037__SIRm3,2094,5142,10,0.0,0.0,0.0,0.0,0.0,53.66346917534004,19.12610448792407
5142-33396-0018_8463-294828-0011__T1__5142-5142-33396-0018__HSIMV2__4970-4970-29095-0030__SIRm3,5142,8463,6,0.0,0.0,0.0,0.0,0.0,70.92508397871758,22.374170718938903
5142-33396-0018_8463-294828-0011__T2__8463-8463-294828-0011__HSIMV2__4992-4992-41797-0015__SIRm3,8463,5142,6,0.0,0.0,0.0,0.0,0.0,60.84738028361105,18.62339051641144
5142-33396-0019_8463-294828-0010__T1__5142-5142-33396-0019__HSIMV2__4970-4970-29095-0011__SIRm3,5142,8463,5,0.0,0.0,0.0,0.0,0.0,54.77435955872231,19.82004369591488
5142-33396-0019_8463-294828-0010__T2__8463-8463-294828-0010__HSIMV2__4992-4992-23283-0008__SIRm3,8463,5142,8,0.0,0.0,0.0,0.0,0.0,48.93077370787999,18.196644157936355
5142-33396-0020_1089-134691-0006__T1__5142-5142-33396-0020__HSIMV2__4970-4970-29095-0026__SIRm3,5142,1089,5,0.0,0.0,0.0,0.0,0.0,59.699567899154815,21.754125761205028
5142-33396-0020_1089-134691-0006__T2__1089-1089-134691-0006__HSIMV2__8230-8230-279154-0023__SIRm3,1089,5142,10,0.0,0.0,0.0,0.0,0.0,44.544877073336956,18.95332571300969
5142-33396-0021_61-70970-0027__T1__5142-5142-33396-0021__HSIMV2__4970-4970-29095-0014__SIRm3,5142,61,5,0.0,0.0,0.0,0.0,0.0,45.46036520432052,18.1934860168301
5142-33396-0021_61-70970-0027__T2__61-61-70970-0027__HSIMV2__8230-8230-279154-0010__SIRm3,61,5142,9,0.0,0.0,0.0,0.0,0.0,45.66291701546765,16.150346808571104
5142-33396-0022_1089-134691-0007__T1__5142-5142-33396-0022__HSIMV2__4970-4970-29093-0014__SIRm3,5142,1089,7,1.0,0.5714285714285714,0.5714285714285714,1.0,0.5714285714285714,-38.35993024771164,-21.52897373797441
5142-33396-0022_1089-134691-0007__T2__1089-1089-134691-0007__HSIMV2__8230-8230-279154-0013__SIRm3,1089,5142,5,0.0,0.0,0.0,0.0,0.0,55.65748097156776,18.717560179675235
5142-33396-0022_3570-5696-0009__T1__5142-5142-33396-0022__HSIMV2__4970-4970-29093-0018__SIRm3,5142,3570,8,0.5,0.25,0.25,0.125,0.125,12.930819833544104,5.77389946989963
5142-33396-0022_3570-5696-0009__T2__3570-3570-5696-0009__HSIMV2__4507-4507-16021-0005__SIRm3,3570,5142,7,0.0,0.0,0.0,0.0,0.0,56.22350244845905,18.93098777814796
5142-33396-0022_8463-294828-0028__T1__5142-5142-33396-0022__HSIMV2__4970-4970-29095-0006__SIRm3,5142,8463,7,0.0,0.0,0.0,0.0,0.0,54.26410956730108,20.909344472597805
5142-33396-0022_8463-294828-0028__T2__8463-8463-294828-0028__HSIMV2__4992-4992-41797-0015__SIRm3,8463,5142,14,0.0,0.0,0.0,0.0,0.0,51.66093890565385,19.786311549056432
5142-33396-0024_121-127105-0000__T1__5142-5142-33396-0024__HSIMV2__4970-4970-29095-0036__SIRm3,5142,121,9,0.0,0.0,0.0,0.0,0.0,57.135790804756375,20.078416168672423
5142-33396-0024_121-127105-0000__T2__121-121-127105-0000__HSIMV2__237-237-134493-0014__SIRm3,121,5142,6,0.0,0.5,0.0,0.0,0.0,42.355474447624445,16.75483218146642
5142-33396-0024_5105-28240-0007__T1__5142-5142-33396-0024__HSIMV2__4970-4970-29095-0037__SIRm3,5142,5105,9,0.0,0.0,0.0,0.0,0.0,51.629156589276285,19.54516740869145
5142-33396-0024_5105-28240-0007__T2__5105-5105-28240-0007__HSIMV2__1320-1320-122617-0022__SIRm3,5105,5142,6,0.0,0.0,0.0,0.0,0.0,47.38782093633756,19.44686590661073
5142-33396-0025_1284-1180-0023__T1__5142-5142-33396-0025__HSIMV2__4970-4970-29095-0014__SIRm3,5142,1284,5,0.0,0.0,0.0,0.0,0.0,61.95454345042731,22.22926980972529
5142-33396-0025_1284-1180-0023__T2__1284-1284-1180-0023__HSIMV2__1580-1580-141084-0032__SIRm3,1284,5142,8,0.0,0.0,0.0,0.0,0.0,51.866318110257474,19.500493467040016
5142-33396-0025_2961-961-0019__T1__5142-5142-33396-0025__HSIMV2__4970-4970-29095-0024__SIRm3,5142,2961,5,0.0,0.0,0.0,0.0,0.0,36.29392860750471,13.1382702759038
5142-33396-0025_2961-961-0019__T2__2961-2961-961-0019__HSIMV2__3570-3570-5694-0009__SIRm3,2961,5142,23,0.0,0.0,0.0,0.0,0.0,50.84009626129295,19.03462047094799
5142-33396-0026_4507-16021-0043__T1__5142-5142-33396-0026__HSIMV2__4970-4970-29095-0032__SIRm3,5142,4507,5,0.6,0.6,0.6,0.4,0.4,5.769544607565818,0.301817465460128
5142-33396-0026_4507-16021-0043__T2__4507-4507-16021-0043__HSIMV2__3729-3729-6852-0044__SIRm3,4507,5142,6,0.0,0.0,0.0,0.0,0.0,53.85149388160855,17.361129596114704
5142-33396-0026_8455-210777-0059__T1__5142-5142-33396-0026__HSIMV2__4970-4970-29093-0011__SIRm3,5142,8455,5,0.0,0.0,0.0,0.0,0.0,32.96200127975642,11.000193516665457
5142-33396-0026_8455-210777-0059__T2__8455-8455-210777-0059__HSIMV2__1320-1320-122617-0036__SIRm3,8455,5142,10,0.0,0.0,0.0,0.0,0.0,45.88832097295491,18.495597181117606
5142-33396-0028_4970-29095-0026__T1__5142-5142-33396-0028__HSIMV2__4970-4970-29093-0015__SIRm3,5142,4970,5,0.0,0.0,0.0,0.0,0.0,50.35733256786252,18.826991798262736
5142-33396-0028_4970-29095-0026__T2__4970-4970-29095-0026__HSIMV2__6829-6829-68769-0048__SIRm3,4970,5142,11,0.0,0.0,0.0,0.0,0.0,56.247503204063904,19.1392985923482
5142-33396-0028_5105-28233-0009__T1__5142-5142-33396-0028__HSIMV2__4970-4970-29095-0014__SIRm3,5142,5105,5,0.0,0.0,0.0,0.0,0.0,55.48312027920959,20.14094831925744
5142-33396-0028_5105-28233-0009__T2__5105-5105-28233-0009__HSIMV2__1320-1320-122612-0013__SIRm3,5105,5142,12,0.0,0.0,0.0,0.0,0.0,52.81479034025605,19.63335157808697
5142-33396-0028_61-70968-0055__T1__5142-5142-33396-0028__HSIMV2__4970-4970-29093-0022__SIRm3,5142,61,6,0.0,0.0,0.0,0.0,0.0,45.76059080506037,18.793117503577704
5142-33396-0028_61-70968-0055__T2__61-61-70968-0055__HSIMV2__7176-7176-92135-0038__SIRm3,61,5142,6,0.0,0.0,0.0,0.0,0.0,50.54607147188879,17.352640995297186
5142-33396-0028_7729-102255-0024__T1__5142-5142-33396-0028__HSIMV2__4970-4970-29093-0001__SIRm3,5142,7729,6,0.0,0.0,0.0,0.0,0.0,52.41877991345644,19.540177745227748
5142-33396-0028_7729-102255-0024__T2__7729-7729-102255-0024__HSIMV2__7176-7176-88083-0017__SIRm3,7729,5142,6,0.0,0.0,0.0,0.0,0.0,34.210936714934114,14.226661536798002
5142-33396-0032_1221-135767-0020__T1__5142-5142-33396-0032__HSIMV2__4970-4970-29093-0002__SIRm3,5142,1221,18,0.0,0.0,0.0,0.0,0.0,49.95604890163908,16.57549470555506
5142-33396-0032_1221-135767-0020__T2__1221-1221-135767-0020__HSIMV2__4992-4992-23283-0010__SIRm3,1221,5142,5,0.0,0.0,0.0,0.0,0.0,56.1040730007697,15.05701609349192
5142-33396-0033_1320-122612-0016__T1__5142-5142-33396-0033__HSIMV2__4970-4970-29095-0029__SIRm3,5142,1320,6,0.0,0.0,0.0,0.0,0.0,51.74737536402807,17.693279741370464
5142-33396-0033_1320-122612-0016__T2__1320-1320-122612-0016__HSIMV2__5105-5105-28240-0012__SIRm3,1320,5142,5,0.0,0.0,0.0,0.0,0.0,46.44635694404669,16.950459894279824
5142-33396-0033_4507-16021-0029__T1__5142-5142-33396-0033__HSIMV2__4970-4970-29093-0004__SIRm3,5142,4507,6,0.0,0.0,0.0,0.0,0.0,29.1132630844444,13.152398317709231
5142-33396-0033_4507-16021-0029__T2__4507-4507-16021-0029__HSIMV2__3729-3729-6852-0002__SIRm3,4507,5142,6,0.0,0.0,0.0,0.0,0.0,45.16207057919589,19.56804229087582
5142-33396-0033_8455-210777-0011__T1__5142-5142-33396-0033__HSIMV2__4970-4970-29093-0019__SIRm3,5142,8455,9,0.0,0.0,0.0,0.0,0.0,46.819798490279595,17.265860873573743
5142-33396-0033_8455-210777-0011__T2__8455-8455-210777-0011__HSIMV2__1320-1320-122617-0012__SIRm3,8455,5142,12,0.0,0.0,0.0,0.0,0.0,47.677314676390004,19.32851041677812
5142-33396-0033_8455-210777-0060__T1__5142-5142-33396-0033__HSIMV2__4970-4970-29095-0018__SIRm3,5142,8455,9,0.0,0.0,0.0,0.0,0.0,50.65306057966115,18.55136325256817
5142-33396-0033_8455-210777-0060__T2__8455-8455-210777-0060__HSIMV2__1320-1320-122612-0007__SIRm3,8455,5142,10,0.0,0.0,0.0,0.0,0.0,54.14333882005387,18.72592746125172
5142-33396-0034_7021-85628-0006__T1__5142-5142-33396-0034__HSIMV2__4970-4970-29093-0020__SIRm3,5142,7021,9,0.0,0.0,0.0,0.0,0.0,55.683833393764786,19.804278347394195
5142-33396-0034_7021-85628-0006__T2__7021-7021-85628-0006__HSIMV2__5105-5105-28241-0008__SIRm3,7021,5142,6,0.0,0.0,0.0,0.0,0.0,45.747064445867096,18.88369678092572
5142-33396-0034_8455-210777-0059__T1__5142-5142-33396-0034__HSIMV2__4970-4970-29093-0014__SIRm3,5142,8455,7,0.0,0.0,0.0,0.0,0.0,37.460611803867344,16.270982286379883
5142-33396-0034_8455-210777-0059__T2__8455-8455-210777-0059__HSIMV2__1320-1320-122612-0016__SIRm3,8455,5142,5,0.0,0.0,0.0,0.0,0.0,50.80455068394516,18.03021476651466
5142-33396-0035_4077-13751-0011__T1__5142-5142-33396-0035__HSIMV2__4970-4970-29095-0029__SIRm3,5142,4077,6,0.0,0.0,0.0,0.0,0.0,44.76792649361989,17.7873127704945
5142-33396-0035_4077-13751-0011__T2__4077-4077-13751-0011__HSIMV2__8455-8455-210777-0049__SIRm3,4077,5142,7,0.0,0.0,0.0,0.0,0.0,42.39924244644037,17.654424293645917
5142-33396-0036_237-134493-0001__T1__5142-5142-33396-0036__HSIMV2__4970-4970-29095-0012__SIRm3,5142,237,7,0.0,0.0,0.0,0.0,0.0,55.38184141104705,21.11646960504209
5142-33396-0036_237-134493-0001__T2__237-237-134493-0001__HSIMV2__1580-1580-141083-0003__SIRm3,237,5142,12,0.0,0.0,0.0,0.0,0.0,48.540791574422656,18.722709510867613
5142-33396-0036_4446-2273-0032__T1__5142-5142-33396-0036__HSIMV2__4970-4970-29095-0035__SIRm3,5142,4446,7,0.0,0.0,0.0,0.0,0.0,54.25107918454923,19.48801649888887
5142-33396-0036_4446-2273-0032__T2__4446-4446-2273-0032__HSIMV2__4992-4992-41806-0015__SIRm3,4446,5142,14,0.0,0.0,0.0,0.0,0.0,61.68284208541006,20.54794778933114
5142-33396-0036_4970-29093-0020__T1__5142-5142-33396-0036__HSIMV2__4970-4970-29093-0019__SIRm3,5142,4970,7,0.0,0.0,0.0,0.0,0.0,47.414729631918206,19.162996357260333
5142-33396-0036_4970-29093-0020__T2__4970-4970-29093-0020__HSIMV2__6829-6829-68771-0006__SIRm3,4970,5142,9,0.0,0.3333333333333333,0.0,0.0,0.0,58.458217486582676,20.617624593870225
5142-33396-0036_7127-75946-0011__T1__5142-5142-33396-0036__HSIMV2__4970-4970-29093-0007__SIRm3,5142,7127,7,0.0,0.0,0.0,0.0,0.0,49.48739129266611,17.834067368396532
5142-33396-0036_7127-75946-0011__T2__7127-7127-75946-0011__HSIMV2__8455-8455-210777-0051__SIRm3,7127,5142,5,0.0,0.0,0.0,0.0,0.0,48.82240831204937,17.88275653196613
5142-33396-0037_4446-2271-0010__T1__5142-5142-33396-0037__HSIMV2__4970-4970-29093-0007__SIRm3,5142,4446,6,0.0,0.0,0.0,0.0,0.0,57.47058050040297,21.35285068100793
5142-33396-0037_4446-2271-0010__T2__4446-4446-2271-0010__HSIMV2__4992-4992-41806-0001__SIRm3,4446,5142,5,0.0,0.0,0.0,0.0,0.0,32.942265562454836,11.257224137228398
5142-33396-0037_5105-28240-0012__T1__5142-5142-33396-0037__HSIMV2__4970-4970-29093-0002__SIRm3,5142,5105,6,0.0,0.0,0.0,0.0,0.0,52.63179298717253,18.828322373398034
5142-33396-0037_5105-28240-0012__T2__5105-5105-28240-0012__HSIMV2__1320-1320-122612-0002__SIRm3,5105,5142,8,0.0,0.0,0.0,0.0,0.0,44.38951857349734,15.453008818693268
5142-33396-0037_672-122797-0032__T1__5142-5142-33396-0037__HSIMV2__4970-4970-29095-0004__SIRm3,5142,672,6,0.0,0.0,0.0,0.0,0.0,60.502960085682496,21.54733701827024
5142-33396-0037_672-122797-0032__T2__672-672-122797-0032__HSIMV2__1320-1320-122617-0025__SIRm3,672,5142,7,0.0,0.0,0.0,0.0,0.0,48.79818326799576,19.23422718998802
5142-33396-0038_3570-5695-0008__T1__5142-5142-33396-0038__HSIMV2__4970-4970-29095-0008__SIRm3,5142,3570,5,0.0,0.0,0.0,0.0,0.0,51.83775440586667,20.004571773712936
5142-33396-0038_3570-5695-0008__T2__3570-3570-5695-0008__HSIMV2__4507-4507-16021-0049__SIRm3,3570,5142,10,0.0,0.0,0.0,0.0,0.0,65.44625838716026,22.090682678206697
5142-33396-0038_3729-6852-0031__T1__5142-5142-33396-0038__HSIMV2__4970-4970-29095-0017__SIRm3,5142,3729,6,0.0,0.0,0.0,0.0,0.0,53.2340286222536,20.084880491074266
5142-33396-0038_3729-6852-0031__T2__3729-3729-6852-0031__HSIMV2__4507-4507-16021-0003__SIRm3,3729,5142,7,0.0,0.0,0.0,0.0,0.0,49.04813180092133,19.32206301962288
5142-33396-0038_4446-2275-0021__T1__5142-5142-33396-0038__HSIMV2__4970-4970-29095-0020__SIRm3,5142,4446,7,0.0,0.0,0.0,0.0,0.0,54.87254223693218,20.845303167057885
5142-33396-0038_4446-2275-0021__T2__4446-4446-2275-0021__HSIMV2__1284-1284-1181-0014__SIRm3,4446,5142,9,0.0,0.0,0.0,0.0,0.0,47.48497301937332,19.666517310436543
5142-33396-0042_4507-16021-0037__T1__5142-5142-33396-0042__HSIMV2__4970-4970-29093-0022__SIRm3,5142,4507,11,0.0,0.0,0.0,0.0,0.0,41.72986905320381,17.018592117198317
5142-33396-0042_4507-16021-0037__T2__4507-4507-16021-0037__HSIMV2__3729-3729-6852-0028__SIRm3,4507,5142,9,0.0,0.0,0.0,0.0,0.0,59.67571217043251,20.058655564749408
5142-33396-0044_6829-68771-0004__T1__5142-5142-33396-0044__HSIMV2__4970-4970-29093-0018__SIRm3,5142,6829,8,0.0,0.0,0.0,0.0,0.0,50.64232327459459,18.366178910230683
5142-33396-0044_6829-68771-0004__T2__6829-6829-68771-0004__HSIMV2__4446-4446-2273-0022__SIRm3,6829,5142,10,0.0,0.0,0.0,0.0,0.0,40.473233786927594,15.438557816946258
5142-33396-0044_8455-210777-0070__T1__5142-5142-33396-0044__HSIMV2__4970-4970-29093-0014__SIRm3,5142,8455,7,0.0,0.0,0.0,0.0,0.0,47.05885552276387,18.788509015037985
5142-33396-0044_8455-210777-0070__T2__8455-8455-210777-0070__HSIMV2__1320-1320-122617-0039__SIRm3,8455,5142,10,0.0,0.0,0.0,0.0,0.0,48.425210396327614,18.83191327468588
5142-33396-0048_237-134493-0006__T1__5142-5142-33396-0048__HSIMV2__4970-4970-29095-0007__SIRm3,5142,237,6,0.0,0.0,0.0,0.0,0.0,45.65775584863453,14.667889309642394
5142-33396-0048_237-134493-0006__T2__237-237-134493-0006__HSIMV2__3575-3575-170457-0022__SIRm3,237,5142,7,0.0,0.0,0.0,0.0,0.0,56.071136934870836,20.63642538835128
5142-33396-0049_1089-134691-0022__T1__5142-5142-33396-0049__HSIMV2__4970-4970-29095-0017__SIRm3,5142,1089,5,0.0,0.0,0.0,0.0,0.0,52.401867582823435,21.63525612839112
5142-33396-0049_1089-134691-0022__T2__1089-1089-134691-0022__HSIMV2__8230-8230-279154-0027__SIRm3,1089,5142,10,0.0,0.0,0.0,0.0,0.0,52.256488153867714,17.53614478552805
5142-33396-0051_672-122797-0060__T1__5142-5142-33396-0051__HSIMV2__4970-4970-29095-0025__SIRm3,5142,672,6,0.0,0.0,0.0,0.0,0.0,55.19044045560283,18.27974948644288
5142-33396-0051_672-122797-0060__T2__672-672-122797-0060__HSIMV2__1320-1320-122617-0040__SIRm3,672,5142,5,1.0,1.0,1.0,1.0,1.0,-47.59533580069382,-25.920539699157704
5142-33396-0052_672-122797-0072__T1__5142-5142-33396-0052__HSIMV2__4970-4970-29095-0032__SIRm3,5142,672,10,0.6,0.5,0.4,0.7,0.4,-6.762065276709251,-1.6235364541554709
5142-33396-0052_672-122797-0072__T2__672-672-122797-0072__HSIMV2__1320-1320-122617-0005__SIRm3,672,5142,7,0.0,0.0,0.0,0.0,0.0,47.34533680151695,17.801341079332282
5142-33396-0052_908-31957-0002__T1__5142-5142-33396-0052__HSIMV2__4970-4970-29095-0001__SIRm3,5142,908,10,0.0,0.0,0.0,0.0,0.0,47.58948414366722,18.274673216991875
5142-33396-0052_908-31957-0002__T2__908-908-31957-0002__HSIMV2__7176-7176-92135-0039__SIRm3,908,5142,5,0.0,0.0,0.0,0.0,0.0,48.34786895316256,18.43228018782666
5142-33396-0053_260-123286-0002__T1__5142-5142-33396-0053__HSIMV2__4970-4970-29093-0013__SIRm3,5142,260,6,0.0,0.0,0.0,0.0,0.0,46.913524831897384,19.932324644651047
5142-33396-0053_260-123286-0002__T2__260-260-123286-0002__HSIMV2__6930-6930-75918-0010__SIRm3,260,5142,5,0.0,0.0,0.0,0.0,0.0,51.70367832478689,19.95943638275376
5142-33396-0053_3729-6852-0037__T1__5142-5142-33396-0053__HSIMV2__4970-4970-29095-0028__SIRm3,5142,3729,6,0.0,0.0,0.0,0.0,0.0,59.32981705590086,21.01993212106681
5142-33396-0053_3729-6852-0037__T2__3729-3729-6852-0037__HSIMV2__4507-4507-16021-0059__SIRm3,3729,5142,9,0.0,0.0,0.0,0.0,0.0,49.718938855898415,19.876080032452546
5142-33396-0054_1995-1836-0001__T1__5142-5142-33396-0054__HSIMV2__4970-4970-29095-0009__SIRm3,5142,1995,10,0.0,0.0,0.0,0.0,0.0,56.35732591540453,21.15946334819193
5142-33396-0054_1995-1836-0001__T2__1995-1995-1836-0001__HSIMV2__2094-2094-142345-0001__SIRm3,1995,5142,11,0.0,0.0,0.0,0.0,0.0,60.904623310615925,21.903114053715345
5142-33396-0056_237-126133-0010__T1__5142-5142-33396-0056__HSIMV2__4970-4970-29095-0034__SIRm3,5142,237,5,0.0,0.0,0.0,0.0,0.0,42.79550565634084,17.513701531900857
5142-33396-0056_237-126133-0010__T2__237-237-126133-0010__HSIMV2__1580-1580-141083-0027__SIRm3,237,5142,9,0.0,0.0,0.0,0.0,0.0,52.15749185553852,18.56503828689972
5142-33396-0057_1580-141083-0009__T1__5142-5142-33396-0057__HSIMV2__4970-4970-29095-0016__SIRm3,5142,1580,5,0.0,0.0,0.0,0.0,0.0,59.55995581787408,21.062004483616377
5142-33396-0057_1580-141083-0009__T2__1580-1580-141083-0009__HSIMV2__237-237-134500-0034__SIRm3,1580,5142,5,0.0,0.0,0.0,0.0,0.0,48.64346770301685,17.861674086880697
5142-33396-0057_6930-81414-0011__T1__5142-5142-33396-0057__HSIMV2__4970-4970-29095-0029__SIRm3,5142,6930,5,0.0,0.0,0.0,0.0,0.0,50.33201904247944,18.13495673479941
5142-33396-0057_6930-81414-0011__T2__6930-6930-81414-0011__HSIMV2__1320-1320-122612-0010__SIRm3,6930,5142,8,0.125,0.0,0.0,0.0,0.0,48.87684962841891,15.740911247081405
5142-33396-0057_7127-75946-0020__T1__5142-5142-33396-0057__HSIMV2__4970-4970-29095-0038__SIRm3,5142,7127,5,0.0,0.0,0.0,0.0,0.0,48.62836138317436,19.627055910098992
5142-33396-0057_7127-75946-0020__T2__7127-7127-75946-0020__HSIMV2__8455-8455-210777-0035__SIRm3,7127,5142,8,0.0,0.125,0.0,0.0,0.0,49.33004136490978,17.344519068502642
5142-33396-0057_7729-102255-0010__T1__5142-5142-33396-0057__HSIMV2__4970-4970-29093-0008__SIRm3,5142,7729,5,0.0,0.0,0.0,0.0,0.0,54.955387167579055,18.60794999855834
5142-33396-0057_7729-102255-0010__T2__7729-7729-102255-0010__HSIMV2__7176-7176-88083-0010__SIRm3,7729,5142,12,0.0,0.0,0.0,0.0,0.0,47.22008891716134,16.649818605510596
5142-33396-0058_908-157963-0006__T1__5142-5142-33396-0058__HSIMV2__4970-4970-29095-0025__SIRm3,5142,908,5,0.0,0.0,0.0,0.0,0.0,67.74248957673662,23.18820123695241
5142-33396-0058_908-157963-0006__T2__908-908-157963-0006__HSIMV2__7176-7176-88083-0003__SIRm3,908,5142,14,1.0,1.0,1.0,1.0,1.0,-49.60047534879617,-27.889315492582497
5142-33396-0059_237-134500-0027__T1__5142-5142-33396-0059__HSIMV2__4970-4970-29095-0020__SIRm3,5142,237,9,0.0,0.0,0.0,0.0,0.0,58.79969711327393,19.804857475198688
5142-33396-0059_237-134500-0027__T2__237-237-134500-0027__HSIMV2__5683-5683-32866-0008__SIRm3,237,5142,5,0.0,0.0,0.0,0.0,0.0,59.109607921819304,17.720236208112503
5142-33396-0059_6829-68769-0034__T1__5142-5142-33396-0059__HSIMV2__4970-4970-29095-0020__SIRm3,5142,6829,9,0.0,0.0,0.0,0.0,0.0,58.84749794816644,19.805028736880125
5142-33396-0059_6829-68769-0034__T2__6829-6829-68769-0034__HSIMV2__4446-4446-2275-0033__SIRm3,6829,5142,11,0.0,0.0,0.0,0.0,0.0,48.28312755915156,18.17734466954324
5142-33396-0059_6930-76324-0016__T1__5142-5142-33396-0059__HSIMV2__4970-4970-29095-0037__SIRm3,5142,6930,9,0.0,0.0,0.0,0.0,0.0,57.44177011229491,19.78793610427853
5142-33396-0059_6930-76324-0016__T2__6930-6930-76324-0016__HSIMV2__260-260-123288-0006__SIRm3,6930,5142,8,0.0,0.0,0.0,0.0,0.0,37.440444308252026,14.92798295442763
5142-33396-0064_8555-292519-0012__T1__5142-5142-33396-0064__HSIMV2__4970-4970-29093-0023__SIRm3,5142,8555,5,0.0,0.0,0.0,0.0,0.0,46.5641346354202,19.42482411340721
5142-33396-0064_8555-292519-0012__T2__8555-8555-292519-0012__HSIMV2__4970-4970-29095-0035__SIRm3,8555,5142,8,0.0,0.25,0.0,0.0,0.0,52.62401482006223,20.80007753821048
5142-33396-0065_121-127105-0032__T1__5142-5142-33396-0065__HSIMV2__4970-4970-29093-0002__SIRm3,5142,121,9,0.0,0.0,0.0,0.0,0.0,45.53067883079696,18.21920780689356
5142-33396-0065_121-127105-0032__T2__121-121-127105-0032__HSIMV2__237-237-134500-0031__SIRm3,121,5142,5,1.0,1.0,1.0,1.0,1.0,-45.77785098635253,-24.357795184466045
5142-33396-0067_1995-1836-0012__T1__5142-5142-33396-0067__HSIMV2__4970-4970-29093-0008__SIRm3,5142,1995,6,0.0,0.0,0.0,0.0,0.0,55.59082956919613,19.89247202585183
5142-33396-0067_1995-1836-0012__T2__1995-1995-1836-0012__HSIMV2__2094-2094-142345-0039__SIRm3,1995,5142,6,0.0,0.6666666666666666,0.0,0.0,0.0,46.525450742502834,20.75276615768124
5142-33396-0068_121-121726-0007__T1__5142-5142-33396-0068__HSIMV2__4970-4970-29095-0017__SIRm3,5142,121,6,0.0,0.0,0.0,0.0,0.0,52.20733015722126,21.47038660386586
5142-33396-0068_121-121726-0007__T2__121-121-121726-0007__HSIMV2__237-237-126133-0003__SIRm3,121,5142,11,1.0,1.0,1.0,1.0,1.0,-35.163954730272344,-16.034802790797524
5142-33396-0068_7127-75947-0013__T1__5142-5142-33396-0068__HSIMV2__4970-4970-29095-0028__SIRm3,5142,7127,7,0.0,0.0,0.0,0.0,0.0,50.20324132838982,20.8937285827774
5142-33396-0068_7127-75947-0013__T2__7127-7127-75947-0013__HSIMV2__8455-8455-210777-0023__SIRm3,7127,5142,8,0.125,0.125,0.125,0.0,0.0,48.0363737730396,18.689532019432587
5142-36377-0000_2094-142345-0044__T1__5142-5142-36377-0000__HSIMV2__4970-4970-29095-0020__SIRm3,5142,2094,5,0.0,0.0,0.0,0.0,0.0,47.455921004012495,19.257607094056464
5142-36377-0000_2094-142345-0044__T2__2094-2094-142345-0044__HSIMV2__3729-3729-6852-0041__SIRm3,2094,5142,6,0.0,0.0,0.0,0.0,0.0,50.569957035884585,19.504976928603
5142-36377-0001_1221-135767-0007__T1__5142-5142-36377-0001__HSIMV2__4970-4970-29093-0020__SIRm3,5142,1221,8,0.0,0.0,0.0,0.0,0.0,46.69555941515685,17.808875514283375
5142-36377-0001_1221-135767-0007__T2__1221-1221-135767-0007__HSIMV2__4992-4992-23283-0017__SIRm3,1221,5142,24,0.0,0.0,0.0,0.0,0.0,48.48271804698814,17.459552062955538
5142-36377-0001_4992-41797-0010__T1__5142-5142-36377-0001__HSIMV2__4970-4970-29095-0018__SIRm3,5142,4992,9,0.0,0.0,0.0,0.0,0.0,54.52195041792264,18.490914111537847
5142-36377-0001_4992-41797-0010__T2__4992-4992-41797-0010__HSIMV2__4446-4446-2275-0038__SIRm3,4992,5142,8,0.0,0.0,0.0,0.0,0.0,47.786249661874194,19.87209474266144
5142-36377-0001_5683-32866-0012__T1__5142-5142-36377-0001__HSIMV2__4970-4970-29095-0002__SIRm3,5142,5683,9,0.0,0.0,0.0,0.0,0.0,51.93126236711303,19.18425660516324
5142-36377-0001_5683-32866-0012__T2__5683-5683-32866-0012__HSIMV2__1221-1221-135766-0009__SIRm3,5683,5142,15,0.0,0.0,0.0,0.0,0.0,53.95587759508882,20.090387448106483
5142-36377-0002_6930-75918-0002__T1__5142-5142-36377-0002__HSIMV2__4970-4970-29095-0034__SIRm3,5142,6930,10,0.0,0.0,0.0,0.0,0.0,51.7789491193498,18.44620661709265
5142-36377-0002_6930-75918-0002__T2__6930-6930-75918-0002__HSIMV2__260-260-123286-0015__SIRm3,6930,5142,9,0.0,0.0,0.0,0.0,0.0,55.15625312394706,19.106203327662584
5142-36377-0003_1221-135767-0010__T1__5142-5142-36377-0003__HSIMV2__4970-4970-29095-0038__SIRm3,5142,1221,6,0.0,0.0,0.0,0.0,0.0,47.77671390881026,19.04040972243735
5142-36377-0003_1221-135767-0010__T2__1221-1221-135767-0010__HSIMV2__4992-4992-41797-0006__SIRm3,1221,5142,8,0.0,0.0,0.0,0.0,0.0,58.74970645514895,20.327008714045352
5142-36377-0003_1320-122612-0014__T1__5142-5142-36377-0003__HSIMV2__4970-4970-29093-0018__SIRm3,5142,1320,6,0.0,0.0,0.0,0.16666666666666666,0.0,16.149348434198004,8.20714902614997
5142-36377-0003_1320-122612-0014__T2__1320-1320-122612-0014__HSIMV2__8455-8455-210777-0055__SIRm3,1320,5142,6,0.0,0.0,0.0,0.0,0.0,58.91617574810004,17.063511494430582
5142-36377-0004_1580-141083-0004__T1__5142-5142-36377-0004__HSIMV2__4970-4970-29095-0026__SIRm3,5142,1580,9,0.0,0.0,0.0,0.0,0.0,52.01755493855141,19.210604772178435
5142-36377-0004_1580-141083-0004__T2__1580-1580-141083-0004__HSIMV2__1284-1284-1181-0019__SIRm3,1580,5142,5,0.0,0.0,0.0,0.0,0.0,54.438713635082024,19.16742653273433
5142-36377-0004_61-70968-0055__T1__5142-5142-36377-0004__HSIMV2__4970-4970-29093-0001__SIRm3,5142,61,9,0.0,0.0,0.0,0.0,0.0,55.09164339763162,20.081696392810755
5142-36377-0004_61-70968-0055__T2__61-61-70968-0055__HSIMV2__8230-8230-279154-0028__SIRm3,61,5142,6,0.0,0.0,0.0,0.0,0.0,49.8576708115738,16.999280049673878
5142-36377-0004_61-70970-0002__T1__5142-5142-36377-0004__HSIMV2__4970-4970-29095-0005__SIRm3,5142,61,8,0.0,0.0,0.0,0.0,0.0,51.39443571960735,18.696323465928483
5142-36377-0004_61-70970-0002__T2__61-61-70970-0002__HSIMV2__8230-8230-279154-0003__SIRm3,61,5142,5,0.0,0.0,0.0,0.0,0.0,48.781795947461056,18.19377401405128
5142-36377-0005_1221-135767-0022__T1__5142-5142-36377-0005__HSIMV2__4970-4970-29095-0022__SIRm3,5142,1221,8,0.0,0.0,0.0,0.0,0.0,52.43007120338203,18.54276424034776
5142-36377-0005_1221-135767-0022__T2__1221-1221-135767-0022__HSIMV2__4992-4992-41797-0014__SIRm3,1221,5142,13,0.0,0.0,0.0,0.0,0.0,51.39391887751609,18.42759621222096
5142-36377-0005_237-126133-0001__T1__5142-5142-36377-0005__HSIMV2__4970-4970-29093-0023__SIRm3,5142,237,13,0.0,0.0,0.0,0.0,0.0,49.01336848564459,18.09950734685558
5142-36377-0005_237-126133-0001__T2__237-237-126133-0001__HSIMV2__5683-5683-32866-0021__SIRm3,237,5142,14,0.0,0.0,0.0,0.0,0.0,47.03623042249584,18.089252530588457
5142-36377-0005_6930-81414-0019__T1__5142-5142-36377-0005__HSIMV2__4970-4970-29095-0002__SIRm3,5142,6930,9,0.0,0.0,0.0,0.0,0.0,46.82839602829898,16.01495055215154
5142-36377-0005_6930-81414-0019__T2__6930-6930-81414-0019__HSIMV2__260-260-123440-0014__SIRm3,6930,5142,5,0.0,0.0,0.0,0.0,0.0,54.9387138899182,19.304922166692585
5142-36377-0005_8455-210777-0019__T1__5142-5142-36377-0005__HSIMV2__4970-4970-29093-0011__SIRm3,5142,8455,13,0.0,0.0,0.0,0.0,0.0,45.495017573909976,16.845202560199965
5142-36377-0005_8455-210777-0019__T2__8455-8455-210777-0019__HSIMV2__1320-1320-122612-0000__SIRm3,8455,5142,15,0.06666666666666667,0.0,0.0,0.0,0.0,54.13749396156713,19.25346276059156
5142-36377-0006_1995-1837-0022__T1__5142-5142-36377-0006__HSIMV2__4970-4970-29093-0020__SIRm3,5142,1995,7,0.0,0.0,0.0,0.0,0.0,43.81320402879167,17.41199387103928
5142-36377-0006_1995-1837-0022__T2__1995-1995-1837-0022__HSIMV2__2094-2094-142345-0032__SIRm3,1995,5142,5,0.0,0.0,0.0,0.0,0.0,49.949438426554465,18.85977280055674
5142-36377-0006_61-70968-0045__T1__5142-5142-36377-0006__HSIMV2__4970-4970-29095-0005__SIRm3,5142,61,8,0.0,0.0,0.0,0.0,0.0,49.41689959029906,19.55557776589197
5142-36377-0006_61-70968-0045__T2__61-61-70968-0045__HSIMV2__8230-8230-279154-0006__SIRm3,61,5142,5,0.0,0.0,0.0,0.0,0.0,11.47263405211591,6.904148676475481
5142-36377-0006_8463-294828-0010__T1__5142-5142-36377-0006__HSIMV2__4970-4970-29093-0019__SIRm3,5142,8463,8,0.0,0.0,0.0,0.0,0.0,49.73615379086566,17.79284544066276
5142-36377-0006_8463-294828-0010__T2__8463-8463-294828-0010__HSIMV2__4992-4992-41806-0011__SIRm3,8463,5142,14,0.0,0.0,0.0,0.0,0.0,52.89024993305083,20.97235758163916
5142-36377-0007_2830-3979-0012__T1__5142-5142-36377-0007__HSIMV2__4970-4970-29095-0003__SIRm3,5142,2830,11,0.0,0.0,0.0,0.0,0.0,55.031220225544985,20.35732152661809
5142-36377-0007_2830-3979-0012__T2__2830-2830-3979-0012__HSIMV2__1188-1188-133604-0007__SIRm3,2830,5142,6,0.0,0.0,0.0,0.0,0.0,24.59983876583691,13.372536870083412
5142-36377-0009_1284-1180-0007__T1__5142-5142-36377-0009__HSIMV2__4970-4970-29095-0001__SIRm3,5142,1284,9,0.0,0.0,0.0,0.0,0.0,54.72475060207371,19.36362918516709
5142-36377-0009_1284-1180-0007__T2__1284-1284-1180-0007__HSIMV2__1580-1580-141083-0025__SIRm3,1284,5142,6,0.0,0.0,0.0,0.0,0.0,47.5695658473876,19.405963386124583
5142-36377-0009_4446-2273-0018__T1__5142-5142-36377-0009__HSIMV2__4970-4970-29093-0014__SIRm3,5142,4446,7,0.7142857142857143,0.2857142857142857,0.2857142857142857,0.5714285714285714,0.2857142857142857,-3.9921817014807814,-5.4351484437423085
5142-36377-0009_4446-2273-0018__T2__4446-4446-2273-0018__HSIMV2__4992-4992-41806-0009__SIRm3,4446,5142,5,0.0,0.0,0.0,0.0,0.0,49.899213602077545,18.149694519835894
5142-36377-0010_5105-28241-0003__T1__5142-5142-36377-0010__HSIMV2__4970-4970-29093-0018__SIRm3,5142,5105,7,0.0,0.0,0.0,0.0,0.0,38.11775936697011,8.330246058277003
5142-36377-0010_5105-28241-0003__T2__5105-5105-28241-0003__HSIMV2__1320-1320-122617-0016__SIRm3,5105,5142,6,0.0,0.0,0.0,0.0,0.0,46.99030562248345,19.30063685477282
5142-36377-0013_3729-6852-0040__T1__5142-5142-36377-0013__HSIMV2__4970-4970-29095-0032__SIRm3,5142,3729,12,0.08333333333333333,0.0,0.0,0.16666666666666666,0.0,29.290292526122045,4.271816343075902
5142-36377-0013_3729-6852-0040__T2__3729-3729-6852-0040__HSIMV2__4507-4507-16021-0034__SIRm3,3729,5142,20,0.0,0.0,0.0,0.0,0.0,52.04026226379567,19.98962691847052
5142-36377-0013_8455-210777-0009__T1__5142-5142-36377-0013__HSIMV2__4970-4970-29095-0008__SIRm3,5142,8455,5,0.0,0.0,0.0,0.0,0.0,42.060225697525155,18.62050304172012
5142-36377-0013_8455-210777-0009__T2__8455-8455-210777-0009__HSIMV2__1320-1320-122617-0000__SIRm3,8455,5142,8,0.0,0.0,0.0,0.0,0.0,51.219002717672545,19.4128048961482
5142-36377-0013_908-157963-0003__T1__5142-5142-36377-0013__HSIMV2__4970-4970-29093-0023__SIRm3,5142,908,12,0.0,0.0,0.0,0.0,0.0,44.96134377494494,17.347213030929527
5142-36377-0013_908-157963-0003__T2__908-908-157963-0003__HSIMV2__7176-7176-88083-0001__SIRm3,908,5142,5,1.0,1.0,1.0,1.0,1.0,-53.231612232093745,-30.90461867759043
5142-36377-0018_4970-29093-0010__T1__5142-5142-36377-0018__HSIMV2__4970-4970-29093-0008__SIRm3,5142,4970,6,0.0,0.0,0.0,0.0,0.0,38.34522855152272,16.30233011651537
5142-36377-0018_4970-29093-0010__T2__4970-4970-29093-0010__HSIMV2__6829-6829-68771-0035__SIRm3,4970,5142,7,0.0,0.0,0.0,0.0,0.0,56.542361054948096,19.70315783585854
5142-36377-0022_1089-134686-0006__T1__5142-5142-36377-0022__HSIMV2__4970-4970-29095-0035__SIRm3,5142,1089,8,0.0,0.0,0.0,0.0,0.0,47.44758501690674,18.674850478038906
5142-36377-0022_1089-134686-0006__T2__1089-1089-134686-0006__HSIMV2__8230-8230-279154-0024__SIRm3,1089,5142,11,0.0,0.0,0.0,0.0,0.0,54.553984400994004,18.40006063298141
5142-36377-0022_4992-41797-0015__T1__5142-5142-36377-0022__HSIMV2__4970-4970-29093-0022__SIRm3,5142,4992,11,0.0,0.0,0.0,0.0,0.0,44.44933249249943,17.912797571326564
5142-36377-0022_4992-41797-0015__T2__4992-4992-41797-0015__HSIMV2__4446-4446-2271-0017__SIRm3,4992,5142,16,0.0,0.0,0.0,0.0,0.0,48.69460259828986,18.54840600849134
5142-36377-0023_1320-122617-0019__T1__5142-5142-36377-0023__HSIMV2__4970-4970-29095-0038__SIRm3,5142,1320,10,0.0,0.0,0.0,0.0,0.0,48.893649264686516,19.308846503388644
5142-36377-0023_1320-122617-0019__T2__1320-1320-122617-0019__HSIMV2__5105-5105-28241-0019__SIRm3,1320,5142,9,0.0,0.1111111111111111,0.0,0.0,0.0,51.80324909554539,19.059242377525727
5142-36377-0023_1580-141084-0023__T1__5142-5142-36377-0023__HSIMV2__4970-4970-29095-0004__SIRm3,5142,1580,10,0.0,0.0,0.0,0.0,0.0,53.9957124824724,18.917942780653235
5142-36377-0023_1580-141084-0023__T2__1580-1580-141084-0023__HSIMV2__237-237-126133-0014__SIRm3,1580,5142,12,0.0,0.0,0.0,0.0,0.0,52.35273054092468,19.400761330574667
5142-36377-0023_2830-3979-0009__T1__5142-5142-36377-0023__HSIMV2__4970-4970-29095-0027__SIRm3,5142,2830,10,0.0,0.0,0.0,0.0,0.0,50.65774104649625,18.779864332526927
5142-36377-0023_2830-3979-0009__T2__2830-2830-3979-0009__HSIMV2__1188-1188-133604-0032__SIRm3,2830,5142,14,0.0,0.0,0.0,0.0,0.0,50.993599815652445,19.14765936273552
5142-36377-0023_7021-85628-0027__T1__5142-5142-36377-0023__HSIMV2__4970-4970-29095-0032__SIRm3,5142,7021,10,0.0,0.0,0.0,0.0,0.0,52.02008105458361,21.43530510152029
5142-36377-0023_7021-85628-0027__T2__7021-7021-85628-0027__HSIMV2__5105-5105-28233-0008__SIRm3,7021,5142,15,0.0,0.06666666666666667,0.0,0.0,0.0,48.68470869128627,19.203913641362035
5142-36377-0024_2961-961-0015__T1__5142-5142-36377-0024__HSIMV2__4970-4970-29093-0020__SIRm3,5142,2961,9,0.0,0.0,0.0,0.0,0.0,44.65595089442546,18.47724739515822
5142-36377-0024_2961-961-0015__T2__2961-2961-961-0015__HSIMV2__3570-3570-5694-0017__SIRm3,2961,5142,12,0.0,0.0,0.0,0.0,0.0,62.219742142172294,22.122554136147308
5142-36377-0024_6930-81414-0026__T1__5142-5142-36377-0024__HSIMV2__4970-4970-29095-0022__SIRm3,5142,6930,8,0.0,0.0,0.0,0.0,0.0,50.92733192350089,19.78870887485189
5142-36377-0024_6930-81414-0026__T2__6930-6930-81414-0026__HSIMV2__260-260-123288-0006__SIRm3,6930,5142,5,0.0,0.0,0.0,0.0,0.0,43.0152527604601,16.174596798992802
5142-36377-0025_1995-1836-0007__T1__5142-5142-36377-0025__HSIMV2__4970-4970-29095-0035__SIRm3,5142,1995,8,0.0,0.0,0.0,0.0,0.0,53.06929358556534,19.333529629803483
5142-36377-0025_1995-1836-0007__T2__1995-1995-1836-0007__HSIMV2__2094-2094-142345-0039__SIRm3,1995,5142,5,0.0,0.0,0.0,0.0,0.0,49.27178101741923,19.190558000286707
5142-36586-0003_260-123288-0002__T1__5142-5142-36586-0003__HSIMV2__4970-4970-29095-0037__SIRm3,5142,260,9,0.0,0.0,0.0,0.0,0.0,51.516800624567615,16.436132009592946
5142-36586-0003_260-123288-0002__T2__260-260-123288-0002__HSIMV2__6930-6930-81414-0022__SIRm3,260,5142,7,0.0,0.0,0.0,0.0,0.0,52.4076138706364,18.352457619006845
5142-36586-0003_5683-32879-0017__T1__5142-5142-36586-0003__HSIMV2__4970-4970-29095-0036__SIRm3,5142,5683,9,0.2222222222222222,0.2222222222222222,0.2222222222222222,0.0,0.0,19.667321194504765,5.921247671778115
5142-36586-0003_5683-32879-0017__T2__5683-5683-32879-0017__HSIMV2__237-237-134500-0011__SIRm3,5683,5142,5,0.0,0.0,0.0,0.0,0.0,49.87076363714913,14.915594326196738
5142-36586-0004_8230-279154-0040__T1__5142-5142-36586-0004__HSIMV2__4970-4970-29095-0031__SIRm3,5142,8230,6,0.0,0.0,0.0,0.0,0.0,40.42264592551597,16.100487553545157
5142-36586-0004_8230-279154-0040__T2__8230-8230-279154-0040__HSIMV2__61-61-70970-0018__SIRm3,8230,5142,8,0.125,0.125,0.125,0.0,0.0,48.015722580909284,17.14935689840211
5639-40744-0002_1995-1837-0003__T1__5639-5639-40744-0002__HSIMV2__1089-1089-134686-0031__SIRm3,5639,1995,12,0.0,0.0,0.0,0.0,0.0,54.58450242468942,21.200312535998464
5639-40744-0002_1995-1837-0003__T2__1995-1995-1837-0003__HSIMV2__2094-2094-142345-0050__SIRm3,1995,5639,7,0.0,0.0,0.0,0.0,0.0,44.96334859182837,18.82935055855013
5639-40744-0004_260-123286-0026__T1__5639-5639-40744-0004__HSIMV2__1089-1089-134686-0012__SIRm3,5639,260,22,0.0,0.0,0.0,0.0,0.0,56.47040960823049,20.16845787587849
5639-40744-0004_260-123286-0026__T2__260-260-123286-0026__HSIMV2__672-672-122797-0041__SIRm3,260,5639,6,0.0,0.0,0.0,0.0,0.0,55.51787396137913,17.91271046616899
5639-40744-0004_7127-75946-0017__T1__5639-5639-40744-0004__HSIMV2__1089-1089-134686-0025__SIRm3,5639,7127,12,0.0,0.0,0.0,0.0,0.0,50.91477944506806,18.29794943691384
5639-40744-0004_7127-75946-0017__T2__7127-7127-75946-0017__HSIMV2__8455-8455-210777-0062__SIRm3,7127,5639,5,0.0,0.0,0.0,0.0,0.0,44.45557660495051,17.653217844224336
5639-40744-0005_260-123288-0024__T1__5639-5639-40744-0005__HSIMV2__1089-1089-134686-0005__SIRm3,5639,260,9,0.0,0.0,0.0,0.0,0.0,50.74924440690901,19.01734779119541
5639-40744-0005_260-123288-0024__T2__260-260-123288-0024__HSIMV2__672-672-122797-0012__SIRm3,260,5639,14,0.0,0.0,0.0,0.0,0.0,47.55267788909142,16.906518301904136
5639-40744-0006_4446-2275-0041__T1__5639-5639-40744-0006__HSIMV2__1089-1089-134691-0008__SIRm3,5639,4446,15,0.0,0.0,0.0,0.0,0.0,53.31829209532468,20.323320982292667
5639-40744-0006_4446-2275-0041__T2__4446-4446-2275-0041__HSIMV2__1284-1284-1181-0005__SIRm3,4446,5639,6,0.0,0.0,0.0,0.0,0.0,44.572857011394596,18.35645310809544
5639-40744-0006_672-122797-0026__T1__5639-5639-40744-0006__HSIMV2__1089-1089-134686-0013__SIRm3,5639,672,14,0.0,0.0,0.0,0.0,0.0,52.56923723366253,18.496105884973485
5639-40744-0006_672-122797-0026__T2__672-672-122797-0026__HSIMV2__260-260-123286-0024__SIRm3,672,5639,5,0.0,0.0,0.0,0.0,0.0,42.64143538075592,16.784358997358616
5639-40744-0007_4970-29095-0023__T1__5639-5639-40744-0007__HSIMV2__1089-1089-134686-0006__SIRm3,5639,4970,10,0.0,0.0,0.0,0.0,0.0,60.47287752477373,20.048399683749626
5639-40744-0007_4970-29095-0023__T2__4970-4970-29095-0023__HSIMV2__8555-8555-284447-0022__SIRm3,4970,5639,6,0.0,0.16666666666666666,0.0,0.0,0.0,35.51288753061269,7.640436260231137
5639-40744-0010_2961-961-0018__T1__5639-5639-40744-0010__HSIMV2__1089-1089-134686-0001__SIRm3,5639,2961,5,0.0,0.0,0.0,0.0,0.0,41.75748347437905,16.54470434523094
5639-40744-0010_2961-961-0018__T2__2961-2961-961-0018__HSIMV2__3570-3570-5694-0022__SIRm3,2961,5639,7,0.0,0.0,0.0,0.0,0.0,54.97016933337541,17.660482738131037
5639-40744-0010_61-70968-0050__T1__5639-5639-40744-0010__HSIMV2__1089-1089-134691-0018__SIRm3,5639,61,5,0.0,0.0,0.0,0.0,0.0,56.15903839056085,21.58195972326721
5639-40744-0010_61-70968-0050__T2__61-61-70968-0050__HSIMV2__7176-7176-88083-0001__SIRm3,61,5639,10,0.0,0.0,0.0,0.0,0.0,43.319216267183045,15.801402834099076
5639-40744-0012_5683-32879-0021__T1__5639-5639-40744-0012__HSIMV2__1089-1089-134686-0002__SIRm3,5639,5683,12,0.0,0.0,0.0,0.0,0.0,55.7983952300113,19.333778118644663
5639-40744-0012_5683-32879-0021__T2__5683-5683-32879-0021__HSIMV2__237-237-134500-0013__SIRm3,5683,5639,7,0.0,0.0,0.0,0.0,0.0,52.36554469709555,20.105039610069507
5639-40744-0012_8555-292519-0011__T1__5639-5639-40744-0012__HSIMV2__1089-1089-134691-0022__SIRm3,5639,8555,10,0.0,0.0,0.0,0.0,0.0,52.441159160932706,19.47120991456502
5639-40744-0012_8555-292519-0011__T2__8555-8555-292519-0011__HSIMV2__4970-4970-29095-0037__SIRm3,8555,5639,5,0.0,0.0,0.0,0.0,0.0,60.69469086955219,23.31079141089301
5639-40744-0013_237-134500-0021__T1__5639-5639-40744-0013__HSIMV2__1089-1089-134686-0015__SIRm3,5639,237,10,0.0,0.0,0.0,0.0,0.0,54.49977900727056,20.398191494550552
5639-40744-0013_237-134500-0021__T2__237-237-134500-0021__HSIMV2__3575-3575-170457-0021__SIRm3,237,5639,7,0.0,0.0,0.0,0.0,0.0,53.12950957488412,20.716975408511853
5639-40744-0013_3570-5695-0014__T1__5639-5639-40744-0013__HSIMV2__1089-1089-134691-0012__SIRm3,5639,3570,12,0.0,0.0,0.0,0.0,0.0,50.177559548605466,18.02514239089245
5639-40744-0013_3570-5695-0014__T2__3570-3570-5695-0014__HSIMV2__4507-4507-16021-0017__SIRm3,3570,5639,20,0.0,0.0,0.0,0.0,0.0,57.05545790671547,21.733310389219607
5639-40744-0013_6829-68769-0039__T1__5639-5639-40744-0013__HSIMV2__1089-1089-134686-0001__SIRm3,5639,6829,5,0.0,0.0,0.0,0.0,0.0,52.80344956650081,20.00171810391696
5639-40744-0013_6829-68769-0039__T2__6829-6829-68769-0039__HSIMV2__4970-4970-29095-0007__SIRm3,6829,5639,7,0.2857142857142857,0.2857142857142857,0.2857142857142857,0.42857142857142855,0.2857142857142857,10.576642763275503,0.70565139194701
5639-40744-0014_1995-1837-0018__T1__5639-5639-40744-0014__HSIMV2__1089-1089-134691-0013__SIRm3,5639,1995,14,0.0,0.0,0.0,0.0,0.0,47.536526997413596,19.498685078430025
5639-40744-0014_1995-1837-0018__T2__1995-1995-1837-0018__HSIMV2__2094-2094-142345-0009__SIRm3,1995,5639,24,0.041666666666666664,0.0,0.0,0.0,0.0,58.62124852933723,22.425670708905155
5639-40744-0014_237-134493-0002__T1__5639-5639-40744-0014__HSIMV2__1089-1089-134686-0002__SIRm3,5639,237,12,0.0,0.0,0.0,0.0,0.0,42.6505461342741,17.221214824425633
5639-40744-0014_237-134493-0002__T2__237-237-134493-0002__HSIMV2__5683-5683-32879-0002__SIRm3,237,5639,21,0.0,0.0,0.0,0.0,0.0,53.165054832952514,21.02328024574853
5639-40744-0015_2961-961-0021__T1__5639-5639-40744-0015__HSIMV2__1089-1089-134691-0018__SIRm3,5639,2961,5,0.0,0.0,0.0,0.0,0.0,75.5463023580766,24.273476092922174
5639-40744-0015_2961-961-0021__T2__2961-2961-961-0021__HSIMV2__3570-3570-5695-0000__SIRm3,2961,5639,8,0.0,0.0,0.0,0.0,0.0,51.29632628879486,19.218765871378228
5639-40744-0015_5683-32866-0017__T1__5639-5639-40744-0015__HSIMV2__1089-1089-134686-0031__SIRm3,5639,5683,12,0.0,0.0,0.0,0.0,0.0,50.662391136766644,20.30604457901937
5639-40744-0015_5683-32866-0017__T2__5683-5683-32866-0017__HSIMV2__237-237-134500-0028__SIRm3,5683,5639,8,0.0,0.0,0.0,0.0,0.0,54.17652722434278,20.77892456989461
5639-40744-0016_2830-3980-0006__T1__5639-5639-40744-0016__HSIMV2__1089-1089-134691-0004__SIRm3,5639,2830,9,0.0,0.0,0.0,0.0,0.0,63.932496875391266,19.601250360858824
5639-40744-0016_2830-3980-0006__T2__2830-2830-3980-0006__HSIMV2__1188-1188-133604-0012__SIRm3,2830,5639,11,0.0,0.09090909090909091,0.0,0.0,0.0,52.0260172435934,18.203070575819154
5639-40744-0016_5142-36377-0002__T1__5639-5639-40744-0016__HSIMV2__1089-1089-134691-0010__SIRm3,5639,5142,5,0.0,0.0,0.0,0.0,0.0,67.76953642941433,20.03740154405505
5639-40744-0016_5142-36377-0002__T2__5142-5142-36377-0002__HSIMV2__4970-4970-29093-0018__SIRm3,5142,5639,10,0.0,0.0,0.0,0.0,0.0,49.52490487150454,19.094093667705348
5639-40744-0016_908-31957-0020__T1__5639-5639-40744-0016__HSIMV2__1089-1089-134686-0015__SIRm3,5639,908,10,0.0,0.0,0.0,0.0,0.0,57.874206062221106,20.55306951677648
5639-40744-0016_908-31957-0020__T2__908-908-31957-0020__HSIMV2__7176-7176-88083-0019__SIRm3,908,5639,10,0.0,0.0,0.0,0.0,0.0,48.01915968667886,18.28156317421728
5639-40744-0017_908-31957-0013__T1__5639-5639-40744-0017__HSIMV2__1089-1089-134691-0006__SIRm3,5639,908,10,0.0,0.0,0.0,0.0,0.0,55.040716240506754,18.44552189868566
5639-40744-0017_908-31957-0013__T2__908-908-31957-0013__HSIMV2__7176-7176-88083-0023__SIRm3,908,5639,11,0.0,0.0,0.0,0.0,0.0,46.74340112765337,17.908218944812518
5639-40744-0019_237-134500-0022__T1__5639-5639-40744-0019__HSIMV2__1089-1089-134686-0008__SIRm3,5639,237,12,0.0,0.0,0.0,0.0,0.0,48.97086588441945,18.22310322865592
5639-40744-0019_237-134500-0022__T2__237-237-134500-0022__HSIMV2__1580-1580-141083-0031__SIRm3,237,5639,9,0.0,0.0,0.0,0.0,0.0,51.47299928441032,20.08005276084752
5639-40744-0020_3570-5694-0009__T1__5639-5639-40744-0020__HSIMV2__1089-1089-134686-0021__SIRm3,5639,3570,12,0.0,0.0,0.0,0.0,0.0,52.10891835008636,19.236895700903915
5639-40744-0020_3570-5694-0009__T2__3570-3570-5694-0009__HSIMV2__4507-4507-16021-0034__SIRm3,3570,5639,21,0.047619047619047616,0.0,0.0,0.0,0.0,55.71044805777185,20.70232862545542
5639-40744-0020_7021-79740-0001__T1__5639-5639-40744-0020__HSIMV2__1089-1089-134691-0006__SIRm3,5639,7021,10,0.0,0.0,0.0,0.0,0.0,46.39189110455517,18.06753450256678
5639-40744-0020_7021-79740-0001__T2__7021-7021-79740-0001__HSIMV2__5105-5105-28240-0012__SIRm3,7021,5639,8,0.0,1.0,0.0,0.0,0.0,60.96964897263911,19.58543501453829
5639-40744-0020_7021-85628-0001__T1__5639-5639-40744-0020__HSIMV2__1089-1089-134686-0013__SIRm3,5639,7021,14,0.0,0.0,0.0,0.0,0.0,47.859170116080186,18.83744076333805
5639-40744-0020_7021-85628-0001__T2__7021-7021-85628-0001__HSIMV2__5105-5105-28240-0000__SIRm3,7021,5639,9,0.0,0.0,0.0,0.0,0.0,53.96519462750081,19.20021911168208
5639-40744-0021_7176-92135-0034__T1__5639-5639-40744-0021__HSIMV2__1089-1089-134686-0008__SIRm3,5639,7176,12,0.0,0.0,0.0,0.0,0.0,53.90345496659634,18.739556573333296
5639-40744-0021_7176-92135-0034__T2__7176-7176-92135-0034__HSIMV2__61-61-70968-0025__SIRm3,7176,5639,7,0.0,0.0,0.0,0.0,0.0,33.72765227661627,13.568080124402382
5639-40744-0023_672-122797-0016__T1__5639-5639-40744-0023__HSIMV2__1089-1089-134691-0002__SIRm3,5639,672,22,0.0,0.0,0.0,0.0,0.0,61.301299512524956,20.48011879671052
5639-40744-0023_672-122797-0016__T2__672-672-122797-0016__HSIMV2__260-260-123288-0017__SIRm3,672,5639,9,1.0,1.0,1.0,1.0,1.0,-37.1422208478183,-16.930885493337453
5639-40744-0025_6829-68769-0009__T1__5639-5639-40744-0025__HSIMV2__1089-1089-134686-0012__SIRm3,5639,6829,16,0.0,0.0,0.0,0.0,0.0,49.15144379391794,18.900010946820284
5639-40744-0025_6829-68769-0009__T2__6829-6829-68769-0009__HSIMV2__4446-4446-2271-0014__SIRm3,6829,5639,7,0.0,0.0,0.0,0.0,0.0,48.28814883768856,16.58085421805292
5639-40744-0025_8463-294825-0016__T1__5639-5639-40744-0025__HSIMV2__1089-1089-134691-0005__SIRm3,5639,8463,9,0.0,0.0,0.0,0.0,0.0,49.37244121893603,18.18464619328724
5639-40744-0025_8463-294825-0016__T2__8463-8463-294825-0016__HSIMV2__4992-4992-41797-0019__SIRm3,8463,5639,7,0.0,0.0,0.0,0.0,0.0,55.9095621370822,18.82333348267411
5639-40744-0028_4992-41797-0007__T1__5639-5639-40744-0028__HSIMV2__1089-1089-134686-0004__SIRm3,5639,4992,8,0.0,0.0,0.0,0.0,0.0,57.25851771645452,20.95166556271361
5639-40744-0028_4992-41797-0007__T2__4992-4992-41797-0007__HSIMV2__4446-4446-2271-0016__SIRm3,4992,5639,12,0.0,0.0,0.0,0.0,0.0,51.22923829625711,19.360435390275413
5639-40744-0029_1221-135766-0010__T1__5639-5639-40744-0029__HSIMV2__1089-1089-134686-0001__SIRm3,5639,1221,5,0.0,0.0,0.0,0.0,0.0,50.01344933405737,18.38019177429037
5639-40744-0029_1221-135766-0010__T2__1221-1221-135766-0010__HSIMV2__4992-4992-41797-0015__SIRm3,1221,5639,16,0.0,0.0,0.0,0.0,0.0,55.694544978053514,18.89225373989588
5639-40744-0029_1995-1837-0015__T1__5639-5639-40744-0029__HSIMV2__1089-1089-134691-0019__SIRm3,5639,1995,5,0.0,0.0,0.0,0.0,0.0,58.447496246004036,22.18351255180985
5639-40744-0029_1995-1837-0015__T2__1995-1995-1837-0015__HSIMV2__2094-2094-142345-0043__SIRm3,1995,5639,7,0.0,0.0,0.0,0.0,0.0,54.102596295401334,20.53369585569479
5639-40744-0029_5683-32865-0008__T1__5639-5639-40744-0029__HSIMV2__1089-1089-134686-0010__SIRm3,5639,5683,7,0.0,0.0,0.0,0.0,0.0,55.244909033910666,19.83200265159949
5639-40744-0029_5683-32865-0008__T2__5683-5683-32865-0008__HSIMV2__237-237-126133-0010__SIRm3,5683,5639,11,0.09090909090909091,0.0,0.0,0.0,0.0,29.16964987943355,16.250059526789105
5639-40744-0033_4446-2273-0035__T1__5639-5639-40744-0033__HSIMV2__1089-1089-134691-0002__SIRm3,5639,4446,17,0.0,0.0,0.0,0.0,0.0,53.97434494444364,19.31542641263996
5639-40744-0033_4446-2273-0035__T2__4446-4446-2273-0035__HSIMV2__1284-1284-1181-0002__SIRm3,4446,5639,6,0.0,0.0,0.0,0.0,0.0,50.160460822985804,19.729107807805345
5639-40744-0033_4446-2275-0034__T1__5639-5639-40744-0033__HSIMV2__1089-1089-134686-0025__SIRm3,5639,4446,12,0.0,0.0,0.0,0.0,0.0,57.387769559344974,18.883149057912856
5639-40744-0033_4446-2275-0034__T2__4446-4446-2275-0034__HSIMV2__1284-1284-1181-0012__SIRm3,4446,5639,5,0.0,0.0,0.0,0.0,0.0,49.54337215728699,17.826446579376746
5639-40744-0034_4507-16021-0058__T1__5639-5639-40744-0034__HSIMV2__1089-1089-134691-0018__SIRm3,5639,4507,5,0.0,0.0,0.0,0.0,0.0,58.446798220953916,22.585009215808288
5639-40744-0034_4507-16021-0058__T2__4507-4507-16021-0058__HSIMV2__3729-3729-6852-0002__SIRm3,4507,5639,5,0.0,0.0,0.0,0.0,0.0,61.4722680630551,18.435934722196905
5639-40744-0036_8224-274381-0003__T1__5639-5639-40744-0036__HSIMV2__1089-1089-134691-0020__SIRm3,5639,8224,6,0.0,0.0,0.0,0.0,0.0,57.323919807295255,19.05609543382492
5639-40744-0036_8224-274381-0003__T2__8224-8224-274381-0003__HSIMV2__8455-8455-210777-0053__SIRm3,8224,5639,12,0.0,0.0,0.0,0.0,0.0,51.2539476429403,18.002543124129332
5639-40744-0037_6930-76324-0002__T1__5639-5639-40744-0037__HSIMV2__1089-1089-134686-0022__SIRm3,5639,6930,21,0.0,0.0,0.0,0.0,0.0,56.32895979680037,20.38496750697169
5639-40744-0037_6930-76324-0002__T2__6930-6930-76324-0002__HSIMV2__260-260-123288-0017__SIRm3,6930,5639,9,0.0,0.0,0.0,0.0,0.0,44.88493520333991,17.19545041008868
5639-40744-0038_4446-2275-0042__T1__5639-5639-40744-0038__HSIMV2__1089-1089-134691-0017__SIRm3,5639,4446,22,0.0,0.0,0.0,0.0,0.0,53.954319714376226,19.809508965686824
5639-40744-0038_4446-2275-0042__T2__4446-4446-2275-0042__HSIMV2__1284-1284-1180-0031__SIRm3,4446,5639,8,0.0,0.0,0.0,0.0,0.0,52.29196815735133,19.86707388923456
5639-40744-0039_6930-81414-0009__T1__5639-5639-40744-0039__HSIMV2__1089-1089-134691-0025__SIRm3,5639,6930,15,0.0,0.0,0.0,0.0,0.0,50.48899935505538,17.456554175423992
5639-40744-0039_6930-81414-0009__T2__6930-6930-81414-0009__HSIMV2__260-260-123440-0008__SIRm3,6930,5639,6,0.0,0.0,0.0,0.0,0.0,49.384122118208985,18.73335037192404
5639-40744-0040_908-31957-0024__T1__5639-5639-40744-0040__HSIMV2__1089-1089-134691-0018__SIRm3,5639,908,5,0.0,0.0,0.0,0.0,0.0,56.51242561930983,22.230442468041005
5639-40744-0040_908-31957-0024__T2__908-908-31957-0024__HSIMV2__7176-7176-92135-0008__SIRm3,908,5639,7,0.5714285714285714,0.14285714285714285,0.14285714285714285,0.14285714285714285,0.0,15.897012048459032,4.469036822180076
5683-32865-0003_2961-961-0018__T1__5683-5683-32865-0003__HSIMV2__237-237-126133-0016__SIRm3,5683,2961,6,1.0,0.8333333333333334,0.8333333333333334,1.0,0.8333333333333334,-32.225616893266356,-20.34373325921585
5683-32865-0003_2961-961-0018__T2__2961-2961-961-0018__HSIMV2__3570-3570-5695-0015__SIRm3,2961,5683,9,0.0,0.0,0.0,0.0,0.0,55.75607404083126,19.454213459236936
5683-32865-0006_5142-33396-0043__T1__5683-5683-32865-0006__HSIMV2__237-237-126133-0013__SIRm3,5683,5142,5,1.0,1.0,1.0,1.0,1.0,-61.440775449719865,-36.83700154768944
5683-32865-0006_5142-33396-0043__T2__5142-5142-33396-0043__HSIMV2__4970-4970-29095-0009__SIRm3,5142,5683,6,0.0,0.0,0.0,0.0,0.0,53.79868300489206,20.48688219434069
5683-32865-0006_61-70970-0027__T1__5683-5683-32865-0006__HSIMV2__1221-1221-135766-0009__SIRm3,5683,61,5,0.0,0.0,0.0,0.0,0.0,47.899027813618396,17.324167847974387
5683-32865-0006_61-70970-0027__T2__61-61-70970-0027__HSIMV2__7176-7176-92135-0034__SIRm3,61,5683,7,0.0,0.0,0.0,0.0,0.0,47.14926992600844,15.70566050798748
5683-32865-0006_908-157963-0020__T1__5683-5683-32865-0006__HSIMV2__237-237-134500-0010__SIRm3,5683,908,5,1.0,1.0,1.0,1.0,1.0,-41.62733456500306,-23.87999730623472
5683-32865-0006_908-157963-0020__T2__908-908-157963-0020__HSIMV2__7176-7176-92135-0006__SIRm3,908,5683,14,0.0,0.0,0.0,0.0,0.0,37.556806872384854,18.1577052580308
5683-32865-0007_7176-88083-0011__T1__5683-5683-32865-0007__HSIMV2__237-237-134500-0012__SIRm3,5683,7176,11,0.0,0.0,0.0,0.0,0.0,28.54175895423378,13.08515353153517
5683-32865-0007_7176-88083-0011__T2__7176-7176-88083-0011__HSIMV2__61-61-70968-0046__SIRm3,7176,5683,6,0.3333333333333333,0.3333333333333333,0.3333333333333333,0.3333333333333333,0.3333333333333333,22.09262440987368,2.321028089979132
5683-32865-0008_1580-141084-0014__T1__5683-5683-32865-0008__HSIMV2__1221-1221-135767-0002__SIRm3,5683,1580,11,0.0,0.0,0.0,0.0,0.0,41.20138510119198,18.43915750775953
5683-32865-0008_1580-141084-0014__T2__1580-1580-141084-0014__HSIMV2__1284-1284-134647-0002__SIRm3,1580,5683,6,0.0,0.0,0.0,0.0,0.0,54.89950457207663,20.86669228829661
5683-32865-0008_2300-131720-0032__T1__5683-5683-32865-0008__HSIMV2__1221-1221-135767-0011__SIRm3,5683,2300,11,1.0,1.0,1.0,1.0,1.0,-43.08968911341431,-17.96363503844389
5683-32865-0008_2300-131720-0032__T2__2300-2300-131720-0032__HSIMV2__61-61-70968-0020__SIRm3,2300,5683,9,0.0,0.0,0.0,0.0,0.0,48.342138504161476,17.426536009423778
5683-32865-0009_1580-141084-0000__T1__5683-5683-32865-0009__HSIMV2__237-237-134500-0010__SIRm3,5683,1580,6,0.0,0.0,0.0,0.0,0.0,49.159190426968514,20.30602879710929
5683-32865-0009_1580-141084-0000__T2__1580-1580-141084-0000__HSIMV2__237-237-126133-0017__SIRm3,1580,5683,8,0.0,0.0,0.0,0.0,0.0,49.84842973783948,19.519703035504
5683-32865-0009_6829-68769-0016__T1__5683-5683-32865-0009__HSIMV2__237-237-126133-0000__SIRm3,5683,6829,18,1.0,1.0,1.0,1.0,1.0,-59.18350992627726,-34.17683874821136
5683-32865-0009_6829-68769-0016__T2__6829-6829-68769-0016__HSIMV2__4970-4970-29095-0018__SIRm3,6829,5683,7,0.0,0.0,0.0,0.0,0.0,54.49609007472243,20.9841960526512
5683-32865-0010_121-127105-0022__T1__5683-5683-32865-0010__HSIMV2__1221-1221-135767-0020__SIRm3,5683,121,5,1.0,1.0,1.0,1.0,1.0,-44.98622973080523,-25.027003839179976
5683-32865-0010_121-127105-0022__T2__121-121-127105-0022__HSIMV2__237-237-126133-0016__SIRm3,121,5683,7,0.0,0.0,0.0,0.0,0.0,59.3170895597854,21.46372210108524
5683-32865-0010_7176-92135-0024__T1__5683-5683-32865-0010__HSIMV2__1221-1221-135766-0004__SIRm3,5683,7176,11,0.0,0.0,0.0,0.0,0.0,52.52237467716032,18.951959404393364
5683-32865-0010_7176-92135-0024__T2__7176-7176-92135-0024__HSIMV2__61-61-70968-0047__SIRm3,7176,5683,7,0.0,0.14285714285714285,0.0,0.0,0.0,24.433949439353363,13.341777584477544
5683-32865-0011_4970-29095-0035__T1__5683-5683-32865-0011__HSIMV2__237-237-134500-0013__SIRm3,5683,4970,11,0.0,0.0,0.0,0.0,0.0,40.64762002731746,18.39186347860961
5683-32865-0011_4970-29095-0035__T2__4970-4970-29095-0035__HSIMV2__6829-6829-68771-0022__SIRm3,4970,5683,6,0.0,0.0,0.0,0.0,0.0,49.362019522107126,16.468480350332584
5683-32865-0011_7176-92135-0009__T1__5683-5683-32865-0011__HSIMV2__1221-1221-135767-0014__SIRm3,5683,7176,11,0.09090909090909091,0.0,0.0,0.0,0.0,31.71882575947993,16.51985647454323
5683-32865-0011_7176-92135-0009__T2__7176-7176-92135-0009__HSIMV2__61-61-70970-0018__SIRm3,7176,5683,7,0.14285714285714285,0.0,0.0,0.0,0.0,46.485951149862174,17.650284996097778
5683-32865-0013_3570-5694-0001__T1__5683-5683-32865-0013__HSIMV2__237-237-134500-0037__SIRm3,5683,3570,12,1.0,1.0,1.0,1.0,1.0,-52.92661846574382,-28.53978524429629
5683-32865-0013_3570-5694-0001__T2__3570-3570-5694-0001__HSIMV2__4507-4507-16021-0009__SIRm3,3570,5683,10,0.0,0.0,0.0,0.0,0.0,63.33922057290145,23.80210760374108
5683-32865-0013_5105-28240-0007__T1__5683-5683-32865-0013__HSIMV2__1221-1221-135766-0005__SIRm3,5683,5105,12,0.08333333333333333,0.0,0.0,0.0,0.0,54.50961687564961,20.443115666391872
5683-32865-0013_5105-28240-0007__T2__5105-5105-28240-0007__HSIMV2__7021-7021-79759-0002__SIRm3,5105,5683,8,0.0,0.0,0.0,0.0,0.0,54.443085904018815,20.01576299580533
5683-32865-0015_4970-29095-0016__T1__5683-5683-32865-0015__HSIMV2__1221-1221-135766-0000__SIRm3,5683,4970,6,0.0,0.0,0.0,0.0,0.0,45.78661567944018,18.48282652703838
5683-32865-0015_4970-29095-0016__T2__4970-4970-29095-0016__HSIMV2__8555-8555-284449-0006__SIRm3,4970,5683,6,0.0,0.0,0.0,0.0,0.0,54.21461985042822,22.782946286726364
5683-32865-0015_5639-40744-0015__T1__5683-5683-32865-0015__HSIMV2__237-237-134500-0037__SIRm3,5683,5639,6,1.0,1.0,1.0,1.0,1.0,-48.77072755331912,-26.04352101956121
5683-32865-0015_5639-40744-0015__T2__5639-5639-40744-0015__HSIMV2__1089-1089-134691-0018__SIRm3,5639,5683,5,0.0,0.0,0.0,0.0,0.0,75.54681405535823,24.268587625540768
5683-32865-0017_672-122797-0073__T1__5683-5683-32865-0017__HSIMV2__1221-1221-135767-0009__SIRm3,5683,672,9,0.0,0.0,0.0,0.0,0.0,42.64962308423479,17.325456834574172
5683-32865-0017_672-122797-0073__T2__672-672-122797-0073__HSIMV2__1320-1320-122612-0010__SIRm3,672,5683,15,0.06666666666666667,0.0,0.0,0.0,0.0,44.07499637545813,19.67953095530627
5683-32866-0001_1284-1180-0005__T1__5683-5683-32866-0001__HSIMV2__1221-1221-135766-0008__SIRm3,5683,1284,5,0.0,0.0,0.0,0.0,0.0,50.52279971810303,18.428413929514367
5683-32866-0001_1284-1180-0005__T2__1284-1284-1180-0005__HSIMV2__1580-1580-141083-0052__SIRm3,1284,5683,5,0.0,0.0,0.0,0.0,0.0,49.766626156017175,19.572852691892766
5683-32866-0001_5105-28241-0016__T1__5683-5683-32866-0001__HSIMV2__1221-1221-135767-0016__SIRm3,5683,5105,5,0.0,0.0,0.0,0.0,0.0,46.76747838843767,17.005115960613963
5683-32866-0001_5105-28241-0016__T2__5105-5105-28241-0016__HSIMV2__7021-7021-79730-0008__SIRm3,5105,5683,11,0.09090909090909091,0.0,0.0,0.0,0.0,53.72402187573278,18.336377360691326
5683-32866-0001_7729-102255-0027__T1__5683-5683-32866-0001__HSIMV2__237-237-134500-0026__SIRm3,5683,7729,5,0.0,0.0,0.0,0.0,0.0,43.86397779648688,17.28672775623686
5683-32866-0001_7729-102255-0027__T2__7729-7729-102255-0027__HSIMV2__7176-7176-92135-0043__SIRm3,7729,5683,10,0.0,0.0,0.0,0.0,0.0,51.335833478385894,18.507852940401925
5683-32866-0004_237-134500-0021__T1__5683-5683-32866-0004__HSIMV2__237-237-126133-0009__SIRm3,5683,237,6,0.0,0.0,0.0,0.0,0.0,42.70652312327485,21.31955700002642
5683-32866-0004_237-134500-0021__T2__237-237-134500-0021__HSIMV2__5683-5683-32866-0002__SIRm3,237,5683,9,0.0,0.0,0.0,0.0,0.0,57.77307617631098,19.08676849848036
5683-32866-0004_5105-28233-0001__T1__5683-5683-32866-0004__HSIMV2__1221-1221-135767-0005__SIRm3,5683,5105,10,0.0,0.0,0.0,0.0,0.0,48.61383024810074,19.492730516216906
5683-32866-0004_5105-28233-0001__T2__5105-5105-28233-0001__HSIMV2__7021-7021-85628-0010__SIRm3,5105,5683,7,0.0,0.0,0.0,0.0,0.0,51.574450685290266,18.663155315901225
5683-32866-0004_5105-28240-0002__T1__5683-5683-32866-0004__HSIMV2__237-237-134500-0003__SIRm3,5683,5105,5,0.0,0.0,0.0,0.0,0.0,63.62967120681977,20.376514917795777
5683-32866-0004_5105-28240-0002__T2__5105-5105-28240-0002__HSIMV2__1320-1320-122617-0006__SIRm3,5105,5683,7,0.0,0.0,0.0,0.0,0.0,46.95290518523853,18.266224984604538
5683-32866-0004_8224-274384-0009__T1__5683-5683-32866-0004__HSIMV2__1221-1221-135767-0016__SIRm3,5683,8224,17,0.058823529411764705,0.0,0.0,0.0,0.0,52.50579253218938,19.692249160618964
5683-32866-0004_8224-274384-0009__T2__8224-8224-274384-0009__HSIMV2__8455-8455-210777-0000__SIRm3,8224,5683,8,0.0,0.0,0.0,0.0,0.0,58.080964915142204,18.09040775392877
5683-32866-0005_1284-1181-0002__T1__5683-5683-32866-0005__HSIMV2__1221-1221-135766-0009__SIRm3,5683,1284,8,0.0,0.0,0.0,0.0,0.0,47.41014313918231,17.434769737650957
5683-32866-0005_1284-1181-0002__T2__1284-1284-1181-0002__HSIMV2__1580-1580-141083-0039__SIRm3,1284,5683,6,0.0,0.0,0.0,0.0,0.0,70.40397609296033,21.81786144386125
5683-32866-0006_61-70970-0033__T1__5683-5683-32866-0006__HSIMV2__237-237-126133-0003__SIRm3,5683,61,7,0.7142857142857143,0.5714285714285714,0.5714285714285714,0.5714285714285714,0.42857142857142855,-3.893898596504207,-0.2405290656395275
5683-32866-0006_61-70970-0033__T2__61-61-70970-0033__HSIMV2__8230-8230-279154-0012__SIRm3,61,5683,5,0.0,0.0,0.0,0.0,0.0,34.05186181831522,14.1329837426732
5683-32866-0006_8463-294828-0027__T1__5683-5683-32866-0006__HSIMV2__237-237-134493-0003__SIRm3,5683,8463,7,1.0,1.0,1.0,1.0,1.0,-35.738620581048956,-16.13733348147144
5683-32866-0006_8463-294828-0027__T2__8463-8463-294828-0027__HSIMV2__4992-4992-41806-0009__SIRm3,8463,5683,7,0.0,0.0,0.0,0.0,0.0,45.760317308542156,17.9603279179005
5683-32866-0007_237-126133-0010__T1__5683-5683-32866-0007__HSIMV2__1221-1221-135767-0001__SIRm3,5683,237,7,0.0,0.0,0.0,0.0,0.0,47.146426842100674,19.269328916806685
5683-32866-0007_237-126133-0010__T2__237-237-126133-0010__HSIMV2__3575-3575-170457-0024__SIRm3,237,5683,11,0.0,0.0,0.0,0.0,0.0,52.5033267538239,20.63194160961936
5683-32866-0008_6829-68769-0030__T1__5683-5683-32866-0008__HSIMV2__1221-1221-135767-0001__SIRm3,5683,6829,5,0.0,0.0,0.0,0.0,0.0,44.933132476838544,21.35074878515144
5683-32866-0008_6829-68769-0030__T2__6829-6829-68769-0030__HSIMV2__4446-4446-2271-0020__SIRm3,6829,5683,8,0.0,0.0,0.0,0.0,0.0,49.18121182371616,16.9468297689153
5683-32866-0009_5142-33396-0031__T1__5683-5683-32866-0009__HSIMV2__237-237-126133-0014__SIRm3,5683,5142,12,0.25,0.08333333333333333,0.08333333333333333,0.0,0.0,39.337029628094825,19.23018631453317
5683-32866-0009_5142-33396-0031__T2__5142-5142-33396-0031__HSIMV2__4970-4970-29095-0035__SIRm3,5142,5683,8,0.0,0.0,0.0,0.0,0.0,46.70754461473917,17.80165473916166
5683-32866-0009_6829-68769-0020__T1__5683-5683-32866-0009__HSIMV2__237-237-134500-0014__SIRm3,5683,6829,7,0.0,0.0,0.0,0.0,0.0,57.930081765362594,18.72590161625477
5683-32866-0009_6829-68769-0020__T2__6829-6829-68769-0020__HSIMV2__4970-4970-29093-0020__SIRm3,6829,5683,8,0.0,0.0,0.0,0.0,0.0,56.68103875641637,21.08782371846993
5683-32866-0010_7127-75946-0004__T1__5683-5683-32866-0010__HSIMV2__237-237-134500-0013__SIRm3,5683,7127,20,0.0,0.0,0.0,0.0,0.0,48.81443488734305,20.311408936773205
5683-32866-0010_7127-75946-0004__T2__7127-7127-75946-0004__HSIMV2__8455-8455-210777-0016__SIRm3,7127,5683,7,0.0,0.0,0.0,0.0,0.0,47.116964010773124,16.867471633943847
5683-32866-0011_3575-170457-0034__T1__5683-5683-32866-0011__HSIMV2__237-237-134493-0004__SIRm3,5683,3575,12,0.0,0.0,0.0,0.0,0.0,56.26159691874432,21.669045639938123
5683-32866-0011_3575-170457-0034__T2__3575-3575-170457-0034__HSIMV2__237-237-134500-0028__SIRm3,3575,5683,5,0.0,0.0,0.0,0.0,0.0,47.998961064576655,19.93059266270969
5683-32866-0011_4970-29095-0002__T1__5683-5683-32866-0011__HSIMV2__237-237-126133-0002__SIRm3,5683,4970,13,0.0,0.0,0.0,0.0,0.0,57.939159816920174,20.684377275176075
5683-32866-0011_4970-29095-0002__T2__4970-4970-29095-0002__HSIMV2__6829-6829-68771-0036__SIRm3,4970,5683,9,0.0,0.1111111111111111,0.0,0.0,0.0,51.21513682540743,20.26022335007209
5683-32866-0011_61-70968-0022__T1__5683-5683-32866-0011__HSIMV2__1221-1221-135767-0019__SIRm3,5683,61,6,0.0,0.0,0.0,0.0,0.0,57.38649080189174,21.57235134534841
5683-32866-0011_61-70968-0022__T2__61-61-70968-0022__HSIMV2__7176-7176-92135-0013__SIRm3,61,5683,5,0.0,0.0,0.0,0.0,0.0,46.24106614464783,15.228869649631925
5683-32866-0012_121-121726-0001__T1__5683-5683-32866-0012__HSIMV2__237-237-134493-0003__SIRm3,5683,121,15,0.8,0.6666666666666666,0.6666666666666666,0.8,0.6666666666666666,-5.917659038922468,0.2826826366220203
5683-32866-0012_121-121726-0001__T2__121-121-121726-0001__HSIMV2__237-237-134500-0040__SIRm3,121,5683,6,0.0,1.0,0.0,0.0,0.0,65.7783548296177,22.58126834412716
5683-32866-0012_121-127105-0024__T1__5683-5683-32866-0012__HSIMV2__237-237-134500-0027__SIRm3,5683,121,5,0.0,0.0,0.0,0.0,0.0,52.43316864149144,21.76258753657853
5683-32866-0012_121-127105-0024__T2__121-121-127105-0024__HSIMV2__237-237-126133-0006__SIRm3,121,5683,11,0.0,0.0,0.0,0.0,0.0,47.399237096217576,20.294812495679444
5683-32866-0013_6829-68771-0005__T1__5683-5683-32866-0013__HSIMV2__237-237-126133-0009__SIRm3,5683,6829,6,0.0,0.0,0.0,0.0,0.0,51.21196504550263,19.986259850691617
5683-32866-0013_6829-68771-0005__T2__6829-6829-68771-0005__HSIMV2__4970-4970-29095-0037__SIRm3,6829,5683,11,0.0,0.0,0.0,0.0,0.0,56.27009199974063,17.64357955448404
5683-32866-0013_8555-284447-0024__T1__5683-5683-32866-0013__HSIMV2__237-237-134500-0023__SIRm3,5683,8555,5,0.0,0.0,0.0,0.0,0.0,53.70663316107171,22.07412399759773
5683-32866-0013_8555-284447-0024__T2__8555-8555-284447-0024__HSIMV2__4970-4970-29093-0001__SIRm3,8555,5683,8,0.0,0.0,0.0,0.0,0.0,47.0231740353553,22.049144344369445
5683-32866-0016_3570-5696-0010__T1__5683-5683-32866-0016__HSIMV2__1221-1221-135767-0020__SIRm3,5683,3570,5,0.0,0.0,0.0,0.0,0.0,42.76778632112408,16.4175634961595
5683-32866-0016_3570-5696-0010__T2__3570-3570-5696-0010__HSIMV2__4507-4507-16021-0058__SIRm3,3570,5683,5,0.0,0.0,0.0,0.0,0.0,54.77607462584665,20.597946672663745
5683-32866-0016_4507-16021-0030__T1__5683-5683-32866-0016__HSIMV2__237-237-134493-0011__SIRm3,5683,4507,8,0.0,0.0,0.0,0.0,0.0,58.96437477313212,20.119414016465416
5683-32866-0016_4507-16021-0030__T2__4507-4507-16021-0030__HSIMV2__3729-3729-6852-0039__SIRm3,4507,5683,16,0.0,0.0,0.0,0.0,0.0,48.881929464452575,19.26844719384191
5683-32866-0016_8555-284449-0019__T1__5683-5683-32866-0016__HSIMV2__1221-1221-135767-0010__SIRm3,5683,8555,8,0.0,0.0,0.0,0.0,0.0,58.935162621688626,20.43453537248845
5683-32866-0016_8555-284449-0019__T2__8555-8555-284449-0019__HSIMV2__4970-4970-29095-0025__SIRm3,8555,5683,6,0.0,0.0,0.0,0.0,0.0,65.8531216817694,22.65187944111553
5683-32866-0017_1580-141083-0053__T1__5683-5683-32866-0017__HSIMV2__237-237-134493-0018__SIRm3,5683,1580,8,0.0,0.0,0.0,0.0,0.0,55.83421922185328,19.59880485658301
5683-32866-0017_1580-141083-0053__T2__1580-1580-141083-0053__HSIMV2__237-237-126133-0019__SIRm3,1580,5683,7,0.14285714285714285,0.0,0.0,0.0,0.0,49.60714364807944,17.12235176276978
5683-32866-0017_8455-210777-0024__T1__5683-5683-32866-0017__HSIMV2__237-237-126133-0007__SIRm3,5683,8455,8,0.125,0.0,0.0,0.0,0.0,46.86510415374158,20.76919525918641
5683-32866-0017_8455-210777-0024__T2__8455-8455-210777-0024__HSIMV2__1320-1320-122612-0013__SIRm3,8455,5683,12,0.08333333333333333,0.0,0.0,0.0,0.0,51.750700273805315,19.58355448313387
5683-32866-0018_1089-134686-0002__T1__5683-5683-32866-0018__HSIMV2__1221-1221-135766-0013__SIRm3,5683,1089,6,0.0,0.0,0.0,0.0,0.0,48.55956590628342,19.42164175820581
5683-32866-0018_1089-134686-0002__T2__1089-1089-134686-0002__HSIMV2__8230-8230-279154-0035__SIRm3,1089,5683,12,0.0,0.0,0.0,0.0,0.0,52.93076922950009,17.838047375253467
5683-32866-0018_1995-1837-0026__T1__5683-5683-32866-0018__HSIMV2__237-237-134500-0015__SIRm3,5683,1995,9,0.0,0.0,0.0,0.0,0.0,38.33322832907916,19.81932524290508
5683-32866-0018_1995-1837-0026__T2__1995-1995-1837-0026__HSIMV2__2094-2094-142345-0033__SIRm3,1995,5683,15,0.0,0.0,0.0,0.0,0.0,53.01202040962639,22.087362018171028
5683-32866-0018_8463-294825-0012__T1__5683-5683-32866-0018__HSIMV2__237-237-134500-0014__SIRm3,5683,8463,7,0.0,0.0,0.0,0.0,0.0,50.300765529165965,18.65434329487213
5683-32866-0018_8463-294825-0012__T2__8463-8463-294825-0012__HSIMV2__4992-4992-41806-0007__SIRm3,8463,5683,10,0.0,0.0,0.0,0.0,0.0,55.68151498352394,20.04568395162112
5683-32866-0020_1188-133604-0020__T1__5683-5683-32866-0020__HSIMV2__237-237-134493-0001__SIRm3,5683,1188,6,0.16666666666666666,0.0,0.0,0.0,0.0,43.43211003193226,18.326990988241626
5683-32866-0020_1188-133604-0020__T2__1188-1188-133604-0020__HSIMV2__2830-2830-3980-0029__SIRm3,1188,5683,17,0.0,0.058823529411764705,0.0,0.0,0.0,53.051950289113734,19.260567774486624
5683-32866-0020_8463-294828-0032__T1__5683-5683-32866-0020__HSIMV2__237-237-134500-0027__SIRm3,5683,8463,5,0.0,0.0,0.0,0.0,0.0,47.331288205054406,18.426361105923817
5683-32866-0020_8463-294828-0032__T2__8463-8463-294828-0032__HSIMV2__4992-4992-41806-0008__SIRm3,8463,5683,7,0.0,0.0,0.0,0.0,0.0,54.916131347534744,19.509820604730454
5683-32866-0021_672-122797-0050__T1__5683-5683-32866-0021__HSIMV2__1221-1221-135767-0001__SIRm3,5683,672,14,0.0,0.0,0.0,0.0,0.0,48.51557611904028,18.287830529116764
5683-32866-0021_672-122797-0050__T2__672-672-122797-0050__HSIMV2__1320-1320-122612-0015__SIRm3,672,5683,8,0.625,1.0,0.625,0.875,0.5,-7.548913238750794,-1.620332146717665
5683-32866-0021_8463-294828-0037__T1__5683-5683-32866-0021__HSIMV2__237-237-134500-0000__SIRm3,5683,8463,11,0.0,0.0,0.0,0.0,0.0,55.776025985343296,18.864723970771728
5683-32866-0021_8463-294828-0037__T2__8463-8463-294828-0037__HSIMV2__4992-4992-23283-0016__SIRm3,8463,5683,7,0.0,0.0,0.0,0.0,0.0,55.35184680315268,18.84736602909019
5683-32866-0022_3729-6852-0027__T1__5683-5683-32866-0022__HSIMV2__237-237-126133-0007__SIRm3,5683,3729,5,0.0,0.0,0.0,0.0,0.0,34.906582324199,16.646504512545466
5683-32866-0022_3729-6852-0027__T2__3729-3729-6852-0027__HSIMV2__4507-4507-16021-0010__SIRm3,3729,5683,5,0.0,0.0,0.0,0.0,0.0,54.175824003217585,19.751880804708463
5683-32866-0022_4970-29093-0014__T1__5683-5683-32866-0022__HSIMV2__237-237-126133-0008__SIRm3,5683,4970,5,0.0,0.0,0.0,0.0,0.0,43.81545309565432,16.15267649776035
5683-32866-0022_4970-29093-0014__T2__4970-4970-29093-0014__HSIMV2__6829-6829-68771-0005__SIRm3,4970,5683,7,0.0,0.0,0.0,0.0,0.0,50.99599534888056,19.93766176064879
5683-32866-0024_1580-141083-0031__T1__5683-5683-32866-0024__HSIMV2__237-237-126133-0018__SIRm3,5683,1580,7,0.0,0.0,0.0,0.0,0.0,57.66481306345497,20.57331032728442
5683-32866-0024_1580-141083-0031__T2__1580-1580-141083-0031__HSIMV2__237-237-126133-0012__SIRm3,1580,5683,7,0.0,0.0,0.0,0.0,0.0,51.12899949642567,19.48984813974928
5683-32866-0024_6930-76324-0021__T1__5683-5683-32866-0024__HSIMV2__237-237-134500-0033__SIRm3,5683,6930,11,0.0,0.0,0.0,0.0,0.0,60.93841181664015,20.054962919615487
5683-32866-0024_6930-76324-0021__T2__6930-6930-76324-0021__HSIMV2__260-260-123288-0012__SIRm3,6930,5683,6,0.0,0.0,0.0,0.0,0.0,54.20615160121301,19.62086967803362
5683-32866-0025_1995-1837-0019__T1__5683-5683-32866-0025__HSIMV2__237-237-134493-0016__SIRm3,5683,1995,5,0.0,0.0,0.0,0.0,0.0,58.592124272579575,21.74662679903102
5683-32866-0025_1995-1837-0019__T2__1995-1995-1837-0019__HSIMV2__2094-2094-142345-0057__SIRm3,1995,5683,9,0.0,0.0,0.0,0.0,0.0,37.371632422390604,17.353208205306405
5683-32866-0025_2830-3980-0063__T1__5683-5683-32866-0025__HSIMV2__237-237-134500-0034__SIRm3,5683,2830,5,0.0,0.0,0.0,0.0,0.0,49.021285186143885,19.822589731545182
5683-32866-0025_2830-3980-0063__T2__2830-2830-3980-0063__HSIMV2__1188-1188-133604-0020__SIRm3,2830,5683,9,0.0,0.0,0.0,0.0,0.0,46.170328445136306,16.928902503663302
5683-32866-0027_2830-3980-0030__T1__5683-5683-32866-0027__HSIMV2__1221-1221-135767-0002__SIRm3,5683,2830,8,0.0,0.0,0.0,0.0,0.0,51.33401803654469,18.74299814698009
5683-32866-0027_2830-3980-0030__T2__2830-2830-3980-0030__HSIMV2__1188-1188-133604-0024__SIRm3,2830,5683,9,0.0,0.0,0.0,0.0,0.0,59.50661195430962,17.522157794034587
5683-32866-0027_5639-40744-0000__T1__5683-5683-32866-0027__HSIMV2__237-237-134493-0013__SIRm3,5683,5639,7,0.0,0.0,0.0,0.0,0.0,49.61397010640585,19.13426970253529
5683-32866-0027_5639-40744-0000__T2__5639-5639-40744-0000__HSIMV2__1089-1089-134691-0006__SIRm3,5639,5683,10,0.0,0.0,0.0,0.0,0.0,47.136372004696575,17.66451399992543
5683-32866-0027_7021-85628-0027__T1__5683-5683-32866-0027__HSIMV2__237-237-126133-0013__SIRm3,5683,7021,8,0.0,0.0,0.0,0.0,0.0,62.6367836883111,20.87485394069177
5683-32866-0027_7021-85628-0027__T2__7021-7021-85628-0027__HSIMV2__5105-5105-28240-0008__SIRm3,7021,5683,15,0.0,0.0,0.0,0.0,0.0,53.83289722187165,19.24973129611012
5683-32866-0028_1089-134691-0005__T1__5683-5683-32866-0028__HSIMV2__1221-1221-135767-0020__SIRm3,5683,1089,5,0.0,0.0,0.0,0.0,0.0,43.03131311051918,17.114973730832716
5683-32866-0028_1089-134691-0005__T2__1089-1089-134691-0005__HSIMV2__8230-8230-279154-0018__SIRm3,1089,5683,9,0.0,0.0,0.0,0.0,0.0,49.76898259072667,18.497942863082244
5683-32866-0028_1995-1837-0015__T1__5683-5683-32866-0028__HSIMV2__237-237-134500-0006__SIRm3,5683,1995,7,0.0,0.0,0.0,0.0,0.0,36.698355892084706,18.37370259842332
5683-32866-0028_1995-1837-0015__T2__1995-1995-1837-0015__HSIMV2__2094-2094-142345-0050__SIRm3,1995,5683,7,0.0,0.0,0.0,0.0,0.0,49.87239234001503,20.02112183616192
5683-32866-0028_6829-68769-0001__T1__5683-5683-32866-0028__HSIMV2__237-237-126133-0006__SIRm3,5683,6829,10,1.0,1.0,1.0,1.0,1.0,-33.15609851586864,-15.223978522549318
5683-32866-0028_6829-68769-0001__T2__6829-6829-68769-0001__HSIMV2__4970-4970-29095-0027__SIRm3,6829,5683,17,0.0,0.0,0.0,0.0,0.0,46.01002435775944,14.377777770031834
5683-32879-0000_3729-6852-0002__T1__5683-5683-32879-0000__HSIMV2__237-237-134500-0033__SIRm3,5683,3729,11,0.0,0.0,0.0,0.0,0.0,54.88871927686026,21.54780869306697
5683-32879-0000_3729-6852-0002__T2__3729-3729-6852-0002__HSIMV2__4507-4507-16021-0049__SIRm3,3729,5683,10,0.0,0.0,0.0,0.0,0.0,57.58081525639464,21.47645683693589
5683-32879-0002_2830-3980-0067__T1__5683-5683-32879-0002__HSIMV2__237-237-134493-0001__SIRm3,5683,2830,13,0.0,0.0,0.0,0.0,0.0,51.06657761906377,20.95036686063385
5683-32879-0002_2830-3980-0067__T2__2830-2830-3980-0067__HSIMV2__1188-1188-133604-0017__SIRm3,2830,5683,8,0.0,0.0,0.0,0.0,0.0,39.55197936616349,16.256987872317406
5683-32879-0003_1995-1826-0013__T1__5683-5683-32879-0003__HSIMV2__1221-1221-135767-0018__SIRm3,5683,1995,17,0.0,0.0,0.0,0.0,0.0,47.16124238011304,17.0267980057333
5683-32879-0003_1995-1826-0013__T2__1995-1995-1826-0013__HSIMV2__2094-2094-142345-0053__SIRm3,1995,5683,5,0.0,0.0,0.0,0.0,0.0,63.696758787353716,22.35336382915933
5683-32879-0003_5142-33396-0035__T1__5683-5683-32879-0003__HSIMV2__237-237-126133-0023__SIRm3,5683,5142,12,0.0,0.0,0.0,0.0,0.0,51.82507571734138,18.39007422624877
5683-32879-0003_5142-33396-0035__T2__5142-5142-33396-0035__HSIMV2__4970-4970-29093-0015__SIRm3,5142,5683,5,0.8,0.8,0.8,0.8,0.8,-18.62810680866226,-4.781534951319905
5683-32879-0004_3575-170457-0010__T1__5683-5683-32879-0004__HSIMV2__237-237-134500-0023__SIRm3,5683,3575,5,0.2,0.0,0.0,0.0,0.0,43.64358585295746,14.084830184764966
5683-32879-0004_3575-170457-0010__T2__3575-3575-170457-0010__HSIMV2__237-237-126133-0023__SIRm3,3575,5683,8,0.0,0.0,0.0,0.0,0.0,51.58559283707816,19.22685168027881
5683-32879-0004_5105-28240-0022__T1__5683-5683-32879-0004__HSIMV2__237-237-126133-0018__SIRm3,5683,5105,7,0.14285714285714285,0.0,0.0,0.0,0.0,59.81502818860198,21.271352305238867
5683-32879-0004_5105-28240-0022__T2__5105-5105-28240-0022__HSIMV2__1320-1320-122617-0026__SIRm3,5105,5683,8,0.0,0.0,0.0,0.0,0.0,43.13478135174122,18.72395608451723
5683-32879-0004_6930-81414-0013__T1__5683-5683-32879-0004__HSIMV2__1221-1221-135766-0008__SIRm3,5683,6930,20,0.0,0.0,0.0,0.0,0.0,45.322562479903276,17.276501232971
5683-32879-0004_6930-81414-0013__T2__6930-6930-81414-0013__HSIMV2__260-260-123440-0018__SIRm3,6930,5683,6,0.0,0.0,0.0,0.0,0.0,52.84292169258867,19.12300783123677
5683-32879-0005_1995-1826-0000__T1__5683-5683-32879-0005__HSIMV2__237-237-134493-0017__SIRm3,5683,1995,11,0.0,0.0,0.0,0.0,0.0,57.45922980844901,21.218990400152265
5683-32879-0005_1995-1826-0000__T2__1995-1995-1826-0000__HSIMV2__2094-2094-142345-0049__SIRm3,1995,5683,11,0.0,0.0,0.0,0.0,0.0,46.83347063149345,19.97747837359609
5683-32879-0005_260-123288-0001__T1__5683-5683-32879-0005__HSIMV2__237-237-134493-0006__SIRm3,5683,260,7,0.14285714285714285,0.0,0.0,0.0,0.0,51.234756420523745,22.17875387959231
5683-32879-0005_260-123288-0001__T2__260-260-123288-0001__HSIMV2__672-672-122797-0003__SIRm3,260,5683,7,0.0,0.2857142857142857,0.0,0.0,0.0,48.24499954173358,18.828331203113684
5683-32879-0006_3575-170457-0035__T1__5683-5683-32879-0006__HSIMV2__237-237-134500-0008__SIRm3,5683,3575,6,0.0,0.0,0.0,0.0,0.0,51.17295627543149,21.485438072910547
5683-32879-0006_3575-170457-0035__T2__3575-3575-170457-0035__HSIMV2__237-237-126133-0014__SIRm3,3575,5683,12,0.0,0.0,0.0,0.0,0.0,48.53728933951419,16.37638697730851
5683-32879-0006_6829-68771-0035__T1__5683-5683-32879-0006__HSIMV2__237-237-134500-0034__SIRm3,5683,6829,5,0.0,0.0,0.0,0.0,0.0,50.1193195100596,19.63985122770988
5683-32879-0006_6829-68771-0035__T2__6829-6829-68771-0035__HSIMV2__4970-4970-29095-0009__SIRm3,6829,5683,7,0.0,0.0,0.0,0.0,0.0,48.66708186504051,19.14338896510913
5683-32879-0007_5142-33396-0019__T1__5683-5683-32879-0007__HSIMV2__237-237-134493-0004__SIRm3,5683,5142,12,0.0,0.0,0.0,0.0,0.0,58.064960643131904,19.990163705710508
5683-32879-0007_5142-33396-0019__T2__5142-5142-33396-0019__HSIMV2__4970-4970-29095-0032__SIRm3,5142,5683,8,0.0,0.0,0.0,0.0,0.0,43.70647123411544,17.400038247529586
5683-32879-0007_6829-68771-0011__T1__5683-5683-32879-0007__HSIMV2__237-237-126133-0016__SIRm3,5683,6829,7,0.0,0.0,0.0,0.0,0.0,53.81107777292492,19.25364112269305
5683-32879-0007_6829-68771-0011__T2__6829-6829-68771-0011__HSIMV2__4970-4970-29095-0034__SIRm3,6829,5683,10,0.0,0.0,0.0,0.0,0.0,49.379640908291904,17.552535104655686
5683-32879-0007_8455-210777-0025__T1__5683-5683-32879-0007__HSIMV2__1221-1221-135767-0022__SIRm3,5683,8455,12,0.0,0.0,0.0,0.0,0.0,43.53221814871505,17.40959303556402
5683-32879-0007_8455-210777-0025__T2__8455-8455-210777-0025__HSIMV2__1320-1320-122612-0008__SIRm3,8455,5683,6,0.16666666666666666,0.0,0.0,0.0,0.0,44.690075752236005,19.346272108500497
5683-32879-0009_2961-960-0018__T1__5683-5683-32879-0009__HSIMV2__237-237-134493-0018__SIRm3,5683,2961,8,0.0,0.0,0.0,0.0,0.0,45.961256716078225,18.636597594091626
5683-32879-0009_2961-960-0018__T2__2961-2961-960-0018__HSIMV2__3570-3570-5694-0003__SIRm3,2961,5683,15,0.0,0.0,0.0,0.0,0.0,56.95528477625724,20.65149532755383
5683-32879-0009_7176-88083-0020__T1__5683-5683-32879-0009__HSIMV2__1221-1221-135766-0012__SIRm3,5683,7176,9,0.0,0.0,0.0,0.0,0.0,33.39553078972175,17.40835883942075
5683-32879-0009_7176-88083-0020__T2__7176-7176-88083-0020__HSIMV2__61-61-70970-0024__SIRm3,7176,5683,9,0.0,0.0,0.0,0.0,0.0,47.29544751020157,16.298460451420585
5683-32879-0009_7729-102255-0014__T1__5683-5683-32879-0009__HSIMV2__1221-1221-135766-0012__SIRm3,5683,7729,9,0.0,0.0,0.0,0.0,0.0,34.202694714335934,17.64173161598125
5683-32879-0009_7729-102255-0014__T2__7729-7729-102255-0014__HSIMV2__7176-7176-92135-0000__SIRm3,7729,5683,9,0.0,0.0,0.0,0.0,0.0,56.96564508040741,17.86744196319089
5683-32879-0010_7127-75947-0032__T1__5683-5683-32879-0010__HSIMV2__237-237-134500-0003__SIRm3,5683,7127,5,0.2,0.0,0.0,0.0,0.0,47.267808653795534,12.297906153029633
5683-32879-0010_7127-75947-0032__T2__7127-7127-75947-0032__HSIMV2__8455-8455-210777-0013__SIRm3,7127,5683,7,0.0,0.0,0.0,0.0,0.0,52.14315645699822,19.97683088319911
5683-32879-0010_8455-210777-0010__T1__5683-5683-32879-0010__HSIMV2__1221-1221-135767-0007__SIRm3,5683,8455,14,0.0,0.0,0.0,0.0,0.0,44.31799963713899,15.371709384435118
5683-32879-0010_8455-210777-0010__T2__8455-8455-210777-0010__HSIMV2__1320-1320-122617-0024__SIRm3,8455,5683,5,0.0,0.0,0.0,0.0,0.0,61.67766087612065,18.100970401142888
5683-32879-0010_8463-294828-0036__T1__5683-5683-32879-0010__HSIMV2__237-237-134500-0003__SIRm3,5683,8463,5,0.2,0.0,0.0,0.0,0.0,47.26876155176996,12.298420587288296
5683-32879-0010_8463-294828-0036__T2__8463-8463-294828-0036__HSIMV2__4992-4992-41806-0007__SIRm3,8463,5683,12,0.0,0.0,0.0,0.0,0.0,53.4353098757774,18.248409559364635
5683-32879-0011_8230-279154-0033__T1__5683-5683-32879-0011__HSIMV2__237-237-126133-0024__SIRm3,5683,8230,17,0.058823529411764705,0.0,0.0,0.0,0.0,49.50388719091225,18.551518826696523
5683-32879-0011_8230-279154-0033__T2__8230-8230-279154-0033__HSIMV2__61-61-70968-0055__SIRm3,8230,5683,6,0.0,0.0,0.0,0.0,0.0,42.439178525352354,17.620353596589332
5683-32879-0013_121-127105-0003__T1__5683-5683-32879-0013__HSIMV2__237-237-134500-0011__SIRm3,5683,121,5,0.0,0.0,0.0,0.0,0.0,27.192768989866202,14.014961169530729
5683-32879-0013_121-127105-0003__T2__121-121-127105-0003__HSIMV2__237-237-126133-0003__SIRm3,121,5683,12,0.0,0.0,0.0,0.0,0.0,41.13107414978603,17.656703910926712
5683-32879-0013_4992-41797-0011__T1__5683-5683-32879-0013__HSIMV2__237-237-134500-0008__SIRm3,5683,4992,6,0.0,0.0,0.0,0.0,0.0,42.82046582517314,18.13170682227097
5683-32879-0013_4992-41797-0011__T2__4992-4992-41797-0011__HSIMV2__4446-4446-2271-0009__SIRm3,4992,5683,9,0.0,0.0,0.0,0.0,0.0,52.921322694311826,18.07391432405181
5683-32879-0014_8463-294828-0033__T1__5683-5683-32879-0014__HSIMV2__1221-1221-135766-0012__SIRm3,5683,8463,15,0.06666666666666667,0.0,0.0,0.0,0.0,44.37212226269621,18.5882329967025
5683-32879-0014_8463-294828-0033__T2__8463-8463-294828-0033__HSIMV2__4992-4992-41806-0012__SIRm3,8463,5683,11,0.0,0.0,0.0,0.0,0.0,52.0617327849203,19.191749981494404
5683-32879-0018_260-123288-0022__T1__5683-5683-32879-0018__HSIMV2__237-237-134500-0013__SIRm3,5683,260,13,0.0,0.0,0.0,0.0,0.0,53.5022765227304,18.88928437886839
5683-32879-0018_260-123288-0022__T2__260-260-123288-0022__HSIMV2__672-672-122797-0044__SIRm3,260,5683,6,0.0,0.0,0.0,0.0,0.0,48.194285005580475,15.92951763753691
5683-32879-0018_2961-961-0013__T1__5683-5683-32879-0018__HSIMV2__1221-1221-135767-0008__SIRm3,5683,2961,5,0.0,0.0,0.0,0.0,0.0,55.07541484730407,22.372307103499825
5683-32879-0018_2961-961-0013__T2__2961-2961-961-0013__HSIMV2__3570-3570-5695-0001__SIRm3,2961,5683,9,0.1111111111111111,0.0,0.0,0.0,0.0,55.07072822005242,19.060564018189048
5683-32879-0018_8455-210777-0061__T1__5683-5683-32879-0018__HSIMV2__237-237-134493-0016__SIRm3,5683,8455,13,0.07692307692307693,0.0,0.0,0.07692307692307693,0.0,45.093493754699054,12.073534600245653
5683-32879-0018_8455-210777-0061__T2__8455-8455-210777-0061__HSIMV2__1320-1320-122612-0015__SIRm3,8455,5683,11,0.09090909090909091,0.0,0.0,0.0,0.0,52.2985287494763,19.253887732059635
5683-32879-0019_1284-1180-0025__T1__5683-5683-32879-0019__HSIMV2__1221-1221-135766-0012__SIRm3,5683,1284,11,0.0,0.0,0.0,0.0,0.0,50.985424654937965,20.890983015087784
5683-32879-0019_1284-1180-0025__T2__1284-1284-1180-0025__HSIMV2__1580-1580-141083-0034__SIRm3,1284,5683,12,0.0,0.0,0.0,0.0,0.0,49.145370115765665,17.967544449635138
5683-32879-0019_260-123286-0025__T1__5683-5683-32879-0019__HSIMV2__237-237-134493-0002__SIRm3,5683,260,11,0.0,0.0,0.0,0.0,0.0,55.07910468246011,21.54527774292021
5683-32879-0019_260-123286-0025__T2__260-260-123286-0025__HSIMV2__672-672-122797-0032__SIRm3,260,5683,7,0.0,0.0,0.0,0.0,0.0,50.743533467121146,17.434429381629556
5683-32879-0020_8463-287645-0013__T1__5683-5683-32879-0020__HSIMV2__237-237-134493-0012__SIRm3,5683,8463,6,0.0,0.0,0.0,0.0,0.0,48.268938693395434,19.442388523405263
5683-32879-0020_8463-287645-0013__T2__8463-8463-287645-0013__HSIMV2__4992-4992-23283-0018__SIRm3,8463,5683,12,0.0,0.0,0.0,0.0,0.0,50.93882307010612,18.625651142357743
5683-32879-0021_1995-1837-0010__T1__5683-5683-32879-0021__HSIMV2__237-237-134500-0015__SIRm3,5683,1995,7,0.0,0.0,0.0,0.0,0.0,54.295395010448814,20.947881782791043
5683-32879-0021_1995-1837-0010__T2__1995-1995-1837-0010__HSIMV2__2094-2094-142345-0049__SIRm3,1995,5683,5,0.0,0.0,0.0,0.0,0.0,53.769313956461836,23.370414315024608
5683-32879-0022_6829-68769-0016__T1__5683-5683-32879-0022__HSIMV2__1221-1221-135767-0016__SIRm3,5683,6829,7,0.0,0.0,0.0,0.0,0.0,56.911877134569224,19.452258864814663
5683-32879-0022_6829-68769-0016__T2__6829-6829-68769-0016__HSIMV2__4970-4970-29095-0025__SIRm3,6829,5683,6,0.0,0.0,0.0,0.0,0.0,42.77936446274308,17.87083696103303
5683-32879-0023_6829-68771-0003__T1__5683-5683-32879-0023__HSIMV2__237-237-134493-0002__SIRm3,5683,6829,8,0.0,0.0,0.0,0.0,0.0,55.54855796662679,21.09760384923966
5683-32879-0023_6829-68771-0003__T2__6829-6829-68771-0003__HSIMV2__4970-4970-29095-0035__SIRm3,6829,5683,7,0.0,0.0,0.0,0.0,0.0,39.92941447191913,11.408693644732471
61-70968-0000_8455-210777-0012__T1__61-61-70968-0000__HSIMV2__8230-8230-279154-0012__SIRm3,61,8455,6,0.0,0.0,0.0,0.0,0.0,19.352629788059364,9.92517927187243
61-70968-0000_8455-210777-0012__T2__8455-8455-210777-0012__HSIMV2__1320-1320-122617-0005__SIRm3,8455,61,6,0.0,0.0,0.0,0.0,0.0,44.8633266911236,18.51030087251361
61-70968-0000_8555-292519-0000__T1__61-61-70968-0000__HSIMV2__8230-8230-279154-0022__SIRm3,61,8555,8,0.0,0.0,0.0,0.0,0.0,39.34944953843288,14.216904319995518
61-70968-0000_8555-292519-0000__T2__8555-8555-292519-0000__HSIMV2__4970-4970-29095-0016__SIRm3,8555,61,12,0.0,0.0,0.0,0.0,0.0,53.00455753944497,20.81624393011882
61-70968-0003_2830-3980-0008__T1__61-61-70968-0003__HSIMV2__8230-8230-279154-0021__SIRm3,61,2830,7,0.0,0.0,0.0,0.0,0.0,22.428905417574246,11.069153724385345
61-70968-0003_2830-3980-0008__T2__2830-2830-3980-0008__HSIMV2__1188-1188-133604-0022__SIRm3,2830,61,8,0.0,0.125,0.0,0.0,0.0,53.64530922859362,18.27562800752404
61-70968-0003_2961-960-0017__T1__61-61-70968-0003__HSIMV2__7176-7176-92135-0042__SIRm3,61,2961,7,0.0,0.0,0.0,0.0,0.0,62.88676336450819,18.031857776830712
61-70968-0003_2961-960-0017__T2__2961-2961-960-0017__HSIMV2__3570-3570-5695-0015__SIRm3,2961,61,14,0.0,0.0,0.0,0.0,0.0,60.84108762568422,21.31592753356219
61-70968-0003_5105-28240-0000__T1__61-61-70968-0003__HSIMV2__2300-2300-131720-0023__SIRm3,61,5105,7,0.0,0.0,0.0,0.0,0.0,53.40482421943419,16.99821549510951
61-70968-0003_5105-28240-0000__T2__5105-5105-28240-0000__HSIMV2__7021-7021-79740-0010__SIRm3,5105,61,9,0.0,0.0,0.0,0.0,0.0,55.490515831054076,20.95683027811669
61-70968-0004_1188-133604-0014__T1__61-61-70968-0004__HSIMV2__8230-8230-279154-0020__SIRm3,61,1188,6,0.8333333333333334,0.8333333333333334,0.8333333333333334,1.0,0.8333333333333334,-29.977777999766232,-14.275333259471823
61-70968-0004_1188-133604-0014__T2__1188-1188-133604-0014__HSIMV2__2830-2830-3980-0074__SIRm3,1188,61,7,0.0,0.0,0.0,0.0,0.0,42.07142901624426,16.829471524495258
61-70968-0005_1284-1180-0015__T1__61-61-70968-0005__HSIMV2__7176-7176-88083-0024__SIRm3,61,1284,9,0.0,0.0,0.0,0.0,0.0,39.33819116006171,15.37405064592357
61-70968-0005_1284-1180-0015__T2__1284-1284-1180-0015__HSIMV2__1580-1580-141084-0031__SIRm3,1284,61,10,0.0,0.0,0.0,0.0,0.0,47.338243460634466,17.521251420164713
61-70968-0005_5105-28233-0000__T1__61-61-70968-0005__HSIMV2__8230-8230-279154-0030__SIRm3,61,5105,9,0.5555555555555556,0.5555555555555556,0.5555555555555556,0.7777777777777778,0.5555555555555556,-16.892190432128082,-8.66617921683235
61-70968-0005_5105-28233-0000__T2__5105-5105-28233-0000__HSIMV2__1320-1320-122612-0005__SIRm3,5105,61,8,0.0,0.0,0.0,0.0,0.0,53.66896073537369,19.7951739718104
61-70968-0007_7176-88083-0021__T1__61-61-70968-0007__HSIMV2__8230-8230-279154-0005__SIRm3,61,7176,6,0.0,0.0,0.0,0.0,0.0,44.00543679789803,15.312184105024343
61-70968-0007_7176-88083-0021__T2__7176-7176-88083-0021__HSIMV2__61-61-70970-0011__SIRm3,7176,61,11,0.0,0.0,0.0,0.0,0.0,35.917781902013694,14.150081907795542
61-70968-0009_4446-2271-0011__T1__61-61-70968-0009__HSIMV2__8230-8230-279154-0010__SIRm3,61,4446,8,0.0,0.0,0.0,0.0,0.0,39.17581229604339,16.009492261244816
61-70968-0009_4446-2271-0011__T2__4446-4446-2271-0011__HSIMV2__1284-1284-1180-0009__SIRm3,4446,61,6,1.0,1.0,1.0,1.0,1.0,-46.15371677527025,-23.8498608940126
61-70968-0010_3575-170457-0003__T1__61-61-70968-0010__HSIMV2__7176-7176-92135-0009__SIRm3,61,3575,7,0.0,0.0,0.0,0.0,0.0,50.88868043730009,18.62164819671959
61-70968-0010_3575-170457-0003__T2__3575-3575-170457-0003__HSIMV2__237-237-134500-0031__SIRm3,3575,61,14,0.07142857142857142,0.07142857142857142,0.07142857142857142,0.0,0.0,57.7299940704277,21.04438412748317
61-70968-0011_1221-135767-0013__T1__61-61-70968-0011__HSIMV2__8230-8230-279154-0012__SIRm3,61,1221,6,0.0,0.0,0.0,0.0,0.0,38.082182147789844,14.951087038264175
61-70968-0011_1221-135767-0013__T2__1221-1221-135767-0013__HSIMV2__4992-4992-41806-0009__SIRm3,1221,61,7,0.0,0.0,0.0,0.0,0.0,50.226061298387336,19.04172331064573
61-70968-0011_4992-41806-0004__T1__61-61-70968-0011__HSIMV2__7176-7176-88083-0014__SIRm3,61,4992,8,0.0,0.0,0.0,0.0,0.0,38.32732081339339,10.756117285832444
61-70968-0011_4992-41806-0004__T2__4992-4992-41806-0004__HSIMV2__4446-4446-2275-0022__SIRm3,4992,61,5,0.0,0.0,0.0,0.0,0.0,55.46866896079475,19.900649522302857
61-70968-0013_6829-68771-0028__T1__61-61-70968-0013__HSIMV2__7176-7176-92135-0017__SIRm3,61,6829,7,0.0,0.0,0.0,0.0,0.0,48.65276959354714,16.750656352798053
61-70968-0013_6829-68771-0028__T2__6829-6829-68771-0028__HSIMV2__4446-4446-2273-0035__SIRm3,6829,61,6,0.0,0.0,0.0,0.0,0.0,52.79292918176221,19.67245234214866
61-70968-0013_8555-284449-0003__T1__61-61-70968-0013__HSIMV2__7176-7176-88083-0024__SIRm3,61,8555,7,0.0,0.0,0.0,0.0,0.0,48.48102851622916,15.861029440125703
61-70968-0013_8555-284449-0003__T2__8555-8555-284449-0003__HSIMV2__4970-4970-29093-0013__SIRm3,8555,61,15,0.0,0.0,0.0,0.0,0.0,45.959974161979176,19.600419089562266
61-70968-0014_7176-92135-0009__T1__61-61-70968-0014__HSIMV2__8230-8230-279154-0001__SIRm3,61,7176,13,0.0,0.0,0.0,0.0,0.0,35.76959111966485,16.13437469150104
61-70968-0014_7176-92135-0009__T2__7176-7176-92135-0009__HSIMV2__61-61-70970-0035__SIRm3,7176,61,7,0.8571428571428571,1.0,0.8571428571428571,1.0,0.8571428571428571,-42.99421944731075,-17.83464687223811
61-70968-0014_8224-274384-0003__T1__61-61-70968-0014__HSIMV2__8230-8230-279154-0006__SIRm3,61,8224,13,0.0,0.0,0.0,0.0,0.0,38.55242034818165,15.17934769085698
61-70968-0014_8224-274384-0003__T2__8224-8224-274384-0003__HSIMV2__8455-8455-210777-0028__SIRm3,8224,61,6,0.8333333333333334,0.8333333333333334,0.8333333333333334,1.0,0.8333333333333334,-31.136314879830934,-18.56548419807663
61-70968-0015_1580-141084-0010__T1__61-61-70968-0015__HSIMV2__8230-8230-279154-0000__SIRm3,61,1580,9,0.0,0.0,0.0,0.0,0.0,33.98585811000115,14.130352817250522
61-70968-0015_1580-141084-0010__T2__1580-1580-141084-0010__HSIMV2__237-237-134500-0032__SIRm3,1580,61,7,0.0,0.0,0.0,0.0,0.0,47.777340575127035,19.68078574387006
61-70968-0016_2961-961-0015__T1__61-61-70968-0016__HSIMV2__7176-7176-88083-0022__SIRm3,61,2961,6,0.3333333333333333,0.16666666666666666,0.16666666666666666,0.3333333333333333,0.16666666666666666,5.687749189432214,5.110534442242766
61-70968-0016_2961-961-0015__T2__2961-2961-961-0015__HSIMV2__3570-3570-5696-0000__SIRm3,2961,61,12,0.0,0.0,0.0,0.0,0.0,55.14943844115638,21.72239824494606
61-70968-0016_4992-41797-0022__T1__61-61-70968-0016__HSIMV2__8230-8230-279154-0020__SIRm3,61,4992,6,0.0,0.0,0.0,0.0,0.0,42.28502000860056,16.15514975241718
61-70968-0016_4992-41797-0022__T2__4992-4992-41797-0022__HSIMV2__4446-4446-2273-0021__SIRm3,4992,61,9,0.0,0.0,0.0,0.0,0.0,58.68929041909122,20.30381757183912
61-70968-0017_2830-3980-0057__T1__61-61-70968-0017__HSIMV2__8230-8230-279154-0039__SIRm3,61,2830,8,0.0,0.0,0.0,0.0,0.0,56.891329163692774,18.52236866698747
61-70968-0017_2830-3980-0057__T2__2830-2830-3980-0057__HSIMV2__1188-1188-133604-0012__SIRm3,2830,61,15,0.06666666666666667,0.13333333333333333,0.06666666666666667,0.0,0.0,50.91290898082059,17.504080708505292
61-70968-0017_2961-960-0022__T1__61-61-70968-0017__HSIMV2__8230-8230-279154-0008__SIRm3,61,2961,6,0.0,0.0,0.0,0.0,0.0,23.755291111334913,11.382484115921317
61-70968-0017_2961-960-0022__T2__2961-2961-960-0022__HSIMV2__3570-3570-5695-0002__SIRm3,2961,61,13,0.0,0.0,0.0,0.0,0.0,51.061463201881494,19.79542355395391
61-70968-0017_8230-279154-0024__T1__61-61-70968-0017__HSIMV2__7176-7176-92135-0024__SIRm3,61,8230,7,0.14285714285714285,0.0,0.0,0.0,0.0,52.08353930197966,17.241589060128735
61-70968-0017_8230-279154-0024__T2__8230-8230-279154-0024__HSIMV2__1089-1089-134691-0007__SIRm3,8230,61,5,0.0,0.0,0.0,0.0,0.0,37.52565919451707,18.13276502337813
61-70968-0019_2830-3980-0031__T1__61-61-70968-0019__HSIMV2__8230-8230-279154-0029__SIRm3,61,2830,9,0.0,0.0,0.0,0.0,0.0,40.48078412755878,15.51878711165805
61-70968-0019_2830-3980-0031__T2__2830-2830-3980-0031__HSIMV2__1188-1188-133604-0016__SIRm3,2830,61,15,0.0,0.0,0.0,0.0,0.0,45.897415591238406,17.440932155359928
61-70968-0020_1089-134691-0012__T1__61-61-70968-0020__HSIMV2__8230-8230-279154-0029__SIRm3,61,1089,9,0.0,0.0,0.0,0.0,0.0,38.48852100321239,11.148213561208651
61-70968-0020_1089-134691-0012__T2__1089-1089-134691-0012__HSIMV2__8230-8230-279154-0020__SIRm3,1089,61,14,0.0,0.0,0.0,0.0,0.0,42.65167226221553,16.595853470714975
61-70968-0022_1221-135767-0011__T1__61-61-70968-0022__HSIMV2__8230-8230-279154-0016__SIRm3,61,1221,8,0.0,0.0,0.0,0.0,0.0,37.596916730077766,15.718221147414438
61-70968-0022_1221-135767-0011__T2__1221-1221-135767-0011__HSIMV2__4992-4992-41797-0019__SIRm3,1221,61,8,0.0,0.0,0.0,0.0,0.0,59.60622140356031,20.093477797307195
61-70968-0023_260-123286-0023__T1__61-61-70968-0023__HSIMV2__8230-8230-279154-0001__SIRm3,61,260,9,0.0,0.0,0.0,0.0,0.0,40.02058615259582,17.034994312596446
61-70968-0023_260-123286-0023__T2__260-260-123286-0023__HSIMV2__672-672-122797-0048__SIRm3,260,61,10,0.0,0.0,0.0,0.0,0.0,54.56208707339353,18.61333164170896
61-70968-0023_7176-88083-0011__T1__61-61-70968-0023__HSIMV2__7176-7176-88083-0012__SIRm3,61,7176,9,0.0,0.0,0.0,0.0,0.0,35.458038695841026,13.1443914251452
61-70968-0023_7176-88083-0011__T2__7176-7176-88083-0011__HSIMV2__61-61-70970-0022__SIRm3,7176,61,6,0.16666666666666666,0.0,0.0,0.0,0.0,30.02949193325254,11.862831189110514
61-70968-0025_1995-1837-0010__T1__61-61-70968-0025__HSIMV2__7176-7176-92135-0042__SIRm3,61,1995,7,0.0,0.0,0.0,0.0,0.0,47.4515533652085,16.53937793082407
61-70968-0025_1995-1837-0010__T2__1995-1995-1837-0010__HSIMV2__2094-2094-142345-0051__SIRm3,1995,61,5,0.0,0.0,0.0,0.0,0.0,64.27230502253114,24.45792335096174
61-70968-0025_2094-142345-0006__T1__61-61-70968-0025__HSIMV2__8230-8230-279154-0035__SIRm3,61,2094,7,0.0,0.0,0.0,0.0,0.0,59.40501194359577,19.063438052925022
61-70968-0025_2094-142345-0006__T2__2094-2094-142345-0006__HSIMV2__3729-3729-6852-0039__SIRm3,2094,61,16,0.0,0.0625,0.0,0.0,0.0,46.49904202016419,16.724095389364837
61-70968-0025_6930-76324-0006__T1__61-61-70968-0025__HSIMV2__8230-8230-279154-0011__SIRm3,61,6930,7,0.0,0.0,0.0,0.0,0.0,46.0370772898107,16.871936006027386
61-70968-0025_6930-76324-0006__T2__6930-6930-76324-0006__HSIMV2__260-260-123440-0020__SIRm3,6930,61,7,0.0,0.0,0.0,0.0,0.0,54.2856807451867,19.929124358478987
61-70968-0026_3729-6852-0038__T1__61-61-70968-0026__HSIMV2__2300-2300-131720-0010__SIRm3,61,3729,8,0.0,0.0,0.0,0.0,0.0,50.58235106665886,18.04981461931928
61-70968-0026_3729-6852-0038__T2__3729-3729-6852-0038__HSIMV2__4507-4507-16021-0050__SIRm3,3729,61,6,0.0,0.0,0.0,0.0,0.0,49.64557618913852,20.19916502603962
61-70968-0027_2094-142345-0005__T1__61-61-70968-0027__HSIMV2__7176-7176-88083-0001__SIRm3,61,2094,12,0.0,0.0,0.0,0.0,0.0,39.110272082758684,15.11952666872105
61-70968-0027_2094-142345-0005__T2__2094-2094-142345-0005__HSIMV2__3729-3729-6852-0038__SIRm3,2094,61,10,0.1,0.1,0.0,0.0,0.0,55.29498471546877,17.866591065340497
61-70968-0027_260-123288-0027__T1__61-61-70968-0027__HSIMV2__7176-7176-92135-0028__SIRm3,61,260,5,0.0,0.0,0.0,0.0,0.0,48.721596141615706,17.589448691506323
61-70968-0027_260-123288-0027__T2__260-260-123288-0027__HSIMV2__6930-6930-76324-0016__SIRm3,260,61,11,0.0,0.0,0.0,0.0,0.0,53.43147295529629,19.579188068140283
61-70968-0027_3570-5695-0013__T1__61-61-70968-0027__HSIMV2__8230-8230-279154-0023__SIRm3,61,3570,11,0.0,0.0,0.0,0.0,0.0,41.73676068969088,15.395003276782692
61-70968-0027_3570-5695-0013__T2__3570-3570-5695-0013__HSIMV2__4507-4507-16021-0058__SIRm3,3570,61,5,1.0,1.0,1.0,1.0,1.0,-39.65047552411629,-18.02511077347821
61-70968-0027_4446-2273-0018__T1__61-61-70968-0027__HSIMV2__8230-8230-279154-0013__SIRm3,61,4446,12,0.0,0.0,0.0,0.0,0.0,48.15491669734383,16.415251461733362
61-70968-0027_4446-2273-0018__T2__4446-4446-2273-0018__HSIMV2__1284-1284-1181-0015__SIRm3,4446,61,5,0.0,0.0,0.0,0.0,0.0,47.947689314833454,18.98461964312737
61-70968-0028_7021-79730-0007__T1__61-61-70968-0028__HSIMV2__8230-8230-279154-0001__SIRm3,61,7021,9,0.0,0.0,0.0,0.0,0.0,51.646517030131236,17.444052857555047
61-70968-0028_7021-79730-0007__T2__7021-7021-79730-0007__HSIMV2__5105-5105-28241-0000__SIRm3,7021,61,11,0.09090909090909091,0.0,0.0,0.0,0.0,51.10749735282379,17.547299457204602
61-70968-0029_1320-122612-0003__T1__61-61-70968-0029__HSIMV2__8230-8230-279154-0020__SIRm3,61,1320,5,0.0,0.0,0.0,0.0,0.0,49.081326648197226,16.647173731008618
61-70968-0029_1320-122612-0003__T2__1320-1320-122612-0003__HSIMV2__5105-5105-28240-0019__SIRm3,1320,61,11,0.0,0.0,0.0,0.0,0.0,51.90124400385551,18.56808427583616
61-70968-0029_8463-294825-0012__T1__61-61-70968-0029__HSIMV2__8230-8230-279154-0041__SIRm3,61,8463,5,0.0,0.0,0.0,0.0,0.0,39.34737964527403,15.04591600398916
61-70968-0029_8463-294825-0012__T2__8463-8463-294825-0012__HSIMV2__4992-4992-23283-0002__SIRm3,8463,61,5,0.0,0.0,0.0,0.0,0.0,47.5483934193309,18.439611244160613
61-70968-0030_4507-16021-0055__T1__61-61-70968-0030__HSIMV2__7176-7176-92135-0032__SIRm3,61,4507,5,0.0,0.0,0.0,0.0,0.0,48.05614924296108,16.79781340344185
61-70968-0030_4507-16021-0055__T2__4507-4507-16021-0055__HSIMV2__3729-3729-6852-0043__SIRm3,4507,61,7,0.0,0.0,0.0,0.0,0.0,61.86743251544784,21.56103970015329
61-70968-0032_1995-1837-0020__T1__61-61-70968-0032__HSIMV2__7176-7176-92135-0001__SIRm3,61,1995,7,0.0,0.0,0.0,0.0,0.0,46.34946765331453,11.004809554385997
61-70968-0032_1995-1837-0020__T2__1995-1995-1837-0020__HSIMV2__2094-2094-142345-0058__SIRm3,1995,61,5,0.0,0.4,0.0,0.0,0.0,72.93531827119406,23.71162114317652
61-70968-0033_1580-141083-0023__T1__61-61-70968-0033__HSIMV2__7176-7176-92135-0003__SIRm3,61,1580,6,0.0,0.0,0.0,0.0,0.0,36.26381105716828,14.340986142416211
61-70968-0033_1580-141083-0023__T2__1580-1580-141083-0023__HSIMV2__1284-1284-1181-0004__SIRm3,1580,61,5,0.0,0.0,0.0,0.0,0.0,54.8584158764863,20.31730399671469
61-70968-0034_2961-961-0020__T1__61-61-70968-0034__HSIMV2__8230-8230-279154-0022__SIRm3,61,2961,7,1.0,1.0,1.0,1.0,1.0,-49.20441675552577,-26.573863038112005
61-70968-0034_2961-961-0020__T2__2961-2961-961-0020__HSIMV2__3570-3570-5696-0004__SIRm3,2961,61,8,0.0,0.0,0.0,0.0,0.0,46.06711065512314,19.05406612676511
61-70968-0034_5105-28241-0006__T1__61-61-70968-0034__HSIMV2__8230-8230-279154-0010__SIRm3,61,5105,7,1.0,1.0,1.0,1.0,1.0,-40.9796193563276,-19.85230663257332
61-70968-0034_5105-28241-0006__T2__5105-5105-28241-0006__HSIMV2__1320-1320-122617-0024__SIRm3,5105,61,14,0.0,0.0,0.0,0.0,0.0,49.47040630393453,18.51977852233037
61-70968-0034_672-122797-0070__T1__61-61-70968-0034__HSIMV2__7176-7176-92135-0025__SIRm3,61,672,7,1.0,1.0,1.0,1.0,1.0,-27.513427469981337,-11.891986859563396
61-70968-0034_672-122797-0070__T2__672-672-122797-0070__HSIMV2__1320-1320-122617-0040__SIRm3,672,61,11,0.0,0.0,0.0,0.0,0.0,56.65071387756657,20.875754561534908
61-70968-0035_4446-2273-0016__T1__61-61-70968-0035__HSIMV2__8230-8230-279154-0036__SIRm3,61,4446,5,0.0,0.0,0.0,0.0,0.0,44.5727399833262,18.853400147029795
61-70968-0035_4446-2273-0016__T2__4446-4446-2273-0016__HSIMV2__1284-1284-1180-0011__SIRm3,4446,61,7,0.0,0.0,0.0,0.0,0.0,54.0316383057807,19.723870807011625
61-70968-0035_672-122797-0025__T1__61-61-70968-0035__HSIMV2__8230-8230-279154-0014__SIRm3,61,672,14,0.0,0.0,0.0,0.0,0.0,45.924908966628664,16.7556494305174
61-70968-0035_672-122797-0025__T2__672-672-122797-0025__HSIMV2__260-260-123286-0025__SIRm3,672,61,17,0.0,0.058823529411764705,0.0,0.0,0.0,46.964111552383386,19.14031705773563
61-70968-0037_1221-135766-0008__T1__61-61-70968-0037__HSIMV2__8230-8230-279154-0026__SIRm3,61,1221,7,1.0,1.0,1.0,1.0,1.0,-38.36139598274465,-22.44883050236421
61-70968-0037_1221-135766-0008__T2__1221-1221-135766-0008__HSIMV2__4992-4992-41797-0002__SIRm3,1221,61,10,0.0,0.0,0.0,0.0,0.0,49.90496052030929,18.65305495146311
61-70968-0039_8463-294828-0020__T1__61-61-70968-0039__HSIMV2__8230-8230-279154-0035__SIRm3,61,8463,6,0.0,0.0,0.0,0.0,0.0,39.747077142580984,18.519362351361448
61-70968-0039_8463-294828-0020__T2__8463-8463-294828-0020__HSIMV2__4992-4992-41806-0016__SIRm3,8463,61,10,0.0,0.0,0.0,0.0,0.0,56.44469602475152,20.97375584213409
61-70968-0039_908-31957-0007__T1__61-61-70968-0039__HSIMV2__8230-8230-279154-0023__SIRm3,61,908,6,1.0,1.0,1.0,1.0,1.0,-40.51892780582619,-22.267234382233696
61-70968-0039_908-31957-0007__T2__908-908-31957-0007__HSIMV2__7176-7176-92135-0000__SIRm3,908,61,10,0.0,0.0,0.0,0.0,0.0,52.29764686167425,19.52502400878629
61-70968-0040_3570-5694-0012__T1__61-61-70968-0040__HSIMV2__8230-8230-279154-0012__SIRm3,61,3570,6,0.0,0.0,0.0,0.0,0.0,47.96636084705701,16.24243977407715
61-70968-0040_3570-5694-0012__T2__3570-3570-5694-0012__HSIMV2__4507-4507-16021-0048__SIRm3,3570,61,5,0.0,0.0,0.0,0.0,0.0,61.96808741781964,21.92898811065471
61-70968-0040_4970-29093-0004__T1__61-61-70968-0040__HSIMV2__8230-8230-279154-0003__SIRm3,61,4970,5,0.0,0.0,0.0,0.0,0.0,47.34877634650037,15.97315370804104
61-70968-0040_4970-29093-0004__T2__4970-4970-29093-0004__HSIMV2__6829-6829-68769-0023__SIRm3,4970,61,6,0.0,0.0,0.0,0.0,0.0,53.21482804794116,18.475125230395808
61-70968-0043_7021-85628-0019__T1__61-61-70968-0043__HSIMV2__8230-8230-279154-0001__SIRm3,61,7021,12,0.0,0.0,0.0,0.0,0.0,40.57905919928468,16.332430454603536
61-70968-0043_7021-85628-0019__T2__7021-7021-85628-0019__HSIMV2__5105-5105-28240-0007__SIRm3,7021,61,5,0.0,0.0,0.0,0.0,0.0,51.449637572558366,20.231180830200287
61-70968-0045_2830-3980-0001__T1__61-61-70968-0045__HSIMV2__8230-8230-279154-0017__SIRm3,61,2830,5,0.0,0.0,0.0,0.0,0.0,24.45703287345779,12.650076769634287
61-70968-0045_2830-3980-0001__T2__2830-2830-3980-0001__HSIMV2__1188-1188-133604-0004__SIRm3,2830,61,6,0.0,0.0,0.0,0.0,0.0,42.78649737367314,17.20671798206739
61-70968-0045_6930-76324-0012__T1__61-61-70968-0045__HSIMV2__8230-8230-279154-0026__SIRm3,61,6930,5,0.0,0.0,0.0,0.0,0.0,28.759718936233764,12.073953733769848
61-70968-0045_6930-76324-0012__T2__6930-6930-76324-0012__HSIMV2__260-260-123286-0002__SIRm3,6930,61,8,0.0,0.0,0.0,0.0,0.0,50.17388008853483,16.36581972169604
61-70968-0046_121-121726-0000__T1__61-61-70968-0046__HSIMV2__8230-8230-279154-0028__SIRm3,61,121,6,0.0,0.0,0.0,0.0,0.0,46.87603985115658,17.97319333550992
61-70968-0046_121-121726-0000__T2__121-121-121726-0000__HSIMV2__237-237-134500-0015__SIRm3,121,61,15,0.0,0.0,0.0,0.0,0.0,53.09918981940438,20.75287121926361
61-70968-0046_3570-5694-0004__T1__61-61-70968-0046__HSIMV2__8230-8230-279154-0015__SIRm3,61,3570,6,0.0,0.0,0.0,0.0,0.0,42.694190625801106,16.980131232048205
61-70968-0046_3570-5694-0004__T2__3570-3570-5694-0004__HSIMV2__4507-4507-16021-0052__SIRm3,3570,61,9,0.0,0.0,0.0,0.0,0.0,55.19993524169329,22.6725703542236
61-70968-0046_4970-29093-0008__T1__61-61-70968-0046__HSIMV2__7176-7176-92135-0043__SIRm3,61,4970,6,0.0,0.0,0.0,0.0,0.0,50.14084714600773,18.24755761935271
61-70968-0046_4970-29093-0008__T2__4970-4970-29093-0008__HSIMV2__8555-8555-284447-0009__SIRm3,4970,61,5,0.0,0.0,0.0,0.0,0.0,45.002048313085986,18.820001759554955
61-70968-0046_8230-279154-0017__T1__61-61-70968-0046__HSIMV2__8230-8230-279154-0032__SIRm3,61,8230,6,0.0,0.0,0.0,0.0,0.0,46.309432450812864,17.78448782157692
61-70968-0046_8230-279154-0017__T2__8230-8230-279154-0017__HSIMV2__61-61-70970-0029__SIRm3,8230,61,7,0.0,0.0,0.0,0.0,0.0,44.016173081847896,15.811864802201589
61-70968-0047_5683-32879-0012__T1__61-61-70968-0047__HSIMV2__7176-7176-92135-0036__SIRm3,61,5683,8,0.0,0.0,0.0,0.0,0.0,44.248704771707736,16.549444215320737
61-70968-0047_5683-32879-0012__T2__5683-5683-32879-0012__HSIMV2__1221-1221-135766-0000__SIRm3,5683,61,7,0.0,0.0,0.0,0.0,0.0,43.06050386092504,19.252737390598703
61-70968-0049_7021-79740-0014__T1__61-61-70968-0049__HSIMV2__8230-8230-279154-0003__SIRm3,61,7021,5,0.0,0.0,0.0,0.0,0.0,45.253104711920635,15.94960275149501
61-70968-0049_7021-79740-0014__T2__7021-7021-79740-0014__HSIMV2__5105-5105-28240-0015__SIRm3,7021,61,16,0.0,0.0,0.0,0.0,0.0,54.57397764247138,18.977557212532044
61-70968-0050_237-134500-0003__T1__61-61-70968-0050__HSIMV2__7176-7176-92135-0006__SIRm3,61,237,10,0.0,0.0,0.0,0.0,0.0,47.74526439922296,17.03623733252005
61-70968-0050_237-134500-0003__T2__237-237-134500-0003__HSIMV2__3575-3575-170457-0031__SIRm3,237,61,5,0.0,0.0,0.0,0.0,0.0,44.621640837299665,16.834020158021495
61-70968-0050_7021-79740-0001__T1__61-61-70968-0050__HSIMV2__8230-8230-279154-0033__SIRm3,61,7021,10,0.0,0.0,0.0,0.0,0.0,43.4503139553314,16.584950520140048
61-70968-0050_7021-79740-0001__T2__7021-7021-79740-0001__HSIMV2__5105-5105-28233-0001__SIRm3,7021,61,7,0.0,0.8571428571428571,0.0,0.0,0.0,54.48753650523856,19.72863515379148
61-70968-0051_4507-16021-0014__T1__61-61-70968-0051__HSIMV2__7176-7176-92135-0038__SIRm3,61,4507,5,0.0,0.0,0.0,0.0,0.0,50.71384661499047,17.002978550695836
61-70968-0051_4507-16021-0014__T2__4507-4507-16021-0014__HSIMV2__3729-3729-6852-0001__SIRm3,4507,61,11,0.0,0.0,0.0,0.0,0.0,47.302686939767426,18.688461499184303
61-70968-0051_4992-41806-0000__T1__61-61-70968-0051__HSIMV2__8230-8230-279154-0024__SIRm3,61,4992,5,0.0,0.0,0.0,0.0,0.0,41.3688320589754,15.904857029928246
61-70968-0051_4992-41806-0000__T2__4992-4992-41806-0000__HSIMV2__4446-4446-2273-0003__SIRm3,4992,61,14,0.0,0.0,0.0,0.0,0.0,56.77657531422374,20.74004669486774
61-70968-0053_3570-5696-0000__T1__61-61-70968-0053__HSIMV2__8230-8230-279154-0001__SIRm3,61,3570,7,0.0,0.0,0.0,0.0,0.0,38.66012591783904,15.182108484377345
61-70968-0053_3570-5696-0000__T2__3570-3570-5696-0000__HSIMV2__4507-4507-16021-0042__SIRm3,3570,61,19,0.0,0.0,0.0,0.0,0.0,55.253207493130994,20.780648358419256
61-70968-0053_3729-6852-0020__T1__61-61-70968-0053__HSIMV2__8230-8230-279154-0028__SIRm3,61,3729,7,0.0,0.0,0.0,0.0,0.0,46.93129277626702,17.953549700054896
61-70968-0053_3729-6852-0020__T2__3729-3729-6852-0020__HSIMV2__4507-4507-16021-0016__SIRm3,3729,61,25,0.0,0.08,0.0,0.0,0.0,51.23357836537662,19.63780286396528
61-70968-0053_5683-32865-0008__T1__61-61-70968-0053__HSIMV2__8230-8230-279154-0040__SIRm3,61,5683,7,0.0,0.0,0.0,0.0,0.0,45.615852950865644,17.261297124526727
61-70968-0053_5683-32865-0008__T2__5683-5683-32865-0008__HSIMV2__237-237-126133-0000__SIRm3,5683,61,11,1.0,1.0,1.0,1.0,1.0,-46.32044993667068,-17.279733792627198
61-70968-0053_8463-287645-0001__T1__61-61-70968-0053__HSIMV2__7176-7176-88083-0001__SIRm3,61,8463,7,0.0,0.0,0.0,0.0,0.0,46.749828762377554,17.06869744247416
61-70968-0053_8463-287645-0001__T2__8463-8463-287645-0001__HSIMV2__4992-4992-41797-0006__SIRm3,8463,61,6,0.0,0.0,0.0,0.0,0.0,28.97870070659268,14.968868450227248
61-70968-0056_1580-141084-0045__T1__61-61-70968-0056__HSIMV2__8230-8230-279154-0033__SIRm3,61,1580,6,0.0,0.0,0.0,0.0,0.0,50.14863747629317,17.501120932013528
61-70968-0056_1580-141084-0045__T2__1580-1580-141084-0045__HSIMV2__237-237-134500-0024__SIRm3,1580,61,6,0.0,0.0,0.0,0.0,0.0,53.359810694352916,18.602854952787947
61-70968-0056_7176-92135-0025__T1__61-61-70968-0056__HSIMV2__8230-8230-279154-0021__SIRm3,61,7176,6,0.0,0.0,0.0,0.0,0.0,42.04026343116406,16.942452099713968
61-70968-0056_7176-92135-0025__T2__7176-7176-92135-0025__HSIMV2__61-61-70970-0034__SIRm3,7176,61,7,0.14285714285714285,0.0,0.0,0.0,0.0,41.17361431220302,15.847465443611664
61-70968-0057_2094-142345-0014__T1__61-61-70968-0057__HSIMV2__8230-8230-279154-0040__SIRm3,61,2094,9,0.0,0.0,0.0,0.0,0.0,44.87453785822911,15.607920006204983
61-70968-0057_2094-142345-0014__T2__2094-2094-142345-0014__HSIMV2__3729-3729-6852-0031__SIRm3,2094,61,7,0.0,0.0,0.0,0.0,0.0,50.91405485112443,17.85332846147897
61-70968-0057_237-126133-0000__T1__61-61-70968-0057__HSIMV2__8230-8230-279154-0005__SIRm3,61,237,9,0.0,0.0,0.0,0.0,0.0,40.001980519203244,15.91802516117928
61-70968-0057_237-126133-0000__T2__237-237-126133-0000__HSIMV2__5683-5683-32879-0018__SIRm3,237,61,13,0.0,0.0,0.0,0.0,0.0,53.583837087199335,21.28135761720448
61-70968-0057_8463-287645-0012__T1__61-61-70968-0057__HSIMV2__8230-8230-279154-0023__SIRm3,61,8463,9,0.0,0.0,0.0,0.0,0.0,40.280746273608585,15.788525308560915
61-70968-0057_8463-287645-0012__T2__8463-8463-287645-0012__HSIMV2__4992-4992-41806-0000__SIRm3,8463,61,9,0.0,0.0,0.0,0.0,0.0,40.11984476095566,17.88168430800288
61-70968-0060_3575-170457-0037__T1__61-61-70968-0060__HSIMV2__8230-8230-279154-0032__SIRm3,61,3575,6,0.0,0.0,0.0,0.0,0.0,47.8287838474304,13.49376525661876
61-70968-0060_3575-170457-0037__T2__3575-3575-170457-0037__HSIMV2__237-237-134493-0017__SIRm3,3575,61,17,0.058823529411764705,0.058823529411764705,0.058823529411764705,0.0,0.0,53.74679677882233,18.9566928335845
61-70968-0060_7176-92135-0034__T1__61-61-70968-0060__HSIMV2__7176-7176-88083-0001__SIRm3,61,7176,6,0.0,0.0,0.0,0.0,0.0,37.746626532460176,14.588550106698971
61-70968-0060_7176-92135-0034__T2__7176-7176-92135-0034__HSIMV2__61-61-70968-0039__SIRm3,7176,61,6,0.5,0.6666666666666666,0.5,0.3333333333333333,0.3333333333333333,5.524945181122913,1.3494118409336913
61-70970-0000_121-121726-0002__T1__61-61-70970-0000__HSIMV2__8230-8230-279154-0034__SIRm3,61,121,11,0.18181818181818182,0.0,0.0,0.0,0.0,13.043666758333416,6.935551761539905
61-70970-0000_121-121726-0002__T2__121-121-121726-0002__HSIMV2__237-237-134500-0040__SIRm3,121,61,7,0.0,0.0,0.0,0.0,0.0,48.17546113804266,17.04246820561935
61-70970-0000_1284-134647-0006__T1__61-61-70970-0000__HSIMV2__8230-8230-279154-0003__SIRm3,61,1284,5,0.0,0.0,0.0,0.0,0.0,36.5526260215134,13.992659588344784
61-70970-0000_1284-134647-0006__T2__1284-1284-134647-0006__HSIMV2__4446-4446-2275-0007__SIRm3,1284,61,16,0.0,0.0,0.0,0.0,0.0,57.06629949149668,19.68007133479476
61-70970-0000_7729-102255-0018__T1__61-61-70970-0000__HSIMV2__7176-7176-88083-0004__SIRm3,61,7729,11,0.0,0.0,0.0,0.0,0.0,55.08270336549001,17.436576208301858
61-70970-0000_7729-102255-0018__T2__7729-7729-102255-0018__HSIMV2__7176-7176-88083-0025__SIRm3,7729,61,13,0.0,0.0,0.0,0.0,0.0,49.28371823624786,16.996555641669204
61-70970-0001_1221-135766-0013__T1__61-61-70970-0001__HSIMV2__7176-7176-92135-0013__SIRm3,61,1221,5,0.0,0.0,0.0,0.0,0.0,40.463169735984295,17.028938261341164
61-70970-0001_1221-135766-0013__T2__1221-1221-135766-0013__HSIMV2__4992-4992-41806-0011__SIRm3,1221,61,6,0.0,0.0,0.0,0.0,0.0,47.71047581964493,19.516205306170512
61-70970-0001_4446-2275-0038__T1__61-61-70970-0001__HSIMV2__8230-8230-279154-0032__SIRm3,61,4446,6,0.0,0.0,0.0,0.0,0.0,33.35676220888691,16.265654323129876
61-70970-0001_4446-2275-0038__T2__4446-4446-2275-0038__HSIMV2__1284-1284-1180-0019__SIRm3,4446,61,8,0.0,0.0,0.0,0.0,0.0,52.719539614331126,18.88615929061828
61-70970-0003_1995-1836-0003__T1__61-61-70970-0003__HSIMV2__7176-7176-88083-0000__SIRm3,61,1995,6,0.0,0.0,0.0,0.0,0.0,49.988276558115,17.15091665434199
61-70970-0003_1995-1836-0003__T2__1995-1995-1836-0003__HSIMV2__2094-2094-142345-0045__SIRm3,1995,61,5,0.0,0.0,0.0,0.0,0.0,52.07753019507675,20.877452181137123
61-70970-0003_2830-3980-0032__T1__61-61-70970-0003__HSIMV2__7176-7176-88083-0021__SIRm3,61,2830,6,0.0,0.0,0.0,0.0,0.0,48.66123183599146,15.712928901924172
61-70970-0003_2830-3980-0032__T2__2830-2830-3980-0032__HSIMV2__8230-8230-279154-0008__SIRm3,2830,61,6,0.0,0.0,0.0,0.0,0.0,46.701545854495606,18.804290736363683
61-70970-0003_6930-76324-0024__T1__61-61-70970-0003__HSIMV2__8230-8230-279154-0022__SIRm3,61,6930,6,0.0,0.0,0.0,0.0,0.0,44.823851004771825,17.17301063908495
61-70970-0003_6930-76324-0024__T2__6930-6930-76324-0024__HSIMV2__260-260-123288-0025__SIRm3,6930,61,7,0.0,0.0,0.0,0.0,0.0,46.31887063290082,18.172481560854443
61-70970-0004_237-134500-0008__T1__61-61-70970-0004__HSIMV2__8230-8230-279154-0010__SIRm3,61,237,20,0.0,0.0,0.0,0.0,0.0,46.46603196984477,17.063838340282324
61-70970-0004_237-134500-0008__T2__237-237-134500-0008__HSIMV2__5683-5683-32879-0014__SIRm3,237,61,6,0.0,0.0,0.0,0.0,0.0,57.21198432240433,22.21090634508901
61-70970-0004_4077-13754-0003__T1__61-61-70970-0004__HSIMV2__8230-8230-279154-0027__SIRm3,61,4077,20,0.0,0.0,0.0,0.0,0.0,43.27708075290532,16.603160409407614
61-70970-0004_4077-13754-0003__T2__4077-4077-13754-0003__HSIMV2__8455-8455-210777-0009__SIRm3,4077,61,8,0.0,0.0,0.0,0.0,0.0,48.134070147128014,16.560548751459002
61-70970-0007_1995-1836-0011__T1__61-61-70970-0007__HSIMV2__8230-8230-279154-0010__SIRm3,61,1995,7,0.2857142857142857,0.2857142857142857,0.2857142857142857,0.2857142857142857,0.2857142857142857,24.733213173025405,4.819181284105385
61-70970-0007_1995-1836-0011__T2__1995-1995-1836-0011__HSIMV2__2094-2094-142345-0052__SIRm3,1995,61,8,0.0,0.0,0.0,0.0,0.0,62.327707628012135,22.18465573789463
61-70970-0007_4507-16021-0035__T1__61-61-70970-0007__HSIMV2__8230-8230-279154-0024__SIRm3,61,4507,7,0.0,0.0,0.0,0.0,0.0,33.0404288845026,13.506329446580496
61-70970-0007_4507-16021-0035__T2__4507-4507-16021-0035__HSIMV2__3729-3729-6852-0018__SIRm3,4507,61,11,0.0,0.0,0.0,0.0,0.0,52.5122553365355,18.831475051156367
61-70970-0009_2961-960-0022__T1__61-61-70970-0009__HSIMV2__7176-7176-88083-0020__SIRm3,61,2961,5,0.0,0.0,0.0,0.0,0.0,39.16135316023159,14.780979041703398
61-70970-0009_2961-960-0022__T2__2961-2961-960-0022__HSIMV2__3570-3570-5694-0000__SIRm3,2961,61,13,0.0,0.0,0.0,0.0,0.0,47.03920278468737,18.53041353454432
61-70970-0010_1188-133604-0005__T1__61-61-70970-0010__HSIMV2__7176-7176-88083-0017__SIRm3,61,1188,5,0.0,0.0,0.0,0.0,0.0,29.72462781302944,11.62640383863705
61-70970-0010_1188-133604-0005__T2__1188-1188-133604-0005__HSIMV2__61-61-70968-0016__SIRm3,1188,61,6,0.0,0.0,0.0,0.0,0.0,41.38198127209979,16.49955266837233
61-70970-0010_7021-85628-0022__T1__61-61-70970-0010__HSIMV2__8230-8230-279154-0041__SIRm3,61,7021,5,0.0,0.0,0.0,0.0,0.0,44.60285857983973,17.9425035317784
61-70970-0010_7021-85628-0022__T2__7021-7021-85628-0022__HSIMV2__5105-5105-28233-0009__SIRm3,7021,61,9,0.0,0.0,0.0,0.0,0.0,52.49191990542209,20.63209622239884
61-70970-0011_1995-1826-0009__T1__61-61-70970-0011__HSIMV2__8230-8230-279154-0004__SIRm3,61,1995,11,0.0,0.0,0.0,0.0,0.0,43.13394093768864,15.239418348235665
61-70970-0011_1995-1826-0009__T2__1995-1995-1826-0009__HSIMV2__2094-2094-142345-0039__SIRm3,1995,61,11,0.09090909090909091,0.0,0.0,0.0,0.0,52.88201480477156,21.52619699549385
61-70970-0011_4077-13751-0002__T1__61-61-70970-0011__HSIMV2__7176-7176-92135-0014__SIRm3,61,4077,11,0.0,0.0,0.0,0.0,0.0,38.98878443469254,15.219263381147808
61-70970-0011_4077-13751-0002__T2__4077-4077-13751-0002__HSIMV2__8455-8455-210777-0018__SIRm3,4077,61,9,0.0,0.0,0.0,0.0,0.0,46.24797344820331,16.497251273896335
61-70970-0011_8230-279154-0028__T1__61-61-70970-0011__HSIMV2__8230-8230-279154-0022__SIRm3,61,8230,11,0.0,0.0,0.0,0.0,0.0,42.24142880904185,15.239154348236994
61-70970-0011_8230-279154-0028__T2__8230-8230-279154-0028__HSIMV2__61-61-70970-0014__SIRm3,8230,61,5,0.0,0.0,0.0,0.0,0.0,33.24818524764059,15.666226134369882
61-70970-0012_1995-1826-0000__T1__61-61-70970-0012__HSIMV2__7176-7176-92135-0000__SIRm3,61,1995,5,0.0,0.0,0.0,0.0,0.0,43.568983579137786,14.49742495979278
61-70970-0012_1995-1826-0000__T2__1995-1995-1826-0000__HSIMV2__2094-2094-142345-0027__SIRm3,1995,61,10,0.0,0.0,0.0,0.0,0.0,51.26580364077587,21.114565812185425
61-70970-0013_4507-16021-0035__T1__61-61-70970-0013__HSIMV2__8230-8230-279154-0011__SIRm3,61,4507,7,0.14285714285714285,0.14285714285714285,0.14285714285714285,0.14285714285714285,0.14285714285714285,35.087350267878115,5.246026936073643
61-70970-0013_4507-16021-0035__T2__4507-4507-16021-0035__HSIMV2__3729-3729-6852-0044__SIRm3,4507,61,12,0.0,0.0,0.0,0.0,0.0,46.771297876036435,18.525646835418968
61-70970-0013_7127-75947-0021__T1__61-61-70970-0013__HSIMV2__7176-7176-92135-0032__SIRm3,61,7127,5,0.0,0.0,0.0,0.0,0.0,42.67327430591148,16.840467824770037
61-70970-0013_7127-75947-0021__T2__7127-7127-75947-0021__HSIMV2__8455-8455-210777-0022__SIRm3,7127,61,6,0.0,0.0,0.0,0.0,0.0,45.533119653615834,17.450580398445904
61-70970-0014_2830-3980-0029__T1__61-61-70970-0014__HSIMV2__8230-8230-279154-0040__SIRm3,61,2830,5,0.0,0.0,0.0,0.0,0.0,30.11400577143389,11.60777386338286
61-70970-0014_2830-3980-0029__T2__2830-2830-3980-0029__HSIMV2__1188-1188-133604-0016__SIRm3,2830,61,17,0.0,0.0,0.0,0.0,0.0,44.67995046020381,17.470689135377466
61-70970-0015_4446-2275-0019__T1__61-61-70970-0015__HSIMV2__8230-8230-279154-0023__SIRm3,61,4446,11,0.0,0.0,0.0,0.0,0.0,39.08363026475718,16.271729673075253
61-70970-0015_4446-2275-0019__T2__4446-4446-2275-0019__HSIMV2__1284-1284-1180-0006__SIRm3,4446,61,8,0.0,0.0,0.0,0.0,0.0,56.97747751515479,19.299573265922035
61-70970-0015_7127-75946-0018__T1__61-61-70970-0015__HSIMV2__8230-8230-279154-0013__SIRm3,61,7127,15,0.0,0.0,0.0,0.0,0.0,38.071234895388294,14.218615271519306
61-70970-0015_7127-75946-0018__T2__7127-7127-75946-0018__HSIMV2__8455-8455-210777-0019__SIRm3,7127,61,15,0.0,0.0,0.0,0.0,0.0,49.29840969878593,16.276956729789205
61-70970-0016_672-122797-0012__T1__61-61-70970-0016__HSIMV2__7176-7176-92135-0009__SIRm3,61,672,7,0.0,0.0,0.0,0.0,0.0,31.04525790891083,9.003957167796749
61-70970-0016_672-122797-0012__T2__672-672-122797-0012__HSIMV2__1320-1320-122617-0004__SIRm3,672,61,14,0.0,0.0,0.0,0.0,0.0,47.41638779162137,17.693167800444286
61-70970-0018_2300-131720-0010__T1__61-61-70970-0018__HSIMV2__7176-7176-92135-0000__SIRm3,61,2300,8,0.0,0.0,0.0,0.0,0.0,38.41066031138572,15.983899650848688
61-70970-0018_2300-131720-0010__T2__2300-2300-131720-0010__HSIMV2__61-61-70968-0034__SIRm3,2300,61,7,0.0,0.0,0.0,0.0,0.0,54.92544465158682,20.425258555331485
61-70970-0020_4507-16021-0018__T1__61-61-70970-0020__HSIMV2__8230-8230-279154-0004__SIRm3,61,4507,9,0.0,0.0,0.0,0.0,0.0,43.670613770930586,16.88121638423169
61-70970-0020_4507-16021-0018__T2__4507-4507-16021-0018__HSIMV2__3729-3729-6852-0043__SIRm3,4507,61,5,0.0,0.0,0.0,0.0,0.0,56.42656414134806,18.002502852036457
61-70970-0020_4507-16021-0031__T1__61-61-70970-0020__HSIMV2__8230-8230-279154-0026__SIRm3,61,4507,9,0.3333333333333333,0.3333333333333333,0.2222222222222222,0.0,0.0,17.17874188834358,6.722884529914724
61-70970-0020_4507-16021-0031__T2__4507-4507-16021-0031__HSIMV2__3729-3729-6852-0018__SIRm3,4507,61,11,0.09090909090909091,0.0,0.0,0.0,0.0,52.64935509705815,19.43526084343324
61-70970-0021_8230-279154-0035__T1__61-61-70970-0021__HSIMV2__7176-7176-92135-0043__SIRm3,61,8230,9,0.0,0.0,0.0,0.0,0.0,46.14353210324865,15.524311476689313
61-70970-0021_8230-279154-0035__T2__8230-8230-279154-0035__HSIMV2__1089-1089-134686-0031__SIRm3,8230,61,12,0.0,0.0,0.0,0.0,0.0,51.154230691085225,20.151953359256
61-70970-0022_1580-141083-0053__T1__61-61-70970-0022__HSIMV2__8230-8230-279154-0014__SIRm3,61,1580,6,0.0,0.0,0.0,0.0,0.0,42.50523386533022,16.500304568400583
61-70970-0022_1580-141083-0053__T2__1580-1580-141083-0053__HSIMV2__237-237-126133-0007__SIRm3,1580,61,7,0.14285714285714285,0.2857142857142857,0.14285714285714285,0.0,0.0,55.4789254419727,21.20623063817232
61-70970-0022_237-134500-0034__T1__61-61-70970-0022__HSIMV2__8230-8230-279154-0004__SIRm3,61,237,6,0.0,0.0,0.0,0.0,0.0,42.283509524266556,15.90884022328304
61-70970-0022_237-134500-0034__T2__237-237-134500-0034__HSIMV2__1580-1580-141083-0032__SIRm3,237,61,5,0.0,0.0,0.0,0.0,0.0,44.04128041935937,16.96196418425937
61-70970-0023_3570-5696-0007__T1__61-61-70970-0023__HSIMV2__8230-8230-279154-0003__SIRm3,61,3570,5,0.0,0.0,0.0,0.0,0.0,40.10883748837341,16.278566277867444
61-70970-0023_3570-5696-0007__T2__3570-3570-5696-0007__HSIMV2__4507-4507-16021-0058__SIRm3,3570,61,5,0.0,0.0,0.0,0.0,0.0,51.463545044907825,20.125322068643506
61-70970-0023_908-31957-0009__T1__61-61-70970-0023__HSIMV2__7176-7176-92135-0036__SIRm3,61,908,6,0.0,0.0,0.0,0.0,0.0,38.17800092856817,11.497296337038392
61-70970-0023_908-31957-0009__T2__908-908-31957-0009__HSIMV2__7176-7176-92135-0017__SIRm3,908,61,13,0.0,0.0,0.0,0.0,0.0,42.6888985041464,17.02196955471841
61-70970-0024_2961-961-0018__T1__61-61-70970-0024__HSIMV2__7176-7176-88083-0016__SIRm3,61,2961,6,0.0,0.0,0.0,0.0,0.0,47.67263172440497,16.717727564122107
61-70970-0024_2961-961-0018__T2__2961-2961-961-0018__HSIMV2__3570-3570-5695-0010__SIRm3,2961,61,8,0.0,0.0,0.0,0.0,0.0,55.28271767833695,20.43124169509718
61-70970-0025_4992-41806-0009__T1__61-61-70970-0025__HSIMV2__8230-8230-279154-0034__SIRm3,61,4992,13,0.0,0.0,0.0,0.0,0.0,45.58276370048827,17.23235669273655
61-70970-0025_4992-41806-0009__T2__4992-4992-41806-0009__HSIMV2__4446-4446-2271-0018__SIRm3,4992,61,7,0.0,0.0,0.0,0.0,0.0,47.16568682360445,18.832823038038605
61-70970-0026_6829-68769-0028__T1__61-61-70970-0026__HSIMV2__7176-7176-92135-0006__SIRm3,61,6829,9,0.0,0.0,0.0,0.0,0.0,41.55767712461847,15.775198597623955
61-70970-0026_6829-68769-0028__T2__6829-6829-68769-0028__HSIMV2__4446-4446-2271-0024__SIRm3,6829,61,5,0.0,0.0,0.0,0.0,0.0,49.04056506538402,20.1164030261183
61-70970-0026_8555-292519-0005__T1__61-61-70970-0026__HSIMV2__8230-8230-279154-0024__SIRm3,61,8555,9,0.0,0.0,0.0,0.0,0.0,53.94878389417921,18.404087365645207
61-70970-0026_8555-292519-0005__T2__8555-8555-292519-0005__HSIMV2__4970-4970-29095-0029__SIRm3,8555,61,6,0.0,0.0,0.0,0.0,0.0,76.07310302257046,22.77692088588184
61-70970-0027_5142-33396-0024__T1__61-61-70970-0027__HSIMV2__7176-7176-88083-0024__SIRm3,61,5142,9,0.0,0.0,0.0,0.0,0.0,38.98116630744482,15.190113826705067
61-70970-0027_5142-33396-0024__T2__5142-5142-33396-0024__HSIMV2__4970-4970-29093-0010__SIRm3,5142,61,9,0.0,0.0,0.0,0.0,0.0,52.78294503595451,19.44853965443027
61-70970-0028_2300-131720-0013__T1__61-61-70970-0028__HSIMV2__8230-8230-279154-0006__SIRm3,61,2300,12,0.0,0.0,0.0,0.0,0.0,45.78477714397664,16.86235458614498
61-70970-0028_2300-131720-0013__T2__2300-2300-131720-0013__HSIMV2__61-61-70968-0033__SIRm3,2300,61,10,0.0,0.0,0.0,0.0,0.0,47.26121634441301,17.17617650838738
61-70970-0028_908-31957-0009__T1__61-61-70970-0028__HSIMV2__8230-8230-279154-0033__SIRm3,61,908,12,0.0,0.0,0.0,0.0,0.0,49.82291307489481,17.600329020113506
61-70970-0028_908-31957-0009__T2__908-908-31957-0009__HSIMV2__7176-7176-88083-0005__SIRm3,908,61,8,0.0,0.0,0.0,0.0,0.0,36.49137842191995,16.28872001390136
61-70970-0029_1221-135767-0007__T1__61-61-70970-0029__HSIMV2__8230-8230-279154-0036__SIRm3,61,1221,5,0.0,0.0,0.0,0.0,0.0,40.751323356534364,8.26612723016184
61-70970-0029_1221-135767-0007__T2__1221-1221-135767-0007__HSIMV2__4992-4992-41797-0017__SIRm3,1221,61,16,0.0,0.0,0.0,0.0,0.0,48.11823510767271,18.537870186167773
61-70970-0029_5142-36377-0000__T1__61-61-70970-0029__HSIMV2__8230-8230-279154-0017__SIRm3,61,5142,7,0.0,0.0,0.0,0.0,0.0,42.426104304030964,15.1436254851611
61-70970-0029_5142-36377-0000__T2__5142-5142-36377-0000__HSIMV2__4970-4970-29095-0009__SIRm3,5142,61,5,0.0,0.0,0.0,0.0,0.0,63.359503573325014,22.921642786906723
61-70970-0030_1320-122617-0020__T1__61-61-70970-0030__HSIMV2__8230-8230-279154-0040__SIRm3,61,1320,5,0.8,1.0,0.8,1.0,0.8,-33.86019234651669,-17.05944778512946
61-70970-0030_1320-122617-0020__T2__1320-1320-122617-0020__HSIMV2__5105-5105-28241-0013__SIRm3,1320,61,8,0.0,0.0,0.0,0.0,0.0,50.42358169812054,19.87556308540019
61-70970-0031_1320-122617-0000__T1__61-61-70970-0031__HSIMV2__7176-7176-92135-0016__SIRm3,61,1320,9,0.0,0.0,0.0,0.0,0.0,46.02021599291746,15.643507183339215
61-70970-0031_1320-122617-0000__T2__1320-1320-122617-0000__HSIMV2__5105-5105-28240-0000__SIRm3,1320,61,9,0.1111111111111111,0.1111111111111111,0.0,0.0,0.0,51.45430454415501,19.455046012231684
61-70970-0031_4992-23283-0010__T1__61-61-70970-0031__HSIMV2__8230-8230-279154-0022__SIRm3,61,4992,9,0.0,0.0,0.0,0.0,0.0,41.225640623581036,13.916363424616431
61-70970-0031_4992-23283-0010__T2__4992-4992-23283-0010__HSIMV2__4446-4446-2273-0034__SIRm3,4992,61,6,0.0,0.0,0.0,0.0,0.0,61.052478297608225,19.467975761991763
61-70970-0032_7176-88083-0017__T1__61-61-70970-0032__HSIMV2__7176-7176-88083-0000__SIRm3,61,7176,5,0.0,0.0,0.0,0.0,0.0,29.999448518044233,8.830150478462118
61-70970-0032_7176-88083-0017__T2__7176-7176-88083-0017__HSIMV2__61-61-70970-0039__SIRm3,7176,61,6,0.0,0.0,0.0,0.0,0.0,25.92671243744536,10.00281089664079
61-70970-0033_5142-33396-0026__T1__61-61-70970-0033__HSIMV2__7176-7176-92135-0042__SIRm3,61,5142,5,0.0,0.0,0.0,0.0,0.0,40.66862411880623,16.594017939342528
61-70970-0033_5142-33396-0026__T2__5142-5142-33396-0026__HSIMV2__4970-4970-29095-0036__SIRm3,5142,61,5,0.2,0.0,0.0,0.0,0.0,26.4238830898582,7.263060947435051
61-70970-0034_4507-16021-0005__T1__61-61-70970-0034__HSIMV2__8230-8230-279154-0011__SIRm3,61,4507,7,0.7142857142857143,0.7142857142857143,0.7142857142857143,0.5714285714285714,0.5714285714285714,-7.937937479635065,-5.973516207050729
61-70970-0034_4507-16021-0005__T2__4507-4507-16021-0005__HSIMV2__3729-3729-6852-0044__SIRm3,4507,61,7,0.0,0.0,0.0,0.0,0.0,42.14294103124145,17.365057413001253
61-70970-0034_908-31957-0020__T1__61-61-70970-0034__HSIMV2__8230-8230-279154-0003__SIRm3,61,908,5,0.4,0.4,0.4,0.4,0.4,8.031769661943372,-6.440178726176836
61-70970-0034_908-31957-0020__T2__908-908-31957-0020__HSIMV2__7176-7176-88083-0002__SIRm3,908,61,10,0.0,0.0,0.0,0.0,0.0,42.75204105642575,17.32416246882464
61-70970-0035_5142-33396-0012__T1__61-61-70970-0035__HSIMV2__7176-7176-88083-0017__SIRm3,61,5142,6,0.0,0.0,0.0,0.0,0.0,17.24344359630519,8.572336388641165
61-70970-0035_5142-33396-0012__T2__5142-5142-33396-0012__HSIMV2__4970-4970-29095-0004__SIRm3,5142,61,8,0.0,0.0,0.0,0.0,0.0,49.68398017653985,18.71330961569433
61-70970-0036_1089-134686-0016__T1__61-61-70970-0036__HSIMV2__8230-8230-279154-0020__SIRm3,61,1089,12,0.0,0.0,0.0,0.0,0.0,38.03324016097757,12.677543061654829
61-70970-0036_1089-134686-0016__T2__1089-1089-134686-0016__HSIMV2__8230-8230-279154-0010__SIRm3,1089,61,6,0.0,0.0,0.0,0.0,0.0,51.18782326078616,16.60427067862703
61-70970-0036_2961-960-0001__T1__61-61-70970-0036__HSIMV2__8230-8230-279154-0041__SIRm3,61,2961,12,0.0,0.0,0.0,0.0,0.0,49.86755383647242,16.288755668613234
61-70970-0036_2961-960-0001__T2__2961-2961-960-0001__HSIMV2__3570-3570-5695-0014__SIRm3,2961,61,15,0.0,0.0,0.0,0.0,0.0,58.72555145061957,20.07797415284071
61-70970-0036_8555-284447-0002__T1__61-61-70970-0036__HSIMV2__8230-8230-279154-0033__SIRm3,61,8555,12,0.0,0.0,0.0,0.0,0.0,49.3769808521241,17.051278437966893
61-70970-0036_8555-284447-0002__T2__8555-8555-284447-0002__HSIMV2__4970-4970-29095-0022__SIRm3,8555,61,8,0.0,0.0,0.0,0.0,0.0,46.08877568135387,20.936901058672028
61-70970-0037_1089-134691-0017__T1__61-61-70970-0037__HSIMV2__8230-8230-279154-0017__SIRm3,61,1089,10,0.0,0.0,0.0,0.0,0.0,48.29887485735311,14.328942168283906
61-70970-0037_1089-134691-0017__T2__1089-1089-134691-0017__HSIMV2__8230-8230-279154-0006__SIRm3,1089,61,14,0.0,0.0,0.0,0.0,0.0,48.06080679883117,18.047892208211103
61-70970-0038_6829-68771-0020__T1__61-61-70970-0038__HSIMV2__7176-7176-88083-0006__SIRm3,61,6829,7,0.0,0.0,0.0,0.0,0.0,44.9318206314959,15.402444665732553
61-70970-0038_6829-68771-0020__T2__6829-6829-68771-0020__HSIMV2__4446-4446-2275-0013__SIRm3,6829,61,6,0.0,0.0,0.0,0.0,0.0,52.624459042576795,18.02847960491553
61-70970-0039_5105-28233-0001__T1__61-61-70970-0039__HSIMV2__8230-8230-279154-0012__SIRm3,61,5105,6,0.0,0.0,0.0,0.0,0.0,25.064343996404215,6.369192165805621
61-70970-0039_5105-28233-0001__T2__5105-5105-28233-0001__HSIMV2__1320-1320-122617-0005__SIRm3,5105,61,7,0.0,0.0,0.0,0.0,0.0,50.4979905066577,19.305073468165624
61-70970-0039_5105-28240-0000__T1__61-61-70970-0039__HSIMV2__7176-7176-92135-0008__SIRm3,61,5105,7,0.0,0.0,0.0,0.0,0.0,33.640225038110295,15.387022436956798
61-70970-0039_5105-28240-0000__T2__5105-5105-28240-0000__HSIMV2__1320-1320-122617-0031__SIRm3,5105,61,9,0.0,0.0,0.0,0.0,0.0,53.37924696395135,19.08120512137348
61-70970-0040_7729-102255-0019__T1__61-61-70970-0040__HSIMV2__8230-8230-279154-0018__SIRm3,61,7729,7,0.0,0.0,0.0,0.0,0.0,36.22374326823252,5.947743423060899
61-70970-0040_7729-102255-0019__T2__7729-7729-102255-0019__HSIMV2__7176-7176-88083-0018__SIRm3,7729,61,16,0.0,0.0,0.0,0.0,0.0,42.55652968599961,15.938264672912036
672-122797-0000_8455-210777-0019__T1__672-672-122797-0000__HSIMV2__260-260-123286-0006__SIRm3,672,8455,7,0.0,0.0,0.0,0.0,0.0,44.598910871446854,17.66162278846218
672-122797-0000_8455-210777-0019__T2__8455-8455-210777-0019__HSIMV2__1320-1320-122617-0019__SIRm3,8455,672,15,0.0,0.0,0.0,0.0,0.0,49.6576416764405,19.405279101049363
672-122797-0002_237-126133-0012__T1__672-672-122797-0002__HSIMV2__260-260-123440-0015__SIRm3,672,237,10,0.0,0.0,0.0,0.0,0.0,52.48792650871506,19.376112337640983
672-122797-0002_237-126133-0012__T2__237-237-126133-0012__HSIMV2__5683-5683-32866-0017__SIRm3,237,672,7,0.0,0.0,0.0,0.0,0.0,48.954331323743006,19.51926098328064
672-122797-0002_7729-102255-0012__T1__672-672-122797-0002__HSIMV2__260-260-123286-0028__SIRm3,672,7729,12,0.08333333333333333,0.08333333333333333,0.0,0.0,0.0,43.706756271660346,17.363707569229444
672-122797-0002_7729-102255-0012__T2__7729-7729-102255-0012__HSIMV2__7176-7176-88083-0016__SIRm3,7729,672,6,0.0,0.0,0.0,0.0,0.0,47.99754577732919,15.130717617492865
672-122797-0003_1284-1180-0024__T1__672-672-122797-0003__HSIMV2__1320-1320-122617-0031__SIRm3,672,1284,8,0.25,0.125,0.125,0.0,0.0,31.92673526857423,16.61663391386613
672-122797-0003_1284-1180-0024__T2__1284-1284-1180-0024__HSIMV2__1580-1580-141084-0021__SIRm3,1284,672,7,0.0,0.0,0.0,0.0,0.0,58.40350899242934,20.577050901736737
672-122797-0003_4446-2275-0010__T1__672-672-122797-0003__HSIMV2__260-260-123288-0007__SIRm3,672,4446,8,0.75,0.5,0.375,1.0,0.375,-14.541875238430485,-3.898827846601951
672-122797-0003_4446-2275-0010__T2__4446-4446-2275-0010__HSIMV2__1284-1284-1180-0014__SIRm3,4446,672,6,0.0,0.0,0.0,0.0,0.0,47.29356742979337,16.53800918131089
672-122797-0003_61-70968-0048__T1__672-672-122797-0003__HSIMV2__260-260-123286-0017__SIRm3,672,61,6,0.16666666666666666,0.0,0.0,0.0,0.0,29.493442522771247,9.86535598836019
672-122797-0003_61-70968-0048__T2__61-61-70968-0048__HSIMV2__8230-8230-279154-0029__SIRm3,61,672,5,0.0,0.0,0.0,0.0,0.0,36.555443941424016,14.239229625496757
672-122797-0004_8455-210777-0013__T1__672-672-122797-0004__HSIMV2__260-260-123288-0025__SIRm3,672,8455,19,0.05263157894736842,0.05263157894736842,0.05263157894736842,0.0,0.0,45.16084226109707,16.264891042386637
672-122797-0004_8455-210777-0013__T2__8455-8455-210777-0013__HSIMV2__1320-1320-122617-0027__SIRm3,8455,672,10,0.0,0.0,0.0,0.0,0.0,55.03199736595275,19.416878844835004
672-122797-0005_260-123440-0018__T1__672-672-122797-0005__HSIMV2__1320-1320-122617-0018__SIRm3,672,260,5,0.0,0.0,0.0,0.0,0.0,62.211883259698254,21.416745508243817
672-122797-0005_260-123440-0018__T2__260-260-123440-0018__HSIMV2__6930-6930-76324-0003__SIRm3,260,672,5,0.0,0.0,0.0,0.0,0.0,50.913195668319986,18.136794503379253
672-122797-0006_4077-13751-0002__T1__672-672-122797-0006__HSIMV2__260-260-123440-0008__SIRm3,672,4077,6,0.0,0.0,0.0,0.0,0.0,32.90255493997292,14.317027835049032
672-122797-0006_4077-13751-0002__T2__4077-4077-13751-0002__HSIMV2__8455-8455-210777-0004__SIRm3,4077,672,14,0.0,0.0,0.0,0.0,0.0,41.370810897672634,17.52866938266167
672-122797-0006_5683-32865-0017__T1__672-672-122797-0006__HSIMV2__260-260-123286-0007__SIRm3,672,5683,8,1.0,1.0,1.0,1.0,1.0,-42.84724364674511,-24.5750190525296
672-122797-0006_5683-32865-0017__T2__5683-5683-32865-0017__HSIMV2__237-237-126133-0015__SIRm3,5683,672,9,1.0,1.0,1.0,1.0,1.0,-43.21205966733409,-26.65974562865489
672-122797-0010_237-134500-0021__T1__672-672-122797-0010__HSIMV2__1320-1320-122617-0014__SIRm3,672,237,6,1.0,1.0,1.0,1.0,1.0,-35.02845362540146,-17.86512532606805
672-122797-0010_237-134500-0021__T2__237-237-134500-0021__HSIMV2__1580-1580-141084-0001__SIRm3,237,672,5,0.0,0.0,0.0,0.0,0.0,54.8636569653234,19.119279559926007
672-122797-0010_4077-13751-0015__T1__672-672-122797-0010__HSIMV2__260-260-123440-0007__SIRm3,672,4077,5,0.0,0.0,0.0,0.0,0.0,43.5142569465399,18.207964125033783
672-122797-0010_4077-13751-0015__T2__4077-4077-13751-0015__HSIMV2__8455-8455-210777-0052__SIRm3,4077,672,8,0.0,0.0,0.0,0.0,0.0,51.62013259639809,18.35327396010576
672-122797-0012_260-123440-0002__T1__672-672-122797-0012__HSIMV2__260-260-123288-0000__SIRm3,672,260,5,0.4,0.2,0.2,0.6,0.2,-1.3810516854269672,0.5775610018382005
672-122797-0012_260-123440-0002__T2__260-260-123440-0002__HSIMV2__672-672-122797-0065__SIRm3,260,672,5,0.2,0.2,0.2,0.0,0.0,43.73595918456697,10.58791317431733
672-122797-0013_908-31957-0001__T1__672-672-122797-0013__HSIMV2__260-260-123286-0006__SIRm3,672,908,13,0.9230769230769231,1.0,0.9230769230769231,1.0,0.9230769230769231,-36.366819310408864,-18.677768322289907
672-122797-0013_908-31957-0001__T2__908-908-31957-0001__HSIMV2__7176-7176-92135-0008__SIRm3,908,672,7,1.0,1.0,1.0,1.0,1.0,-47.84298317788382,-25.69764442410064
672-122797-0016_6930-81414-0027__T1__672-672-122797-0016__HSIMV2__260-260-123440-0019__SIRm3,672,6930,12,0.0,0.0,0.0,0.0,0.0,44.18528901002341,15.742994200490696
672-122797-0016_6930-81414-0027__T2__6930-6930-81414-0027__HSIMV2__260-260-123440-0005__SIRm3,6930,672,5,0.0,0.0,0.0,0.0,0.0,50.60874067048768,18.40709874005492
672-122797-0016_8463-294828-0006__T1__672-672-122797-0016__HSIMV2__1320-1320-122617-0033__SIRm3,672,8463,17,1.0,1.0,1.0,1.0,1.0,-51.74997427560773,-25.1393259835646
672-122797-0016_8463-294828-0006__T2__8463-8463-294828-0006__HSIMV2__4992-4992-41797-0002__SIRm3,8463,672,10,0.0,0.0,0.0,0.0,0.0,49.56865769976324,17.87940392840343
672-122797-0017_260-123286-0020__T1__672-672-122797-0017__HSIMV2__1320-1320-122617-0021__SIRm3,672,260,8,1.0,1.0,1.0,1.0,1.0,-44.025245088341435,-23.701902002731376
672-122797-0017_260-123286-0020__T2__260-260-123286-0020__HSIMV2__6930-6930-75918-0000__SIRm3,260,672,5,0.0,0.8,0.0,0.0,0.0,45.60252210839359,17.888775779216125
672-122797-0018_61-70970-0019__T1__672-672-122797-0018__HSIMV2__1320-1320-122617-0020__SIRm3,672,61,8,0.0,0.0,0.0,0.0,0.0,51.643490740633766,19.635284294897414
672-122797-0018_61-70970-0019__T2__61-61-70970-0019__HSIMV2__7176-7176-88083-0023__SIRm3,61,672,6,0.0,0.0,0.0,0.0,0.0,46.820323579624706,15.361467713154031
672-122797-0018_8230-279154-0041__T1__672-672-122797-0018__HSIMV2__260-260-123288-0007__SIRm3,672,8230,8,1.0,1.0,1.0,1.0,1.0,-46.907399536087425,-50.16610786077224
672-122797-0018_8230-279154-0041__T2__8230-8230-279154-0041__HSIMV2__61-61-70968-0009__SIRm3,8230,672,8,0.125,0.125,0.0,0.0,0.0,31.954169187349365,16.257378527015007
672-122797-0019_2830-3980-0001__T1__672-672-122797-0019__HSIMV2__260-260-123440-0019__SIRm3,672,2830,7,0.42857142857142855,0.42857142857142855,0.42857142857142855,0.14285714285714285,0.14285714285714285,9.250314749248632,6.186999200011146
672-122797-0019_2830-3980-0001__T2__2830-2830-3980-0001__HSIMV2__1188-1188-133604-0036__SIRm3,2830,672,6,0.0,0.0,0.0,0.0,0.0,46.77748797039999,19.048416687480653
672-122797-0019_4507-16021-0033__T1__672-672-122797-0019__HSIMV2__260-260-123286-0031__SIRm3,672,4507,7,0.5714285714285714,0.0,0.0,0.5714285714285714,0.0,-0.7510868060241599,1.581776347759733
672-122797-0019_4507-16021-0033__T2__4507-4507-16021-0033__HSIMV2__3729-3729-6852-0032__SIRm3,4507,672,10,0.0,0.0,0.0,0.0,0.0,53.29149227727014,18.74155785133522
672-122797-0019_7176-92135-0016__T1__672-672-122797-0019__HSIMV2__1320-1320-122612-0012__SIRm3,672,7176,7,1.0,1.0,1.0,1.0,1.0,-36.29128801548762,-21.703568310503176
672-122797-0019_7176-92135-0016__T2__7176-7176-92135-0016__HSIMV2__61-61-70968-0013__SIRm3,7176,672,7,0.0,0.0,0.0,0.0,0.0,42.09518592065255,16.550529902441596
672-122797-0020_5105-28233-0006__T1__672-672-122797-0020__HSIMV2__260-260-123440-0010__SIRm3,672,5105,14,0.0,0.0,0.0,0.0,0.0,50.81727323124294,18.45088049110384
672-122797-0020_5105-28233-0006__T2__5105-5105-28233-0006__HSIMV2__1320-1320-122617-0005__SIRm3,5105,672,7,0.0,0.0,0.0,0.0,0.0,53.388027436494994,19.13814259619714
672-122797-0021_4446-2273-0032__T1__672-672-122797-0021__HSIMV2__1320-1320-122612-0000__SIRm3,672,4446,7,0.0,0.0,0.0,0.0,0.0,57.518919149752726,20.8462319871052
672-122797-0021_4446-2273-0032__T2__4446-4446-2273-0032__HSIMV2__4992-4992-23283-0017__SIRm3,4446,672,14,0.0,0.0,0.0,0.0,0.0,57.21507918599305,19.12180837351972
672-122797-0021_5683-32866-0005__T1__672-672-122797-0021__HSIMV2__260-260-123440-0007__SIRm3,672,5683,5,0.0,0.0,0.0,0.0,0.0,48.287950094162674,14.365030501257555
672-122797-0021_5683-32866-0005__T2__5683-5683-32866-0005__HSIMV2__237-237-134500-0022__SIRm3,5683,672,8,1.0,1.0,1.0,1.0,1.0,-55.16647673172534,-28.229631751513427
672-122797-0021_7021-79759-0003__T1__672-672-122797-0021__HSIMV2__1320-1320-122617-0012__SIRm3,672,7021,7,0.0,0.0,0.0,0.0,0.0,49.18488347784994,19.027846709870857
672-122797-0021_7021-79759-0003__T2__7021-7021-79759-0003__HSIMV2__5105-5105-28240-0014__SIRm3,7021,672,5,0.0,0.0,0.0,0.0,0.0,47.29326904840023,18.87367604732046
672-122797-0023_237-134500-0002__T1__672-672-122797-0023__HSIMV2__1320-1320-122617-0034__SIRm3,672,237,17,0.0,0.0,0.0,0.0,0.0,46.998615790925115,18.0168765782704
672-122797-0023_237-134500-0002__T2__237-237-134500-0002__HSIMV2__1580-1580-141084-0002__SIRm3,237,672,9,0.0,0.0,0.0,0.0,0.0,54.67005150938617,19.24407585447808
672-122797-0024_2300-131720-0022__T1__672-672-122797-0024__HSIMV2__260-260-123440-0004__SIRm3,672,2300,7,0.0,0.0,0.0,0.0,0.0,45.08659270163235,17.75873527330963
672-122797-0024_2300-131720-0022__T2__2300-2300-131720-0022__HSIMV2__61-61-70968-0040__SIRm3,2300,672,6,0.0,0.0,0.0,0.0,0.0,57.21295697450109,16.092717745201227
672-122797-0027_2830-3980-0006__T1__672-672-122797-0027__HSIMV2__260-260-123286-0029__SIRm3,672,2830,8,0.0,0.0,0.0,0.0,0.0,41.449965486301956,16.069633436025732
672-122797-0027_2830-3980-0006__T2__2830-2830-3980-0006__HSIMV2__1188-1188-133604-0038__SIRm3,2830,672,9,0.0,0.0,0.0,0.0,0.0,58.28483163278424,18.452264885587216
672-122797-0027_3575-170457-0050__T1__672-672-122797-0027__HSIMV2__260-260-123286-0028__SIRm3,672,3575,8,0.0,0.0,0.0,0.0,0.0,48.01724690769991,17.19371165377936
672-122797-0027_3575-170457-0050__T2__3575-3575-170457-0050__HSIMV2__237-237-126133-0021__SIRm3,3575,672,7,0.0,0.0,0.0,0.0,0.0,64.61180956376631,20.57364345673703
672-122797-0029_3575-170457-0040__T1__672-672-122797-0029__HSIMV2__260-260-123440-0018__SIRm3,672,3575,5,0.0,0.0,0.0,0.0,0.0,51.9287554216127,21.36081176031381
672-122797-0029_3575-170457-0040__T2__3575-3575-170457-0040__HSIMV2__237-237-126133-0004__SIRm3,3575,672,5,0.0,0.0,0.0,0.0,0.0,54.850499642440504,21.705137296971373
672-122797-0029_4446-2273-0001__T1__672-672-122797-0029__HSIMV2__260-260-123286-0022__SIRm3,672,4446,5,0.2,0.0,0.0,0.0,0.0,38.86214394987364,19.79923821179769
672-122797-0029_4446-2273-0001__T2__4446-4446-2273-0001__HSIMV2__1284-1284-1180-0008__SIRm3,4446,672,8,0.0,0.0,0.0,0.0,0.0,50.370097594293995,18.57084171127858
672-122797-0029_6829-68769-0026__T1__672-672-122797-0029__HSIMV2__1320-1320-122617-0003__SIRm3,672,6829,5,0.0,0.0,0.0,0.0,0.0,48.322744268751386,20.976900141086816
672-122797-0029_6829-68769-0026__T2__6829-6829-68769-0026__HSIMV2__4446-4446-2275-0000__SIRm3,6829,672,8,0.0,0.0,0.0,0.0,0.0,47.14344756480898,15.534431828529785
672-122797-0030_6930-76324-0009__T1__672-672-122797-0030__HSIMV2__1320-1320-122617-0039__SIRm3,672,6930,8,0.125,0.125,0.125,0.0,0.0,21.79520635571208,12.289682567238604
672-122797-0030_6930-76324-0009__T2__6930-6930-76324-0009__HSIMV2__1320-1320-122617-0018__SIRm3,6930,672,5,0.0,0.0,0.0,0.0,0.0,50.3550633312301,17.91187285119339
672-122797-0031_1089-134686-0016__T1__672-672-122797-0031__HSIMV2__260-260-123288-0012__SIRm3,672,1089,6,1.0,1.0,1.0,1.0,1.0,-50.66655152302034,-19.531440501517324
672-122797-0031_1089-134686-0016__T2__1089-1089-134686-0016__HSIMV2__8230-8230-279154-0011__SIRm3,1089,672,6,0.0,0.0,0.0,0.0,0.0,40.50639487769778,15.423522704136357
672-122797-0031_4992-23283-0014__T1__672-672-122797-0031__HSIMV2__1320-1320-122612-0012__SIRm3,672,4992,6,1.0,1.0,1.0,1.0,1.0,-55.798814440515436,-30.89953122360979
672-122797-0031_4992-23283-0014__T2__4992-4992-23283-0014__HSIMV2__4446-4446-2273-0016__SIRm3,4992,672,8,0.0,0.125,0.0,0.0,0.0,55.37070842678105,19.12145968742476
672-122797-0031_908-31957-0013__T1__672-672-122797-0031__HSIMV2__260-260-123286-0011__SIRm3,672,908,6,0.0,0.0,0.0,0.0,0.0,39.34351637614583,19.74523472399147
672-122797-0031_908-31957-0013__T2__908-908-31957-0013__HSIMV2__7176-7176-92135-0022__SIRm3,908,672,11,0.0,0.0,0.0,0.0,0.0,53.348935736179925,19.47132349401524
672-122797-0032_3570-5696-0005__T1__672-672-122797-0032__HSIMV2__260-260-123288-0002__SIRm3,672,3570,7,0.0,0.0,0.0,0.0,0.0,41.15044319385738,16.445133924994934
672-122797-0032_3570-5696-0005__T2__3570-3570-5696-0005__HSIMV2__4507-4507-16021-0021__SIRm3,3570,672,25,0.04,0.0,0.0,0.0,0.0,58.23205020950601,21.37569655629366
672-122797-0034_4992-41806-0007__T1__672-672-122797-0034__HSIMV2__260-260-123288-0003__SIRm3,672,4992,9,0.0,0.0,0.0,0.0,0.0,41.430629528405184,17.278629554695197
672-122797-0034_4992-41806-0007__T2__4992-4992-41806-0007__HSIMV2__4446-4446-2273-0019__SIRm3,4992,672,5,0.0,0.0,0.0,0.0,0.0,61.68960067588425,21.890671924931446
672-122797-0034_61-70968-0026__T1__672-672-122797-0034__HSIMV2__1320-1320-122617-0004__SIRm3,672,61,9,0.0,0.0,0.0,0.0,0.0,51.3801705633238,19.151049065492696
672-122797-0034_61-70968-0026__T2__61-61-70968-0026__HSIMV2__7176-7176-92135-0040__SIRm3,61,672,8,0.0,0.0,0.0,0.0,0.0,52.815509040542985,17.33924394690445
672-122797-0036_7176-92135-0020__T1__672-672-122797-0036__HSIMV2__260-260-123288-0009__SIRm3,672,7176,5,0.0,0.0,0.0,0.0,0.0,39.53072675002085,18.87864550679313
672-122797-0036_7176-92135-0020__T2__7176-7176-92135-0020__HSIMV2__61-61-70968-0014__SIRm3,7176,672,13,0.07692307692307693,0.0,0.0,0.0,0.0,47.87496104327688,18.12017698539212
672-122797-0038_4992-41797-0017__T1__672-672-122797-0038__HSIMV2__1320-1320-122617-0024__SIRm3,672,4992,14,0.0,0.0,0.0,0.0,0.0,51.84617421763232,20.36848470055557
672-122797-0038_4992-41797-0017__T2__4992-4992-41797-0017__HSIMV2__4446-4446-2275-0007__SIRm3,4992,672,16,0.0,0.0,0.0,0.0,0.0,54.01263522872607,20.22898672741549
672-122797-0038_5683-32866-0002__T1__672-672-122797-0038__HSIMV2__260-260-123288-0013__SIRm3,672,5683,16,0.0625,0.125,0.0,0.0,0.0,41.92996859917167,17.406229328753497
672-122797-0038_5683-32866-0002__T2__5683-5683-32866-0002__HSIMV2__237-237-134500-0037__SIRm3,5683,672,9,1.0,1.0,1.0,1.0,1.0,-36.00497417150713,-16.38146923313063
672-122797-0039_5142-33396-0053__T1__672-672-122797-0039__HSIMV2__260-260-123286-0029__SIRm3,672,5142,7,0.0,0.0,0.0,0.0,0.0,38.09252656640353,16.79383582491201
672-122797-0039_5142-33396-0053__T2__5142-5142-33396-0053__HSIMV2__4970-4970-29095-0005__SIRm3,5142,672,6,0.0,0.0,0.0,0.0,0.0,45.26988882480928,17.502604615913025
672-122797-0039_7127-75946-0015__T1__672-672-122797-0039__HSIMV2__1320-1320-122617-0024__SIRm3,672,7127,7,0.0,0.0,0.0,0.0,0.0,39.94467730672267,17.65884696903074
672-122797-0039_7127-75946-0015__T2__7127-7127-75946-0015__HSIMV2__8455-8455-210777-0031__SIRm3,7127,672,14,0.0,0.0,0.0,0.0,0.0,43.97696485357718,17.339899360371657
672-122797-0040_1089-134686-0036__T1__672-672-122797-0040__HSIMV2__1320-1320-122617-0012__SIRm3,672,1089,9,0.0,0.0,0.0,0.0,0.0,46.96323286777728,19.29706880178721
672-122797-0040_1089-134686-0036__T2__1089-1089-134686-0036__HSIMV2__8230-8230-279154-0028__SIRm3,1089,672,5,0.0,0.0,0.0,0.0,0.0,50.67424054597762,18.96030428479376
672-122797-0040_5683-32866-0024__T1__672-672-122797-0040__HSIMV2__260-260-123288-0001__SIRm3,672,5683,8,0.0,0.0,0.0,0.0,0.0,50.63172888424691,16.885372642637613
672-122797-0040_5683-32866-0024__T2__5683-5683-32866-0024__HSIMV2__237-237-134500-0034__SIRm3,5683,672,5,0.0,0.0,0.0,0.0,0.0,44.41451510304198,17.291447646010052
672-122797-0041_7021-85628-0021__T1__672-672-122797-0041__HSIMV2__260-260-123440-0014__SIRm3,672,7021,6,0.0,0.0,0.0,0.0,0.0,57.71720358446431,20.130400410718924
672-122797-0041_7021-85628-0021__T2__7021-7021-85628-0021__HSIMV2__5105-5105-28240-0016__SIRm3,7021,672,7,0.0,0.0,0.0,0.0,0.0,47.85669535510552,14.352048715655387
672-122797-0044_7127-75946-0003__T1__672-672-122797-0044__HSIMV2__1320-1320-122617-0014__SIRm3,672,7127,6,0.0,0.0,0.0,0.0,0.0,53.000163181082804,20.37416301692189
672-122797-0044_7127-75946-0003__T2__7127-7127-75946-0003__HSIMV2__8455-8455-210777-0036__SIRm3,7127,672,8,0.0,0.0,0.0,0.0,0.0,48.34389144409753,16.921247648241426
672-122797-0045_2094-142345-0023__T1__672-672-122797-0045__HSIMV2__260-260-123286-0005__SIRm3,672,2094,8,0.0,0.0,0.0,0.0,0.0,47.783365821433804,17.1101108563221
672-122797-0045_2094-142345-0023__T2__2094-2094-142345-0023__HSIMV2__3729-3729-6852-0020__SIRm3,2094,672,9,0.0,0.0,0.0,0.0,0.0,47.96420481397123,19.15066344803021
672-122797-0046_237-126133-0011__T1__672-672-122797-0046__HSIMV2__260-260-123286-0013__SIRm3,672,237,8,0.0,0.0,0.0,0.0,0.0,30.43749853724865,14.852731361447084
672-122797-0046_237-126133-0011__T2__237-237-126133-0011__HSIMV2__5683-5683-32879-0002__SIRm3,237,672,12,0.0,0.0,0.0,0.0,0.0,52.49452561898811,20.95558815645704
672-122797-0046_2961-961-0003__T1__672-672-122797-0046__HSIMV2__260-260-123288-0008__SIRm3,672,2961,8,0.0,0.0,0.0,0.0,0.0,46.868608597041565,18.91017871090948
672-122797-0046_2961-961-0003__T2__2961-2961-961-0003__HSIMV2__3570-3570-5695-0012__SIRm3,2961,672,7,0.0,0.0,0.0,0.0,0.0,65.48171176002901,22.68978229869164
672-122797-0047_1284-1181-0014__T1__672-672-122797-0047__HSIMV2__260-260-123288-0001__SIRm3,672,1284,5,0.8,0.4,0.4,1.0,0.4,-38.74453836354634,-23.78839854483569
672-122797-0047_1284-1181-0014__T2__1284-1284-1181-0014__HSIMV2__4446-4446-2273-0023__SIRm3,1284,672,11,0.0,0.0,0.0,0.0,0.0,55.3270877798802,18.95996743530651
672-122797-0048_237-134500-0022__T1__672-672-122797-0048__HSIMV2__260-260-123440-0004__SIRm3,672,237,11,0.9090909090909091,0.8181818181818182,0.8181818181818182,1.0,0.8181818181818182,-52.09127555550472,-30.943977385968587
672-122797-0048_237-134500-0022__T2__237-237-134500-0022__HSIMV2__5683-5683-32879-0013__SIRm3,237,672,9,0.0,0.0,0.0,0.0,0.0,59.468025573106644,19.64003550261039
672-122797-0048_61-70968-0020__T1__672-672-122797-0048__HSIMV2__260-260-123288-0002__SIRm3,672,61,11,0.9090909090909091,0.9090909090909091,0.9090909090909091,0.8181818181818182,0.8181818181818182,-10.233176853480716,-1.5725885901140333
672-122797-0048_61-70968-0020__T2__61-61-70968-0020__HSIMV2__8230-8230-279154-0028__SIRm3,61,672,9,0.0,0.0,0.0,0.0,0.0,43.745857059674904,16.481930740816967
672-122797-0051_1580-141083-0016__T1__672-672-122797-0051__HSIMV2__1320-1320-122617-0025__SIRm3,672,1580,8,0.25,0.25,0.125,0.0,0.0,23.34992204357793,13.396847915005678
672-122797-0051_1580-141083-0016__T2__1580-1580-141083-0016__HSIMV2__237-237-126133-0015__SIRm3,1580,672,7,0.0,0.0,0.0,0.0,0.0,47.01772628634347,19.725139708419125
672-122797-0052_2961-960-0004__T1__672-672-122797-0052__HSIMV2__260-260-123288-0025__SIRm3,672,2961,7,0.0,0.0,0.0,0.0,0.0,45.373743352539066,18.11881519571827
672-122797-0052_2961-960-0004__T2__2961-2961-960-0004__HSIMV2__3570-3570-5696-0007__SIRm3,2961,672,15,0.0,0.0,0.0,0.0,0.0,53.06414894912901,20.114287909268228
672-122797-0052_4507-16021-0018__T1__672-672-122797-0052__HSIMV2__260-260-123286-0002__SIRm3,672,4507,7,0.0,0.0,0.0,0.0,0.0,27.27621655251215,14.777288192808008
672-122797-0052_4507-16021-0018__T2__4507-4507-16021-0018__HSIMV2__3729-3729-6852-0041__SIRm3,4507,672,5,0.0,0.0,0.0,0.0,0.0,50.636693138208315,19.027998294599502
672-122797-0054_2830-3980-0038__T1__672-672-122797-0054__HSIMV2__1320-1320-122617-0004__SIRm3,672,2830,7,0.0,0.0,0.0,0.0,0.0,46.15026248395422,17.97764686315646
672-122797-0054_2830-3980-0038__T2__2830-2830-3980-0038__HSIMV2__8230-8230-279154-0011__SIRm3,2830,672,10,0.0,0.0,0.0,0.0,0.0,54.55884926931257,19.37689589622864
672-122797-0055_61-70970-0021__T1__672-672-122797-0055__HSIMV2__260-260-123288-0004__SIRm3,672,61,6,0.0,0.0,0.0,0.0,0.0,56.387840862452926,16.700328773450835
672-122797-0055_61-70970-0021__T2__61-61-70970-0021__HSIMV2__8230-8230-279154-0027__SIRm3,61,672,9,0.0,0.0,0.0,0.0,0.0,46.6622508505044,17.10219709199233
672-122797-0058_2300-131720-0029__T1__672-672-122797-0058__HSIMV2__1320-1320-122617-0019__SIRm3,672,2300,7,1.0,1.0,1.0,1.0,1.0,-40.81247152249981,-23.37271152031541
672-122797-0058_2300-131720-0029__T2__2300-2300-131720-0029__HSIMV2__61-61-70968-0025__SIRm3,2300,672,7,0.0,0.0,0.0,0.0,0.0,46.67048155224932,17.70951218949042
672-122797-0058_4992-23283-0019__T1__672-672-122797-0058__HSIMV2__260-260-123440-0020__SIRm3,672,4992,7,0.0,0.0,0.0,0.0,0.0,44.397170725032744,17.97039056430642
672-122797-0058_4992-23283-0019__T2__4992-4992-23283-0019__HSIMV2__4446-4446-2273-0022__SIRm3,4992,672,10,0.0,0.0,0.0,0.0,0.0,50.71730300176294,19.30262063277074
672-122797-0060_237-134500-0015__T1__672-672-122797-0060__HSIMV2__260-260-123288-0002__SIRm3,672,237,5,0.0,0.0,0.0,0.0,0.0,43.184721014436676,17.14617365679529
672-122797-0060_237-134500-0015__T2__237-237-134500-0015__HSIMV2__5683-5683-32866-0002__SIRm3,237,672,9,0.0,0.0,0.0,0.0,0.0,58.52497444372986,22.036572494234747
672-122797-0060_7729-102255-0035__T1__672-672-122797-0060__HSIMV2__1320-1320-122617-0021__SIRm3,672,7729,5,1.0,1.0,1.0,1.0,1.0,-55.47972111260035,-32.90846242882256
672-122797-0060_7729-102255-0035__T2__7729-7729-102255-0035__HSIMV2__7176-7176-88083-0022__SIRm3,7729,672,10,0.0,0.0,0.0,0.0,0.0,44.10851621489345,16.244800981387545
672-122797-0060_8455-210777-0038__T1__672-672-122797-0060__HSIMV2__260-260-123288-0022__SIRm3,672,8455,5,0.0,0.2,0.0,0.6,0.0,3.28284219756438,-0.4073648457463323
672-122797-0060_8455-210777-0038__T2__8455-8455-210777-0038__HSIMV2__1320-1320-122612-0005__SIRm3,8455,672,10,0.0,0.0,0.0,0.0,0.0,51.03947663734965,20.37407894351084
672-122797-0061_260-123286-0018__T1__672-672-122797-0061__HSIMV2__260-260-123286-0005__SIRm3,672,260,8,0.0,0.0,0.0,0.0,0.0,35.92652116484989,14.64732150672654
672-122797-0061_260-123286-0018__T2__260-260-123286-0018__HSIMV2__672-672-122797-0046__SIRm3,260,672,8,0.0,0.0,0.0,0.0,0.0,44.54082941595466,16.78930528732212
672-122797-0061_2961-961-0015__T1__672-672-122797-0061__HSIMV2__1320-1320-122617-0005__SIRm3,672,2961,7,1.0,1.0,1.0,1.0,1.0,-52.15812371794738,-29.452830816530465
672-122797-0061_2961-961-0015__T2__2961-2961-961-0015__HSIMV2__3570-3570-5694-0020__SIRm3,2961,672,12,0.0,0.0,0.0,0.0,0.0,60.478775793400246,22.033573661582505
672-122797-0063_1320-122617-0025__T1__672-672-122797-0063__HSIMV2__1320-1320-122617-0002__SIRm3,672,1320,9,0.1111111111111111,0.1111111111111111,0.1111111111111111,0.0,0.0,34.04626028612129,18.95816894079402
672-122797-0063_1320-122617-0025__T2__1320-1320-122617-0025__HSIMV2__8455-8455-210777-0014__SIRm3,1320,672,7,0.0,0.0,0.0,0.0,0.0,46.45505294463068,18.54992457280752
672-122797-0063_1580-141084-0002__T1__672-672-122797-0063__HSIMV2__260-260-123288-0011__SIRm3,672,1580,9,0.0,0.0,0.0,0.0,0.0,40.15384564532457,15.966978528661317
672-122797-0063_1580-141084-0002__T2__1580-1580-141084-0002__HSIMV2__237-237-134500-0027__SIRm3,1580,672,5,0.0,0.0,0.0,0.0,0.0,55.07111655157807,19.819174898647155
672-122797-0063_4446-2275-0042__T1__672-672-122797-0063__HSIMV2__1320-1320-122612-0014__SIRm3,672,4446,6,0.0,0.0,0.0,0.0,0.0,41.27993351500183,15.446473727923408
672-122797-0063_4446-2275-0042__T2__4446-4446-2275-0042__HSIMV2__4992-4992-41806-0011__SIRm3,4446,672,9,0.0,0.0,0.0,0.0,0.0,54.06387808558403,20.03838451233286
672-122797-0064_8455-210777-0057__T1__672-672-122797-0064__HSIMV2__260-260-123440-0005__SIRm3,672,8455,5,0.0,0.0,0.0,0.0,0.0,55.399057740870845,18.16529697080325
672-122797-0064_8455-210777-0057__T2__8455-8455-210777-0057__HSIMV2__1320-1320-122612-0004__SIRm3,8455,672,11,0.0,0.18181818181818182,0.0,0.0,0.0,47.20577461487565,19.0023428248242
672-122797-0065_8230-279154-0004__T1__672-672-122797-0065__HSIMV2__260-260-123286-0006__SIRm3,672,8230,5,0.2,0.0,0.0,0.2,0.0,7.277396843840523,3.1697189115695465
672-122797-0065_8230-279154-0004__T2__8230-8230-279154-0004__HSIMV2__61-61-70968-0040__SIRm3,8230,672,6,0.0,0.0,0.0,0.0,0.0,47.01971165355718,16.754189255039407
672-122797-0066_1221-135766-0004__T1__672-672-122797-0066__HSIMV2__260-260-123286-0008__SIRm3,672,1221,6,0.0,0.0,0.0,0.0,0.0,43.28533546736609,16.99146074420897
672-122797-0066_1221-135766-0004__T2__1221-1221-135766-0004__HSIMV2__4992-4992-23283-0005__SIRm3,1221,672,13,0.0,0.0,0.0,0.0,0.0,50.496907372042955,17.02491306674265
672-122797-0066_7127-75947-0035__T1__672-672-122797-0066__HSIMV2__1320-1320-122612-0012__SIRm3,672,7127,8,0.0,0.0,0.0,0.0,0.0,48.971129024827846,18.455622015982
672-122797-0066_7127-75947-0035__T2__7127-7127-75947-0035__HSIMV2__8455-8455-210777-0024__SIRm3,7127,672,7,0.0,0.0,0.0,0.0,0.0,48.37057157472803,16.44174444949007
672-122797-0067_6930-81414-0007__T1__672-672-122797-0067__HSIMV2__260-260-123286-0019__SIRm3,672,6930,22,0.0,0.0,0.0,0.0,0.0,42.624387569731624,16.138339624787793
672-122797-0067_6930-81414-0007__T2__6930-6930-81414-0007__HSIMV2__260-260-123286-0015__SIRm3,6930,672,7,0.0,0.0,0.0,0.0,0.0,50.176147539955316,19.753269985460467
672-122797-0068_2094-142345-0056__T1__672-672-122797-0068__HSIMV2__260-260-123440-0016__SIRm3,672,2094,7,0.0,0.0,0.0,0.0,0.0,49.78772897919796,18.594777015516183
672-122797-0068_2094-142345-0056__T2__2094-2094-142345-0056__HSIMV2__3729-3729-6852-0013__SIRm3,2094,672,5,0.0,0.0,0.0,0.0,0.0,48.47266532864885,17.299266361704706
672-122797-0068_7127-75947-0024__T1__672-672-122797-0068__HSIMV2__260-260-123286-0029__SIRm3,672,7127,7,0.7142857142857143,0.7142857142857143,0.7142857142857143,0.7142857142857143,0.7142857142857143,-5.557060288054759,-4.059137011536702
672-122797-0068_7127-75947-0024__T2__7127-7127-75947-0024__HSIMV2__8455-8455-210777-0008__SIRm3,7127,672,13,0.0,0.0,0.0,0.0,0.0,44.740879083181305,16.91820852331005
672-122797-0069_6829-68771-0033__T1__672-672-122797-0069__HSIMV2__1320-1320-122617-0033__SIRm3,672,6829,9,0.0,0.0,0.0,0.0,0.0,47.435517007989176,18.83080975549205
672-122797-0069_6829-68771-0033__T2__6829-6829-68771-0033__HSIMV2__4446-4446-2275-0033__SIRm3,6829,672,9,0.0,0.0,0.0,0.0,0.0,54.09513441260821,18.86359881614478
672-122797-0070_3570-5695-0006__T1__672-672-122797-0070__HSIMV2__260-260-123286-0006__SIRm3,672,3570,11,0.0,0.0,0.0,0.0,0.0,42.72354072610958,19.062031635643507
672-122797-0070_3570-5695-0006__T2__3570-3570-5695-0006__HSIMV2__4507-4507-16021-0037__SIRm3,3570,672,9,0.0,0.0,0.0,0.0,0.0,56.75240786741657,22.15951256173854
672-122797-0071_4446-2271-0012__T1__672-672-122797-0071__HSIMV2__260-260-123440-0005__SIRm3,672,4446,5,0.0,0.0,0.0,0.0,0.0,53.223380808600325,18.303506831683627
672-122797-0071_4446-2271-0012__T2__4446-4446-2271-0012__HSIMV2__1284-1284-1180-0005__SIRm3,4446,672,6,1.0,1.0,1.0,1.0,1.0,-52.68534004529014,-31.73269239149393
672-122797-0072_237-134493-0011__T1__672-672-122797-0072__HSIMV2__260-260-123288-0018__SIRm3,672,237,5,0.0,0.0,0.0,0.0,0.0,43.63457465611979,17.39744181534595
672-122797-0072_237-134493-0011__T2__237-237-134493-0011__HSIMV2__5683-5683-32866-0001__SIRm3,237,672,5,0.0,0.0,0.0,0.0,0.0,46.610876249420514,18.525634519615107
672-122797-0072_4507-16021-0034__T1__672-672-122797-0072__HSIMV2__260-260-123286-0009__SIRm3,672,4507,10,0.1,0.0,0.0,0.0,0.0,38.751633595628526,17.78383824541955
672-122797-0072_4507-16021-0034__T2__4507-4507-16021-0034__HSIMV2__3729-3729-6852-0022__SIRm3,4507,672,15,0.0,0.0,0.0,0.0,0.0,52.51695359771841,17.643628769056697
672-122797-0073_1580-141084-0004__T1__672-672-122797-0073__HSIMV2__260-260-123286-0023__SIRm3,672,1580,10,0.1,0.0,0.0,0.0,0.0,43.86412806999797,16.35769790008186
672-122797-0073_1580-141084-0004__T2__1580-1580-141084-0004__HSIMV2__237-237-126133-0025__SIRm3,1580,672,6,0.0,0.0,0.0,0.0,0.0,44.8160973966118,17.310969527885074
672-122797-0073_7127-75946-0006__T1__672-672-122797-0073__HSIMV2__1320-1320-122617-0025__SIRm3,672,7127,11,0.09090909090909091,0.09090909090909091,0.09090909090909091,0.0,0.0,48.48106363874127,20.238319087754
672-122797-0073_7127-75946-0006__T2__7127-7127-75946-0006__HSIMV2__8455-8455-210777-0008__SIRm3,7127,672,14,0.0,0.07142857142857142,0.0,0.0,0.0,45.85679345018451,16.191295261062365
672-122797-0074_237-134493-0018__T1__672-672-122797-0074__HSIMV2__260-260-123440-0013__SIRm3,672,237,5,0.0,0.0,0.0,0.0,0.0,46.07934919363097,18.034970569037377
672-122797-0074_237-134493-0018__T2__237-237-134493-0018__HSIMV2__5683-5683-32866-0006__SIRm3,237,672,7,0.0,0.0,0.0,0.0,0.0,60.76767685429577,20.63721660774248
672-122797-0074_4507-16021-0057__T1__672-672-122797-0074__HSIMV2__1320-1320-122617-0040__SIRm3,672,4507,13,0.0,0.0,0.0,0.0,0.0,50.72988756390402,19.683532799277167
672-122797-0074_4507-16021-0057__T2__4507-4507-16021-0057__HSIMV2__3729-3729-6852-0011__SIRm3,4507,672,8,0.0,0.0,0.0,0.0,0.0,61.292906507402506,18.69198079793507
6829-68769-0000_7021-79740-0004__T1__6829-6829-68769-0000__HSIMV2__4446-4446-2273-0035__SIRm3,6829,7021,11,0.0,0.0,0.0,0.0,0.0,57.409285139638406,20.36270813021767
6829-68769-0000_7021-79740-0004__T2__7021-7021-79740-0004__HSIMV2__5105-5105-28241-0016__SIRm3,7021,6829,11,0.0,0.0,0.0,0.0,0.0,56.635560874956624,19.75509918663217
6829-68769-0001_7127-75946-0011__T1__6829-6829-68769-0001__HSIMV2__4446-4446-2275-0016__SIRm3,6829,7127,12,0.0,0.0,0.0,0.0,0.0,56.539727337892835,18.94977367569371
6829-68769-0001_7127-75946-0011__T2__7127-7127-75946-0011__HSIMV2__8455-8455-210777-0016__SIRm3,7127,6829,5,0.0,0.0,0.0,0.0,0.0,42.01068494772311,16.859615304021176
6829-68769-0001_7729-102255-0022__T1__6829-6829-68769-0001__HSIMV2__4970-4970-29093-0000__SIRm3,6829,7729,5,0.0,0.0,0.0,0.0,0.0,49.48256767313892,19.32690622940868
6829-68769-0001_7729-102255-0022__T2__7729-7729-102255-0022__HSIMV2__7176-7176-92135-0042__SIRm3,7729,6829,13,0.0,0.0,0.0,0.0,0.0,48.91813803668006,17.574271727319463
6829-68769-0002_3729-6852-0016__T1__6829-6829-68769-0002__HSIMV2__4446-4446-2273-0007__SIRm3,6829,3729,5,0.0,0.0,0.0,0.0,0.0,46.64347453384809,19.049750278476925
6829-68769-0002_3729-6852-0016__T2__3729-3729-6852-0016__HSIMV2__4507-4507-16021-0043__SIRm3,3729,6829,6,0.0,0.0,0.0,0.0,0.0,47.77995920699999,17.06646894765064
6829-68769-0003_1188-133604-0040__T1__6829-6829-68769-0003__HSIMV2__4446-4446-2271-0018__SIRm3,6829,1188,7,0.0,0.0,0.0,0.0,0.0,48.5593842943919,18.5091254214736
6829-68769-0003_1188-133604-0040__T2__1188-1188-133604-0040__HSIMV2__2830-2830-3980-0024__SIRm3,1188,6829,5,0.0,0.0,0.0,0.0,0.0,32.568420067212834,7.833048521498343
6829-68769-0003_8463-294825-0006__T1__6829-6829-68769-0003__HSIMV2__4970-4970-29095-0035__SIRm3,6829,8463,7,0.0,0.0,0.0,0.0,0.0,55.87137519448246,20.302621959487293
6829-68769-0003_8463-294825-0006__T2__8463-8463-294825-0006__HSIMV2__4992-4992-41797-0018__SIRm3,8463,6829,17,0.0,0.0,0.0,0.0,0.0,54.46680548010868,19.8060703128931
6829-68769-0004_5105-28240-0009__T1__6829-6829-68769-0004__HSIMV2__4970-4970-29095-0030__SIRm3,6829,5105,8,0.0,0.0,0.0,0.0,0.0,59.78090719986725,20.32522324251119
6829-68769-0004_5105-28240-0009__T2__5105-5105-28240-0009__HSIMV2__1320-1320-122612-0012__SIRm3,5105,6829,19,0.05263157894736842,0.0,0.0,0.0,0.0,31.45038539219506,15.818991932499165
6829-68769-0004_908-31957-0006__T1__6829-6829-68769-0004__HSIMV2__4446-4446-2275-0038__SIRm3,6829,908,8,0.0,0.0,0.0,0.0,0.0,47.30947512120248,17.166871765410683
6829-68769-0004_908-31957-0006__T2__908-908-31957-0006__HSIMV2__7176-7176-88083-0018__SIRm3,908,6829,10,1.0,1.0,1.0,1.0,1.0,-43.90118735979389,-24.844832897112767
6829-68769-0005_4970-29095-0036__T1__6829-6829-68769-0005__HSIMV2__4446-4446-2273-0004__SIRm3,6829,4970,9,0.0,0.0,0.0,0.0,0.0,52.043790164018894,19.51088422810237
6829-68769-0005_4970-29095-0036__T2__4970-4970-29095-0036__HSIMV2__8555-8555-284447-0003__SIRm3,4970,6829,7,0.0,0.0,0.0,0.0,0.0,63.544788096327075,23.13963477124598
6829-68769-0006_5683-32879-0020__T1__6829-6829-68769-0006__HSIMV2__4970-4970-29095-0001__SIRm3,6829,5683,13,0.0,0.0,0.0,0.0,0.0,58.591042355757196,21.004437212765584
6829-68769-0006_5683-32879-0020__T2__5683-5683-32879-0020__HSIMV2__237-237-134500-0018__SIRm3,5683,6829,12,0.0,0.0,0.0,0.0,0.0,55.65626313453117,21.690421927950087
6829-68769-0006_7176-88083-0005__T1__6829-6829-68769-0006__HSIMV2__4970-4970-29093-0014__SIRm3,6829,7176,7,0.0,0.0,0.0,0.0,0.0,58.4129271577376,22.93052741086908
6829-68769-0006_7176-88083-0005__T2__7176-7176-88083-0005__HSIMV2__61-61-70970-0026__SIRm3,7176,6829,8,0.0,0.0,0.0,0.0,0.0,44.957852734293745,16.0778195638985
6829-68769-0007_5142-33396-0031__T1__6829-6829-68769-0007__HSIMV2__4446-4446-2275-0035__SIRm3,6829,5142,6,0.0,0.0,0.0,0.0,0.0,55.39254667253521,19.68565277116408
6829-68769-0007_5142-33396-0031__T2__5142-5142-33396-0031__HSIMV2__4970-4970-29095-0003__SIRm3,5142,6829,14,0.07142857142857142,0.0,0.0,0.0,0.0,53.87125019191847,19.457836239230765
6829-68769-0008_2961-961-0014__T1__6829-6829-68769-0008__HSIMV2__4446-4446-2271-0020__SIRm3,6829,2961,8,0.0,0.0,0.0,0.0,0.0,55.84553594444837,17.623129871407098
6829-68769-0008_2961-961-0014__T2__2961-2961-961-0014__HSIMV2__3570-3570-5696-0007__SIRm3,2961,6829,17,0.0,0.0,0.0,0.0,0.0,52.96440727796993,19.539212363040825
6829-68769-0008_4992-41806-0004__T1__6829-6829-68769-0008__HSIMV2__4970-4970-29093-0012__SIRm3,6829,4992,8,0.0,0.0,0.0,0.0,0.0,54.12205269849358,19.20774655111917
6829-68769-0008_4992-41806-0004__T2__4992-4992-41806-0004__HSIMV2__4446-4446-2273-0022__SIRm3,4992,6829,6,0.0,0.0,0.0,0.0,0.0,67.70533410751888,17.343635724277913
6829-68769-0009_1188-133604-0033__T1__6829-6829-68769-0009__HSIMV2__4446-4446-2271-0003__SIRm3,6829,1188,6,0.0,0.0,0.0,0.0,0.0,48.975681289818674,18.39915483909638
6829-68769-0009_1188-133604-0033__T2__1188-1188-133604-0033__HSIMV2__2830-2830-3980-0073__SIRm3,1188,6829,12,0.0,0.0,0.0,0.0,0.0,43.679948574162985,18.02201590905472
6829-68769-0010_1320-122612-0013__T1__6829-6829-68769-0010__HSIMV2__4446-4446-2275-0008__SIRm3,6829,1320,5,0.0,0.0,0.0,0.0,0.0,39.00061867614813,9.553345027123656
6829-68769-0010_1320-122612-0013__T2__1320-1320-122612-0013__HSIMV2__5105-5105-28240-0000__SIRm3,1320,6829,9,0.0,0.0,0.0,0.0,0.0,52.379667241617135,19.609531328790748
6829-68769-0011_3729-6852-0028__T1__6829-6829-68769-0011__HSIMV2__4446-4446-2271-0008__SIRm3,6829,3729,8,0.0,0.0,0.0,0.0,0.0,51.111846512759826,18.80411050298302
6829-68769-0011_3729-6852-0028__T2__3729-3729-6852-0028__HSIMV2__4507-4507-16021-0022__SIRm3,3729,6829,9,0.0,0.1111111111111111,0.0,0.0,0.0,55.2899625796651,18.39877287694033
6829-68769-0011_8463-287645-0003__T1__6829-6829-68769-0011__HSIMV2__4970-4970-29095-0031__SIRm3,6829,8463,8,0.0,0.0,0.0,0.0,0.0,48.93032558402063,19.53173914609674
6829-68769-0011_8463-287645-0003__T2__8463-8463-287645-0003__HSIMV2__4992-4992-23283-0016__SIRm3,8463,6829,7,0.0,0.0,0.0,0.0,0.0,39.90490982489244,16.203311975161803
6829-68769-0012_1284-1181-0001__T1__6829-6829-68769-0012__HSIMV2__4970-4970-29095-0036__SIRm3,6829,1284,7,0.0,0.0,0.0,0.0,0.0,58.048902904468825,20.4332145277466
6829-68769-0012_1284-1181-0001__T2__1284-1284-1181-0001__HSIMV2__4446-4446-2275-0013__SIRm3,1284,6829,6,0.0,0.0,0.0,0.0,0.0,52.3434570158495,18.03487768260773
6829-68769-0012_8463-294828-0001__T1__6829-6829-68769-0012__HSIMV2__4970-4970-29095-0020__SIRm3,6829,8463,7,0.0,0.0,0.0,0.0,0.0,50.8974503537083,13.485770702494603
6829-68769-0012_8463-294828-0001__T2__8463-8463-294828-0001__HSIMV2__4992-4992-41806-0009__SIRm3,8463,6829,7,0.0,0.0,0.0,0.0,0.0,40.98999634118726,16.50539621751569
6829-68769-0014_7127-75947-0032__T1__6829-6829-68769-0014__HSIMV2__4970-4970-29093-0003__SIRm3,6829,7127,6,0.0,0.0,0.0,0.0,0.0,56.16903201882625,19.417165670589792
6829-68769-0014_7127-75947-0032__T2__7127-7127-75947-0032__HSIMV2__8455-8455-210777-0036__SIRm3,7127,6829,7,0.0,0.0,0.0,0.0,0.0,48.13200022674367,17.787056989618804
6829-68769-0015_1580-141084-0011__T1__6829-6829-68769-0015__HSIMV2__4970-4970-29095-0030__SIRm3,6829,1580,8,0.0,0.0,0.0,0.0,0.0,62.29505208397343,21.149587464447507
6829-68769-0015_1580-141084-0011__T2__1580-1580-141084-0011__HSIMV2__237-237-126133-0002__SIRm3,1580,6829,9,0.0,0.1111111111111111,0.0,0.0,0.0,49.67158306485586,21.03507177634868
6829-68769-0015_3575-170457-0050__T1__6829-6829-68769-0015__HSIMV2__4970-4970-29095-0020__SIRm3,6829,3575,12,0.0,0.0,0.0,0.0,0.0,55.80581421319721,17.787694992720375
6829-68769-0015_3575-170457-0050__T2__3575-3575-170457-0050__HSIMV2__237-237-134493-0000__SIRm3,3575,6829,7,0.0,0.14285714285714285,0.0,0.0,0.0,62.8494376984534,21.51945615126911
6829-68769-0015_4970-29095-0011__T1__6829-6829-68769-0015__HSIMV2__4970-4970-29095-0012__SIRm3,6829,4970,8,0.0,0.0,0.0,0.0,0.0,43.0799845530465,21.235152578129924
6829-68769-0015_4970-29095-0011__T2__4970-4970-29095-0011__HSIMV2__6829-6829-68771-0032__SIRm3,4970,6829,5,0.0,0.0,0.0,0.0,0.0,50.20878384629113,19.514767433740296
6829-68769-0020_3570-5696-0010__T1__6829-6829-68769-0020__HSIMV2__4446-4446-2273-0025__SIRm3,6829,3570,8,0.0,0.0,0.0,0.0,0.0,49.11731811489936,17.530896373486318
6829-68769-0020_3570-5696-0010__T2__3570-3570-5696-0010__HSIMV2__4507-4507-16021-0054__SIRm3,3570,6829,7,0.0,0.0,0.0,0.0,0.0,59.34751570764028,22.058253497238788
6829-68769-0020_8463-287645-0008__T1__6829-6829-68769-0020__HSIMV2__4970-4970-29095-0001__SIRm3,6829,8463,9,0.0,0.0,0.0,0.0,0.0,51.54544227292711,19.291621592872307
6829-68769-0020_8463-287645-0008__T2__8463-8463-287645-0008__HSIMV2__4992-4992-41797-0004__SIRm3,8463,6829,5,0.0,0.0,0.0,0.0,0.0,46.29810622891672,18.31574911790485
6829-68769-0021_1188-133604-0024__T1__6829-6829-68769-0021__HSIMV2__4970-4970-29095-0001__SIRm3,6829,1188,14,0.0,0.0,0.0,0.0,0.0,52.548353059593346,19.30414669605353
6829-68769-0021_1188-133604-0024__T2__1188-1188-133604-0024__HSIMV2__2830-2830-3980-0020__SIRm3,1188,6829,5,0.0,0.2,0.0,0.0,0.0,29.819952110983216,11.207915831609116
6829-68769-0021_672-122797-0054__T1__6829-6829-68769-0021__HSIMV2__4970-4970-29095-0014__SIRm3,6829,672,5,0.4,0.4,0.4,0.6,0.4,-4.92571987736371,-3.6021351286694854
6829-68769-0021_672-122797-0054__T2__672-672-122797-0054__HSIMV2__260-260-123440-0008__SIRm3,672,6829,6,0.0,0.0,0.0,0.0,0.0,47.0387784142223,17.11486095882799
6829-68769-0021_6930-81414-0024__T1__6829-6829-68769-0021__HSIMV2__4446-4446-2273-0005__SIRm3,6829,6930,7,0.0,0.0,0.0,0.0,0.0,40.06395880461993,14.390369607365528
6829-68769-0021_6930-81414-0024__T2__6930-6930-81414-0024__HSIMV2__260-260-123440-0012__SIRm3,6930,6829,9,0.0,0.0,0.0,0.0,0.0,56.52539991353381,19.596605132117016
6829-68769-0022_1580-141084-0031__T1__6829-6829-68769-0022__HSIMV2__4970-4970-29095-0014__SIRm3,6829,1580,5,0.6,0.4,0.4,0.8,0.4,-25.447990146441555,-11.609680310888256
6829-68769-0022_1580-141084-0031__T2__1580-1580-141084-0031__HSIMV2__237-237-134493-0000__SIRm3,1580,6829,7,0.0,0.0,0.0,0.0,0.0,53.82007116745398,18.495849210479243
6829-68769-0022_672-122797-0012__T1__6829-6829-68769-0022__HSIMV2__4970-4970-29093-0015__SIRm3,6829,672,5,0.0,0.0,0.0,0.0,0.0,52.33865037170674,19.48052577997833
6829-68769-0022_672-122797-0012__T2__672-672-122797-0012__HSIMV2__260-260-123288-0025__SIRm3,672,6829,14,1.0,1.0,1.0,1.0,1.0,-40.628274159024976,-22.16835248940371
6829-68769-0022_672-122797-0064__T1__6829-6829-68769-0022__HSIMV2__4970-4970-29093-0007__SIRm3,6829,672,7,0.0,0.0,0.0,0.0,0.0,58.57695189366905,19.217968101151573
6829-68769-0022_672-122797-0064__T2__672-672-122797-0064__HSIMV2__260-260-123286-0027__SIRm3,672,6829,11,0.0,0.0,0.0,0.0,0.0,52.35012578662618,19.84387618300795
6829-68769-0023_121-123859-0004__T1__6829-6829-68769-0023__HSIMV2__4970-4970-29095-0005__SIRm3,6829,121,8,0.0,0.0,0.0,0.0,0.0,60.14335633973977,21.211050883753643
6829-68769-0023_121-123859-0004__T2__121-121-123859-0004__HSIMV2__237-237-134500-0034__SIRm3,121,6829,5,1.0,1.0,1.0,1.0,1.0,-53.38664507383462,-31.20547632277854
6829-68769-0023_5105-28240-0012__T1__6829-6829-68769-0023__HSIMV2__4446-4446-2275-0005__SIRm3,6829,5105,7,0.0,0.0,0.0,0.0,0.0,47.72527782789593,18.783137500264864
6829-68769-0023_5105-28240-0012__T2__5105-5105-28240-0012__HSIMV2__7021-7021-79740-0000__SIRm3,5105,6829,8,0.0,0.0,0.0,0.0,0.0,48.45461876875657,18.421785639687265
6829-68769-0023_61-70970-0021__T1__6829-6829-68769-0023__HSIMV2__4970-4970-29093-0023__SIRm3,6829,61,8,0.0,0.0,0.0,0.0,0.0,48.87866293670373,20.198555295395806
6829-68769-0023_61-70970-0021__T2__61-61-70970-0021__HSIMV2__8230-8230-279154-0014__SIRm3,61,6829,9,0.0,0.0,0.0,0.0,0.0,43.617914430717775,14.901907080039296
6829-68769-0024_260-123286-0030__T1__6829-6829-68769-0024__HSIMV2__4970-4970-29095-0001__SIRm3,6829,260,8,0.0,0.0,0.0,0.0,0.0,53.333277954703924,19.17066019986622
6829-68769-0024_260-123286-0030__T2__260-260-123286-0030__HSIMV2__672-672-122797-0024__SIRm3,260,6829,7,0.0,0.0,0.0,0.0,0.0,58.42410650002767,20.28515590285772
6829-68769-0024_672-122797-0013__T1__6829-6829-68769-0024__HSIMV2__4970-4970-29093-0002__SIRm3,6829,672,8,0.0,0.0,0.0,0.0,0.0,60.18669363104168,20.45150721804029
6829-68769-0024_672-122797-0013__T2__672-672-122797-0013__HSIMV2__260-260-123286-0005__SIRm3,672,6829,8,0.0,0.0,0.0,0.0,0.0,37.130882559610825,15.147375429573188
6829-68769-0025_4992-23283-0018__T1__6829-6829-68769-0025__HSIMV2__4970-4970-29093-0020__SIRm3,6829,4992,9,0.0,0.0,0.0,0.0,0.0,61.33801698273607,21.3511947502916
6829-68769-0025_4992-23283-0018__T2__4992-4992-23283-0018__HSIMV2__4446-4446-2271-0024__SIRm3,4992,6829,5,0.0,0.0,0.0,0.0,0.0,55.21096224649405,19.93445751106232
6829-68769-0025_672-122797-0066__T1__6829-6829-68769-0025__HSIMV2__4446-4446-2271-0019__SIRm3,6829,672,6,0.0,0.0,0.0,0.0,0.0,47.9391987202953,16.695509775122666
6829-68769-0025_672-122797-0066__T2__672-672-122797-0066__HSIMV2__1320-1320-122617-0001__SIRm3,672,6829,8,0.0,0.0,0.0,0.0,0.0,50.36089440464866,18.38025931968686
6829-68769-0026_1284-1180-0030__T1__6829-6829-68769-0026__HSIMV2__4970-4970-29093-0013__SIRm3,6829,1284,8,0.0,0.0,0.0,0.0,0.0,48.609001757372056,18.477907628379235
6829-68769-0026_1284-1180-0030__T2__1284-1284-1180-0030__HSIMV2__4446-4446-2275-0041__SIRm3,1284,6829,8,0.0,0.0,0.0,0.0,0.0,50.68223114169192,20.15337708077749
6829-68769-0026_61-70970-0028__T1__6829-6829-68769-0026__HSIMV2__4446-4446-2273-0028__SIRm3,6829,61,8,0.0,0.0,0.0,0.0,0.0,49.789308105634255,15.68751337010789
6829-68769-0026_61-70970-0028__T2__61-61-70970-0028__HSIMV2__7176-7176-88083-0018__SIRm3,61,6829,12,0.0,0.0,0.0,0.0,0.0,46.290664539374006,15.467203671162974
6829-68769-0027_1089-134686-0010__T1__6829-6829-68769-0027__HSIMV2__4970-4970-29095-0003__SIRm3,6829,1089,5,0.0,0.0,0.0,0.0,0.0,43.33086192920952,18.455961955041488
6829-68769-0027_1089-134686-0010__T2__1089-1089-134686-0010__HSIMV2__8230-8230-279154-0007__SIRm3,1089,6829,7,0.0,0.0,0.0,0.0,0.0,54.926218867444085,18.578348855249423
6829-68769-0027_1221-135766-0009__T1__6829-6829-68769-0027__HSIMV2__4446-4446-2271-0024__SIRm3,6829,1221,5,0.0,0.0,0.0,0.0,0.0,36.491989958557,6.84257310127036
6829-68769-0027_1221-135766-0009__T2__1221-1221-135766-0009__HSIMV2__4992-4992-23283-0018__SIRm3,1221,6829,12,0.0,0.0,0.0,0.0,0.0,38.287443302889955,15.05952843912798
6829-68769-0028_4446-2273-0010__T1__6829-6829-68769-0028__HSIMV2__4446-4446-2275-0032__SIRm3,6829,4446,5,0.0,0.0,0.0,0.0,0.0,50.99722510674026,19.38040560386023
6829-68769-0028_4446-2273-0010__T2__4446-4446-2273-0010__HSIMV2__4992-4992-41806-0011__SIRm3,4446,6829,14,0.0,0.0,0.0,0.0,0.0,55.942036336457036,21.813737295777536
6829-68769-0028_5105-28240-0002__T1__6829-6829-68769-0028__HSIMV2__4970-4970-29093-0011__SIRm3,6829,5105,5,0.0,0.0,0.0,0.0,0.0,52.83519544123902,18.31404152328318
6829-68769-0028_5105-28240-0002__T2__5105-5105-28240-0002__HSIMV2__1320-1320-122617-0003__SIRm3,5105,6829,7,0.0,0.0,0.0,0.0,0.0,43.78514404300097,15.410276850100312
6829-68769-0030_2094-142345-0037__T1__6829-6829-68769-0030__HSIMV2__4970-4970-29093-0003__SIRm3,6829,2094,8,0.0,0.0,0.0,0.0,0.0,54.24084854595385,19.463642055470693
6829-68769-0030_2094-142345-0037__T2__2094-2094-142345-0037__HSIMV2__3729-3729-6852-0000__SIRm3,2094,6829,19,0.0,0.0,0.0,0.0,0.0,56.27461546456014,19.38510729568661
6829-68769-0031_1221-135766-0009__T1__6829-6829-68769-0031__HSIMV2__4446-4446-2273-0007__SIRm3,6829,1221,5,0.0,0.0,0.0,0.0,0.0,48.1139884408202,20.338525572213754
6829-68769-0031_1221-135766-0009__T2__1221-1221-135766-0009__HSIMV2__4992-4992-41797-0017__SIRm3,1221,6829,16,0.0,0.0,0.0,0.0,0.0,46.82307848171101,18.72823910077639
6829-68769-0031_260-123288-0000__T1__6829-6829-68769-0031__HSIMV2__4970-4970-29093-0001__SIRm3,6829,260,10,0.0,0.0,0.0,0.0,0.0,58.34004034172121,21.360790596308178
6829-68769-0031_260-123288-0000__T2__260-260-123288-0000__HSIMV2__672-672-122797-0005__SIRm3,260,6829,5,0.0,0.0,0.0,0.0,0.0,51.79133846293793,19.69185250290991
6829-68769-0031_260-123440-0014__T1__6829-6829-68769-0031__HSIMV2__4446-4446-2273-0019__SIRm3,6829,260,5,0.0,0.0,0.0,0.0,0.0,55.54365001124762,18.44368174309489
6829-68769-0031_260-123440-0014__T2__260-260-123440-0014__HSIMV2__6930-6930-81414-0014__SIRm3,260,6829,6,0.0,0.0,0.0,0.0,0.0,56.45195296978745,20.23580032143957
6829-68769-0032_1995-1826-0005__T1__6829-6829-68769-0032__HSIMV2__4970-4970-29095-0014__SIRm3,6829,1995,5,0.0,0.0,0.0,0.0,0.0,50.388953502970935,20.31831290167699
6829-68769-0032_1995-1826-0005__T2__1995-1995-1826-0005__HSIMV2__2094-2094-142345-0003__SIRm3,1995,6829,9,0.0,0.0,0.0,0.0,0.0,58.331284519257075,23.25171470155917
6829-68769-0032_2830-3980-0063__T1__6829-6829-68769-0032__HSIMV2__4970-4970-29095-0006__SIRm3,6829,2830,7,0.0,0.0,0.0,0.0,0.0,53.17316601504755,19.54504279178093
6829-68769-0032_2830-3980-0063__T2__2830-2830-3980-0063__HSIMV2__1188-1188-133604-0000__SIRm3,2830,6829,9,0.0,0.0,0.0,0.0,0.0,47.03879686543502,18.4123466088841
6829-68769-0032_8224-274384-0000__T1__6829-6829-68769-0032__HSIMV2__4446-4446-2271-0011__SIRm3,6829,8224,6,0.0,0.0,0.0,0.0,0.0,63.49179167960032,18.84532448700312
6829-68769-0032_8224-274384-0000__T2__8224-8224-274384-0000__HSIMV2__8455-8455-210777-0067__SIRm3,8224,6829,6,0.0,0.0,0.0,0.0,0.0,46.75626591643404,18.24370475962823
6829-68769-0033_5142-36377-0010__T1__6829-6829-68769-0033__HSIMV2__4446-4446-2273-0018__SIRm3,6829,5142,5,0.0,0.0,0.0,0.0,0.0,57.36556419133395,18.74272934088779
6829-68769-0033_5142-36377-0010__T2__5142-5142-36377-0010__HSIMV2__4970-4970-29093-0011__SIRm3,5142,6829,7,0.0,0.0,0.0,0.0,0.0,32.42740727372854,9.18901728212414
6829-68769-0034_5683-32866-0006__T1__6829-6829-68769-0034__HSIMV2__4446-4446-2275-0029__SIRm3,6829,5683,11,0.0,0.0,0.0,0.0,0.0,48.890238229997415,17.16032728167121
6829-68769-0034_5683-32866-0006__T2__5683-5683-32866-0006__HSIMV2__1221-1221-135766-0004__SIRm3,5683,6829,7,0.0,0.0,0.0,0.0,0.0,57.81330219540329,20.00274529428344
6829-68769-0036_7127-75946-0012__T1__6829-6829-68769-0036__HSIMV2__4970-4970-29093-0010__SIRm3,6829,7127,10,0.0,0.0,0.0,0.0,0.0,52.065221036841535,20.22530490295709
6829-68769-0036_7127-75946-0012__T2__7127-7127-75946-0012__HSIMV2__8455-8455-210777-0018__SIRm3,7127,6829,9,0.0,0.0,0.0,0.0,0.0,42.43225568873516,16.06659109143204
6829-68769-0039_2300-131720-0037__T1__6829-6829-68769-0039__HSIMV2__4970-4970-29095-0026__SIRm3,6829,2300,7,0.0,0.0,0.0,0.0,0.0,49.17820781900631,20.518233660748173
6829-68769-0039_2300-131720-0037__T2__2300-2300-131720-0037__HSIMV2__61-61-70968-0060__SIRm3,2300,6829,6,0.0,0.0,0.0,0.0,0.0,44.57332441391916,17.371494259654614
6829-68769-0039_5142-33396-0009__T1__6829-6829-68769-0039__HSIMV2__4446-4446-2275-0013__SIRm3,6829,5142,6,0.0,0.0,0.0,0.0,0.0,50.119585698002965,16.962442319864856
6829-68769-0039_5142-33396-0009__T2__5142-5142-33396-0009__HSIMV2__4970-4970-29095-0029__SIRm3,5142,6829,5,0.0,0.0,0.0,0.0,0.0,50.69929166020375,18.6712218375682
6829-68769-0039_61-70968-0055__T1__6829-6829-68769-0039__HSIMV2__4446-4446-2275-0032__SIRm3,6829,61,5,0.0,0.0,0.0,0.0,0.0,50.54810125426389,17.964946816631173
6829-68769-0039_61-70968-0055__T2__61-61-70968-0055__HSIMV2__7176-7176-92135-0012__SIRm3,61,6829,6,0.0,0.0,0.0,0.0,0.0,50.14387838846113,13.453336303549603
6829-68769-0040_237-126133-0007__T1__6829-6829-68769-0040__HSIMV2__4970-4970-29095-0018__SIRm3,6829,237,8,0.0,0.0,0.0,0.0,0.0,52.556475363332765,19.929643667371423
6829-68769-0040_237-126133-0007__T2__237-237-126133-0007__HSIMV2__5683-5683-32865-0016__SIRm3,237,6829,5,0.0,0.0,0.0,0.0,0.0,45.764871640251,19.09255569336899
6829-68769-0040_6930-75918-0002__T1__6829-6829-68769-0040__HSIMV2__4446-4446-2273-0010__SIRm3,6829,6930,8,0.0,0.0,0.0,0.0,0.0,56.78605575107916,20.30281715894045
6829-68769-0040_6930-75918-0002__T2__6930-6930-75918-0002__HSIMV2__260-260-123286-0028__SIRm3,6930,6829,9,0.0,0.0,0.0,0.0,0.0,44.28592313741553,17.290516734038007
6829-68769-0044_1320-122612-0008__T1__6829-6829-68769-0044__HSIMV2__4446-4446-2275-0019__SIRm3,6829,1320,5,0.0,0.0,0.0,0.0,0.0,57.088626342379165,19.544922851926053
6829-68769-0044_1320-122612-0008__T2__1320-1320-122612-0008__HSIMV2__5105-5105-28241-0005__SIRm3,1320,6829,14,0.0,0.0,0.0,0.0,0.0,52.127212021981634,19.9379993931436
6829-68769-0044_7021-79740-0009__T1__6829-6829-68769-0044__HSIMV2__4446-4446-2273-0001__SIRm3,6829,7021,5,0.0,0.0,0.0,0.0,0.0,53.66970686755726,18.33085558642046
6829-68769-0044_7021-79740-0009__T2__7021-7021-79740-0009__HSIMV2__5105-5105-28240-0002__SIRm3,7021,6829,6,0.0,0.16666666666666666,0.0,0.0,0.0,36.346063479872065,16.350027972003108
6829-68769-0048_1995-1837-0026__T1__6829-6829-68769-0048__HSIMV2__4970-4970-29095-0036__SIRm3,6829,1995,9,0.0,0.0,0.0,0.0,0.0,49.87545248852476,18.849241401878608
6829-68769-0048_1995-1837-0026__T2__1995-1995-1837-0026__HSIMV2__2094-2094-142345-0050__SIRm3,1995,6829,7,0.0,0.2857142857142857,0.0,0.0,0.0,52.33815608160376,21.122357983427943
6829-68769-0048_3575-170457-0009__T1__6829-6829-68769-0048__HSIMV2__4970-4970-29095-0022__SIRm3,6829,3575,8,0.0,0.0,0.0,0.0,0.0,55.89309836516576,20.209604816913064
6829-68769-0048_3575-170457-0009__T2__3575-3575-170457-0009__HSIMV2__237-237-126133-0007__SIRm3,3575,6829,12,0.0,0.0,0.0,0.0,0.0,47.35051447336201,14.689404774879144
6829-68769-0049_1284-1181-0001__T1__6829-6829-68769-0049__HSIMV2__4446-4446-2275-0032__SIRm3,6829,1284,5,0.0,0.0,0.0,0.0,0.0,44.67044164797251,18.11873744268353
6829-68769-0049_1284-1181-0001__T2__1284-1284-1181-0001__HSIMV2__1580-1580-141084-0026__SIRm3,1284,6829,12,0.0,0.0,0.0,0.0,0.0,60.25997280665223,20.406694252385417
6829-68769-0049_1320-122617-0001__T1__6829-6829-68769-0049__HSIMV2__4970-4970-29095-0016__SIRm3,6829,1320,12,0.0,0.0,0.0,0.0,0.0,57.375811647331666,18.73011059170929
6829-68769-0049_1320-122617-0001__T2__1320-1320-122617-0001__HSIMV2__5105-5105-28233-0003__SIRm3,1320,6829,27,0.0,0.0,0.0,0.0,0.0,57.37988821777044,19.953101361923963
6829-68769-0049_260-123286-0028__T1__6829-6829-68769-0049__HSIMV2__4970-4970-29095-0032__SIRm3,6829,260,12,0.0,0.0,0.0,0.0,0.0,45.43093560302685,17.38177867771064
6829-68769-0049_260-123286-0028__T2__260-260-123286-0028__HSIMV2__672-672-122797-0019__SIRm3,260,6829,7,0.14285714285714285,0.14285714285714285,0.14285714285714285,0.0,0.0,56.22392257831643,19.96369692558835
6829-68769-0049_4992-41806-0001__T1__6829-6829-68769-0049__HSIMV2__4446-4446-2275-0007__SIRm3,6829,4992,13,0.0,0.0,0.0,0.0,0.0,46.14125594404808,17.125779927276678
6829-68769-0049_4992-41806-0001__T2__4992-4992-41806-0001__HSIMV2__4446-4446-2273-0016__SIRm3,4992,6829,15,0.0,0.0,0.0,0.0,0.0,56.77609469741939,21.6433959198646
6829-68769-0051_4446-2275-0026__T1__6829-6829-68769-0051__HSIMV2__4970-4970-29095-0001__SIRm3,6829,4446,6,0.0,0.0,0.0,0.0,0.0,60.15613796120312,19.44054147975342
6829-68769-0051_4446-2275-0026__T2__4446-4446-2275-0026__HSIMV2__1284-1284-1180-0018__SIRm3,4446,6829,9,0.0,0.0,0.0,0.0,0.0,47.528314257954385,17.975544876187413
6829-68769-0051_61-70968-0024__T1__6829-6829-68769-0051__HSIMV2__4970-4970-29093-0008__SIRm3,6829,61,6,0.0,0.0,0.0,0.0,0.0,60.46532762765303,21.92935529703279
6829-68769-0051_61-70968-0024__T2__61-61-70968-0024__HSIMV2__8230-8230-279154-0003__SIRm3,61,6829,5,0.0,0.0,0.0,0.0,0.0,35.47634626674578,17.15327598508975
6829-68769-0053_1221-135766-0002__T1__6829-6829-68769-0053__HSIMV2__4970-4970-29093-0022__SIRm3,6829,1221,11,0.0,0.0,0.0,0.0,0.0,54.964046286922375,19.869047660299973
6829-68769-0053_1221-135766-0002__T2__1221-1221-135766-0002__HSIMV2__4992-4992-41806-0011__SIRm3,1221,6829,8,0.0,0.0,0.0,0.0,0.0,53.608779761512274,19.98742387302109
6829-68769-0053_1320-122617-0011__T1__6829-6829-68769-0053__HSIMV2__4446-4446-2275-0026__SIRm3,6829,1320,9,0.0,0.0,0.0,0.0,0.0,47.89836453359122,16.27171432506526
6829-68769-0053_1320-122617-0011__T2__1320-1320-122617-0011__HSIMV2__8455-8455-210777-0024__SIRm3,1320,6829,14,0.0,0.07142857142857142,0.0,0.0,0.0,47.702984080932914,18.31236803047597
6829-68769-0053_1580-141084-0002__T1__6829-6829-68769-0053__HSIMV2__4970-4970-29095-0007__SIRm3,6829,1580,11,0.0,0.0,0.0,0.0,0.0,57.77211834498624,21.06539572440054
6829-68769-0053_1580-141084-0002__T2__1580-1580-141084-0002__HSIMV2__237-237-126133-0010__SIRm3,1580,6829,10,0.0,0.0,0.0,0.0,0.0,52.40183328574769,19.411164397452872
6829-68769-0053_908-157963-0005__T1__6829-6829-68769-0053__HSIMV2__4970-4970-29095-0016__SIRm3,6829,908,11,0.0,0.0,0.0,0.0,0.0,54.45102587856722,21.00177257590565
6829-68769-0053_908-157963-0005__T2__908-908-157963-0005__HSIMV2__7176-7176-92135-0006__SIRm3,908,6829,13,0.0,0.0,0.0,0.0,0.0,48.85168246510515,17.880399589839094
6829-68771-0001_2094-142345-0027__T1__6829-6829-68771-0001__HSIMV2__4970-4970-29093-0009__SIRm3,6829,2094,17,0.0,0.0,0.0,0.0,0.0,55.443810238915944,19.24019991603222
6829-68771-0001_2094-142345-0027__T2__2094-2094-142345-0027__HSIMV2__3729-3729-6852-0016__SIRm3,2094,6829,7,0.0,0.0,0.0,0.0,0.0,49.934011386449065,19.437866640274024
6829-68771-0002_5142-33396-0048__T1__6829-6829-68771-0002__HSIMV2__4446-4446-2271-0021__SIRm3,6829,5142,6,0.0,0.0,0.0,0.0,0.0,52.856446466748174,17.891255778510743
6829-68771-0002_5142-33396-0048__T2__5142-5142-33396-0048__HSIMV2__4970-4970-29095-0023__SIRm3,5142,6829,6,0.0,0.0,0.0,0.0,0.0,54.888560428948985,20.34556622829862
6829-68771-0002_61-70970-0040__T1__6829-6829-68771-0002__HSIMV2__4970-4970-29093-0013__SIRm3,6829,61,15,0.0,0.0,0.0,0.0,0.0,56.04328566246239,17.89683035947105
6829-68771-0002_61-70970-0040__T2__61-61-70970-0040__HSIMV2__8230-8230-279154-0041__SIRm3,61,6829,7,0.0,0.0,0.0,0.0,0.0,48.00589813474835,16.48775903274246
6829-68771-0003_1089-134686-0028__T1__6829-6829-68771-0003__HSIMV2__4446-4446-2275-0012__SIRm3,6829,1089,7,0.0,0.0,0.0,0.0,0.0,50.579627309804096,17.978747790666407
6829-68771-0003_1089-134686-0028__T2__1089-1089-134686-0028__HSIMV2__8230-8230-279154-0029__SIRm3,1089,6829,14,0.0,0.0,0.0,0.0,0.0,49.768132330862734,18.44650003307075
6829-68771-0004_121-127105-0029__T1__6829-6829-68771-0004__HSIMV2__4970-4970-29093-0023__SIRm3,6829,121,15,0.0,0.0,0.0,0.0,0.0,46.861365967834004,16.989081346802337
6829-68771-0004_121-127105-0029__T2__121-121-127105-0029__HSIMV2__237-237-126133-0009__SIRm3,121,6829,6,0.0,0.0,0.0,0.0,0.0,41.146147150427716,19.85953428688225
6829-68771-0004_2961-961-0000__T1__6829-6829-68771-0004__HSIMV2__4970-4970-29095-0011__SIRm3,6829,2961,5,0.0,0.0,0.0,0.0,0.0,51.01564910515693,21.41783258392106
6829-68771-0004_2961-961-0000__T2__2961-2961-961-0000__HSIMV2__3570-3570-5694-0022__SIRm3,2961,6829,7,0.0,0.0,0.0,0.0,0.0,53.42168477357007,20.589870645892688
6829-68771-0004_672-122797-0047__T1__6829-6829-68771-0004__HSIMV2__4446-4446-2273-0009__SIRm3,6829,672,7,0.0,0.0,0.0,0.0,0.0,52.286501243855774,18.63397892314612
6829-68771-0004_672-122797-0047__T2__672-672-122797-0047__HSIMV2__1320-1320-122612-0002__SIRm3,672,6829,5,1.0,0.8,0.8,1.0,0.8,-34.92921842035496,-16.02789572271804
6829-68771-0006_3729-6852-0027__T1__6829-6829-68771-0006__HSIMV2__4446-4446-2273-0023__SIRm3,6829,3729,10,0.0,0.0,0.0,0.0,0.0,53.55172509237987,18.78697344424523
6829-68771-0006_3729-6852-0027__T2__3729-3729-6852-0027__HSIMV2__4507-4507-16021-0049__SIRm3,3729,6829,5,0.0,0.0,0.0,0.0,0.0,64.79363157476453,21.7287262704063
6829-68771-0006_5105-28241-0016__T1__6829-6829-68771-0006__HSIMV2__4970-4970-29095-0003__SIRm3,6829,5105,10,0.0,0.0,0.0,0.0,0.0,49.47525360867102,19.1913541200398
6829-68771-0006_5105-28241-0016__T2__5105-5105-28241-0016__HSIMV2__1320-1320-122617-0015__SIRm3,5105,6829,9,0.0,0.0,0.0,0.0,0.0,53.2330334690447,18.155987028225177
6829-68771-0006_8463-294828-0016__T1__6829-6829-68771-0006__HSIMV2__4970-4970-29095-0016__SIRm3,6829,8463,10,0.0,0.0,0.0,0.0,0.0,58.254953178647476,20.6208077814834
6829-68771-0006_8463-294828-0016__T2__8463-8463-294828-0016__HSIMV2__4992-4992-23283-0013__SIRm3,8463,6829,5,0.0,0.0,0.0,0.0,0.0,51.893805765692676,17.398951319436605
6829-68771-0008_7021-85628-0023__T1__6829-6829-68771-0008__HSIMV2__4446-4446-2273-0021__SIRm3,6829,7021,9,0.0,0.0,0.0,0.0,0.0,45.64395602767661,17.35237938871717
6829-68771-0008_7021-85628-0023__T2__7021-7021-85628-0023__HSIMV2__5105-5105-28241-0000__SIRm3,7021,6829,11,0.09090909090909091,0.0,0.0,0.0,0.0,55.46243367387847,20.30930937272261
6829-68771-0008_7127-75947-0033__T1__6829-6829-68771-0008__HSIMV2__4970-4970-29093-0008__SIRm3,6829,7127,6,0.0,0.0,0.0,0.0,0.0,53.598223468182574,18.81719323440713
6829-68771-0008_7127-75947-0033__T2__7127-7127-75947-0033__HSIMV2__8455-8455-210777-0004__SIRm3,7127,6829,14,0.0,0.0,0.0,0.0,0.0,46.47977255349186,16.98903734727818
6829-68771-0008_8555-284447-0022__T1__6829-6829-68771-0008__HSIMV2__4970-4970-29095-0034__SIRm3,6829,8555,10,0.0,0.0,0.0,0.0,0.0,55.85870315681895,19.26903788455999
6829-68771-0008_8555-284447-0022__T2__8555-8555-284447-0022__HSIMV2__4970-4970-29095-0026__SIRm3,8555,6829,6,1.0,1.0,1.0,1.0,1.0,-52.38162917854327,-28.986006431667374
6829-68771-0009_1089-134691-0010__T1__6829-6829-68771-0009__HSIMV2__4970-4970-29095-0036__SIRm3,6829,1089,9,0.0,0.0,0.0,0.0,0.0,52.6701621358401,20.27849514655352
6829-68771-0009_1089-134691-0010__T2__1089-1089-134691-0010__HSIMV2__8230-8230-279154-0026__SIRm3,1089,6829,5,0.0,0.0,0.0,0.0,0.0,54.748564711244036,19.46992340395866
6829-68771-0009_2830-3980-0025__T1__6829-6829-68771-0009__HSIMV2__4970-4970-29095-0007__SIRm3,6829,2830,25,0.0,0.0,0.0,0.0,0.0,50.44634283322338,18.67130951175185
6829-68771-0009_2830-3980-0025__T2__2830-2830-3980-0025__HSIMV2__1188-1188-133604-0012__SIRm3,2830,6829,16,0.0,0.0,0.0,0.0,0.0,55.918135355332396,19.1231820601372
6829-68771-0010_1995-1837-0010__T1__6829-6829-68771-0010__HSIMV2__4970-4970-29095-0035__SIRm3,6829,1995,8,0.0,0.0,0.0,0.0,0.0,54.20176318042444,18.913986016307128
6829-68771-0010_1995-1837-0010__T2__1995-1995-1837-0010__HSIMV2__2094-2094-142345-0035__SIRm3,1995,6829,5,0.0,0.0,0.0,0.0,0.0,55.852179774746915,22.22142325611553
6829-68771-0012_7127-75947-0038__T1__6829-6829-68771-0012__HSIMV2__4970-4970-29093-0003__SIRm3,6829,7127,23,0.0,0.0,0.0,0.0,0.0,53.331127410632995,19.925304251488978
6829-68771-0012_7127-75947-0038__T2__7127-7127-75947-0038__HSIMV2__8455-8455-210777-0026__SIRm3,7127,6829,5,0.0,0.0,0.0,0.0,0.0,37.54589176420447,15.043545646354096
6829-68771-0013_6930-76324-0005__T1__6829-6829-68771-0013__HSIMV2__4970-4970-29093-0011__SIRm3,6829,6930,13,0.0,0.0,0.0,0.0,0.0,61.09624299596679,20.785344663379234
6829-68771-0013_6930-76324-0005__T2__6930-6930-76324-0005__HSIMV2__260-260-123440-0016__SIRm3,6930,6829,8,0.0,0.0,0.0,0.0,0.0,50.44815342011203,19.04603208399157
6829-68771-0013_8224-274384-0006__T1__6829-6829-68771-0013__HSIMV2__4446-4446-2275-0029__SIRm3,6829,8224,11,0.0,0.0,0.0,0.0,0.0,48.288121110708474,13.288216830646991
6829-68771-0013_8224-274384-0006__T2__8224-8224-274384-0006__HSIMV2__8455-8455-210777-0014__SIRm3,8224,6829,7,0.0,0.0,0.0,0.0,0.0,36.69732556844783,15.936230343775868
6829-68771-0013_8455-210777-0011__T1__6829-6829-68771-0013__HSIMV2__4970-4970-29095-0001__SIRm3,6829,8455,13,0.0,0.0,0.0,0.0,0.0,58.648326923566124,20.264296887494925
6829-68771-0013_8455-210777-0011__T2__8455-8455-210777-0011__HSIMV2__1320-1320-122617-0010__SIRm3,8455,6829,12,0.0,0.0,0.0,0.0,0.0,53.877624753327446,20.1700926892218
6829-68771-0014_260-123288-0004__T1__6829-6829-68771-0014__HSIMV2__4446-4446-2273-0005__SIRm3,6829,260,7,0.0,0.0,0.0,0.0,0.0,53.408296817065256,19.96925999656087
6829-68771-0014_260-123288-0004__T2__260-260-123288-0004__HSIMV2__6930-6930-76324-0009__SIRm3,260,6829,5,0.0,0.0,0.0,0.0,0.0,56.84764212342505,17.98422755506554
6829-68771-0014_2830-3980-0025__T1__6829-6829-68771-0014__HSIMV2__4970-4970-29095-0038__SIRm3,6829,2830,8,0.0,0.0,0.0,0.0,0.0,49.823595581587206,18.14474335948426
6829-68771-0014_2830-3980-0025__T2__2830-2830-3980-0025__HSIMV2__1188-1188-133604-0011__SIRm3,2830,6829,16,0.0,0.0,0.0,0.0,0.0,50.91502943016345,18.02967024054352
6829-68771-0014_4446-2273-0027__T1__6829-6829-68771-0014__HSIMV2__4970-4970-29095-0028__SIRm3,6829,4446,8,0.0,0.125,0.0,0.0,0.0,42.444911228482134,9.657550842160472
6829-68771-0014_4446-2273-0027__T2__4446-4446-2273-0027__HSIMV2__1284-1284-1180-0014__SIRm3,4446,6829,6,0.0,0.0,0.0,0.0,0.0,58.141239987676016,19.98771211596712
6829-68771-0015_8230-279154-0012__T1__6829-6829-68771-0015__HSIMV2__4446-4446-2273-0010__SIRm3,6829,8230,8,0.0,0.0,0.0,0.0,0.0,51.96131561345815,17.806568084297645
6829-68771-0015_8230-279154-0012__T2__8230-8230-279154-0012__HSIMV2__1089-1089-134686-0013__SIRm3,8230,6829,6,0.0,0.0,0.0,0.0,0.0,40.85856319486383,6.789597196968334
6829-68771-0015_908-157963-0029__T1__6829-6829-68771-0015__HSIMV2__4970-4970-29095-0008__SIRm3,6829,908,5,0.0,0.0,0.0,0.0,0.0,54.34660033545653,20.606710865333586
6829-68771-0015_908-157963-0029__T2__908-908-157963-0029__HSIMV2__7176-7176-92135-0012__SIRm3,908,6829,6,0.0,0.0,0.0,0.0,0.0,47.49031676974095,18.85715758186192
6829-68771-0016_237-134500-0036__T1__6829-6829-68771-0016__HSIMV2__4970-4970-29095-0020__SIRm3,6829,237,12,0.0,0.0,0.0,0.0,0.0,48.34218052393303,18.58356322598925
6829-68771-0016_237-134500-0036__T2__237-237-134500-0036__HSIMV2__5683-5683-32866-0002__SIRm3,237,6829,9,0.0,0.0,0.0,0.0,0.0,46.987542306917284,19.7519055316924
6829-68771-0016_6930-76324-0003__T1__6829-6829-68771-0016__HSIMV2__4446-4446-2275-0010__SIRm3,6829,6930,6,0.0,0.0,0.0,0.0,0.0,63.07667934582304,20.24409108287103
6829-68771-0016_6930-76324-0003__T2__6930-6930-76324-0003__HSIMV2__260-260-123286-0001__SIRm3,6930,6829,5,0.0,0.0,0.0,0.0,0.0,42.915577572546475,16.51654885573552
6829-68771-0016_8224-274384-0009__T1__6829-6829-68771-0016__HSIMV2__4970-4970-29093-0010__SIRm3,6829,8224,12,0.0,0.0,0.0,0.0,0.0,53.17466457351859,20.472833406649293
6829-68771-0016_8224-274384-0009__T2__8224-8224-274384-0009__HSIMV2__8455-8455-210777-0023__SIRm3,8224,6829,8,0.0,0.0,0.0,0.0,0.0,52.10786712983014,17.64430981870563
6829-68771-0018_7021-79740-0006__T1__6829-6829-68771-0018__HSIMV2__4446-4446-2271-0017__SIRm3,6829,7021,15,0.0,0.0,0.0,0.0,0.0,49.34569955640566,17.180237801026713
6829-68771-0018_7021-79740-0006__T2__7021-7021-79740-0006__HSIMV2__5105-5105-28240-0016__SIRm3,7021,6829,7,0.0,0.0,0.0,0.0,0.0,49.578442828024926,18.59487468197252
6829-68771-0019_4992-41806-0001__T1__6829-6829-68771-0019__HSIMV2__4446-4446-2273-0033__SIRm3,6829,4992,5,0.0,0.0,0.0,0.0,0.0,54.69393763662259,17.993882772303717
6829-68771-0019_4992-41806-0001__T2__4992-4992-41806-0001__HSIMV2__4446-4446-2273-0001__SIRm3,4992,6829,8,0.0,0.0,0.0,0.0,0.0,55.998649475980514,19.64848813745956
6829-68771-0019_5105-28240-0015__T1__6829-6829-68771-0019__HSIMV2__4970-4970-29095-0002__SIRm3,6829,5105,9,0.0,0.0,0.0,0.0,0.0,50.89279191126258,17.702329716553947
6829-68771-0019_5105-28240-0015__T2__5105-5105-28240-0015__HSIMV2__1320-1320-122617-0000__SIRm3,5105,6829,14,0.0,0.0,0.0,0.0,0.0,54.38840864405658,18.84055242773928
6829-68771-0019_672-122797-0000__T1__6829-6829-68771-0019__HSIMV2__4970-4970-29093-0010__SIRm3,6829,672,13,0.0,0.0,0.0,0.0,0.0,49.913659962234874,14.055927932737116
6829-68771-0019_672-122797-0000__T2__672-672-122797-0000__HSIMV2__260-260-123440-0002__SIRm3,672,6829,7,0.14285714285714285,0.14285714285714285,0.14285714285714285,0.0,0.0,36.04881399076253,16.013317484441068
6829-68771-0019_7176-92135-0035__T1__6829-6829-68771-0019__HSIMV2__4446-4446-2275-0001__SIRm3,6829,7176,8,0.0,0.0,0.0,0.0,0.0,49.31487721670826,16.854448207200175
6829-68771-0019_7176-92135-0035__T2__7176-7176-92135-0035__HSIMV2__61-61-70970-0029__SIRm3,7176,6829,5,1.0,1.0,1.0,1.0,1.0,-52.93626564124121,-35.202163611868585
6829-68771-0022_1995-1837-0018__T1__6829-6829-68771-0022__HSIMV2__4970-4970-29095-0037__SIRm3,6829,1995,6,0.0,0.0,0.0,0.0,0.0,61.82439331582645,19.877956359242
6829-68771-0022_1995-1837-0018__T2__1995-1995-1837-0018__HSIMV2__2094-2094-142345-0012__SIRm3,1995,6829,24,0.0,0.0,0.0,0.0,0.0,56.91628731846104,22.7358688373866
6829-68771-0022_3570-5694-0000__T1__6829-6829-68771-0022__HSIMV2__4970-4970-29095-0012__SIRm3,6829,3570,6,0.0,0.0,0.0,0.0,0.0,40.86265701102463,13.030256388068462
6829-68771-0022_3570-5694-0000__T2__3570-3570-5694-0000__HSIMV2__4507-4507-16021-0008__SIRm3,3570,6829,6,0.0,0.0,0.0,0.0,0.0,59.56249781503849,21.07263971071461
6829-68771-0023_260-123288-0026__T1__6829-6829-68771-0023__HSIMV2__4970-4970-29095-0016__SIRm3,6829,260,9,0.0,0.0,0.0,0.0,0.0,57.17708035167449,20.088639376643386
6829-68771-0023_260-123288-0026__T2__260-260-123288-0026__HSIMV2__672-672-122797-0006__SIRm3,260,6829,26,0.0,0.0,0.0,0.0,0.0,51.00404463356146,16.185150524035386
6829-68771-0025_4970-29095-0022__T1__6829-6829-68771-0025__HSIMV2__4970-4970-29093-0018__SIRm3,6829,4970,14,0.0,0.0,0.0,0.0,0.0,55.17604014750212,19.73684943799892
6829-68771-0025_4970-29095-0022__T2__4970-4970-29095-0022__HSIMV2__6829-6829-68771-0035__SIRm3,4970,6829,7,0.14285714285714285,0.2857142857142857,0.14285714285714285,0.2857142857142857,0.14285714285714285,26.41560699787152,2.957529228880043
6829-68771-0025_4992-41806-0004__T1__6829-6829-68771-0025__HSIMV2__4446-4446-2275-0008__SIRm3,6829,4992,7,0.0,0.0,0.0,0.0,0.0,36.768165609424564,16.00409772619464
6829-68771-0025_4992-41806-0004__T2__4992-4992-41806-0004__HSIMV2__4446-4446-2273-0023__SIRm3,4992,6829,6,0.0,0.0,0.0,0.0,0.0,59.9294993325091,21.607192076273336
6829-68771-0027_237-126133-0017__T1__6829-6829-68771-0027__HSIMV2__4446-4446-2275-0005__SIRm3,6829,237,7,0.0,0.0,0.0,0.0,0.0,47.00012381637054,18.40138656912371
6829-68771-0027_237-126133-0017__T2__237-237-126133-0017__HSIMV2__1580-1580-141084-0048__SIRm3,237,6829,11,0.0,0.0,0.0,0.0,0.0,45.488207826234344,17.5955190113453
6829-68771-0027_2961-960-0012__T1__6829-6829-68771-0027__HSIMV2__4970-4970-29093-0011__SIRm3,6829,2961,9,0.0,0.0,0.0,0.0,0.0,56.30845277762735,20.58256482058593
6829-68771-0027_2961-960-0012__T2__2961-2961-960-0012__HSIMV2__3570-3570-5695-0009__SIRm3,2961,6829,9,0.0,0.0,0.0,0.0,0.0,50.37509803592205,20.190707487579587
6829-68771-0027_3570-5696-0010__T1__6829-6829-68771-0027__HSIMV2__4970-4970-29095-0032__SIRm3,6829,3570,9,0.0,0.0,0.0,0.0,0.0,48.1082137475267,18.14164463805109
6829-68771-0027_3570-5696-0010__T2__3570-3570-5696-0010__HSIMV2__4507-4507-16021-0050__SIRm3,3570,6829,6,0.0,0.0,0.0,0.0,0.0,61.63012816143094,21.539209929857574
6829-68771-0028_2300-131720-0007__T1__6829-6829-68771-0028__HSIMV2__4970-4970-29093-0019__SIRm3,6829,2300,6,0.0,0.0,0.0,0.0,0.0,52.50970175078056,20.578530576561253
6829-68771-0028_2300-131720-0007__T2__2300-2300-131720-0007__HSIMV2__61-61-70968-0001__SIRm3,2300,6829,6,0.0,0.0,0.0,0.0,0.0,49.05046858200211,16.441342533044093
6829-68771-0029_121-127105-0003__T1__6829-6829-68771-0029__HSIMV2__4970-4970-29093-0023__SIRm3,6829,121,15,0.0,0.0,0.0,0.0,0.0,53.04536671844356,21.21620414139372
6829-68771-0029_121-127105-0003__T2__121-121-127105-0003__HSIMV2__237-237-126133-0006__SIRm3,121,6829,11,0.0,0.0,0.0,0.0,0.0,47.884023070450354,20.03130507451608
6829-68771-0029_4992-41797-0011__T1__6829-6829-68771-0029__HSIMV2__4970-4970-29093-0002__SIRm3,6829,4992,16,0.0,0.0,0.0,0.0,0.0,51.454317454127704,18.3884050339845
6829-68771-0029_4992-41797-0011__T2__4992-4992-41797-0011__HSIMV2__4446-4446-2273-0018__SIRm3,4992,6829,5,0.0,0.0,0.0,0.0,0.0,49.1622583689343,18.949165559456933
6829-68771-0030_260-123286-0001__T1__6829-6829-68771-0030__HSIMV2__4970-4970-29093-0009__SIRm3,6829,260,11,0.0,0.0,0.0,0.0,0.0,49.037632576968115,17.301760386627706
6829-68771-0030_260-123286-0001__T2__260-260-123286-0001__HSIMV2__672-672-122797-0040__SIRm3,260,6829,5,0.2,0.4,0.2,0.0,0.0,50.09993890335616,17.812074764735872
6829-68771-0032_1995-1837-0014__T1__6829-6829-68771-0032__HSIMV2__4970-4970-29095-0002__SIRm3,6829,1995,9,0.0,0.0,0.0,0.0,0.0,60.63137755810577,19.60351736191464
6829-68771-0032_1995-1837-0014__T2__1995-1995-1837-0014__HSIMV2__2094-2094-142345-0030__SIRm3,1995,6829,23,0.0,0.0,0.0,0.0,0.0,58.488461692457896,21.53766755219682
6829-68771-0032_7729-102255-0019__T1__6829-6829-68771-0032__HSIMV2__4970-4970-29095-0008__SIRm3,6829,7729,5,0.0,0.0,0.0,0.0,0.0,50.14153397024668,19.490410251127592
6829-68771-0032_7729-102255-0019__T2__7729-7729-102255-0019__HSIMV2__7176-7176-92135-0044__SIRm3,7729,6829,9,0.0,0.0,0.0,0.0,0.0,47.01536485067591,17.439566919918896
6829-68771-0033_2094-142345-0045__T1__6829-6829-68771-0033__HSIMV2__4970-4970-29093-0022__SIRm3,6829,2094,9,0.0,0.0,0.0,0.0,0.0,47.183060048140334,19.163637494495784
6829-68771-0033_2094-142345-0045__T2__2094-2094-142345-0045__HSIMV2__3729-3729-6852-0014__SIRm3,2094,6829,5,0.0,0.0,0.0,0.0,0.0,60.4934784758119,20.49812179419252
6829-68771-0033_4507-16021-0059__T1__6829-6829-68771-0033__HSIMV2__4970-4970-29093-0008__SIRm3,6829,4507,6,0.0,0.0,0.0,0.0,0.0,51.69308026901451,21.108420453400907
6829-68771-0033_4507-16021-0059__T2__4507-4507-16021-0059__HSIMV2__3729-3729-6852-0001__SIRm3,4507,6829,10,0.0,0.0,0.0,0.0,0.0,56.203863203002584,20.247670815300705
6829-68771-0036_7729-102255-0039__T1__6829-6829-68771-0036__HSIMV2__4446-4446-2273-0021__SIRm3,6829,7729,9,0.0,0.0,0.0,0.0,0.0,55.376130365885125,20.64842747345396
6829-68771-0036_7729-102255-0039__T2__7729-7729-102255-0039__HSIMV2__7176-7176-88083-0002__SIRm3,7729,6829,12,0.0,0.0,0.0,0.0,0.0,47.187701330592965,17.991314540328162
6829-68771-0036_908-157963-0013__T1__6829-6829-68771-0036__HSIMV2__4970-4970-29095-0038__SIRm3,6829,908,9,0.0,0.0,0.0,0.0,0.0,55.57969276946359,20.077434079325737
6829-68771-0036_908-157963-0013__T2__908-908-157963-0013__HSIMV2__7176-7176-88083-0025__SIRm3,908,6829,7,1.0,1.0,1.0,1.0,1.0,-35.696780253860176,-18.05029370217944
6930-75918-0000_1089-134686-0037__T1__6930-6930-75918-0000__HSIMV2__260-260-123440-0014__SIRm3,6930,1089,6,0.0,0.0,0.0,0.0,0.0,47.64286552797381,18.567531182893195
6930-75918-0000_1089-134686-0037__T2__1089-1089-134686-0037__HSIMV2__8230-8230-279154-0030__SIRm3,1089,6930,9,0.0,0.0,0.0,0.0,0.0,57.17017103493575,19.90971409107693
6930-75918-0000_5105-28241-0000__T1__6930-6930-75918-0000__HSIMV2__260-260-123286-0004__SIRm3,6930,5105,5,0.0,0.0,0.0,0.0,0.0,49.70443606447939,19.35134239500292
6930-75918-0000_5105-28241-0000__T2__5105-5105-28241-0000__HSIMV2__1320-1320-122617-0030__SIRm3,5105,6930,6,0.0,0.0,0.0,0.0,0.0,48.79855985146042,19.40918266836832
6930-75918-0000_8463-294825-0008__T1__6930-6930-75918-0000__HSIMV2__260-260-123288-0013__SIRm3,6930,8463,6,0.0,0.0,0.0,0.0,0.0,52.37970550282224,19.116674339432013
6930-75918-0000_8463-294825-0008__T2__8463-8463-294825-0008__HSIMV2__4992-4992-23283-0016__SIRm3,8463,6930,6,0.0,0.0,0.0,0.0,0.0,61.3707373667612,18.74761760251782
6930-75918-0001_3570-5694-0011__T1__6930-6930-75918-0001__HSIMV2__260-260-123288-0017__SIRm3,6930,3570,9,0.0,0.0,0.0,0.0,0.0,47.995348762362426,18.55972380461226
6930-75918-0001_3570-5694-0011__T2__3570-3570-5694-0011__HSIMV2__4507-4507-16021-0031__SIRm3,3570,6930,21,0.09523809523809523,0.0,0.0,0.0,0.0,54.55741718448415,22.01442799456304
6930-75918-0002_2094-142345-0015__T1__6930-6930-75918-0002__HSIMV2__260-260-123440-0005__SIRm3,6930,2094,5,0.0,0.0,0.0,0.0,0.0,58.103256035128325,19.17162717501029
6930-75918-0002_2094-142345-0015__T2__2094-2094-142345-0015__HSIMV2__3729-3729-6852-0025__SIRm3,2094,6930,5,0.0,0.0,0.0,0.0,0.0,39.66468961216978,15.563072206436658
6930-75918-0004_4446-2273-0035__T1__6930-6930-75918-0004__HSIMV2__260-260-123286-0031__SIRm3,6930,4446,9,0.0,0.0,0.0,0.0,0.0,50.09619925127233,18.22944147168665
6930-75918-0004_4446-2273-0035__T2__4446-4446-2273-0035__HSIMV2__1284-1284-1181-0020__SIRm3,4446,6930,11,0.0,0.0,0.0,0.0,0.0,53.02051053003228,19.048732461094385
6930-75918-0004_8224-274384-0006__T1__6930-6930-75918-0004__HSIMV2__260-260-123440-0002__SIRm3,6930,8224,21,0.0,0.0,0.0,0.0,0.0,46.663105973387054,17.042133588175695
6930-75918-0004_8224-274384-0006__T2__8224-8224-274384-0006__HSIMV2__8455-8455-210777-0045__SIRm3,8224,6930,12,0.16666666666666666,0.16666666666666666,0.08333333333333333,0.0,0.0,28.906489545409258,15.571541996902797
6930-75918-0005_237-134493-0004__T1__6930-6930-75918-0005__HSIMV2__260-260-123286-0006__SIRm3,6930,237,13,0.0,0.0,0.0,0.0,0.0,47.90045097505515,18.27397409168148
6930-75918-0005_237-134493-0004__T2__237-237-134493-0004__HSIMV2__5683-5683-32865-0003__SIRm3,237,6930,6,0.0,0.0,0.0,0.0,0.0,52.57864977013744,20.54943524135291
6930-75918-0006_1580-141083-0033__T1__6930-6930-75918-0006__HSIMV2__260-260-123286-0011__SIRm3,6930,1580,7,0.0,0.0,0.0,0.0,0.0,44.82116335372449,17.347376311501662
6930-75918-0006_1580-141083-0033__T2__1580-1580-141083-0033__HSIMV2__237-237-134500-0018__SIRm3,1580,6930,13,0.0,0.0,0.0,0.0,0.0,50.29490444496163,19.655116347860016
6930-75918-0007_1089-134686-0022__T1__6930-6930-75918-0007__HSIMV2__260-260-123440-0008__SIRm3,6930,1089,5,0.0,0.0,0.0,0.0,0.0,64.26162216354312,20.933301634569904
6930-75918-0007_1089-134686-0022__T2__1089-1089-134686-0022__HSIMV2__8230-8230-279154-0018__SIRm3,1089,6930,21,0.0,0.0,0.0,0.0,0.0,55.203416791524745,19.486726893422773
6930-75918-0007_1089-134691-0022__T1__6930-6930-75918-0007__HSIMV2__1320-1320-122617-0030__SIRm3,6930,1089,5,0.0,0.0,0.0,0.0,0.0,58.07391936597844,18.86273245020226
6930-75918-0007_1089-134691-0022__T2__1089-1089-134691-0022__HSIMV2__8230-8230-279154-0013__SIRm3,1089,6930,10,0.0,0.0,0.0,0.0,0.0,53.592369467566684,19.80856794928187
6930-75918-0007_61-70968-0054__T1__6930-6930-75918-0007__HSIMV2__260-260-123286-0024__SIRm3,6930,61,5,0.0,0.0,0.0,0.0,0.0,50.11727354979638,19.0907879763525
6930-75918-0007_61-70968-0054__T2__61-61-70968-0054__HSIMV2__8230-8230-279154-0039__SIRm3,61,6930,8,0.0,0.0,0.0,0.25,0.0,33.3864595024985,4.051981504480667
6930-75918-0007_61-70970-0026__T1__6930-6930-75918-0007__HSIMV2__260-260-123440-0010__SIRm3,6930,61,5,0.0,0.0,0.0,0.0,0.0,53.99371135276597,19.884192212652188
6930-75918-0007_61-70970-0026__T2__61-61-70970-0026__HSIMV2__8230-8230-279154-0005__SIRm3,61,6930,9,0.0,0.0,0.0,0.0,0.0,42.59573256842631,15.92800953304293
6930-75918-0008_260-123288-0006__T1__6930-6930-75918-0008__HSIMV2__260-260-123288-0016__SIRm3,6930,260,8,0.0,0.0,0.0,0.0,0.0,50.813284462585685,19.28900743718144
6930-75918-0008_260-123288-0006__T2__260-260-123288-0006__HSIMV2__672-672-122797-0024__SIRm3,260,6930,7,0.14285714285714285,0.7142857142857143,0.14285714285714285,0.0,0.0,44.935239963607366,16.28848852153485
6930-75918-0008_4970-29093-0013__T1__6930-6930-75918-0008__HSIMV2__260-260-123288-0009__SIRm3,6930,4970,5,0.0,0.0,0.0,0.0,0.0,52.01226706637228,18.68609335410444
6930-75918-0008_4970-29093-0013__T2__4970-4970-29093-0013__HSIMV2__8555-8555-284449-0004__SIRm3,4970,6930,15,0.0,0.2,0.0,0.0,0.0,58.16677884896969,21.14595416668301
6930-75918-0008_672-122797-0056__T1__6930-6930-75918-0008__HSIMV2__260-260-123288-0005__SIRm3,6930,672,8,0.0,0.0,0.0,0.0,0.0,53.37614470837517,19.114666973550463
6930-75918-0008_672-122797-0056__T2__672-672-122797-0056__HSIMV2__1320-1320-122617-0031__SIRm3,672,6930,9,0.0,0.0,0.0,0.0,0.0,51.37385185214968,19.839603340954856
6930-75918-0009_260-123288-0017__T1__6930-6930-75918-0009__HSIMV2__260-260-123286-0016__SIRm3,6930,260,13,0.0,0.0,0.0,0.0,0.0,43.283204117750415,16.561423066364988
6930-75918-0009_260-123288-0017__T2__260-260-123288-0017__HSIMV2__672-672-122797-0023__SIRm3,260,6930,9,0.0,0.0,0.0,0.0,0.0,55.94058383984351,20.259028398541776
6930-75918-0010_6829-68769-0018__T1__6930-6930-75918-0010__HSIMV2__260-260-123440-0009__SIRm3,6930,6829,5,0.0,0.0,0.0,0.0,0.0,48.92133538304898,18.588709407070606
6930-75918-0010_6829-68769-0018__T2__6829-6829-68769-0018__HSIMV2__4970-4970-29093-0014__SIRm3,6829,6930,7,0.0,0.0,0.0,0.0,0.0,58.12864012165723,20.27651389201871
6930-75918-0011_121-121726-0003__T1__6930-6930-75918-0011__HSIMV2__260-260-123440-0015__SIRm3,6930,121,5,0.0,0.0,0.0,0.0,0.0,60.17404522850693,17.512814324017793
6930-75918-0011_121-121726-0003__T2__121-121-121726-0003__HSIMV2__237-237-126133-0002__SIRm3,121,6930,12,0.0,0.5833333333333334,0.0,0.0,0.0,53.23125226762761,19.377868802175698
6930-75918-0011_1580-141083-0042__T1__6930-6930-75918-0011__HSIMV2__260-260-123286-0029__SIRm3,6930,1580,5,0.0,0.0,0.0,0.0,0.0,41.85503366431641,16.77845011418842
6930-75918-0011_1580-141083-0042__T2__1580-1580-141083-0042__HSIMV2__237-237-126133-0024__SIRm3,1580,6930,10,0.0,0.0,0.0,0.0,0.0,47.46215022158623,19.82741220968093
6930-75918-0014_908-157963-0004__T1__6930-6930-75918-0014__HSIMV2__260-260-123440-0016__SIRm3,6930,908,8,0.0,0.0,0.0,0.0,0.0,47.554106510556814,17.442795759378246
6930-75918-0014_908-157963-0004__T2__908-908-157963-0004__HSIMV2__7176-7176-92135-0009__SIRm3,908,6930,7,0.0,0.0,0.0,0.0,0.0,41.91588015853254,17.658075233603547
6930-75918-0016_4446-2271-0020__T1__6930-6930-75918-0016__HSIMV2__260-260-123440-0005__SIRm3,6930,4446,5,0.0,0.0,0.0,0.0,0.0,52.49614958618214,19.46408583058562
6930-75918-0016_4446-2271-0020__T2__4446-4446-2271-0020__HSIMV2__1284-1284-1181-0001__SIRm3,4446,6930,14,1.0,1.0,1.0,1.0,1.0,-62.16958854420336,-49.37065385922514
6930-75918-0016_7021-85628-0013__T1__6930-6930-75918-0016__HSIMV2__260-260-123440-0019__SIRm3,6930,7021,12,0.0,0.0,0.0,0.0,0.0,36.394977938951435,10.24316355100748
6930-75918-0016_7021-85628-0013__T2__7021-7021-85628-0013__HSIMV2__5105-5105-28241-0002__SIRm3,7021,6930,20,0.0,0.0,0.0,0.0,0.0,54.536356096311046,20.08367156116591
6930-75918-0017_4507-16021-0054__T1__6930-6930-75918-0017__HSIMV2__260-260-123288-0000__SIRm3,6930,4507,5,0.0,0.0,0.0,0.0,0.0,57.0082966495696,20.857441629482945
6930-75918-0017_4507-16021-0054__T2__4507-4507-16021-0054__HSIMV2__3729-3729-6852-0046__SIRm3,4507,6930,7,0.0,0.0,0.0,0.0,0.0,60.98011261906184,20.4437380692558
6930-75918-0017_8230-279154-0028__T1__6930-6930-75918-0017__HSIMV2__260-260-123440-0015__SIRm3,6930,8230,11,0.0,0.0,0.0,0.0,0.0,46.005221768306214,16.72581123976532
6930-75918-0017_8230-279154-0028__T2__8230-8230-279154-0028__HSIMV2__1089-1089-134686-0011__SIRm3,8230,6930,22,0.045454545454545456,0.045454545454545456,0.045454545454545456,0.0,0.0,48.73407155622285,17.964813184404342
6930-75918-0018_4446-2275-0000__T1__6930-6930-75918-0018__HSIMV2__260-260-123288-0013__SIRm3,6930,4446,20,0.0,0.0,0.0,0.0,0.0,45.04448777089151,16.841711359047107
6930-75918-0018_4446-2275-0000__T2__4446-4446-2275-0000__HSIMV2__1284-1284-1180-0031__SIRm3,4446,6930,8,0.0,0.0,0.0,0.0,0.0,53.664858458070185,19.658207292062368
6930-75918-0019_1580-141083-0033__T1__6930-6930-75918-0019__HSIMV2__260-260-123440-0004__SIRm3,6930,1580,22,0.0,0.0,0.0,0.0,0.0,52.94101637482506,19.03869492415744
6930-75918-0019_1580-141083-0033__T2__1580-1580-141083-0033__HSIMV2__237-237-126133-0000__SIRm3,1580,6930,13,0.0,0.0,0.0,0.0,0.0,46.47648776644462,18.71905960913276
6930-76324-0000_1580-141083-0042__T1__6930-6930-76324-0000__HSIMV2__260-260-123286-0013__SIRm3,6930,1580,5,0.0,0.0,0.0,0.0,0.0,42.58014171087344,13.564316175650568
6930-76324-0000_1580-141083-0042__T2__1580-1580-141083-0042__HSIMV2__1284-1284-1180-0014__SIRm3,1580,6930,6,0.0,0.0,0.0,0.0,0.0,48.69714624607718,19.258356722080496
6930-76324-0000_7127-75946-0002__T1__6930-6930-76324-0000__HSIMV2__260-260-123440-0005__SIRm3,6930,7127,5,0.0,0.0,0.0,0.0,0.0,57.294696933229375,17.697621664554354
6930-76324-0000_7127-75946-0002__T2__7127-7127-75946-0002__HSIMV2__8455-8455-210777-0058__SIRm3,7127,6930,13,0.0,0.0,0.0,0.0,0.0,45.57953849971853,16.089176605502182
6930-76324-0001_1580-141083-0050__T1__6930-6930-76324-0001__HSIMV2__260-260-123288-0004__SIRm3,6930,1580,5,0.0,0.0,0.0,0.0,0.0,59.1155850956314,20.29115053938033
6930-76324-0001_1580-141083-0050__T2__1580-1580-141083-0050__HSIMV2__237-237-134500-0021__SIRm3,1580,6930,5,0.0,0.0,0.0,0.0,0.0,55.493960906413655,20.05307870087212
6930-76324-0001_61-70970-0040__T1__6930-6930-76324-0001__HSIMV2__1320-1320-122617-0022__SIRm3,6930,61,5,0.0,0.0,0.0,0.0,0.0,55.79531648044563,19.74916120737447
6930-76324-0001_61-70970-0040__T2__61-61-70970-0040__HSIMV2__7176-7176-88083-0019__SIRm3,61,6930,7,0.0,0.0,0.0,0.0,0.0,43.041244247265595,16.33204626694459
6930-76324-0001_7729-102255-0000__T1__6930-6930-76324-0001__HSIMV2__260-260-123286-0023__SIRm3,6930,7729,5,0.0,0.0,0.0,0.0,0.0,50.25429737908624,19.01702085807269
6930-76324-0001_7729-102255-0000__T2__7729-7729-102255-0000__HSIMV2__7176-7176-92135-0035__SIRm3,7729,6930,5,0.0,0.0,0.0,0.0,0.0,44.17743556092933,17.386720092343065
6930-76324-0001_8455-210777-0030__T1__6930-6930-76324-0001__HSIMV2__260-260-123440-0020__SIRm3,6930,8455,5,0.0,0.0,0.0,0.0,0.0,54.81736674272901,19.9365744490557
6930-76324-0001_8455-210777-0030__T2__8455-8455-210777-0030__HSIMV2__1320-1320-122617-0018__SIRm3,8455,6930,18,0.1111111111111111,0.0,0.0,0.0,0.0,59.05499280677189,20.04372848362482
6930-76324-0003_3575-170457-0040__T1__6930-6930-76324-0003__HSIMV2__260-260-123286-0015__SIRm3,6930,3575,5,0.0,0.0,0.0,0.0,0.0,54.04137829544661,18.800581251357315
6930-76324-0003_3575-170457-0040__T2__3575-3575-170457-0040__HSIMV2__237-237-126133-0000__SIRm3,3575,6930,12,0.0,0.0,0.0,0.0,0.0,55.959680978106796,20.73313130781744
6930-76324-0004_3729-6852-0000__T1__6930-6930-76324-0004__HSIMV2__260-260-123440-0011__SIRm3,6930,3729,8,0.0,0.0,0.0,0.0,0.0,55.57520281348314,19.09332873533512
6930-76324-0004_3729-6852-0000__T2__3729-3729-6852-0000__HSIMV2__4507-4507-16021-0028__SIRm3,3729,6930,5,0.0,0.0,0.0,0.0,0.0,58.5324581216204,22.371844946605805
6930-76324-0004_61-70968-0047__T1__6930-6930-76324-0004__HSIMV2__260-260-123286-0002__SIRm3,6930,61,11,0.0,0.0,0.0,0.0,0.0,48.30575741682458,19.201286083246224
6930-76324-0004_61-70968-0047__T2__61-61-70968-0047__HSIMV2__8230-8230-279154-0005__SIRm3,61,6930,8,0.0,0.0,0.0,0.125,0.0,31.215529754069358,5.979078542390959
6930-76324-0005_4507-16021-0057__T1__6930-6930-76324-0005__HSIMV2__260-260-123286-0001__SIRm3,6930,4507,5,0.0,0.0,0.0,0.0,0.0,54.12163962037742,15.598701129950836
6930-76324-0005_4507-16021-0057__T2__4507-4507-16021-0057__HSIMV2__3729-3729-6852-0018__SIRm3,4507,6930,8,0.0,0.0,0.0,0.0,0.0,53.33701043279743,19.80110189935559
6930-76324-0006_5683-32865-0016__T1__6930-6930-76324-0006__HSIMV2__260-260-123286-0000__SIRm3,6930,5683,7,0.0,0.0,0.0,0.0,0.0,49.117186878154335,18.720145283164616
6930-76324-0006_5683-32865-0016__T2__5683-5683-32865-0016__HSIMV2__1221-1221-135767-0013__SIRm3,5683,6930,5,0.0,0.0,0.0,0.0,0.0,42.65512292203345,17.167921690815398
6930-76324-0006_7021-79740-0013__T1__6930-6930-76324-0006__HSIMV2__260-260-123286-0025__SIRm3,6930,7021,7,0.0,0.0,0.0,0.0,0.0,47.86196897903296,18.183139167666404
6930-76324-0006_7021-79740-0013__T2__7021-7021-79740-0013__HSIMV2__5105-5105-28233-0010__SIRm3,7021,6930,13,0.0,0.0,0.0,0.0,0.0,56.93636082194061,20.281306894863302
6930-76324-0006_7176-92135-0007__T1__6930-6930-76324-0006__HSIMV2__260-260-123440-0003__SIRm3,6930,7176,6,0.0,0.0,0.0,0.0,0.0,52.433537680490495,18.650877973976947
6930-76324-0006_7176-92135-0007__T2__7176-7176-92135-0007__HSIMV2__61-61-70968-0051__SIRm3,7176,6930,5,0.0,0.0,0.0,0.0,0.0,37.66834016732527,16.254786918378628
6930-76324-0008_5105-28233-0004__T1__6930-6930-76324-0008__HSIMV2__260-260-123440-0010__SIRm3,6930,5105,9,0.0,0.0,0.0,0.0,0.0,47.54276999355266,18.80291252011739
6930-76324-0008_5105-28233-0004__T2__5105-5105-28233-0004__HSIMV2__1320-1320-122617-0030__SIRm3,5105,6930,6,0.0,0.0,0.0,0.0,0.0,53.164729620660864,18.160078029571448
6930-76324-0009_1089-134686-0034__T1__6930-6930-76324-0009__HSIMV2__260-260-123288-0012__SIRm3,6930,1089,5,0.0,0.0,0.0,0.0,0.0,61.96621072701264,20.467037000470253
6930-76324-0009_1089-134686-0034__T2__1089-1089-134686-0034__HSIMV2__8230-8230-279154-0029__SIRm3,1089,6930,10,0.0,0.0,0.0,0.0,0.0,47.51115920706532,17.442332777819068
6930-76324-0011_1995-1837-0007__T1__6930-6930-76324-0011__HSIMV2__260-260-123440-0002__SIRm3,6930,1995,17,0.0,0.058823529411764705,0.0,0.0,0.0,47.03330585888525,17.712783040117543
6930-76324-0011_1995-1837-0007__T2__1995-1995-1837-0007__HSIMV2__2094-2094-142345-0053__SIRm3,1995,6930,5,0.0,0.0,0.0,0.0,0.0,52.000964478511875,20.47739305045544
6930-76324-0012_2300-131720-0027__T1__6930-6930-76324-0012__HSIMV2__260-260-123286-0013__SIRm3,6930,2300,8,0.0,0.0,0.0,0.0,0.0,43.003733411240525,15.70326714412959
6930-76324-0012_2300-131720-0027__T2__2300-2300-131720-0027__HSIMV2__61-61-70970-0002__SIRm3,2300,6930,7,0.0,0.0,0.0,0.0,0.0,37.87637417069738,16.03701745469979
6930-76324-0012_8463-294828-0034__T1__6930-6930-76324-0012__HSIMV2__260-260-123286-0000__SIRm3,6930,8463,8,0.0,0.0,0.0,0.0,0.0,47.8101754516926,17.99105396767134
6930-76324-0012_8463-294828-0034__T2__8463-8463-294828-0034__HSIMV2__4992-4992-41806-0011__SIRm3,8463,6930,6,0.0,0.0,0.0,0.0,0.0,58.055170753019446,21.19859469807441
6930-76324-0013_5142-33396-0031__T1__6930-6930-76324-0013__HSIMV2__260-260-123286-0028__SIRm3,6930,5142,7,0.0,0.0,0.0,0.0,0.0,51.9446383614581,17.75279989310429
6930-76324-0013_5142-33396-0031__T2__5142-5142-33396-0031__HSIMV2__4970-4970-29095-0014__SIRm3,5142,6930,5,0.0,0.0,0.0,0.0,0.0,52.22304006813206,18.21193913692137
6930-76324-0014_1284-1181-0012__T1__6930-6930-76324-0014__HSIMV2__260-260-123440-0004__SIRm3,6930,1284,8,0.0,0.0,0.0,0.0,0.0,47.88721629769974,17.76401844866116
6930-76324-0014_1284-1181-0012__T2__1284-1284-1181-0012__HSIMV2__1580-1580-141084-0033__SIRm3,1284,6930,13,0.0,0.0,0.0,0.0,0.0,50.65521070354733,17.810370215322486
6930-76324-0014_1995-1837-0024__T1__6930-6930-76324-0014__HSIMV2__260-260-123286-0005__SIRm3,6930,1995,8,0.0,0.125,0.0,0.0,0.0,40.77500742814822,15.961388902093532
6930-76324-0014_1995-1837-0024__T2__1995-1995-1837-0024__HSIMV2__2094-2094-142345-0024__SIRm3,1995,6930,9,0.0,0.0,0.0,0.0,0.0,65.5346718633175,24.05207616671616
6930-76324-0015_5105-28241-0005__T1__6930-6930-76324-0015__HSIMV2__260-260-123288-0006__SIRm3,6930,5105,8,0.0,0.0,0.0,0.0,0.0,40.6885464001516,15.174302946397797
6930-76324-0015_5105-28241-0005__T2__5105-5105-28241-0005__HSIMV2__1320-1320-122612-0002__SIRm3,5105,6930,13,0.0,0.0,0.0,0.0,0.0,53.469388027494865,19.57650524360529
6930-76324-0015_6829-68769-0052__T1__6930-6930-76324-0015__HSIMV2__260-260-123288-0010__SIRm3,6930,6829,18,0.0,0.0,0.0,0.0,0.0,44.98979585727622,17.358092952570672
6930-76324-0015_6829-68769-0052__T2__6829-6829-68769-0052__HSIMV2__4970-4970-29095-0036__SIRm3,6829,6930,8,0.0,0.0,0.0,0.0,0.0,50.37243187461023,16.09279942438465
6930-76324-0016_4970-29095-0018__T1__6930-6930-76324-0016__HSIMV2__260-260-123288-0007__SIRm3,6930,4970,17,0.0,0.0,0.0,0.0,0.0,48.73439287706293,18.070531709912206
6930-76324-0016_4970-29095-0018__T2__4970-4970-29095-0018__HSIMV2__6829-6829-68769-0026__SIRm3,4970,6930,8,0.0,0.25,0.0,0.0,0.0,55.68852152943906,20.817855676437794
6930-76324-0017_1089-134691-0001__T1__6930-6930-76324-0017__HSIMV2__1320-1320-122617-0035__SIRm3,6930,1089,9,0.0,0.0,0.0,0.0,0.0,54.15614326427965,20.81832076967684
6930-76324-0017_1089-134691-0001__T2__1089-1089-134691-0001__HSIMV2__8230-8230-279154-0039__SIRm3,1089,6930,8,0.0,0.0,0.0,0.0,0.0,50.03534996153058,18.52889079580721
6930-76324-0017_4077-13751-0004__T1__6930-6930-76324-0017__HSIMV2__260-260-123440-0018__SIRm3,6930,4077,6,0.0,0.0,0.0,0.0,0.0,55.309979003920404,19.72569469417684
6930-76324-0017_4077-13751-0004__T2__4077-4077-13751-0004__HSIMV2__8455-8455-210777-0058__SIRm3,4077,6930,13,0.0,0.0,0.0,0.0,0.0,44.189390675335616,16.220489311079536
6930-76324-0017_4446-2275-0001__T1__6930-6930-76324-0017__HSIMV2__260-260-123440-0015__SIRm3,6930,4446,9,0.0,0.0,0.0,0.0,0.0,50.48894061916079,15.846615694297352
6930-76324-0017_4446-2275-0001__T2__4446-4446-2275-0001__HSIMV2__4992-4992-41797-0016__SIRm3,4446,6930,5,0.0,0.0,0.0,0.0,0.0,57.943817886438396,21.059521554318835
6930-76324-0020_4970-29095-0032__T1__6930-6930-76324-0020__HSIMV2__260-260-123440-0007__SIRm3,6930,4970,5,0.0,0.0,0.0,0.0,0.0,67.08384659302007,18.480389706998626
6930-76324-0020_4970-29095-0032__T2__4970-4970-29095-0032__HSIMV2__6829-6829-68771-0028__SIRm3,4970,6930,6,0.0,0.0,0.0,0.0,0.0,50.41537715894733,20.17893568101764
6930-76324-0020_7127-75946-0015__T1__6930-6930-76324-0020__HSIMV2__260-260-123288-0007__SIRm3,6930,7127,11,0.0,0.0,0.0,0.0,0.0,43.82143380658147,17.45987347298837
6930-76324-0020_7127-75946-0015__T2__7127-7127-75946-0015__HSIMV2__8455-8455-210777-0012__SIRm3,7127,6930,6,0.0,0.0,0.0,0.0,0.0,46.62032038468927,17.398726646693333
6930-76324-0021_8455-210777-0030__T1__6930-6930-76324-0021__HSIMV2__260-260-123288-0002__SIRm3,6930,8455,13,0.0,0.0,0.0,0.0,0.0,43.15452978888626,17.440788885236262
6930-76324-0021_8455-210777-0030__T2__8455-8455-210777-0030__HSIMV2__1320-1320-122617-0016__SIRm3,8455,6930,19,0.0,0.0,0.0,0.0,0.0,54.66150792374274,20.67580241604128
6930-76324-0023_2094-142345-0058__T1__6930-6930-76324-0023__HSIMV2__260-260-123288-0026__SIRm3,6930,2094,8,0.0,0.0,0.0,0.0,0.0,50.578212781763675,18.60205946759217
6930-76324-0023_2094-142345-0058__T2__2094-2094-142345-0058__HSIMV2__3729-3729-6852-0018__SIRm3,2094,6930,8,0.0,0.0,0.0,0.0,0.0,46.42288354653303,16.186155039942374
6930-76324-0023_61-70968-0023__T1__6930-6930-76324-0023__HSIMV2__260-260-123288-0022__SIRm3,6930,61,6,0.0,0.0,0.0,0.0,0.0,48.2468968342701,18.108153751308787
6930-76324-0023_61-70968-0023__T2__61-61-70968-0023__HSIMV2__8230-8230-279154-0036__SIRm3,61,6930,5,0.0,0.0,0.0,0.0,0.0,50.42352108837688,18.91862639490977
6930-76324-0024_8230-279154-0011__T1__6930-6930-76324-0024__HSIMV2__260-260-123286-0005__SIRm3,6930,8230,7,0.0,0.0,0.0,0.0,0.0,40.36629694133561,15.654787462462547
6930-76324-0024_8230-279154-0011__T2__8230-8230-279154-0011__HSIMV2__61-61-70968-0056__SIRm3,8230,6930,6,0.0,0.0,0.0,0.0,0.0,38.864249166831776,16.822911378712853
6930-76324-0025_1580-141083-0050__T1__6930-6930-76324-0025__HSIMV2__260-260-123286-0015__SIRm3,6930,1580,7,0.0,0.0,0.0,0.0,0.0,60.38424366159768,18.560391776764675
6930-76324-0025_1580-141083-0050__T2__1580-1580-141083-0050__HSIMV2__1284-1284-1180-0017__SIRm3,1580,6930,5,0.0,0.0,0.0,0.0,0.0,51.59212206273103,20.91733366600607
6930-76324-0025_2094-142345-0034__T1__6930-6930-76324-0025__HSIMV2__260-260-123286-0007__SIRm3,6930,2094,7,0.0,0.0,0.0,0.0,0.0,57.07110165407086,18.64457865035589
6930-76324-0025_2094-142345-0034__T2__2094-2094-142345-0034__HSIMV2__3729-3729-6852-0002__SIRm3,2094,6930,14,0.0,0.0,0.0,0.0,0.0,50.25302781988358,18.996800384527493
6930-76324-0025_4970-29095-0038__T1__6930-6930-76324-0025__HSIMV2__260-260-123440-0005__SIRm3,6930,4970,5,0.0,0.0,0.0,0.0,0.0,50.814668927645045,19.14199771147553
6930-76324-0025_4970-29095-0038__T2__4970-4970-29095-0038__HSIMV2__6829-6829-68769-0002__SIRm3,4970,6930,5,0.2,0.0,0.0,0.0,0.0,50.877304208507205,19.799961960623897
6930-76324-0026_5683-32865-0003__T1__6930-6930-76324-0026__HSIMV2__260-260-123288-0013__SIRm3,6930,5683,5,0.0,0.0,0.0,0.0,0.0,45.86177773980966,17.145011667855613
6930-76324-0026_5683-32865-0003__T2__5683-5683-32865-0003__HSIMV2__1221-1221-135767-0021__SIRm3,5683,6930,6,1.0,1.0,1.0,1.0,1.0,-31.80632230214394,-13.618717820451234
6930-76324-0026_8455-210777-0062__T1__6930-6930-76324-0026__HSIMV2__260-260-123288-0016__SIRm3,6930,8455,5,0.0,0.0,0.0,0.0,0.0,50.730761497656076,19.92704799905958
6930-76324-0026_8455-210777-0062__T2__8455-8455-210777-0062__HSIMV2__1320-1320-122617-0000__SIRm3,8455,6930,5,0.0,0.0,0.0,0.0,0.0,46.82869685524213,15.227636354040529
6930-76324-0027_5683-32879-0011__T1__6930-6930-76324-0027__HSIMV2__260-260-123286-0013__SIRm3,6930,5683,8,0.0,0.0,0.0,0.0,0.0,48.412353561114216,18.2589454083834
6930-76324-0027_5683-32879-0011__T2__5683-5683-32879-0011__HSIMV2__237-237-134500-0012__SIRm3,5683,6930,17,0.0,0.0,0.0,0.0,0.0,49.03172380182491,19.348307856098515
6930-76324-0027_908-31957-0003__T1__6930-6930-76324-0027__HSIMV2__260-260-123440-0012__SIRm3,6930,908,9,0.0,0.0,0.0,0.0,0.0,53.25809565540301,19.337460841210586
6930-76324-0027_908-31957-0003__T2__908-908-31957-0003__HSIMV2__7176-7176-92135-0035__SIRm3,908,6930,5,0.0,0.0,0.0,0.0,0.0,44.19790724668037,17.561907206811757
6930-76324-0028_7127-75947-0003__T1__6930-6930-76324-0028__HSIMV2__260-260-123288-0011__SIRm3,6930,7127,16,0.0,0.0,0.0,0.0,0.0,44.05270721869048,17.656754572087856
6930-76324-0028_7127-75947-0003__T2__7127-7127-75947-0003__HSIMV2__8455-8455-210777-0034__SIRm3,7127,6930,10,0.0,0.0,0.0,0.0,0.0,47.83610971462549,18.319609883789308
6930-81414-0000_1320-122612-0012__T1__6930-6930-81414-0000__HSIMV2__260-260-123440-0015__SIRm3,6930,1320,11,0.0,0.0,0.0,0.0,0.0,55.3193910545001,18.485504165803768
6930-81414-0000_1320-122612-0012__T2__1320-1320-122612-0012__HSIMV2__5105-5105-28233-0000__SIRm3,1320,6930,8,0.125,0.125,0.125,0.0,0.0,46.83665094777689,17.311522903622777
6930-81414-0000_5683-32866-0007__T1__6930-6930-81414-0000__HSIMV2__260-260-123286-0031__SIRm3,6930,5683,9,0.0,0.0,0.0,0.0,0.0,49.126203784838665,18.676007904971595
6930-81414-0000_5683-32866-0007__T2__5683-5683-32866-0007__HSIMV2__237-237-134500-0031__SIRm3,5683,6930,7,1.0,1.0,1.0,1.0,1.0,-59.507762727235864,-42.66349689831457
6930-81414-0002_2094-142345-0050__T1__6930-6930-81414-0002__HSIMV2__260-260-123288-0000__SIRm3,6930,2094,5,0.0,0.0,0.0,0.0,0.0,42.0357144174918,17.003307097800555
6930-81414-0002_2094-142345-0050__T2__2094-2094-142345-0050__HSIMV2__3729-3729-6852-0046__SIRm3,2094,6930,7,0.0,0.0,0.0,0.0,0.0,48.224249932398216,19.73903475537136
6930-81414-0002_7021-85628-0023__T1__6930-6930-81414-0002__HSIMV2__260-260-123288-0016__SIRm3,6930,7021,5,0.0,0.0,0.0,0.0,0.0,53.55504698363588,18.782871945906297
6930-81414-0002_7021-85628-0023__T2__7021-7021-85628-0023__HSIMV2__5105-5105-28240-0016__SIRm3,7021,6930,7,0.0,0.0,0.0,0.0,0.0,52.43047223178361,18.335552298915182
6930-81414-0003_2830-3980-0012__T1__6930-6930-81414-0003__HSIMV2__260-260-123288-0003__SIRm3,6930,2830,5,0.0,0.0,0.0,0.0,0.0,37.57470357374009,15.7621407833587
6930-81414-0003_2830-3980-0012__T2__2830-2830-3980-0012__HSIMV2__1188-1188-133604-0024__SIRm3,2830,6930,5,0.0,0.0,0.0,0.0,0.0,49.807182554768396,17.528767588451878
6930-81414-0003_5683-32879-0016__T1__6930-6930-81414-0003__HSIMV2__260-260-123286-0011__SIRm3,6930,5683,5,0.0,0.0,0.0,0.0,0.0,46.47014302182778,17.980592699235714
6930-81414-0003_5683-32879-0016__T2__5683-5683-32879-0016__HSIMV2__237-237-134500-0011__SIRm3,5683,6930,5,0.0,0.0,0.0,0.0,0.0,49.477882319351046,20.44284939686198
6930-81414-0003_7127-75946-0021__T1__6930-6930-81414-0003__HSIMV2__260-260-123288-0008__SIRm3,6930,7127,5,0.0,0.0,0.0,0.0,0.0,51.239442800122994,18.196410935748204
6930-81414-0003_7127-75946-0021__T2__7127-7127-75946-0021__HSIMV2__8455-8455-210777-0062__SIRm3,7127,6930,5,0.0,0.0,0.0,0.0,0.0,43.08148776677694,17.731421845624027
6930-81414-0004_908-31957-0019__T1__6930-6930-81414-0004__HSIMV2__260-260-123286-0002__SIRm3,6930,908,18,0.0,0.0,0.0,0.0,0.0,50.45598540512204,17.577297049038712
6930-81414-0004_908-31957-0019__T2__908-908-31957-0019__HSIMV2__7176-7176-92135-0042__SIRm3,908,6930,13,0.0,0.0,0.0,0.0,0.0,42.589462033882164,18.42214661533165
6930-81414-0006_1284-134647-0000__T1__6930-6930-81414-0006__HSIMV2__260-260-123440-0012__SIRm3,6930,1284,9,0.0,0.0,0.0,0.0,0.0,51.940069869106836,20.92143477385785
6930-81414-0006_1284-134647-0000__T2__1284-1284-134647-0000__HSIMV2__4446-4446-2273-0023__SIRm3,1284,6930,11,0.0,0.0,0.0,0.0,0.0,61.882440924963674,21.33434362504795
6930-81414-0006_237-134493-0006__T1__6930-6930-81414-0006__HSIMV2__260-260-123288-0001__SIRm3,6930,237,9,0.0,0.0,0.0,0.0,0.0,54.294640355658366,20.683100597852142
6930-81414-0006_237-134493-0006__T2__237-237-134493-0006__HSIMV2__1580-1580-141083-0036__SIRm3,237,6930,6,0.0,0.0,0.0,0.0,0.0,55.59173842402647,20.179876885636304
6930-81414-0007_3570-5694-0017__T1__6930-6930-81414-0007__HSIMV2__260-260-123286-0026__SIRm3,6930,3570,7,0.0,0.0,0.0,0.0,0.0,46.49713680417455,18.25645689620722
6930-81414-0007_3570-5694-0017__T2__3570-3570-5694-0017__HSIMV2__4507-4507-16021-0040__SIRm3,3570,6930,6,0.0,0.0,0.0,0.0,0.0,38.898824904252216,19.20698771464204
6930-81414-0008_3570-5696-0008__T1__6930-6930-81414-0008__HSIMV2__260-260-123286-0023__SIRm3,6930,3570,10,0.0,0.0,0.0,0.0,0.0,49.38810676234096,18.60151020219712
6930-81414-0008_3570-5696-0008__T2__3570-3570-5696-0008__HSIMV2__4507-4507-16021-0009__SIRm3,3570,6930,13,0.0,0.0,0.0,0.0,0.0,61.71497328618793,22.71276457530815
6930-81414-0008_4446-2275-0038__T1__6930-6930-81414-0008__HSIMV2__260-260-123440-0016__SIRm3,6930,4446,8,0.0,0.0,0.0,0.0,0.0,48.58557859526707,19.293367918888965
6930-81414-0008_4446-2275-0038__T2__4446-4446-2275-0038__HSIMV2__4992-4992-23283-0007__SIRm3,4446,6930,7,0.0,0.0,0.0,0.0,0.0,44.36626367099381,16.83383623907802
6930-81414-0010_3729-6852-0036__T1__6930-6930-81414-0010__HSIMV2__260-260-123288-0005__SIRm3,6930,3729,6,0.0,0.0,0.0,0.0,0.0,44.6072691848693,17.712130252077486
6930-81414-0010_3729-6852-0036__T2__3729-3729-6852-0036__HSIMV2__4507-4507-16021-0011__SIRm3,3729,6930,9,0.0,0.0,0.0,0.0,0.0,56.651642716656326,19.685318786832084
6930-81414-0010_5142-33396-0020__T1__6930-6930-81414-0010__HSIMV2__1320-1320-122617-0004__SIRm3,6930,5142,6,0.0,0.0,0.0,0.0,0.0,51.890736795211645,18.626665813181987
6930-81414-0010_5142-33396-0020__T2__5142-5142-33396-0020__HSIMV2__4970-4970-29095-0018__SIRm3,5142,6930,5,0.0,0.0,0.0,0.0,0.0,43.972975252076864,18.77803849390846
6930-81414-0011_4992-41806-0006__T1__6930-6930-81414-0011__HSIMV2__260-260-123286-0016__SIRm3,6930,4992,8,0.0,0.0,0.0,0.0,0.0,50.5808854467147,18.24875071869727
6930-81414-0011_4992-41806-0006__T2__4992-4992-41806-0006__HSIMV2__4446-4446-2275-0007__SIRm3,4992,6930,15,0.0,0.0,0.0,0.0,0.0,61.467551911899484,21.49364655875836
6930-81414-0012_8455-210777-0049__T1__6930-6930-81414-0012__HSIMV2__260-260-123286-0008__SIRm3,6930,8455,6,0.0,0.0,0.0,0.0,0.0,39.47936367724258,17.2076580269434
6930-81414-0012_8455-210777-0049__T2__8455-8455-210777-0049__HSIMV2__1320-1320-122617-0000__SIRm3,8455,6930,7,0.0,0.0,0.0,0.0,0.0,58.12951713786676,19.52187760922717
6930-81414-0013_2830-3980-0047__T1__6930-6930-81414-0013__HSIMV2__260-260-123286-0016__SIRm3,6930,2830,13,0.0,0.0,0.0,0.0,0.0,41.64575564454088,15.893924320661611
6930-81414-0013_2830-3980-0047__T2__2830-2830-3980-0047__HSIMV2__1188-1188-133604-0025__SIRm3,2830,6930,13,0.0,0.0,0.0,0.0,0.0,45.13966985283007,17.540528128534273
6930-81414-0014_1580-141083-0049__T1__6930-6930-81414-0014__HSIMV2__260-260-123288-0018__SIRm3,6930,1580,5,0.0,0.0,0.0,0.0,0.0,52.03657549190128,19.22683218450868
6930-81414-0014_1580-141083-0049__T2__1580-1580-141083-0049__HSIMV2__1284-1284-1180-0018__SIRm3,1580,6930,6,0.0,0.0,0.0,0.0,0.0,61.024506233024546,20.38179090260733
6930-81414-0015_5142-36377-0025__T1__6930-6930-81414-0015__HSIMV2__260-260-123286-0008__SIRm3,6930,5142,6,0.0,0.0,0.0,0.0,0.0,44.8723577419554,17.23056363649403
6930-81414-0015_5142-36377-0025__T2__5142-5142-36377-0025__HSIMV2__4970-4970-29095-0008__SIRm3,5142,6930,5,0.0,0.0,0.0,0.0,0.0,43.786405652132956,18.081474992077226
6930-81414-0019_8463-287645-0005__T1__6930-6930-81414-0019__HSIMV2__260-260-123288-0005__SIRm3,6930,8463,5,0.0,0.0,0.0,0.0,0.0,52.402922186828185,18.547337020260443
6930-81414-0019_8463-287645-0005__T2__8463-8463-287645-0005__HSIMV2__4992-4992-41806-0005__SIRm3,8463,6930,6,1.0,1.0,1.0,1.0,1.0,-47.451545046368864,-24.42418012446604
6930-81414-0020_260-123286-0002__T1__6930-6930-81414-0020__HSIMV2__260-260-123288-0001__SIRm3,6930,260,9,0.0,0.0,0.0,0.0,0.0,55.03897644529482,20.50305772385944
6930-81414-0020_260-123286-0002__T2__260-260-123286-0002__HSIMV2__672-672-122797-0045__SIRm3,260,6930,18,0.05555555555555555,0.3888888888888889,0.05555555555555555,0.0,0.0,50.4593561664441,18.77684276544982
6930-81414-0020_260-123286-0026__T1__6930-6930-81414-0020__HSIMV2__260-260-123440-0002__SIRm3,6930,260,9,0.0,0.0,0.0,0.0,0.0,47.94160172421381,18.04634625808568
6930-81414-0020_260-123286-0026__T2__260-260-123286-0026__HSIMV2__6930-6930-76324-0023__SIRm3,260,6930,8,0.0,0.0,0.0,0.0,0.0,48.37084109255389,18.34074546114295
6930-81414-0021_1320-122617-0003__T1__6930-6930-81414-0021__HSIMV2__260-260-123286-0013__SIRm3,6930,1320,5,0.0,0.0,0.0,0.0,0.0,50.83525342486611,19.00416608957624
6930-81414-0021_1320-122617-0003__T2__1320-1320-122617-0003__HSIMV2__5105-5105-28241-0006__SIRm3,1320,6930,11,0.0,0.0,0.0,0.0,0.0,54.36452072482584,19.814110270225346
6930-81414-0021_61-70968-0032__T1__6930-6930-81414-0021__HSIMV2__260-260-123288-0024__SIRm3,6930,61,5,0.0,0.0,0.0,0.0,0.0,51.133643737041965,19.00869519785526
6930-81414-0021_61-70968-0032__T2__61-61-70968-0032__HSIMV2__8230-8230-279154-0032__SIRm3,61,6930,6,0.0,0.0,0.0,0.0,0.0,37.046180570400395,13.51971330334068
6930-81414-0022_1320-122617-0003__T1__6930-6930-81414-0022__HSIMV2__260-260-123288-0010__SIRm3,6930,1320,7,0.0,0.0,0.0,0.0,0.0,48.00149780139379,17.804527260826482
6930-81414-0022_1320-122617-0003__T2__1320-1320-122617-0003__HSIMV2__5105-5105-28240-0002__SIRm3,1320,6930,7,0.0,0.0,0.0,0.0,0.0,50.89056966045126,16.20345361065309
6930-81414-0022_908-157963-0006__T1__6930-6930-81414-0022__HSIMV2__260-260-123286-0026__SIRm3,6930,908,7,0.0,0.0,0.0,0.0,0.0,51.00723452244317,17.819880351600577
6930-81414-0022_908-157963-0006__T2__908-908-157963-0006__HSIMV2__7176-7176-92135-0001__SIRm3,908,6930,14,0.0,0.0,0.0,0.0,0.0,33.42694313657348,15.831964691997683
6930-81414-0023_4507-16021-0014__T1__6930-6930-81414-0023__HSIMV2__260-260-123288-0012__SIRm3,6930,4507,6,0.0,0.0,0.0,0.0,0.0,61.036226136779845,20.10974057693109
6930-81414-0023_4507-16021-0014__T2__4507-4507-16021-0014__HSIMV2__3729-3729-6852-0036__SIRm3,4507,6930,9,0.0,0.0,0.0,0.0,0.0,58.24757310502447,20.69364678873037
6930-81414-0023_5142-33396-0012__T1__6930-6930-81414-0023__HSIMV2__260-260-123440-0013__SIRm3,6930,5142,5,0.0,0.0,0.0,0.0,0.0,52.843360723996014,21.474090471839688
6930-81414-0023_5142-33396-0012__T2__5142-5142-33396-0012__HSIMV2__4970-4970-29095-0008__SIRm3,5142,6930,5,0.0,0.0,0.0,0.0,0.0,48.12150953282388,19.917629886272906
6930-81414-0026_8463-294828-0015__T1__6930-6930-81414-0026__HSIMV2__260-260-123288-0009__SIRm3,6930,8463,5,0.0,0.0,0.0,0.0,0.0,52.518367338530595,18.45093402191821
6930-81414-0026_8463-294828-0015__T2__8463-8463-294828-0015__HSIMV2__4992-4992-41797-0015__SIRm3,8463,6930,8,0.0,0.0,0.0,0.0,0.0,53.9755449103303,19.93419500304429
7021-79730-0001_5142-33396-0064__T1__7021-7021-79730-0001__HSIMV2__5105-5105-28241-0013__SIRm3,7021,5142,8,0.0,0.0,0.0,0.0,0.0,50.54188727154937,18.402821159996808
7021-79730-0001_5142-33396-0064__T2__5142-5142-33396-0064__HSIMV2__4970-4970-29095-0034__SIRm3,5142,7021,5,0.0,0.0,0.0,0.0,0.0,53.149410602536136,19.289540907527016
7021-79730-0004_2830-3980-0009__T1__7021-7021-79730-0004__HSIMV2__5105-5105-28241-0008__SIRm3,7021,2830,16,0.0,0.0,0.0,0.0,0.0,49.971215038744106,19.49712970226048
7021-79730-0004_2830-3980-0009__T2__2830-2830-3980-0009__HSIMV2__1188-1188-133604-0016__SIRm3,2830,7021,6,0.0,0.0,0.0,0.0,0.0,51.77062226389028,21.52291165105932
7021-79730-0005_1320-122617-0008__T1__7021-7021-79730-0005__HSIMV2__5105-5105-28241-0003__SIRm3,7021,1320,6,0.0,0.0,0.0,0.0,0.0,55.93823077902616,20.5634622505116
7021-79730-0005_1320-122617-0008__T2__1320-1320-122617-0008__HSIMV2__5105-5105-28240-0011__SIRm3,1320,7021,7,0.0,0.0,0.0,0.0,0.0,51.415522989501525,18.953390352794447
7021-79730-0005_5142-36377-0007__T1__7021-7021-79730-0005__HSIMV2__5105-5105-28240-0014__SIRm3,7021,5142,5,0.0,0.0,0.0,0.0,0.0,50.57663871521737,18.659115829697672
7021-79730-0005_5142-36377-0007__T2__5142-5142-36377-0007__HSIMV2__4970-4970-29095-0003__SIRm3,5142,7021,11,0.0,0.0,0.0,0.0,0.0,55.03152706674932,20.35583980927929
7021-79730-0006_4446-2271-0005__T1__7021-7021-79730-0006__HSIMV2__5105-5105-28240-0016__SIRm3,7021,4446,7,0.0,0.0,0.0,0.0,0.0,47.4631474580931,18.039076583183792
7021-79730-0006_4446-2271-0005__T2__4446-4446-2271-0005__HSIMV2__1284-1284-1181-0000__SIRm3,4446,7021,5,1.0,1.0,1.0,1.0,1.0,-53.07023859604446,-34.80926130342662
7021-79730-0006_8455-210777-0037__T1__7021-7021-79730-0006__HSIMV2__5105-5105-28240-0007__SIRm3,7021,8455,8,0.0,0.0,0.0,0.0,0.0,51.895502266475454,19.417971398469323
7021-79730-0006_8455-210777-0037__T2__8455-8455-210777-0037__HSIMV2__1320-1320-122617-0013__SIRm3,8455,7021,8,0.0,0.0,0.0,0.0,0.0,52.422244213065284,18.266883072399608
7021-79730-0007_908-157963-0028__T1__7021-7021-79730-0007__HSIMV2__5105-5105-28233-0004__SIRm3,7021,908,8,0.125,0.0,0.0,0.0,0.0,39.30668848034778,15.368200544965145
7021-79730-0007_908-157963-0028__T2__908-908-157963-0028__HSIMV2__7176-7176-88083-0006__SIRm3,908,7021,7,0.0,0.0,0.0,0.0,0.0,36.32161816700391,16.555404255879427
7021-79730-0008_260-123288-0027__T1__7021-7021-79730-0008__HSIMV2__5105-5105-28233-0006__SIRm3,7021,260,10,0.1,0.0,0.0,0.0,0.0,56.97517729257703,20.033006705485743
7021-79730-0008_260-123288-0027__T2__260-260-123288-0027__HSIMV2__672-672-122797-0073__SIRm3,260,7021,11,0.0,0.0,0.0,0.0,0.0,50.63145963156283,19.698164260717725
7021-79730-0008_6829-68771-0020__T1__7021-7021-79730-0008__HSIMV2__5105-5105-28240-0022__SIRm3,7021,6829,8,0.0,0.0,0.0,0.0,0.0,41.66023454907882,17.421379804051966
7021-79730-0008_6829-68771-0020__T2__6829-6829-68771-0020__HSIMV2__4970-4970-29093-0000__SIRm3,6829,7021,5,0.0,0.0,0.0,0.0,0.0,51.30158615185671,19.57300645205092
7021-79730-0009_237-126133-0021__T1__7021-7021-79730-0009__HSIMV2__5105-5105-28241-0009__SIRm3,7021,237,13,0.0,0.0,0.0,0.0,0.0,53.99277567183466,20.25024831362395
7021-79730-0009_237-126133-0021__T2__237-237-126133-0021__HSIMV2__5683-5683-32866-0001__SIRm3,237,7021,5,0.0,0.0,0.0,0.0,0.0,58.38249248689622,19.335988497902857
7021-79740-0003_1320-122617-0010__T1__7021-7021-79740-0003__HSIMV2__5105-5105-28241-0018__SIRm3,7021,1320,8,0.0,0.25,0.0,0.0,0.0,53.26692236220933,18.368016454161072
7021-79740-0003_1320-122617-0010__T2__1320-1320-122617-0010__HSIMV2__5105-5105-28240-0019__SIRm3,1320,7021,11,0.0,0.0,0.0,0.0,0.0,53.9886144979804,20.162597473891964
7021-79740-0004_1089-134691-0004__T1__7021-7021-79740-0004__HSIMV2__5105-5105-28233-0009__SIRm3,7021,1089,11,0.0,0.0,0.0,0.0,0.0,54.54340833012484,19.80847559759657
7021-79740-0004_1089-134691-0004__T2__1089-1089-134691-0004__HSIMV2__8230-8230-279154-0041__SIRm3,1089,7021,9,0.0,0.0,0.0,0.0,0.0,58.2039861167075,19.5201786530519
7021-79740-0006_2830-3980-0019__T1__7021-7021-79740-0006__HSIMV2__5105-5105-28241-0013__SIRm3,7021,2830,8,0.0,0.0,0.0,0.0,0.0,49.962714649397796,20.54865145983034
7021-79740-0006_2830-3980-0019__T2__2830-2830-3980-0019__HSIMV2__1188-1188-133604-0004__SIRm3,2830,7021,13,0.0,0.0,0.0,0.0,0.0,42.496128730304235,15.968670662029302
7021-79740-0006_4446-2273-0034__T1__7021-7021-79740-0006__HSIMV2__5105-5105-28241-0017__SIRm3,7021,4446,10,0.0,0.3,0.0,0.0,0.0,56.929988401738704,20.03608337181508
7021-79740-0006_4446-2273-0034__T2__4446-4446-2273-0034__HSIMV2__1284-1284-1181-0017__SIRm3,4446,7021,6,0.0,0.0,0.0,0.0,0.0,57.03768444593376,19.06186459731141
7021-79740-0006_672-122797-0027__T1__7021-7021-79740-0006__HSIMV2__5105-5105-28241-0018__SIRm3,7021,672,10,0.1,0.2,0.1,0.0,0.0,50.84951938490733,18.48226343179473
7021-79740-0006_672-122797-0027__T2__672-672-122797-0027__HSIMV2__1320-1320-122617-0019__SIRm3,672,7021,8,0.375,0.5,0.25,0.75,0.25,-4.655726396036594,0.1786561378913078
7021-79740-0007_260-123286-0029__T1__7021-7021-79740-0007__HSIMV2__5105-5105-28240-0007__SIRm3,7021,260,8,0.0,0.0,0.0,0.0,0.0,53.136052529890414,21.13341248582469
7021-79740-0007_260-123286-0029__T2__260-260-123286-0029__HSIMV2__672-672-122797-0071__SIRm3,260,7021,8,0.0,0.0,0.0,0.0,0.0,51.729290449519766,16.668320956489286
7021-79740-0007_4077-13751-0020__T1__7021-7021-79740-0007__HSIMV2__5105-5105-28240-0017__SIRm3,7021,4077,10,0.0,0.0,0.0,0.0,0.0,54.77154524366688,19.11191569877916
7021-79740-0007_4077-13751-0020__T2__4077-4077-13751-0020__HSIMV2__8455-8455-210777-0041__SIRm3,4077,7021,11,0.0,0.0,0.0,0.0,0.0,40.14076458590914,15.350246314697143
7021-79740-0007_4507-16021-0051__T1__7021-7021-79740-0007__HSIMV2__5105-5105-28241-0002__SIRm3,7021,4507,12,0.0,0.0,0.0,0.0,0.0,47.916334052793054,19.982134560810632
7021-79740-0007_4507-16021-0051__T2__4507-4507-16021-0051__HSIMV2__3729-3729-6852-0014__SIRm3,4507,7021,10,0.0,0.0,0.0,0.0,0.0,57.47311942368742,20.55202766374829
7021-79740-0007_8555-284447-0018__T1__7021-7021-79740-0007__HSIMV2__5105-5105-28241-0008__SIRm3,7021,8555,12,0.08333333333333333,0.16666666666666666,0.0,0.0,0.0,55.924192903713994,20.45113558188368
7021-79740-0007_8555-284447-0018__T2__8555-8555-284447-0018__HSIMV2__4970-4970-29095-0029__SIRm3,8555,7021,6,0.16666666666666666,0.0,0.0,0.0,0.0,27.70229540134422,16.006612878189802
7021-79740-0009_61-70970-0018__T1__7021-7021-79740-0009__HSIMV2__5105-5105-28241-0016__SIRm3,7021,61,6,0.0,0.0,0.0,0.0,0.0,50.47819902509125,18.99963194994632
7021-79740-0009_61-70970-0018__T2__61-61-70970-0018__HSIMV2__8230-8230-279154-0030__SIRm3,61,7021,8,0.0,0.0,0.0,0.0,0.0,29.608134255779287,9.697034029385003
7021-79740-0009_8463-294828-0014__T1__7021-7021-79740-0009__HSIMV2__5105-5105-28233-0006__SIRm3,7021,8463,6,0.0,0.0,0.0,0.0,0.0,48.998173552433464,19.55842158640086
7021-79740-0009_8463-294828-0014__T2__8463-8463-294828-0014__HSIMV2__4992-4992-41797-0020__SIRm3,8463,7021,10,0.0,0.0,0.0,0.0,0.0,49.95412683531016,17.92813958166996
7021-79740-0010_8455-210777-0051__T1__7021-7021-79740-0010__HSIMV2__5105-5105-28240-0006__SIRm3,7021,8455,23,0.0,0.08695652173913043,0.0,0.0,0.0,54.71661354794895,20.02037491222679
7021-79740-0010_8455-210777-0051__T2__8455-8455-210777-0051__HSIMV2__1320-1320-122617-0023__SIRm3,8455,7021,14,0.07142857142857142,0.0,0.0,0.0,0.0,54.86966309693365,20.10051960252682
7021-79740-0011_3575-170457-0014__T1__7021-7021-79740-0011__HSIMV2__5105-5105-28241-0018__SIRm3,7021,3575,19,0.05263157894736842,0.0,0.0,0.0,0.0,58.659558771230145,20.63925963121342
7021-79740-0011_3575-170457-0014__T2__3575-3575-170457-0014__HSIMV2__237-237-134493-0006__SIRm3,3575,7021,7,0.0,0.0,0.0,0.0,0.0,57.47162758907974,21.27363596284689
7021-79740-0012_1580-141084-0004__T1__7021-7021-79740-0012__HSIMV2__5105-5105-28240-0021__SIRm3,7021,1580,5,0.0,0.0,0.0,0.0,0.0,56.84542657089747,20.044941351605733
7021-79740-0012_1580-141084-0004__T2__1580-1580-141084-0004__HSIMV2__237-237-134500-0036__SIRm3,1580,7021,12,0.0,0.0,0.0,0.0,0.0,45.04749151963219,18.490465103512825
7021-79740-0012_2830-3980-0057__T1__7021-7021-79740-0012__HSIMV2__5105-5105-28241-0017__SIRm3,7021,2830,5,0.0,0.0,0.0,0.0,0.0,53.691580445310045,21.51082342504168
7021-79740-0012_2830-3980-0057__T2__2830-2830-3980-0057__HSIMV2__1188-1188-133604-0038__SIRm3,2830,7021,9,0.0,0.0,0.0,0.0,0.0,55.86298336178602,18.0210965774144
7021-79740-0012_8455-210777-0020__T1__7021-7021-79740-0012__HSIMV2__5105-5105-28240-0024__SIRm3,7021,8455,5,0.0,0.0,0.0,0.0,0.0,55.46557824524213,20.933490337530696
7021-79740-0012_8455-210777-0020__T2__8455-8455-210777-0020__HSIMV2__1320-1320-122612-0010__SIRm3,8455,7021,5,0.0,0.0,0.0,0.0,0.0,42.89547047145776,18.434204635032792
7021-79740-0013_7127-75946-0006__T1__7021-7021-79740-0013__HSIMV2__5105-5105-28240-0002__SIRm3,7021,7127,7,0.14285714285714285,0.0,0.0,0.0,0.0,46.49856390239895,18.58450819837695
7021-79740-0013_7127-75946-0006__T2__7127-7127-75946-0006__HSIMV2__8455-8455-210777-0015__SIRm3,7127,7021,14,0.0,0.07142857142857142,0.0,0.0,0.0,41.99139049974809,15.78540484894426
7021-79740-0014_2300-131720-0023__T1__7021-7021-79740-0014__HSIMV2__5105-5105-28240-0000__SIRm3,7021,2300,9,0.0,0.0,0.0,0.0,0.0,58.48549626276609,22.184480897571863
7021-79740-0014_2300-131720-0023__T2__2300-2300-131720-0023__HSIMV2__61-61-70968-0041__SIRm3,2300,7021,12,0.16666666666666666,0.25,0.16666666666666666,0.0,0.0,53.22802297282032,19.38163204468921
7021-79759-0000_672-122797-0065__T1__7021-7021-79759-0000__HSIMV2__5105-5105-28233-0006__SIRm3,7021,672,8,0.0,0.0,0.0,0.0,0.0,59.09479578543886,20.695529060774906
7021-79759-0000_672-122797-0065__T2__672-672-122797-0065__HSIMV2__1320-1320-122612-0000__SIRm3,672,7021,5,1.0,1.0,1.0,1.0,1.0,-22.788923742121078,-10.425588647695644
7021-79759-0000_7729-102255-0016__T1__7021-7021-79759-0000__HSIMV2__5105-5105-28240-0005__SIRm3,7021,7729,8,0.0,0.0,0.0,0.0,0.0,58.1388784237372,19.39356348966537
7021-79759-0000_7729-102255-0016__T2__7729-7729-102255-0016__HSIMV2__7176-7176-92135-0028__SIRm3,7729,7021,5,0.0,0.0,0.0,0.0,0.0,64.4945709545755,20.30283389833465
7021-79759-0000_8230-279154-0018__T1__7021-7021-79759-0000__HSIMV2__5105-5105-28240-0000__SIRm3,7021,8230,8,0.0,0.0,0.0,0.0,0.0,56.68999083845716,19.59110681694872
7021-79759-0000_8230-279154-0018__T2__8230-8230-279154-0018__HSIMV2__61-61-70968-0008__SIRm3,8230,7021,6,0.0,0.0,0.0,0.0,0.0,44.62857626538075,13.56451830440012
7021-79759-0002_1188-133604-0039__T1__7021-7021-79759-0002__HSIMV2__5105-5105-28240-0001__SIRm3,7021,1188,9,0.0,0.0,0.0,0.0,0.0,45.66172107232277,18.13657535469766
7021-79759-0002_1188-133604-0039__T2__1188-1188-133604-0039__HSIMV2__2830-2830-3979-0009__SIRm3,1188,7021,12,0.0,0.0,0.0,0.0,0.0,49.641061168603834,18.07439967021161
7021-79759-0002_2830-3979-0011__T1__7021-7021-79759-0002__HSIMV2__5105-5105-28240-0005__SIRm3,7021,2830,9,0.0,0.0,0.0,0.0,0.0,51.58315130654457,19.12936322880733
7021-79759-0002_2830-3979-0011__T2__2830-2830-3979-0011__HSIMV2__1188-1188-133604-0036__SIRm3,2830,7021,14,0.0,0.0,0.0,0.0,0.0,51.415231787502876,19.95341916869835
7021-79759-0003_260-123286-0022__T1__7021-7021-79759-0003__HSIMV2__5105-5105-28240-0004__SIRm3,7021,260,8,0.0,0.0,0.0,0.0,0.0,47.82843153206679,18.473779338260425
7021-79759-0003_260-123286-0022__T2__260-260-123286-0022__HSIMV2__672-672-122797-0050__SIRm3,260,7021,5,0.0,0.0,0.0,0.0,0.0,46.419468779574196,17.98760881007895
7021-79759-0005_2094-142345-0049__T1__7021-7021-79759-0005__HSIMV2__5105-5105-28241-0016__SIRm3,7021,2094,11,0.0,0.0,0.0,0.0,0.0,53.630675636254836,19.493924837450564
7021-79759-0005_2094-142345-0049__T2__2094-2094-142345-0049__HSIMV2__3729-3729-6852-0040__SIRm3,2094,7021,11,0.0,0.0,0.0,0.0,0.0,56.33426011783956,21.10701801559873
7021-79759-0005_61-70968-0041__T1__7021-7021-79759-0005__HSIMV2__5105-5105-28241-0006__SIRm3,7021,61,14,0.0,0.0,0.0,0.0,0.0,51.53625032904764,20.10668971268764
7021-79759-0005_61-70968-0041__T2__61-61-70968-0041__HSIMV2__8230-8230-279154-0035__SIRm3,61,7021,12,0.0,0.0,0.0,0.16666666666666666,0.0,27.867866460808145,3.354226254223321
7021-85628-0000_672-122797-0031__T1__7021-7021-85628-0000__HSIMV2__5105-5105-28240-0000__SIRm3,7021,672,5,0.0,0.0,0.0,0.0,0.0,49.542166298178245,18.81779636566919
7021-85628-0000_672-122797-0031__T2__672-672-122797-0031__HSIMV2__260-260-123286-0020__SIRm3,672,7021,5,0.0,0.0,0.0,0.0,0.0,46.21967720174554,20.04947001710489
7021-85628-0001_1580-141084-0027__T1__7021-7021-85628-0001__HSIMV2__5105-5105-28233-0003__SIRm3,7021,1580,21,0.0,0.0,0.0,0.0,0.0,58.71075911494782,19.698459734781697
7021-85628-0001_1580-141084-0027__T2__1580-1580-141084-0027__HSIMV2__237-237-134500-0026__SIRm3,1580,7021,5,0.0,0.0,0.0,0.0,0.0,49.52528564296925,20.031685673789447
7021-85628-0001_5683-32866-0008__T1__7021-7021-85628-0001__HSIMV2__5105-5105-28240-0022__SIRm3,7021,5683,8,0.0,0.0,0.0,0.0,0.0,48.2374613246666,18.48477842378982
7021-85628-0001_5683-32866-0008__T2__5683-5683-32866-0008__HSIMV2__237-237-134493-0001__SIRm3,5683,7021,5,0.2,0.0,0.0,0.0,0.0,24.106356041287874,13.571993879854867
7021-85628-0002_8455-210777-0008__T1__7021-7021-85628-0002__HSIMV2__5105-5105-28241-0017__SIRm3,7021,8455,11,0.0,0.0,0.0,0.0,0.0,56.80960498392683,17.749412607557865
7021-85628-0002_8455-210777-0008__T2__8455-8455-210777-0008__HSIMV2__1320-1320-122617-0027__SIRm3,8455,7021,10,0.0,0.0,0.0,0.0,0.0,44.00622802594693,17.26405162775634
7021-85628-0003_4992-23283-0011__T1__7021-7021-85628-0003__HSIMV2__5105-5105-28240-0001__SIRm3,7021,4992,29,0.0,0.0,0.0,0.0,0.0,55.45683371595398,18.86280382523103
7021-85628-0003_4992-23283-0011__T2__4992-4992-23283-0011__HSIMV2__4446-4446-2273-0010__SIRm3,4992,7021,7,0.0,0.0,0.0,0.0,0.0,52.24932699236261,18.57777044871227
7021-85628-0005_1089-134691-0001__T1__7021-7021-85628-0005__HSIMV2__5105-5105-28241-0017__SIRm3,7021,1089,9,0.0,0.0,0.0,0.0,0.0,54.80049653798291,19.91231912579747
7021-85628-0005_1089-134691-0001__T2__1089-1089-134691-0001__HSIMV2__8230-8230-279154-0012__SIRm3,1089,7021,6,0.16666666666666666,0.0,0.0,0.0,0.0,42.57631019115107,17.622479120448002
7021-85628-0006_8555-284449-0013__T1__7021-7021-85628-0006__HSIMV2__5105-5105-28233-0004__SIRm3,7021,8555,6,0.0,0.0,0.0,0.0,0.0,50.956132512582464,19.81971079102249
7021-85628-0006_8555-284449-0013__T2__8555-8555-284449-0013__HSIMV2__4970-4970-29093-0015__SIRm3,8555,7021,5,0.0,0.0,0.0,0.0,0.0,62.69003473167313,22.89150974916196
7021-85628-0008_237-134500-0013__T1__7021-7021-85628-0008__HSIMV2__5105-5105-28240-0002__SIRm3,7021,237,7,0.0,0.0,0.0,0.0,0.0,56.32129132841791,20.973108788314985
7021-85628-0008_237-134500-0013__T2__237-237-134500-0013__HSIMV2__5683-5683-32879-0005__SIRm3,237,7021,11,0.0,0.0,0.0,0.0,0.0,57.055290909298066,19.86706866421064
7021-85628-0008_5142-33396-0002__T1__7021-7021-85628-0008__HSIMV2__5105-5105-28241-0006__SIRm3,7021,5142,13,0.0,0.0,0.0,0.0,0.0,56.31138059087729,19.29659740912604
7021-85628-0008_5142-33396-0002__T2__5142-5142-33396-0002__HSIMV2__4970-4970-29093-0022__SIRm3,5142,7021,6,0.0,0.0,0.0,0.0,0.0,44.462777421010685,18.059960556781068
7021-85628-0009_4992-41797-0016__T1__7021-7021-85628-0009__HSIMV2__5105-5105-28240-0016__SIRm3,7021,4992,7,0.14285714285714285,0.0,0.0,0.0,0.0,45.877398027769985,17.809474416590895
7021-85628-0009_4992-41797-0016__T2__4992-4992-41797-0016__HSIMV2__4446-4446-2275-0005__SIRm3,4992,7021,5,0.0,0.0,0.0,0.0,0.0,55.50684362139508,19.27461582666364
7021-85628-0010_5683-32865-0007__T1__7021-7021-85628-0010__HSIMV2__5105-5105-28240-0009__SIRm3,7021,5683,15,0.0,0.0,0.0,0.0,0.0,50.59907687661098,19.184976175880504
7021-85628-0010_5683-32865-0007__T2__5683-5683-32865-0007__HSIMV2__237-237-134493-0013__SIRm3,5683,7021,7,0.5714285714285714,0.7142857142857143,0.5714285714285714,0.7142857142857143,0.5714285714285714,-18.609408419444094,-4.215424372381124
7021-85628-0012_7127-75947-0001__T1__7021-7021-85628-0012__HSIMV2__5105-5105-28233-0001__SIRm3,7021,7127,7,0.0,0.0,0.0,0.0,0.0,48.888756863000495,18.65649606862973
7021-85628-0012_7127-75947-0001__T2__7127-7127-75947-0001__HSIMV2__8455-8455-210777-0023__SIRm3,7127,7021,8,0.0,0.0,0.0,0.0,0.0,45.03733253607236,15.6098153815631
7021-85628-0012_8455-210777-0004__T1__7021-7021-85628-0012__HSIMV2__5105-5105-28241-0005__SIRm3,7021,8455,9,0.0,0.0,0.0,0.0,0.0,53.04986320469526,19.04752254192851
7021-85628-0012_8455-210777-0004__T2__8455-8455-210777-0004__HSIMV2__1320-1320-122612-0015__SIRm3,8455,7021,11,0.0,0.0,0.0,0.0,0.0,46.055999121617596,17.90159615917166
7021-85628-0013_5683-32866-0007__T1__7021-7021-85628-0013__HSIMV2__5105-5105-28241-0017__SIRm3,7021,5683,23,0.043478260869565216,0.0,0.0,0.0,0.0,62.70251559675524,22.17047560318639
7021-85628-0013_5683-32866-0007__T2__5683-5683-32866-0007__HSIMV2__237-237-134500-0012__SIRm3,5683,7021,7,0.0,0.0,0.0,0.0,0.0,49.391794109146595,20.17457488596295
7021-85628-0015_1284-134647-0006__T1__7021-7021-85628-0015__HSIMV2__5105-5105-28241-0012__SIRm3,7021,1284,12,0.0,0.08333333333333333,0.0,0.0,0.0,55.25628304761687,18.944140327768373
7021-85628-0015_1284-134647-0006__T2__1284-1284-134647-0006__HSIMV2__4446-4446-2273-0024__SIRm3,1284,7021,8,0.0,0.0,0.0,0.0,0.0,56.5458912788781,18.91454013498918
7021-85628-0015_4992-41797-0013__T1__7021-7021-85628-0015__HSIMV2__5105-5105-28241-0012__SIRm3,7021,4992,12,0.0,0.08333333333333333,0.0,0.0,0.0,55.30619681741249,18.94236846004363
7021-85628-0015_4992-41797-0013__T2__4992-4992-41797-0013__HSIMV2__4446-4446-2273-0008__SIRm3,4992,7021,14,0.0,0.0,0.0,0.0,0.0,50.12766145340557,19.362787732687195
7021-85628-0015_61-70968-0035__T1__7021-7021-85628-0015__HSIMV2__5105-5105-28240-0000__SIRm3,7021,61,9,0.0,0.0,0.0,0.0,0.0,53.44573403984418,20.13338939112104
7021-85628-0015_61-70968-0035__T2__61-61-70968-0035__HSIMV2__7176-7176-88083-0023__SIRm3,61,7021,14,0.0,0.0,0.0,0.0,0.0,51.567751007374184,16.391011250573765
7021-85628-0016_3729-6852-0039__T1__7021-7021-85628-0016__HSIMV2__5105-5105-28241-0019__SIRm3,7021,3729,7,0.0,0.0,0.0,0.0,0.0,49.44434876359302,19.04292170059185
7021-85628-0016_3729-6852-0039__T2__3729-3729-6852-0039__HSIMV2__4507-4507-16021-0002__SIRm3,3729,7021,5,0.0,0.0,0.0,0.0,0.0,52.95052079143271,19.951627886529124
7021-85628-0016_5683-32865-0005__T1__7021-7021-85628-0016__HSIMV2__5105-5105-28240-0006__SIRm3,7021,5683,7,0.0,0.0,0.0,0.0,0.0,56.55894066063397,19.828782924532007
7021-85628-0016_5683-32865-0005__T2__5683-5683-32865-0005__HSIMV2__237-237-134500-0010__SIRm3,5683,7021,6,0.3333333333333333,0.0,0.0,0.0,0.0,30.18037744277942,15.68654928292361
7021-85628-0016_8555-284449-0002__T1__7021-7021-85628-0016__HSIMV2__5105-5105-28241-0000__SIRm3,7021,8555,7,0.0,0.0,0.0,0.0,0.0,51.285327225159804,19.01596699373829
7021-85628-0016_8555-284449-0002__T2__8555-8555-284449-0002__HSIMV2__4970-4970-29095-0037__SIRm3,8555,7021,12,1.0,1.0,1.0,1.0,1.0,-50.786656572087615,-27.1994190300055
7021-85628-0018_4507-16021-0039__T1__7021-7021-85628-0018__HSIMV2__5105-5105-28233-0009__SIRm3,7021,4507,15,0.0,0.0,0.0,0.0,0.0,55.51210214028933,20.270495180861424
7021-85628-0018_4507-16021-0039__T2__4507-4507-16021-0039__HSIMV2__3729-3729-6852-0046__SIRm3,4507,7021,24,0.0,0.0,0.0,0.0,0.0,50.66798472122631,19.007386259020294
7021-85628-0019_7729-102255-0033__T1__7021-7021-85628-0019__HSIMV2__5105-5105-28233-0000__SIRm3,7021,7729,5,0.0,0.0,0.0,0.0,0.0,63.70850359497928,21.01675547714288
7021-85628-0019_7729-102255-0033__T2__7729-7729-102255-0033__HSIMV2__7176-7176-92135-0008__SIRm3,7729,7021,7,0.0,0.0,0.0,0.0,0.0,51.93007764175632,17.385230411176757
7021-85628-0020_5142-33396-0046__T1__7021-7021-85628-0020__HSIMV2__5105-5105-28240-0005__SIRm3,7021,5142,11,0.0,0.0,0.0,0.0,0.0,60.24985263962251,20.366317923621367
7021-85628-0020_5142-33396-0046__T2__5142-5142-33396-0046__HSIMV2__4970-4970-29095-0006__SIRm3,5142,7021,6,0.0,0.0,0.0,0.0,0.0,51.852685970151185,19.99833981441081
7021-85628-0020_8463-287645-0011__T1__7021-7021-85628-0020__HSIMV2__5105-5105-28241-0009__SIRm3,7021,8463,11,0.0,0.0,0.0,0.0,0.0,57.697015243490135,21.292679066557778
7021-85628-0020_8463-287645-0011__T2__8463-8463-287645-0011__HSIMV2__4992-4992-23283-0019__SIRm3,8463,7021,11,1.0,1.0,1.0,1.0,1.0,-48.98628938771048,-28.594751681944
7021-85628-0022_2300-131720-0009__T1__7021-7021-85628-0022__HSIMV2__5105-5105-28241-0018__SIRm3,7021,2300,9,0.0,0.0,0.0,0.0,0.0,60.090032603954796,21.05882865921384
7021-85628-0022_2300-131720-0009__T2__2300-2300-131720-0009__HSIMV2__61-61-70968-0050__SIRm3,2300,7021,10,0.0,0.0,0.0,0.0,0.0,50.44583940899264,16.510317230805345
7021-85628-0022_2300-131720-0014__T1__7021-7021-85628-0022__HSIMV2__5105-5105-28241-0000__SIRm3,7021,2300,9,0.0,0.0,0.0,0.0,0.0,57.41726641901495,19.893160281019902
7021-85628-0022_2300-131720-0014__T2__2300-2300-131720-0014__HSIMV2__61-61-70970-0002__SIRm3,2300,7021,6,0.0,0.0,0.0,0.0,0.0,50.94623038888565,17.81696611536511
7021-85628-0022_61-70968-0001__T1__7021-7021-85628-0022__HSIMV2__5105-5105-28241-0016__SIRm3,7021,61,9,0.0,0.0,0.0,0.0,0.0,55.965398839799285,19.646906576837555
7021-85628-0022_61-70968-0001__T2__61-61-70968-0001__HSIMV2__7176-7176-88083-0009__SIRm3,61,7021,6,0.0,0.0,0.0,0.0,0.0,40.69826405492113,14.757430876835906
7127-75946-0002_1284-134647-0007__T1__7127-7127-75946-0002__HSIMV2__8455-8455-210777-0044__SIRm3,7127,1284,13,0.0,0.0,0.0,0.0,0.0,43.36155441420702,16.52692552131532
7127-75946-0002_1284-134647-0007__T2__1284-1284-134647-0007__HSIMV2__4446-4446-2271-0020__SIRm3,1284,7127,14,0.0,0.0,0.0,0.0,0.0,50.467168497340694,18.92875009184668
7127-75946-0003_3729-6852-0022__T1__7127-7127-75946-0003__HSIMV2__8455-8455-210777-0012__SIRm3,7127,3729,6,0.0,0.0,0.0,0.0,0.0,49.336384615407304,18.51989549216108
7127-75946-0003_3729-6852-0022__T2__3729-3729-6852-0022__HSIMV2__4507-4507-16021-0009__SIRm3,3729,7127,15,0.0,0.0,0.0,0.0,0.0,53.560113234504115,19.796036866731345
7127-75946-0004_2961-960-0013__T1__7127-7127-75946-0004__HSIMV2__8455-8455-210777-0001__SIRm3,7127,2961,7,0.0,0.0,0.0,0.0,0.0,45.132512587356096,15.297644425132964
7127-75946-0004_2961-960-0013__T2__2961-2961-960-0013__HSIMV2__3570-3570-5696-0010__SIRm3,2961,7127,14,0.0,0.0,0.0,0.0,0.0,56.52242348799812,21.23425319234034
7127-75946-0006_3570-5696-0008__T1__7127-7127-75946-0006__HSIMV2__8455-8455-210777-0037__SIRm3,7127,3570,8,0.0,0.0,0.0,0.0,0.0,44.234434106786594,14.992180574075842
7127-75946-0006_3570-5696-0008__T2__3570-3570-5696-0008__HSIMV2__4507-4507-16021-0046__SIRm3,3570,7127,8,0.0,0.0,0.0,0.0,0.0,52.505136967833046,20.27995084503476
7127-75946-0007_1580-141084-0034__T1__7127-7127-75946-0007__HSIMV2__8455-8455-210777-0044__SIRm3,7127,1580,8,0.0,0.125,0.0,0.0,0.0,49.84633917814039,16.358778597732346
7127-75946-0007_1580-141084-0034__T2__1580-1580-141084-0034__HSIMV2__237-237-126133-0006__SIRm3,1580,7127,7,0.0,0.14285714285714285,0.0,0.0,0.0,44.298906329335814,19.547052823618195
7127-75946-0008_2300-131720-0002__T1__7127-7127-75946-0008__HSIMV2__8455-8455-210777-0043__SIRm3,7127,2300,5,0.0,0.0,0.0,0.0,0.0,39.01893055867527,15.69389328848114
7127-75946-0008_2300-131720-0002__T2__2300-2300-131720-0002__HSIMV2__61-61-70970-0040__SIRm3,2300,7127,7,0.0,0.0,0.0,0.0,0.0,43.969614492396076,17.952487499281247
7127-75946-0008_5142-33396-0020__T1__7127-7127-75946-0008__HSIMV2__8455-8455-210777-0015__SIRm3,7127,5142,7,0.0,0.0,0.0,0.0,0.0,49.071106319879846,15.71618221883869
7127-75946-0008_5142-33396-0020__T2__5142-5142-33396-0020__HSIMV2__4970-4970-29095-0020__SIRm3,5142,7127,5,0.0,0.0,0.0,0.0,0.0,43.3941381316596,18.39420209397321
7127-75946-0009_1089-134686-0019__T1__7127-7127-75946-0009__HSIMV2__8455-8455-210777-0049__SIRm3,7127,1089,7,0.0,0.0,0.0,0.0,0.0,44.330355761375166,17.522500190428755
7127-75946-0009_1089-134686-0019__T2__1089-1089-134686-0019__HSIMV2__8230-8230-279154-0029__SIRm3,1089,7127,16,0.0,0.0,0.0,0.0,0.0,52.46002725508831,18.752236343030205
7127-75946-0009_121-127105-0001__T1__7127-7127-75946-0009__HSIMV2__8455-8455-210777-0057__SIRm3,7127,121,8,0.0,0.0,0.0,0.0,0.0,43.77659126664271,17.657855667210395
7127-75946-0009_121-127105-0001__T2__121-121-127105-0001__HSIMV2__237-237-134500-0026__SIRm3,121,7127,5,1.0,1.0,1.0,1.0,1.0,-52.60092000094627,-31.69890017627496
7127-75946-0009_1580-141083-0010__T1__7127-7127-75946-0009__HSIMV2__8455-8455-210777-0028__SIRm3,7127,1580,8,0.0,0.0,0.0,0.0,0.0,43.599003928717565,15.73517847069242
7127-75946-0009_1580-141083-0010__T2__1580-1580-141083-0010__HSIMV2__237-237-134493-0014__SIRm3,1580,7127,6,0.0,0.0,0.0,0.0,0.0,60.12219344678606,17.900122282329022
7127-75946-0010_260-123286-0030__T1__7127-7127-75946-0010__HSIMV2__8455-8455-210777-0061__SIRm3,7127,260,6,0.0,0.0,0.0,0.0,0.0,45.15621098742773,16.201293034647076
7127-75946-0010_260-123286-0030__T2__260-260-123286-0030__HSIMV2__6930-6930-81414-0006__SIRm3,260,7127,12,0.0,0.0,0.0,0.0,0.0,58.09628614942522,19.99916982032309
7127-75946-0010_5639-40744-0029__T1__7127-7127-75946-0010__HSIMV2__8455-8455-210777-0049__SIRm3,7127,5639,6,0.0,0.0,0.0,0.0,0.0,45.923972099908916,16.52005209381577
7127-75946-0010_5639-40744-0029__T2__5639-5639-40744-0029__HSIMV2__1089-1089-134686-0021__SIRm3,5639,7127,12,0.0,0.0,0.0,0.0,0.0,51.123570726400054,19.892123535082444
7127-75946-0010_908-31957-0021__T1__7127-7127-75946-0010__HSIMV2__8455-8455-210777-0052__SIRm3,7127,908,6,0.0,0.0,0.0,0.0,0.0,49.63370345924441,16.44929899501899
7127-75946-0010_908-31957-0021__T2__908-908-31957-0021__HSIMV2__7176-7176-88083-0018__SIRm3,908,7127,19,0.0,0.0,0.0,0.0,0.0,39.145964691679566,16.470557269411994
7127-75946-0015_1580-141083-0025__T1__7127-7127-75946-0015__HSIMV2__8455-8455-210777-0018__SIRm3,7127,1580,9,0.0,0.0,0.0,0.0,0.0,50.07463868357539,18.16871284245269
7127-75946-0015_1580-141083-0025__T2__1580-1580-141083-0025__HSIMV2__237-237-134493-0018__SIRm3,1580,7127,6,0.0,0.0,0.0,0.0,0.0,39.70227872301438,15.968348161202147
7127-75946-0015_4446-2273-0035__T1__7127-7127-75946-0015__HSIMV2__8455-8455-210777-0057__SIRm3,7127,4446,14,0.0,0.0,0.0,0.0,0.0,46.11499664431811,16.36981699304888
7127-75946-0015_4446-2273-0035__T2__4446-4446-2273-0035__HSIMV2__4992-4992-23283-0005__SIRm3,4446,7127,11,0.0,0.0,0.0,0.0,0.0,52.0104367389966,19.715499039482296
7127-75946-0016_1320-122617-0026__T1__7127-7127-75946-0016__HSIMV2__8455-8455-210777-0036__SIRm3,7127,1320,20,0.0,0.0,0.0,0.0,0.0,53.798477231206775,18.37966821085633
7127-75946-0016_1320-122617-0026__T2__1320-1320-122617-0026__HSIMV2__5105-5105-28240-0002__SIRm3,1320,7127,7,0.0,0.14285714285714285,0.0,0.0,0.0,56.17394164155075,19.56952040140515
7127-75946-0016_5639-40744-0002__T1__7127-7127-75946-0016__HSIMV2__8455-8455-210777-0064__SIRm3,7127,5639,6,0.0,0.0,0.0,0.0,0.0,52.696162490165456,19.76511222687842
7127-75946-0016_5639-40744-0002__T2__5639-5639-40744-0002__HSIMV2__1089-1089-134686-0010__SIRm3,5639,7127,7,0.0,0.0,0.0,0.0,0.0,50.95725924030712,20.686708181173262
7127-75946-0016_7176-92135-0006__T1__7127-7127-75946-0016__HSIMV2__8455-8455-210777-0004__SIRm3,7127,7176,14,0.0,0.0,0.0,0.0,0.0,43.79243070360351,16.057836474964642
7127-75946-0016_7176-92135-0006__T2__7176-7176-92135-0006__HSIMV2__61-61-70970-0034__SIRm3,7176,7127,7,0.0,0.0,0.0,0.0,0.0,35.20858099860732,13.030603718707193
7127-75946-0018_1580-141084-0041__T1__7127-7127-75946-0018__HSIMV2__8455-8455-210777-0044__SIRm3,7127,1580,13,0.0,0.0,0.0,0.0,0.0,46.872926824406406,16.400280167801235
7127-75946-0018_1580-141084-0041__T2__1580-1580-141084-0041__HSIMV2__237-237-126133-0025__SIRm3,1580,7127,6,0.0,0.0,0.0,0.0,0.0,48.02088997014857,18.86044014278185
7127-75946-0018_7176-92135-0040__T1__7127-7127-75946-0018__HSIMV2__8455-8455-210777-0031__SIRm3,7127,7176,14,0.0,0.0,0.0,0.0,0.0,49.50327124822225,18.3852890800612
7127-75946-0018_7176-92135-0040__T2__7176-7176-92135-0040__HSIMV2__61-61-70968-0014__SIRm3,7176,7127,13,0.07692307692307693,0.0,0.0,0.0,0.0,43.1150733636172,16.11518825959503
7127-75946-0020_672-122797-0054__T1__7127-7127-75946-0020__HSIMV2__8455-8455-210777-0058__SIRm3,7127,672,12,0.0,0.0,0.0,0.0,0.0,47.02020962403436,17.03123577076984
7127-75946-0020_672-122797-0054__T2__672-672-122797-0054__HSIMV2__260-260-123288-0027__SIRm3,672,7127,7,0.0,0.0,0.0,0.0,0.0,50.86843513133469,18.97291034214477
7127-75946-0020_8455-210777-0037__T1__7127-7127-75946-0020__HSIMV2__8455-8455-210777-0033__SIRm3,7127,8455,12,0.0,0.0,0.0,0.0,0.0,44.35567603263556,17.119230323294044
7127-75946-0020_8455-210777-0037__T2__8455-8455-210777-0037__HSIMV2__1320-1320-122617-0031__SIRm3,8455,7127,8,0.0,0.0,0.0,0.0,0.0,48.53853754325053,19.621298707307723
7127-75946-0021_5639-40744-0024__T1__7127-7127-75946-0021__HSIMV2__8455-8455-210777-0001__SIRm3,7127,5639,5,0.0,0.0,0.0,0.0,0.0,56.73603048186309,19.69463828202284
7127-75946-0021_5639-40744-0024__T2__5639-5639-40744-0024__HSIMV2__1089-1089-134691-0016__SIRm3,5639,7127,16,0.0,0.0,0.0,0.0,0.0,52.96028082884338,19.585157805243576
7127-75946-0022_1995-1836-0003__T1__7127-7127-75946-0022__HSIMV2__8455-8455-210777-0061__SIRm3,7127,1995,20,0.0,0.0,0.0,0.0,0.0,46.2513016876179,16.857683139645882
7127-75946-0022_1995-1836-0003__T2__1995-1995-1836-0003__HSIMV2__2094-2094-142345-0001__SIRm3,1995,7127,14,0.0,0.14285714285714285,0.0,0.0,0.0,55.60547592375595,20.91399789605165
7127-75946-0022_5105-28240-0012__T1__7127-7127-75946-0022__HSIMV2__8455-8455-210777-0057__SIRm3,7127,5105,20,0.0,0.0,0.0,0.0,0.0,43.25095811318384,16.07567626409155
7127-75946-0022_5105-28240-0012__T2__5105-5105-28240-0012__HSIMV2__1320-1320-122612-0002__SIRm3,5105,7127,8,0.0,0.0,0.0,0.0,0.0,44.38919618686398,15.452305946278925
7127-75946-0022_8230-279154-0017__T1__7127-7127-75946-0022__HSIMV2__8455-8455-210777-0045__SIRm3,7127,8230,20,0.0,0.0,0.0,0.0,0.0,44.79906100029192,16.509381041343755
7127-75946-0022_8230-279154-0017__T2__8230-8230-279154-0017__HSIMV2__61-61-70968-0020__SIRm3,8230,7127,9,0.0,0.0,0.0,0.0,0.0,38.56213742309238,7.846143000836085
7127-75946-0023_1320-122612-0004__T1__7127-7127-75946-0023__HSIMV2__8455-8455-210777-0057__SIRm3,7127,1320,6,0.0,0.0,0.0,0.0,0.0,47.04123137347816,16.407476008163393
7127-75946-0023_1320-122612-0004__T2__1320-1320-122612-0004__HSIMV2__5105-5105-28233-0003__SIRm3,1320,7127,11,0.0,0.0,0.0,0.0,0.0,53.83387929082347,18.70549633577276
7127-75946-0023_7729-102255-0045__T1__7127-7127-75946-0023__HSIMV2__8455-8455-210777-0056__SIRm3,7127,7729,6,0.0,0.0,0.0,0.0,0.0,43.59243235853455,17.134601512828294
7127-75946-0023_7729-102255-0045__T2__7729-7729-102255-0045__HSIMV2__7176-7176-88083-0012__SIRm3,7729,7127,9,0.0,0.0,0.0,0.0,0.0,37.48676790465573,15.02905007615863
7127-75946-0024_3575-170457-0038__T1__7127-7127-75946-0024__HSIMV2__8455-8455-210777-0025__SIRm3,7127,3575,6,0.0,0.0,0.0,0.0,0.0,49.52129622824473,17.228412330930798
7127-75946-0024_3575-170457-0038__T2__3575-3575-170457-0038__HSIMV2__237-237-126133-0012__SIRm3,3575,7127,7,0.0,0.0,0.0,0.0,0.0,54.15629637748712,22.191576966675047
7127-75946-0025_2830-3980-0020__T1__7127-7127-75946-0025__HSIMV2__8455-8455-210777-0025__SIRm3,7127,2830,6,0.0,0.0,0.0,0.0,0.0,45.52949778629419,14.785006437593786
7127-75946-0025_2830-3980-0020__T2__2830-2830-3980-0020__HSIMV2__1188-1188-133604-0019__SIRm3,2830,7127,5,0.2,0.0,0.0,0.0,0.0,16.070081207448744,9.447984255175776
7127-75946-0025_2961-960-0016__T1__7127-7127-75946-0025__HSIMV2__8455-8455-210777-0070__SIRm3,7127,2961,6,0.0,0.0,0.0,0.0,0.0,51.13350173393008,17.49110264642751
7127-75946-0025_2961-960-0016__T2__2961-2961-960-0016__HSIMV2__3570-3570-5696-0004__SIRm3,2961,7127,8,0.0,0.0,0.0,0.0,0.0,50.0339789561113,19.546265827415564
7127-75946-0025_7021-85628-0002__T1__7127-7127-75946-0025__HSIMV2__8455-8455-210777-0011__SIRm3,7127,7021,6,0.0,0.0,0.0,0.0,0.0,49.60127083405096,17.96274708005552
7127-75946-0025_7021-85628-0002__T2__7021-7021-85628-0002__HSIMV2__5105-5105-28233-0008__SIRm3,7021,7127,11,0.0,0.0,0.0,0.0,0.0,52.118449338171374,18.94863147147089
7127-75946-0027_6930-76324-0011__T1__7127-7127-75946-0027__HSIMV2__8455-8455-210777-0035__SIRm3,7127,6930,8,0.0,0.0,0.0,0.0,0.0,44.74596946604257,17.800297263655494
7127-75946-0027_6930-76324-0011__T2__6930-6930-76324-0011__HSIMV2__260-260-123440-0004__SIRm3,6930,7127,17,0.0,0.0,0.0,0.0,0.0,41.49360022275613,12.5218935421595
7127-75946-0027_908-31957-0014__T1__7127-7127-75946-0027__HSIMV2__8455-8455-210777-0014__SIRm3,7127,908,7,0.0,0.0,0.0,0.0,0.0,43.61601367628607,17.245279916692844
7127-75946-0027_908-31957-0014__T2__908-908-31957-0014__HSIMV2__7176-7176-88083-0010__SIRm3,908,7127,12,0.0,0.0,0.0,0.0,0.0,41.531423430210076,14.947534817001667
7127-75946-0029_4992-23283-0009__T1__7127-7127-75946-0029__HSIMV2__8455-8455-210777-0003__SIRm3,7127,4992,17,0.0,0.0,0.0,0.0,0.0,44.476436244183674,17.06503261228022
7127-75946-0029_4992-23283-0009__T2__4992-4992-23283-0009__HSIMV2__4446-4446-2273-0024__SIRm3,4992,7127,8,0.0,0.0,0.0,0.0,0.0,62.63098768371634,20.445407876777345
7127-75946-0029_6829-68771-0011__T1__7127-7127-75946-0029__HSIMV2__8455-8455-210777-0027__SIRm3,7127,6829,17,0.0,0.0,0.0,0.0,0.0,41.021794161173545,14.925777717653329
7127-75946-0029_6829-68771-0011__T2__6829-6829-68771-0011__HSIMV2__4970-4970-29095-0032__SIRm3,6829,7127,10,0.0,0.1,0.0,0.0,0.0,60.85069308506007,20.50244172165434
7127-75947-0000_5683-32879-0009__T1__7127-7127-75947-0000__HSIMV2__8455-8455-210777-0065__SIRm3,7127,5683,6,0.0,0.0,0.0,0.0,0.0,39.88059428020572,15.663935215193716
7127-75947-0000_5683-32879-0009__T2__5683-5683-32879-0009__HSIMV2__237-237-134500-0024__SIRm3,5683,7127,7,0.0,0.0,0.0,0.0,0.0,64.13059142371647,20.951197077506365
7127-75947-0001_260-123286-0008__T1__7127-7127-75947-0001__HSIMV2__8455-8455-210777-0005__SIRm3,7127,260,10,0.0,0.0,0.0,0.0,0.0,54.598242682427795,18.885340771269306
7127-75947-0001_260-123286-0008__T2__260-260-123286-0008__HSIMV2__6930-6930-81414-0021__SIRm3,260,7127,5,0.0,0.0,0.0,0.0,0.0,54.00649049616963,19.281216486261467
7127-75947-0001_61-70968-0041__T1__7127-7127-75947-0001__HSIMV2__8455-8455-210777-0009__SIRm3,7127,61,8,0.0,0.0,0.0,0.0,0.0,53.913050876177536,17.54972576353957
7127-75947-0001_61-70968-0041__T2__61-61-70968-0041__HSIMV2__7176-7176-88083-0005__SIRm3,61,7127,8,0.0,0.0,0.0,0.0,0.0,42.967126324935506,17.588236181794056
7127-75947-0001_7176-92135-0039__T1__7127-7127-75947-0001__HSIMV2__8455-8455-210777-0011__SIRm3,7127,7176,12,0.0,0.0,0.0,0.0,0.0,45.20777406399807,18.752114666901434
7127-75947-0001_7176-92135-0039__T2__7176-7176-92135-0039__HSIMV2__61-61-70970-0004__SIRm3,7176,7127,5,0.0,0.0,0.0,0.0,0.0,48.86291353881512,18.70967077566904
7127-75947-0002_1089-134686-0015__T1__7127-7127-75947-0002__HSIMV2__8455-8455-210777-0043__SIRm3,7127,1089,5,0.0,0.0,0.0,0.0,0.0,38.80074942880757,15.07513373897472
7127-75947-0002_1089-134686-0015__T2__1089-1089-134686-0015__HSIMV2__8230-8230-279154-0006__SIRm3,1089,7127,10,0.0,0.0,0.0,0.0,0.0,46.80464249816542,17.9894459728375
7127-75947-0002_4446-2271-0019__T1__7127-7127-75947-0002__HSIMV2__8455-8455-210777-0052__SIRm3,7127,4446,4,0.0,0.0,0.0,0.0,0.0,46.04139619598604,17.28998919914478
7127-75947-0002_4446-2271-0019__T2__4446-4446-2271-0019__HSIMV2__4992-4992-23283-0010__SIRm3,4446,7127,6,1.0,0.8333333333333334,0.8333333333333334,0.8333333333333334,0.8333333333333334,-7.66256215437911,-0.7917547034136159
7127-75947-0002_5639-40744-0028__T1__7127-7127-75947-0002__HSIMV2__8455-8455-210777-0020__SIRm3,7127,5639,5,0.0,0.0,0.0,0.0,0.0,51.17409580558727,16.954957926193273
7127-75947-0002_5639-40744-0028__T2__5639-5639-40744-0028__HSIMV2__1089-1089-134691-0012__SIRm3,5639,7127,22,0.0,0.0,0.0,0.0,0.0,55.94009566556179,19.658970467408583
7127-75947-0003_4970-29095-0030__T1__7127-7127-75947-0003__HSIMV2__8455-8455-210777-0065__SIRm3,7127,4970,6,0.0,0.0,0.0,0.0,0.0,39.939245581787226,16.114755775727787
7127-75947-0003_4970-29095-0030__T2__4970-4970-29095-0030__HSIMV2__8555-8555-284447-0005__SIRm3,4970,7127,8,0.0,0.0,0.0,0.0,0.0,56.61221826156397,23.025517382350014
7127-75947-0006_1580-141084-0027__T1__7127-7127-75947-0006__HSIMV2__8455-8455-210777-0016__SIRm3,7127,1580,5,0.2,0.0,0.0,0.0,0.0,46.71230004779032,17.69000136803776
7127-75947-0006_1580-141084-0027__T2__1580-1580-141084-0027__HSIMV2__237-237-134493-0014__SIRm3,1580,7127,5,0.6,0.6,0.6,0.4,0.4,6.333359966993223,2.825992230656622
7127-75947-0006_5142-36377-0025__T1__7127-7127-75947-0006__HSIMV2__8455-8455-210777-0062__SIRm3,7127,5142,5,0.0,0.0,0.0,0.0,0.0,49.665377006734346,19.875647288361137
7127-75947-0006_5142-36377-0025__T2__5142-5142-36377-0025__HSIMV2__4970-4970-29093-0011__SIRm3,5142,7127,21,0.0,0.0,0.0,0.0,0.0,50.22190890680727,18.702507242564625
7127-75947-0007_237-134500-0027__T1__7127-7127-75947-0007__HSIMV2__8455-8455-210777-0046__SIRm3,7127,237,9,0.0,0.1111111111111111,0.0,0.0,0.0,44.01310093321639,17.485612817400444
7127-75947-0007_237-134500-0027__T2__237-237-134500-0027__HSIMV2__5683-5683-32866-0014__SIRm3,237,7127,5,0.0,0.0,0.0,0.0,0.0,51.633873686223936,17.823127469280184
7127-75947-0007_5683-32866-0022__T1__7127-7127-75947-0007__HSIMV2__8455-8455-210777-0040__SIRm3,7127,5683,9,0.0,0.1111111111111111,0.0,0.0,0.0,53.60000177228895,17.992305648444905
7127-75947-0007_5683-32866-0022__T2__5683-5683-32866-0022__HSIMV2__1221-1221-135767-0011__SIRm3,5683,7127,5,0.0,0.0,0.0,0.0,0.0,49.254422161313265,18.75158579729574
7127-75947-0011_1284-1181-0011__T1__7127-7127-75947-0011__HSIMV2__8455-8455-210777-0050__SIRm3,7127,1284,6,0.0,0.0,0.0,0.0,0.0,43.62767638933895,16.2267947662675
7127-75947-0011_1284-1181-0011__T2__1284-1284-1181-0011__HSIMV2__4446-4446-2273-0032__SIRm3,1284,7127,14,0.0,0.0,0.0,0.0,0.0,52.9968069932861,19.507669584668378
7127-75947-0011_6930-75918-0004__T1__7127-7127-75947-0011__HSIMV2__8455-8455-210777-0027__SIRm3,7127,6930,6,0.0,0.0,0.0,0.0,0.0,46.92032571022711,12.639867888029183
7127-75947-0011_6930-75918-0004__T2__6930-6930-75918-0004__HSIMV2__260-260-123288-0003__SIRm3,6930,7127,16,0.0,0.0,0.0,0.0,0.0,46.17478841711193,17.152783649474024
7127-75947-0013_1320-122617-0039__T1__7127-7127-75947-0013__HSIMV2__8455-8455-210777-0039__SIRm3,7127,1320,9,0.1111111111111111,0.1111111111111111,0.1111111111111111,0.0,0.0,53.018481920676926,20.06035599032312
7127-75947-0013_1320-122617-0039__T2__1320-1320-122617-0039__HSIMV2__5105-5105-28240-0008__SIRm3,1320,7127,13,0.0,0.0,0.0,0.0,0.0,49.97544681378513,17.940858249141474
7127-75947-0013_5639-40744-0017__T1__7127-7127-75947-0013__HSIMV2__8455-8455-210777-0039__SIRm3,7127,5639,9,0.1111111111111111,0.1111111111111111,0.1111111111111111,0.0,0.0,53.023908129086045,20.061052922331083
7127-75947-0013_5639-40744-0017__T2__5639-5639-40744-0017__HSIMV2__1089-1089-134686-0029__SIRm3,5639,7127,8,0.0,0.0,0.0,0.0,0.0,52.01338097886341,18.991083299517552
7127-75947-0014_1580-141083-0002__T1__7127-7127-75947-0014__HSIMV2__8455-8455-210777-0023__SIRm3,7127,1580,8,0.0,0.0,0.0,0.0,0.0,43.045712552612585,16.46183085949019
7127-75947-0014_1580-141083-0002__T2__1580-1580-141083-0002__HSIMV2__237-237-126133-0023__SIRm3,1580,7127,11,0.0,0.0,0.0,0.0,0.0,46.05168915473387,18.92122461207886
7127-75947-0015_2830-3980-0023__T1__7127-7127-75947-0015__HSIMV2__8455-8455-210777-0022__SIRm3,7127,2830,11,0.0,0.0,0.0,0.0,0.0,45.49440448588286,17.31760765299993
7127-75947-0015_2830-3980-0023__T2__2830-2830-3980-0023__HSIMV2__8230-8230-279154-0024__SIRm3,2830,7127,11,0.0,0.0,0.0,0.0,0.0,59.48139465084137,19.58672606364327
7127-75947-0015_3729-6852-0029__T1__7127-7127-75947-0015__HSIMV2__8455-8455-210777-0030__SIRm3,7127,3729,11,0.0,0.0,0.0,0.0,0.0,52.74821189017735,18.725809612757367
7127-75947-0015_3729-6852-0029__T2__3729-3729-6852-0029__HSIMV2__4507-4507-16021-0055__SIRm3,3729,7127,13,0.0,0.0,0.0,0.0,0.0,53.43363737351116,19.022132153428604
7127-75947-0015_4970-29093-0007__T1__7127-7127-75947-0015__HSIMV2__8455-8455-210777-0049__SIRm3,7127,4970,7,0.0,0.0,0.0,0.0,0.0,43.61816558364683,16.54236324704952
7127-75947-0015_4970-29093-0007__T2__4970-4970-29093-0007__HSIMV2__6829-6829-68771-0024__SIRm3,4970,7127,11,0.0,0.09090909090909091,0.0,0.0,0.0,45.17047857002972,16.668817531849832
7127-75947-0015_8555-284447-0003__T1__7127-7127-75947-0015__HSIMV2__8455-8455-210777-0048__SIRm3,7127,8555,5,0.0,0.0,0.0,0.0,0.0,47.13179975602874,17.69649192115472
7127-75947-0015_8555-284447-0003__T2__8555-8555-284447-0003__HSIMV2__4970-4970-29093-0011__SIRm3,8555,7127,7,0.0,0.0,0.0,0.0,0.0,47.894917541009,20.118880790728124
7127-75947-0016_4507-16021-0059__T1__7127-7127-75947-0016__HSIMV2__8455-8455-210777-0039__SIRm3,7127,4507,10,0.0,0.0,0.0,0.0,0.0,59.59953816946827,17.879105132462097
7127-75947-0016_4507-16021-0059__T2__4507-4507-16021-0059__HSIMV2__3729-3729-6852-0028__SIRm3,4507,7127,8,0.0,0.0,0.0,0.0,0.0,64.14489245568716,19.01614915945872
7127-75947-0016_7176-92135-0017__T1__7127-7127-75947-0016__HSIMV2__8455-8455-210777-0051__SIRm3,7127,7176,13,0.0,0.0,0.0,0.0,0.0,50.067269298147274,18.74666048451597
7127-75947-0016_7176-92135-0017__T2__7176-7176-92135-0017__HSIMV2__61-61-70968-0000__SIRm3,7176,7127,8,0.0,0.0,0.0,0.0,0.0,36.803189821709246,14.680429715515308
7127-75947-0018_1580-141084-0015__T1__7127-7127-75947-0018__HSIMV2__8455-8455-210777-0045__SIRm3,7127,1580,7,0.0,0.0,0.0,0.0,0.0,47.05895522132528,18.09847467755202
7127-75947-0018_1580-141084-0015__T2__1580-1580-141084-0015__HSIMV2__1284-1284-1180-0031__SIRm3,1580,7127,5,0.0,0.0,0.0,0.0,0.0,47.517577591148935,20.331974501377825
7127-75947-0018_3575-170457-0035__T1__7127-7127-75947-0018__HSIMV2__8455-8455-210777-0065__SIRm3,7127,3575,6,0.0,0.0,0.0,0.0,0.0,40.83133866034408,14.87780589582231
7127-75947-0018_3575-170457-0035__T2__3575-3575-170457-0035__HSIMV2__237-237-126133-0022__SIRm3,3575,7127,9,0.0,0.0,0.0,0.0,0.0,56.08663999131895,18.779301144129864
7127-75947-0018_5105-28240-0016__T1__7127-7127-75947-0018__HSIMV2__8455-8455-210777-0034__SIRm3,7127,5105,7,0.0,0.0,0.0,0.0,0.0,49.664733347062395,15.21666696088069
7127-75947-0018_5105-28240-0016__T2__5105-5105-28240-0016__HSIMV2__1320-1320-122617-0001__SIRm3,5105,7127,7,0.0,0.0,0.0,0.0,0.0,60.71352044399981,19.70395250545577
7127-75947-0018_5142-36377-0002__T1__7127-7127-75947-0018__HSIMV2__8455-8455-210777-0038__SIRm3,7127,5142,7,0.0,0.0,0.0,0.0,0.0,60.30798816123571,17.872027049458108
7127-75947-0018_5142-36377-0002__T2__5142-5142-36377-0002__HSIMV2__4970-4970-29095-0017__SIRm3,5142,7127,6,0.0,0.0,0.0,0.0,0.0,55.980989653673134,18.65654113191416
7127-75947-0019_1089-134691-0018__T1__7127-7127-75947-0019__HSIMV2__8455-8455-210777-0060__SIRm3,7127,1089,5,0.0,0.0,0.0,0.0,0.0,45.39341750814702,14.434836398229915
7127-75947-0019_1089-134691-0018__T2__1089-1089-134691-0018__HSIMV2__8230-8230-279154-0035__SIRm3,1089,7127,5,0.0,0.0,0.0,0.0,0.0,48.96372841226396,21.953519312825467
7127-75947-0019_1284-1180-0015__T1__7127-7127-75947-0019__HSIMV2__8455-8455-210777-0065__SIRm3,7127,1284,5,0.0,0.0,0.0,0.0,0.0,35.35823003191179,13.49392614259349
7127-75947-0019_1284-1180-0015__T2__1284-1284-1180-0015__HSIMV2__1580-1580-141084-0001__SIRm3,1284,7127,5,0.0,0.0,0.0,0.0,0.0,52.82551664621608,21.59272218502928
7127-75947-0019_6930-76324-0000__T1__7127-7127-75947-0019__HSIMV2__8455-8455-210777-0012__SIRm3,7127,6930,5,0.0,0.0,0.0,0.0,0.0,52.41641375390871,16.836741407069194
7127-75947-0019_6930-76324-0000__T2__6930-6930-76324-0000__HSIMV2__260-260-123440-0017__SIRm3,6930,7127,5,0.0,0.0,0.0,0.0,0.0,55.44997848213594,18.914351902597744
7127-75947-0019_8463-294825-0003__T1__7127-7127-75947-0019__HSIMV2__8455-8455-210777-0008__SIRm3,7127,8463,5,0.0,0.0,0.0,0.0,0.0,48.12046086065152,17.729575392445394
7127-75947-0019_8463-294825-0003__T2__8463-8463-294825-0003__HSIMV2__4992-4992-41797-0022__SIRm3,8463,7127,11,0.0,0.0,0.0,0.0,0.0,54.500749454358534,19.04754018604156
7127-75947-0021_2830-3980-0004__T1__7127-7127-75947-0021__HSIMV2__8455-8455-210777-0029__SIRm3,7127,2830,5,0.0,0.0,0.0,0.0,0.0,58.905883023844396,18.23979128661538
7127-75947-0021_2830-3980-0004__T2__2830-2830-3980-0004__HSIMV2__8230-8230-279154-0034__SIRm3,2830,7127,6,0.0,0.0,0.0,0.0,0.0,44.95625754602849,18.62965277129604
7127-75947-0021_4507-16021-0048__T1__7127-7127-75947-0021__HSIMV2__8455-8455-210777-0048__SIRm3,7127,4507,5,0.0,0.0,0.0,0.0,0.0,57.55354459485413,16.97931426881129
7127-75947-0021_4507-16021-0048__T2__4507-4507-16021-0048__HSIMV2__3729-3729-6852-0020__SIRm3,4507,7127,9,0.0,0.0,0.0,0.0,0.0,46.15389573747194,20.067180076285336
7127-75947-0022_1284-1181-0005__T1__7127-7127-75947-0022__HSIMV2__8455-8455-210777-0013__SIRm3,7127,1284,13,0.0,0.07692307692307693,0.0,0.0,0.0,45.48682208719482,18.167108116749706
7127-75947-0022_1284-1181-0005__T2__1284-1284-1181-0005__HSIMV2__4446-4446-2273-0034__SIRm3,1284,7127,6,0.0,0.0,0.0,0.0,0.0,45.19940975268786,18.660692142564585
7127-75947-0023_4077-13754-0007__T1__7127-7127-75947-0023__HSIMV2__8455-8455-210777-0050__SIRm3,7127,4077,6,0.0,0.0,0.0,0.0,0.0,43.0785044920603,15.77659854539226
7127-75947-0023_4077-13754-0007__T2__4077-4077-13754-0007__HSIMV2__8455-8455-210777-0060__SIRm3,4077,7127,13,0.0,0.0,0.0,0.0,0.0,40.29119128009831,15.294633361384516
7127-75947-0024_1089-134686-0026__T1__7127-7127-75947-0024__HSIMV2__8455-8455-210777-0065__SIRm3,7127,1089,6,0.0,0.0,0.0,0.0,0.0,41.25718316406266,15.371923799547904
7127-75947-0024_1089-134686-0026__T2__1089-1089-134686-0026__HSIMV2__8230-8230-279154-0007__SIRm3,1089,7127,7,0.0,0.0,0.0,0.0,0.0,47.21390367676273,18.095097864733027
7127-75947-0025_3575-170457-0039__T1__7127-7127-75947-0025__HSIMV2__8455-8455-210777-0000__SIRm3,7127,3575,10,0.0,0.0,0.0,0.0,0.0,41.48290962416068,15.900978625707255
7127-75947-0025_3575-170457-0039__T2__3575-3575-170457-0039__HSIMV2__237-237-134493-0002__SIRm3,3575,7127,21,0.0,0.14285714285714285,0.0,0.0,0.0,53.499811441631685,20.21247178478302
7127-75947-0025_4970-29095-0022__T1__7127-7127-75947-0025__HSIMV2__8455-8455-210777-0025__SIRm3,7127,4970,6,0.0,0.0,0.0,0.0,0.0,45.89123188297268,18.087933876287764
7127-75947-0025_4970-29095-0022__T2__4970-4970-29095-0022__HSIMV2__8555-8555-284449-0003__SIRm3,4970,7127,8,0.0,0.0,0.0,0.0,0.0,66.8423835080324,23.815845128429448
7127-75947-0027_260-123440-0016__T1__7127-7127-75947-0027__HSIMV2__8455-8455-210777-0061__SIRm3,7127,260,15,0.0,0.0,0.0,0.0,0.0,47.543875303513566,17.137704582792
7127-75947-0027_260-123440-0016__T2__260-260-123440-0016__HSIMV2__672-672-122797-0023__SIRm3,260,7127,8,0.0,0.0,0.0,0.0,0.0,57.73087316369331,19.1529747834088
7127-75947-0027_3575-170457-0053__T1__7127-7127-75947-0027__HSIMV2__8455-8455-210777-0009__SIRm3,7127,3575,8,0.0,0.0,0.0,0.0,0.0,48.28965034726522,17.592001460903717
7127-75947-0027_3575-170457-0053__T2__3575-3575-170457-0053__HSIMV2__237-237-126133-0000__SIRm3,3575,7127,22,0.0,0.0,0.0,0.0,0.0,57.43169353788425,20.27966486743872
7127-75947-0028_2300-131720-0014__T1__7127-7127-75947-0028__HSIMV2__8455-8455-210777-0009__SIRm3,7127,2300,8,0.0,0.0,0.0,0.0,0.0,51.5413127935027,19.786669609462685
7127-75947-0028_2300-131720-0014__T2__2300-2300-131720-0014__HSIMV2__61-61-70968-0035__SIRm3,2300,7127,6,0.0,0.0,0.0,0.0,0.0,46.98834388808033,16.951645404772115
7127-75947-0028_61-70968-0001__T1__7127-7127-75947-0028__HSIMV2__8455-8455-210777-0053__SIRm3,7127,61,12,0.0,0.0,0.0,0.0,0.0,46.085130635859315,17.72383594240233
7127-75947-0028_61-70968-0001__T2__61-61-70968-0001__HSIMV2__7176-7176-92135-0031__SIRm3,61,7127,6,0.0,0.0,0.0,0.0,0.0,46.555768816939064,16.531571659004857
7127-75947-0029_3570-5694-0022__T1__7127-7127-75947-0029__HSIMV2__8455-8455-210777-0027__SIRm3,7127,3570,9,0.0,0.0,0.0,0.0,0.0,43.88862173407933,17.295380605482094
7127-75947-0029_3570-5694-0022__T2__3570-3570-5694-0022__HSIMV2__4507-4507-16021-0056__SIRm3,3570,7127,7,0.0,0.0,0.0,0.0,0.0,58.69630369650795,21.6135738127963
7127-75947-0029_3570-5695-0014__T1__7127-7127-75947-0029__HSIMV2__8455-8455-210777-0067__SIRm3,7127,3570,6,0.0,0.0,0.0,0.0,0.0,49.734869283219886,16.819891866508584
7127-75947-0029_3570-5695-0014__T2__3570-3570-5695-0014__HSIMV2__4507-4507-16021-0030__SIRm3,3570,7127,20,0.0,0.0,0.0,0.0,0.0,56.66759628696468,21.821651523155268
7127-75947-0029_6829-68769-0036__T1__7127-7127-75947-0029__HSIMV2__8455-8455-210777-0050__SIRm3,7127,6829,6,0.0,0.0,0.0,0.0,0.0,47.01774937032865,17.26883108592257
7127-75947-0029_6829-68769-0036__T2__6829-6829-68769-0036__HSIMV2__4970-4970-29095-0029__SIRm3,6829,7127,6,0.0,0.0,0.0,0.0,0.0,52.078499927091876,21.005987766572016
7127-75947-0032_1188-133604-0010__T1__7127-7127-75947-0032__HSIMV2__8455-8455-210777-0049__SIRm3,7127,1188,6,0.0,0.0,0.0,0.0,0.0,51.04315211589653,20.19070857243443
7127-75947-0032_1188-133604-0010__T2__1188-1188-133604-0010__HSIMV2__2830-2830-3980-0005__SIRm3,1188,7127,11,0.0,0.0,0.0,0.0,0.0,41.5643577236795,16.753985495964624
7127-75947-0032_6829-68769-0008__T1__7127-7127-75947-0032__HSIMV2__8455-8455-210777-0022__SIRm3,7127,6829,7,0.0,0.0,0.0,0.0,0.0,52.62566836132162,19.245904505911604
7127-75947-0032_6829-68769-0008__T2__6829-6829-68769-0008__HSIMV2__4446-4446-2273-0032__SIRm3,6829,7127,8,0.0,0.0,0.0,0.0,0.0,57.26259931323054,19.90361365141929
7127-75947-0033_1089-134691-0007__T1__7127-7127-75947-0033__HSIMV2__8455-8455-210777-0025__SIRm3,7127,1089,6,0.0,0.0,0.0,0.0,0.0,41.169078234662145,16.274244133047407
7127-75947-0033_1089-134691-0007__T2__1089-1089-134691-0007__HSIMV2__8230-8230-279154-0031__SIRm3,1089,7127,5,0.0,0.0,0.0,0.0,0.0,39.46768994965386,12.597358838926018
7127-75947-0033_908-157963-0030__T1__7127-7127-75947-0033__HSIMV2__8455-8455-210777-0020__SIRm3,7127,908,5,0.0,0.0,0.0,0.0,0.0,43.82445861504311,15.507756166702116
7127-75947-0033_908-157963-0030__T2__908-908-157963-0030__HSIMV2__7176-7176-88083-0022__SIRm3,908,7127,8,0.875,0.75,0.75,1.0,0.75,-32.703807733554186,-16.111266076210303
7127-75947-0035_1320-122617-0031__T1__7127-7127-75947-0035__HSIMV2__8455-8455-210777-0018__SIRm3,7127,1320,6,0.0,0.0,0.0,0.0,0.0,41.261623785408034,16.044760321219087
7127-75947-0035_1320-122617-0031__T2__1320-1320-122617-0031__HSIMV2__5105-5105-28240-0017__SIRm3,1320,7127,10,0.0,0.0,0.0,0.0,0.0,56.67478999887851,19.501488262248365
7127-75947-0035_1580-141084-0021__T1__7127-7127-75947-0035__HSIMV2__8455-8455-210777-0025__SIRm3,7127,1580,6,0.0,0.0,0.0,0.0,0.0,48.867193733321585,17.59838063869189
7127-75947-0035_1580-141084-0021__T2__1580-1580-141084-0021__HSIMV2__237-237-134500-0018__SIRm3,1580,7127,7,0.0,0.0,0.0,0.0,0.0,44.92208554590896,18.61470243161045
7127-75947-0038_8463-294828-0016__T1__7127-7127-75947-0038__HSIMV2__8455-8455-210777-0022__SIRm3,7127,8463,21,0.0,0.0,0.0,0.0,0.0,44.772710941567844,16.604290881180084
7127-75947-0038_8463-294828-0016__T2__8463-8463-294828-0016__HSIMV2__4992-4992-41797-0010__SIRm3,8463,7127,5,0.0,0.0,0.0,0.0,0.0,49.91026386970346,19.31646854083207
7127-75947-0039_1580-141084-0008__T1__7127-7127-75947-0039__HSIMV2__8455-8455-210777-0055__SIRm3,7127,1580,18,0.0,0.16666666666666666,0.0,0.0,0.0,41.853835975558475,16.560199050282908
7127-75947-0039_1580-141084-0008__T2__1580-1580-141084-0008__HSIMV2__237-237-126133-0011__SIRm3,1580,7127,12,0.0,0.0,0.0,0.0,0.0,55.10981859811067,19.725422385493804
7127-75947-0039_3570-5694-0006__T1__7127-7127-75947-0039__HSIMV2__8455-8455-210777-0067__SIRm3,7127,3570,6,0.0,0.0,0.0,0.0,0.0,47.80184824207888,18.153836250924417
7127-75947-0039_3570-5694-0006__T2__3570-3570-5694-0006__HSIMV2__4507-4507-16021-0009__SIRm3,3570,7127,21,0.0,0.0,0.0,0.0,0.0,56.50261882333374,21.396404589781465
7127-75947-0039_7021-79740-0000__T1__7127-7127-75947-0039__HSIMV2__8455-8455-210777-0002__SIRm3,7127,7021,11,0.0,0.0,0.0,0.0,0.0,51.59967475543996,17.946706383473526
7127-75947-0039_7021-79740-0000__T2__7021-7021-79740-0000__HSIMV2__5105-5105-28241-0009__SIRm3,7021,7127,13,0.0,0.0,0.0,0.0,0.0,49.718432565283415,19.422324366967217
7127-75947-0040_237-126133-0002__T1__7127-7127-75947-0040__HSIMV2__8455-8455-210777-0042__SIRm3,7127,237,8,0.0,0.0,0.0,0.0,0.0,46.12691136727969,16.932850378199994
7127-75947-0040_237-126133-0002__T2__237-237-126133-0002__HSIMV2__5683-5683-32866-0016__SIRm3,237,7127,8,0.0,0.0,0.0,0.0,0.0,61.49664257634366,22.46624772553874
7176-88083-0000_1089-134686-0009__T1__7176-7176-88083-0000__HSIMV2__61-61-70968-0001__SIRm3,7176,1089,6,0.0,0.0,0.0,0.0,0.0,29.404389634603984,12.42854018703114
7176-88083-0000_1089-134686-0009__T2__1089-1089-134686-0009__HSIMV2__8230-8230-279154-0039__SIRm3,1089,7176,8,0.125,0.0,0.0,0.0,0.0,60.43273997569636,20.406701786218434
7176-88083-0000_4077-13754-0000__T1__7176-7176-88083-0000__HSIMV2__61-61-70970-0018__SIRm3,7176,4077,8,0.0,0.0,0.0,0.0,0.0,38.01451638220679,13.29423014141899
7176-88083-0000_4077-13754-0000__T2__4077-4077-13754-0000__HSIMV2__8455-8455-210777-0056__SIRm3,4077,7176,8,0.0,0.0,0.0,0.0,0.0,43.48544781688847,17.72022824774243
7176-88083-0000_61-70970-0022__T1__7176-7176-88083-0000__HSIMV2__61-61-70968-0015__SIRm3,7176,61,9,0.1111111111111111,0.0,0.0,0.0,0.0,44.94497805246252,15.520000531622005
7176-88083-0000_61-70970-0022__T2__61-61-70970-0022__HSIMV2__8230-8230-279154-0003__SIRm3,61,7176,5,0.0,0.0,0.0,0.0,0.0,43.20203410877122,16.800671765824546
7176-88083-0001_1221-135767-0009__T1__7176-7176-88083-0001__HSIMV2__61-61-70970-0039__SIRm3,7176,1221,12,0.25,0.0,0.0,0.0,0.0,36.64449537944769,13.969451377689282
7176-88083-0001_1221-135767-0009__T2__1221-1221-135767-0009__HSIMV2__4992-4992-23283-0010__SIRm3,1221,7176,9,0.0,0.0,0.0,0.0,0.0,47.225928260061636,17.251231368875697
7176-88083-0002_1221-135767-0019__T1__7176-7176-88083-0002__HSIMV2__61-61-70970-0007__SIRm3,7176,1221,7,0.14285714285714285,0.14285714285714285,0.14285714285714285,0.0,0.0,32.0422292304724,13.451476420686918
7176-88083-0002_1221-135767-0019__T2__1221-1221-135767-0019__HSIMV2__4992-4992-23283-0017__SIRm3,1221,7176,6,0.0,0.0,0.0,0.0,0.0,51.785919218715456,18.583813249595817
7176-88083-0002_8455-210777-0023__T1__7176-7176-88083-0002__HSIMV2__61-61-70968-0000__SIRm3,7176,8455,8,0.0,0.0,0.0,0.0,0.0,51.46563623156858,17.052991751413483
7176-88083-0002_8455-210777-0023__T2__8455-8455-210777-0023__HSIMV2__1320-1320-122617-0031__SIRm3,8455,7176,8,0.0,0.0,0.0,0.0,0.0,47.308889645292425,18.81454589841004
7176-88083-0003_1089-134686-0012__T1__7176-7176-88083-0003__HSIMV2__61-61-70970-0009__SIRm3,7176,1089,5,0.0,0.0,0.0,0.0,0.0,46.52546185364214,16.779040199687206
7176-88083-0003_1089-134686-0012__T2__1089-1089-134686-0012__HSIMV2__8230-8230-279154-0040__SIRm3,1089,7176,22,0.0,0.0,0.0,0.0,0.0,51.30620348319615,19.53278289099795
7176-88083-0003_4507-16021-0057__T1__7176-7176-88083-0003__HSIMV2__61-61-70968-0023__SIRm3,7176,4507,9,0.0,0.0,0.0,0.0,0.0,45.661120547987224,17.79239398878896
7176-88083-0003_4507-16021-0057__T2__4507-4507-16021-0057__HSIMV2__3729-3729-6852-0024__SIRm3,4507,7176,8,0.0,0.0,0.0,0.0,0.0,48.50607870604655,18.44286217712573
7176-88083-0003_8230-279154-0010__T1__7176-7176-88083-0003__HSIMV2__61-61-70968-0023__SIRm3,7176,8230,9,0.0,0.0,0.0,0.0,0.0,45.75825254436873,17.803581943374546
7176-88083-0003_8230-279154-0010__T2__8230-8230-279154-0010__HSIMV2__61-61-70968-0029__SIRm3,8230,7176,5,0.0,0.0,0.0,0.0,0.0,44.358789556545744,15.470453389931532
7176-88083-0005_672-122797-0022__T1__7176-7176-88083-0005__HSIMV2__61-61-70968-0013__SIRm3,7176,672,7,0.0,0.0,0.0,0.0,0.0,49.94687920773935,17.3446464573762
7176-88083-0005_672-122797-0022__T2__672-672-122797-0022__HSIMV2__260-260-123440-0016__SIRm3,672,7176,8,0.0,0.0,0.0,0.0,0.0,46.311557429610644,19.011293113138656
7176-88083-0006_672-122797-0071__T1__7176-7176-88083-0006__HSIMV2__61-61-70968-0037__SIRm3,7176,672,7,0.0,0.0,0.0,0.0,0.0,39.26930083693883,12.247562478961258
7176-88083-0006_672-122797-0071__T2__672-672-122797-0071__HSIMV2__1320-1320-122612-0006__SIRm3,672,7176,8,0.0,0.0,0.0,0.0,0.0,45.66917218355675,17.677788698223353
7176-88083-0008_2830-3980-0048__T1__7176-7176-88083-0008__HSIMV2__61-61-70968-0046__SIRm3,7176,2830,5,0.2,0.0,0.0,0.0,0.0,45.62909711646378,16.346763846624036
7176-88083-0008_2830-3980-0048__T2__2830-2830-3980-0048__HSIMV2__1188-1188-133604-0040__SIRm3,2830,7176,5,0.0,0.0,0.0,0.0,0.0,46.920377803981346,18.1850245650366
7176-88083-0009_5105-28241-0002__T1__7176-7176-88083-0009__HSIMV2__61-61-70968-0046__SIRm3,7176,5105,6,1.0,0.8333333333333334,0.8333333333333334,1.0,0.8333333333333334,-6.225200325653458,-0.4938409102664347
7176-88083-0009_5105-28241-0002__T2__5105-5105-28241-0002__HSIMV2__1320-1320-122612-0014__SIRm3,5105,7176,6,0.0,0.0,0.0,0.0,0.0,52.35137940338891,19.006449298844814
7176-88083-0010_121-127105-0022__T1__7176-7176-88083-0010__HSIMV2__61-61-70968-0025__SIRm3,7176,121,7,0.0,0.0,0.0,0.0,0.0,38.46204894315606,14.698217520149278
7176-88083-0010_121-127105-0022__T2__121-121-127105-0022__HSIMV2__237-237-134493-0001__SIRm3,121,7176,9,0.2222222222222222,0.2222222222222222,0.2222222222222222,0.0,0.0,31.882308588022095,16.381705714291613
7176-88083-0010_8455-210777-0028__T1__7176-7176-88083-0010__HSIMV2__61-61-70970-0002__SIRm3,7176,8455,7,0.0,0.0,0.0,0.0,0.0,32.74566889159963,14.595192116317069
7176-88083-0010_8455-210777-0028__T2__8455-8455-210777-0028__HSIMV2__1320-1320-122617-0030__SIRm3,8455,7176,6,0.16666666666666666,0.0,0.0,0.0,0.0,50.798566223075056,20.14056486946248
7176-88083-0010_8455-210777-0065__T1__7176-7176-88083-0010__HSIMV2__61-61-70968-0053__SIRm3,7176,8455,7,0.0,0.0,0.0,0.0,0.0,33.5475020121472,14.686180844989828
7176-88083-0010_8455-210777-0065__T2__8455-8455-210777-0065__HSIMV2__1320-1320-122617-0010__SIRm3,8455,7176,6,0.0,0.0,0.0,0.0,0.0,39.90880198956635,17.695959226930388
7176-88083-0012_121-121726-0011__T1__7176-7176-88083-0012__HSIMV2__61-61-70970-0019__SIRm3,7176,121,6,0.0,0.0,0.0,0.0,0.0,36.666628198231514,15.371210813659932
7176-88083-0012_121-121726-0011__T2__121-121-121726-0011__HSIMV2__237-237-134500-0039__SIRm3,121,7176,7,0.0,0.5714285714285714,0.0,0.0,0.0,60.78836920895069,22.407190242781635
7176-88083-0013_672-122797-0058__T1__7176-7176-88083-0013__HSIMV2__61-61-70968-0007__SIRm3,7176,672,6,0.16666666666666666,0.0,0.0,0.0,0.0,36.58581938298367,10.013388701625727
7176-88083-0013_672-122797-0058__T2__672-672-122797-0058__HSIMV2__260-260-123288-0001__SIRm3,672,7176,6,1.0,0.8333333333333334,0.8333333333333334,1.0,0.8333333333333334,-41.593690873955154,-22.802700146865632
7176-88083-0016_121-127105-0013__T1__7176-7176-88083-0016__HSIMV2__61-61-70968-0027__SIRm3,7176,121,6,0.0,0.0,0.0,0.0,0.0,40.09593220228512,14.686387701185408
7176-88083-0016_121-127105-0013__T2__121-121-127105-0013__HSIMV2__237-237-126133-0000__SIRm3,121,7176,10,0.0,0.0,0.0,0.0,0.0,45.473632521429515,18.020941078153413
7176-88083-0016_5639-40744-0019__T1__7176-7176-88083-0016__HSIMV2__61-61-70968-0051__SIRm3,7176,5639,5,0.0,0.0,0.0,0.0,0.0,37.32792127482449,13.761900129516722
7176-88083-0016_5639-40744-0019__T2__5639-5639-40744-0019__HSIMV2__1089-1089-134686-0005__SIRm3,5639,7176,18,0.0,0.0,0.0,0.0,0.0,50.050624210584225,19.371155103392297
7176-88083-0017_2094-142345-0025__T1__7176-7176-88083-0017__HSIMV2__61-61-70970-0013__SIRm3,7176,2094,6,0.0,0.0,0.0,0.0,0.0,31.5531462962432,11.464011379623862
7176-88083-0017_2094-142345-0025__T2__2094-2094-142345-0025__HSIMV2__3729-3729-6852-0019__SIRm3,2094,7176,5,0.0,0.0,0.0,0.0,0.0,50.15532045386877,20.77175468501609
7176-88083-0017_4446-2271-0004__T1__7176-7176-88083-0017__HSIMV2__61-61-70968-0010__SIRm3,7176,4446,6,0.0,0.0,0.0,0.0,0.0,24.526314337667273,9.309583525707394
7176-88083-0017_4446-2271-0004__T2__4446-4446-2271-0004__HSIMV2__1284-1284-134647-0000__SIRm3,4446,7176,16,1.0,1.0,1.0,1.0,1.0,-55.08567304639472,-33.703140921551224
7176-88083-0017_4992-41806-0003__T1__7176-7176-88083-0017__HSIMV2__61-61-70968-0051__SIRm3,7176,4992,5,0.0,0.0,0.0,0.0,0.0,36.21569797430709,13.963631106371125
7176-88083-0017_4992-41806-0003__T2__4992-4992-41806-0003__HSIMV2__4446-4446-2275-0028__SIRm3,4992,7176,6,0.0,0.0,0.0,0.0,0.0,58.73113984796777,20.47746969081585
7176-88083-0018_2830-3980-0052__T1__7176-7176-88083-0018__HSIMV2__61-61-70968-0057__SIRm3,7176,2830,9,0.0,0.0,0.0,0.0,0.0,36.616198423673815,14.098994832823616
7176-88083-0018_2830-3980-0052__T2__2830-2830-3980-0052__HSIMV2__8230-8230-279154-0011__SIRm3,2830,7176,8,0.0,0.0,0.0,0.0,0.0,49.22230692953202,18.452557816150165
7176-88083-0019_2830-3980-0037__T1__7176-7176-88083-0019__HSIMV2__61-61-70970-0020__SIRm3,7176,2830,9,0.1111111111111111,0.0,0.0,0.0,0.0,35.66873844014455,14.354282687911764
7176-88083-0019_2830-3980-0037__T2__2830-2830-3980-0037__HSIMV2__1188-1188-133604-0025__SIRm3,2830,7176,11,0.09090909090909091,0.0,0.0,0.0,0.0,45.88605766423895,17.6734571068735
7176-88083-0019_5142-36377-0000__T1__7176-7176-88083-0019__HSIMV2__61-61-70968-0060__SIRm3,7176,5142,6,0.0,0.0,0.0,0.0,0.0,35.737948809605676,11.67229413681718
7176-88083-0019_5142-36377-0000__T2__5142-5142-36377-0000__HSIMV2__4970-4970-29093-0002__SIRm3,5142,7176,5,0.0,0.0,0.0,0.0,0.0,31.66551803700666,9.730499819219364
7176-88083-0019_61-70968-0019__T1__7176-7176-88083-0019__HSIMV2__61-61-70968-0053__SIRm3,7176,61,7,0.0,0.0,0.0,0.0,0.0,32.51079443693756,7.959218546815206
7176-88083-0019_61-70968-0019__T2__61-61-70968-0019__HSIMV2__8230-8230-279154-0040__SIRm3,61,7176,9,0.0,0.0,0.0,0.0,0.0,41.84215347436554,15.47986057702236
7176-88083-0020_5683-32879-0003__T1__7176-7176-88083-0020__HSIMV2__61-61-70970-0029__SIRm3,7176,5683,7,0.14285714285714285,0.0,0.0,0.0,0.0,23.16158279470432,10.674249933195288
7176-88083-0020_5683-32879-0003__T2__5683-5683-32879-0003__HSIMV2__237-237-134500-0023__SIRm3,5683,7176,5,0.0,0.0,0.0,0.0,0.0,63.37495091781709,19.18051300207918
7176-88083-0021_1320-122612-0014__T1__7176-7176-88083-0021__HSIMV2__61-61-70970-0015__SIRm3,7176,1320,15,0.0,0.0,0.0,0.06666666666666667,0.0,32.70076529050906,10.85882319398291
7176-88083-0021_1320-122612-0014__T2__1320-1320-122612-0014__HSIMV2__5105-5105-28240-0015__SIRm3,1320,7176,6,0.0,0.0,0.0,0.0,0.0,44.468865357486,17.838090715366572
7176-88083-0022_908-31957-0001__T1__7176-7176-88083-0022__HSIMV2__61-61-70968-0024__SIRm3,7176,908,11,0.09090909090909091,0.0,0.0,0.0,0.0,45.790112113271235,16.499561684905213
7176-88083-0022_908-31957-0001__T2__908-908-31957-0001__HSIMV2__7176-7176-88083-0002__SIRm3,908,7176,14,0.0,0.0,0.0,0.0,0.0,45.585187056046514,16.851297796410336
7176-88083-0023_2300-131720-0040__T1__7176-7176-88083-0023__HSIMV2__61-61-70968-0060__SIRm3,7176,2300,6,0.0,0.0,0.0,0.0,0.0,41.58569558888653,16.964151397110168
7176-88083-0023_2300-131720-0040__T2__2300-2300-131720-0040__HSIMV2__61-61-70968-0010__SIRm3,2300,7176,9,0.0,0.0,0.0,0.0,0.0,50.8200761940926,15.109017443277615
7176-88083-0023_7127-75946-0022__T1__7176-7176-88083-0023__HSIMV2__61-61-70968-0035__SIRm3,7176,7127,14,0.14285714285714285,0.07142857142857142,0.0,0.0,0.0,52.547425777067055,16.642715168016473
7176-88083-0023_7127-75946-0022__T2__7127-7127-75946-0022__HSIMV2__8455-8455-210777-0057__SIRm3,7127,7176,20,0.0,0.0,0.0,0.0,0.0,43.24996952309799,16.075614234771972
7176-88083-0025_1089-134686-0033__T1__7176-7176-88083-0025__HSIMV2__61-61-70970-0000__SIRm3,7176,1089,11,0.09090909090909091,0.09090909090909091,0.09090909090909091,0.0,0.0,38.73480648245038,14.881835553541531
7176-88083-0025_1089-134686-0033__T2__1089-1089-134686-0033__HSIMV2__8230-8230-279154-0024__SIRm3,1089,7176,5,0.0,0.0,0.0,0.0,0.0,54.43860713067012,20.327381609782137
7176-88083-0026_121-127105-0003__T1__7176-7176-88083-0026__HSIMV2__61-61-70970-0040__SIRm3,7176,121,7,0.0,0.0,0.0,0.0,0.0,33.9286098122832,12.85498558693851
7176-88083-0026_121-127105-0003__T2__121-121-127105-0003__HSIMV2__237-237-126133-0018__SIRm3,121,7176,7,0.0,0.0,0.0,0.0,0.0,35.59370202195895,17.920760096084365
7176-92135-0002_8555-284449-0020__T1__7176-7176-92135-0002__HSIMV2__61-61-70968-0039__SIRm3,7176,8555,5,0.4,0.4,0.4,0.4,0.4,16.05782536200917,1.2133177866005904
7176-92135-0002_8555-284449-0020__T2__8555-8555-284449-0020__HSIMV2__4970-4970-29095-0023__SIRm3,8555,7176,6,0.0,0.0,0.0,0.0,0.0,54.12231972803227,20.533417897934715
7176-92135-0005_3570-5694-0004__T1__7176-7176-92135-0005__HSIMV2__61-61-70968-0028__SIRm3,7176,3570,9,0.0,0.1111111111111111,0.0,0.0,0.0,36.28075156803945,15.379134852329289
7176-92135-0005_3570-5694-0004__T2__3570-3570-5694-0004__HSIMV2__4507-4507-16021-0013__SIRm3,3570,7176,9,0.0,0.0,0.0,0.0,0.0,50.73351770705257,18.89914484537905
7176-92135-0009_5142-36377-0000__T1__7176-7176-92135-0009__HSIMV2__61-61-70968-0041__SIRm3,7176,5142,7,0.14285714285714285,0.0,0.0,0.0,0.0,57.72243723675596,19.427964368536223
7176-92135-0009_5142-36377-0000__T2__5142-5142-36377-0000__HSIMV2__4970-4970-29095-0030__SIRm3,5142,7176,5,0.0,0.0,0.0,0.0,0.0,51.55603236564556,20.024320845235284
7176-92135-0012_4992-41797-0000__T1__7176-7176-92135-0012__HSIMV2__61-61-70968-0049__SIRm3,7176,4992,15,0.26666666666666666,0.4666666666666667,0.2,0.06666666666666667,0.0,12.900708179155805,7.56063962407868
7176-92135-0012_4992-41797-0000__T2__4992-4992-41797-0000__HSIMV2__4446-4446-2273-0001__SIRm3,4992,7176,8,0.0,0.0,0.0,0.0,0.0,56.60209145802827,21.000340603332035
7176-92135-0013_3575-170457-0008__T1__7176-7176-92135-0013__HSIMV2__61-61-70968-0033__SIRm3,7176,3575,5,0.0,0.0,0.0,0.0,0.0,43.092635069793985,16.96722486065117
7176-92135-0013_3575-170457-0008__T2__3575-3575-170457-0008__HSIMV2__237-237-134500-0018__SIRm3,3575,7176,24,0.0,0.0,0.0,0.0,0.0,55.62739435644901,21.68694077534676
7176-92135-0013_61-70970-0031__T1__7176-7176-92135-0013__HSIMV2__61-61-70968-0000__SIRm3,7176,61,5,0.0,0.0,0.0,0.0,0.0,42.97609783687732,17.01107654421384
7176-92135-0013_61-70970-0031__T2__61-61-70970-0031__HSIMV2__8230-8230-279154-0011__SIRm3,61,7176,9,0.0,0.0,0.0,0.0,0.0,34.333487553013825,8.938994530775663
7176-92135-0013_672-122797-0059__T1__7176-7176-92135-0013__HSIMV2__61-61-70968-0020__SIRm3,7176,672,5,0.0,0.0,0.0,0.0,0.0,40.552964996428365,7.215725978173843
7176-92135-0013_672-122797-0059__T2__672-672-122797-0059__HSIMV2__1320-1320-122617-0005__SIRm3,672,7176,6,0.0,0.0,0.0,0.0,0.0,35.0865604257693,17.678974402776724
7176-92135-0014_1089-134691-0004__T1__7176-7176-92135-0014__HSIMV2__61-61-70970-0012__SIRm3,7176,1089,5,0.4,0.0,0.0,0.0,0.0,24.344118081478182,10.47309319704962
7176-92135-0014_1089-134691-0004__T2__1089-1089-134691-0004__HSIMV2__8230-8230-279154-0030__SIRm3,1089,7176,9,0.0,0.0,0.0,0.0,0.0,48.17007879190741,17.914502088861887
7176-92135-0015_1320-122617-0017__T1__7176-7176-92135-0015__HSIMV2__61-61-70968-0035__SIRm3,7176,1320,12,0.0,0.08333333333333333,0.0,0.0,0.0,41.766619739790606,13.80610781532275
7176-92135-0015_1320-122617-0017__T2__1320-1320-122617-0017__HSIMV2__5105-5105-28233-0004__SIRm3,1320,7176,8,0.0,0.0,0.0,0.0,0.0,48.66596683942032,17.468826951846204
7176-92135-0015_4992-23283-0007__T1__7176-7176-92135-0015__HSIMV2__61-61-70968-0037__SIRm3,7176,4992,7,0.14285714285714285,0.0,0.0,0.0,0.0,33.04224250690551,10.7102745344443
7176-92135-0015_4992-23283-0007__T2__4992-4992-23283-0007__HSIMV2__4446-4446-2275-0043__SIRm3,4992,7176,7,0.0,0.0,0.0,0.0,0.0,47.548027984622635,16.949134447994677
7176-92135-0017_1580-141083-0006__T1__7176-7176-92135-0017__HSIMV2__61-61-70970-0035__SIRm3,7176,1580,13,0.0,0.0,0.0,0.0,0.0,30.76176297537525,14.828354265951557
7176-92135-0017_1580-141083-0006__T2__1580-1580-141083-0006__HSIMV2__237-237-134500-0039__SIRm3,1580,7176,8,0.0,0.0,0.0,0.0,0.0,55.71665193142165,20.42580736341916
7176-92135-0020_2830-3980-0010__T1__7176-7176-92135-0020__HSIMV2__61-61-70968-0053__SIRm3,7176,2830,7,0.8571428571428571,0.8571428571428571,0.8571428571428571,1.0,0.8571428571428571,-18.110928231665216,-5.850197164691071
7176-92135-0020_2830-3980-0010__T2__2830-2830-3980-0010__HSIMV2__1188-1188-133604-0016__SIRm3,2830,7176,12,0.0,0.0,0.0,0.0,0.0,52.77347260729929,17.85876714807131
7176-92135-0020_2830-3980-0029__T1__7176-7176-92135-0020__HSIMV2__61-61-70968-0054__SIRm3,7176,2830,13,0.0,0.0,0.0,0.0,0.0,50.84405756123301,18.456941885260846
7176-92135-0020_2830-3980-0029__T2__2830-2830-3980-0029__HSIMV2__1188-1188-133604-0039__SIRm3,2830,7176,12,0.0,0.0,0.0,0.0,0.0,50.72519998368301,19.2654884495889
7176-92135-0022_1995-1837-0017__T1__7176-7176-92135-0022__HSIMV2__61-61-70968-0039__SIRm3,7176,1995,6,0.0,0.0,0.0,0.0,0.0,54.34177795721581,19.916910761644484
7176-92135-0022_1995-1837-0017__T2__1995-1995-1837-0017__HSIMV2__2094-2094-142345-0011__SIRm3,1995,7176,5,0.0,0.0,0.0,0.0,0.0,38.20872574439052,18.16700350868284
7176-92135-0022_4507-16021-0040__T1__7176-7176-92135-0022__HSIMV2__61-61-70970-0007__SIRm3,7176,4507,7,1.0,1.0,1.0,1.0,1.0,-34.616390485308294,-17.949999017767134
7176-92135-0022_4507-16021-0040__T2__4507-4507-16021-0040__HSIMV2__3729-3729-6852-0016__SIRm3,4507,7176,6,0.0,0.0,0.0,0.0,0.0,40.78367706225323,17.997136530741468
7176-92135-0022_672-122797-0054__T1__7176-7176-92135-0022__HSIMV2__61-61-70970-0029__SIRm3,7176,672,7,1.0,1.0,1.0,1.0,1.0,-54.07971254668466,-31.007728141414866
7176-92135-0022_672-122797-0054__T2__672-672-122797-0054__HSIMV2__1320-1320-122617-0024__SIRm3,672,7176,7,0.8571428571428571,0.8571428571428571,0.7142857142857143,1.0,0.7142857142857143,-16.27884713458582,-5.020977130397577
7176-92135-0023_1188-133604-0032__T1__7176-7176-92135-0023__HSIMV2__61-61-70968-0035__SIRm3,7176,1188,11,0.09090909090909091,0.0,0.0,0.0,0.0,43.14160895852162,16.0922809469188
7176-92135-0023_1188-133604-0032__T2__1188-1188-133604-0032__HSIMV2__2830-2830-3979-0010__SIRm3,1188,7176,5,0.0,0.0,0.0,0.0,0.0,52.60263945061022,19.051825827802524
7176-92135-0023_1320-122617-0011__T1__7176-7176-92135-0023__HSIMV2__61-61-70970-0004__SIRm3,7176,1320,11,1.0,1.0,1.0,1.0,1.0,-43.71906800073748,-23.220588535815537
7176-92135-0023_1320-122617-0011__T2__1320-1320-122617-0011__HSIMV2__5105-5105-28241-0019__SIRm3,1320,7176,9,0.0,0.1111111111111111,0.0,0.0,0.0,47.08686380483256,18.74210323022472
7176-92135-0023_1995-1826-0019__T1__7176-7176-92135-0023__HSIMV2__61-61-70970-0026__SIRm3,7176,1995,9,0.8888888888888888,1.0,0.8888888888888888,1.0,0.8888888888888888,-26.665016913309955,-9.987194732250234
7176-92135-0023_1995-1826-0019__T2__1995-1995-1826-0019__HSIMV2__2094-2094-142345-0051__SIRm3,1995,7176,9,0.0,0.0,0.0,0.0,0.0,57.717067876360844,22.37288579260911
7176-92135-0028_4446-2275-0043__T1__7176-7176-92135-0028__HSIMV2__61-61-70968-0014__SIRm3,7176,4446,5,1.0,1.0,1.0,1.0,1.0,-32.723568604695316,-16.967976174561826
7176-92135-0028_4446-2275-0043__T2__4446-4446-2275-0043__HSIMV2__1284-1284-1180-0024__SIRm3,4446,7176,9,0.0,0.0,0.0,0.0,0.0,54.89941862069374,19.55099547322767
7176-92135-0028_6930-81414-0022__T1__7176-7176-92135-0028__HSIMV2__61-61-70968-0010__SIRm3,7176,6930,5,1.0,1.0,1.0,1.0,1.0,-44.12090858020049,-33.104673953871355
7176-92135-0028_6930-81414-0022__T2__6930-6930-81414-0022__HSIMV2__260-260-123286-0006__SIRm3,6930,7176,7,0.0,0.0,0.0,0.0,0.0,49.13246209770943,19.09211816601876
7176-92135-0028_8455-210777-0024__T1__7176-7176-92135-0028__HSIMV2__61-61-70968-0048__SIRm3,7176,8455,5,1.0,1.0,1.0,1.0,1.0,-35.48177454052673,-19.31545788614521
7176-92135-0028_8455-210777-0024__T2__8455-8455-210777-0024__HSIMV2__1320-1320-122617-0040__SIRm3,8455,7176,14,0.07142857142857142,0.0,0.0,0.0,0.0,52.028851460861574,19.813408730669945
7176-92135-0031_4446-2273-0021__T1__7176-7176-92135-0031__HSIMV2__61-61-70970-0023__SIRm3,7176,4446,6,1.0,1.0,1.0,1.0,1.0,-28.870878561550956,-12.999996841199726
7176-92135-0031_4446-2273-0021__T2__4446-4446-2273-0021__HSIMV2__1284-1284-1181-0004__SIRm3,4446,7176,9,0.0,0.0,0.0,0.0,0.0,57.31751203205483,20.087217214088348
7176-92135-0031_7729-102255-0025__T1__7176-7176-92135-0031__HSIMV2__61-61-70968-0001__SIRm3,7176,7729,6,0.16666666666666666,0.0,0.0,0.0,0.0,24.633252236728577,12.380308728895876
7176-92135-0031_7729-102255-0025__T2__7729-7729-102255-0025__HSIMV2__7176-7176-92135-0038__SIRm3,7729,7176,9,0.0,0.0,0.0,0.0,0.0,53.10852573214793,17.26511389235112
7176-92135-0031_8224-274384-0002__T1__7176-7176-92135-0031__HSIMV2__61-61-70970-0033__SIRm3,7176,8224,5,1.0,1.0,1.0,0.6,0.6,-0.15857375553413355,2.818733331234209
7176-92135-0031_8224-274384-0002__T2__8224-8224-274384-0002__HSIMV2__8455-8455-210777-0051__SIRm3,8224,7176,18,0.0,0.0,0.0,0.0,0.0,47.14249959585265,18.30785140714229
7176-92135-0032_4970-29093-0011__T1__7176-7176-92135-0032__HSIMV2__61-61-70968-0011__SIRm3,7176,4970,5,1.0,0.8,0.8,1.0,0.8,-19.923530127057433,-7.7532981501591856
7176-92135-0032_4970-29093-0011__T2__4970-4970-29093-0011__HSIMV2__8555-8555-284449-0011__SIRm3,4970,7176,21,0.0,0.047619047619047616,0.0,0.0,0.0,59.971121807923524,22.086663062665373
7176-92135-0034_4992-41806-0012__T1__7176-7176-92135-0034__HSIMV2__61-61-70968-0040__SIRm3,7176,4992,6,1.0,1.0,1.0,1.0,1.0,-37.16022770817335,-17.68814685036112
7176-92135-0034_4992-41806-0012__T2__4992-4992-41806-0012__HSIMV2__4446-4446-2271-0011__SIRm3,4992,7176,6,0.0,0.0,0.0,0.0,0.0,30.50862631795611,9.65371559122921
7176-92135-0035_4992-23283-0003__T1__7176-7176-92135-0035__HSIMV2__61-61-70968-0039__SIRm3,7176,4992,5,0.8,0.8,0.8,0.6,0.6,-5.176242041726266,-2.396947963219468
7176-92135-0035_4992-23283-0003__T2__4992-4992-23283-0003__HSIMV2__4446-4446-2273-0023__SIRm3,4992,7176,8,0.0,0.0,0.0,0.0,0.0,59.85983123882553,21.50198935200976
7176-92135-0035_61-70968-0013__T1__7176-7176-92135-0035__HSIMV2__61-61-70968-0057__SIRm3,7176,61,5,0.0,0.0,0.0,0.0,0.0,39.87178384345175,14.669728805930404
7176-92135-0035_61-70968-0013__T2__61-61-70968-0013__HSIMV2__8230-8230-279154-0040__SIRm3,61,7176,7,0.0,0.0,0.0,0.0,0.0,52.34571100681545,17.40293691255553
7176-92135-0035_7729-102255-0029__T1__7176-7176-92135-0035__HSIMV2__61-61-70970-0028__SIRm3,7176,7729,5,0.0,0.0,0.0,0.0,0.0,43.55142313775775,17.401013705368012
7176-92135-0035_7729-102255-0029__T2__7729-7729-102255-0029__HSIMV2__7176-7176-92135-0025__SIRm3,7729,7176,13,0.0,0.0,0.0,0.0,0.0,50.19305894679513,17.471595510196302
7176-92135-0036_1320-122617-0026__T1__7176-7176-92135-0036__HSIMV2__61-61-70970-0035__SIRm3,7176,1320,11,1.0,1.0,1.0,1.0,1.0,-42.07380813803722,-22.078870065446765
7176-92135-0036_1320-122617-0026__T2__1320-1320-122617-0026__HSIMV2__8455-8455-210777-0031__SIRm3,1320,7176,9,0.0,0.0,0.0,0.0,0.0,55.956880230498555,21.66532084673152
7176-92135-0036_3570-5696-0004__T1__7176-7176-92135-0036__HSIMV2__61-61-70968-0061__SIRm3,7176,3570,10,0.1,0.0,0.0,0.0,0.0,38.16360677397035,16.177639073783727
7176-92135-0036_3570-5696-0004__T2__3570-3570-5696-0004__HSIMV2__4507-4507-16021-0028__SIRm3,3570,7176,5,0.0,0.0,0.0,0.0,0.0,51.83913874150362,22.03353916431581
7176-92135-0038_260-123288-0027__T1__7176-7176-92135-0038__HSIMV2__61-61-70970-0025__SIRm3,7176,260,13,0.0,0.0,0.0,0.0,0.0,42.370493524164985,16.40553218934805
7176-92135-0038_260-123288-0027__T2__260-260-123288-0027__HSIMV2__672-672-122797-0071__SIRm3,260,7176,11,0.0,0.0,0.0,0.0,0.0,49.11538231949144,19.320169133843667
7176-92135-0040_1089-134686-0005__T1__7176-7176-92135-0040__HSIMV2__61-61-70968-0055__SIRm3,7176,1089,6,0.0,0.0,0.0,0.0,0.0,32.87908088083544,15.459805026910855
7176-92135-0040_1089-134686-0005__T2__1089-1089-134686-0005__HSIMV2__8230-8230-279154-0004__SIRm3,1089,7176,18,0.05555555555555555,0.0,0.0,0.0,0.0,59.73251527940575,19.693193965050163
7176-92135-0041_672-122797-0045__T1__7176-7176-92135-0041__HSIMV2__61-61-70968-0003__SIRm3,7176,672,7,0.42857142857142855,0.2857142857142857,0.14285714285714285,0.2857142857142857,0.14285714285714285,20.538146374093603,4.950942931144278
7176-92135-0041_672-122797-0045__T2__672-672-122797-0045__HSIMV2__260-260-123288-0026__SIRm3,672,7176,25,0.0,0.04,0.0,0.0,0.0,46.03646150148051,17.82303612872149
7176-92135-0041_6829-68771-0032__T1__7176-7176-92135-0041__HSIMV2__61-61-70968-0011__SIRm3,7176,6829,8,0.0,0.0,0.0,0.0,0.0,42.108756300356006,16.374220244957836
7176-92135-0041_6829-68771-0032__T2__6829-6829-68771-0032__HSIMV2__4446-4446-2273-0021__SIRm3,6829,7176,9,0.0,0.0,0.0,0.0,0.0,51.96694795372893,19.068465919251267
7176-92135-0041_7127-75947-0037__T1__7176-7176-92135-0041__HSIMV2__61-61-70968-0027__SIRm3,7176,7127,8,0.0,0.0,0.0,0.0,0.0,50.87618809574374,17.56458010350519
7176-92135-0041_7127-75947-0037__T2__7127-7127-75947-0037__HSIMV2__8455-8455-210777-0044__SIRm3,7127,7176,13,0.0,0.0,0.0,0.0,0.0,44.681119610797914,16.049210844400555
7176-92135-0042_1580-141084-0015__T1__7176-7176-92135-0042__HSIMV2__61-61-70968-0050__SIRm3,7176,1580,10,1.0,1.0,1.0,1.0,1.0,-44.89181313285358,-24.098806737804
7176-92135-0042_1580-141084-0015__T2__1580-1580-141084-0015__HSIMV2__237-237-134500-0015__SIRm3,1580,7176,5,0.0,0.0,0.0,0.0,0.0,47.00069765706841,19.48270955608927
7176-92135-0042_5105-28241-0012__T1__7176-7176-92135-0042__HSIMV2__61-61-70968-0032__SIRm3,7176,5105,7,0.0,0.0,0.0,0.0,0.0,45.053329100337066,15.2453205202575
7176-92135-0042_5105-28241-0012__T2__5105-5105-28241-0012__HSIMV2__1320-1320-122617-0022__SIRm3,5105,7176,6,0.0,0.0,0.0,0.0,0.0,61.389014520534595,20.975143608622588
7176-92135-0042_7021-79730-0001__T1__7176-7176-92135-0042__HSIMV2__61-61-70970-0022__SIRm3,7176,7021,6,1.0,1.0,1.0,1.0,1.0,-47.94165723555497,-24.199277590814297
7176-92135-0042_7021-79730-0001__T2__7021-7021-79730-0001__HSIMV2__5105-5105-28240-0015__SIRm3,7021,7176,16,0.0,0.0,0.0,0.0,0.0,44.69106130107754,17.14969918373508
7176-92135-0043_1284-1181-0010__T1__7176-7176-92135-0043__HSIMV2__61-61-70968-0013__SIRm3,7176,1284,7,1.0,1.0,1.0,1.0,1.0,-40.72998852302542,-23.285713561068
7176-92135-0043_1284-1181-0010__T2__1284-1284-1181-0010__HSIMV2__4446-4446-2273-0025__SIRm3,1284,7176,8,0.0,0.0,0.0,0.0,0.0,48.76765557079037,19.70085842530824
7176-92135-0043_2830-3979-0001__T1__7176-7176-92135-0043__HSIMV2__61-61-70968-0029__SIRm3,7176,2830,5,0.0,0.0,0.0,0.0,0.0,27.366588107757515,14.224256810315048
7176-92135-0043_2830-3979-0001__T2__2830-2830-3979-0001__HSIMV2__1188-1188-133604-0016__SIRm3,2830,7176,31,0.06451612903225806,0.0,0.0,0.0,0.0,46.46119321800789,17.951867325208358
7176-92135-0044_61-70970-0039__T1__7176-7176-92135-0044__HSIMV2__61-61-70970-0019__SIRm3,7176,61,6,1.0,1.0,1.0,1.0,1.0,-37.76754883927138,-20.10441201028526
7176-92135-0044_61-70970-0039__T2__61-61-70970-0039__HSIMV2__8230-8230-279154-0021__SIRm3,61,7176,12,0.0,0.0,0.0,0.0,0.0,39.885044690884406,15.5036710751812
7176-92135-0045_3729-6852-0039__T1__7176-7176-92135-0045__HSIMV2__61-61-70970-0001__SIRm3,7176,3729,9,0.0,0.0,0.0,0.0,0.0,44.391714529252134,18.17341935201738
7176-92135-0045_3729-6852-0039__T2__3729-3729-6852-0039__HSIMV2__4507-4507-16021-0009__SIRm3,3729,7176,16,0.0,0.0,0.0,0.0,0.0,55.81021144312616,19.01920886544296
7176-92135-0045_4970-29095-0033__T1__7176-7176-92135-0045__HSIMV2__61-61-70968-0035__SIRm3,7176,4970,9,0.0,0.0,0.0,0.0,0.0,47.80158051817082,17.74261601761778
7176-92135-0045_4970-29095-0033__T2__4970-4970-29095-0033__HSIMV2__6829-6829-68771-0018__SIRm3,4970,7176,14,0.14285714285714285,0.0,0.0,0.0,0.0,51.696381299507706,19.2921341193372
7176-92135-0045_8555-284447-0014__T1__7176-7176-92135-0045__HSIMV2__61-61-70968-0039__SIRm3,7176,8555,6,0.0,0.0,0.0,0.0,0.0,43.79776571316196,8.821025584187415
7176-92135-0045_8555-284447-0014__T2__8555-8555-284447-0014__HSIMV2__4970-4970-29095-0014__SIRm3,8555,7176,5,1.0,1.0,1.0,1.0,1.0,-54.84655812466347,-28.87953895249857
7729-102255-0000_1580-141084-0039__T1__7729-7729-102255-0000__HSIMV2__7176-7176-88083-0003__SIRm3,7729,1580,5,0.0,0.0,0.0,0.0,0.0,54.67736527775435,17.009702674188464
7729-102255-0000_1580-141084-0039__T2__1580-1580-141084-0039__HSIMV2__237-237-134500-0039__SIRm3,1580,7729,8,0.0,0.0,0.0,0.0,0.0,50.124139209714706,18.58152032241685
7729-102255-0001_1089-134691-0010__T1__7729-7729-102255-0001__HSIMV2__7176-7176-92135-0028__SIRm3,7729,1089,5,0.0,0.0,0.0,0.0,0.0,52.18347273130738,17.021408929047965
7729-102255-0001_1089-134691-0010__T2__1089-1089-134691-0010__HSIMV2__8230-8230-279154-0017__SIRm3,1089,7729,5,0.0,0.0,0.0,0.0,0.0,52.55583645027193,21.309668688906555
7729-102255-0001_260-123286-0006__T1__7729-7729-102255-0001__HSIMV2__7176-7176-88083-0013__SIRm3,7729,260,5,0.0,0.0,0.0,0.0,0.0,40.56391709658382,16.81197376295559
7729-102255-0001_260-123286-0006__T2__260-260-123286-0006__HSIMV2__672-672-122797-0018__SIRm3,260,7729,8,0.0,0.0,0.0,0.0,0.0,40.038282236199755,16.786471738283655
7729-102255-0001_5683-32866-0030__T1__7729-7729-102255-0001__HSIMV2__7176-7176-92135-0003__SIRm3,7729,5683,5,0.0,0.0,0.0,0.0,0.0,45.17317806309062,17.508548712743533
7729-102255-0001_5683-32866-0030__T2__5683-5683-32866-0030__HSIMV2__237-237-134493-0000__SIRm3,5683,7729,7,0.0,0.0,0.0,0.0,0.0,38.64513749887171,20.539283096938004
7729-102255-0002_1221-135766-0001__T1__7729-7729-102255-0002__HSIMV2__7176-7176-92135-0036__SIRm3,7729,1221,11,0.0,0.0,0.0,0.0,0.0,52.24380295951844,17.868913466051225
7729-102255-0002_1221-135766-0001__T2__1221-1221-135766-0001__HSIMV2__4992-4992-41797-0017__SIRm3,1221,7729,16,0.0,0.0,0.0,0.0,0.0,52.48688139876105,19.60070816706839
7729-102255-0002_1995-1837-0025__T1__7729-7729-102255-0002__HSIMV2__7176-7176-88083-0013__SIRm3,7729,1995,15,0.0,0.0,0.0,0.0,0.0,42.71143142141069,15.833817548706955
7729-102255-0002_1995-1837-0025__T2__1995-1995-1837-0025__HSIMV2__2094-2094-142345-0002__SIRm3,1995,7729,18,0.0,0.05555555555555555,0.0,0.0,0.0,61.461714701664654,22.95619245499089
7729-102255-0005_121-121726-0007__T1__7729-7729-102255-0005__HSIMV2__7176-7176-88083-0001__SIRm3,7729,121,9,0.0,0.0,0.0,0.0,0.0,51.848593670806785,18.78503678856201
7729-102255-0005_121-121726-0007__T2__121-121-121726-0007__HSIMV2__237-237-134500-0021__SIRm3,121,7729,8,0.125,1.0,0.125,0.0,0.0,55.56717281775093,21.746500752331897
7729-102255-0005_7021-85628-0005__T1__7729-7729-102255-0005__HSIMV2__7176-7176-92135-0001__SIRm3,7729,7021,9,0.0,0.0,0.0,0.0,0.0,57.339031988791554,16.633016008094003
7729-102255-0005_7021-85628-0005__T2__7021-7021-85628-0005__HSIMV2__5105-5105-28233-0004__SIRm3,7021,7729,8,0.0,0.0,0.0,0.0,0.0,49.58723539484646,18.052981018624603
7729-102255-0007_1320-122612-0009__T1__7729-7729-102255-0007__HSIMV2__7176-7176-92135-0001__SIRm3,7729,1320,14,0.0,0.0,0.0,0.0,0.0,46.08389498402577,17.130774101028003
7729-102255-0007_1320-122612-0009__T2__1320-1320-122612-0009__HSIMV2__5105-5105-28241-0018__SIRm3,1320,7729,6,0.0,0.0,0.0,0.0,0.0,51.15549219390414,19.60976186430687
7729-102255-0007_7021-85628-0010__T1__7729-7729-102255-0007__HSIMV2__7176-7176-88083-0012__SIRm3,7729,7021,9,0.0,0.0,0.0,0.0,0.0,44.61406096034449,15.971951857188111
7729-102255-0007_7021-85628-0010__T2__7021-7021-85628-0010__HSIMV2__5105-5105-28240-0024__SIRm3,7021,7729,15,0.0,0.0,0.0,0.0,0.0,55.720387196806385,20.002752275560287
7729-102255-0010_8555-284449-0003__T1__7729-7729-102255-0010__HSIMV2__7176-7176-92135-0007__SIRm3,7729,8555,5,0.0,0.0,0.0,0.0,0.0,52.43849300977413,17.331453726326544
7729-102255-0010_8555-284449-0003__T2__8555-8555-284449-0003__HSIMV2__4970-4970-29093-0011__SIRm3,8555,7729,16,0.0,0.0,0.0,0.0,0.0,59.65740820928377,21.87945391802068
7729-102255-0012_1320-122617-0000__T1__7729-7729-102255-0012__HSIMV2__7176-7176-92135-0020__SIRm3,7729,1320,7,0.0,0.0,0.0,0.0,0.0,51.81894310255519,17.499074067552737
7729-102255-0012_1320-122617-0000__T2__1320-1320-122617-0000__HSIMV2__5105-5105-28233-0006__SIRm3,1320,7729,10,0.0,0.0,0.0,0.0,0.0,58.503421566784354,19.134167670456105
7729-102255-0012_5142-36377-0022__T1__7729-7729-102255-0012__HSIMV2__7176-7176-92135-0045__SIRm3,7729,5142,7,0.0,0.0,0.0,0.0,0.0,49.07374152654432,17.11421757993366
7729-102255-0012_5142-36377-0022__T2__5142-5142-36377-0022__HSIMV2__4970-4970-29093-0001__SIRm3,5142,7729,20,0.0,0.0,0.0,0.0,0.0,47.27026781327885,18.573393239487466
7729-102255-0014_1320-122617-0023__T1__7729-7729-102255-0014__HSIMV2__7176-7176-88083-0004__SIRm3,7729,1320,9,0.0,0.0,0.0,0.0,0.0,52.9413673877217,17.63807072015191
7729-102255-0014_1320-122617-0023__T2__1320-1320-122617-0023__HSIMV2__5105-5105-28240-0024__SIRm3,1320,7729,14,0.0,0.0,0.0,0.0,0.0,56.86211662852418,19.714359765797383
7729-102255-0014_4446-2271-0011__T1__7729-7729-102255-0014__HSIMV2__7176-7176-92135-0045__SIRm3,7729,4446,9,0.0,0.0,0.0,0.0,0.0,54.164427373060086,19.220223753258672
7729-102255-0014_4446-2271-0011__T2__4446-4446-2271-0011__HSIMV2__1284-1284-1180-0021__SIRm3,4446,7729,6,1.0,1.0,1.0,1.0,1.0,-49.11347715569415,-45.96326746549384
7729-102255-0015_2830-3980-0074__T1__7729-7729-102255-0015__HSIMV2__7176-7176-92135-0006__SIRm3,7729,2830,14,0.0,0.0,0.0,0.0,0.0,46.99918008266405,16.8564876590666
7729-102255-0015_2830-3980-0074__T2__2830-2830-3980-0074__HSIMV2__1188-1188-133604-0037__SIRm3,2830,7729,10,0.0,0.0,0.0,0.0,0.0,54.910314721503276,19.578521037401348
7729-102255-0015_7127-75946-0012__T1__7729-7729-102255-0015__HSIMV2__7176-7176-92135-0042__SIRm3,7729,7127,13,0.0,0.0,0.0,0.0,0.0,44.43126559306498,16.13234144406956
7729-102255-0015_7127-75946-0012__T2__7127-7127-75946-0012__HSIMV2__8455-8455-210777-0003__SIRm3,7127,7729,18,0.0,0.0,0.0,0.0,0.0,45.844833914728035,17.020848592633296
7729-102255-0017_4970-29093-0009__T1__7729-7729-102255-0017__HSIMV2__7176-7176-88083-0023__SIRm3,7729,4970,18,0.0,0.0,0.0,0.0,0.0,50.29697330420952,18.414393536786783
7729-102255-0017_4970-29093-0009__T2__4970-4970-29093-0009__HSIMV2__6829-6829-68769-0026__SIRm3,4970,7729,8,0.0,0.0,0.0,0.0,0.0,48.849099890823126,19.6007465930195
7729-102255-0017_672-122797-0063__T1__7729-7729-102255-0017__HSIMV2__7176-7176-88083-0003__SIRm3,7729,672,14,0.0,0.0,0.0,0.0,0.0,55.22608521021865,18.197058927189047
7729-102255-0017_672-122797-0063__T2__672-672-122797-0063__HSIMV2__260-260-123288-0004__SIRm3,672,7729,7,0.0,0.0,0.0,0.0,0.0,38.59905261807719,15.515504995777516
7729-102255-0018_3575-170457-0037__T1__7729-7729-102255-0018__HSIMV2__7176-7176-88083-0023__SIRm3,7729,3575,18,0.0,0.0,0.0,0.0,0.0,48.84009724235855,17.226261522933367
7729-102255-0018_3575-170457-0037__T2__3575-3575-170457-0037__HSIMV2__237-237-126133-0003__SIRm3,3575,7729,12,0.08333333333333333,0.08333333333333333,0.08333333333333333,0.0,0.0,65.36256587774993,22.36488811171129
7729-102255-0018_7127-75946-0024__T1__7729-7729-102255-0018__HSIMV2__7176-7176-92135-0003__SIRm3,7729,7127,6,0.0,0.0,0.0,0.0,0.0,52.783596042529204,16.54865092812888
7729-102255-0018_7127-75946-0024__T2__7127-7127-75946-0024__HSIMV2__8455-8455-210777-0042__SIRm3,7127,7729,8,0.0,0.0,0.0,0.0,0.0,36.815977240051396,11.432849284904668
7729-102255-0019_1188-133604-0017__T1__7729-7729-102255-0019__HSIMV2__7176-7176-88083-0001__SIRm3,7729,1188,16,0.0,0.0,0.0,0.0,0.0,47.653149858625376,16.47299956278936
7729-102255-0019_1188-133604-0017__T2__1188-1188-133604-0017__HSIMV2__2830-2830-3980-0001__SIRm3,1188,7729,6,0.8333333333333334,1.0,0.8333333333333334,1.0,0.8333333333333334,-32.81800490539263,-15.110101999274743
7729-102255-0021_61-70968-0050__T1__7729-7729-102255-0021__HSIMV2__7176-7176-92135-0022__SIRm3,7729,61,14,0.0,0.0,0.0,0.0,0.0,46.824153578430185,17.523230244416123
7729-102255-0021_61-70968-0050__T2__61-61-70968-0050__HSIMV2__8230-8230-279154-0026__SIRm3,61,7729,10,0.0,0.0,0.0,0.0,0.0,40.54483439428464,17.249198543115135
7729-102255-0021_8463-294825-0019__T1__7729-7729-102255-0021__HSIMV2__7176-7176-92135-0022__SIRm3,7729,8463,14,0.0,0.0,0.0,0.0,0.0,46.819777771543215,17.522106388791634
7729-102255-0021_8463-294825-0019__T2__8463-8463-294825-0019__HSIMV2__4992-4992-23283-0000__SIRm3,8463,7729,5,0.0,0.0,0.0,0.0,0.0,57.90581670900076,19.477971307398484
7729-102255-0022_1320-122617-0000__T1__7729-7729-102255-0022__HSIMV2__7176-7176-88083-0005__SIRm3,7729,1320,8,0.0,0.0,0.0,0.0,0.0,49.22691528998483,16.574067202730852
7729-102255-0022_1320-122617-0000__T2__1320-1320-122617-0000__HSIMV2__5105-5105-28233-0006__SIRm3,1320,7729,10,0.0,0.0,0.0,0.0,0.0,58.55671192031891,19.13458775264409
7729-102255-0023_2094-142345-0014__T1__7729-7729-102255-0023__HSIMV2__7176-7176-92135-0000__SIRm3,7729,2094,9,0.0,0.0,0.0,0.0,0.0,47.30502145772488,15.937727220741284
7729-102255-0023_2094-142345-0014__T2__2094-2094-142345-0014__HSIMV2__3729-3729-6852-0013__SIRm3,2094,7729,5,0.0,0.0,0.0,0.0,0.0,36.61728660195179,14.676183141709217
7729-102255-0023_237-134500-0040__T1__7729-7729-102255-0023__HSIMV2__7176-7176-88083-0023__SIRm3,7729,237,9,0.0,0.0,0.0,0.0,0.0,49.62335858933291,16.730591773530968
7729-102255-0023_237-134500-0040__T2__237-237-134500-0040__HSIMV2__5683-5683-32865-0013__SIRm3,237,7729,6,0.0,0.0,0.0,0.0,0.0,64.89302795130827,23.64740441085372
7729-102255-0023_61-70968-0033__T1__7729-7729-102255-0023__HSIMV2__7176-7176-92135-0045__SIRm3,7729,61,9,0.0,0.0,0.0,0.0,0.0,48.498464547947606,17.81939859207319
7729-102255-0023_61-70968-0033__T2__61-61-70968-0033__HSIMV2__8230-8230-279154-0015__SIRm3,61,7729,10,0.0,0.0,0.0,0.0,0.0,48.467033350552384,17.343854041630618
7729-102255-0024_237-134493-0011__T1__7729-7729-102255-0024__HSIMV2__7176-7176-88083-0002__SIRm3,7729,237,14,0.0,0.0,0.0,0.0,0.0,51.478982223108154,17.885748075839846
7729-102255-0024_237-134493-0011__T2__237-237-134493-0011__HSIMV2__5683-5683-32879-0007__SIRm3,237,7729,9,0.0,0.0,0.0,0.0,0.0,45.48358238157284,17.248719184527197
7729-102255-0024_3575-170457-0047__T1__7729-7729-102255-0024__HSIMV2__7176-7176-92135-0002__SIRm3,7729,3575,5,0.0,0.0,0.0,0.0,0.0,42.43389362505955,17.207719403057013
7729-102255-0024_3575-170457-0047__T2__3575-3575-170457-0047__HSIMV2__237-237-134500-0006__SIRm3,3575,7729,7,0.0,0.0,0.0,0.0,0.0,50.41262433903758,19.874463514235057
7729-102255-0024_61-70970-0002__T1__7729-7729-102255-0024__HSIMV2__7176-7176-88083-0006__SIRm3,7729,61,7,0.0,0.0,0.0,0.0,0.0,42.33147907257247,16.365522788960636
7729-102255-0024_61-70970-0002__T2__61-61-70970-0002__HSIMV2__8230-8230-279154-0013__SIRm3,61,7729,7,0.0,0.0,0.0,0.0,0.0,36.07206893868141,15.468446248583165
7729-102255-0025_2830-3980-0029__T1__7729-7729-102255-0025__HSIMV2__7176-7176-92135-0038__SIRm3,7729,2830,9,0.0,0.0,0.0,0.0,0.0,53.10132924331127,17.26606947022682
7729-102255-0025_2830-3980-0029__T2__2830-2830-3980-0029__HSIMV2__1188-1188-133604-0013__SIRm3,2830,7729,5,0.0,0.0,0.0,0.0,0.0,47.22694668883586,16.871877383408076
7729-102255-0025_5639-40744-0026__T1__7729-7729-102255-0025__HSIMV2__7176-7176-92135-0035__SIRm3,7729,5639,5,0.0,0.0,0.0,0.0,0.0,58.49684615760485,18.74108233141453
7729-102255-0025_5639-40744-0026__T2__5639-5639-40744-0026__HSIMV2__1089-1089-134686-0005__SIRm3,5639,7729,18,0.0,0.0,0.0,0.0,0.0,66.40326581630171,21.9288561788275
7729-102255-0026_2961-961-0000__T1__7729-7729-102255-0026__HSIMV2__7176-7176-92135-0044__SIRm3,7729,2961,9,0.0,0.0,0.0,0.0,0.0,52.45488546211787,17.717188726904787
7729-102255-0026_2961-961-0000__T2__2961-2961-961-0000__HSIMV2__3570-3570-5694-0022__SIRm3,2961,7729,7,0.0,0.0,0.0,0.0,0.0,53.45262032603359,20.58146089172168
7729-102255-0027_8463-294828-0017__T1__7729-7729-102255-0027__HSIMV2__7176-7176-92135-0038__SIRm3,7729,8463,10,0.0,0.0,0.0,0.0,0.0,55.36756908368532,18.653398701448268
7729-102255-0027_8463-294828-0017__T2__8463-8463-294828-0017__HSIMV2__4992-4992-41797-0013__SIRm3,8463,7729,17,0.0,0.0,0.0,0.0,0.0,58.50451370447741,20.464125761755927
7729-102255-0027_8555-284449-0015__T1__7729-7729-102255-0027__HSIMV2__7176-7176-88083-0003__SIRm3,7729,8555,10,0.0,0.0,0.0,0.0,0.0,44.67903262379881,16.47812481585394
7729-102255-0027_8555-284449-0015__T2__8555-8555-284449-0015__HSIMV2__4970-4970-29095-0002__SIRm3,8555,7729,9,0.0,0.0,0.0,0.0,0.0,68.94526596938914,24.858278168816327
7729-102255-0028_6930-75918-0019__T1__7729-7729-102255-0028__HSIMV2__7176-7176-88083-0012__SIRm3,7729,6930,9,0.0,0.0,0.0,0.0,0.0,47.9769801161233,17.92225649708612
7729-102255-0028_6930-75918-0019__T2__6930-6930-75918-0019__HSIMV2__260-260-123286-0016__SIRm3,6930,7729,13,0.0,0.0,0.0,0.0,0.0,43.13571424093717,16.869735985091904
7729-102255-0028_7127-75946-0020__T1__7729-7729-102255-0028__HSIMV2__7176-7176-88083-0004__SIRm3,7729,7127,13,0.0,0.0,0.0,0.0,0.0,43.68968566194383,16.537324713561016
7729-102255-0028_7127-75946-0020__T2__7127-7127-75946-0020__HSIMV2__8455-8455-210777-0033__SIRm3,7127,7729,12,0.0,0.0,0.0,0.0,0.0,44.35767550612328,17.11959046190955
7729-102255-0028_7176-92135-0039__T1__7729-7729-102255-0028__HSIMV2__7176-7176-92135-0015__SIRm3,7729,7176,12,0.0,0.0,0.0,0.0,0.0,47.543443209081325,17.491891762630438
7729-102255-0028_7176-92135-0039__T2__7176-7176-92135-0039__HSIMV2__61-61-70968-0056__SIRm3,7176,7729,5,0.0,0.0,0.0,0.0,0.0,40.50321420728803,16.22419740850434
7729-102255-0030_5142-33396-0001__T1__7729-7729-102255-0030__HSIMV2__7176-7176-88083-0008__SIRm3,7729,5142,5,0.0,0.0,0.0,0.0,0.0,43.765261020328566,16.31774068146206
7729-102255-0030_5142-33396-0001__T2__5142-5142-33396-0001__HSIMV2__4970-4970-29095-0032__SIRm3,5142,7729,9,0.0,0.0,0.0,0.0,0.0,51.79438680385139,19.667645954488155
7729-102255-0030_672-122797-0057__T1__7729-7729-102255-0030__HSIMV2__7176-7176-92135-0024__SIRm3,7729,672,7,0.0,0.0,0.0,0.0,0.0,55.893314402627674,18.5896126842566
7729-102255-0030_672-122797-0057__T2__672-672-122797-0057__HSIMV2__1320-1320-122612-0008__SIRm3,672,7729,12,0.75,0.5833333333333334,0.5833333333333334,0.8333333333333334,0.5833333333333334,-10.028160536992145,-0.906683940867664
7729-102255-0031_2094-142345-0028__T1__7729-7729-102255-0031__HSIMV2__7176-7176-92135-0036__SIRm3,7729,2094,11,0.0,0.0,0.0,0.0,0.0,50.889535804354615,17.991512085968477
7729-102255-0031_2094-142345-0028__T2__2094-2094-142345-0028__HSIMV2__3729-3729-6852-0009__SIRm3,2094,7729,12,0.0,0.0,0.0,0.0,0.0,53.099533199082174,19.263284715512697
7729-102255-0033_61-70968-0010__T1__7729-7729-102255-0033__HSIMV2__7176-7176-88083-0005__SIRm3,7729,61,8,0.0,0.0,0.0,0.0,0.0,60.24489008692259,18.943085168027096
7729-102255-0033_61-70968-0010__T2__61-61-70968-0010__HSIMV2__8230-8230-279154-0010__SIRm3,61,7729,15,0.0,0.0,0.0,0.0,0.0,43.554286315323196,16.982663193420475
7729-102255-0035_1320-122617-0041__T1__7729-7729-102255-0035__HSIMV2__7176-7176-88083-0001__SIRm3,7729,1320,10,0.0,0.0,0.0,0.0,0.0,45.08751510350659,16.158781289990745
7729-102255-0035_1320-122617-0041__T2__1320-1320-122617-0041__HSIMV2__8455-8455-210777-0031__SIRm3,1320,7729,7,0.0,0.0,0.0,0.0,0.0,55.74464844505782,20.49763816921716
7729-102255-0035_61-70968-0005__T1__7729-7729-102255-0035__HSIMV2__7176-7176-88083-0011__SIRm3,7729,61,10,0.0,0.0,0.0,0.0,0.0,42.41265643318149,15.879779150947334
7729-102255-0035_61-70968-0005__T2__61-61-70968-0005__HSIMV2__8230-8230-279154-0021__SIRm3,61,7729,9,0.0,0.0,0.0,0.0,0.0,36.75842203163853,16.20318823272384
7729-102255-0036_1580-141083-0031__T1__7729-7729-102255-0036__HSIMV2__7176-7176-92135-0039__SIRm3,7729,1580,5,0.0,0.0,0.0,0.0,0.0,45.82931896893333,17.614952384871774
7729-102255-0036_1580-141083-0031__T2__1580-1580-141083-0031__HSIMV2__237-237-126133-0011__SIRm3,1580,7729,11,0.0,0.0,0.0,0.0,0.0,51.69862461538589,21.74193178290461
7729-102255-0037_237-126133-0024__T1__7729-7729-102255-0037__HSIMV2__7176-7176-92135-0022__SIRm3,7729,237,15,0.0,0.0,0.0,0.0,0.0,44.000812971976444,17.707574859962367
7729-102255-0037_237-126133-0024__T2__237-237-126133-0024__HSIMV2__5683-5683-32865-0005__SIRm3,237,7729,18,0.0,0.0,0.0,0.0,0.0,54.42524301146557,20.626485931059896
7729-102255-0037_8463-294828-0000__T1__7729-7729-102255-0037__HSIMV2__7176-7176-92135-0040__SIRm3,7729,8463,19,0.0,0.0,0.0,0.0,0.0,46.950470285634225,16.788993428093363
7729-102255-0037_8463-294828-0000__T2__8463-8463-294828-0000__HSIMV2__4992-4992-23283-0020__SIRm3,8463,7729,6,0.0,0.0,0.0,0.0,0.0,51.16452898889643,19.459085976001205
7729-102255-0038_1284-1180-0000__T1__7729-7729-102255-0038__HSIMV2__7176-7176-92135-0007__SIRm3,7729,1284,5,0.0,0.0,0.0,0.0,0.0,47.62098647251593,17.243803875633546
7729-102255-0038_1284-1180-0000__T2__1284-1284-1180-0000__HSIMV2__4446-4446-2271-0005__SIRm3,1284,7729,5,0.0,0.0,0.0,0.0,0.0,48.447471219635126,19.78120469454363
7729-102255-0038_8463-294828-0012__T1__7729-7729-102255-0038__HSIMV2__7176-7176-92135-0024__SIRm3,7729,8463,7,0.0,0.0,0.0,0.0,0.0,58.75429514373838,18.5956113584478
7729-102255-0038_8463-294828-0012__T2__8463-8463-294828-0012__HSIMV2__4992-4992-41806-0009__SIRm3,8463,7729,7,0.0,0.0,0.0,0.0,0.0,49.04805933855481,19.15374136886885
7729-102255-0039_121-127105-0006__T1__7729-7729-102255-0039__HSIMV2__7176-7176-88083-0009__SIRm3,7729,121,7,0.0,0.0,0.0,0.0,0.0,43.03876356028466,16.026534233193416
7729-102255-0039_121-127105-0006__T2__121-121-127105-0006__HSIMV2__237-237-134493-0003__SIRm3,121,7729,8,1.0,1.0,1.0,1.0,1.0,-43.206133270616455,-23.3913475904465
7729-102255-0039_4992-41797-0014__T1__7729-7729-102255-0039__HSIMV2__7176-7176-92135-0024__SIRm3,7729,4992,7,0.0,0.0,0.0,0.0,0.0,43.83985135583098,17.608114234999658
7729-102255-0039_4992-41797-0014__T2__4992-4992-41797-0014__HSIMV2__4446-4446-2275-0033__SIRm3,4992,7729,13,0.0,0.0,0.0,0.0,0.0,52.769283589956096,19.210202331312253
7729-102255-0039_6829-68769-0017__T1__7729-7729-102255-0039__HSIMV2__7176-7176-92135-0020__SIRm3,7729,6829,12,0.0,0.0,0.0,0.0,0.0,55.39665227259439,19.262192459066423
7729-102255-0039_6829-68769-0017__T2__6829-6829-68769-0017__HSIMV2__4970-4970-29093-0012__SIRm3,6829,7729,6,0.0,0.0,0.0,0.0,0.0,51.700108444800215,20.3820312883974
7729-102255-0040_672-122797-0044__T1__7729-7729-102255-0040__HSIMV2__7176-7176-92135-0024__SIRm3,7729,672,7,0.0,0.0,0.0,0.0,0.0,49.38601785704403,16.249543964732744
7729-102255-0040_672-122797-0044__T2__672-672-122797-0044__HSIMV2__260-260-123286-0004__SIRm3,672,7729,5,0.0,0.0,0.0,0.0,0.0,47.96844324690176,18.89635965522397
7729-102255-0041_1320-122617-0019__T1__7729-7729-102255-0041__HSIMV2__7176-7176-92135-0043__SIRm3,7729,1320,23,0.0,0.0,0.0,0.0,0.0,47.64723569764076,17.23756776256547
7729-102255-0041_1320-122617-0019__T2__1320-1320-122617-0019__HSIMV2__5105-5105-28240-0003__SIRm3,1320,7729,9,0.0,0.0,0.0,0.0,0.0,45.106871850964616,18.827453804722804
7729-102255-0042_121-121726-0005__T1__7729-7729-102255-0042__HSIMV2__7176-7176-88083-0013__SIRm3,7729,121,17,0.0,0.0,0.0,0.0,0.0,43.19505975359172,16.474103812318162
7729-102255-0042_121-121726-0005__T2__121-121-121726-0005__HSIMV2__237-237-134493-0012__SIRm3,121,7729,5,0.2,0.6,0.2,0.0,0.0,48.97092777340174,21.7882674109618
7729-102255-0043_1284-1180-0003__T1__7729-7729-102255-0043__HSIMV2__7176-7176-88083-0021__SIRm3,7729,1284,21,0.0,0.047619047619047616,0.0,0.0,0.0,43.01557596179074,15.647315411453407
7729-102255-0043_1284-1180-0003__T2__1284-1284-1180-0003__HSIMV2__4446-4446-2275-0005__SIRm3,1284,7729,7,0.0,0.0,0.0,0.0,0.0,53.89586948601885,20.396046281393016
7729-102255-0043_3575-170457-0028__T1__7729-7729-102255-0043__HSIMV2__7176-7176-88083-0023__SIRm3,7729,3575,18,0.0,0.0,0.0,0.0,0.0,49.84795348211285,16.989566462637626
7729-102255-0043_3575-170457-0028__T2__3575-3575-170457-0028__HSIMV2__237-237-134500-0041__SIRm3,3575,7729,10,0.0,0.0,0.0,0.0,0.0,54.831977059305544,17.15885546770929
7729-102255-0043_5142-33396-0023__T1__7729-7729-102255-0043__HSIMV2__7176-7176-92135-0023__SIRm3,7729,5142,11,0.0,0.0,0.0,0.0,0.0,50.74653876574565,17.196068251397328
7729-102255-0043_5142-33396-0023__T2__5142-5142-33396-0023__HSIMV2__4970-4970-29093-0008__SIRm3,5142,7729,5,0.0,0.0,0.0,0.0,0.0,42.75620182946294,18.47123800315317
7729-102255-0045_61-70968-0016__T1__7729-7729-102255-0045__HSIMV2__7176-7176-88083-0017__SIRm3,7729,61,6,0.0,0.0,0.0,0.0,0.0,41.123369973640706,15.04248744291683
7729-102255-0045_61-70968-0016__T2__61-61-70968-0016__HSIMV2__7176-7176-92135-0014__SIRm3,61,7729,6,1.0,1.0,1.0,1.0,1.0,-32.09684012136335,-15.542653918486184
8224-274381-0003_260-123440-0014__T1__8224-8224-274381-0003__HSIMV2__8455-8455-210777-0058__SIRm3,8224,260,13,0.0,0.0,0.0,0.0,0.0,53.22580582381457,18.1789003667336
8224-274381-0003_260-123440-0014__T2__260-260-123440-0014__HSIMV2__672-672-122797-0046__SIRm3,260,8224,6,0.0,0.0,0.0,0.0,0.0,44.17241567440433,18.258315019826604
8224-274381-0010_5105-28240-0000__T1__8224-8224-274381-0010__HSIMV2__8455-8455-210777-0013__SIRm3,8224,5105,13,0.0,0.0,0.0,0.0,0.0,50.58586316931881,18.34938773610234
8224-274381-0010_5105-28240-0000__T2__5105-5105-28240-0000__HSIMV2__1320-1320-122612-0013__SIRm3,5105,8224,9,0.0,0.0,0.0,0.0,0.0,54.040441517293914,19.91912005384656
8224-274381-0010_6930-75918-0018__T1__8224-8224-274381-0010__HSIMV2__8455-8455-210777-0006__SIRm3,8224,6930,8,0.0,0.0,0.0,0.0,0.0,48.16749714895961,18.678231915476136
8224-274381-0010_6930-75918-0018__T2__6930-6930-75918-0018__HSIMV2__260-260-123286-0026__SIRm3,6930,8224,12,0.0,0.0,0.0,0.0,0.0,43.09469680187795,16.674268782238563
8224-274381-0011_1580-141083-0050__T1__8224-8224-274381-0011__HSIMV2__8455-8455-210777-0067__SIRm3,8224,1580,6,0.0,0.0,0.0,0.0,0.0,40.64551372189792,18.71218836884907
8224-274381-0011_1580-141083-0050__T2__1580-1580-141083-0050__HSIMV2__237-237-126133-0023__SIRm3,1580,8224,5,0.0,0.0,0.0,0.0,0.0,42.49490644362412,16.816105574090617
8224-274381-0011_5683-32865-0010__T1__8224-8224-274381-0011__HSIMV2__8455-8455-210777-0009__SIRm3,8224,5683,8,0.0,0.0,0.0,0.0,0.0,44.26989266979017,17.41787450126376
8224-274381-0011_5683-32865-0010__T2__5683-5683-32865-0010__HSIMV2__237-237-134500-0003__SIRm3,5683,8224,5,1.0,1.0,1.0,1.0,1.0,-18.229557112248223,-6.698363504226732
8224-274381-0013_1284-1180-0026__T1__8224-8224-274381-0013__HSIMV2__8455-8455-210777-0033__SIRm3,8224,1284,14,0.0,0.0,0.0,0.0,0.0,50.73558439302236,18.51107834807031
8224-274381-0013_1284-1180-0026__T2__1284-1284-1180-0026__HSIMV2__4446-4446-2273-0034__SIRm3,1284,8224,6,0.0,0.0,0.0,0.0,0.0,55.15537539790094,19.90806269122013
8224-274381-0013_1320-122617-0013__T1__8224-8224-274381-0013__HSIMV2__8455-8455-210777-0050__SIRm3,8224,1320,6,0.0,0.0,0.0,0.0,0.0,49.45963493256858,18.74524805941862
8224-274381-0013_1320-122617-0013__T2__1320-1320-122617-0013__HSIMV2__5105-5105-28240-0003__SIRm3,1320,8224,9,0.1111111111111111,0.1111111111111111,0.1111111111111111,0.0,0.0,54.33642733692412,20.34083239704752
8224-274384-0000_5683-32865-0004__T1__8224-8224-274384-0000__HSIMV2__8455-8455-210777-0061__SIRm3,8224,5683,14,0.0,0.0,0.0,0.0,0.0,50.66568170262798,18.789363137529467
8224-274384-0000_5683-32865-0004__T2__5683-5683-32865-0004__HSIMV2__237-237-134500-0006__SIRm3,5683,8224,7,1.0,1.0,1.0,1.0,1.0,-59.57451802516828,-31.507867275144527
8224-274384-0002_2830-3979-0010__T1__8224-8224-274384-0002__HSIMV2__8455-8455-210777-0006__SIRm3,8224,2830,8,0.0,0.0,0.0,0.0,0.0,48.658335080144866,18.32713699369274
8224-274384-0002_2830-3979-0010__T2__2830-2830-3979-0010__HSIMV2__1188-1188-133604-0022__SIRm3,2830,8224,5,0.0,0.0,0.0,0.0,0.0,47.95221158468365,18.181279709204144
8224-274384-0002_4446-2275-0019__T1__8224-8224-274384-0002__HSIMV2__8455-8455-210777-0022__SIRm3,8224,4446,18,0.0,0.0,0.0,0.0,0.0,48.462265696450686,18.60011896894993
8224-274384-0002_4446-2275-0019__T2__4446-4446-2275-0019__HSIMV2__4992-4992-23283-0005__SIRm3,4446,8224,8,0.0,0.0,0.0,0.0,0.0,50.86021450165504,19.93245659834032
8224-274384-0003_3570-5694-0016__T1__8224-8224-274384-0003__HSIMV2__8455-8455-210777-0050__SIRm3,8224,3570,6,0.0,0.0,0.0,0.0,0.0,45.06420393560064,16.83799457489998
8224-274384-0003_3570-5694-0016__T2__3570-3570-5694-0016__HSIMV2__4507-4507-16021-0033__SIRm3,3570,8224,10,0.0,0.0,0.0,0.0,0.0,58.81764787865418,22.733212024866333
8224-274384-0005_5639-40744-0021__T1__8224-8224-274384-0005__HSIMV2__8455-8455-210777-0027__SIRm3,8224,5639,16,0.0,0.0,0.0,0.0,0.0,54.28609662688734,18.172365599109813
8224-274384-0005_5639-40744-0021__T2__5639-5639-40744-0021__HSIMV2__1089-1089-134686-0036__SIRm3,5639,8224,5,0.0,0.0,0.0,0.0,0.0,47.27367043163777,19.0978477269644
8224-274384-0007_2961-961-0019__T1__8224-8224-274384-0007__HSIMV2__8455-8455-210777-0051__SIRm3,8224,2961,11,0.0,0.0,0.0,0.0,0.0,47.28582650343962,17.456380803079607
8224-274384-0007_2961-961-0019__T2__2961-2961-961-0019__HSIMV2__3570-3570-5695-0003__SIRm3,2961,8224,9,0.0,0.0,0.0,0.0,0.0,62.26794181537131,19.38469499811379
8224-274384-0007_6930-76324-0002__T1__8224-8224-274384-0007__HSIMV2__8455-8455-210777-0061__SIRm3,8224,6930,11,0.0,0.0,0.0,0.0,0.0,53.70342602301945,18.220192753765925
8224-274384-0007_6930-76324-0002__T2__6930-6930-76324-0002__HSIMV2__260-260-123288-0002__SIRm3,6930,8224,10,0.0,0.0,0.0,0.0,0.0,44.100585628790284,16.962237961472987
8224-274384-0008_1188-133604-0031__T1__8224-8224-274384-0008__HSIMV2__8455-8455-210777-0048__SIRm3,8224,1188,5,0.0,0.0,0.0,0.0,0.0,40.51703799039584,19.575369361589345
8224-274384-0008_1188-133604-0031__T2__1188-1188-133604-0031__HSIMV2__2830-2830-3980-0048__SIRm3,1188,8224,7,0.7142857142857143,1.0,0.7142857142857143,1.0,0.7142857142857143,-15.980167080957987,-5.948520341741165
8224-274384-0008_61-70970-0035__T1__8224-8224-274384-0008__HSIMV2__8455-8455-210777-0061__SIRm3,8224,61,25,0.0,0.0,0.0,0.0,0.0,48.71245350157723,17.45612163042148
8224-274384-0008_61-70970-0035__T2__61-61-70970-0035__HSIMV2__8230-8230-279154-0024__SIRm3,61,8224,11,0.0,0.0,0.0,0.0,0.0,46.438087083885655,16.12812694728133
8224-274384-0009_3575-170457-0048__T1__8224-8224-274384-0009__HSIMV2__8455-8455-210777-0041__SIRm3,8224,3575,8,0.0,0.0,0.0,0.0,0.0,51.259285011779134,18.60047134320769
8224-274384-0009_3575-170457-0048__T2__3575-3575-170457-0048__HSIMV2__237-237-134500-0023__SIRm3,3575,8224,5,0.0,0.0,0.0,0.0,0.0,49.6757170262249,19.04028702692216
8224-274384-0013_1995-1826-0000__T1__8224-8224-274384-0013__HSIMV2__8455-8455-210777-0070__SIRm3,8224,1995,9,0.0,0.0,0.0,0.0,0.0,53.4180806605896,18.992966726451435
8224-274384-0013_1995-1826-0000__T2__1995-1995-1826-0000__HSIMV2__2094-2094-142345-0002__SIRm3,1995,8224,17,0.0,0.0,0.0,0.0,0.0,52.74159412611965,22.626900653042945
8224-274384-0013_5639-40744-0012__T1__8224-8224-274384-0013__HSIMV2__8455-8455-210777-0026__SIRm3,8224,5639,5,0.0,0.0,0.0,0.0,0.0,52.02588056829202,19.204934067969685
8224-274384-0013_5639-40744-0012__T2__5639-5639-40744-0012__HSIMV2__1089-1089-134691-0004__SIRm3,5639,8224,9,0.0,0.0,0.0,0.0,0.0,58.85003506681572,21.07746307309966
8230-279154-0001_8555-284447-0005__T1__8230-8230-279154-0001__HSIMV2__61-61-70970-0001__SIRm3,8230,8555,11,0.2727272727272727,0.09090909090909091,0.0,0.0,0.0,20.119661629815297,8.119770569736014
8230-279154-0001_8555-284447-0005__T2__8555-8555-284447-0005__HSIMV2__4970-4970-29095-0003__SIRm3,8555,8230,12,0.0,0.0,0.0,0.0,0.0,59.1075651536459,21.433731335502493
8230-279154-0003_1580-141083-0001__T1__8230-8230-279154-0003__HSIMV2__61-61-70968-0056__SIRm3,8230,1580,5,0.0,0.0,0.0,0.0,0.0,29.682304379168038,12.356596022993642
8230-279154-0003_1580-141083-0001__T2__1580-1580-141083-0001__HSIMV2__237-237-134493-0013__SIRm3,1580,8230,7,0.0,0.0,0.0,0.0,0.0,49.65137596755957,19.31594491927877
8230-279154-0003_2300-131720-0011__T1__8230-8230-279154-0003__HSIMV2__61-61-70968-0047__SIRm3,8230,2300,5,0.0,0.0,0.0,0.0,0.0,41.58062089836311,16.41706065561486
8230-279154-0003_2300-131720-0011__T2__2300-2300-131720-0011__HSIMV2__61-61-70968-0060__SIRm3,2300,8230,6,0.0,0.0,0.0,0.0,0.0,55.191795678963096,17.94893044445463
8230-279154-0003_3570-5695-0002__T1__8230-8230-279154-0003__HSIMV2__1089-1089-134686-0034__SIRm3,8230,3570,5,0.0,0.0,0.0,0.0,0.0,59.960646454742985,20.084949418725994
8230-279154-0003_3570-5695-0002__T2__3570-3570-5695-0002__HSIMV2__4507-4507-16021-0011__SIRm3,3570,8230,10,0.0,0.0,0.0,0.0,0.0,57.42378801719652,21.66966935736401
8230-279154-0004_7127-75947-0023__T1__8230-8230-279154-0004__HSIMV2__61-61-70970-0000__SIRm3,8230,7127,11,0.0,0.0,0.0,0.0,0.0,44.667757098737596,17.246349078796
8230-279154-0004_7127-75947-0023__T2__7127-7127-75947-0023__HSIMV2__8455-8455-210777-0055__SIRm3,7127,8230,9,0.0,0.1111111111111111,0.0,0.0,0.0,44.605462506390616,16.798950621754035
8230-279154-0005_2300-131720-0038__T1__8230-8230-279154-0005__HSIMV2__61-61-70970-0009__SIRm3,8230,2300,5,0.0,0.0,0.0,0.0,0.0,40.74342237641399,15.919410059653654
8230-279154-0005_2300-131720-0038__T2__2300-2300-131720-0038__HSIMV2__61-61-70970-0025__SIRm3,2300,8230,10,0.0,0.0,0.0,0.0,0.0,43.28499825530015,17.196723518321168
8230-279154-0005_5683-32866-0002__T1__8230-8230-279154-0005__HSIMV2__1089-1089-134691-0015__SIRm3,8230,5683,5,0.0,0.0,0.0,0.0,0.0,47.90158121092013,17.621487457840047
8230-279154-0005_5683-32866-0002__T2__5683-5683-32866-0002__HSIMV2__1221-1221-135766-0007__SIRm3,5683,8230,9,0.0,0.0,0.0,0.0,0.0,57.96262337897469,19.120696918270053
8230-279154-0005_6829-68769-0028__T1__8230-8230-279154-0005__HSIMV2__61-61-70968-0046__SIRm3,8230,6829,6,0.0,0.0,0.0,0.0,0.0,34.37069623633418,15.048456905660665
8230-279154-0005_6829-68769-0028__T2__6829-6829-68769-0028__HSIMV2__4970-4970-29093-0002__SIRm3,6829,8230,5,0.0,0.0,0.0,0.0,0.0,47.025747667590245,17.952949536642727
8230-279154-0006_237-126133-0005__T1__8230-8230-279154-0006__HSIMV2__1089-1089-134686-0007__SIRm3,8230,237,7,0.0,0.0,0.0,0.0,0.0,46.80570800771336,18.25418541854631
8230-279154-0006_237-126133-0005__T2__237-237-126133-0005__HSIMV2__1580-1580-141083-0023__SIRm3,237,8230,5,0.0,0.0,0.0,0.0,0.0,51.48258299646905,19.35178403878465
8230-279154-0007_8555-292519-0007__T1__8230-8230-279154-0007__HSIMV2__61-61-70970-0027__SIRm3,8230,8555,9,0.0,0.0,0.0,0.0,0.0,38.676701591603106,16.12393812508258
8230-279154-0007_8555-292519-0007__T2__8555-8555-292519-0007__HSIMV2__4970-4970-29095-0035__SIRm3,8555,8230,8,0.0,0.0,0.0,0.0,0.0,53.381301527699065,19.15860888404078
8230-279154-0008_7021-85628-0021__T1__8230-8230-279154-0008__HSIMV2__1089-1089-134691-0017__SIRm3,8230,7021,6,0.0,0.0,0.0,0.0,0.0,50.9311791816354,20.1565067918818
8230-279154-0008_7021-85628-0021__T2__7021-7021-85628-0021__HSIMV2__5105-5105-28233-0002__SIRm3,7021,8230,9,0.0,0.0,0.0,0.0,0.0,56.87000875576777,19.58151575743233
8230-279154-0008_8555-284447-0017__T1__8230-8230-279154-0008__HSIMV2__61-61-70970-0040__SIRm3,8230,8555,6,1.0,1.0,1.0,0.8333333333333334,0.8333333333333334,-13.1043982117425,0.1163884473847405
8230-279154-0008_8555-284447-0017__T2__8555-8555-284447-0017__HSIMV2__4970-4970-29095-0018__SIRm3,8555,8230,22,0.9545454545454546,0.9090909090909091,0.8636363636363636,1.0,0.8636363636363636,-48.498251756518464,-24.20693000700444
8230-279154-0011_5683-32879-0002__T1__8230-8230-279154-0011__HSIMV2__61-61-70968-0026__SIRm3,8230,5683,8,0.0,0.0,0.0,0.0,0.0,50.97418277028799,16.471054220408163
8230-279154-0011_5683-32879-0002__T2__5683-5683-32879-0002__HSIMV2__237-237-134500-0033__SIRm3,5683,8230,11,0.0,0.0,0.0,0.0,0.0,47.01460417867917,19.94082381490124
8230-279154-0012_260-123286-0005__T1__8230-8230-279154-0012__HSIMV2__61-61-70968-0003__SIRm3,8230,260,6,0.0,0.16666666666666666,0.0,0.3333333333333333,0.0,25.388551287448383,6.714028048562648
8230-279154-0012_260-123286-0005__T2__260-260-123286-0005__HSIMV2__672-672-122797-0038__SIRm3,260,8230,8,0.0,0.0,0.0,0.0,0.0,41.43705115188417,11.57599800894262
8230-279154-0012_260-123288-0024__T1__8230-8230-279154-0012__HSIMV2__61-61-70968-0047__SIRm3,8230,260,6,0.0,0.0,0.0,0.0,0.0,44.50731816063473,18.39710350834105
8230-279154-0012_260-123288-0024__T2__260-260-123288-0024__HSIMV2__672-672-122797-0017__SIRm3,260,8230,8,0.0,0.0,0.0,0.0,0.0,49.27465598067673,18.2532938600574
8230-279154-0014_121-123859-0003__T1__8230-8230-279154-0014__HSIMV2__61-61-70970-0030__SIRm3,8230,121,5,0.0,0.0,0.0,0.0,0.0,35.14454899898819,11.383561805434248
8230-279154-0014_121-123859-0003__T2__121-121-123859-0003__HSIMV2__237-237-126133-0004__SIRm3,121,8230,5,1.0,1.0,1.0,1.0,1.0,-52.35274701657905,-23.661306737681027
8230-279154-0015_1221-135767-0002__T1__8230-8230-279154-0015__HSIMV2__61-61-70968-0053__SIRm3,8230,1221,7,0.0,0.0,0.0,0.0,0.0,48.140373485470604,17.947537906089423
8230-279154-0015_1221-135767-0002__T2__1221-1221-135767-0002__HSIMV2__4992-4992-41797-0021__SIRm3,1221,8230,15,0.0,0.06666666666666667,0.0,0.0,0.0,53.161453727478616,20.226358846855987
8230-279154-0016_1188-133604-0004__T1__8230-8230-279154-0016__HSIMV2__1089-1089-134691-0010__SIRm3,8230,1188,5,0.0,0.0,0.0,0.0,0.0,51.75912573134506,19.1337764568164
8230-279154-0016_1188-133604-0004__T2__1188-1188-133604-0004__HSIMV2__2830-2830-3979-0007__SIRm3,1188,8230,20,0.0,0.0,0.0,0.0,0.0,47.758471824587744,17.94523204773867
8230-279154-0016_1580-141083-0030__T1__8230-8230-279154-0016__HSIMV2__61-61-70970-0002__SIRm3,8230,1580,7,0.0,0.0,0.0,0.0,0.0,49.36596514792537,18.77258309511808
8230-279154-0016_1580-141083-0030__T2__1580-1580-141083-0030__HSIMV2__237-237-134500-0016__SIRm3,1580,8230,5,0.0,0.0,0.0,0.0,0.0,45.68683349923225,18.418285649117784
8230-279154-0017_8224-274384-0004__T1__8230-8230-279154-0017__HSIMV2__61-61-70968-0040__SIRm3,8230,8224,6,0.0,0.0,0.0,0.0,0.0,53.883951738955695,17.677977342262366
8230-279154-0017_8224-274384-0004__T2__8224-8224-274384-0004__HSIMV2__8455-8455-210777-0031__SIRm3,8224,8230,14,0.0,0.0,0.0,0.0,0.0,47.11413352150312,18.109123576594538
8230-279154-0018_1284-1181-0008__T1__8230-8230-279154-0018__HSIMV2__61-61-70968-0001__SIRm3,8230,1284,6,0.0,0.0,0.0,0.0,0.0,40.51746649073903,15.419880509896675
8230-279154-0018_1284-1181-0008__T2__1284-1284-1181-0008__HSIMV2__4446-4446-2271-0003__SIRm3,1284,8230,6,0.0,0.0,0.0,0.0,0.0,49.99928506411313,20.881089037884585
8230-279154-0020_2961-960-0013__T1__8230-8230-279154-0020__HSIMV2__61-61-70968-0037__SIRm3,8230,2961,7,0.0,0.0,0.0,0.0,0.0,38.002071085226795,16.35882330446493
8230-279154-0020_2961-960-0013__T2__2961-2961-960-0013__HSIMV2__3570-3570-5695-0011__SIRm3,2961,8230,15,0.0,0.0,0.0,0.0,0.0,56.584196547367405,19.851736439349928
8230-279154-0021_1995-1826-0011__T1__8230-8230-279154-0021__HSIMV2__1089-1089-134691-0022__SIRm3,8230,1995,10,0.0,0.1,0.0,0.0,0.0,48.45376668222642,19.55056086708862
8230-279154-0021_1995-1826-0011__T2__1995-1995-1826-0011__HSIMV2__2094-2094-142345-0003__SIRm3,1995,8230,15,0.0,0.0,0.0,0.0,0.0,50.659310219079025,18.689747062864605
8230-279154-0022_1284-1181-0020__T1__8230-8230-279154-0022__HSIMV2__61-61-70968-0008__SIRm3,8230,1284,6,0.0,0.0,0.0,0.0,0.0,50.678356745583436,16.40190374575707
8230-279154-0022_1284-1181-0020__T2__1284-1284-1181-0020__HSIMV2__4446-4446-2271-0013__SIRm3,1284,8230,7,0.0,0.0,0.0,0.0,0.0,53.266990771080096,20.02471781187986
8230-279154-0022_237-126133-0008__T1__8230-8230-279154-0022__HSIMV2__61-61-70970-0023__SIRm3,8230,237,6,0.0,0.0,0.0,0.0,0.0,36.975569979144666,15.936213126467068
8230-279154-0022_237-126133-0008__T2__237-237-126133-0008__HSIMV2__1580-1580-141083-0037__SIRm3,237,8230,6,0.0,0.0,0.0,0.0,0.0,50.61861569343309,18.99914037418135
8230-279154-0022_4446-2271-0009__T1__8230-8230-279154-0022__HSIMV2__61-61-70968-0001__SIRm3,8230,4446,6,0.0,0.0,0.0,0.0,0.0,45.59708392606249,16.163671447738267
8230-279154-0022_4446-2271-0009__T2__4446-4446-2271-0009__HSIMV2__1284-1284-1180-0032__SIRm3,4446,8230,10,1.0,1.0,1.0,1.0,1.0,-51.0294403052737,-28.80946438296916
8230-279154-0023_260-123286-0002__T1__8230-8230-279154-0023__HSIMV2__61-61-70970-0003__SIRm3,8230,260,6,0.0,0.0,0.0,0.0,0.0,43.14866022724107,16.709707832282366
8230-279154-0023_260-123286-0002__T2__260-260-123286-0002__HSIMV2__672-672-122797-0070__SIRm3,260,8230,11,0.09090909090909091,0.2727272727272727,0.09090909090909091,0.0,0.0,57.1665648163284,18.63685510089178
8230-279154-0024_8463-287645-0014__T1__8230-8230-279154-0024__HSIMV2__61-61-70970-0021__SIRm3,8230,8463,9,0.0,0.0,0.0,0.0,0.0,34.50100170027898,10.7058045769522
8230-279154-0024_8463-287645-0014__T2__8463-8463-287645-0014__HSIMV2__4992-4992-41797-0022__SIRm3,8463,8230,5,0.0,0.0,0.0,0.0,0.0,40.6407206307631,18.38007805311571
8230-279154-0026_2300-131720-0034__T1__8230-8230-279154-0026__HSIMV2__1089-1089-134691-0010__SIRm3,8230,2300,5,0.0,0.0,0.0,0.0,0.0,53.66122600293388,19.20847142472922
8230-279154-0026_2300-131720-0034__T2__2300-2300-131720-0034__HSIMV2__61-61-70968-0011__SIRm3,2300,8230,11,0.0,0.0,0.0,0.0,0.0,43.973049367889615,15.841541257485089
8230-279154-0026_672-122797-0020__T1__8230-8230-279154-0026__HSIMV2__61-61-70970-0019__SIRm3,8230,672,6,0.0,0.0,0.0,0.0,0.0,35.93930300430839,15.414202115604366
8230-279154-0026_672-122797-0020__T2__672-672-122797-0020__HSIMV2__260-260-123288-0016__SIRm3,672,8230,7,0.0,0.0,0.0,0.0,0.0,51.3211552961659,20.63702328578184
8230-279154-0027_672-122797-0057__T1__8230-8230-279154-0027__HSIMV2__61-61-70970-0011__SIRm3,8230,672,11,0.0,0.0,0.0,0.0,0.0,39.4127834621614,15.12075126326674
8230-279154-0027_672-122797-0057__T2__672-672-122797-0057__HSIMV2__260-260-123440-0010__SIRm3,672,8230,12,0.0,0.0,0.0,0.0,0.0,50.149586840612024,17.656452491089226
8230-279154-0027_7127-75946-0021__T1__8230-8230-279154-0027__HSIMV2__61-61-70970-0031__SIRm3,8230,7127,9,0.0,0.0,0.0,0.0,0.0,42.65539670865379,15.925047826086574
8230-279154-0027_7127-75946-0021__T2__7127-7127-75946-0021__HSIMV2__8455-8455-210777-0040__SIRm3,7127,8230,5,0.0,0.0,0.0,0.0,0.0,52.33050007574745,19.17757143192796
8230-279154-0029_4446-2275-0022__T1__8230-8230-279154-0029__HSIMV2__61-61-70970-0024__SIRm3,8230,4446,13,0.07692307692307693,0.15384615384615385,0.07692307692307693,0.0,0.0,31.167728203965694,13.774872677330002
8230-279154-0029_4446-2275-0022__T2__4446-4446-2275-0022__HSIMV2__1284-1284-134647-0000__SIRm3,4446,8230,5,0.0,0.0,0.0,0.0,0.0,42.13490568791866,18.986731993743497
8230-279154-0029_61-70968-0025__T1__8230-8230-279154-0029__HSIMV2__1089-1089-134686-0020__SIRm3,8230,61,16,0.0,0.125,0.0,0.125,0.0,36.603534535165146,5.725707232606308
8230-279154-0029_61-70968-0025__T2__61-61-70968-0025__HSIMV2__7176-7176-88083-0018__SIRm3,61,8230,7,0.8571428571428571,0.7142857142857143,0.7142857142857143,1.0,0.7142857142857143,-6.417002608390212,-0.2467070685542807
8230-279154-0029_61-70970-0032__T1__8230-8230-279154-0029__HSIMV2__61-61-70968-0000__SIRm3,8230,61,8,0.0,0.0,0.0,0.0,0.0,41.17659656829153,15.480067001023464
8230-279154-0029_61-70970-0032__T2__61-61-70970-0032__HSIMV2__8230-8230-279154-0014__SIRm3,61,8230,5,0.0,0.0,0.0,0.0,0.0,40.160233861627304,15.405851503156386
8230-279154-0030_121-127105-0001__T1__8230-8230-279154-0030__HSIMV2__1089-1089-134686-0009__SIRm3,8230,121,13,0.0,0.0,0.0,0.0,0.0,46.246078820413075,18.679396801712247
8230-279154-0030_121-127105-0001__T2__121-121-127105-0001__HSIMV2__237-237-134500-0024__SIRm3,121,8230,7,1.0,1.0,1.0,1.0,1.0,-52.890331660482005,-32.361472567835
8230-279154-0030_61-70970-0030__T1__8230-8230-279154-0030__HSIMV2__61-61-70970-0024__SIRm3,8230,61,13,0.46153846153846156,0.7692307692307693,0.38461538461538464,0.0,0.0,9.015550894059704,6.350936472336259
8230-279154-0030_61-70970-0030__T2__61-61-70970-0030__HSIMV2__8230-8230-279154-0007__SIRm3,61,8230,5,1.0,1.0,1.0,1.0,1.0,-43.041010209152084,-23.577792116218536
8230-279154-0030_6829-68769-0018__T1__8230-8230-279154-0030__HSIMV2__61-61-70968-0008__SIRm3,8230,6829,6,0.0,0.0,0.0,0.0,0.0,35.930190689703444,15.222307792384989
8230-279154-0030_6829-68769-0018__T2__6829-6829-68769-0018__HSIMV2__4970-4970-29095-0037__SIRm3,6829,8230,12,0.0,0.0,0.0,0.0,0.0,51.55538364813227,18.80821335702244
8230-279154-0031_121-123859-0003__T1__8230-8230-279154-0031__HSIMV2__61-61-70968-0003__SIRm3,8230,121,7,0.0,0.0,0.0,0.0,0.0,35.03749384302682,14.601279408019014
8230-279154-0031_121-123859-0003__T2__121-121-123859-0003__HSIMV2__237-237-134500-0039__SIRm3,121,8230,8,1.0,1.0,1.0,1.0,1.0,-62.588895866723625,-31.996473436974583
8230-279154-0031_237-126133-0016__T1__8230-8230-279154-0031__HSIMV2__61-61-70970-0018__SIRm3,8230,237,8,0.0,0.0,0.0,0.0,0.0,37.58811561734194,16.605149506787996
8230-279154-0031_237-126133-0016__T2__237-237-126133-0016__HSIMV2__5683-5683-32879-0019__SIRm3,237,8230,7,0.0,0.0,0.0,0.0,0.0,53.40446037910842,7.631200299670974
8230-279154-0032_2830-3980-0028__T1__8230-8230-279154-0032__HSIMV2__1089-1089-134691-0018__SIRm3,8230,2830,5,0.0,0.0,0.0,0.0,0.0,54.33351017205199,20.425061207220832
8230-279154-0032_2830-3980-0028__T2__2830-2830-3980-0028__HSIMV2__8230-8230-279154-0006__SIRm3,2830,8230,6,0.0,0.0,0.0,0.0,0.0,43.17209093185435,16.128865825903254
8230-279154-0032_3570-5695-0000__T1__8230-8230-279154-0032__HSIMV2__61-61-70968-0048__SIRm3,8230,3570,5,0.0,0.0,0.0,0.0,0.0,38.85929770511298,14.959702588700203
8230-279154-0032_3570-5695-0000__T2__3570-3570-5695-0000__HSIMV2__4507-4507-16021-0042__SIRm3,3570,8230,8,0.0,0.0,0.0,0.0,0.0,47.66174792024329,21.207120916038697
8230-279154-0032_61-70968-0008__T1__8230-8230-279154-0032__HSIMV2__1089-1089-134686-0010__SIRm3,8230,61,6,0.0,0.0,0.0,0.0,0.0,45.47001558001111,18.165275946177967
8230-279154-0032_61-70968-0008__T2__61-61-70968-0008__HSIMV2__7176-7176-92135-0023__SIRm3,61,8230,6,0.0,0.0,0.0,0.0,0.0,37.8702186143492,15.539244968001194
8230-279154-0032_8555-284447-0020__T1__8230-8230-279154-0032__HSIMV2__61-61-70968-0009__SIRm3,8230,8555,6,0.0,0.0,0.0,0.0,0.0,47.273522933006454,16.238156493854873
8230-279154-0032_8555-284447-0020__T2__8555-8555-284447-0020__HSIMV2__4970-4970-29095-0018__SIRm3,8555,8230,7,1.0,1.0,1.0,1.0,1.0,-53.60985694068636,-28.49020907046556
8230-279154-0034_5142-33396-0014__T1__8230-8230-279154-0034__HSIMV2__61-61-70968-0056__SIRm3,8230,5142,6,0.0,0.0,0.0,0.0,0.0,37.78041212672211,15.50410782291625
8230-279154-0034_5142-33396-0014__T2__5142-5142-33396-0014__HSIMV2__4970-4970-29093-0023__SIRm3,5142,8230,5,0.0,0.0,0.0,0.0,0.0,46.07997679208815,19.565600921463467
8230-279154-0035_1188-133604-0036__T1__8230-8230-279154-0035__HSIMV2__61-61-70968-0024__SIRm3,8230,1188,11,0.09090909090909091,0.0,0.0,0.0,0.0,38.41259181839441,10.244789185810053
8230-279154-0035_1188-133604-0036__T2__1188-1188-133604-0036__HSIMV2__2830-2830-3980-0068__SIRm3,1188,8230,9,0.0,0.0,0.0,0.0,0.0,53.65839366344324,17.788226377539754
8230-279154-0035_1580-141084-0047__T1__8230-8230-279154-0035__HSIMV2__61-61-70968-0035__SIRm3,8230,1580,14,0.0,0.0,0.0,0.0,0.0,50.7822418346333,18.167829348155973
8230-279154-0035_1580-141084-0047__T2__1580-1580-141084-0047__HSIMV2__237-237-126133-0015__SIRm3,1580,8230,9,0.0,0.0,0.0,0.0,0.0,48.00383863557708,19.64541991714392
8230-279154-0036_2961-960-0005__T1__8230-8230-279154-0036__HSIMV2__61-61-70970-0033__SIRm3,8230,2961,5,0.2,0.0,0.0,0.0,0.0,37.27197965429879,14.05646450706045
8230-279154-0036_2961-960-0005__T2__2961-2961-960-0005__HSIMV2__3570-3570-5696-0000__SIRm3,2961,8230,19,0.0,0.0,0.0,0.0,0.0,58.73674629635569,19.691542818798943
8230-279154-0036_5142-33396-0034__T1__8230-8230-279154-0036__HSIMV2__1089-1089-134686-0020__SIRm3,8230,5142,5,0.6,0.6,0.6,0.6,0.6,-7.937677262900195,-3.6302302959565376
8230-279154-0036_5142-33396-0034__T2__5142-5142-33396-0034__HSIMV2__4970-4970-29095-0038__SIRm3,5142,8230,12,0.0,0.0,0.0,0.0,0.0,52.3256113270906,19.117308579669576
8230-279154-0039_1320-122617-0031__T1__8230-8230-279154-0039__HSIMV2__1089-1089-134686-0002__SIRm3,8230,1320,8,0.0,0.0,0.0,0.0,0.0,46.2123151284737,17.83685794318342
8230-279154-0039_1320-122617-0031__T2__1320-1320-122617-0031__HSIMV2__5105-5105-28240-0008__SIRm3,1320,8230,11,0.0,0.0,0.0,0.0,0.0,48.46406980853896,19.32770382494484
8230-279154-0039_4446-2273-0007__T1__8230-8230-279154-0039__HSIMV2__61-61-70968-0050__SIRm3,8230,4446,8,0.0,0.0,0.0,0.0,0.0,42.512347172741585,17.68254219578938
8230-279154-0039_4446-2273-0007__T2__4446-4446-2273-0007__HSIMV2__1284-1284-1180-0018__SIRm3,4446,8230,5,0.0,0.0,0.0,0.0,0.0,54.8687196474091,19.36418914980002
8455-210777-0000_5142-33396-0051__T1__8455-8455-210777-0000__HSIMV2__1320-1320-122617-0032__SIRm3,8455,5142,16,0.0,0.0,0.0,0.0,0.0,49.97789696039496,19.58253173936264
8455-210777-0000_5142-33396-0051__T2__5142-5142-33396-0051__HSIMV2__4970-4970-29095-0032__SIRm3,5142,8455,10,0.0,0.0,0.0,0.0,0.0,54.42854040598286,19.230039533998035
8455-210777-0000_61-70968-0011__T1__8455-8455-210777-0000__HSIMV2__1320-1320-122617-0015__SIRm3,8455,61,9,0.0,0.0,0.0,0.0,0.0,47.57941967723386,19.345631337915496
8455-210777-0000_61-70968-0011__T2__61-61-70968-0011__HSIMV2__8230-8230-279154-0018__SIRm3,61,8455,11,0.0,0.09090909090909091,0.0,0.0,0.0,45.310836148905025,16.48998983631128
8455-210777-0001_237-126133-0021__T1__8455-8455-210777-0001__HSIMV2__1320-1320-122612-0001__SIRm3,8455,237,18,0.05555555555555555,0.05555555555555555,0.0,0.0,0.0,50.38643610631676,19.902839774141
8455-210777-0001_237-126133-0021__T2__237-237-126133-0021__HSIMV2__5683-5683-32879-0017__SIRm3,237,8455,7,0.0,0.0,0.0,0.0,0.0,55.03774092218175,20.62132164877288
8455-210777-0002_8230-279154-0015__T1__8455-8455-210777-0002__HSIMV2__1320-1320-122612-0011__SIRm3,8455,8230,11,0.0,0.0,0.0,0.0,0.0,54.93512184953217,19.9722029858971
8455-210777-0002_8230-279154-0015__T2__8230-8230-279154-0015__HSIMV2__61-61-70968-0045__SIRm3,8230,8455,5,0.0,0.0,0.0,0.0,0.0,41.77821341610786,17.09908873680619
8455-210777-0003_237-126133-0025__T1__8455-8455-210777-0003__HSIMV2__1320-1320-122617-0020__SIRm3,8455,237,16,0.0625,0.0,0.0,0.0,0.0,52.496633994162856,19.212887824615663
8455-210777-0003_237-126133-0025__T2__237-237-126133-0025__HSIMV2__1580-1580-141084-0015__SIRm3,237,8455,5,0.0,0.0,0.0,0.0,0.0,46.59151182094572,18.289162751618804
8455-210777-0003_908-157963-0011__T1__8455-8455-210777-0003__HSIMV2__1320-1320-122612-0015__SIRm3,8455,908,11,0.0,0.0,0.0,0.0,0.0,55.184680109181265,19.336748402102284
8455-210777-0003_908-157963-0011__T2__908-908-157963-0011__HSIMV2__7176-7176-92135-0036__SIRm3,908,8455,11,0.0,0.0,0.0,0.0,0.0,31.542915667270332,13.498102918740171
8455-210777-0004_4507-16021-0034__T1__8455-8455-210777-0004__HSIMV2__1320-1320-122617-0002__SIRm3,8455,4507,14,0.0,0.07142857142857142,0.0,0.0,0.0,57.559885964555875,19.629390637187203
8455-210777-0004_4507-16021-0034__T2__4507-4507-16021-0034__HSIMV2__3729-3729-6852-0041__SIRm3,4507,8455,20,0.0,0.0,0.0,0.0,0.0,47.88288360819186,18.336850987245413
8455-210777-0005_2830-3980-0074__T1__8455-8455-210777-0005__HSIMV2__1320-1320-122617-0029__SIRm3,8455,2830,10,0.0,0.0,0.0,0.0,0.0,56.79905365711534,21.10983331218112
8455-210777-0005_2830-3980-0074__T2__2830-2830-3980-0074__HSIMV2__1188-1188-133604-0022__SIRm3,2830,8455,10,0.0,0.0,0.0,0.0,0.0,48.163386037149756,16.913458759683362
8455-210777-0006_1995-1826-0022__T1__8455-8455-210777-0006__HSIMV2__1320-1320-122617-0013__SIRm3,8455,1995,8,0.0,0.0,0.0,0.0,0.0,50.79732916705583,18.275410736974173
8455-210777-0006_1995-1826-0022__T2__1995-1995-1826-0022__HSIMV2__2094-2094-142345-0036__SIRm3,1995,8455,8,0.0,0.125,0.0,0.0,0.0,40.505211707891064,20.66604659907356
8455-210777-0006_2830-3979-0007__T1__8455-8455-210777-0006__HSIMV2__1320-1320-122617-0005__SIRm3,8455,2830,7,0.0,0.0,0.0,0.0,0.0,48.85705246114296,16.612635250898297
8455-210777-0006_2830-3979-0007__T2__2830-2830-3979-0007__HSIMV2__1188-1188-133604-0012__SIRm3,2830,8455,28,0.0,0.03571428571428571,0.0,0.0,0.0,53.25085483616869,18.636815293394875
8455-210777-0008_8555-292519-0000__T1__8455-8455-210777-0008__HSIMV2__1320-1320-122612-0009__SIRm3,8455,8555,6,0.0,0.16666666666666666,0.0,0.0,0.0,48.09412221669729,17.478818460338722
8455-210777-0008_8555-292519-0000__T2__8555-8555-292519-0000__HSIMV2__4970-4970-29095-0023__SIRm3,8555,8455,6,0.0,0.0,0.0,0.0,0.0,51.750063501299685,21.71886818025669
8455-210777-0009_2830-3980-0068__T1__8455-8455-210777-0009__HSIMV2__1320-1320-122617-0020__SIRm3,8455,2830,8,0.0,0.0,0.0,0.0,0.0,58.29179253199494,20.27532120612748
8455-210777-0009_2830-3980-0068__T2__2830-2830-3980-0068__HSIMV2__1188-1188-133604-0018__SIRm3,2830,8455,9,0.0,0.0,0.0,0.0,0.0,47.306777772315066,17.729203842618404
8455-210777-0009_4970-29093-0004__T1__8455-8455-210777-0009__HSIMV2__1320-1320-122612-0001__SIRm3,8455,4970,8,0.0,0.0,0.0,0.0,0.0,54.431877397334496,20.512469369138024
8455-210777-0009_4970-29093-0004__T2__4970-4970-29093-0004__HSIMV2__8555-8555-292519-0005__SIRm3,4970,8455,6,0.0,0.16666666666666666,0.0,0.0,0.0,54.77782843863244,20.545061260033307
8455-210777-0010_1995-1826-0024__T1__8455-8455-210777-0010__HSIMV2__1320-1320-122612-0016__SIRm3,8455,1995,5,0.0,0.0,0.0,0.0,0.0,48.186114871114384,18.288865690460103
8455-210777-0010_1995-1826-0024__T2__1995-1995-1826-0024__HSIMV2__2094-2094-142345-0053__SIRm3,1995,8455,5,0.0,0.0,0.0,0.0,0.0,51.2583061305379,22.62390723338988
8455-210777-0012_61-70970-0033__T1__8455-8455-210777-0012__HSIMV2__1320-1320-122617-0017__SIRm3,8455,61,6,0.0,0.0,0.0,0.0,0.0,46.9544132142533,17.333182455745792
8455-210777-0012_61-70970-0033__T2__61-61-70970-0033__HSIMV2__7176-7176-88083-0020__SIRm3,61,8455,5,0.0,0.0,0.0,0.0,0.0,39.466632825769445,14.675037507730678
8455-210777-0013_1221-135766-0007__T1__8455-8455-210777-0013__HSIMV2__1320-1320-122617-0030__SIRm3,8455,1221,6,0.16666666666666666,0.0,0.0,0.0,0.0,62.676051622980594,18.945701377097684
8455-210777-0013_1221-135766-0007__T2__1221-1221-135766-0007__HSIMV2__4992-4992-41806-0005__SIRm3,1221,8455,6,0.0,0.0,0.0,0.0,0.0,51.95326964119872,19.502777220961395
8455-210777-0013_4446-2275-0023__T1__8455-8455-210777-0013__HSIMV2__1320-1320-122617-0033__SIRm3,8455,4446,13,0.07692307692307693,0.0,0.0,0.0,0.0,44.917108492744624,17.725115234532886
8455-210777-0013_4446-2275-0023__T2__4446-4446-2275-0023__HSIMV2__1284-1284-1181-0012__SIRm3,4446,8455,6,0.0,0.0,0.0,0.0,0.0,52.29479238221219,18.79802806661076
8455-210777-0015_1284-1180-0021__T1__8455-8455-210777-0015__HSIMV2__1320-1320-122617-0012__SIRm3,8455,1284,14,0.0,0.0,0.0,0.0,0.0,51.97120974165193,19.79429324348257
8455-210777-0015_1284-1180-0021__T2__1284-1284-1180-0021__HSIMV2__4446-4446-2275-0012__SIRm3,1284,8455,11,0.0,0.0,0.0,0.0,0.0,54.77575148380092,19.172930131757568
8455-210777-0015_61-70968-0030__T1__8455-8455-210777-0015__HSIMV2__1320-1320-122612-0000__SIRm3,8455,61,16,0.0625,0.0,0.0,0.0,0.0,50.99892481959564,19.154639803698604
8455-210777-0015_61-70968-0030__T2__61-61-70968-0030__HSIMV2__8230-8230-279154-0004__SIRm3,61,8455,10,0.0,0.0,0.0,0.0,0.0,44.096728394866204,17.19614453816188
8455-210777-0015_61-70970-0011__T1__8455-8455-210777-0015__HSIMV2__1320-1320-122617-0021__SIRm3,8455,61,9,0.0,0.0,0.0,0.0,0.0,48.70042836163905,19.625307188200978
8455-210777-0015_61-70970-0011__T2__61-61-70970-0011__HSIMV2__7176-7176-92135-0034__SIRm3,61,8455,7,0.0,0.0,0.0,0.0,0.0,46.14860950479969,16.71923932549111
8455-210777-0016_2830-3980-0030__T1__8455-8455-210777-0016__HSIMV2__1320-1320-122617-0037__SIRm3,8455,2830,13,0.0,0.0,0.0,0.0,0.0,48.15057535249074,17.36562211030153
8455-210777-0016_2830-3980-0030__T2__2830-2830-3980-0030__HSIMV2__1188-1188-133604-0039__SIRm3,2830,8455,9,0.1111111111111111,0.0,0.0,0.0,0.0,49.73164517644929,18.571739879554062
8455-210777-0017_260-123286-0013__T1__8455-8455-210777-0017__HSIMV2__1320-1320-122617-0001__SIRm3,8455,260,9,0.0,0.0,0.0,0.0,0.0,52.152496757024466,19.89706803157697
8455-210777-0017_260-123286-0013__T2__260-260-123286-0013__HSIMV2__672-672-122797-0003__SIRm3,260,8455,8,0.0,0.125,0.0,0.0,0.0,48.66080929017836,18.884021586361246
8455-210777-0017_672-122797-0038__T1__8455-8455-210777-0017__HSIMV2__1320-1320-122617-0008__SIRm3,8455,672,7,0.0,0.0,0.0,0.0,0.0,46.9139821408257,18.90228779143707
8455-210777-0017_672-122797-0038__T2__672-672-122797-0038__HSIMV2__1320-1320-122617-0008__SIRm3,672,8455,7,0.0,0.0,0.0,0.0,0.0,50.00065186597573,19.66841793018092
8455-210777-0018_1995-1836-0001__T1__8455-8455-210777-0018__HSIMV2__1320-1320-122617-0002__SIRm3,8455,1995,9,0.0,0.0,0.0,0.0,0.0,55.59097434528701,20.06645172149352
8455-210777-0018_1995-1836-0001__T2__1995-1995-1836-0001__HSIMV2__2094-2094-142345-0027__SIRm3,1995,8455,10,0.0,0.0,0.0,0.0,0.0,61.40267576341413,22.209060913887868
8455-210777-0018_5142-36377-0015__T1__8455-8455-210777-0018__HSIMV2__1320-1320-122617-0019__SIRm3,8455,5142,9,0.0,0.0,0.0,0.0,0.0,56.64852735062062,21.16384197813044
8455-210777-0018_5142-36377-0015__T2__5142-5142-36377-0015__HSIMV2__4970-4970-29093-0015__SIRm3,5142,8455,5,0.0,0.0,0.0,0.0,0.0,42.585307145647604,17.71991873049369
8455-210777-0019_2094-142345-0059__T1__8455-8455-210777-0019__HSIMV2__1320-1320-122617-0016__SIRm3,8455,2094,15,0.0,0.0,0.0,0.0,0.0,52.3255999698598,19.076290239389525
8455-210777-0019_2094-142345-0059__T2__2094-2094-142345-0059__HSIMV2__3729-3729-6852-0001__SIRm3,2094,8455,19,0.0,0.0,0.0,0.0,0.0,56.595332058897505,20.069572576484525
8455-210777-0019_61-70968-0051__T1__8455-8455-210777-0019__HSIMV2__1320-1320-122612-0010__SIRm3,8455,61,15,0.0,0.0,0.0,0.0,0.0,51.522354305996416,19.73666895287264
8455-210777-0019_61-70968-0051__T2__61-61-70968-0051__HSIMV2__8230-8230-279154-0036__SIRm3,61,8455,5,0.0,0.0,0.0,0.0,0.0,42.28520122991049,16.643121284942723
8455-210777-0020_61-70968-0054__T1__8455-8455-210777-0020__HSIMV2__1320-1320-122617-0015__SIRm3,8455,61,5,0.0,0.0,0.0,0.0,0.0,52.8255167076346,19.83135778519901
8455-210777-0020_61-70968-0054__T2__61-61-70968-0054__HSIMV2__8230-8230-279154-0010__SIRm3,61,8455,14,0.07142857142857142,0.0,0.0,0.0,0.0,49.17519702318332,16.984654818622694
8455-210777-0020_6930-81414-0013__T1__8455-8455-210777-0020__HSIMV2__1320-1320-122617-0026__SIRm3,8455,6930,5,0.0,0.0,0.0,0.0,0.0,58.58164624656668,20.57261163861615
8455-210777-0020_6930-81414-0013__T2__6930-6930-81414-0013__HSIMV2__260-260-123286-0005__SIRm3,6930,8455,8,0.0,0.0,0.0,0.0,0.0,40.64778299088047,15.741300361200638
8455-210777-0020_8463-294828-0036__T1__8455-8455-210777-0020__HSIMV2__1320-1320-122617-0027__SIRm3,8455,8463,5,0.0,0.0,0.0,0.0,0.0,54.253507538399504,21.66946571696664
8455-210777-0020_8463-294828-0036__T2__8463-8463-294828-0036__HSIMV2__4992-4992-23283-0011__SIRm3,8463,8455,7,0.0,0.0,0.0,0.0,0.0,45.36392518702881,18.35950533234904
8455-210777-0022_121-127105-0011__T1__8455-8455-210777-0022__HSIMV2__1320-1320-122612-0010__SIRm3,8455,121,19,0.0,0.10526315789473684,0.0,0.0,0.0,48.01648946304751,18.07231618209888
8455-210777-0022_121-127105-0011__T2__121-121-127105-0011__HSIMV2__237-237-134493-0017__SIRm3,121,8455,10,1.0,1.0,1.0,1.0,1.0,-52.92267852493958,-31.24374543700155
8455-210777-0025_6930-75918-0009__T1__8455-8455-210777-0025__HSIMV2__1320-1320-122617-0027__SIRm3,8455,6930,6,0.0,0.0,0.0,0.0,0.0,47.0652238384207,19.801978461134112
8455-210777-0025_6930-75918-0009__T2__6930-6930-75918-0009__HSIMV2__260-260-123286-0016__SIRm3,6930,8455,13,0.0,0.0,0.0,0.0,0.0,43.283166609820526,16.5617100969863
8455-210777-0025_8555-292519-0008__T1__8455-8455-210777-0025__HSIMV2__1320-1320-122612-0014__SIRm3,8455,8555,6,0.0,0.0,0.0,0.0,0.0,50.83815872730509,17.751941896019826
8455-210777-0025_8555-292519-0008__T2__8555-8555-292519-0008__HSIMV2__4970-4970-29095-0029__SIRm3,8555,8455,6,0.0,0.0,0.0,0.0,0.0,54.3022023650999,21.781914843455617
8455-210777-0026_4077-13754-0014__T1__8455-8455-210777-0026__HSIMV2__1320-1320-122617-0018__SIRm3,8455,4077,5,0.0,0.0,0.0,0.0,0.0,55.14146413353294,20.38832929750076
8455-210777-0026_4077-13754-0014__T2__4077-4077-13754-0014__HSIMV2__8455-8455-210777-0060__SIRm3,4077,8455,13,0.0,0.0,0.0,0.0,0.0,42.64003315784872,16.76242779609554
8455-210777-0026_4992-41806-0007__T1__8455-8455-210777-0026__HSIMV2__1320-1320-122617-0013__SIRm3,8455,4992,5,0.0,0.0,0.0,0.0,0.0,48.492073524424484,19.454004571055304
8455-210777-0026_4992-41806-0007__T2__4992-4992-41806-0007__HSIMV2__4446-4446-2273-0007__SIRm3,4992,8455,5,0.0,0.0,0.0,0.0,0.0,53.20188619427078,19.960149099576004
8455-210777-0027_6930-76324-0021__T1__8455-8455-210777-0027__HSIMV2__1320-1320-122612-0001__SIRm3,8455,6930,18,0.0,0.0,0.0,0.0,0.0,50.92254635709888,18.378342915846734
8455-210777-0027_6930-76324-0021__T2__6930-6930-76324-0021__HSIMV2__260-260-123440-0009__SIRm3,6930,8455,5,0.0,0.0,0.0,0.0,0.0,44.42036494835046,17.141361436970875
8455-210777-0028_6930-76324-0024__T1__8455-8455-210777-0028__HSIMV2__1320-1320-122612-0005__SIRm3,8455,6930,10,0.0,0.1,0.0,0.0,0.0,44.46098831025201,18.450706894275864
8455-210777-0028_6930-76324-0024__T2__6930-6930-76324-0024__HSIMV2__260-260-123440-0016__SIRm3,6930,8455,7,0.0,0.0,0.0,0.0,0.0,47.146126128914595,17.20463864180948
8455-210777-0029_1089-134686-0020__T1__8455-8455-210777-0029__HSIMV2__1320-1320-122612-0002__SIRm3,8455,1089,5,0.0,0.0,0.0,0.0,0.0,58.59078132953168,20.57295410595273
8455-210777-0029_1089-134686-0020__T2__1089-1089-134686-0020__HSIMV2__8230-8230-279154-0000__SIRm3,1089,8455,16,0.0,0.0,0.0,0.0,0.0,47.93007334494205,17.769407541203506
8455-210777-0029_1580-141083-0035__T1__8455-8455-210777-0029__HSIMV2__1320-1320-122617-0004__SIRm3,8455,1580,5,0.2,0.0,0.0,0.0,0.0,49.419440839026564,20.23911638682773
8455-210777-0029_1580-141083-0035__T2__1580-1580-141083-0035__HSIMV2__237-237-126133-0015__SIRm3,1580,8455,8,0.125,0.0,0.0,0.0,0.0,47.670948840547055,21.195427526852928
8455-210777-0029_7176-92135-0017__T1__8455-8455-210777-0029__HSIMV2__1320-1320-122612-0014__SIRm3,8455,7176,5,0.0,0.0,0.0,0.0,0.0,47.647391834921606,19.24846792890292
8455-210777-0029_7176-92135-0017__T2__7176-7176-92135-0017__HSIMV2__61-61-70970-0028__SIRm3,7176,8455,12,0.08333333333333333,0.0,0.0,0.0,0.0,41.37667066175692,16.223013851549833
8455-210777-0030_8463-294825-0004__T1__8455-8455-210777-0030__HSIMV2__1320-1320-122617-0002__SIRm3,8455,8463,24,0.0,0.0,0.0,0.0,0.0,47.0577660959169,19.606715052342025
8455-210777-0030_8463-294825-0004__T2__8463-8463-294825-0004__HSIMV2__4992-4992-23283-0017__SIRm3,8463,8455,6,0.0,0.0,0.0,0.0,0.0,53.70902854349763,20.677411805719565
8455-210777-0031_121-127105-0028__T1__8455-8455-210777-0031__HSIMV2__1320-1320-122612-0009__SIRm3,8455,121,6,0.0,0.16666666666666666,0.0,0.0,0.0,42.43188568947583,17.075669583457586
8455-210777-0031_121-127105-0028__T2__121-121-127105-0028__HSIMV2__237-237-126133-0025__SIRm3,121,8455,6,0.0,0.16666666666666666,0.0,0.0,0.0,42.78207543599333,18.40825096369975
8455-210777-0031_6829-68769-0030__T1__8455-8455-210777-0031__HSIMV2__1320-1320-122617-0025__SIRm3,8455,6829,11,0.09090909090909091,0.09090909090909091,0.09090909090909091,0.0,0.0,50.892489749934654,18.8929407806296
8455-210777-0031_6829-68769-0030__T2__6829-6829-68769-0030__HSIMV2__4970-4970-29093-0009__SIRm3,6829,8455,8,0.0,0.0,0.0,0.0,0.0,55.07652236098459,20.33696914949838
8455-210777-0033_1284-1180-0008__T1__8455-8455-210777-0033__HSIMV2__1320-1320-122617-0022__SIRm3,8455,1284,6,0.0,0.0,0.0,0.0,0.0,46.64073943583392,17.56218309656166
8455-210777-0033_1284-1180-0008__T2__1284-1284-1180-0008__HSIMV2__4446-4446-2273-0034__SIRm3,1284,8455,6,0.0,0.0,0.0,0.0,0.0,45.50373061206327,17.618285100953972
8455-210777-0033_1580-141084-0016__T1__8455-8455-210777-0033__HSIMV2__1320-1320-122617-0010__SIRm3,8455,1580,14,0.0,0.0,0.0,0.0,0.0,44.3761527549118,19.336951805937755
8455-210777-0033_1580-141084-0016__T2__1580-1580-141084-0016__HSIMV2__1284-1284-1181-0004__SIRm3,1580,8455,10,0.0,0.0,0.0,0.0,0.0,50.183113199031745,19.152693323550253
8455-210777-0034_4970-29095-0008__T1__8455-8455-210777-0034__HSIMV2__1320-1320-122617-0031__SIRm3,8455,4970,11,0.0,0.0,0.0,0.0,0.0,48.613720213652215,19.796361877608376
8455-210777-0034_4970-29095-0008__T2__4970-4970-29095-0008__HSIMV2__8555-8555-284449-0000__SIRm3,4970,8455,5,0.0,0.0,0.0,0.0,0.0,45.64009907765982,19.35702755339406
8455-210777-0034_5639-40744-0023__T1__8455-8455-210777-0034__HSIMV2__1320-1320-122612-0011__SIRm3,8455,5639,14,0.0,0.0,0.0,0.0,0.0,56.10583711298149,19.59337976338127
8455-210777-0034_5639-40744-0023__T2__5639-5639-40744-0023__HSIMV2__1089-1089-134686-0011__SIRm3,5639,8455,23,0.0,0.0,0.0,0.0,0.0,56.617332923126774,19.85729075970148
8455-210777-0034_8555-284449-0004__T1__8455-8455-210777-0034__HSIMV2__1320-1320-122617-0011__SIRm3,8455,8555,14,0.0,0.0,0.0,0.0,0.0,55.56400675223352,19.666636422568185
8455-210777-0034_8555-284449-0004__T2__8555-8555-284449-0004__HSIMV2__4970-4970-29095-0037__SIRm3,8555,8455,12,1.0,1.0,1.0,1.0,1.0,-55.44083115976278,-35.4849282305582
8455-210777-0035_7176-92135-0008__T1__8455-8455-210777-0035__HSIMV2__1320-1320-122617-0016__SIRm3,8455,7176,8,0.0,0.0,0.0,0.0,0.0,44.980430607501845,17.517708068206204
8455-210777-0035_7176-92135-0008__T2__7176-7176-92135-0008__HSIMV2__61-61-70968-0000__SIRm3,7176,8455,7,0.0,0.0,0.0,0.0,0.0,46.499040634466006,17.015371212430516
8455-210777-0037_8463-294828-0009__T1__8455-8455-210777-0037__HSIMV2__1320-1320-122617-0037__SIRm3,8455,8463,8,0.0,0.0,0.0,0.0,0.0,56.27944057360638,20.31181215337037
8455-210777-0037_8463-294828-0009__T2__8463-8463-294828-0009__HSIMV2__4992-4992-23283-0009__SIRm3,8463,8455,7,0.0,0.0,0.0,0.0,0.0,57.36115743559759,20.16253738564636
8455-210777-0039_1580-141083-0033__T1__8455-8455-210777-0039__HSIMV2__1320-1320-122617-0017__SIRm3,8455,1580,10,0.0,0.0,0.0,0.0,0.0,51.014431722701055,19.913140373612315
8455-210777-0039_1580-141083-0033__T2__1580-1580-141083-0033__HSIMV2__237-237-126133-0007__SIRm3,1580,8455,13,0.0,0.0,0.0,0.0,0.0,49.29157344180187,20.5815514003736
8455-210777-0040_1995-1826-0020__T1__8455-8455-210777-0040__HSIMV2__1320-1320-122612-0016__SIRm3,8455,1995,5,0.0,0.0,0.0,0.0,0.0,50.62993767233228,17.856269491183976
8455-210777-0040_1995-1826-0020__T2__1995-1995-1826-0020__HSIMV2__2094-2094-142345-0014__SIRm3,1995,8455,11,0.0,0.0,0.0,0.0,0.0,55.805624898653356,20.471999377267515
8455-210777-0040_7127-75946-0028__T1__8455-8455-210777-0040__HSIMV2__1320-1320-122617-0009__SIRm3,8455,7127,11,0.0,0.0,0.0,0.0,0.0,61.674813430968946,19.524401926990183
8455-210777-0040_7127-75946-0028__T2__7127-7127-75946-0028__HSIMV2__8455-8455-210777-0027__SIRm3,7127,8455,24,0.0,0.041666666666666664,0.0,0.0,0.0,48.60179095889027,17.834189176638482
8455-210777-0041_5683-32879-0019__T1__8455-8455-210777-0041__HSIMV2__1320-1320-122617-0018__SIRm3,8455,5683,11,0.0,0.0,0.0,0.0,0.0,55.68172475696292,19.61355182877424
8455-210777-0041_5683-32879-0019__T2__5683-5683-32879-0019__HSIMV2__237-237-126133-0000__SIRm3,5683,8455,11,0.0,0.0,0.0,0.0,0.0,55.183886350784064,19.98054444349556
8455-210777-0042_4077-13754-0014__T1__8455-8455-210777-0042__HSIMV2__1320-1320-122617-0005__SIRm3,8455,4077,7,0.0,0.0,0.0,0.0,0.0,52.600803515053904,17.955668729680745
8455-210777-0042_4077-13754-0014__T2__4077-4077-13754-0014__HSIMV2__8455-8455-210777-0028__SIRm3,4077,8455,14,0.0,0.0,0.0,0.0,0.0,49.991068164750416,17.01184960293557
8455-210777-0042_5639-40744-0037__T1__8455-8455-210777-0042__HSIMV2__1320-1320-122612-0007__SIRm3,8455,5639,8,0.0,0.0,0.0,0.0,0.0,43.33628820597513,18.66332191830338
8455-210777-0042_5639-40744-0037__T2__5639-5639-40744-0037__HSIMV2__1089-1089-134691-0007__SIRm3,5639,8455,5,0.0,0.0,0.0,0.0,0.0,55.20916361273318,22.519235827126515
8455-210777-0042_8555-284449-0020__T1__8455-8455-210777-0042__HSIMV2__1320-1320-122617-0034__SIRm3,8455,8555,8,0.0,0.0,0.0,0.0,0.0,46.37921107067592,18.966272006209124
8455-210777-0042_8555-284449-0020__T2__8555-8555-284449-0020__HSIMV2__4970-4970-29093-0020__SIRm3,8555,8455,8,0.0,0.0,0.0,0.0,0.0,58.76189950024412,21.55782519863835
8455-210777-0043_4992-41806-0005__T1__8455-8455-210777-0043__HSIMV2__1320-1320-122617-0026__SIRm3,8455,4992,5,0.0,0.0,0.0,0.0,0.0,61.953552816392445,20.20891492243837
8455-210777-0043_4992-41806-0005__T2__4992-4992-41806-0005__HSIMV2__4446-4446-2275-0021__SIRm3,4992,8455,6,0.0,0.16666666666666666,0.0,0.0,0.0,56.32960007830195,17.83485218100585
8455-210777-0044_4507-16021-0015__T1__8455-8455-210777-0044__HSIMV2__1320-1320-122617-0021__SIRm3,8455,4507,9,0.0,0.0,0.0,0.0,0.0,46.947403426654134,17.07761630203043
8455-210777-0044_4507-16021-0015__T2__4507-4507-16021-0015__HSIMV2__3729-3729-6852-0001__SIRm3,4507,8455,6,0.0,0.0,0.0,0.0,0.0,46.01597853410365,17.975697043648225
8455-210777-0044_5639-40744-0024__T1__8455-8455-210777-0044__HSIMV2__1320-1320-122617-0004__SIRm3,8455,5639,13,0.0,0.0,0.0,0.0,0.0,47.51011996161332,17.241723668814174
8455-210777-0044_5639-40744-0024__T2__5639-5639-40744-0024__HSIMV2__1089-1089-134686-0002__SIRm3,5639,8455,12,0.0,0.0,0.0,0.0,0.0,50.20185807521221,19.37568142273172
8455-210777-0045_260-123286-0011__T1__8455-8455-210777-0045__HSIMV2__1320-1320-122617-0004__SIRm3,8455,260,21,0.0,0.0,0.0,0.0,0.0,49.7734621593694,18.780368955476018
8455-210777-0045_260-123286-0011__T2__260-260-123286-0011__HSIMV2__672-672-122797-0024__SIRm3,260,8455,7,0.0,0.0,0.0,0.0,0.0,52.25397940308785,19.59503476013123
8455-210777-0046_2961-960-0017__T1__8455-8455-210777-0046__HSIMV2__1320-1320-122617-0015__SIRm3,8455,2961,9,0.0,0.0,0.0,0.0,0.0,48.95527758029416,19.20908019669318
8455-210777-0046_2961-960-0017__T2__2961-2961-960-0017__HSIMV2__3570-3570-5695-0003__SIRm3,2961,8455,9,0.0,0.0,0.0,0.0,0.0,61.93884381544784,20.376823056128792
8455-210777-0046_3570-5694-0012__T1__8455-8455-210777-0046__HSIMV2__1320-1320-122617-0034__SIRm3,8455,3570,17,0.0,0.0,0.0,0.0,0.0,51.55437385590965,19.11866844439141
8455-210777-0046_3570-5694-0012__T2__3570-3570-5694-0012__HSIMV2__4507-4507-16021-0059__SIRm3,3570,8455,5,0.0,0.0,0.0,0.0,0.0,63.19009266388322,21.63724287612279
8455-210777-0046_3575-170457-0020__T1__8455-8455-210777-0046__HSIMV2__1320-1320-122617-0004__SIRm3,8455,3575,17,0.058823529411764705,0.0,0.0,0.0,0.0,48.890071209902395,18.099445673184416
8455-210777-0046_3575-170457-0020__T2__3575-3575-170457-0020__HSIMV2__237-237-126133-0022__SIRm3,3575,8455,9,0.0,0.0,0.0,0.0,0.0,57.5736119936216,22.267233211648104
8455-210777-0046_8230-279154-0016__T1__8455-8455-210777-0046__HSIMV2__1320-1320-122617-0032__SIRm3,8455,8230,17,0.058823529411764705,0.0,0.0,0.0,0.0,52.62124943119712,18.87573639074437
8455-210777-0046_8230-279154-0016__T2__8230-8230-279154-0016__HSIMV2__1089-1089-134691-0013__SIRm3,8230,8455,20,0.0,0.05,0.0,0.0,0.0,48.91765800116749,17.622335866335824
8455-210777-0048_2961-961-0008__T1__8455-8455-210777-0048__HSIMV2__1320-1320-122617-0027__SIRm3,8455,2961,5,0.0,0.0,0.0,0.0,0.0,45.85340723159935,17.50701893069405
8455-210777-0048_2961-961-0008__T2__2961-2961-961-0008__HSIMV2__3570-3570-5694-0001__SIRm3,2961,8455,10,0.0,0.0,0.0,0.0,0.0,53.60113347033886,19.78317838321382
8455-210777-0050_1089-134686-0009__T1__8455-8455-210777-0050__HSIMV2__1320-1320-122617-0020__SIRm3,8455,1089,6,0.0,0.0,0.0,0.0,0.0,56.50066891616488,18.697185423850424
8455-210777-0050_1089-134686-0009__T2__1089-1089-134686-0009__HSIMV2__8230-8230-279154-0024__SIRm3,1089,8455,11,0.0,0.0,0.0,0.0,0.0,46.515524844404254,18.77251649940392
8455-210777-0050_3575-170457-0050__T1__8455-8455-210777-0050__HSIMV2__1320-1320-122612-0007__SIRm3,8455,3575,6,0.0,0.0,0.0,0.0,0.0,59.619948412745224,18.15601766641712
8455-210777-0050_3575-170457-0050__T2__3575-3575-170457-0050__HSIMV2__237-237-126133-0004__SIRm3,3575,8455,5,0.0,0.0,0.0,0.0,0.0,51.29447554233275,20.7362888069034
8455-210777-0050_4992-23283-0015__T1__8455-8455-210777-0050__HSIMV2__1320-1320-122612-0012__SIRm3,8455,4992,6,0.0,0.0,0.0,0.0,0.0,51.191631062708275,17.35647103816239
8455-210777-0050_4992-23283-0015__T2__4992-4992-23283-0015__HSIMV2__4446-4446-2271-0021__SIRm3,4992,8455,6,0.0,0.0,0.0,0.0,0.0,46.22348021373836,20.287401332826864
8455-210777-0052_3729-6852-0011__T1__8455-8455-210777-0052__HSIMV2__1320-1320-122617-0036__SIRm3,8455,3729,8,0.0,0.0,0.0,0.0,0.0,44.74982093504677,20.80371456092356
8455-210777-0052_3729-6852-0011__T2__3729-3729-6852-0011__HSIMV2__4507-4507-16021-0040__SIRm3,3729,8455,6,0.0,0.0,0.0,0.0,0.0,45.17237638459295,17.02969233507986
8455-210777-0052_61-70970-0014__T1__8455-8455-210777-0052__HSIMV2__1320-1320-122617-0040__SIRm3,8455,61,8,0.125,0.0,0.0,0.0,0.0,50.30422733495903,19.91928046160384
8455-210777-0052_61-70970-0014__T2__61-61-70970-0014__HSIMV2__8230-8230-279154-0008__SIRm3,61,8455,5,0.0,0.0,0.0,0.0,0.0,40.41805052635209,16.58767892515921
8455-210777-0053_1580-141084-0041__T1__8455-8455-210777-0053__HSIMV2__1320-1320-122617-0029__SIRm3,8455,1580,12,0.0,0.0,0.0,0.0,0.0,45.38486533508976,17.79733276959694
8455-210777-0053_1580-141084-0041__T2__1580-1580-141084-0041__HSIMV2__237-237-134500-0013__SIRm3,1580,8455,14,0.0,0.0,0.0,0.0,0.0,50.65959113655061,19.07123642347132
8455-210777-0053_2830-3980-0009__T1__8455-8455-210777-0053__HSIMV2__1320-1320-122617-0027__SIRm3,8455,2830,10,0.0,0.0,0.0,0.0,0.0,54.369606430946554,19.58987651866065
8455-210777-0053_2830-3980-0009__T2__2830-2830-3980-0009__HSIMV2__1188-1188-133604-0038__SIRm3,2830,8455,6,0.0,0.0,0.0,0.0,0.0,59.42722260373159,20.621595867755257
8455-210777-0053_3575-170457-0033__T1__8455-8455-210777-0053__HSIMV2__1320-1320-122612-0013__SIRm3,8455,3575,12,0.0,0.0,0.0,0.0,0.0,50.425649617184696,17.609300059493176
8455-210777-0053_3575-170457-0033__T2__3575-3575-170457-0033__HSIMV2__237-237-134500-0013__SIRm3,3575,8455,15,0.0,0.06666666666666667,0.0,0.0,0.0,55.49712541844214,19.5334411935766
8455-210777-0055_4970-29095-0002__T1__8455-8455-210777-0055__HSIMV2__1320-1320-122617-0017__SIRm3,8455,4970,10,0.0,0.0,0.0,0.0,0.0,54.89871681294211,20.3939138109474
8455-210777-0055_4970-29095-0002__T2__4970-4970-29095-0002__HSIMV2__6829-6829-68769-0026__SIRm3,4970,8455,8,0.0,0.0,0.0,0.0,0.0,46.075743694635634,17.478196428170378
8455-210777-0055_672-122797-0070__T1__8455-8455-210777-0055__HSIMV2__1320-1320-122617-0020__SIRm3,8455,672,16,0.0,0.0,0.0,0.0,0.0,51.675741874995644,18.44082461198544
8455-210777-0055_672-122797-0070__T2__672-672-122797-0070__HSIMV2__260-260-123286-0031__SIRm3,672,8455,9,0.0,0.0,0.0,0.0,0.0,43.02732219466663,18.34861399900237
8455-210777-0055_7127-75946-0025__T1__8455-8455-210777-0055__HSIMV2__1320-1320-122617-0040__SIRm3,8455,7127,14,0.07142857142857142,0.0,0.0,0.0,0.0,50.17155690004204,18.90307230172657
8455-210777-0055_7127-75946-0025__T2__7127-7127-75946-0025__HSIMV2__8455-8455-210777-0057__SIRm3,7127,8455,6,0.0,0.0,0.0,0.0,0.0,41.836395655873154,15.923314188145897
8455-210777-0056_1188-133604-0022__T1__8455-8455-210777-0056__HSIMV2__1320-1320-122617-0037__SIRm3,8455,1188,10,0.0,0.0,0.0,0.0,0.0,54.87907187838433,19.50908920519424
8455-210777-0056_1188-133604-0022__T2__1188-1188-133604-0022__HSIMV2__2830-2830-3980-0045__SIRm3,1188,8455,6,0.0,0.0,0.0,0.0,0.0,46.03125391587991,17.66164418790809
8455-210777-0056_6829-68771-0008__T1__8455-8455-210777-0056__HSIMV2__1320-1320-122617-0008__SIRm3,8455,6829,7,0.0,0.0,0.0,0.0,0.0,52.34533068829264,19.87750427723755
8455-210777-0056_6829-68771-0008__T2__6829-6829-68771-0008__HSIMV2__4970-4970-29095-0036__SIRm3,6829,8455,9,0.0,0.0,0.0,0.0,0.0,55.21018095607905,20.30158825764028
8455-210777-0057_1284-1181-0015__T1__8455-8455-210777-0057__HSIMV2__1320-1320-122617-0025__SIRm3,8455,1284,11,0.0,0.0,0.0,0.0,0.0,52.34999296083061,20.00392141195541
8455-210777-0057_1284-1181-0015__T2__1284-1284-1181-0015__HSIMV2__4446-4446-2273-0036__SIRm3,1284,8455,5,0.0,0.0,0.0,0.0,0.0,58.02273603343683,22.733897576666337
8455-210777-0058_1188-133604-0039__T1__8455-8455-210777-0058__HSIMV2__1320-1320-122612-0008__SIRm3,8455,1188,13,0.0,0.0,0.0,0.0,0.0,47.97024912190294,18.043143959104803
8455-210777-0058_1188-133604-0039__T2__1188-1188-133604-0039__HSIMV2__2830-2830-3979-0001__SIRm3,1188,8455,12,0.0,0.0,0.0,0.0,0.0,50.2519269120223,18.522233525872267
8455-210777-0058_7176-88083-0006__T1__8455-8455-210777-0058__HSIMV2__1320-1320-122617-0018__SIRm3,8455,7176,13,0.0,0.0,0.0,0.0,0.0,56.3708759672873,19.44745439184452
8455-210777-0058_7176-88083-0006__T2__7176-7176-88083-0006__HSIMV2__61-61-70968-0057__SIRm3,7176,8455,7,0.0,0.0,0.0,0.0,0.0,37.34788944042232,13.65934023672699
8455-210777-0060_8463-287645-0006__T1__8455-8455-210777-0060__HSIMV2__1320-1320-122617-0039__SIRm3,8455,8463,13,0.0,0.07692307692307693,0.0,0.0,0.0,48.004852871177164,17.590554467528264
8455-210777-0060_8463-287645-0006__T2__8463-8463-287645-0006__HSIMV2__4992-4992-23283-0005__SIRm3,8463,8455,14,0.0,0.0,0.0,0.0,0.0,47.112671576471605,19.11067875799037
8455-210777-0060_908-157963-0009__T1__8455-8455-210777-0060__HSIMV2__1320-1320-122612-0002__SIRm3,8455,908,13,0.0,0.0,0.0,0.0,0.0,46.66869226181105,17.73966132688969
8455-210777-0060_908-157963-0009__T2__908-908-157963-0009__HSIMV2__7176-7176-92135-0044__SIRm3,908,8455,7,0.0,0.0,0.0,0.0,0.0,39.8533487835064,17.728684905623684
8455-210777-0062_2830-3980-0018__T1__8455-8455-210777-0062__HSIMV2__1320-1320-122612-0001__SIRm3,8455,2830,5,0.0,0.0,0.0,0.0,0.0,47.67757047865009,20.16448781797772
8455-210777-0062_2830-3980-0018__T2__2830-2830-3980-0018__HSIMV2__1188-1188-133604-0011__SIRm3,2830,8455,5,0.0,0.0,0.0,0.0,0.0,49.13363964228924,19.065239312102825
8455-210777-0064_6829-68769-0048__T1__8455-8455-210777-0064__HSIMV2__1320-1320-122617-0032__SIRm3,8455,6829,6,0.0,0.0,0.0,0.0,0.0,53.345038696015344,20.26875543938522
8455-210777-0064_6829-68769-0048__T2__6829-6829-68769-0048__HSIMV2__4970-4970-29093-0019__SIRm3,6829,8455,11,0.0,0.0,0.0,0.0,0.0,56.45663934977133,19.34557544507713
8455-210777-0065_1089-134691-0015__T1__8455-8455-210777-0065__HSIMV2__1320-1320-122617-0035__SIRm3,8455,1089,6,0.0,0.0,0.0,0.0,0.0,59.14683225090631,19.16649458426978
8455-210777-0065_1089-134691-0015__T2__1089-1089-134691-0015__HSIMV2__8230-8230-279154-0021__SIRm3,1089,8455,4,0.0,0.0,0.0,0.0,0.0,52.015023641488185,20.57368654502911
8455-210777-0065_1284-1181-0009__T1__8455-8455-210777-0065__HSIMV2__1320-1320-122617-0032__SIRm3,8455,1284,6,0.0,0.0,0.0,0.0,0.0,48.67245957138365,18.781556266646497
8455-210777-0065_1284-1181-0009__T2__1284-1284-1181-0009__HSIMV2__4446-4446-2273-0004__SIRm3,1284,8455,9,0.0,0.0,0.0,0.0,0.0,49.636462788009084,19.674545025237144
8455-210777-0065_1320-122617-0022__T1__8455-8455-210777-0065__HSIMV2__1320-1320-122617-0006__SIRm3,8455,1320,6,0.0,0.0,0.0,0.0,0.0,55.80875273397206,19.26723616138244
8455-210777-0065_1320-122617-0022__T2__1320-1320-122617-0022__HSIMV2__5105-5105-28233-0009__SIRm3,1320,8455,6,0.0,0.0,0.0,0.0,0.0,51.99423677233971,20.86307831796454
8455-210777-0067_2830-3979-0009__T1__8455-8455-210777-0067__HSIMV2__1320-1320-122617-0039__SIRm3,8455,2830,6,0.0,0.0,0.0,0.0,0.0,44.046028969887054,20.108432309355592
8455-210777-0067_2830-3979-0009__T2__2830-2830-3979-0009__HSIMV2__1188-1188-133604-0017__SIRm3,2830,8455,8,0.0,0.0,0.0,0.0,0.0,45.802217396245474,18.85893678778508
8455-210777-0069_2300-131720-0034__T1__8455-8455-210777-0069__HSIMV2__1320-1320-122617-0037__SIRm3,8455,2300,13,0.0,0.0,0.0,0.0,0.0,51.544656848933975,19.22654282912951
8455-210777-0069_2300-131720-0034__T2__2300-2300-131720-0034__HSIMV2__61-61-70970-0023__SIRm3,2300,8455,6,0.0,0.0,0.0,0.0,0.0,44.37518232656428,17.808436484245558
8463-287645-0000_4970-29095-0023__T1__8463-8463-287645-0000__HSIMV2__4992-4992-41806-0014__SIRm3,8463,4970,8,0.0,0.0,0.0,0.0,0.0,38.331240157147626,17.708819074962594
8463-287645-0000_4970-29095-0023__T2__4970-4970-29095-0023__HSIMV2__6829-6829-68769-0020__SIRm3,4970,8463,6,0.0,0.0,0.0,0.0,0.0,46.252320813240225,17.756818787007
8463-287645-0001_61-70968-0056__T1__8463-8463-287645-0001__HSIMV2__4992-4992-41797-0006__SIRm3,8463,61,6,0.0,0.0,0.0,0.0,0.0,29.205127619649357,15.15442602704207
8463-287645-0001_61-70968-0056__T2__61-61-70968-0056__HSIMV2__8230-8230-279154-0029__SIRm3,61,8463,6,0.0,0.0,0.0,0.0,0.0,51.58990752186859,17.829468153226273
8463-287645-0002_260-123440-0015__T1__8463-8463-287645-0002__HSIMV2__4992-4992-41797-0016__SIRm3,8463,260,5,0.0,0.0,0.0,0.0,0.0,52.27569913396336,18.73464944622554
8463-287645-0002_260-123440-0015__T2__260-260-123440-0015__HSIMV2__672-672-122797-0001__SIRm3,260,8463,10,0.0,0.0,0.0,0.0,0.0,52.22064557933353,18.010321224276414
8463-287645-0003_5105-28233-0010__T1__8463-8463-287645-0003__HSIMV2__4992-4992-41806-0005__SIRm3,8463,5105,6,1.0,0.8333333333333334,0.8333333333333334,1.0,0.8333333333333334,-42.097986653611706,-22.06690993997601
8463-287645-0003_5105-28233-0010__T2__5105-5105-28233-0010__HSIMV2__1320-1320-122617-0015__SIRm3,5105,8463,9,0.0,0.0,0.0,0.0,0.0,46.27376292125555,17.489529074626233
8463-287645-0003_5105-28240-0011__T1__8463-8463-287645-0003__HSIMV2__4992-4992-41797-0016__SIRm3,8463,5105,5,0.0,0.0,0.0,0.0,0.0,42.36333915612861,16.904124169669103
8463-287645-0003_5105-28240-0011__T2__5105-5105-28240-0011__HSIMV2__7021-7021-79740-0003__SIRm3,5105,8463,8,0.0,0.0,0.0,0.0,0.0,44.94344023749087,17.024928641898736
8463-287645-0006_1580-141083-0002__T1__8463-8463-287645-0006__HSIMV2__4992-4992-23283-0018__SIRm3,8463,1580,12,0.9166666666666666,1.0,0.9166666666666666,1.0,0.9166666666666666,-52.90838272161101,-32.31874311538855
8463-287645-0006_1580-141083-0002__T2__1580-1580-141083-0002__HSIMV2__1284-1284-1181-0013__SIRm3,1580,8463,11,0.0,0.0,0.0,0.0,0.0,56.56457220205422,20.174566045676432
8463-287645-0008_4507-16021-0001__T1__8463-8463-287645-0008__HSIMV2__4992-4992-41797-0016__SIRm3,8463,4507,5,0.0,0.0,0.0,0.0,0.0,54.35783118931023,19.4182345106208
8463-287645-0008_4507-16021-0001__T2__4507-4507-16021-0001__HSIMV2__3729-3729-6852-0042__SIRm3,4507,8463,20,0.0,0.0,0.0,0.0,0.0,53.04375679185349,18.58871181454216
8463-287645-0009_1284-1181-0008__T1__8463-8463-287645-0009__HSIMV2__4992-4992-41806-0003__SIRm3,8463,1284,6,0.0,0.0,0.0,0.0,0.0,36.80566574550182,16.49710185637366
8463-287645-0009_1284-1181-0008__T2__1284-1284-1181-0008__HSIMV2__1580-1580-141083-0008__SIRm3,1284,8463,7,0.0,0.0,0.0,0.0,0.0,51.47652720667345,20.250102449512525
8463-287645-0009_5683-32866-0001__T1__8463-8463-287645-0009__HSIMV2__4992-4992-23283-0000__SIRm3,8463,5683,6,0.0,0.0,0.0,0.0,0.0,37.63154194109787,18.133185354334763
8463-287645-0009_5683-32866-0001__T2__5683-5683-32866-0001__HSIMV2__237-237-126133-0005__SIRm3,5683,8463,5,0.0,0.0,0.0,0.0,0.0,57.993059268469835,20.92531794128225
8463-287645-0010_237-126133-0022__T1__8463-8463-287645-0010__HSIMV2__4992-4992-23283-0019__SIRm3,8463,237,7,0.14285714285714285,0.14285714285714285,0.14285714285714285,0.0,0.0,35.59705752371613,18.30479590249387
8463-287645-0010_237-126133-0022__T2__237-237-126133-0022__HSIMV2__3575-3575-170457-0054__SIRm3,237,8463,9,1.0,1.0,1.0,1.0,1.0,-58.306875416986045,-34.31533907625485
8463-287645-0010_3575-170457-0039__T1__8463-8463-287645-0010__HSIMV2__4992-4992-41797-0022__SIRm3,8463,3575,7,0.0,0.0,0.0,0.0,0.0,39.522434771911755,17.301442250981573
8463-287645-0010_3575-170457-0039__T2__3575-3575-170457-0039__HSIMV2__237-237-126133-0001__SIRm3,3575,8463,22,0.0,0.09090909090909091,0.0,0.0,0.0,53.755627149740164,19.358013717017027
8463-287645-0010_7021-85628-0011__T1__8463-8463-287645-0010__HSIMV2__4992-4992-41797-0005__SIRm3,8463,7021,6,0.0,0.0,0.0,0.0,0.0,35.27900192283615,10.838639566481104
8463-287645-0010_7021-85628-0011__T2__7021-7021-85628-0011__HSIMV2__5105-5105-28233-0003__SIRm3,7021,8463,16,0.0,0.0625,0.0,0.0,0.0,54.95090391624546,19.90439167379682
8463-287645-0010_8555-284447-0009__T1__8463-8463-287645-0010__HSIMV2__4992-4992-41806-0004__SIRm3,8463,8555,6,1.0,1.0,1.0,1.0,1.0,-44.159522631841476,-21.7529680653464
8463-287645-0010_8555-284447-0009__T2__8555-8555-284447-0009__HSIMV2__4970-4970-29095-0028__SIRm3,8555,8463,5,0.6,0.8,0.6,1.0,0.6,-37.05312970308226,-10.174319180390636
8463-287645-0011_1284-1181-0010__T1__8463-8463-287645-0011__HSIMV2__4992-4992-41806-0009__SIRm3,8463,1284,7,0.0,0.0,0.0,0.0,0.0,39.22731962775652,18.20577738811956
8463-287645-0011_1284-1181-0010__T2__1284-1284-1181-0010__HSIMV2__1580-1580-141084-0029__SIRm3,1284,8463,11,0.0,0.0,0.0,0.0,0.0,57.28492903111,18.35135539777577
8463-287645-0011_2961-960-0005__T1__8463-8463-287645-0011__HSIMV2__4992-4992-41797-0005__SIRm3,8463,2961,6,0.8333333333333334,1.0,0.8333333333333334,1.0,0.8333333333333334,-30.325372269711504,-13.98294265329184
8463-287645-0011_2961-960-0005__T2__2961-2961-960-0005__HSIMV2__3570-3570-5694-0020__SIRm3,2961,8463,19,0.0,0.0,0.0,0.0,0.0,53.99691262415518,19.841388240059672
8463-287645-0012_121-127105-0032__T1__8463-8463-287645-0012__HSIMV2__4992-4992-41797-0005__SIRm3,8463,121,6,0.8333333333333334,0.8333333333333334,0.8333333333333334,1.0,0.8333333333333334,-35.44520660614456,-16.489871385357223
8463-287645-0012_121-127105-0032__T2__121-121-127105-0032__HSIMV2__237-237-134493-0000__SIRm3,121,8463,5,1.0,1.0,1.0,1.0,1.0,-31.202053357607713,-15.534140175901156
8463-287645-0013_4992-23283-0019__T1__8463-8463-287645-0013__HSIMV2__4992-4992-23283-0017__SIRm3,8463,4992,12,0.0,0.0,0.0,0.0,0.0,33.391308731872506,16.31508805446163
8463-287645-0013_4992-23283-0019__T2__4992-4992-23283-0019__HSIMV2__4446-4446-2271-0010__SIRm3,4992,8463,5,0.0,0.0,0.0,0.0,0.0,57.15597768273191,18.111268000647765
8463-287645-0013_5142-33396-0037__T1__8463-8463-287645-0013__HSIMV2__4992-4992-41806-0007__SIRm3,8463,5142,12,0.0,0.0,0.0,0.0,0.0,48.722289348984155,19.67266601435652
8463-287645-0013_5142-33396-0037__T2__5142-5142-33396-0037__HSIMV2__4970-4970-29093-0013__SIRm3,5142,8463,6,0.0,0.0,0.0,0.0,0.0,40.755133056567836,17.57373766012942
8463-287645-0014_1320-122617-0041__T1__8463-8463-287645-0014__HSIMV2__4992-4992-41797-0005__SIRm3,8463,1320,5,1.0,1.0,1.0,1.0,1.0,-48.41912117912081,-26.189938667321847
8463-287645-0014_1320-122617-0041__T2__1320-1320-122617-0041__HSIMV2__5105-5105-28241-0019__SIRm3,1320,8463,7,0.0,0.0,0.0,0.0,0.0,56.16807663035722,19.34592570251224
8463-294825-0001_1188-133604-0001__T1__8463-8463-294825-0001__HSIMV2__4992-4992-23283-0010__SIRm3,8463,1188,9,0.0,0.0,0.0,0.0,0.0,45.58876709960216,18.29016238089461
8463-294825-0001_1188-133604-0001__T2__1188-1188-133604-0001__HSIMV2__2830-2830-3979-0008__SIRm3,1188,8463,15,0.06666666666666667,0.0,0.0,0.0,0.0,46.54311136175996,17.554434117361577
8463-294825-0001_5639-40744-0013__T1__8463-8463-294825-0001__HSIMV2__4992-4992-41797-0008__SIRm3,8463,5639,14,0.0,0.0,0.0,0.0,0.0,52.0177857697051,18.652048290986624
8463-294825-0001_5639-40744-0013__T2__5639-5639-40744-0013__HSIMV2__1089-1089-134686-0002__SIRm3,5639,8463,12,0.0,0.0,0.0,0.0,0.0,54.34255900396215,18.395089605377027
8463-294825-0001_908-31957-0003__T1__8463-8463-294825-0001__HSIMV2__4992-4992-23283-0007__SIRm3,8463,908,7,0.0,0.0,0.0,0.0,0.0,56.953609464531844,17.513822119845415
8463-294825-0001_908-31957-0003__T2__908-908-31957-0003__HSIMV2__7176-7176-88083-0026__SIRm3,908,8463,10,0.0,0.0,0.0,0.0,0.0,34.72169234772377,16.395044478625906
8463-294825-0002_1188-133604-0000__T1__8463-8463-294825-0002__HSIMV2__4992-4992-41797-0007__SIRm3,8463,1188,12,0.0,0.0,0.0,0.0,0.0,48.8922683004153,18.01924008329401
8463-294825-0002_1188-133604-0000__T2__1188-1188-133604-0000__HSIMV2__2830-2830-3980-0018__SIRm3,1188,8463,5,0.0,0.0,0.0,0.0,0.0,41.3731048049461,17.10149733167982
8463-294825-0003_1580-141083-0036__T1__8463-8463-294825-0003__HSIMV2__4992-4992-41797-0004__SIRm3,8463,1580,13,0.0,0.0,0.0,0.0,0.0,51.1191478337402,18.507062183761853
8463-294825-0003_1580-141083-0036__T2__1580-1580-141083-0036__HSIMV2__237-237-134500-0039__SIRm3,1580,8463,6,0.0,0.0,0.0,0.0,0.0,52.81788585656468,19.134964708813087
8463-294825-0003_6930-81414-0013__T1__8463-8463-294825-0003__HSIMV2__4992-4992-41797-0016__SIRm3,8463,6930,5,0.0,0.0,0.0,0.0,0.0,56.15415777163482,20.46048104461208
8463-294825-0003_6930-81414-0013__T2__6930-6930-81414-0013__HSIMV2__260-260-123440-0015__SIRm3,6930,8463,11,0.0,0.0,0.0,0.0,0.0,45.85132425872114,16.71971803857661
8463-294825-0004_4446-2271-0016__T1__8463-8463-294825-0004__HSIMV2__4992-4992-23283-0015__SIRm3,8463,4446,6,0.0,0.0,0.0,0.0,0.0,45.31176459992265,17.840696045055807
8463-294825-0004_4446-2271-0016__T2__4446-4446-2271-0016__HSIMV2__4992-4992-23283-0007__SIRm3,4446,8463,7,0.0,0.0,0.0,0.0,0.0,33.28606942613832,15.855615601293511
8463-294825-0004_4970-29095-0036__T1__8463-8463-294825-0004__HSIMV2__4992-4992-23283-0013__SIRm3,8463,4970,6,0.0,0.0,0.0,0.0,0.0,54.11279483010755,19.102516808387826
8463-294825-0004_4970-29095-0036__T2__4970-4970-29095-0036__HSIMV2__8555-8555-284447-0013__SIRm3,4970,8463,9,0.0,0.0,0.0,0.0,0.0,58.80783252957834,20.71540398664498
8463-294825-0004_61-70970-0024__T1__8463-8463-294825-0004__HSIMV2__4992-4992-23283-0018__SIRm3,8463,61,6,0.0,0.0,0.0,0.0,0.0,52.112904444053555,18.05966855411568
8463-294825-0004_61-70970-0024__T2__61-61-70970-0024__HSIMV2__8230-8230-279154-0030__SIRm3,61,8463,13,0.0,0.0,0.0,0.0,0.0,36.25716694721287,14.404643690399553
8463-294825-0005_1089-134691-0019__T1__8463-8463-294825-0005__HSIMV2__4992-4992-23283-0018__SIRm3,8463,1089,12,0.0,0.0,0.0,0.0,0.0,56.37191316515743,19.01319244082088
8463-294825-0005_1089-134691-0019__T2__1089-1089-134691-0019__HSIMV2__8230-8230-279154-0018__SIRm3,1089,8463,5,0.0,0.0,0.0,0.0,0.0,51.297315919765175,15.724356011858555
8463-294825-0005_1580-141083-0031__T1__8463-8463-294825-0005__HSIMV2__4992-4992-23283-0004__SIRm3,8463,1580,14,0.0,0.0,0.0,0.0,0.0,48.13657639434624,18.5773926391321
8463-294825-0005_1580-141083-0031__T2__1580-1580-141083-0031__HSIMV2__237-237-126133-0006__SIRm3,1580,8463,11,0.0,0.0,0.0,0.0,0.0,50.4834720014768,20.18750609910765
8463-294825-0005_7729-102255-0042__T1__8463-8463-294825-0005__HSIMV2__4992-4992-41797-0014__SIRm3,8463,7729,13,0.0,0.0,0.0,0.0,0.0,53.993606892041825,18.832989454663608
8463-294825-0005_7729-102255-0042__T2__7729-7729-102255-0042__HSIMV2__7176-7176-92135-0017__SIRm3,7729,8463,13,0.0,0.0,0.0,0.0,0.0,46.17269953054941,16.949116851179696
8463-294825-0008_260-123286-0028__T1__8463-8463-294825-0008__HSIMV2__4992-4992-41797-0019__SIRm3,8463,260,6,0.0,0.0,0.0,0.0,0.0,47.91477297953065,19.30256325276344
8463-294825-0008_260-123286-0028__T2__260-260-123286-0028__HSIMV2__6930-6930-81414-0021__SIRm3,260,8463,5,0.0,0.0,0.0,0.0,0.0,71.39983615761197,19.011573577956035
8463-294825-0010_4446-2273-0036__T1__8463-8463-294825-0010__HSIMV2__4992-4992-41806-0005__SIRm3,8463,4446,6,0.0,0.0,0.0,0.0,0.0,47.453196187852804,17.78013639657504
8463-294825-0010_4446-2273-0036__T2__4446-4446-2273-0036__HSIMV2__1284-1284-134647-0004__SIRm3,4446,8463,5,0.0,0.0,0.0,0.0,0.0,57.72841133743263,19.924176162209164
8463-294825-0010_61-70968-0034__T1__8463-8463-294825-0010__HSIMV2__4992-4992-23283-0020__SIRm3,8463,61,8,0.0,0.0,0.0,0.0,0.0,49.63158540845411,17.533790188055242
8463-294825-0010_61-70968-0034__T2__61-61-70968-0034__HSIMV2__8230-8230-279154-0016__SIRm3,61,8463,7,1.0,1.0,1.0,1.0,1.0,-49.65918228030104,-28.493228099890462
8463-294825-0010_61-70968-0054__T1__8463-8463-294825-0010__HSIMV2__4992-4992-41806-0006__SIRm3,8463,61,8,0.0,0.0,0.0,0.0,0.0,53.19671573608469,18.768137182829904
8463-294825-0010_61-70968-0054__T2__61-61-70968-0054__HSIMV2__8230-8230-279154-0011__SIRm3,61,8463,11,0.0,0.0,0.0,0.0,0.0,44.498576490154406,16.113852426973548
8463-294825-0013_61-70970-0037__T1__8463-8463-294825-0013__HSIMV2__4992-4992-41797-0000__SIRm3,8463,61,9,0.0,0.0,0.0,0.0,0.0,56.63653823570288,21.01234185920536
8463-294825-0013_61-70970-0037__T2__61-61-70970-0037__HSIMV2__8230-8230-279154-0026__SIRm3,61,8463,10,0.0,0.0,0.0,0.0,0.0,49.212898086122706,18.411555641977408
8463-294825-0016_1320-122617-0026__T1__8463-8463-294825-0016__HSIMV2__4992-4992-41797-0010__SIRm3,8463,1320,7,0.0,0.0,0.0,0.0,0.0,58.089879232767466,17.95428029257588
8463-294825-0016_1320-122617-0026__T2__1320-1320-122617-0026__HSIMV2__5105-5105-28233-0009__SIRm3,1320,8463,9,0.0,0.0,0.0,0.0,0.0,55.39338522708719,21.339950260017183
8463-294825-0016_1580-141084-0001__T1__8463-8463-294825-0016__HSIMV2__4992-4992-23283-0011__SIRm3,8463,1580,7,0.0,0.0,0.0,0.0,0.0,50.308015998907095,17.500412318626623
8463-294825-0016_1580-141084-0001__T2__1580-1580-141084-0001__HSIMV2__1284-1284-1180-0018__SIRm3,1580,8463,5,0.0,0.0,0.0,0.0,0.0,47.39541950380253,18.670874798851173
8463-294825-0016_3575-170457-0032__T1__8463-8463-294825-0016__HSIMV2__4992-4992-23283-0003__SIRm3,8463,3575,7,0.0,0.0,0.0,0.0,0.0,58.20264144242844,20.02940008502606
8463-294825-0016_3575-170457-0032__T2__3575-3575-170457-0032__HSIMV2__237-237-134493-0001__SIRm3,3575,8463,5,0.0,0.2,0.0,0.0,0.0,50.512947528855996,20.846903040507627
8463-294825-0019_1320-122617-0005__T1__8463-8463-294825-0019__HSIMV2__4992-4992-41806-0014__SIRm3,8463,1320,5,0.0,0.0,0.0,0.0,0.0,55.79864221660955,18.75046632944481
8463-294825-0019_1320-122617-0005__T2__1320-1320-122617-0005__HSIMV2__5105-5105-28233-0001__SIRm3,1320,8463,7,0.0,0.0,0.0,0.0,0.0,52.81567239295173,19.31384583232332
8463-294825-0019_5639-40744-0038__T1__8463-8463-294825-0019__HSIMV2__4992-4992-41797-0010__SIRm3,8463,5639,5,0.0,0.0,0.0,0.0,0.0,53.47281063315988,20.71021728825795
8463-294825-0019_5639-40744-0038__T2__5639-5639-40744-0038__HSIMV2__1089-1089-134686-0036__SIRm3,5639,8463,5,0.0,0.0,0.0,0.0,0.0,57.38905827945992,20.787197500603284
8463-294825-0019_8555-284449-0016__T1__8463-8463-294825-0019__HSIMV2__4992-4992-23283-0014__SIRm3,8463,8555,5,0.0,0.0,0.0,0.0,0.0,49.39785340126834,18.38112317906527
8463-294825-0019_8555-284449-0016__T2__8555-8555-284449-0016__HSIMV2__4970-4970-29093-0023__SIRm3,8555,8463,10,0.0,0.0,0.0,0.0,0.0,59.412619016303495,23.202300058070342
8463-294828-0000_237-134500-0037__T1__8463-8463-294828-0000__HSIMV2__4992-4992-41797-0015__SIRm3,8463,237,6,0.0,0.0,0.0,0.0,0.0,47.96397777191353,19.20943264391835
8463-294828-0000_237-134500-0037__T2__237-237-134500-0037__HSIMV2__5683-5683-32879-0020__SIRm3,237,8463,12,0.0,0.0,0.0,0.0,0.0,56.60586235584699,22.27589327203051
8463-294828-0000_4446-2275-0010__T1__8463-8463-294828-0000__HSIMV2__4992-4992-41806-0011__SIRm3,8463,4446,6,0.0,0.0,0.0,0.0,0.0,52.413508699045366,21.85197413914128
8463-294828-0000_4446-2275-0010__T2__4446-4446-2275-0010__HSIMV2__4992-4992-23283-0002__SIRm3,4446,8463,5,0.0,0.0,0.0,0.0,0.0,47.42469832929336,16.19344992333912
8463-294828-0000_7176-92135-0008__T1__8463-8463-294828-0000__HSIMV2__4992-4992-41797-0009__SIRm3,8463,7176,6,0.0,0.0,0.0,0.0,0.0,50.13805842538205,19.68150837360788
8463-294828-0000_7176-92135-0008__T2__7176-7176-92135-0008__HSIMV2__61-61-70968-0034__SIRm3,7176,8463,7,0.0,0.0,0.0,0.0,0.0,45.41733595000543,20.642229744756445
8463-294828-0001_4507-16021-0028__T1__8463-8463-294828-0001__HSIMV2__4992-4992-41806-0006__SIRm3,8463,4507,17,0.0,0.0,0.0,0.0,0.0,60.601491109399284,20.386742124151887
8463-294828-0001_4507-16021-0028__T2__4507-4507-16021-0028__HSIMV2__3729-3729-6852-0009__SIRm3,4507,8463,5,0.0,0.0,0.0,0.0,0.0,49.38849025166546,15.862235005235618
8463-294828-0002_1995-1837-0027__T1__8463-8463-294828-0002__HSIMV2__4992-4992-41797-0008__SIRm3,8463,1995,11,0.0,0.0,0.0,0.0,0.0,55.18972058758318,18.894262003311955
8463-294828-0002_1995-1837-0027__T2__1995-1995-1837-0027__HSIMV2__2094-2094-142345-0027__SIRm3,1995,8463,10,0.0,0.0,0.0,0.0,0.0,60.07219020078512,22.042557439661863
8463-294828-0002_7176-92135-0044__T1__8463-8463-294828-0002__HSIMV2__4992-4992-41797-0017__SIRm3,8463,7176,11,0.0,0.0,0.0,0.0,0.0,53.01058322406124,19.34187987746048
8463-294828-0002_7176-92135-0044__T2__7176-7176-92135-0044__HSIMV2__61-61-70970-0000__SIRm3,7176,8463,9,0.0,0.0,0.0,0.0,0.0,26.433127412594224,13.70810714425189
8463-294828-0003_4992-41797-0006__T1__8463-8463-294828-0003__HSIMV2__4992-4992-41806-0005__SIRm3,8463,4992,6,0.0,0.0,0.0,0.0,0.0,52.06282276223084,20.92571589203939
8463-294828-0003_4992-41797-0006__T2__4992-4992-41797-0006__HSIMV2__4446-4446-2273-0035__SIRm3,4992,8463,8,0.0,0.0,0.0,0.0,0.0,57.94198647567998,21.08719857182596
8463-294828-0006_8230-279154-0026__T1__8463-8463-294828-0006__HSIMV2__4992-4992-41797-0008__SIRm3,8463,8230,13,0.0,0.0,0.0,0.0,0.0,52.20101449232251,19.58333658878161
8463-294828-0006_8230-279154-0026__T2__8230-8230-279154-0026__HSIMV2__1089-1089-134686-0019__SIRm3,8230,8463,17,0.058823529411764705,0.11764705882352941,0.058823529411764705,0.11764705882352941,0.058823529411764705,38.98756277400922,8.129236731820189
8463-294828-0007_1580-141084-0026__T1__8463-8463-294828-0007__HSIMV2__4992-4992-41797-0002__SIRm3,8463,1580,10,0.0,0.0,0.0,0.0,0.0,45.51014308450643,19.09281348704508
8463-294828-0007_1580-141084-0026__T2__1580-1580-141084-0026__HSIMV2__237-237-134493-0016__SIRm3,1580,8463,12,0.0,0.0,0.0,0.0,0.0,60.00770208247871,20.639031311942283
8463-294828-0009_2830-3980-0049__T1__8463-8463-294828-0009__HSIMV2__4992-4992-23283-0019__SIRm3,8463,2830,7,0.0,0.0,0.0,0.0,0.0,48.13878231159034,19.46710878174395
8463-294828-0009_2830-3980-0049__T2__2830-2830-3980-0049__HSIMV2__1188-1188-133604-0017__SIRm3,2830,8463,5,0.2,0.2,0.2,0.2,0.2,25.89359915125717,3.315311971568349
8463-294828-0009_3570-5694-0015__T1__8463-8463-294828-0009__HSIMV2__4992-4992-41797-0004__SIRm3,8463,3570,7,0.0,0.0,0.0,0.0,0.0,47.35652110135761,18.401609216527824
8463-294828-0009_3570-5694-0015__T2__3570-3570-5694-0015__HSIMV2__4507-4507-16021-0039__SIRm3,3570,8463,15,0.0,0.0,0.0,0.0,0.0,52.854162918968626,19.64382622360429
8463-294828-0009_5142-33396-0025__T1__8463-8463-294828-0009__HSIMV2__4992-4992-41806-0017__SIRm3,8463,5142,7,0.0,0.0,0.0,0.0,0.0,52.13888161149305,19.653574607840785
8463-294828-0009_5142-33396-0025__T2__5142-5142-33396-0025__HSIMV2__4970-4970-29093-0000__SIRm3,5142,8463,5,0.0,0.0,0.0,0.0,0.0,45.989766339227536,17.63253681952539
8463-294828-0012_8555-284447-0009__T1__8463-8463-294828-0012__HSIMV2__4992-4992-41797-0011__SIRm3,8463,8555,8,0.0,0.0,0.0,0.0,0.0,55.280854229295144,18.756965135323217
8463-294828-0012_8555-284447-0009__T2__8555-8555-284447-0009__HSIMV2__4970-4970-29093-0018__SIRm3,8555,8463,5,0.8,0.8,0.8,1.0,0.8,-33.95564195668335,-9.122180168619815
8463-294828-0013_1221-135767-0021__T1__8463-8463-294828-0013__HSIMV2__4992-4992-41806-0004__SIRm3,8463,1221,6,0.0,0.0,0.0,0.0,0.0,58.33276444360367,20.74651956674002
8463-294828-0013_1221-135767-0021__T2__1221-1221-135767-0021__HSIMV2__4992-4992-41797-0017__SIRm3,1221,8463,16,0.0,0.0,0.0,0.0,0.0,48.750224402823754,17.679855322701478
8463-294828-0013_8224-274381-0004__T1__8463-8463-294828-0013__HSIMV2__4992-4992-41797-0020__SIRm3,8463,8224,13,0.0,0.0,0.0,0.0,0.0,48.836471214777404,18.899902380113268
8463-294828-0013_8224-274381-0004__T2__8224-8224-274381-0004__HSIMV2__8455-8455-210777-0020__SIRm3,8224,8463,5,0.0,0.0,0.0,0.0,0.0,40.396026561997445,18.29421387237311
8463-294828-0014_2300-131720-0000__T1__8463-8463-294828-0014__HSIMV2__4992-4992-41806-0001__SIRm3,8463,2300,10,0.0,0.0,0.0,0.0,0.0,52.19709769970408,19.58793129416792
8463-294828-0014_2300-131720-0000__T2__2300-2300-131720-0000__HSIMV2__61-61-70968-0060__SIRm3,2300,8463,6,0.0,0.0,0.0,0.0,0.0,43.8972012934478,16.34971190781795
8463-294828-0014_260-123440-0005__T1__8463-8463-294828-0014__HSIMV2__4992-4992-23283-0003__SIRm3,8463,260,8,0.0,0.0,0.0,0.0,0.0,46.32035080437442,20.67209737596553
8463-294828-0014_260-123440-0005__T2__260-260-123440-0005__HSIMV2__6930-6930-75918-0016__SIRm3,260,8463,5,0.0,0.0,0.0,0.0,0.0,58.52040943897917,20.593841691215555
8463-294828-0014_3575-170457-0044__T1__8463-8463-294828-0014__HSIMV2__4992-4992-41797-0016__SIRm3,8463,3575,5,0.0,0.0,0.0,0.0,0.0,51.7362797369349,21.09472979186316
8463-294828-0014_3575-170457-0044__T2__3575-3575-170457-0044__HSIMV2__237-237-134500-0011__SIRm3,3575,8463,5,0.0,0.0,0.0,0.0,0.0,56.05426890700803,19.904167570739546
8463-294828-0015_121-127105-0002__T1__8463-8463-294828-0015__HSIMV2__4992-4992-23283-0002__SIRm3,8463,121,5,0.0,0.0,0.0,0.0,0.0,59.581082947096185,20.10163394288525
8463-294828-0015_121-127105-0002__T2__121-121-127105-0002__HSIMV2__237-237-126133-0008__SIRm3,121,8463,6,1.0,1.0,1.0,1.0,1.0,-40.41220121462439,-16.30168331818016
8463-294828-0015_2830-3980-0044__T1__8463-8463-294828-0015__HSIMV2__4992-4992-23283-0016__SIRm3,8463,2830,7,0.0,0.0,0.0,0.0,0.0,46.917221981677066,19.611551037186747
8463-294828-0015_2830-3980-0044__T2__2830-2830-3980-0044__HSIMV2__1188-1188-133604-0024__SIRm3,2830,8463,5,0.0,0.0,0.0,0.0,0.0,57.32931309909359,17.585324076411244
8463-294828-0017_4446-2273-0027__T1__8463-8463-294828-0017__HSIMV2__4992-4992-23283-0008__SIRm3,8463,4446,8,0.0,0.0,0.0,0.0,0.0,51.54875705821803,18.40055136914845
8463-294828-0017_4446-2273-0027__T2__4446-4446-2273-0027__HSIMV2__4992-4992-41797-0006__SIRm3,4446,8463,6,0.0,0.0,0.0,0.0,0.0,51.69591171289741,20.30111688097745
8463-294828-0019_6930-76324-0026__T1__8463-8463-294828-0019__HSIMV2__4992-4992-41797-0000__SIRm3,8463,6930,8,0.0,0.0,0.0,0.0,0.0,54.60847377047697,20.005037379293228
8463-294828-0019_6930-76324-0026__T2__6930-6930-76324-0026__HSIMV2__260-260-123288-0012__SIRm3,6930,8463,5,0.0,0.0,0.0,0.0,0.0,59.88688077220106,20.116533814969124
8463-294828-0020_1580-141083-0021__T1__8463-8463-294828-0020__HSIMV2__4992-4992-41797-0019__SIRm3,8463,1580,8,0.0,0.0,0.0,0.0,0.0,53.71474183665527,20.08063548769825
8463-294828-0020_1580-141083-0021__T2__1580-1580-141083-0021__HSIMV2__237-237-134493-0000__SIRm3,1580,8463,6,0.0,0.0,0.0,0.0,0.0,54.84074863695736,19.907671388654187
8463-294828-0023_1580-141083-0036__T1__8463-8463-294828-0023__HSIMV2__4992-4992-23283-0016__SIRm3,8463,1580,7,0.0,0.0,0.0,0.0,0.0,67.60824630191566,20.17533504129017
8463-294828-0023_1580-141083-0036__T2__1580-1580-141083-0036__HSIMV2__237-237-134500-0027__SIRm3,1580,8463,5,0.0,0.0,0.0,0.0,0.0,50.611425588283566,19.81745118681648
8463-294828-0023_1995-1826-0003__T1__8463-8463-294828-0023__HSIMV2__4992-4992-41797-0002__SIRm3,8463,1995,8,0.0,0.0,0.0,0.0,0.0,51.77064273602735,18.247460472284075
8463-294828-0023_1995-1826-0003__T2__1995-1995-1826-0003__HSIMV2__2094-2094-142345-0018__SIRm3,1995,8463,5,0.0,0.0,0.0,0.0,0.0,45.2704659234642,18.913290867372226
8463-294828-0027_5683-32866-0030__T1__8463-8463-294828-0027__HSIMV2__4992-4992-23283-0013__SIRm3,8463,5683,10,0.0,0.0,0.0,0.0,0.0,47.60556071526146,17.78186636990448
8463-294828-0027_5683-32866-0030__T2__5683-5683-32866-0030__HSIMV2__1221-1221-135766-0013__SIRm3,5683,8463,6,0.0,0.0,0.0,0.0,0.0,54.53220861370264,18.873441043385498
8463-294828-0029_237-134500-0010__T1__8463-8463-294828-0029__HSIMV2__4992-4992-41806-0005__SIRm3,8463,237,6,0.0,0.0,0.0,0.0,0.0,49.48265859512258,19.261409654289228
8463-294828-0029_237-134500-0010__T2__237-237-134500-0010__HSIMV2__1580-1580-141083-0007__SIRm3,237,8463,6,0.0,0.0,0.0,0.0,0.0,47.91726086239114,19.90836712070279
8463-294828-0029_2961-961-0017__T1__8463-8463-294828-0029__HSIMV2__4992-4992-23283-0016__SIRm3,8463,2961,7,0.0,0.0,0.0,0.0,0.0,46.7678530661659,18.09833563244832
8463-294828-0029_2961-961-0017__T2__2961-2961-961-0017__HSIMV2__3570-3570-5694-0004__SIRm3,2961,8463,9,0.0,0.0,0.0,0.0,0.0,54.569981107407465,21.55632367626792
8463-294828-0029_5142-36377-0015__T1__8463-8463-294828-0029__HSIMV2__4992-4992-41806-0016__SIRm3,8463,5142,9,0.0,0.0,0.0,0.0,0.0,50.29923391100055,17.57820670500478
8463-294828-0029_5142-36377-0015__T2__5142-5142-36377-0015__HSIMV2__4970-4970-29093-0019__SIRm3,5142,8463,7,0.0,0.0,0.0,0.0,0.0,47.14657365319711,17.388763410803193
8463-294828-0031_121-127105-0007__T1__8463-8463-294828-0031__HSIMV2__4992-4992-23283-0000__SIRm3,8463,121,12,0.0,0.0,0.0,0.0,0.0,54.00825825786618,17.854894065785302
8463-294828-0031_121-127105-0007__T2__121-121-127105-0007__HSIMV2__237-237-134500-0022__SIRm3,121,8463,9,0.1111111111111111,0.1111111111111111,0.1111111111111111,0.0,0.0,37.92696823685421,17.24140550210188
8463-294828-0031_6829-68769-0051__T1__8463-8463-294828-0031__HSIMV2__4992-4992-41797-0020__SIRm3,8463,6829,13,0.0,0.0,0.0,0.0,0.0,53.16354410356173,18.156090794941413
8463-294828-0031_6829-68769-0051__T2__6829-6829-68769-0051__HSIMV2__4970-4970-29095-0032__SIRm3,6829,8463,6,0.0,0.0,0.0,0.0,0.0,46.319119027796035,18.9633797263718
8463-294828-0031_7729-102255-0021__T1__8463-8463-294828-0031__HSIMV2__4992-4992-23283-0007__SIRm3,8463,7729,7,0.0,0.0,0.0,0.0,0.0,48.15522801502082,17.313578177189118
8463-294828-0031_7729-102255-0021__T2__7729-7729-102255-0021__HSIMV2__7176-7176-92135-0015__SIRm3,7729,8463,12,0.0,0.0,0.0,0.0,0.0,46.18398007454589,18.009907051876812
8463-294828-0031_908-157963-0023__T1__8463-8463-294828-0031__HSIMV2__4992-4992-41806-0003__SIRm3,8463,908,14,0.0,0.0,0.0,0.0,0.0,58.152786499076214,20.860202000399056
8463-294828-0031_908-157963-0023__T2__908-908-157963-0023__HSIMV2__7176-7176-92135-0023__SIRm3,908,8463,11,0.8181818181818182,0.8181818181818182,0.8181818181818182,1.0,0.8181818181818182,-30.36526440119827,-14.69249574434187
8463-294828-0032_260-123288-0018__T1__8463-8463-294828-0032__HSIMV2__4992-4992-41797-0000__SIRm3,8463,260,7,0.0,0.0,0.0,0.0,0.0,57.95536183477662,20.165195447522187
8463-294828-0032_260-123288-0018__T2__260-260-123288-0018__HSIMV2__672-672-122797-0024__SIRm3,260,8463,5,0.0,0.0,0.0,0.0,0.0,51.2088757105829,18.088363577043847
8463-294828-0032_5142-33396-0002__T1__8463-8463-294828-0032__HSIMV2__4992-4992-23283-0008__SIRm3,8463,5142,7,0.0,0.0,0.0,0.0,0.0,54.57086268849111,18.761896244093634
8463-294828-0032_5142-33396-0002__T2__5142-5142-33396-0002__HSIMV2__4970-4970-29095-0022__SIRm3,5142,8463,6,0.0,0.0,0.0,0.0,0.0,55.65506851397571,19.52989504023177
8463-294828-0033_1995-1837-0017__T1__8463-8463-294828-0033__HSIMV2__4992-4992-41797-0009__SIRm3,8463,1995,11,0.0,0.0,0.0,0.0,0.0,57.31203303260017,18.35053336881638
8463-294828-0033_1995-1837-0017__T2__1995-1995-1837-0017__HSIMV2__2094-2094-142345-0027__SIRm3,1995,8463,5,0.0,0.0,0.0,0.0,0.0,63.456799434092034,21.95024607457524
8463-294828-0033_61-70968-0029__T1__8463-8463-294828-0033__HSIMV2__4992-4992-41806-0007__SIRm3,8463,61,11,0.0,0.0,0.0,0.0,0.0,52.60911051330141,19.17034477417014
8463-294828-0033_61-70968-0029__T2__61-61-70968-0029__HSIMV2__8230-8230-279154-0017__SIRm3,61,8463,5,0.0,0.0,0.0,0.0,0.0,27.208778829303128,13.557702688336985
8463-294828-0034_4992-41806-0017__T1__8463-8463-294828-0034__HSIMV2__4992-4992-23283-0003__SIRm3,8463,4992,6,0.0,0.0,0.0,0.0,0.0,48.198456456036524,18.697926947288643
8463-294828-0034_4992-41806-0017__T2__4992-4992-41806-0017__HSIMV2__4446-4446-2273-0019__SIRm3,4992,8463,5,0.0,0.0,0.0,0.0,0.0,55.95583230162119,18.89911007072797
8463-294828-0036_3570-5694-0019__T1__8463-8463-294828-0036__HSIMV2__4992-4992-23283-0013__SIRm3,8463,3570,12,0.0,0.0,0.0,0.0,0.0,55.50839522118542,19.05031965863581
8463-294828-0036_3570-5694-0019__T2__3570-3570-5694-0019__HSIMV2__4507-4507-16021-0008__SIRm3,3570,8463,6,0.0,0.0,0.0,0.0,0.0,56.96085934142217,22.35422543066286
8463-294828-0037_4970-29095-0024__T1__8463-8463-294828-0037__HSIMV2__4992-4992-41797-0011__SIRm3,8463,4970,9,0.0,0.0,0.0,0.0,0.0,45.23787550358437,17.537550201079178
8463-294828-0037_4970-29095-0024__T2__4970-4970-29095-0024__HSIMV2__6829-6829-68771-0014__SIRm3,4970,8463,8,0.0,0.0,0.0,0.0,0.0,50.24427824141493,17.86057474990491
8463-294828-0038_4077-13754-0016__T1__8463-8463-294828-0038__HSIMV2__4992-4992-23283-0004__SIRm3,8463,4077,15,0.0,0.0,0.0,0.0,0.0,45.59015494246291,16.793343200218366
8463-294828-0038_4077-13754-0016__T2__4077-4077-13754-0016__HSIMV2__8455-8455-210777-0051__SIRm3,4077,8463,22,0.0,0.0,0.0,0.0,0.0,48.11986281553898,17.413881986898364
8555-284447-0000_1284-1180-0012__T1__8555-8555-284447-0000__HSIMV2__4970-4970-29095-0006__SIRm3,8555,1284,7,0.7142857142857143,0.7142857142857143,0.7142857142857143,1.0,0.7142857142857143,-34.57036646805476,-9.816827395742068
8555-284447-0000_1284-1180-0012__T2__1284-1284-1180-0012__HSIMV2__1580-1580-141083-0000__SIRm3,1284,8555,8,0.0,0.0,0.0,0.0,0.0,58.77080584504768,20.02598645846024
8555-284447-0000_7021-85628-0009__T1__8555-8555-284447-0000__HSIMV2__4970-4970-29093-0008__SIRm3,8555,7021,6,0.0,0.0,0.0,0.0,0.0,60.104525923207696,22.963454997869626
8555-284447-0000_7021-85628-0009__T2__7021-7021-85628-0009__HSIMV2__5105-5105-28240-0008__SIRm3,7021,8555,16,0.0,0.0,0.0,0.0,0.0,53.2123663651257,19.89353324433353
8555-284447-0001_237-134500-0039__T1__8555-8555-284447-0001__HSIMV2__4970-4970-29095-0002__SIRm3,8555,237,9,0.0,0.0,0.0,0.0,0.0,39.534046714965584,20.608966259307707
8555-284447-0001_237-134500-0039__T2__237-237-134500-0039__HSIMV2__5683-5683-32865-0013__SIRm3,237,8555,7,0.0,0.0,0.0,0.0,0.0,56.97041653675318,22.39628050994305
8555-284447-0001_4077-13751-0003__T1__8555-8555-284447-0001__HSIMV2__4970-4970-29093-0002__SIRm3,8555,4077,16,0.0,0.0,0.0,0.0,0.0,55.33741464648984,21.7794930557591
8555-284447-0001_4077-13751-0003__T2__4077-4077-13751-0003__HSIMV2__8455-8455-210777-0024__SIRm3,4077,8555,14,0.0,0.0,0.0,0.0,0.0,46.75852432012609,16.521444020686946
8555-284447-0001_7176-88083-0024__T1__8555-8555-284447-0001__HSIMV2__4970-4970-29095-0026__SIRm3,8555,7176,16,0.0,0.0,0.0,0.0,0.0,41.389592873452045,18.93371474423504
8555-284447-0001_7176-88083-0024__T2__7176-7176-88083-0024__HSIMV2__61-61-70970-0001__SIRm3,7176,8555,11,0.09090909090909091,0.0,0.0,0.0,0.0,39.081266764173606,12.016387663853248
8555-284447-0002_6829-68769-0024__T1__8555-8555-284447-0002__HSIMV2__4970-4970-29095-0038__SIRm3,8555,6829,15,1.0,1.0,1.0,1.0,1.0,-57.44668873432396,-36.24018322964081
8555-284447-0002_6829-68769-0024__T2__6829-6829-68769-0024__HSIMV2__4970-4970-29095-0017__SIRm3,6829,8555,6,0.0,0.0,0.0,0.0,0.0,45.02061498518083,18.89683188949592
8555-284447-0003_1320-122617-0029__T1__8555-8555-284447-0003__HSIMV2__4970-4970-29093-0020__SIRm3,8555,1320,7,0.0,0.0,0.0,0.0,0.0,65.43003460976816,23.188702786471005
8555-284447-0003_1320-122617-0029__T2__1320-1320-122617-0029__HSIMV2__5105-5105-28240-0005__SIRm3,1320,8555,13,0.07692307692307693,0.0,0.0,0.0,0.0,50.91628404641528,19.64092454811256
8555-284447-0003_4992-23283-0008__T1__8555-8555-284447-0003__HSIMV2__4970-4970-29093-0008__SIRm3,8555,4992,6,0.0,0.0,0.0,0.0,0.0,58.04724670545101,21.65771618071349
8555-284447-0003_4992-23283-0008__T2__4992-4992-23283-0008__HSIMV2__4446-4446-2275-0021__SIRm3,4992,8555,8,0.0,0.0,0.0,0.0,0.0,51.356376870521586,18.52137656648217
8555-284447-0003_7021-79740-0011__T1__8555-8555-284447-0003__HSIMV2__4970-4970-29095-0026__SIRm3,8555,7021,7,0.0,0.0,0.0,0.0,0.0,54.9648876793227,22.53320692452826
8555-284447-0003_7021-79740-0011__T2__7021-7021-79740-0011__HSIMV2__5105-5105-28240-0005__SIRm3,7021,8555,13,0.07692307692307693,0.0,0.0,0.0,0.0,60.062366550872824,19.190631497286063
8555-284447-0004_5683-32879-0000__T1__8555-8555-284447-0004__HSIMV2__4970-4970-29093-0023__SIRm3,8555,5683,9,0.0,0.0,0.0,0.0,0.0,50.924885629024885,20.6728022766955
8555-284447-0004_5683-32879-0000__T2__5683-5683-32879-0000__HSIMV2__237-237-134500-0002__SIRm3,5683,8555,9,0.0,0.0,0.0,0.0,0.0,53.81802421031791,18.24305697816136
8555-284447-0004_7176-92135-0001__T1__8555-8555-284447-0004__HSIMV2__4970-4970-29095-0026__SIRm3,8555,7176,9,1.0,1.0,1.0,1.0,1.0,-54.23467344026618,-29.08257543023769
8555-284447-0004_7176-92135-0001__T2__7176-7176-92135-0001__HSIMV2__61-61-70968-0025__SIRm3,7176,8555,7,0.14285714285714285,0.0,0.0,0.0,0.0,28.898262231915584,10.757854756671849
8555-284447-0004_8463-287645-0009__T1__8555-8555-284447-0004__HSIMV2__4970-4970-29095-0022__SIRm3,8555,8463,8,1.0,1.0,1.0,1.0,1.0,-54.138762173913136,-36.15250939936507
8555-284447-0004_8463-287645-0009__T2__8463-8463-287645-0009__HSIMV2__4992-4992-41797-0022__SIRm3,8463,8555,6,0.0,0.0,0.0,0.0,0.0,46.90957248767632,17.916731503438836
8555-284447-0006_1320-122617-0024__T1__8555-8555-284447-0006__HSIMV2__4970-4970-29095-0025__SIRm3,8555,1320,6,0.6666666666666666,1.0,0.6666666666666666,1.0,0.6666666666666666,-61.414002107885445,-38.24820901081205
8555-284447-0006_1320-122617-0024__T2__1320-1320-122617-0024__HSIMV2__5105-5105-28241-0000__SIRm3,1320,8555,11,0.0,0.09090909090909091,0.0,0.0,0.0,61.26407977837521,20.419948348546736
8555-284447-0006_908-31957-0021__T1__8555-8555-284447-0006__HSIMV2__4970-4970-29095-0022__SIRm3,8555,908,8,0.0,0.0,0.0,0.0,0.0,53.94096705072127,22.441840787148323
8555-284447-0006_908-31957-0021__T2__908-908-31957-0021__HSIMV2__7176-7176-88083-0023__SIRm3,908,8555,18,0.0,0.0,0.0,0.0,0.0,49.99912370121086,17.226139736581192
8555-284447-0007_6829-68771-0033__T1__8555-8555-284447-0007__HSIMV2__4970-4970-29093-0014__SIRm3,8555,6829,7,0.0,0.0,0.0,0.0,0.0,56.97017735240796,23.229748147259567
8555-284447-0007_6829-68771-0033__T2__6829-6829-68771-0033__HSIMV2__4446-4446-2275-0016__SIRm3,6829,8555,9,0.0,0.0,0.0,0.0,0.0,50.27130542262488,18.605139156960536
8555-284447-0008_3570-5695-0002__T1__8555-8555-284447-0008__HSIMV2__4970-4970-29095-0038__SIRm3,8555,3570,15,0.0,0.06666666666666667,0.0,0.0,0.0,43.610698225377476,21.41817291919897
8555-284447-0008_3570-5695-0002__T2__3570-3570-5695-0002__HSIMV2__4507-4507-16021-0038__SIRm3,3570,8555,6,0.0,0.0,0.0,0.0,0.0,54.66765119459293,20.64521191494308
8555-284447-0008_7176-92135-0017__T1__8555-8555-284447-0008__HSIMV2__4970-4970-29095-0009__SIRm3,8555,7176,10,1.0,1.0,1.0,1.0,1.0,-64.66618150848856,-35.61939038881149
8555-284447-0008_7176-92135-0017__T2__7176-7176-92135-0017__HSIMV2__61-61-70970-0036__SIRm3,7176,8555,12,0.08333333333333333,0.0,0.0,0.0,0.0,38.75695477976131,14.291162896393091
8555-284447-0009_260-123440-0012__T1__8555-8555-284447-0009__HSIMV2__4970-4970-29095-0017__SIRm3,8555,260,5,1.0,0.8,0.8,1.0,0.8,-32.86692070085195,-8.742021206636995
8555-284447-0009_260-123440-0012__T2__260-260-123440-0012__HSIMV2__672-672-122797-0046__SIRm3,260,8555,8,0.0,0.0,0.0,0.0,0.0,52.719600194805,18.817692409604607
8555-284447-0009_4507-16021-0048__T1__8555-8555-284447-0009__HSIMV2__4970-4970-29095-0029__SIRm3,8555,4507,5,0.0,0.0,0.0,0.0,0.0,32.72599078300633,8.124902281949588
8555-284447-0009_4507-16021-0048__T2__4507-4507-16021-0048__HSIMV2__3729-3729-6852-0027__SIRm3,4507,8555,5,0.0,0.0,0.0,0.0,0.0,54.74090794046176,21.7262035793208
8555-284447-0010_7729-102255-0005__T1__8555-8555-284447-0010__HSIMV2__4970-4970-29095-0035__SIRm3,8555,7729,8,1.0,1.0,1.0,1.0,1.0,-71.79607530075253,-57.76812457760403
8555-284447-0010_7729-102255-0005__T2__7729-7729-102255-0005__HSIMV2__7176-7176-88083-0010__SIRm3,7729,8555,9,0.0,0.0,0.0,0.0,0.0,50.732633265825285,17.107892270323866
8555-284447-0013_3575-170457-0004__T1__8555-8555-284447-0013__HSIMV2__4970-4970-29095-0006__SIRm3,8555,3575,7,0.8571428571428571,0.8571428571428571,0.8571428571428571,1.0,0.8571428571428571,-39.01243705250239,-21.567058094817742
8555-284447-0013_3575-170457-0004__T2__3575-3575-170457-0004__HSIMV2__237-237-126133-0025__SIRm3,3575,8555,5,0.0,0.0,0.0,0.0,0.0,54.11903053846559,21.887872150485823
8555-284447-0013_5683-32879-0021__T1__8555-8555-284447-0013__HSIMV2__4970-4970-29095-0001__SIRm3,8555,5683,17,1.0,1.0,1.0,1.0,1.0,-61.55109872733415,-35.83715318424868
8555-284447-0013_5683-32879-0021__T2__5683-5683-32879-0021__HSIMV2__1221-1221-135766-0001__SIRm3,5683,8555,7,0.0,0.0,0.0,0.0,0.0,43.47358526773265,15.47849506916851
8555-284447-0014_8463-287645-0006__T1__8555-8555-284447-0014__HSIMV2__4970-4970-29095-0038__SIRm3,8555,8463,15,0.0,0.0,0.0,0.0,0.0,48.08177089119626,21.872947464695912
8555-284447-0014_8463-287645-0006__T2__8463-8463-287645-0006__HSIMV2__4992-4992-41806-0011__SIRm3,8463,8555,14,0.0,0.0,0.0,0.0,0.0,50.44906565362492,19.298741384339287
8555-284447-0017_1284-1180-0005__T1__8555-8555-284447-0017__HSIMV2__4970-4970-29095-0031__SIRm3,8555,1284,22,0.0,0.0,0.0,0.0,0.0,39.5870413860064,19.95322567098604
8555-284447-0017_1284-1180-0005__T2__1284-1284-1180-0005__HSIMV2__4446-4446-2273-0016__SIRm3,1284,8555,12,0.0,0.0,0.0,0.0,0.0,55.352252401171135,18.841346579788848
8555-284447-0018_5683-32879-0001__T1__8555-8555-284447-0018__HSIMV2__4970-4970-29095-0018__SIRm3,8555,5683,9,1.0,0.3333333333333333,0.3333333333333333,1.0,0.3333333333333333,-56.34398314049697,-30.127007555351188
8555-284447-0018_5683-32879-0001__T2__5683-5683-32879-0001__HSIMV2__237-237-126133-0016__SIRm3,5683,8555,6,0.0,0.0,0.0,0.0,0.0,53.26570528306981,22.3651415210782
8555-284447-0020_908-157963-0014__T1__8555-8555-284447-0020__HSIMV2__4970-4970-29095-0017__SIRm3,8555,908,6,1.0,1.0,1.0,1.0,1.0,-43.12468203456469,-21.67000475298412
8555-284447-0020_908-157963-0014__T2__908-908-157963-0014__HSIMV2__7176-7176-92135-0024__SIRm3,908,8555,7,0.0,0.0,0.0,0.0,0.0,46.92321911890429,19.176382074518365
8555-284447-0021_121-127105-0000__T1__8555-8555-284447-0021__HSIMV2__4970-4970-29093-0000__SIRm3,8555,121,5,0.0,0.0,0.0,0.0,0.0,56.2248673817842,19.84686427285651
8555-284447-0021_121-127105-0000__T2__121-121-127105-0000__HSIMV2__237-237-134493-0006__SIRm3,121,8555,7,1.0,1.0,1.0,1.0,1.0,-57.401934781319035,-28.08112980603268
8555-284447-0022_3575-170457-0047__T1__8555-8555-284447-0022__HSIMV2__4970-4970-29095-0011__SIRm3,8555,3575,5,1.0,1.0,1.0,1.0,1.0,-48.37340806204164,-21.81720772323072
8555-284447-0022_3575-170457-0047__T2__3575-3575-170457-0047__HSIMV2__237-237-126133-0004__SIRm3,3575,8555,5,0.0,0.0,0.0,0.0,0.0,58.256555240415196,22.05793417227269
8555-284447-0023_3570-5696-0000__T1__8555-8555-284447-0023__HSIMV2__4970-4970-29095-0007__SIRm3,8555,3570,13,1.0,0.9230769230769231,0.9230769230769231,1.0,0.9230769230769231,-53.27075677754776,-31.359594138481867
8555-284447-0023_3570-5696-0000__T2__3570-3570-5696-0000__HSIMV2__4507-4507-16021-0051__SIRm3,3570,8555,11,0.0,0.0,0.0,0.0,0.0,52.876668709278505,21.489125280136893
8555-284447-0023_6829-68771-0006__T1__8555-8555-284447-0023__HSIMV2__4970-4970-29095-0022__SIRm3,8555,6829,8,0.0,0.0,0.0,0.0,0.0,27.586550830677364,14.533105206287564
8555-284447-0023_6829-68771-0006__T2__6829-6829-68771-0006__HSIMV2__4446-4446-2275-0000__SIRm3,6829,8555,10,0.0,0.0,0.0,0.0,0.0,39.72055325117591,9.736676863075722
8555-284447-0024_1320-122617-0026__T1__8555-8555-284447-0024__HSIMV2__4970-4970-29095-0024__SIRm3,8555,1320,8,0.0,0.0,0.0,0.0,0.0,28.79864456308388,16.295633546835443
8555-284447-0024_1320-122617-0026__T2__1320-1320-122617-0026__HSIMV2__5105-5105-28241-0009__SIRm3,1320,8555,9,0.0,0.2222222222222222,0.0,0.0,0.0,60.163692883191,20.42137111101128
8555-284449-0000_1580-141083-0040__T1__8555-8555-284449-0000__HSIMV2__4970-4970-29095-0020__SIRm3,8555,1580,23,1.0,1.0,1.0,1.0,1.0,-52.34180735774797,-28.28862760018108
8555-284449-0000_1580-141083-0040__T2__1580-1580-141083-0040__HSIMV2__237-237-134500-0018__SIRm3,1580,8555,6,0.0,0.0,0.0,0.0,0.0,53.523930511119836,19.633493505409003
8555-284449-0000_3575-170457-0024__T1__8555-8555-284449-0000__HSIMV2__4970-4970-29093-0010__SIRm3,8555,3575,23,0.0,0.0,0.0,0.0,0.0,49.28527022715725,19.64433139333711
8555-284449-0000_3575-170457-0024__T2__3575-3575-170457-0024__HSIMV2__237-237-134500-0026__SIRm3,3575,8555,5,0.0,0.0,0.0,0.0,0.0,55.9310029301905,23.82574609697654
8555-284449-0000_6829-68771-0001__T1__8555-8555-284449-0000__HSIMV2__4970-4970-29093-0018__SIRm3,8555,6829,18,0.0,0.0,0.0,0.0,0.0,56.876204379123756,21.15231193650193
8555-284449-0000_6829-68771-0001__T2__6829-6829-68771-0001__HSIMV2__4970-4970-29093-0001__SIRm3,6829,8555,19,0.0,0.0,0.0,0.0,0.0,49.395483960909694,19.06362307569641
8555-284449-0001_4446-2275-0041__T1__8555-8555-284449-0001__HSIMV2__4970-4970-29093-0009__SIRm3,8555,4446,16,0.0,0.0,0.0,0.0,0.0,51.41438793756157,20.82119592602946
8555-284449-0001_4446-2275-0041__T2__4446-4446-2275-0041__HSIMV2__1284-1284-1180-0028__SIRm3,4446,8555,8,0.0,0.0,0.0,0.0,0.0,45.68471989544069,18.51370831845138
8555-284449-0002_61-70968-0001__T1__8555-8555-284449-0002__HSIMV2__4970-4970-29095-0035__SIRm3,8555,61,8,1.0,1.0,1.0,1.0,1.0,-60.38243599528259,-31.973010445994028
8555-284449-0002_61-70968-0001__T2__61-61-70968-0001__HSIMV2__8230-8230-279154-0030__SIRm3,61,8555,6,0.0,0.0,0.0,0.0,0.0,38.33432777019958,15.007302148805032
8555-284449-0003_6930-81414-0027__T1__8555-8555-284449-0003__HSIMV2__4970-4970-29095-0003__SIRm3,8555,6930,16,1.0,1.0,1.0,1.0,1.0,-64.5151584702768,-47.98388435685265
8555-284449-0003_6930-81414-0027__T2__6930-6930-81414-0027__HSIMV2__260-260-123286-0022__SIRm3,6930,8555,5,0.0,0.0,0.0,0.0,0.0,38.600176755960504,14.863416348915482
8555-284449-0004_8463-294828-0015__T1__8555-8555-284449-0004__HSIMV2__4970-4970-29093-0009__SIRm3,8555,8463,17,0.0,0.0,0.0,0.0,0.0,50.776350334629946,20.570502501370544
8555-284449-0004_8463-294828-0015__T2__8463-8463-294828-0015__HSIMV2__4992-4992-41806-0008__SIRm3,8463,8555,7,0.0,0.0,0.0,0.0,0.0,56.042700344252715,20.4194615598699
8555-284449-0006_1580-141083-0009__T1__8555-8555-284449-0006__HSIMV2__4970-4970-29095-0003__SIRm3,8555,1580,6,0.0,0.0,0.0,0.0,0.0,54.20515563503963,20.716776805969065
8555-284449-0006_1580-141083-0009__T2__1580-1580-141083-0009__HSIMV2__237-237-134493-0004__SIRm3,1580,8555,12,0.0,0.0,0.0,0.0,0.0,51.64577479155691,17.84055550594657
8555-284449-0006_2830-3980-0011__T1__8555-8555-284449-0006__HSIMV2__4970-4970-29095-0017__SIRm3,8555,2830,6,0.0,0.0,0.0,0.0,0.0,49.64736181976932,22.97093273553846
8555-284449-0006_2830-3980-0011__T2__2830-2830-3980-0011__HSIMV2__1188-1188-133604-0037__SIRm3,2830,8555,10,0.0,0.0,0.0,0.0,0.0,47.67568641021443,18.54062215898006
8555-284449-0007_5683-32866-0005__T1__8555-8555-284449-0007__HSIMV2__4970-4970-29095-0003__SIRm3,8555,5683,17,0.0,0.0,0.0,0.0,0.0,45.183336222543375,20.51507249388025
8555-284449-0007_5683-32866-0005__T2__5683-5683-32866-0005__HSIMV2__237-237-126133-0000__SIRm3,5683,8555,8,1.0,1.0,1.0,1.0,1.0,-45.33807526081288,-22.492728308932147
8555-284449-0008_4077-13751-0012__T1__8555-8555-284449-0008__HSIMV2__4970-4970-29093-0000__SIRm3,8555,4077,5,0.0,0.0,0.0,0.0,0.0,54.37667706160231,21.648301846965225
8555-284449-0008_4077-13751-0012__T2__4077-4077-13751-0012__HSIMV2__8455-8455-210777-0065__SIRm3,4077,8555,6,0.0,0.0,0.0,0.0,0.0,44.60651347761464,17.555043433014525
8555-284449-0009_3570-5694-0014__T1__8555-8555-284449-0009__HSIMV2__4970-4970-29095-0001__SIRm3,8555,3570,5,0.6,0.2,0.2,0.2,0.2,5.944856287237738,3.228060248543005
8555-284449-0009_3570-5694-0014__T2__3570-3570-5694-0014__HSIMV2__4507-4507-16021-0030__SIRm3,3570,8555,21,0.0,0.0,0.0,0.0,0.0,57.4375772531418,22.32023138647473
8555-284449-0009_4992-41797-0020__T1__8555-8555-284449-0009__HSIMV2__4970-4970-29093-0000__SIRm3,8555,4992,5,0.0,0.0,0.0,0.0,0.0,43.82556436776537,17.70096399806433
8555-284449-0009_4992-41797-0020__T2__4992-4992-41797-0020__HSIMV2__4446-4446-2275-0010__SIRm3,4992,8555,6,0.0,0.0,0.0,0.0,0.0,49.944411571168054,19.917914712058145
8555-284449-0009_61-70968-0032__T1__8555-8555-284449-0009__HSIMV2__4970-4970-29095-0024__SIRm3,8555,61,5,0.0,0.0,0.0,0.0,0.0,56.194483357064975,19.470611669817394
8555-284449-0009_61-70968-0032__T2__61-61-70968-0032__HSIMV2__7176-7176-92135-0031__SIRm3,61,8555,7,0.0,0.0,0.0,0.0,0.0,53.94602766083775,17.47819519521494
8555-284449-0009_6829-68771-0024__T1__8555-8555-284449-0009__HSIMV2__4970-4970-29095-0016__SIRm3,8555,6829,5,0.0,0.0,0.0,0.0,0.0,51.8850771756117,22.47694732980777
8555-284449-0009_6829-68771-0024__T2__6829-6829-68771-0024__HSIMV2__4970-4970-29095-0035__SIRm3,6829,8555,8,0.0,0.0,0.0,0.0,0.0,50.0235215290779,19.217345135190087
8555-284449-0011_2830-3979-0010__T1__8555-8555-284449-0011__HSIMV2__4970-4970-29095-0035__SIRm3,8555,2830,8,0.0,0.0,0.0,0.0,0.0,42.07921643407908,19.508425013978247
8555-284449-0011_2830-3979-0010__T2__2830-2830-3979-0010__HSIMV2__1188-1188-133604-0022__SIRm3,2830,8555,5,0.0,0.0,0.0,0.0,0.0,47.945206948997004,18.171650458548303
8555-284449-0012_1580-141084-0004__T1__8555-8555-284449-0012__HSIMV2__4970-4970-29093-0009__SIRm3,8555,1580,17,0.058823529411764705,0.0,0.0,0.0,0.0,53.75010683966322,20.44859509551385
8555-284449-0012_1580-141084-0004__T2__1580-1580-141084-0004__HSIMV2__237-237-134500-0013__SIRm3,1580,8555,17,0.0,0.0,0.0,0.0,0.0,50.599957700891665,19.34617919780519
8555-284449-0013_2830-3980-0055__T1__8555-8555-284449-0013__HSIMV2__4970-4970-29093-0018__SIRm3,8555,2830,10,0.0,0.0,0.0,0.0,0.0,58.408171429142286,22.079818782279595
8555-284449-0013_2830-3980-0055__T2__2830-2830-3980-0055__HSIMV2__1188-1188-133604-0013__SIRm3,2830,8555,5,0.0,0.0,0.0,0.0,0.0,48.01717089105824,19.20087839835968
8555-284449-0013_4992-23283-0013__T1__8555-8555-284449-0013__HSIMV2__4970-4970-29093-0023__SIRm3,8555,4992,10,0.0,0.0,0.0,0.0,0.0,64.48316125123051,23.58916236330108
8555-284449-0013_4992-23283-0013__T2__4992-4992-23283-0013__HSIMV2__4446-4446-2271-0021__SIRm3,4992,8555,6,0.0,0.0,0.0,0.0,0.0,55.16491769673488,19.868030201170647
8555-284449-0015_4992-23283-0014__T1__8555-8555-284449-0015__HSIMV2__4970-4970-29093-0002__SIRm3,8555,4992,9,0.1111111111111111,0.0,0.0,0.0,0.0,54.74405802208153,22.6263811351396
8555-284449-0015_4992-23283-0014__T2__4992-4992-23283-0014__HSIMV2__4446-4446-2275-0029__SIRm3,4992,8555,8,0.0,0.0,0.0,0.0,0.0,54.66125019614516,19.08245880714368
8555-284449-0017_6829-68771-0022__T1__8555-8555-284449-0017__HSIMV2__4970-4970-29095-0024__SIRm3,8555,6829,11,0.0,0.09090909090909091,0.0,0.0,0.0,52.15998780309101,21.07061692250769
8555-284449-0017_6829-68771-0022__T2__6829-6829-68771-0022__HSIMV2__4970-4970-29095-0008__SIRm3,6829,8555,5,0.0,0.0,0.0,0.0,0.0,56.700306343646126,19.522531809456137
8555-284449-0018_8455-210777-0057__T1__8555-8555-284449-0018__HSIMV2__4970-4970-29095-0005__SIRm3,8555,8455,8,0.0,0.0,0.0,0.0,0.0,49.92896982546435,22.909955067399896
8555-284449-0018_8455-210777-0057__T2__8455-8455-210777-0057__HSIMV2__1320-1320-122617-0033__SIRm3,8455,8555,20,0.0,0.0,0.0,0.0,0.0,49.05597231643908,18.699365149132376
8555-284449-0018_8463-287645-0000__T1__8555-8555-284449-0018__HSIMV2__4970-4970-29095-0024__SIRm3,8555,8463,11,0.0,0.0,0.0,0.0,0.0,50.43394332907729,21.43613516738636
8555-284449-0018_8463-287645-0000__T2__8463-8463-287645-0000__HSIMV2__4992-4992-41806-0009__SIRm3,8463,8555,7,0.0,0.0,0.0,0.0,0.0,40.42645113092415,15.951211765522515
8555-284449-0019_4992-41797-0000__T1__8555-8555-284449-0019__HSIMV2__4970-4970-29095-0029__SIRm3,8555,4992,6,0.0,0.0,0.0,0.0,0.0,46.99307494909817,20.588728656233464
8555-284449-0019_4992-41797-0000__T2__4992-4992-41797-0000__HSIMV2__4446-4446-2273-0035__SIRm3,4992,8555,9,0.0,0.0,0.0,0.0,0.0,60.80037477603199,22.566244311754254
8555-284449-0019_5142-33396-0054__T1__8555-8555-284449-0019__HSIMV2__4970-4970-29095-0016__SIRm3,8555,5142,12,0.0,0.0,0.0,0.0,0.0,64.6220994597709,22.67768279701667
8555-284449-0019_5142-33396-0054__T2__5142-5142-33396-0054__HSIMV2__4970-4970-29093-0014__SIRm3,5142,8555,7,0.14285714285714285,0.0,0.0,0.0,0.0,47.02819148762891,19.1539122704932
8555-284449-0020_1580-141084-0003__T1__8555-8555-284449-0020__HSIMV2__4970-4970-29093-0022__SIRm3,8555,1580,9,0.0,0.0,0.0,0.0,0.0,61.419420688645246,21.44834246761432
8555-284449-0020_1580-141084-0003__T2__1580-1580-141084-0003__HSIMV2__237-237-126133-0000__SIRm3,1580,8555,7,0.0,0.0,0.0,0.0,0.0,32.89277363439201,18.72630894512905
8555-292519-0003_4446-2271-0010__T1__8555-8555-292519-0003__HSIMV2__4970-4970-29093-0007__SIRm3,8555,4446,12,0.0,0.0,0.0,0.0,0.0,55.95489973251491,19.60862102922106
8555-292519-0003_4446-2271-0010__T2__4446-4446-2271-0010__HSIMV2__1284-1284-1181-0007__SIRm3,4446,8555,5,0.0,0.0,0.0,0.0,0.0,27.15078430168315,12.804145181521626
8555-292519-0004_260-123288-0002__T1__8555-8555-292519-0004__HSIMV2__4970-4970-29095-0031__SIRm3,8555,260,5,0.0,0.0,0.0,0.0,0.0,59.87279500985447,21.63976646110883
8555-292519-0004_260-123288-0002__T2__260-260-123288-0002__HSIMV2__672-672-122797-0021__SIRm3,260,8555,7,0.0,0.0,0.0,0.0,0.0,49.95911129402035,18.68626830344573
8555-292519-0006_61-70970-0037__T1__8555-8555-292519-0006__HSIMV2__4970-4970-29093-0000__SIRm3,8555,61,5,0.0,0.0,0.0,0.0,0.0,60.327739630205926,22.79695640728349
8555-292519-0006_61-70970-0037__T2__61-61-70970-0037__HSIMV2__8230-8230-279154-0012__SIRm3,61,8555,6,0.0,0.0,0.0,0.0,0.0,45.00205782922112,17.774323871836724
8555-292519-0007_2830-3980-0011__T1__8555-8555-292519-0007__HSIMV2__4970-4970-29095-0012__SIRm3,8555,2830,8,0.0,0.0,0.0,0.0,0.0,64.35190595690479,24.46007645861248
8555-292519-0007_2830-3980-0011__T2__2830-2830-3980-0011__HSIMV2__8230-8230-279154-0010__SIRm3,2830,8555,10,0.0,0.0,0.0,0.0,0.0,49.93498628361725,18.985479604355227
8555-292519-0010_1089-134686-0013__T1__8555-8555-292519-0010__HSIMV2__4970-4970-29095-0032__SIRm3,8555,1089,10,1.0,1.0,1.0,1.0,1.0,-53.190595149813156,-29.27534577860601
8555-292519-0010_1089-134686-0013__T2__1089-1089-134686-0013__HSIMV2__8230-8230-279154-0015__SIRm3,1089,8555,14,0.0,0.0,0.0,0.0,0.0,37.585274838511076,9.726808543571318
8555-292519-0011_7127-75947-0038__T1__8555-8555-292519-0011__HSIMV2__4970-4970-29093-0012__SIRm3,8555,7127,5,0.0,0.0,0.0,0.0,0.0,61.05277570653527,22.33714679827385
8555-292519-0011_7127-75947-0038__T2__7127-7127-75947-0038__HSIMV2__8455-8455-210777-0034__SIRm3,7127,8555,14,0.0,0.07142857142857142,0.0,0.0,0.0,45.4270974050861,16.524971793142246
8555-292519-0012_4970-29093-0002__T1__8555-8555-292519-0012__HSIMV2__4970-4970-29093-0015__SIRm3,8555,4970,5,0.0,0.0,0.0,0.0,0.0,58.52411389389185,22.610634162623427
8555-292519-0012_4970-29093-0002__T2__4970-4970-29093-0002__HSIMV2__8555-8555-284447-0008__SIRm3,4970,8555,15,0.0,0.0,0.0,0.0,0.0,61.299112999502405,20.762134800588075
8555-292519-0013_5105-28240-0017__T1__8555-8555-292519-0013__HSIMV2__4970-4970-29093-0001__SIRm3,8555,5105,7,0.0,0.0,0.0,0.0,0.0,64.53873239024861,23.09444259402922
8555-292519-0013_5105-28240-0017__T2__5105-5105-28240-0017__HSIMV2__1320-1320-122617-0020__SIRm3,5105,8555,10,0.0,0.0,0.0,0.0,0.0,56.91712716719779,19.40582870519428
8555-292519-0013_5105-28241-0013__T1__8555-8555-292519-0013__HSIMV2__4970-4970-29095-0026__SIRm3,8555,5105,7,0.0,0.0,0.0,0.0,0.0,67.47920142877027,19.26809640367731
8555-292519-0013_5105-28241-0013__T2__5105-5105-28241-0013__HSIMV2__1320-1320-122617-0030__SIRm3,5105,8555,6,0.0,0.0,0.0,0.0,0.0,48.334981072951955,19.48920078583569
908-157963-0003_1221-135766-0005__T1__908-908-157963-0003__HSIMV2__7176-7176-92135-0008__SIRm3,908,1221,5,0.8,1.0,0.8,1.0,0.8,-32.911094359828596,-19.880943164736745
908-157963-0003_1221-135766-0005__T2__1221-1221-135766-0005__HSIMV2__4992-4992-41806-0014__SIRm3,1221,908,29,0.0,0.0,0.0,0.0,0.0,52.26882956122237,18.6452998343509
908-157963-0004_7021-79740-0002__T1__908-908-157963-0004__HSIMV2__7176-7176-88083-0016__SIRm3,908,7021,6,0.0,0.0,0.0,0.0,0.0,36.21179063958668,15.145459450498224
908-157963-0004_7021-79740-0002__T2__7021-7021-79740-0002__HSIMV2__5105-5105-28240-0017__SIRm3,7021,908,10,0.0,0.0,0.0,0.0,0.0,58.30661387516325,20.08676051041163
908-157963-0006_6829-68769-0033__T1__908-908-157963-0006__HSIMV2__7176-7176-92135-0003__SIRm3,908,6829,6,0.0,0.0,0.0,0.0,0.0,39.96975512365879,16.536343240682786
908-157963-0006_6829-68769-0033__T2__6829-6829-68769-0033__HSIMV2__4970-4970-29093-0008__SIRm3,6829,908,6,0.0,0.0,0.0,0.0,0.0,58.04456099503642,21.45508315825014
908-157963-0009_237-134493-0001__T1__908-908-157963-0009__HSIMV2__7176-7176-92135-0039__SIRm3,908,237,5,0.0,0.0,0.0,0.0,0.0,29.437521052466355,17.169983528153665
908-157963-0009_237-134493-0001__T2__237-237-134493-0001__HSIMV2__3575-3575-170457-0034__SIRm3,237,908,5,0.0,0.0,0.0,0.0,0.0,52.47266784090469,21.037246282910942
908-157963-0009_61-70968-0013__T1__908-908-157963-0009__HSIMV2__7176-7176-92135-0025__SIRm3,908,61,7,0.0,0.0,0.0,0.0,0.0,38.50452890830492,18.09347062343207
908-157963-0009_61-70968-0013__T2__61-61-70968-0013__HSIMV2__8230-8230-279154-0000__SIRm3,61,908,7,0.0,0.0,0.0,0.0,0.0,46.85080675955983,15.647950744013595
908-157963-0010_260-123440-0010__T1__908-908-157963-0010__HSIMV2__7176-7176-92135-0002__SIRm3,908,260,5,0.8,0.8,0.8,0.6,0.6,-20.66705804697964,-7.852784271002895
908-157963-0010_260-123440-0010__T2__260-260-123440-0010__HSIMV2__6930-6930-76324-0008__SIRm3,260,908,9,0.0,0.0,0.0,0.0,0.0,49.354083262704634,19.29041723796645
908-157963-0010_61-70970-0038__T1__908-908-157963-0010__HSIMV2__7176-7176-92135-0015__SIRm3,908,61,11,0.7272727272727273,0.7272727272727273,0.6363636363636364,0.7272727272727273,0.5454545454545454,-10.865650283396349,-3.5013396637236163
908-157963-0010_61-70970-0038__T2__61-61-70970-0038__HSIMV2__8230-8230-279154-0036__SIRm3,61,908,5,0.0,0.0,0.0,0.0,0.0,34.27076185224075,9.418074911270624
908-157963-0011_8230-279154-0024__T1__908-908-157963-0011__HSIMV2__7176-7176-92135-0045__SIRm3,908,8230,9,0.0,0.0,0.0,0.0,0.0,51.97924611027837,17.70088508890857
908-157963-0011_8230-279154-0024__T2__8230-8230-279154-0024__HSIMV2__61-61-70970-0013__SIRm3,8230,908,7,0.0,0.0,0.0,0.0,0.0,50.177857165807644,18.03115077437934
908-157963-0012_4446-2271-0011__T1__908-908-157963-0012__HSIMV2__7176-7176-88083-0004__SIRm3,908,4446,13,0.15384615384615385,0.07692307692307693,0.07692307692307693,0.0,0.0,30.063834675047527,14.08256374628765
908-157963-0012_4446-2271-0011__T2__4446-4446-2271-0011__HSIMV2__4992-4992-41806-0014__SIRm3,4446,908,6,0.0,0.0,0.0,0.0,0.0,34.59880120678653,15.486594117440744
908-157963-0012_8463-294828-0010__T1__908-908-157963-0012__HSIMV2__7176-7176-88083-0014__SIRm3,908,8463,8,1.0,0.875,0.875,1.0,0.875,-32.35300363034209,-16.045853950324233
908-157963-0012_8463-294828-0010__T2__8463-8463-294828-0010__HSIMV2__4992-4992-23283-0014__SIRm3,8463,908,8,0.0,0.0,0.0,0.0,0.0,52.187402146120796,17.22182405964077
908-157963-0013_3575-170457-0006__T1__908-908-157963-0013__HSIMV2__7176-7176-92135-0013__SIRm3,908,3575,5,0.0,0.0,0.0,0.0,0.0,38.69331810447507,16.13776426383037
908-157963-0013_3575-170457-0006__T2__3575-3575-170457-0006__HSIMV2__237-237-134493-0016__SIRm3,3575,908,15,0.0,0.0,0.0,0.0,0.0,56.12593588278269,20.38129677242041
908-157963-0014_4507-16021-0056__T1__908-908-157963-0014__HSIMV2__7176-7176-92135-0005__SIRm3,908,4507,8,0.125,0.0,0.0,0.0,0.0,32.344902039722484,16.49030307609601
908-157963-0014_4507-16021-0056__T2__4507-4507-16021-0056__HSIMV2__3729-3729-6852-0019__SIRm3,4507,908,5,0.0,0.0,0.0,0.0,0.0,54.34344046253392,20.19803346421153
908-157963-0014_8555-284449-0020__T1__908-908-157963-0014__HSIMV2__7176-7176-88083-0023__SIRm3,908,8555,8,0.0,0.0,0.0,0.0,0.0,41.423312434657966,18.924152788965685
908-157963-0014_8555-284449-0020__T2__8555-8555-284449-0020__HSIMV2__4970-4970-29095-0006__SIRm3,8555,908,7,0.14285714285714285,0.14285714285714285,0.14285714285714285,0.14285714285714285,0.14285714285714285,27.411704008117944,5.9424634283858655
908-157963-0015_672-122797-0030__T1__908-908-157963-0015__HSIMV2__7176-7176-88083-0025__SIRm3,908,672,13,1.0,1.0,1.0,1.0,1.0,-51.32178986274924,-27.79850121552621
908-157963-0015_672-122797-0030__T2__672-672-122797-0030__HSIMV2__260-260-123288-0016__SIRm3,672,908,8,1.0,0.875,0.875,1.0,0.875,-35.15416790299555,-19.588655943871856
908-157963-0016_2830-3980-0039__T1__908-908-157963-0016__HSIMV2__7176-7176-88083-0008__SIRm3,908,2830,5,1.0,1.0,1.0,1.0,1.0,-51.557901741081444,-29.905010756768288
908-157963-0016_2830-3980-0039__T2__2830-2830-3980-0039__HSIMV2__1188-1188-133604-0007__SIRm3,2830,908,9,0.0,0.0,0.0,0.0,0.0,44.69996059641375,17.774948989247903
908-157963-0016_4446-2271-0017__T1__908-908-157963-0016__HSIMV2__7176-7176-88083-0013__SIRm3,908,4446,9,0.0,0.0,0.0,0.0,0.0,33.69930259929535,16.194972762905927
908-157963-0016_4446-2271-0017__T2__4446-4446-2271-0017__HSIMV2__1284-1284-1180-0003__SIRm3,4446,908,8,1.0,1.0,1.0,1.0,1.0,-54.85542664127746,-31.217283838970875
908-157963-0016_4992-41806-0015__T1__908-908-157963-0016__HSIMV2__7176-7176-92135-0031__SIRm3,908,4992,9,0.0,0.0,0.0,0.0,0.0,37.59934572103842,17.038955511186316
908-157963-0016_4992-41806-0015__T2__4992-4992-41806-0015__HSIMV2__4446-4446-2271-0000__SIRm3,4992,908,5,0.0,0.0,0.0,0.0,0.0,48.66904418758027,18.49436067364892
908-157963-0017_237-134500-0028__T1__908-908-157963-0017__HSIMV2__7176-7176-88083-0021__SIRm3,908,237,8,1.0,1.0,1.0,1.0,1.0,-57.58285347063857,-33.86875833353162
908-157963-0017_237-134500-0028__T2__237-237-134500-0028__HSIMV2__5683-5683-32879-0014__SIRm3,237,908,8,0.0,0.0,0.0,0.0,0.0,58.5032716109431,20.929710930572053
908-157963-0017_7729-102255-0041__T1__908-908-157963-0017__HSIMV2__7176-7176-92135-0017__SIRm3,908,7729,8,1.0,1.0,1.0,1.0,1.0,-44.38827470117032,-27.32603106286159
908-157963-0017_7729-102255-0041__T2__7729-7729-102255-0041__HSIMV2__7176-7176-92135-0032__SIRm3,7729,908,5,0.0,0.0,0.0,0.0,0.0,48.89970823439773,17.911026239064363
908-157963-0018_1320-122617-0014__T1__908-908-157963-0018__HSIMV2__7176-7176-88083-0018__SIRm3,908,1320,7,0.0,0.0,0.0,0.0,0.0,25.890028133145982,14.176108932607834
908-157963-0018_1320-122617-0014__T2__1320-1320-122617-0014__HSIMV2__5105-5105-28233-0008__SIRm3,1320,908,8,0.0,0.0,0.0,0.0,0.0,48.79277044578589,18.47453362935109
908-157963-0018_5105-28240-0002__T1__908-908-157963-0018__HSIMV2__7176-7176-92135-0025__SIRm3,908,5105,7,0.0,0.0,0.0,0.0,0.0,45.73092605011214,17.292708000367863
908-157963-0018_5105-28240-0002__T2__5105-5105-28240-0002__HSIMV2__7021-7021-85628-0000__SIRm3,5105,908,5,0.0,0.0,0.0,0.0,0.0,46.93035618773164,19.235502649689185
908-157963-0018_61-70970-0040__T1__908-908-157963-0018__HSIMV2__7176-7176-88083-0009__SIRm3,908,61,7,0.0,0.0,0.0,0.0,0.0,21.60188661175681,10.741083764968591
908-157963-0018_61-70970-0040__T2__61-61-70970-0040__HSIMV2__8230-8230-279154-0014__SIRm3,61,908,7,0.0,0.0,0.0,0.0,0.0,44.86833890072053,17.76072500598626
908-157963-0018_7127-75947-0026__T1__908-908-157963-0018__HSIMV2__7176-7176-92135-0045__SIRm3,908,7127,7,0.0,0.0,0.0,0.0,0.0,50.541002668266174,18.541819449102608
908-157963-0018_7127-75947-0026__T2__7127-7127-75947-0026__HSIMV2__8455-8455-210777-0028__SIRm3,7127,908,12,0.0,0.0,0.0,0.0,0.0,48.8800817160426,17.072938734823524
908-157963-0020_5683-32879-0007__T1__908-908-157963-0020__HSIMV2__7176-7176-88083-0021__SIRm3,908,5683,18,0.8888888888888888,0.8333333333333334,0.7777777777777778,1.0,0.7777777777777778,-23.801757827217095,-9.21719354700227
908-157963-0020_5683-32879-0007__T2__5683-5683-32879-0007__HSIMV2__1221-1221-135766-0009__SIRm3,5683,908,12,0.0,0.0,0.0,0.0,0.0,47.96754802871891,15.952005815569684
908-157963-0021_8455-210777-0012__T1__908-908-157963-0021__HSIMV2__7176-7176-92135-0016__SIRm3,908,8455,14,1.0,1.0,1.0,1.0,1.0,-50.694382339085415,-37.40354276974705
908-157963-0021_8455-210777-0012__T2__8455-8455-210777-0012__HSIMV2__1320-1320-122612-0015__SIRm3,8455,908,6,0.0,0.0,0.0,0.0,0.0,50.64559573214084,18.983240928951325
908-157963-0021_8463-287645-0001__T1__908-908-157963-0021__HSIMV2__7176-7176-92135-0044__SIRm3,908,8463,9,0.0,0.0,0.0,0.0,0.0,46.98830875179982,17.964671055317517
908-157963-0021_8463-287645-0001__T2__8463-8463-287645-0001__HSIMV2__4992-4992-41797-0006__SIRm3,8463,908,6,0.0,0.0,0.0,0.0,0.0,29.239209757869983,15.17850318762014
908-157963-0022_1089-134686-0023__T1__908-908-157963-0022__HSIMV2__7176-7176-88083-0010__SIRm3,908,1089,8,0.125,0.125,0.125,0.0,0.0,18.61358016280994,12.1635336172997
908-157963-0022_1089-134686-0023__T2__1089-1089-134686-0023__HSIMV2__8230-8230-279154-0022__SIRm3,1089,908,11,0.0,0.0,0.0,0.0,0.0,49.04904470933991,18.564935285055352
908-157963-0022_3570-5694-0005__T1__908-908-157963-0022__HSIMV2__7176-7176-92135-0007__SIRm3,908,3570,5,0.0,0.0,0.0,0.0,0.0,31.367128622699692,15.246125280103072
908-157963-0022_3570-5694-0005__T2__3570-3570-5694-0005__HSIMV2__4507-4507-16021-0059__SIRm3,3570,908,10,0.0,0.0,0.0,0.0,0.0,50.899838712043596,20.69817095048525
908-157963-0022_4970-29093-0014__T1__908-908-157963-0022__HSIMV2__7176-7176-92135-0032__SIRm3,908,4970,5,0.0,0.0,0.0,0.0,0.0,40.5210490619845,17.37448838655137
908-157963-0022_4970-29093-0014__T2__4970-4970-29093-0014__HSIMV2__6829-6829-68769-0010__SIRm3,4970,908,5,0.0,0.2,0.0,0.0,0.0,57.42023491584505,19.592905876053468
908-157963-0022_61-70970-0007__T1__908-908-157963-0022__HSIMV2__7176-7176-92135-0044__SIRm3,908,61,8,0.0,0.0,0.0,0.0,0.0,38.27145022611731,15.612500537284376
908-157963-0022_61-70970-0007__T2__61-61-70970-0007__HSIMV2__7176-7176-92135-0039__SIRm3,61,908,5,0.0,0.0,0.0,0.0,0.0,49.47682143559181,17.481176622562575
908-157963-0023_61-70968-0049__T1__908-908-157963-0023__HSIMV2__7176-7176-92135-0040__SIRm3,908,61,18,0.05555555555555555,0.0,0.0,0.0,0.0,41.06337707732013,18.076061039122383
908-157963-0023_61-70968-0049__T2__61-61-70968-0049__HSIMV2__8230-8230-279154-0018__SIRm3,61,908,15,0.0,0.0,0.0,0.0,0.0,44.090466639368834,16.956950242844975
908-157963-0024_1188-133604-0033__T1__908-908-157963-0024__HSIMV2__7176-7176-92135-0023__SIRm3,908,1188,5,0.0,0.0,0.0,0.0,0.0,37.13996008451703,15.466683632770891
908-157963-0024_1188-133604-0033__T2__1188-1188-133604-0033__HSIMV2__2830-2830-3980-0050__SIRm3,1188,908,12,0.0,0.0,0.0,0.0,0.0,47.81813742229675,18.19972330897923
908-157963-0025_1089-134691-0018__T1__908-908-157963-0025__HSIMV2__7176-7176-92135-0031__SIRm3,908,1089,17,0.0,0.0,0.0,0.0,0.0,49.37764826428493,19.470040429036725
908-157963-0025_1089-134691-0018__T2__1089-1089-134691-0018__HSIMV2__8230-8230-279154-0028__SIRm3,1089,908,5,0.0,0.0,0.0,0.0,0.0,51.47112803364646,20.84148168540265
908-157963-0026_2830-3980-0068__T1__908-908-157963-0026__HSIMV2__7176-7176-88083-0026__SIRm3,908,2830,10,0.2,0.1,0.1,0.0,0.0,26.002049353949065,14.949520632946044
908-157963-0026_2830-3980-0068__T2__2830-2830-3980-0068__HSIMV2__1188-1188-133604-0014__SIRm3,2830,908,7,0.0,0.0,0.0,0.0,0.0,51.44612474452286,17.128645607131602
908-157963-0026_61-70970-0012__T1__908-908-157963-0026__HSIMV2__7176-7176-88083-0024__SIRm3,908,61,15,0.0,0.0,0.0,0.0,0.0,41.171673225568014,16.946153521680966
908-157963-0026_61-70970-0012__T2__61-61-70970-0012__HSIMV2__8230-8230-279154-0005__SIRm3,61,908,5,0.0,0.0,0.0,0.0,0.0,40.01922359982215,17.23727118060434
908-157963-0027_5105-28240-0008__T1__908-908-157963-0027__HSIMV2__7176-7176-92135-0045__SIRm3,908,5105,9,0.0,0.0,0.0,0.0,0.0,50.872235309870405,18.222466727526765
908-157963-0027_5105-28240-0008__T2__5105-5105-28240-0008__HSIMV2__1320-1320-122612-0004__SIRm3,5105,908,11,0.0,0.0,0.0,0.0,0.0,52.66631989039579,18.664187425888592
908-157963-0027_7127-75947-0037__T1__908-908-157963-0027__HSIMV2__7176-7176-88083-0019__SIRm3,908,7127,9,0.0,0.0,0.0,0.0,0.0,45.47561147879823,16.965458919131148
908-157963-0027_7127-75947-0037__T2__7127-7127-75947-0037__HSIMV2__8455-8455-210777-0040__SIRm3,7127,908,11,0.0,0.0,0.0,0.0,0.0,48.04924402402229,17.589236481709747
908-157963-0028_7021-85628-0018__T1__908-908-157963-0028__HSIMV2__7176-7176-92135-0044__SIRm3,908,7021,8,1.0,1.0,1.0,1.0,1.0,-38.105198432867454,-19.55070076017421
908-157963-0028_7021-85628-0018__T2__7021-7021-85628-0018__HSIMV2__5105-5105-28240-0003__SIRm3,7021,908,9,0.0,0.0,0.0,0.0,0.0,57.98556198443105,19.153159869807144
908-157963-0028_7127-75946-0013__T1__908-908-157963-0028__HSIMV2__7176-7176-92135-0036__SIRm3,908,7127,8,1.0,1.0,1.0,1.0,1.0,-30.888685864520298,-13.626105384284092
908-157963-0028_7127-75946-0013__T2__7127-7127-75946-0013__HSIMV2__8455-8455-210777-0020__SIRm3,7127,908,5,0.0,0.0,0.0,0.0,0.0,23.427451201454062,12.354055436014711
908-157963-0029_3729-6852-0024__T1__908-908-157963-0029__HSIMV2__7176-7176-88083-0014__SIRm3,908,3729,6,0.0,0.0,0.0,0.0,0.0,32.32731810845096,16.644096526067138
908-157963-0029_3729-6852-0024__T2__3729-3729-6852-0024__HSIMV2__4507-4507-16021-0001__SIRm3,3729,908,10,0.2,0.0,0.0,0.0,0.0,61.21038360396744,21.97213289327248
908-157963-0029_5683-32866-0002__T1__908-908-157963-0029__HSIMV2__7176-7176-92135-0032__SIRm3,908,5683,5,0.0,0.0,0.0,0.0,0.0,40.25768680573117,18.49786831962121
908-157963-0029_5683-32866-0002__T2__5683-5683-32866-0002__HSIMV2__237-237-126133-0015__SIRm3,5683,908,9,1.0,0.8888888888888888,0.8888888888888888,1.0,0.8888888888888888,-33.54686867935445,-17.25737016730385
908-157963-0030_2961-960-0019__T1__908-908-157963-0030__HSIMV2__7176-7176-88083-0025__SIRm3,908,2961,8,1.0,1.0,1.0,1.0,1.0,-52.719964214806474,-26.81182174996253
908-157963-0030_2961-960-0019__T2__2961-2961-960-0019__HSIMV2__3570-3570-5695-0012__SIRm3,2961,908,23,0.0,0.0,0.0,0.0,0.0,57.88901215937727,20.7853796338419
908-31957-0002_2300-131720-0041__T1__908-908-31957-0002__HSIMV2__7176-7176-88083-0011__SIRm3,908,2300,8,0.0,0.0,0.0,0.0,0.0,44.32774022544535,16.11501319031936
908-31957-0002_2300-131720-0041__T2__2300-2300-131720-0041__HSIMV2__61-61-70968-0035__SIRm3,2300,908,6,0.0,0.0,0.0,0.0,0.0,46.535204854510845,16.623837651540732
908-31957-0003_260-123288-0022__T1__908-908-31957-0003__HSIMV2__7176-7176-88083-0017__SIRm3,908,260,6,0.0,0.0,0.0,0.0,0.0,30.985277342226052,14.492358762929602
908-31957-0003_260-123288-0022__T2__260-260-123288-0022__HSIMV2__672-672-122797-0034__SIRm3,260,908,6,0.0,0.0,0.0,0.0,0.0,49.221724814862974,17.615065232166764
908-31957-0004_4446-2275-0016__T1__908-908-31957-0004__HSIMV2__7176-7176-92135-0002__SIRm3,908,4446,5,0.6,0.6,0.6,1.0,0.6,-14.383508366242529,-3.5194299399921603
908-31957-0004_4446-2275-0016__T2__4446-4446-2275-0016__HSIMV2__1284-1284-1181-0015__SIRm3,4446,908,9,0.0,0.1111111111111111,0.0,0.0,0.0,56.61732149991682,19.04490488639832
908-31957-0005_2830-3979-0012__T1__908-908-31957-0005__HSIMV2__7176-7176-92135-0007__SIRm3,908,2830,5,0.0,0.0,0.0,0.0,0.0,44.37564237963565,16.843389244057533
908-31957-0005_2830-3979-0012__T2__2830-2830-3979-0012__HSIMV2__1188-1188-133604-0031__SIRm3,2830,908,6,0.0,0.0,0.0,0.0,0.0,49.19261081649921,20.819635238878444
908-31957-0005_3575-170457-0027__T1__908-908-31957-0005__HSIMV2__7176-7176-92135-0001__SIRm3,908,3575,7,0.0,0.0,0.0,0.0,0.0,53.783198315990276,18.203717042028124
908-31957-0005_3575-170457-0027__T2__3575-3575-170457-0027__HSIMV2__237-237-126133-0008__SIRm3,3575,908,6,0.0,0.0,0.0,0.0,0.0,55.56590026832833,21.014260637611027
908-31957-0005_5105-28233-0004__T1__908-908-31957-0005__HSIMV2__7176-7176-88083-0010__SIRm3,908,5105,7,0.14285714285714285,0.0,0.0,0.0,0.0,45.30431637391564,17.782295608108004
908-31957-0005_5105-28233-0004__T2__5105-5105-28233-0004__HSIMV2__1320-1320-122617-0008__SIRm3,5105,908,7,0.0,0.0,0.0,0.0,0.0,47.71149027042037,17.22036084848108
908-31957-0005_8555-292519-0008__T1__908-908-31957-0005__HSIMV2__7176-7176-88083-0000__SIRm3,908,8555,7,0.14285714285714285,0.0,0.0,0.0,0.0,42.56251070899805,17.112979733672656
908-31957-0005_8555-292519-0008__T2__8555-8555-292519-0008__HSIMV2__4970-4970-29093-0015__SIRm3,8555,908,5,0.0,0.0,0.0,0.0,0.0,53.81378323332693,20.814544703086693
908-31957-0006_237-126133-0022__T1__908-908-31957-0006__HSIMV2__7176-7176-92135-0035__SIRm3,908,237,5,0.0,0.0,0.0,0.0,0.0,43.43375934025368,17.733257792154184
908-31957-0006_237-126133-0022__T2__237-237-126133-0022__HSIMV2__5683-5683-32879-0023__SIRm3,237,908,8,0.0,0.0,0.0,0.0,0.0,47.4025310673903,19.26760400322836
908-31957-0006_8224-274381-0015__T1__908-908-31957-0006__HSIMV2__7176-7176-92135-0038__SIRm3,908,8224,10,0.0,0.0,0.0,0.0,0.0,44.741941199526664,17.419487413217478
908-31957-0006_8224-274381-0015__T2__8224-8224-274381-0015__HSIMV2__8455-8455-210777-0070__SIRm3,8224,908,10,0.0,0.1,0.0,0.0,0.0,47.94092673670717,18.24826152647704
908-31957-0007_5105-28233-0000__T1__908-908-31957-0007__HSIMV2__7176-7176-92135-0034__SIRm3,908,5105,7,0.0,0.0,0.0,0.0,0.0,50.707494562831855,19.57355604046501
908-31957-0007_5105-28233-0000__T2__5105-5105-28233-0000__HSIMV2__1320-1320-122617-0025__SIRm3,5105,908,8,0.0,0.0,0.0,0.0,0.0,52.7714516275851,19.38208583792341
908-31957-0008_121-121726-0012__T1__908-908-31957-0008__HSIMV2__7176-7176-88083-0010__SIRm3,908,121,12,0.0,0.0,0.0,0.0,0.0,41.14128804585628,15.98170755608939
908-31957-0008_121-121726-0012__T2__121-121-121726-0012__HSIMV2__237-237-134493-0004__SIRm3,121,908,7,0.2857142857142857,0.2857142857142857,0.2857142857142857,0.2857142857142857,0.2857142857142857,18.321941834956156,2.47088235469907
908-31957-0008_2961-961-0010__T1__908-908-31957-0008__HSIMV2__7176-7176-92135-0007__SIRm3,908,2961,5,0.0,0.0,0.0,0.0,0.0,46.966367728614955,17.406666670931106
908-31957-0008_2961-961-0010__T2__2961-2961-961-0010__HSIMV2__3570-3570-5695-0004__SIRm3,2961,908,14,0.0,0.0,0.0,0.0,0.0,55.21944031092031,21.16626628863648
908-31957-0008_4446-2271-0020__T1__908-908-31957-0008__HSIMV2__7176-7176-92135-0028__SIRm3,908,4446,5,0.0,0.0,0.0,0.0,0.0,42.42923045976548,16.83898669733779
908-31957-0008_4446-2271-0020__T2__4446-4446-2271-0020__HSIMV2__1284-1284-1180-0009__SIRm3,4446,908,11,1.0,1.0,1.0,1.0,1.0,-58.52271071121871,-33.95400482800002
908-31957-0009_2094-142345-0024__T1__908-908-31957-0009__HSIMV2__7176-7176-92135-0022__SIRm3,908,2094,14,0.0,0.0,0.0,0.0,0.0,51.5018667579562,18.40853341382964
908-31957-0009_2094-142345-0024__T2__2094-2094-142345-0024__HSIMV2__3729-3729-6852-0032__SIRm3,2094,908,9,0.0,0.0,0.0,0.0,0.0,46.9897205452412,21.05423035069428
908-31957-0012_6829-68769-0025__T1__908-908-31957-0012__HSIMV2__7176-7176-92135-0041__SIRm3,908,6829,8,0.0,0.0,0.0,0.0,0.0,49.120845011346574,18.901085939395724
908-31957-0012_6829-68769-0025__T2__6829-6829-68769-0025__HSIMV2__4446-4446-2275-0005__SIRm3,6829,908,7,0.0,0.0,0.0,0.0,0.0,53.77006430807962,18.02557652753381
908-31957-0014_3729-6852-0031__T1__908-908-31957-0014__HSIMV2__7176-7176-88083-0026__SIRm3,908,3729,10,0.0,0.0,0.0,0.0,0.0,45.60824125961373,16.840660634255364
908-31957-0014_3729-6852-0031__T2__3729-3729-6852-0031__HSIMV2__4507-4507-16021-0035__SIRm3,3729,908,7,0.0,0.0,0.0,0.0,0.0,54.602881175336236,18.253408825932123
908-31957-0017_2094-142345-0005__T1__908-908-31957-0017__HSIMV2__7176-7176-92135-0023__SIRm3,908,2094,11,0.0,0.0,0.0,0.0,0.0,47.460733790543124,16.54537422266543
908-31957-0017_2094-142345-0005__T2__2094-2094-142345-0005__HSIMV2__3729-3729-6852-0046__SIRm3,2094,908,17,0.0,0.0,0.0,0.0,0.0,54.98014355178753,18.626656219998782
908-31957-0017_5683-32866-0013__T1__908-908-31957-0017__HSIMV2__7176-7176-88083-0003__SIRm3,908,5683,14,0.0,0.0,0.0,0.0,0.0,50.27151196717416,17.202117980070163
908-31957-0017_5683-32866-0013__T2__5683-5683-32866-0013__HSIMV2__1221-1221-135767-0021__SIRm3,5683,908,18,0.0,0.0,0.0,0.0,0.0,45.43174194973028,18.10884869062913
908-31957-0017_6930-81414-0004__T1__908-908-31957-0017__HSIMV2__7176-7176-92135-0008__SIRm3,908,6930,7,0.0,0.0,0.0,0.14285714285714285,0.0,20.543934187876697,4.361786101275787
908-31957-0017_6930-81414-0004__T2__6930-6930-81414-0004__HSIMV2__260-260-123440-0009__SIRm3,6930,908,5,0.0,0.0,0.0,0.0,0.0,47.179493708739145,17.192499163786124
908-31957-0018_5683-32879-0022__T1__908-908-31957-0018__HSIMV2__7176-7176-92135-0015__SIRm3,908,5683,6,0.0,0.0,0.0,0.0,0.0,45.60343205937358,17.173191234194782
908-31957-0018_5683-32879-0022__T2__5683-5683-32879-0022__HSIMV2__237-237-126133-0009__SIRm3,5683,908,6,0.0,0.0,0.0,0.0,0.0,55.31239223776449,20.617738499727043
908-31957-0018_7021-85628-0011__T1__908-908-31957-0018__HSIMV2__7176-7176-92135-0012__SIRm3,908,7021,6,0.0,0.0,0.0,0.0,0.0,43.734593938782346,16.983637042674616
908-31957-0018_7021-85628-0011__T2__7021-7021-85628-0011__HSIMV2__5105-5105-28241-0002__SIRm3,7021,908,16,0.0,0.0,0.0,0.0,0.0,52.068559963548005,19.479639389914883
908-31957-0019_4970-29095-0028__T1__908-908-31957-0019__HSIMV2__7176-7176-88083-0003__SIRm3,908,4970,14,0.0,0.0,0.0,0.0,0.0,48.28210177323097,18.32136847506392
908-31957-0019_4970-29095-0028__T2__4970-4970-29095-0028__HSIMV2__6829-6829-68771-0029__SIRm3,4970,908,16,0.0,0.0,0.0,0.0,0.0,47.06568760528083,19.44620979650707
908-31957-0022_1221-135766-0007__T1__908-908-31957-0022__HSIMV2__7176-7176-92135-0034__SIRm3,908,1221,7,1.0,1.0,1.0,1.0,1.0,-46.7317834954343,-26.69562292737607
908-31957-0022_1221-135766-0007__T2__1221-1221-135766-0007__HSIMV2__4992-4992-23283-0020__SIRm3,1221,908,16,0.0,0.0,0.0,0.0,0.0,49.36172008382035,17.8960732672249
908-31957-0022_6930-81414-0014__T1__908-908-31957-0022__HSIMV2__7176-7176-92135-0031__SIRm3,908,6930,18,0.0,0.0,0.0,0.0,0.0,49.00907133163652,16.853213632444092
908-31957-0022_6930-81414-0014__T2__6930-6930-81414-0014__HSIMV2__260-260-123440-0018__SIRm3,6930,908,6,0.0,0.0,0.0,0.0,0.0,62.78058372188784,19.91797662314488
908-31957-0023_5142-33396-0065__T1__908-908-31957-0023__HSIMV2__7176-7176-92135-0024__SIRm3,908,5142,7,0.0,0.0,0.0,0.0,0.0,41.028273373660504,17.732518362226074
908-31957-0023_5142-33396-0065__T2__5142-5142-33396-0065__HSIMV2__4970-4970-29093-0018__SIRm3,5142,908,9,0.0,0.0,0.0,0.0,0.0,54.54958023080489,20.593436325767502
908-31957-0024_5142-36586-0004__T1__908-908-31957-0024__HSIMV2__7176-7176-92135-0016__SIRm3,908,5142,14,0.07142857142857142,0.0,0.0,0.0,0.0,49.642080895918255,17.046612402578855
908-31957-0024_5142-36586-0004__T2__5142-5142-36586-0004__HSIMV2__4970-4970-29093-0023__SIRm3,5142,908,6,0.0,0.0,0.0,0.0,0.0,47.49870628925047,18.993716934937755
908-31957-0024_5683-32865-0017__T1__908-908-31957-0024__HSIMV2__7176-7176-88083-0021__SIRm3,908,5683,14,0.21428571428571427,0.0,0.0,0.0,0.0,42.28310693044114,17.934114353472502
908-31957-0024_5683-32865-0017__T2__5683-5683-32865-0017__HSIMV2__237-237-134500-0027__SIRm3,5683,908,5,1.0,1.0,1.0,1.0,1.0,-51.98685351648661,-27.984954932930528
