key,target_spk,interferer_spk,num_chunks,mean_local_target_interferer_si_sdr_gap,waveform_interferer_rate,wav2vec2_content_mismatch_rate,wavlm_content_mismatch_rate,hubert_content_mismatch_rate,two_verifier_content_mismatch_rate,two_verifier_si_sdr_confirmed_drift_rate,tri_verifier_content_mismatch_rate,tri_verifier_si_sdr_confirmed_drift_rate,any_two_verifier_content_mismatch,any_two_verifier_si_sdr_confirmed_drift,any_tri_verifier_content_mismatch,any_tri_verifier_si_sdr_confirmed_drift,two_verifier_content_mismatch_ge20pct,two_verifier_si_sdr_confirmed_drift_ge20pct,tri_verifier_content_mismatch_ge20pct,tri_verifier_si_sdr_confirmed_drift_ge20pct
1089-134686-0000_121-127105-0031__T1__NBASIC__1089,1089,121,18,36.68273677309381,0.0,0.0,0.0,0.0,0.0,0.0,0.0,0.0,0,0,0,0,0,0,0,0
1089-134686-0000_121-127105-0031__T2__NBASIC__121,121,1089,18,32.759098563051566,0.0,0.0,0.0,0.0,0.0,0.0,0.0,0.0,0,0,0,0,0,0,0,0
1089-134686-0002_7729-102255-0037__T1__NBASIC__1089,1089,7729,12,16.213099955788664,0.0,0.08333333333333333,0.0,0.0,0.0,0.0,0.0,0.0,0,0,0,0,0,0,0,0
1089-134686-0002_7729-102255-0037__T2__NBASIC__7729,7729,1089,12,8.8536614503009,0.08333333333333333,0.16666666666666666,0.25,0.3333333333333333,0.08333333333333333,0.08333333333333333,0.08333333333333333,0.08333333333333333,1,1,1,1,0,0,0,0
1089-134686-0004_1284-1180-0027__T1__NBASIC__1089,1089,1284,5,31.960627598338238,0.0,0.0,0.0,0.0,0.0,0.0,0.0,0.0,0,0,0,0,0,0,0,0
1089-134686-0004_1284-1180-0027__T2__NBASIC__1284,1284,1089,5,32.06780825521594,0.0,0.0,0.0,0.0,0.0,0.0,0.0,0.0,0,0,0,0,0,0,0,0
1089-134686-0006_1580-141083-0022__T1__NBASIC__1089,1089,1580,5,44.66324973961978,0.0,0.0,0.0,0.0,0.0,0.0,0.0,0.0,0,0,0,0,0,0,0,0
1089-134686-0006_1580-141083-0022__T2__NBASIC__1580,1580,1089,5,38.28427246825583,0.0,0.0,0.0,0.0,0.0,0.0,0.0,0.0,0,0,0,0,0,0,0,0
1089-134686-0007_1995-1836-0000__T1__NBASIC__1089,1089,1995,7,35.306901944702894,0.0,0.0,0.0,0.0,0.0,0.0,0.0,0.0,0,0,0,0,0,0,0,0
1089-134686-0007_1995-1836-0000__T2__NBASIC__1995,1995,1089,7,36.995323893142285,0.0,0.0,0.14285714285714285,0.14285714285714285,0.0,0.0,0.0,0.0,0,0,0,0,0,0,0,0
1089-134686-0008_672-122797-0007__T1__NBASIC__1089,1089,672,11,26.89689124528968,0.09090909090909091,0.0,0.0,0.18181818181818182,0.0,0.0,0.0,0.0,0,0,0,0,0,0,0,0
1089-134686-0008_672-122797-0007__T2__NBASIC__672,672,1089,11,22.770110785519293,0.0,0.09090909090909091,0.09090909090909091,0.09090909090909091,0.09090909090909091,0.0,0.09090909090909091,0.0,1,0,1,0,0,0,0,0
1089-134686-0015_4970-29093-0003__T1__NBASIC__1089,1089,4970,10,52.03410207499037,0.0,0.0,0.0,0.0,0.0,0.0,0.0,0.0,0,0,0,0,0,0,0,0
1089-134686-0015_4970-29093-0003__T2__NBASIC__4970,4970,1089,10,46.247960084607016,0.0,0.1,0.0,0.1,0.0,0.0,0.0,0.0,0,0,0,0,0,0,0,0
1089-134686-0019_5142-33396-0021__T1__NBASIC__1089,1089,5142,6,45.89436737402174,0.0,0.0,0.0,0.0,0.0,0.0,0.0,0.0,0,0,0,0,0,0,0,0
1089-134686-0019_5142-33396-0021__T2__NBASIC__5142,5142,1089,6,39.1822844984125,0.0,0.0,0.0,0.0,0.0,0.0,0.0,0.0,0,0,0,0,0,0,0,0
1089-134686-0023_6829-68771-0020__T1__NBASIC__1089,1089,6829,8,36.04112158220566,0.0,0.0,0.0,0.0,0.0,0.0,0.0,0.0,0,0,0,0,0,0,0,0
1089-134686-0023_6829-68771-0020__T2__NBASIC__6829,6829,1089,8,38.095663721276175,0.0,0.0,0.0,0.0,0.0,0.0,0.0,0.0,0,0,0,0,0,0,0,0
1089-134686-0024_1995-1836-0013__T1__NBASIC__1089,1089,1995,9,33.16445307168272,0.0,0.0,0.0,0.0,0.0,0.0,0.0,0.0,0,0,0,0,0,0,0,0
1089-134686-0024_1995-1836-0013__T2__NBASIC__1995,1995,1089,9,36.387714170421184,0.0,0.0,0.0,0.0,0.0,0.0,0.0,0.0,0,0,0,0,0,0,0,0
1089-134686-0026_8224-274384-0010__T1__NBASIC__1089,1089,8224,7,27.585396918059335,0.0,0.0,0.0,0.0,0.0,0.0,0.0,0.0,0,0,0,0,0,0,0,0
1089-134686-0026_8224-274384-0010__T2__NBASIC__8224,8224,1089,7,32.811121858027406,0.0,0.0,0.14285714285714285,0.14285714285714285,0.0,0.0,0.0,0.0,0,0,0,0,0,0,0,0
1089-134686-0028_6829-68771-0025__T1__NBASIC__1089,1089,6829,14,36.30883635026209,0.0,0.0,0.0,0.0,0.0,0.0,0.0,0.0,0,0,0,0,0,0,0,0
1089-134686-0028_6829-68771-0025__T2__NBASIC__6829,6829,1089,14,35.537246169559225,0.0,0.0,0.0,0.0,0.0,0.0,0.0,0.0,0,0,0,0,0,0,0,0
1089-134686-0031_61-70968-0026__T1__NBASIC__1089,1089,61,8,17.604753599277082,0.0,0.0,0.0,0.0,0.0,0.0,0.0,0.0,0,0,0,0,0,0,0,0
1089-134686-0031_61-70968-0026__T2__NBASIC__61,61,1089,8,-10.117630828649009,1.0,0.75,0.875,0.75,0.75,0.75,0.75,0.75,1,1,1,1,1,1,1,1
1089-134686-0032_4507-16021-0049__T1__NBASIC__1089,1089,4507,7,33.600768549400705,0.0,0.0,0.0,0.0,0.0,0.0,0.0,0.0,0,0,0,0,0,0,0,0
1089-134686-0032_4507-16021-0049__T2__NBASIC__4507,4507,1089,7,40.80960894646932,0.0,0.0,0.0,0.0,0.0,0.0,0.0,0.0,0,0,0,0,0,0,0,0
1089-134686-0033_1320-122612-0001__T1__NBASIC__1089,1089,1320,5,32.281959880726546,0.0,0.0,0.0,0.0,0.0,0.0,0.0,0.0,0,0,0,0,0,0,0,0
1089-134686-0033_1320-122612-0001__T2__NBASIC__1320,1320,1089,5,31.446592532293447,0.0,0.0,0.0,0.0,0.0,0.0,0.0,0.0,0,0,0,0,0,0,0,0
1089-134686-0034_5639-40744-0005__T1__NBASIC__1089,1089,5639,10,21.902601756171034,0.0,0.1,0.3,0.1,0.1,0.0,0.1,0.0,1,0,1,0,0,0,0,0
1089-134686-0034_5639-40744-0005__T2__NBASIC__5639,5639,1089,10,30.23651363518379,0.0,0.0,0.0,0.0,0.0,0.0,0.0,0.0,0,0,0,0,0,0,0,0
1089-134686-0035_2300-131720-0025__T1__NBASIC__1089,1089,2300,5,16.287229536818412,0.0,0.0,0.0,0.2,0.0,0.0,0.0,0.0,0,0,0,0,0,0,0,0
1089-134686-0035_2300-131720-0025__T2__NBASIC__2300,2300,1089,5,15.801055809424565,0.0,0.2,0.2,0.2,0.2,0.0,0.2,0.0,1,0,1,0,1,0,1,0
1089-134686-0036_6930-75918-0008__T1__NBASIC__1089,1089,6930,5,32.87373543611952,0.0,0.0,0.0,0.0,0.0,0.0,0.0,0.0,0,0,0,0,0,0,0,0
1089-134686-0036_6930-75918-0008__T2__NBASIC__6930,6930,1089,5,35.716766276400875,0.0,0.0,0.0,0.0,0.0,0.0,0.0,0.0,0,0,0,0,0,0,0,0
1089-134686-0037_4446-2271-0000__T1__NBASIC__1089,1089,4446,5,31.065924546779097,0.0,0.0,0.0,0.0,0.0,0.0,0.0,0.0,0,0,0,0,0,0,0,0
1089-134686-0037_4446-2271-0000__T2__NBASIC__4446,4446,1089,5,27.804949004698564,0.0,0.0,0.0,0.0,0.0,0.0,0.0,0.0,0,0,0,0,0,0,0,0
1089-134691-0002_8455-210777-0005__T1__NBASIC__1089,1089,8455,10,29.13327282151955,0.0,0.0,0.0,0.0,0.0,0.0,0.0,0.0,0,0,0,0,0,0,0,0
1089-134691-0002_8455-210777-0005__T2__NBASIC__8455,8455,1089,10,28.542605899817623,0.0,0.0,0.0,0.0,0.0,0.0,0.0,0.0,0,0,0,0,0,0,0,0
1089-134691-0006_4446-2275-0012__T1__NBASIC__1089,1089,4446,10,35.49162956672137,0.0,0.1,0.0,0.0,0.0,0.0,0.0,0.0,0,0,0,0,0,0,0,0
1089-134691-0006_4446-2275-0012__T2__NBASIC__4446,4446,1089,10,34.0644700807308,0.0,0.0,0.0,0.0,0.0,0.0,0.0,0.0,0,0,0,0,0,0,0,0
1089-134691-0013_4992-23283-0007__T1__NBASIC__1089,1089,4992,7,29.960925283332813,0.0,0.0,0.0,0.0,0.0,0.0,0.0,0.0,0,0,0,0,0,0,0,0
1089-134691-0013_4992-23283-0007__T2__NBASIC__4992,4992,1089,7,39.72115748694679,0.0,0.0,0.0,0.0,0.0,0.0,0.0,0.0,0,0,0,0,0,0,0,0
1089-134691-0014_237-134500-0012__T1__NBASIC__1089,1089,237,8,32.96437090263346,0.0,0.0,0.0,0.0,0.0,0.0,0.0,0.0,0,0,0,0,0,0,0,0
1089-134691-0014_237-134500-0012__T2__NBASIC__237,237,1089,8,41.399907042312705,0.0,0.0,0.0,0.0,0.0,0.0,0.0,0.0,0,0,0,0,0,0,0,0
1089-134691-0015_3575-170457-0015__T1__NBASIC__1089,1089,3575,4,28.456366459734802,0.0,0.0,0.0,0.0,0.0,0.0,0.0,0.0,0,0,0,0,0,0,0,0
1089-134691-0015_3575-170457-0015__T2__NBASIC__3575,3575,1089,4,36.79389406016951,0.0,0.0,0.0,0.0,0.0,0.0,0.0,0.0,0,0,0,0,0,0,0,0
1089-134691-0020_7021-85628-0000__T1__NBASIC__1089,1089,7021,5,-38.78737528558963,1.0,1.0,1.0,1.0,1.0,1.0,1.0,1.0,1,1,1,1,1,1,1,1
1089-134691-0020_7021-85628-0000__T2__NBASIC__7021,7021,1089,5,42.78968742114668,0.0,0.0,0.0,0.0,0.0,0.0,0.0,0.0,0,0,0,0,0,0,0,0
1089-134691-0023_1580-141083-0000__T1__NBASIC__1089,1089,1580,14,35.83035493615944,0.0,0.0,0.0,0.0,0.0,0.0,0.0,0.0,0,0,0,0,0,0,0,0
1089-134691-0023_1580-141083-0000__T2__NBASIC__1580,1580,1089,14,29.091630262796944,0.0,0.0,0.0,0.0,0.0,0.0,0.0,0.0,0,0,0,0,0,0,0,0
1089-134691-0025_4970-29095-0012__T1__NBASIC__1089,1089,4970,8,36.14292453498591,0.0,0.0,0.0,0.0,0.0,0.0,0.0,0.0,0,0,0,0,0,0,0,0
1089-134691-0025_4970-29095-0012__T2__NBASIC__4970,4970,1089,8,36.727684032690135,0.0,0.0,0.0,0.0,0.0,0.0,0.0,0.0,0,0,0,0,0,0,0,0
1188-133604-0001_1995-1826-0012__T1__NBASIC__1188,1188,1995,10,38.10073465591535,0.0,0.0,0.0,0.0,0.0,0.0,0.0,0.0,0,0,0,0,0,0,0,0
1188-133604-0001_1995-1826-0012__T2__NBASIC__1995,1995,1188,10,39.730333679879855,0.0,0.0,0.0,0.0,0.0,0.0,0.0,0.0,0,0,0,0,0,0,0,0
1188-133604-0004_672-122797-0017__T1__NBASIC__1188,1188,672,8,33.28703098914035,0.0,0.0,0.0,0.0,0.0,0.0,0.0,0.0,0,0,0,0,0,0,0,0
1188-133604-0004_672-122797-0017__T2__NBASIC__672,672,1188,8,-29.177521265796678,1.0,1.0,1.0,1.0,1.0,1.0,1.0,1.0,1,1,1,1,1,1,1,1
1188-133604-0005_4446-2271-0003__T1__NBASIC__1188,1188,4446,6,36.17173140853632,0.0,0.0,0.0,0.0,0.0,0.0,0.0,0.0,0,0,0,0,0,0,0,0
1188-133604-0005_4446-2271-0003__T2__NBASIC__4446,4446,1188,6,27.433919506590115,0.0,0.0,0.0,0.0,0.0,0.0,0.0,0.0,0,0,0,0,0,0,0,0
1188-133604-0011_4970-29095-0008__T1__NBASIC__1188,1188,4970,5,31.076834664855358,0.0,0.0,0.0,0.0,0.0,0.0,0.0,0.0,0,0,0,0,0,0,0,0
1188-133604-0011_4970-29095-0008__T2__NBASIC__4970,4970,1188,5,27.33348266206553,0.0,0.0,0.0,0.0,0.0,0.0,0.0,0.0,0,0,0,0,0,0,0,0
1188-133604-0012_5105-28241-0016__T1__NBASIC__1188,1188,5105,11,32.30514166271168,0.0,0.0,0.0,0.0,0.0,0.0,0.0,0.0,0,0,0,0,0,0,0,0
1188-133604-0012_5105-28241-0016__T2__NBASIC__5105,5105,1188,11,33.38090605687894,0.0,0.0,0.0,0.0,0.0,0.0,0.0,0.0,0,0,0,0,0,0,0,0
1188-133604-0016_7176-88083-0018__T1__NBASIC__1188,1188,7176,19,21.796245628018696,0.0,0.10526315789473684,0.21052631578947367,0.05263157894736842,0.10526315789473684,0.0,0.05263157894736842,0.0,1,0,1,0,0,0,0,0
1188-133604-0016_7176-88083-0018__T2__NBASIC__7176,7176,1188,19,15.896423202051494,0.05263157894736842,0.0,0.0,0.0,0.0,0.0,0.0,0.0,0,0,0,0,0,0,0,0
1188-133604-0017_6930-81414-0007__T1__NBASIC__1188,1188,6930,7,45.97957344512284,0.0,0.0,0.0,0.0,0.0,0.0,0.0,0.0,0,0,0,0,0,0,0,0
1188-133604-0017_6930-81414-0007__T2__NBASIC__6930,6930,1188,7,38.51040088362236,0.0,0.0,0.0,0.0,0.0,0.0,0.0,0.0,0,0,0,0,0,0,0,0
1188-133604-0019_8224-274384-0008__T1__NBASIC__1188,1188,8224,23,38.4111900440984,0.0,0.0,0.0,0.0,0.0,0.0,0.0,0.0,0,0,0,0,0,0,0,0
1188-133604-0019_8224-274384-0008__T2__NBASIC__8224,8224,1188,23,-2.791928050228266,0.6956521739130435,0.6956521739130435,0.6956521739130435,0.6956521739130435,0.6521739130434783,0.5652173913043478,0.6086956521739131,0.5652173913043478,1,1,1,1,1,1,1,1
1188-133604-0020_3729-6852-0044__T1__NBASIC__1188,1188,3729,12,41.17424818205261,0.0,0.0,0.0,0.0,0.0,0.0,0.0,0.0,0,0,0,0,0,0,0,0
1188-133604-0020_3729-6852-0044__T2__NBASIC__3729,3729,1188,12,34.74797420009854,0.0,0.0,0.0,0.0,0.0,0.0,0.0,0.0,0,0,0,0,0,0,0,0
1188-133604-0022_1221-135767-0019__T1__NBASIC__1188,1188,1221,6,48.5628316057424,0.0,0.0,0.0,0.0,0.0,0.0,0.0,0.0,0,0,0,0,0,0,0,0
1188-133604-0022_1221-135767-0019__T2__NBASIC__1221,1221,1188,6,44.2364498014634,0.0,0.0,0.0,0.0,0.0,0.0,0.0,0.0,0,0,0,0,0,0,0,0
1188-133604-0025_4992-23283-0016__T1__NBASIC__1188,1188,4992,7,23.432370791040483,0.0,0.0,0.0,0.0,0.0,0.0,0.0,0.0,0,0,0,0,0,0,0,0
1188-133604-0025_4992-23283-0016__T2__NBASIC__4992,4992,1188,7,-13.904324790072087,1.0,1.0,0.8571428571428571,1.0,0.8571428571428571,0.8571428571428571,0.8571428571428571,0.8571428571428571,1,1,1,1,1,1,1,1
1188-133604-0029_8455-210777-0003__T1__NBASIC__1188,1188,8455,6,41.85374225358018,0.0,0.0,0.0,0.0,0.0,0.0,0.0,0.0,0,0,0,0,0,0,0,0
1188-133604-0029_8455-210777-0003__T2__NBASIC__8455,8455,1188,6,32.22635434817214,0.0,0.0,0.0,0.0,0.0,0.0,0.0,0.0,0,0,0,0,0,0,0,0
1188-133604-0033_7127-75947-0027__T1__NBASIC__1188,1188,7127,12,38.916811285284695,0.0,0.0,0.0,0.0,0.0,0.0,0.0,0.0,0,0,0,0,0,0,0,0
1188-133604-0033_7127-75947-0027__T2__NBASIC__7127,7127,1188,12,38.18274753672355,0.0,0.0,0.0,0.0,0.0,0.0,0.0,0.0,0,0,0,0,0,0,0,0
1188-133604-0036_2961-960-0007__T1__NBASIC__1188,1188,2961,14,34.872923071288554,0.0,0.14285714285714285,0.07142857142857142,0.0,0.07142857142857142,0.0,0.0,0.0,1,0,0,0,0,0,0,0
1188-133604-0036_2961-960-0007__T2__NBASIC__2961,2961,1188,14,38.06895128507515,0.0,0.0,0.0,0.0,0.0,0.0,0.0,0.0,0,0,0,0,0,0,0,0
1188-133604-0038_5142-33396-0043__T1__NBASIC__1188,1188,5142,6,49.00217712188015,0.0,0.0,0.0,0.0,0.0,0.0,0.0,0.0,0,0,0,0,0,0,0,0
1188-133604-0038_5142-33396-0043__T2__NBASIC__5142,5142,1188,6,42.13014614710726,0.0,0.0,0.0,0.0,0.0,0.0,0.0,0.0,0,0,0,0,0,0,0,0
1188-133604-0040_4970-29093-0002__T1__NBASIC__1188,1188,4970,5,35.9223633522736,0.0,0.0,0.0,0.0,0.0,0.0,0.0,0.0,0,0,0,0,0,0,0,0
1188-133604-0040_4970-29093-0002__T2__NBASIC__4970,4970,1188,5,28.36158940608914,0.0,0.2,0.0,0.0,0.0,0.0,0.0,0.0,0,0,0,0,0,0,0,0
121-121726-0000_3570-5694-0022__T1__NBASIC__121,121,3570,7,37.72390544703315,0.0,0.0,0.0,0.0,0.0,0.0,0.0,0.0,0,0,0,0,0,0,0,0
121-121726-0000_3570-5694-0022__T2__NBASIC__3570,3570,121,7,35.7000138742346,0.0,0.0,0.0,0.0,0.0,0.0,0.0,0.0,0,0,0,0,0,0,0,0
121-121726-0003_672-122797-0059__T1__NBASIC__121,121,672,6,13.406316880555083,0.0,0.6666666666666666,0.3333333333333333,0.5,0.3333333333333333,0.0,0.3333333333333333,0.0,1,0,1,0,1,0,1,0
121-121726-0003_672-122797-0059__T2__NBASIC__672,672,121,6,20.186716247925574,0.0,0.0,0.16666666666666666,0.0,0.0,0.0,0.0,0.0,0,0,0,0,0,0,0,0
121-121726-0006_61-70970-0003__T1__NBASIC__121,121,61,6,32.19862583691186,0.0,0.3333333333333333,0.3333333333333333,0.16666666666666666,0.3333333333333333,0.0,0.16666666666666666,0.0,1,0,1,0,1,0,0,0
121-121726-0006_61-70970-0003__T2__NBASIC__61,61,121,6,28.43659691447814,0.0,0.0,0.0,0.0,0.0,0.0,0.0,0.0,0,0,0,0,0,0,0,0
121-121726-0008_4446-2273-0000__T1__NBASIC__121,121,4446,8,26.86377843604188,0.0,0.25,0.125,0.0,0.125,0.0,0.0,0.0,1,0,0,0,0,0,0,0
121-121726-0008_4446-2273-0000__T2__NBASIC__4446,4446,121,8,30.518162107041103,0.0,0.125,0.0,0.0,0.0,0.0,0.0,0.0,0,0,0,0,0,0,0,0
121-121726-0010_260-123286-0031__T1__NBASIC__121,121,260,8,33.23458096593082,0.0,0.125,0.0,0.0,0.0,0.0,0.0,0.0,0,0,0,0,0,0,0,0
121-121726-0010_260-123286-0031__T2__NBASIC__260,260,121,8,27.88411811293568,0.0,0.0,0.0,0.0,0.0,0.0,0.0,0.0,0,0,0,0,0,0,0,0
121-121726-0011_237-126133-0017__T1__NBASIC__121,121,237,7,-5.087594654983522,0.42857142857142855,0.7142857142857143,0.7142857142857143,0.8571428571428571,0.7142857142857143,0.42857142857142855,0.7142857142857143,0.42857142857142855,1,1,1,1,1,1,1,1
121-121726-0011_237-126133-0017__T2__NBASIC__237,237,121,7,26.792167377580434,0.0,0.14285714285714285,0.14285714285714285,0.0,0.14285714285714285,0.0,0.0,0.0,1,0,0,0,0,0,0,0
121-121726-0014_7021-79740-0000__T1__NBASIC__121,121,7021,5,34.2362446806951,0.0,0.4,0.0,0.0,0.0,0.0,0.0,0.0,0,0,0,0,0,0,0,0
121-121726-0014_7021-79740-0000__T2__NBASIC__7021,7021,121,5,40.529184122182926,0.0,0.0,0.0,0.0,0.0,0.0,0.0,0.0,0,0,0,0,0,0,0,0
121-123852-0002_1188-133604-0003__T1__NBASIC__121,121,1188,23,32.09421430433289,0.0,0.043478260869565216,0.0,0.0,0.0,0.0,0.0,0.0,0,0,0,0,0,0,0,0
121-123852-0002_1188-133604-0003__T2__NBASIC__1188,1188,121,23,39.35634470287975,0.0,0.0,0.0,0.0,0.0,0.0,0.0,0.0,0,0,0,0,0,0,0,0
121-123852-0004_7176-92135-0002__T1__NBASIC__121,121,7176,5,31.092454449408685,0.0,0.0,0.0,0.0,0.0,0.0,0.0,0.0,0,0,0,0,0,0,0,0
121-123852-0004_7176-92135-0002__T2__NBASIC__7176,7176,121,5,41.07309107108633,0.0,0.0,0.0,0.0,0.0,0.0,0.0,0.0,0,0,0,0,0,0,0,0
121-123859-0003_260-123288-0025__T1__NBASIC__121,121,260,18,31.973238748129926,0.0,0.05555555555555555,0.05555555555555555,0.05555555555555555,0.05555555555555555,0.0,0.05555555555555555,0.0,1,0,1,0,0,0,0,0
121-123859-0003_260-123288-0025__T2__NBASIC__260,260,121,18,44.43088471449392,0.0,0.0,0.0,0.0,0.0,0.0,0.0,0.0,0,0,0,0,0,0,0,0
121-123859-0004_2830-3980-0075__T1__NBASIC__121,121,2830,9,19.905188733109746,0.1111111111111111,0.2222222222222222,0.1111111111111111,0.1111111111111111,0.1111111111111111,0.1111111111111111,0.1111111111111111,0.1111111111111111,1,1,1,1,0,0,0,0
121-123859-0004_2830-3980-0075__T2__NBASIC__2830,2830,121,9,41.234175428900485,0.0,0.0,0.0,0.0,0.0,0.0,0.0,0.0,0,0,0,0,0,0,0,0
121-127105-0000_5142-33396-0044__T1__NBASIC__121,121,5142,8,26.54747553286765,0.0,0.0,0.125,0.0,0.0,0.0,0.0,0.0,0,0,0,0,0,0,0,0
121-127105-0000_5142-33396-0044__T2__NBASIC__5142,5142,121,8,25.155048306470427,0.0,0.125,0.0,0.0,0.0,0.0,0.0,0.0,0,0,0,0,0,0,0,0
121-127105-0002_4446-2273-0036__T1__NBASIC__121,121,4446,5,11.734929413672761,0.2,0.0,0.0,0.0,0.0,0.0,0.0,0.0,0,0,0,0,0,0,0,0
121-127105-0002_4446-2273-0036__T2__NBASIC__4446,4446,121,5,24.12924370543978,0.0,0.0,0.0,0.0,0.0,0.0,0.0,0.0,0,0,0,0,0,0,0,0
121-127105-0005_4507-16021-0046__T1__NBASIC__121,121,4507,8,31.596367088304625,0.0,0.125,0.0,0.0,0.0,0.0,0.0,0.0,0,0,0,0,0,0,0,0
121-127105-0005_4507-16021-0046__T2__NBASIC__4507,4507,121,8,37.02679860466376,0.0,0.0,0.0,0.0,0.0,0.0,0.0,0.0,0,0,0,0,0,0,0,0
121-127105-0019_4446-2275-0029__T1__NBASIC__121,121,4446,6,2.8795195566126166,0.3333333333333333,0.16666666666666666,0.3333333333333333,0.3333333333333333,0.16666666666666666,0.0,0.16666666666666666,0.0,1,0,1,0,0,0,0,0
121-127105-0019_4446-2275-0029__T2__NBASIC__4446,4446,121,6,15.560717383602485,0.0,0.3333333333333333,0.3333333333333333,0.16666666666666666,0.16666666666666666,0.0,0.16666666666666666,0.0,1,0,1,0,0,0,0,0
121-127105-0020_5683-32866-0030__T1__NBASIC__121,121,5683,8,18.28957528915245,0.125,0.125,0.125,0.125,0.125,0.125,0.125,0.125,1,1,1,1,0,0,0,0
121-127105-0020_5683-32866-0030__T2__NBASIC__5683,5683,121,8,27.022660681844872,0.0,0.0,0.0,0.0,0.0,0.0,0.0,0.0,0,0,0,0,0,0,0,0
121-127105-0023_1580-141083-0021__T1__NBASIC__121,121,1580,6,25.532977847642382,0.0,0.0,0.0,0.0,0.0,0.0,0.0,0.0,0,0,0,0,0,0,0,0
121-127105-0023_1580-141083-0021__T2__NBASIC__1580,1580,121,6,28.835424411724983,0.0,0.0,0.0,0.0,0.0,0.0,0.0,0.0,0,0,0,0,0,0,0,0
121-127105-0026_7127-75946-0017__T1__NBASIC__121,121,7127,14,19.98557339137333,0.0,0.0,0.0,0.0,0.0,0.0,0.0,0.0,0,0,0,0,0,0,0,0
121-127105-0026_7127-75946-0017__T2__NBASIC__7127,7127,121,14,22.261893566284982,0.0,0.0,0.0,0.0,0.0,0.0,0.0,0.0,0,0,0,0,0,0,0,0
121-127105-0035_1995-1826-0013__T1__NBASIC__121,121,1995,16,34.49373240784645,0.0,0.0,0.0625,0.0,0.0,0.0,0.0,0.0,0,0,0,0,0,0,0,0
121-127105-0035_1995-1826-0013__T2__NBASIC__1995,1995,121,16,28.891035189163357,0.0,0.125,0.0625,0.0,0.0625,0.0,0.0,0.0,1,0,0,0,0,0,0,0
121-127105-0036_5683-32865-0005__T1__NBASIC__121,121,5683,7,15.971990770736655,0.0,0.42857142857142855,0.14285714285714285,0.14285714285714285,0.14285714285714285,0.0,0.0,0.0,1,0,0,0,0,0,0,0
121-127105-0036_5683-32865-0005__T2__NBASIC__5683,5683,121,7,-8.233339782475902,0.8571428571428571,0.42857142857142855,0.7142857142857143,0.5714285714285714,0.42857142857142855,0.42857142857142855,0.42857142857142855,0.42857142857142855,1,1,1,1,1,1,1,1
1221-135766-0003_908-31957-0002__T1__NBASIC__1221,1221,908,8,33.54599541654154,0.0,0.0,0.0,0.0,0.0,0.0,0.0,0.0,0,0,0,0,0,0,0,0
1221-135766-0003_908-31957-0002__T2__NBASIC__908,908,1221,8,32.62589677974044,0.0,0.0,0.0,0.0,0.0,0.0,0.0,0.0,0,0,0,0,0,0,0,0
1221-135766-0006_7176-92135-0040__T1__NBASIC__1221,1221,7176,19,37.808005408939536,0.0,0.0,0.0,0.0,0.0,0.0,0.0,0.0,0,0,0,0,0,0,0,0
1221-135766-0006_7176-92135-0040__T2__NBASIC__7176,7176,1221,19,39.1606073700066,0.0,0.0,0.0,0.0,0.0,0.0,0.0,0.0,0,0,0,0,0,0,0,0
1221-135766-0009_5142-33396-0058__T1__NBASIC__1221,1221,5142,5,-17.81144831927283,1.0,0.6,0.8,1.0,0.6,0.6,0.6,0.6,1,1,1,1,1,1,1,1
1221-135766-0009_5142-33396-0058__T2__NBASIC__5142,5142,1221,5,32.58239758185119,0.0,0.0,0.0,0.0,0.0,0.0,0.0,0.0,0,0,0,0,0,0,0,0
1221-135766-0012_6930-76324-0003__T1__NBASIC__1221,1221,6930,5,31.403892476620616,0.0,0.0,0.0,0.0,0.0,0.0,0.0,0.0,0,0,0,0,0,0,0,0
1221-135766-0012_6930-76324-0003__T2__NBASIC__6930,6930,1221,5,34.62499528370471,0.0,0.0,0.0,0.0,0.0,0.0,0.0,0.0,0,0,0,0,0,0,0,0
1221-135766-0013_1284-1181-0013__T1__NBASIC__1221,1221,1284,6,35.453351869214,0.0,0.0,0.0,0.0,0.0,0.0,0.0,0.0,0,0,0,0,0,0,0,0
1221-135766-0013_1284-1181-0013__T2__NBASIC__1284,1284,1221,6,35.38203077233242,0.0,0.0,0.0,0.0,0.0,0.0,0.0,0.0,0,0,0,0,0,0,0,0
1221-135766-0014_3729-6852-0011__T1__NBASIC__1221,1221,3729,8,19.649578000592403,0.0,0.0,0.125,0.125,0.0,0.0,0.0,0.0,0,0,0,0,0,0,0,0
1221-135766-0014_3729-6852-0011__T2__NBASIC__3729,3729,1221,8,31.589195009466504,0.0,0.0,0.0,0.0,0.0,0.0,0.0,0.0,0,0,0,0,0,0,0,0
1221-135767-0001_7127-75947-0008__T1__NBASIC__1221,1221,7127,7,31.213814369382316,0.0,0.0,0.0,0.0,0.0,0.0,0.0,0.0,0,0,0,0,0,0,0,0
1221-135767-0001_7127-75947-0008__T2__NBASIC__7127,7127,1221,7,27.14145917898203,0.0,0.14285714285714285,0.0,0.0,0.0,0.0,0.0,0.0,0,0,0,0,0,0,0,0
1221-135767-0008_260-123286-0027__T1__NBASIC__1221,1221,260,5,34.71972336005233,0.0,0.0,0.0,0.0,0.0,0.0,0.0,0.0,0,0,0,0,0,0,0,0
1221-135767-0008_260-123286-0027__T2__NBASIC__260,260,1221,5,37.487227234259635,0.0,0.0,0.0,0.0,0.0,0.0,0.0,0.0,0,0,0,0,0,0,0,0
1221-135767-0010_1995-1837-0021__T1__NBASIC__1221,1221,1995,5,42.97519043013907,0.0,0.0,0.0,0.0,0.0,0.0,0.0,0.0,0,0,0,0,0,0,0,0
1221-135767-0010_1995-1837-0021__T2__NBASIC__1995,1995,1221,5,39.077643210351034,0.0,0.2,0.0,0.0,0.0,0.0,0.0,0.0,0,0,0,0,0,0,0,0
1221-135767-0014_2300-131720-0034__T1__NBASIC__1221,1221,2300,13,33.3834727042876,0.0,0.0,0.0,0.0,0.0,0.0,0.0,0.0,0,0,0,0,0,0,0,0
1221-135767-0014_2300-131720-0034__T2__NBASIC__2300,2300,1221,13,35.70592969786645,0.0,0.0,0.0,0.0,0.0,0.0,0.0,0.0,0,0,0,0,0,0,0,0
1221-135767-0016_4970-29093-0012__T1__NBASIC__1221,1221,4970,16,-13.282551673670547,0.875,0.625,0.5,0.75,0.375,0.375,0.375,0.375,1,1,1,1,1,1,1,1
1221-135767-0016_4970-29093-0012__T2__NBASIC__4970,4970,1221,16,8.538704224275111,0.125,0.5,0.625,0.4375,0.4375,0.125,0.375,0.0625,1,1,1,1,1,0,1,0
1221-135767-0020_61-70968-0009__T1__NBASIC__1221,1221,61,5,28.644148636486786,0.0,0.0,0.0,0.0,0.0,0.0,0.0,0.0,0,0,0,0,0,0,0,0
1221-135767-0020_61-70968-0009__T2__NBASIC__61,61,1221,5,33.19541986668706,0.0,0.0,0.0,0.0,0.0,0.0,0.0,0.0,0,0,0,0,0,0,0,0
1221-135767-0024_8555-284449-0015__T1__NBASIC__1221,1221,8555,9,34.44017703383139,0.0,0.0,0.1111111111111111,0.0,0.0,0.0,0.0,0.0,0,0,0,0,0,0,0,0
1221-135767-0024_8555-284449-0015__T2__NBASIC__8555,8555,1221,9,15.734516025835255,0.3333333333333333,0.4444444444444444,0.4444444444444444,0.4444444444444444,0.4444444444444444,0.3333333333333333,0.4444444444444444,0.3333333333333333,1,1,1,1,1,1,1,1
1284-1180-0002_61-70970-0009__T1__NBASIC__1284,1284,61,5,32.88884777047174,0.0,0.0,0.0,0.0,0.0,0.0,0.0,0.0,0,0,0,0,0,0,0,0
1284-1180-0002_61-70970-0009__T2__NBASIC__61,61,1284,5,30.3655244044164,0.0,0.0,0.0,0.0,0.0,0.0,0.0,0.0,0,0,0,0,0,0,0,0
1284-1180-0004_8455-210777-0031__T1__NBASIC__1284,1284,8455,7,30.24331922479854,0.0,0.0,0.0,0.0,0.0,0.0,0.0,0.0,0,0,0,0,0,0,0,0
1284-1180-0004_8455-210777-0031__T2__NBASIC__8455,8455,1284,7,27.20603850435218,0.0,0.0,0.0,0.0,0.0,0.0,0.0,0.0,0,0,0,0,0,0,0,0
1284-1180-0005_6829-68771-0000__T1__NBASIC__1284,1284,6829,12,34.06806057874554,0.0,0.0,0.0,0.0,0.0,0.0,0.0,0.0,0,0,0,0,0,0,0,0
1284-1180-0005_6829-68771-0000__T2__NBASIC__6829,6829,1284,12,31.180564573403032,0.0,0.0,0.0,0.0,0.0,0.0,0.0,0.0,0,0,0,0,0,0,0,0
1284-1180-0006_121-127105-0022__T1__NBASIC__1284,1284,121,9,41.5703451947928,0.0,0.0,0.0,0.0,0.0,0.0,0.0,0.0,0,0,0,0,0,0,0,0
1284-1180-0006_121-127105-0022__T2__NBASIC__121,121,1284,9,26.631409429433145,0.0,0.1111111111111111,0.1111111111111111,0.0,0.0,0.0,0.0,0.0,0,0,0,0,0,0,0,0
1284-1180-0007_2094-142345-0002__T1__NBASIC__1284,1284,2094,11,41.80178260626112,0.0,0.0,0.0,0.0,0.0,0.0,0.0,0.0,0,0,0,0,0,0,0,0
1284-1180-0007_2094-142345-0002__T2__NBASIC__2094,2094,1284,11,35.748805402532945,0.0,0.0,0.0,0.0,0.0,0.0,0.0,0.0,0,0,0,0,0,0,0,0
1284-1180-0009_1580-141083-0045__T1__NBASIC__1284,1284,1580,7,39.45495839293545,0.0,0.0,0.0,0.0,0.0,0.0,0.0,0.0,0,0,0,0,0,0,0,0
1284-1180-0009_1580-141083-0045__T2__NBASIC__1580,1580,1284,7,30.063585872687476,0.0,0.14285714285714285,0.0,0.0,0.0,0.0,0.0,0.0,0,0,0,0,0,0,0,0
1284-1180-0010_1580-141084-0008__T1__NBASIC__1284,1284,1580,12,40.79365735592113,0.0,0.0,0.0,0.0,0.0,0.0,0.0,0.0,0,0,0,0,0,0,0,0
1284-1180-0010_1580-141084-0008__T2__NBASIC__1580,1580,1284,12,39.870147058420415,0.0,0.0,0.0,0.0,0.0,0.0,0.0,0.0,0,0,0,0,0,0,0,0
1284-1180-0010_4507-16021-0024__T1__NBASIC__1284,1284,4507,9,36.57502477166721,0.0,0.0,0.0,0.0,0.0,0.0,0.0,0.0,0,0,0,0,0,0,0,0
1284-1180-0010_4507-16021-0024__T2__NBASIC__4507,4507,1284,9,33.1084045206178,0.0,0.0,0.0,0.0,0.0,0.0,0.0,0.0,0,0,0,0,0,0,0,0
1284-1180-0011_3570-5695-0007__T1__NBASIC__1284,1284,3570,7,3.194206377005143,0.42857142857142855,0.2857142857142857,0.2857142857142857,0.2857142857142857,0.2857142857142857,0.2857142857142857,0.2857142857142857,0.2857142857142857,1,1,1,1,1,1,1,1
1284-1180-0011_3570-5695-0007__T2__NBASIC__3570,3570,1284,7,29.29159897695112,0.0,0.0,0.0,0.0,0.0,0.0,0.0,0.0,0,0,0,0,0,0,0,0
1284-1180-0014_4077-13754-0002__T1__NBASIC__1284,1284,4077,6,35.54968411037504,0.0,0.0,0.0,0.0,0.0,0.0,0.0,0.0,0,0,0,0,0,0,0,0
1284-1180-0014_4077-13754-0002__T2__NBASIC__4077,4077,1284,6,36.03633776408805,0.0,0.0,0.0,0.0,0.0,0.0,0.0,0.0,0,0,0,0,0,0,0,0
1284-1180-0015_260-123288-0001__T1__NBASIC__1284,1284,260,8,40.5684768782253,0.0,0.0,0.0,0.0,0.0,0.0,0.0,0.0,0,0,0,0,0,0,0,0
1284-1180-0015_260-123288-0001__T2__NBASIC__260,260,1284,8,42.196068452651424,0.0,0.125,0.125,0.125,0.125,0.0,0.125,0.0,1,0,1,0,0,0,0,0
1284-1180-0017_1580-141084-0031__T1__NBASIC__1284,1284,1580,11,43.517284543959505,0.0,0.09090909090909091,0.0,0.0,0.0,0.0,0.0,0.0,0,0,0,0,0,0,0,0
1284-1180-0017_1580-141084-0031__T2__NBASIC__1580,1580,1284,11,30.469446030368122,0.0,0.0,0.0,0.0,0.0,0.0,0.0,0.0,0,0,0,0,0,0,0,0
1284-1180-0018_1320-122617-0019__T1__NBASIC__1284,1284,1320,15,43.87854192799399,0.0,0.0,0.0,0.0,0.0,0.0,0.0,0.0,0,0,0,0,0,0,0,0
1284-1180-0018_1320-122617-0019__T2__NBASIC__1320,1320,1284,15,34.637944940510216,0.0,0.0,0.0,0.0,0.0,0.0,0.0,0.0,0,0,0,0,0,0,0,0
1284-1180-0019_672-122797-0057__T1__NBASIC__1284,1284,672,12,26.499610702889118,0.0,0.0,0.08333333333333333,0.08333333333333333,0.0,0.0,0.0,0.0,0,0,0,0,0,0,0,0
1284-1180-0019_672-122797-0057__T2__NBASIC__672,672,1284,12,3.6104963489299653,0.4166666666666667,0.4166666666666667,0.5,0.4166666666666667,0.4166666666666667,0.25,0.4166666666666667,0.25,1,1,1,1,1,1,1,1
1284-1180-0020_3570-5696-0005__T1__NBASIC__1284,1284,3570,10,-36.66342676542807,1.0,1.0,1.0,1.0,1.0,1.0,1.0,1.0,1,1,1,1,1,1,1,1
1284-1180-0020_3570-5696-0005__T2__NBASIC__3570,3570,1284,10,39.3187053750061,0.0,0.0,0.0,0.0,0.0,0.0,0.0,0.0,0,0,0,0,0,0,0,0
1284-1180-0026_1580-141084-0009__T1__NBASIC__1284,1284,1580,8,33.19609082931093,0.0,0.0,0.0,0.0,0.0,0.0,0.0,0.0,0,0,0,0,0,0,0,0
1284-1180-0026_1580-141084-0009__T2__NBASIC__1580,1580,1284,8,29.460435369605914,0.0,0.0,0.0,0.0,0.0,0.0,0.0,0.0,0,0,0,0,0,0,0,0
1284-1180-0028_3570-5696-0000__T1__NBASIC__1284,1284,3570,11,25.662446738711584,0.0,0.09090909090909091,0.09090909090909091,0.0,0.0,0.0,0.0,0.0,0,0,0,0,0,0,0,0
1284-1180-0028_3570-5696-0000__T2__NBASIC__3570,3570,1284,11,39.287626814977514,0.0,0.0,0.0,0.0,0.0,0.0,0.0,0.0,0,0,0,0,0,0,0,0
1284-1180-0031_7127-75947-0007__T1__NBASIC__1284,1284,7127,8,25.724965775512498,0.0,0.0,0.0,0.0,0.0,0.0,0.0,0.0,0,0,0,0,0,0,0,0
1284-1180-0031_7127-75947-0007__T2__NBASIC__7127,7127,1284,8,23.496330243947956,0.0,0.0,0.0,0.0,0.0,0.0,0.0,0.0,0,0,0,0,0,0,0,0
1284-1180-0032_260-123440-0008__T1__NBASIC__1284,1284,260,6,-3.2249736297607474,0.8333333333333334,1.0,0.8333333333333334,1.0,0.8333333333333334,0.6666666666666666,0.8333333333333334,0.6666666666666666,1,1,1,1,1,1,1,1
1284-1180-0032_260-123440-0008__T2__NBASIC__260,260,1284,6,28.673911938069878,0.0,0.0,0.0,0.0,0.0,0.0,0.0,0.0,0,0,0,0,0,0,0,0
1284-1181-0000_121-121726-0008__T1__NBASIC__1284,1284,121,5,42.677245176041836,0.0,0.0,0.0,0.0,0.0,0.0,0.0,0.0,0,0,0,0,0,0,0,0
1284-1181-0000_121-121726-0008__T2__NBASIC__121,121,1284,5,32.869664027902516,0.0,0.2,0.2,0.2,0.2,0.0,0.2,0.0,1,0,1,0,1,0,1,0
1284-1181-0002_3570-5694-0002__T1__NBASIC__1284,1284,3570,6,-5.8385490575968815,1.0,1.0,1.0,0.6666666666666666,1.0,1.0,0.6666666666666666,0.6666666666666666,1,1,1,1,1,1,1,1
1284-1181-0002_3570-5694-0002__T2__NBASIC__3570,3570,1284,6,22.588155820209234,0.0,0.0,0.0,0.0,0.0,0.0,0.0,0.0,0,0,0,0,0,0,0,0
1284-1181-0004_61-70970-0038__T1__NBASIC__1284,1284,61,13,27.918235700832472,0.0,0.0,0.0,0.0,0.0,0.0,0.0,0.0,0,0,0,0,0,0,0,0
1284-1181-0004_61-70970-0038__T2__NBASIC__61,61,1284,13,28.37214770930663,0.0,0.0,0.0,0.0,0.0,0.0,0.0,0.0,0,0,0,0,0,0,0,0
1284-1181-0007_1580-141084-0045__T1__NBASIC__1284,1284,1580,6,37.64718680333138,0.0,0.0,0.0,0.0,0.0,0.0,0.0,0.0,0,0,0,0,0,0,0,0
1284-1181-0007_1580-141084-0045__T2__NBASIC__1580,1580,1284,6,34.54183408541411,0.0,0.0,0.0,0.0,0.0,0.0,0.0,0.0,0,0,0,0,0,0,0,0
1284-1181-0011_6829-68769-0031__T1__NBASIC__1284,1284,6829,10,32.52284419939597,0.0,0.0,0.0,0.0,0.0,0.0,0.0,0.0,0,0,0,0,0,0,0,0
1284-1181-0011_6829-68769-0031__T2__NBASIC__6829,6829,1284,10,26.14518302801257,0.0,0.0,0.0,0.0,0.0,0.0,0.0,0.0,0,0,0,0,0,0,0,0
1284-1181-0012_3729-6852-0023__T1__NBASIC__1284,1284,3729,15,36.60368359726456,0.0,0.0,0.0,0.0,0.0,0.0,0.0,0.0,0,0,0,0,0,0,0,0
1284-1181-0012_3729-6852-0023__T2__NBASIC__3729,3729,1284,15,30.96746449740626,0.0,0.0,0.0,0.0,0.0,0.0,0.0,0.0,0,0,0,0,0,0,0,0
1284-1181-0016_1188-133604-0031__T1__NBASIC__1284,1284,1188,7,36.57181685148464,0.0,0.0,0.0,0.0,0.0,0.0,0.0,0.0,0,0,0,0,0,0,0,0
1284-1181-0016_1188-133604-0031__T2__NBASIC__1188,1188,1284,7,41.90172148104655,0.0,0.0,0.0,0.0,0.0,0.0,0.0,0.0,0,0,0,0,0,0,0,0
1284-1181-0017_7176-88083-0012__T1__NBASIC__1284,1284,7176,9,35.09806895876095,0.0,0.0,0.0,0.0,0.0,0.0,0.0,0.0,0,0,0,0,0,0,0,0
1284-1181-0017_7176-88083-0012__T2__NBASIC__7176,7176,1284,9,18.46010068443246,0.0,0.3333333333333333,0.1111111111111111,0.0,0.1111111111111111,0.0,0.0,0.0,1,0,0,0,0,0,0,0
1284-1181-0018_8555-284447-0008__T1__NBASIC__1284,1284,8555,5,27.873768872180957,0.0,0.0,0.0,0.0,0.0,0.0,0.0,0.0,0,0,0,0,0,0,0,0
1284-1181-0018_8555-284447-0008__T2__NBASIC__8555,8555,1284,5,-29.70557284660617,1.0,1.0,1.0,1.0,1.0,1.0,1.0,1.0,1,1,1,1,1,1,1,1
1284-134647-0001_2961-960-0015__T1__NBASIC__1284,1284,2961,14,39.43580647302987,0.0,0.0,0.0,0.0,0.0,0.0,0.0,0.0,0,0,0,0,0,0,0,0
1284-134647-0001_2961-960-0015__T2__NBASIC__2961,2961,1284,14,32.43064902985645,0.0,0.0,0.0,0.0,0.0,0.0,0.0,0.0,0,0,0,0,0,0,0,0
1320-122612-0000_6829-68769-0000__T1__NBASIC__1320,1320,6829,22,38.42486408626707,0.0,0.0,0.0,0.0,0.0,0.0,0.0,0.0,0,0,0,0,0,0,0,0
1320-122612-0000_6829-68769-0000__T2__NBASIC__6829,6829,1320,22,37.27824330802446,0.0,0.0,0.0,0.0,0.0,0.0,0.0,0.0,0,0,0,0,0,0,0,0
1320-122612-0002_4507-16021-0038__T1__NBASIC__1320,1320,4507,6,50.075481981591864,0.0,0.0,0.0,0.0,0.0,0.0,0.0,0.0,0,0,0,0,0,0,0,0
1320-122612-0002_4507-16021-0038__T2__NBASIC__4507,4507,1320,6,43.89715768860144,0.0,0.0,0.0,0.0,0.0,0.0,0.0,0.0,0,0,0,0,0,0,0,0
1320-122612-0003_7176-88083-0025__T1__NBASIC__1320,1320,7176,13,21.146261842378447,0.0,0.0,0.15384615384615385,0.07692307692307693,0.0,0.0,0.0,0.0,0,0,0,0,0,0,0,0
1320-122612-0003_7176-88083-0025__T2__NBASIC__7176,7176,1320,13,31.993896969494525,0.0,0.0,0.0,0.0,0.0,0.0,0.0,0.0,0,0,0,0,0,0,0,0
1320-122612-0006_4446-2271-0018__T1__NBASIC__1320,1320,4446,8,39.13364634792852,0.0,0.0,0.0,0.0,0.0,0.0,0.0,0.0,0,0,0,0,0,0,0,0
1320-122612-0006_4446-2271-0018__T2__NBASIC__4446,4446,1320,8,21.05551010258677,0.0,0.5,0.375,0.125,0.25,0.0,0.125,0.0,1,0,1,0,1,0,0,0
1320-122612-0007_2300-131720-0005__T1__NBASIC__1320,1320,2300,10,14.454149384399459,0.1,0.2,0.2,0.1,0.2,0.1,0.1,0.1,1,1,1,1,1,0,0,0
1320-122612-0007_2300-131720-0005__T2__NBASIC__2300,2300,1320,10,-18.0380652278691,1.0,0.8,0.8,0.9,0.8,0.8,0.8,0.8,1,1,1,1,1,1,1,1
1320-122612-0010_3570-5695-0003__T1__NBASIC__1320,1320,3570,9,38.49207799365611,0.0,0.0,0.0,0.0,0.0,0.0,0.0,0.0,0,0,0,0,0,0,0,0
1320-122612-0010_3570-5695-0003__T2__NBASIC__3570,3570,1320,9,37.65151055647682,0.0,0.1111111111111111,0.0,0.0,0.0,0.0,0.0,0.0,0,0,0,0,0,0,0,0
1320-122612-0013_908-157963-0025__T1__NBASIC__1320,1320,908,12,16.730737727100987,0.0,0.08333333333333333,0.08333333333333333,0.08333333333333333,0.08333333333333333,0.0,0.08333333333333333,0.0,1,0,1,0,0,0,0,0
1320-122612-0013_908-157963-0025__T2__NBASIC__908,908,1320,12,-0.3105748956159773,0.5,0.4166666666666667,0.5,0.5833333333333334,0.3333333333333333,0.25,0.3333333333333333,0.25,1,1,1,1,1,1,1,1
1320-122612-0014_908-31957-0016__T1__NBASIC__1320,1320,908,6,27.28666189077733,0.0,0.16666666666666666,0.16666666666666666,0.16666666666666666,0.16666666666666666,0.0,0.16666666666666666,0.0,1,0,1,0,0,0,0,0
1320-122612-0014_908-31957-0016__T2__NBASIC__908,908,1320,6,27.036304530290142,0.0,0.0,0.5,0.16666666666666666,0.0,0.0,0.0,0.0,0,0,0,0,0,0,0,0
1320-122612-0015_6829-68771-0018__T1__NBASIC__1320,1320,6829,11,35.58454288552562,0.0,0.0,0.0,0.0,0.0,0.0,0.0,0.0,0,0,0,0,0,0,0,0
1320-122612-0015_6829-68771-0018__T2__NBASIC__6829,6829,1320,11,45.572436578064355,0.0,0.0,0.0,0.0,0.0,0.0,0.0,0.0,0,0,0,0,0,0,0,0
1320-122617-0003_1580-141084-0014__T1__NBASIC__1320,1320,1580,6,40.18242095530089,0.0,0.0,0.0,0.0,0.0,0.0,0.0,0.0,0,0,0,0,0,0,0,0
1320-122617-0003_1580-141084-0014__T2__NBASIC__1580,1580,1320,6,35.80780514530578,0.0,0.0,0.0,0.0,0.0,0.0,0.0,0.0,0,0,0,0,0,0,0,0
1320-122617-0004_7127-75946-0003__T1__NBASIC__1320,1320,7127,8,32.54688750239455,0.0,0.0,0.0,0.0,0.0,0.0,0.0,0.0,0,0,0,0,0,0,0,0
1320-122617-0004_7127-75946-0003__T2__NBASIC__7127,7127,1320,8,25.042218677319823,0.0,0.0,0.0,0.0,0.0,0.0,0.0,0.0,0,0,0,0,0,0,0,0
1320-122617-0005_3729-6852-0014__T1__NBASIC__1320,1320,3729,7,38.29641785221336,0.0,0.0,0.0,0.0,0.0,0.0,0.0,0.0,0,0,0,0,0,0,0,0
1320-122617-0005_3729-6852-0014__T2__NBASIC__3729,3729,1320,7,36.79382559534214,0.0,0.14285714285714285,0.14285714285714285,0.0,0.14285714285714285,0.0,0.0,0.0,1,0,0,0,0,0,0,0
1320-122617-0006_5105-28240-0001__T1__NBASIC__1320,1320,5105,10,25.463017940793627,0.0,0.2,0.0,0.0,0.0,0.0,0.0,0.0,0,0,0,0,0,0,0,0
1320-122617-0006_5105-28240-0001__T2__NBASIC__5105,5105,1320,10,24.456686535852263,0.0,0.0,0.0,0.0,0.0,0.0,0.0,0.0,0,0,0,0,0,0,0,0
1320-122617-0008_1221-135767-0021__T1__NBASIC__1320,1320,1221,7,38.79874166734997,0.0,0.0,0.0,0.0,0.0,0.0,0.0,0.0,0,0,0,0,0,0,0,0
1320-122617-0008_1221-135767-0021__T2__NBASIC__1221,1221,1320,7,40.20926246654123,0.0,0.0,0.0,0.0,0.0,0.0,0.0,0.0,0,0,0,0,0,0,0,0
1320-122617-0011_7127-75947-0003__T1__NBASIC__1320,1320,7127,10,27.666233495487845,0.0,0.0,0.0,0.1,0.0,0.0,0.0,0.0,0,0,0,0,0,0,0,0
1320-122617-0011_7127-75947-0003__T2__NBASIC__7127,7127,1320,10,33.23916925586312,0.0,0.0,0.0,0.0,0.0,0.0,0.0,0.0,0,0,0,0,0,0,0,0
1320-122617-0012_4446-2273-0007__T1__NBASIC__1320,1320,4446,5,32.53118638393558,0.0,0.0,0.0,0.0,0.0,0.0,0.0,0.0,0,0,0,0,0,0,0,0
1320-122617-0012_4446-2273-0007__T2__NBASIC__4446,4446,1320,5,34.85388018428795,0.0,0.0,0.0,0.0,0.0,0.0,0.0,0.0,0,0,0,0,0,0,0,0
1320-122617-0015_672-122797-0051__T1__NBASIC__1320,1320,672,8,18.85719826510085,0.0,0.0,0.0,0.0,0.0,0.0,0.0,0.0,0,0,0,0,0,0,0,0
1320-122617-0015_672-122797-0051__T2__NBASIC__672,672,1320,8,-21.04452648056548,1.0,1.0,1.0,1.0,1.0,1.0,1.0,1.0,1,1,1,1,1,1,1,1
1320-122617-0020_6930-76324-0028__T1__NBASIC__1320,1320,6930,16,38.44529841807381,0.0,0.0,0.0,0.0,0.0,0.0,0.0,0.0,0,0,0,0,0,0,0,0
1320-122617-0020_6930-76324-0028__T2__NBASIC__6930,6930,1320,16,41.417190498474405,0.0,0.0,0.0,0.0,0.0,0.0,0.0,0.0,0,0,0,0,0,0,0,0
1320-122617-0025_260-123440-0019__T1__NBASIC__1320,1320,260,11,20.49131213956355,0.0,0.18181818181818182,0.0,0.09090909090909091,0.0,0.0,0.0,0.0,0,0,0,0,0,0,0,0
1320-122617-0025_260-123440-0019__T2__NBASIC__260,260,1320,11,16.92754875476949,0.0,0.0,0.0,0.0,0.0,0.0,0.0,0.0,0,0,0,0,0,0,0,0
1320-122617-0027_1580-141084-0048__T1__NBASIC__1320,1320,1580,10,36.97152457079183,0.0,0.0,0.0,0.0,0.0,0.0,0.0,0.0,0,0,0,0,0,0,0,0
1320-122617-0027_1580-141084-0048__T2__NBASIC__1580,1580,1320,10,44.61482491173533,0.0,0.0,0.0,0.0,0.0,0.0,0.0,0.0,0,0,0,0,0,0,0,0
1320-122617-0030_1089-134686-0013__T1__NBASIC__1320,1320,1089,6,14.443576844150153,0.0,0.16666666666666666,0.16666666666666666,0.0,0.16666666666666666,0.0,0.0,0.0,1,0,0,0,0,0,0,0
1320-122617-0030_1089-134686-0013__T2__NBASIC__1089,1089,1320,6,15.113060919650879,0.16666666666666666,0.16666666666666666,0.16666666666666666,0.16666666666666666,0.16666666666666666,0.16666666666666666,0.16666666666666666,0.16666666666666666,1,1,1,1,0,0,0,0
1320-122617-0033_4507-16021-0018__T1__NBASIC__1320,1320,4507,5,39.62362889784427,0.0,0.0,0.0,0.0,0.0,0.0,0.0,0.0,0,0,0,0,0,0,0,0
1320-122617-0033_4507-16021-0018__T2__NBASIC__4507,4507,1320,5,41.9158919525114,0.0,0.0,0.0,0.0,0.0,0.0,0.0,0.0,0,0,0,0,0,0,0,0
1320-122617-0035_121-121726-0009__T1__NBASIC__1320,1320,121,13,46.89740730503303,0.0,0.07692307692307693,0.0,0.0,0.0,0.0,0.0,0.0,0,0,0,0,0,0,0,0
1320-122617-0035_121-121726-0009__T2__NBASIC__121,121,1320,13,31.482735522400507,0.0,0.07692307692307693,0.07692307692307693,0.07692307692307693,0.07692307692307693,0.0,0.07692307692307693,0.0,1,0,1,0,0,0,0,0
1320-122617-0036_237-134493-0012__T1__NBASIC__1320,1320,237,6,37.66402864597222,0.0,0.0,0.0,0.0,0.0,0.0,0.0,0.0,0,0,0,0,0,0,0,0
1320-122617-0036_237-134493-0012__T2__NBASIC__237,237,1320,6,36.255310777581286,0.0,0.0,0.0,0.0,0.0,0.0,0.0,0.0,0,0,0,0,0,0,0,0
1320-122617-0037_3570-5695-0009__T1__NBASIC__1320,1320,3570,9,46.846735502750086,0.0,0.0,0.0,0.0,0.0,0.0,0.0,0.0,0,0,0,0,0,0,0,0
1320-122617-0037_3570-5695-0009__T2__NBASIC__3570,3570,1320,9,40.724623915630964,0.0,0.0,0.0,0.0,0.0,0.0,0.0,0.0,0,0,0,0,0,0,0,0
1320-122617-0040_8224-274381-0007__T1__NBASIC__1320,1320,8224,14,1.8103360083989855,0.35714285714285715,0.42857142857142855,0.35714285714285715,0.2857142857142857,0.2857142857142857,0.21428571428571427,0.21428571428571427,0.14285714285714285,1,1,1,1,1,1,1,0
1320-122617-0040_8224-274381-0007__T2__NBASIC__8224,8224,1320,14,17.58862040692099,0.0,0.07142857142857142,0.21428571428571427,0.07142857142857142,0.07142857142857142,0.0,0.07142857142857142,0.0,1,0,1,0,0,0,0,0
1580-141083-0006_7176-88083-0024__T1__NBASIC__1580,1580,7176,15,37.822966674933554,0.0,0.0,0.0,0.0,0.0,0.0,0.0,0.0,0,0,0,0,0,0,0,0
1580-141083-0006_7176-88083-0024__T2__NBASIC__7176,7176,1580,15,36.55332606180275,0.0,0.0,0.0,0.0,0.0,0.0,0.0,0.0,0,0,0,0,0,0,0,0
1580-141083-0008_5142-33396-0056__T1__NBASIC__1580,1580,5142,5,21.623894518392106,0.0,0.0,0.0,0.0,0.0,0.0,0.0,0.0,0,0,0,0,0,0,0,0
1580-141083-0008_5142-33396-0056__T2__NBASIC__5142,5142,1580,5,27.191452556071596,0.0,0.2,0.0,0.0,0.0,0.0,0.0,0.0,0,0,0,0,0,0,0,0
1580-141083-0015_1995-1836-0008__T1__NBASIC__1580,1580,1995,8,33.54757105075386,0.0,0.0,0.125,0.0,0.0,0.0,0.0,0.0,0,0,0,0,0,0,0,0
1580-141083-0015_1995-1836-0008__T2__NBASIC__1995,1995,1580,8,31.473473088847133,0.0,0.0,0.0,0.0,0.0,0.0,0.0,0.0,0,0,0,0,0,0,0,0
1580-141083-0016_61-70968-0024__T1__NBASIC__1580,1580,61,7,30.45282396584494,0.0,0.0,0.0,0.14285714285714285,0.0,0.0,0.0,0.0,0,0,0,0,0,0,0,0
1580-141083-0016_61-70968-0024__T2__NBASIC__61,61,1580,7,22.87832111345461,0.0,0.0,0.0,0.0,0.0,0.0,0.0,0.0,0,0,0,0,0,0,0,0
1580-141083-0020_5105-28241-0008__T1__NBASIC__1580,1580,5105,9,31.758005215560043,0.0,0.0,0.0,0.0,0.0,0.0,0.0,0.0,0,0,0,0,0,0,0,0
1580-141083-0020_5105-28241-0008__T2__NBASIC__5105,5105,1580,9,39.16211300304998,0.0,0.0,0.0,0.0,0.0,0.0,0.0,0.0,0,0,0,0,0,0,0,0
1580-141083-0022_4446-2271-0017__T1__NBASIC__1580,1580,4446,5,34.49692864225287,0.0,0.0,0.0,0.0,0.0,0.0,0.0,0.0,0,0,0,0,0,0,0,0
1580-141083-0022_4446-2271-0017__T2__NBASIC__4446,4446,1580,5,-34.15478461832035,1.0,1.0,1.0,1.0,1.0,1.0,1.0,1.0,1,1,1,1,1,1,1,1
1580-141083-0023_8455-210777-0048__T1__NBASIC__1580,1580,8455,5,30.262655997222716,0.0,0.0,0.0,0.0,0.0,0.0,0.0,0.0,0,0,0,0,0,0,0,0
1580-141083-0023_8455-210777-0048__T2__NBASIC__8455,8455,1580,5,30.85597825522038,0.0,0.0,0.0,0.0,0.0,0.0,0.0,0.0,0,0,0,0,0,0,0,0
1580-141083-0025_4446-2275-0035__T1__NBASIC__1580,1580,4446,6,15.467898341767434,0.0,0.0,0.0,0.0,0.0,0.0,0.0,0.0,0,0,0,0,0,0,0,0
1580-141083-0025_4446-2275-0035__T2__NBASIC__4446,4446,1580,6,39.22708617468092,0.0,0.0,0.0,0.0,0.0,0.0,0.0,0.0,0,0,0,0,0,0,0,0
1580-141083-0026_1188-133604-0037__T1__NBASIC__1580,1580,1188,8,45.79506563982901,0.0,0.0,0.0,0.0,0.0,0.0,0.0,0.0,0,0,0,0,0,0,0,0
1580-141083-0026_1188-133604-0037__T2__NBASIC__1188,1188,1580,8,50.95512070318191,0.0,0.0,0.0,0.0,0.0,0.0,0.0,0.0,0,0,0,0,0,0,0,0
1580-141083-0027_4077-13751-0000__T1__NBASIC__1580,1580,4077,9,37.51014140590056,0.0,0.0,0.0,0.0,0.0,0.0,0.0,0.0,0,0,0,0,0,0,0,0
1580-141083-0027_4077-13751-0000__T2__NBASIC__4077,4077,1580,9,34.05149977416609,0.0,0.0,0.0,0.0,0.0,0.0,0.0,0.0,0,0,0,0,0,0,0,0
1580-141083-0029_237-134500-0031__T1__NBASIC__1580,1580,237,19,23.213932567623196,0.0,0.0,0.0,0.0,0.0,0.0,0.0,0.0,0,0,0,0,0,0,0,0
1580-141083-0029_237-134500-0031__T2__NBASIC__237,237,1580,19,28.100971903999774,0.0,0.10526315789473684,0.05263157894736842,0.0,0.05263157894736842,0.0,0.0,0.0,1,0,0,0,0,0,0,0
1580-141083-0030_1995-1837-0014__T1__NBASIC__1580,1580,1995,5,43.164943810262955,0.0,0.0,0.0,0.0,0.0,0.0,0.0,0.0,0,0,0,0,0,0,0,0
1580-141083-0030_1995-1837-0014__T2__NBASIC__1995,1995,1580,5,41.58784901305876,0.0,0.2,0.0,0.0,0.0,0.0,0.0,0.0,0,0,0,0,0,0,0,0
1580-141083-0032_672-122797-0065__T1__NBASIC__1580,1580,672,5,25.995065168947576,0.0,0.0,0.0,0.0,0.0,0.0,0.0,0.0,0,0,0,0,0,0,0,0
1580-141083-0032_672-122797-0065__T2__NBASIC__672,672,1580,5,25.990701065142854,0.0,0.2,0.0,0.0,0.0,0.0,0.0,0.0,0,0,0,0,0,0,0,0
1580-141083-0034_4507-16021-0017__T1__NBASIC__1580,1580,4507,12,33.5833687842214,0.0,0.0,0.0,0.0,0.0,0.0,0.0,0.0,0,0,0,0,0,0,0,0
1580-141083-0034_4507-16021-0017__T2__NBASIC__4507,4507,1580,12,40.8087585826701,0.0,0.08333333333333333,0.0,0.0,0.0,0.0,0.0,0.0,0,0,0,0,0,0,0,0
1580-141083-0035_8463-294828-0006__T1__NBASIC__1580,1580,8463,7,12.877456830276891,0.14285714285714285,0.2857142857142857,0.2857142857142857,0.2857142857142857,0.14285714285714285,0.14285714285714285,0.14285714285714285,0.14285714285714285,1,1,1,1,0,0,0,0
1580-141083-0035_8463-294828-0006__T2__NBASIC__8463,8463,1580,7,30.807812309043864,0.0,0.14285714285714285,0.0,0.0,0.0,0.0,0.0,0.0,0,0,0,0,0,0,0,0
1580-141083-0037_61-70968-0048__T1__NBASIC__1580,1580,61,5,30.375446833181968,0.0,0.0,0.0,0.0,0.0,0.0,0.0,0.0,0,0,0,0,0,0,0,0
1580-141083-0037_61-70968-0048__T2__NBASIC__61,61,1580,5,33.44796438466796,0.0,0.0,0.0,0.0,0.0,0.0,0.0,0.0,0,0,0,0,0,0,0,0
1580-141083-0038_4077-13754-0009__T1__NBASIC__1580,1580,4077,14,28.580913628039617,0.0,0.0,0.0,0.0,0.0,0.0,0.0,0.0,0,0,0,0,0,0,0,0
1580-141083-0038_4077-13754-0009__T2__NBASIC__4077,4077,1580,14,33.62640923829451,0.0,0.0,0.0,0.0,0.0,0.0,0.0,0.0,0,0,0,0,0,0,0,0
1580-141083-0039_3729-6852-0041__T1__NBASIC__1580,1580,3729,6,28.324264819672972,0.0,0.0,0.0,0.0,0.0,0.0,0.0,0.0,0,0,0,0,0,0,0,0
1580-141083-0039_3729-6852-0041__T2__NBASIC__3729,3729,1580,6,30.14045240936897,0.0,0.16666666666666666,0.0,0.0,0.0,0.0,0.0,0.0,0,0,0,0,0,0,0,0
1580-141083-0040_6930-81414-0012__T1__NBASIC__1580,1580,6930,6,35.48260830787006,0.0,0.0,0.0,0.0,0.0,0.0,0.0,0.0,0,0,0,0,0,0,0,0
1580-141083-0040_6930-81414-0012__T2__NBASIC__6930,6930,1580,6,29.589092374690168,0.0,0.0,0.0,0.0,0.0,0.0,0.0,0.0,0,0,0,0,0,0,0,0
1580-141083-0041_8463-294828-0011__T1__NBASIC__1580,1580,8463,6,18.37066484571485,0.0,0.0,0.0,0.0,0.0,0.0,0.0,0.0,0,0,0,0,0,0,0,0
1580-141083-0041_8463-294828-0011__T2__NBASIC__8463,8463,1580,6,26.294917156631286,0.0,0.0,0.0,0.0,0.0,0.0,0.0,0.0,0,0,0,0,0,0,0,0
1580-141083-0044_8555-284449-0016__T1__NBASIC__1580,1580,8555,10,33.867437472660804,0.0,0.0,0.0,0.0,0.0,0.0,0.0,0.0,0,0,0,0,0,0,0,0
1580-141083-0044_8555-284449-0016__T2__NBASIC__8555,8555,1580,10,30.43124459304267,0.0,0.1,0.0,0.0,0.0,0.0,0.0,0.0,0,0,0,0,0,0,0,0
1580-141083-0046_121-127105-0007__T1__NBASIC__1580,1580,121,6,26.957075584737865,0.0,0.0,0.0,0.0,0.0,0.0,0.0,0.0,0,0,0,0,0,0,0,0
1580-141083-0046_121-127105-0007__T2__NBASIC__121,121,1580,6,29.024859364482868,0.0,0.0,0.0,0.0,0.0,0.0,0.0,0.0,0,0,0,0,0,0,0,0
1580-141083-0046_908-157963-0012__T1__NBASIC__1580,1580,908,6,22.428852770047463,0.0,0.16666666666666666,0.16666666666666666,0.16666666666666666,0.16666666666666666,0.0,0.16666666666666666,0.0,1,0,1,0,0,0,0,0
1580-141083-0046_908-157963-0012__T2__NBASIC__908,908,1580,6,35.81513876161654,0.0,0.0,0.0,0.0,0.0,0.0,0.0,0.0,0,0,0,0,0,0,0,0
1580-141083-0052_1320-122617-0022__T1__NBASIC__1580,1580,1320,5,35.172502270628456,0.0,0.0,0.0,0.0,0.0,0.0,0.0,0.0,0,0,0,0,0,0,0,0
1580-141083-0052_1320-122617-0022__T2__NBASIC__1320,1320,1580,5,34.91817740931202,0.0,0.0,0.0,0.0,0.0,0.0,0.0,0.0,0,0,0,0,0,0,0,0
1580-141084-0001_260-123286-0029__T1__NBASIC__1580,1580,260,5,25.77939037727991,0.0,0.0,0.0,0.0,0.0,0.0,0.0,0.0,0,0,0,0,0,0,0,0
1580-141084-0001_260-123286-0029__T2__NBASIC__260,260,1580,5,33.931183964417805,0.0,0.0,0.0,0.0,0.0,0.0,0.0,0.0,0,0,0,0,0,0,0,0
1580-141084-0002_4992-41797-0004__T1__NBASIC__1580,1580,4992,10,20.06035386914244,0.0,0.0,0.0,0.1,0.0,0.0,0.0,0.0,0,0,0,0,0,0,0,0
1580-141084-0002_4992-41797-0004__T2__NBASIC__4992,4992,1580,10,23.1357091097366,0.1,0.1,0.1,0.1,0.1,0.1,0.1,0.1,1,1,1,1,0,0,0,0
1580-141084-0015_5105-28233-0008__T1__NBASIC__1580,1580,5105,5,26.782500294127342,0.0,0.0,0.0,0.0,0.0,0.0,0.0,0.0,0,0,0,0,0,0,0,0
1580-141084-0015_5105-28233-0008__T2__NBASIC__5105,5105,1580,5,34.50307300942717,0.0,0.0,0.0,0.0,0.0,0.0,0.0,0.0,0,0,0,0,0,0,0,0
1580-141084-0016_61-70970-0026__T1__NBASIC__1580,1580,61,9,33.666987555856224,0.0,0.1111111111111111,0.0,0.0,0.0,0.0,0.0,0.0,0,0,0,0,0,0,0,0
1580-141084-0016_61-70970-0026__T2__NBASIC__61,61,1580,9,41.67238726321211,0.0,0.0,0.0,0.0,0.0,0.0,0.0,0.0,0,0,0,0,0,0,0,0
1580-141084-0018_5142-33396-0068__T1__NBASIC__1580,1580,5142,5,23.03871221483504,0.0,0.0,0.2,0.0,0.0,0.0,0.0,0.0,0,0,0,0,0,0,0,0
1580-141084-0018_5142-33396-0068__T2__NBASIC__5142,5142,1580,5,24.06199841016699,0.0,0.0,0.0,0.0,0.0,0.0,0.0,0.0,0,0,0,0,0,0,0,0
1580-141084-0021_8555-284447-0007__T1__NBASIC__1580,1580,8555,7,37.78556624627045,0.0,0.0,0.0,0.0,0.0,0.0,0.0,0.0,0,0,0,0,0,0,0,0
1580-141084-0021_8555-284447-0007__T2__NBASIC__8555,8555,1580,7,8.616971708120738,0.14285714285714285,0.7142857142857143,0.42857142857142855,0.5714285714285714,0.42857142857142855,0.14285714285714285,0.42857142857142855,0.14285714285714285,1,1,1,1,1,0,1,0
1580-141084-0024_2094-142345-0025__T1__NBASIC__1580,1580,2094,6,39.626660352104295,0.0,0.0,0.0,0.0,0.0,0.0,0.0,0.0,0,0,0,0,0,0,0,0
1580-141084-0024_2094-142345-0025__T2__NBASIC__2094,2094,1580,6,33.81138002941487,0.0,0.0,0.0,0.0,0.0,0.0,0.0,0.0,0,0,0,0,0,0,0,0
1580-141084-0029_2094-142345-0044__T1__NBASIC__1580,1580,2094,6,39.16354001980137,0.0,0.0,0.0,0.0,0.0,0.0,0.0,0.0,0,0,0,0,0,0,0,0
1580-141084-0029_2094-142345-0044__T2__NBASIC__2094,2094,1580,6,38.71016712349284,0.0,0.0,0.0,0.0,0.0,0.0,0.0,0.0,0,0,0,0,0,0,0,0
1580-141084-0032_260-123440-0016__T1__NBASIC__1580,1580,260,8,34.91577026132127,0.0,0.0,0.0,0.0,0.0,0.0,0.0,0.0,0,0,0,0,0,0,0,0
1580-141084-0032_260-123440-0016__T2__NBASIC__260,260,1580,8,38.39241205758707,0.0,0.0,0.0,0.0,0.0,0.0,0.0,0.0,0,0,0,0,0,0,0,0
1580-141084-0033_7127-75946-0013__T1__NBASIC__1580,1580,7127,13,32.88325214013871,0.0,0.0,0.0,0.0,0.0,0.0,0.0,0.0,0,0,0,0,0,0,0,0
1580-141084-0033_7127-75946-0013__T2__NBASIC__7127,7127,1580,13,31.693192699615338,0.0,0.0,0.0,0.0,0.0,0.0,0.0,0.0,0,0,0,0,0,0,0,0
1580-141084-0040_5639-40744-0022__T1__NBASIC__1580,1580,5639,10,42.90580659101072,0.0,0.0,0.0,0.0,0.0,0.0,0.0,0.0,0,0,0,0,0,0,0,0
1580-141084-0040_5639-40744-0022__T2__NBASIC__5639,5639,1580,10,39.08146059447657,0.0,0.0,0.0,0.0,0.0,0.0,0.0,0.0,0,0,0,0,0,0,0,0
1580-141084-0042_2830-3980-0010__T1__NBASIC__1580,1580,2830,9,37.88676169726878,0.0,0.0,0.0,0.0,0.0,0.0,0.0,0.0,0,0,0,0,0,0,0,0
1580-141084-0042_2830-3980-0010__T2__NBASIC__2830,2830,1580,9,35.63041950000533,0.0,0.0,0.0,0.0,0.0,0.0,0.0,0.0,0,0,0,0,0,0,0,0
1995-1826-0003_8230-279154-0036__T1__NBASIC__1995,1995,8230,5,36.61497558614483,0.0,0.0,0.0,0.0,0.0,0.0,0.0,0.0,0,0,0,0,0,0,0,0
1995-1826-0003_8230-279154-0036__T2__NBASIC__8230,8230,1995,5,39.57118552616941,0.0,0.0,0.0,0.0,0.0,0.0,0.0,0.0,0,0,0,0,0,0,0,0
1995-1826-0007_4446-2275-0043__T1__NBASIC__1995,1995,4446,10,25.891869028631643,0.0,0.0,0.0,0.0,0.0,0.0,0.0,0.0,0,0,0,0,0,0,0,0
1995-1826-0007_4446-2275-0043__T2__NBASIC__4446,4446,1995,10,32.195842681677924,0.0,0.0,0.0,0.0,0.0,0.0,0.0,0.0,0,0,0,0,0,0,0,0
1995-1826-0011_8463-287645-0014__T1__NBASIC__1995,1995,8463,5,38.59292158212992,0.0,0.0,0.0,0.0,0.0,0.0,0.0,0.0,0,0,0,0,0,0,0,0
1995-1826-0011_8463-287645-0014__T2__NBASIC__8463,8463,1995,5,36.78610123412367,0.0,0.0,0.0,0.0,0.0,0.0,0.0,0.0,0,0,0,0,0,0,0,0
1995-1826-0015_2830-3980-0020__T1__NBASIC__1995,1995,2830,5,31.850821325781595,0.0,0.0,0.0,0.0,0.0,0.0,0.0,0.0,0,0,0,0,0,0,0,0
1995-1826-0015_2830-3980-0020__T2__NBASIC__2830,2830,1995,5,33.933326557873954,0.0,0.0,0.0,0.0,0.0,0.0,0.0,0.0,0,0,0,0,0,0,0,0
1995-1826-0017_5639-40744-0001__T1__NBASIC__1995,1995,5639,11,38.01426329864008,0.0,0.0,0.0,0.0,0.0,0.0,0.0,0.0,0,0,0,0,0,0,0,0
1995-1826-0017_5639-40744-0001__T2__NBASIC__5639,5639,1995,11,39.637938202625534,0.0,0.0,0.0,0.0,0.0,0.0,0.0,0.0,0,0,0,0,0,0,0,0
1995-1826-0020_61-70970-0027__T1__NBASIC__1995,1995,61,9,34.321541149970464,0.0,0.0,0.0,0.0,0.0,0.0,0.0,0.0,0,0,0,0,0,0,0,0
1995-1826-0020_61-70970-0027__T2__NBASIC__61,61,1995,9,31.475610390539327,0.0,0.0,0.0,0.0,0.0,0.0,0.0,0.0,0,0,0,0,0,0,0,0
1995-1826-0024_6829-68769-0033__T1__NBASIC__1995,1995,6829,7,20.41702040185465,0.0,0.14285714285714285,0.2857142857142857,0.2857142857142857,0.14285714285714285,0.0,0.0,0.0,1,0,0,0,0,0,0,0
1995-1826-0024_6829-68769-0033__T2__NBASIC__6829,6829,1995,7,32.91768399111078,0.0,0.0,0.0,0.0,0.0,0.0,0.0,0.0,0,0,0,0,0,0,0,0
1995-1826-0025_7021-85628-0007__T1__NBASIC__1995,1995,7021,5,48.125495463066,0.0,0.0,0.0,0.0,0.0,0.0,0.0,0.0,0,0,0,0,0,0,0,0
1995-1826-0025_7021-85628-0007__T2__NBASIC__7021,7021,1995,5,40.32549682908536,0.0,0.0,0.0,0.0,0.0,0.0,0.0,0.0,0,0,0,0,0,0,0,0
1995-1836-0001_8455-210777-0049__T1__NBASIC__1995,1995,8455,7,36.95364362169383,0.0,0.0,0.0,0.0,0.0,0.0,0.0,0.0,0,0,0,0,0,0,0,0
1995-1836-0001_8455-210777-0049__T2__NBASIC__8455,8455,1995,7,33.45614099057631,0.0,0.0,0.0,0.0,0.0,0.0,0.0,0.0,0,0,0,0,0,0,0,0
1995-1836-0003_4992-41806-0011__T1__NBASIC__1995,1995,4992,14,3.8136267359614244,0.5,0.21428571428571427,0.21428571428571427,0.21428571428571427,0.14285714285714285,0.14285714285714285,0.14285714285714285,0.14285714285714285,1,1,1,1,0,0,0,0
1995-1836-0003_4992-41806-0011__T2__NBASIC__4992,4992,1995,14,31.372818109565188,0.0,0.0,0.0,0.0,0.0,0.0,0.0,0.0,0,0,0,0,0,0,0,0
1995-1836-0005_2300-131720-0012__T1__NBASIC__1995,1995,2300,20,32.47399263430965,0.0,0.0,0.05,0.0,0.0,0.0,0.0,0.0,0,0,0,0,0,0,0,0
1995-1836-0005_2300-131720-0012__T2__NBASIC__2300,2300,1995,20,31.258483423662184,0.0,0.0,0.0,0.0,0.0,0.0,0.0,0.0,0,0,0,0,0,0,0,0
1995-1836-0006_2094-142345-0036__T1__NBASIC__1995,1995,2094,12,-12.361771977095536,0.9166666666666666,0.9166666666666666,0.75,0.8333333333333334,0.75,0.75,0.75,0.75,1,1,1,1,1,1,1,1
1995-1836-0006_2094-142345-0036__T2__NBASIC__2094,2094,1995,12,27.593672039043682,0.0,0.08333333333333333,0.16666666666666666,0.08333333333333333,0.08333333333333333,0.0,0.08333333333333333,0.0,1,0,1,0,0,0,0,0
1995-1836-0009_7729-102255-0020__T1__NBASIC__1995,1995,7729,12,31.05885741203216,0.0,0.0,0.0,0.0,0.0,0.0,0.0,0.0,0,0,0,0,0,0,0,0
1995-1836-0009_7729-102255-0020__T2__NBASIC__7729,7729,1995,12,24.50249028300732,0.0,0.0,0.08333333333333333,0.08333333333333333,0.0,0.0,0.0,0.0,0,0,0,0,0,0,0,0
1995-1836-0011_8463-294825-0015__T1__NBASIC__1995,1995,8463,5,39.754694279051684,0.0,0.0,0.0,0.0,0.0,0.0,0.0,0.0,0,0,0,0,0,0,0,0
1995-1836-0011_8463-294825-0015__T2__NBASIC__8463,8463,1995,5,28.785894567040604,0.0,0.0,0.0,0.0,0.0,0.0,0.0,0.0,0,0,0,0,0,0,0,0
1995-1836-0012_4446-2275-0034__T1__NBASIC__1995,1995,4446,5,53.52480787896653,0.0,0.0,0.0,0.0,0.0,0.0,0.0,0.0,0,0,0,0,0,0,0,0
1995-1836-0012_4446-2275-0034__T2__NBASIC__4446,4446,1995,5,39.80103117833346,0.0,0.0,0.0,0.0,0.0,0.0,0.0,0.0,0,0,0,0,0,0,0,0
1995-1836-0014_3570-5695-0002__T1__NBASIC__1995,1995,3570,14,-21.99742813397298,1.0,0.9285714285714286,0.9285714285714286,1.0,0.9285714285714286,0.9285714285714286,0.9285714285714286,0.9285714285714286,1,1,1,1,1,1,1,1
1995-1836-0014_3570-5695-0002__T2__NBASIC__3570,3570,1995,14,25.739860473718995,0.0,0.0,0.07142857142857142,0.0,0.0,0.0,0.0,0.0,0,0,0,0,0,0,0,0
1995-1837-0000_8224-274384-0013__T1__NBASIC__1995,1995,8224,6,32.518445428846725,0.0,0.0,0.0,0.0,0.0,0.0,0.0,0.0,0,0,0,0,0,0,0,0
1995-1837-0000_8224-274384-0013__T2__NBASIC__8224,8224,1995,6,24.608363164588695,0.0,0.16666666666666666,0.16666666666666666,0.16666666666666666,0.16666666666666666,0.0,0.16666666666666666,0.0,1,0,1,0,0,0,0,0
1995-1837-0001_672-122797-0001__T1__NBASIC__1995,1995,672,14,42.170912315145486,0.0,0.0,0.0,0.0,0.0,0.0,0.0,0.0,0,0,0,0,0,0,0,0
1995-1837-0001_672-122797-0001__T2__NBASIC__672,672,1995,14,45.63451456080401,0.0,0.0,0.0,0.0,0.0,0.0,0.0,0.0,0,0,0,0,0,0,0,0
1995-1837-0004_5639-40744-0007__T1__NBASIC__1995,1995,5639,9,45.064303861518496,0.0,0.0,0.0,0.0,0.0,0.0,0.0,0.0,0,0,0,0,0,0,0,0
1995-1837-0004_5639-40744-0007__T2__NBASIC__5639,5639,1995,9,37.375975333883694,0.0,0.0,0.0,0.0,0.0,0.0,0.0,0.0,0,0,0,0,0,0,0,0
1995-1837-0009_6829-68769-0017__T1__NBASIC__1995,1995,6829,6,30.6494745627136,0.0,0.16666666666666666,0.0,0.0,0.0,0.0,0.0,0.0,0,0,0,0,0,0,0,0
1995-1837-0009_6829-68769-0017__T2__NBASIC__6829,6829,1995,6,27.022808761644235,0.0,0.0,0.0,0.0,0.0,0.0,0.0,0.0,0,0,0,0,0,0,0,0
1995-1837-0013_260-123288-0016__T1__NBASIC__1995,1995,260,5,39.44250433368657,0.0,0.0,0.0,0.0,0.0,0.0,0.0,0.0,0,0,0,0,0,0,0,0
1995-1837-0013_260-123288-0016__T2__NBASIC__260,260,1995,5,34.588066010778704,0.0,0.0,0.0,0.0,0.0,0.0,0.0,0.0,0,0,0,0,0,0,0,0
1995-1837-0015_4077-13751-0001__T1__NBASIC__1995,1995,4077,7,40.73963648303889,0.0,0.0,0.0,0.0,0.0,0.0,0.0,0.0,0,0,0,0,0,0,0,0
1995-1837-0015_4077-13751-0001__T2__NBASIC__4077,4077,1995,7,33.12026633019737,0.0,0.0,0.0,0.0,0.0,0.0,0.0,0.0,0,0,0,0,0,0,0,0
1995-1837-0016_8230-279154-0006__T1__NBASIC__1995,1995,8230,13,39.426874357798305,0.0,0.0,0.0,0.0,0.0,0.0,0.0,0.0,0,0,0,0,0,0,0,0
1995-1837-0016_8230-279154-0006__T2__NBASIC__8230,8230,1995,13,35.65448263510712,0.0,0.0,0.0,0.0,0.0,0.0,0.0,0.0,0,0,0,0,0,0,0,0
1995-1837-0019_672-122797-0023__T1__NBASIC__1995,1995,672,9,41.24115585997049,0.0,0.2222222222222222,0.0,0.0,0.0,0.0,0.0,0.0,0,0,0,0,0,0,0,0
1995-1837-0019_672-122797-0023__T2__NBASIC__672,672,1995,9,49.30733809583778,0.0,0.0,0.0,0.0,0.0,0.0,0.0,0.0,0,0,0,0,0,0,0,0
1995-1837-0020_5142-33396-0032__T1__NBASIC__1995,1995,5142,5,21.155103996549645,0.0,0.4,0.2,0.4,0.2,0.0,0.2,0.0,1,0,1,0,1,0,1,0
1995-1837-0020_5142-33396-0032__T2__NBASIC__5142,5142,1995,5,30.874337052002286,0.0,0.0,0.0,0.0,0.0,0.0,0.0,0.0,0,0,0,0,0,0,0,0
1995-1837-0025_5142-36377-0017__T1__NBASIC__1995,1995,5142,8,36.54199205279257,0.0,0.0,0.0,0.0,0.0,0.0,0.0,0.0,0,0,0,0,0,0,0,0
1995-1837-0025_5142-36377-0017__T2__NBASIC__5142,5142,1995,8,42.666058805213474,0.0,0.0,0.0,0.0,0.0,0.0,0.0,0.0,0,0,0,0,0,0,0,0
1995-1837-0027_4970-29095-0022__T1__NBASIC__1995,1995,4970,8,31.136178374718277,0.0,0.0,0.0,0.0,0.0,0.0,0.0,0.0,0,0,0,0,0,0,0,0
1995-1837-0027_4970-29095-0022__T2__NBASIC__4970,4970,1995,8,42.61848896583168,0.0,0.0,0.0,0.0,0.0,0.0,0.0,0.0,0,0,0,0,0,0,0,0
2094-142345-0001_1089-134691-0008__T1__NBASIC__2094,2094,1089,15,29.932611358370586,0.0,0.06666666666666667,0.06666666666666667,0.0,0.0,0.0,0.0,0.0,0,0,0,0,0,0,0,0
2094-142345-0001_1089-134691-0008__T2__NBASIC__1089,1089,2094,15,23.369116415735174,0.0,0.06666666666666667,0.0,0.0,0.0,0.0,0.0,0.0,0,0,0,0,0,0,0,0
2094-142345-0003_6930-81414-0004__T1__NBASIC__2094,2094,6930,17,44.30937553023066,0.0,0.0,0.0,0.0,0.0,0.0,0.0,0.0,0,0,0,0,0,0,0,0
2094-142345-0003_6930-81414-0004__T2__NBASIC__6930,6930,2094,17,24.45342205372957,0.11764705882352941,0.058823529411764705,0.0,0.0,0.0,0.0,0.0,0.0,0,0,0,0,0,0,0,0
2094-142345-0009_8455-210777-0035__T1__NBASIC__2094,2094,8455,8,38.186533668434606,0.0,0.0,0.0,0.0,0.0,0.0,0.0,0.0,0,0,0,0,0,0,0,0
2094-142345-0009_8455-210777-0035__T2__NBASIC__8455,8455,2094,8,28.76259739926093,0.0,0.0,0.0,0.0,0.0,0.0,0.0,0.0,0,0,0,0,0,0,0,0
2094-142345-0011_1580-141083-0001__T1__NBASIC__2094,2094,1580,19,36.141982390213016,0.0,0.0,0.05263157894736842,0.0,0.0,0.0,0.0,0.0,0,0,0,0,0,0,0,0
2094-142345-0011_1580-141083-0001__T2__NBASIC__1580,1580,2094,19,41.21024496966558,0.0,0.0,0.0,0.0,0.0,0.0,0.0,0.0,0,0,0,0,0,0,0,0
2094-142345-0012_4446-2275-0026__T1__NBASIC__2094,2094,4446,9,23.69891205863634,0.1111111111111111,0.1111111111111111,0.0,0.0,0.0,0.0,0.0,0.0,0,0,0,0,0,0,0,0
2094-142345-0012_4446-2275-0026__T2__NBASIC__4446,4446,2094,9,26.717670293465197,0.0,0.1111111111111111,0.1111111111111111,0.0,0.0,0.0,0.0,0.0,0,0,0,0,0,0,0,0
2094-142345-0018_1320-122617-0018__T1__NBASIC__2094,2094,1320,5,32.329536357008124,0.0,0.0,0.0,0.0,0.0,0.0,0.0,0.0,0,0,0,0,0,0,0,0
2094-142345-0018_1320-122617-0018__T2__NBASIC__1320,1320,2094,5,36.98980634333307,0.0,0.0,0.0,0.0,0.0,0.0,0.0,0.0,0,0,0,0,0,0,0,0
2094-142345-0023_4507-16021-0002__T1__NBASIC__2094,2094,4507,5,2.090725073530065,0.4,0.2,0.2,0.0,0.2,0.0,0.0,0.0,1,0,0,0,1,0,0,0
2094-142345-0023_4507-16021-0002__T2__NBASIC__4507,4507,2094,5,29.431702477584984,0.0,0.0,0.0,0.0,0.0,0.0,0.0,0.0,0,0,0,0,0,0,0,0
2094-142345-0027_260-123288-0007__T1__NBASIC__2094,2094,260,10,36.7110330569764,0.0,0.0,0.0,0.0,0.0,0.0,0.0,0.0,0,0,0,0,0,0,0,0
2094-142345-0027_260-123288-0007__T2__NBASIC__260,260,2094,10,37.729433609708444,0.0,0.0,0.0,0.0,0.0,0.0,0.0,0.0,0,0,0,0,0,0,0,0
2094-142345-0028_8455-210777-0038__T1__NBASIC__2094,2094,8455,12,38.97535334761448,0.0,0.0,0.0,0.0,0.0,0.0,0.0,0.0,0,0,0,0,0,0,0,0
2094-142345-0028_8455-210777-0038__T2__NBASIC__8455,8455,2094,12,33.89722769656606,0.0,0.0,0.0,0.0,0.0,0.0,0.0,0.0,0,0,0,0,0,0,0,0
2094-142345-0029_1995-1837-0012__T1__NBASIC__2094,2094,1995,15,5.191079770039453,0.4,0.5333333333333333,0.6,0.5333333333333333,0.5333333333333333,0.4,0.5333333333333333,0.4,1,1,1,1,1,1,1,1
2094-142345-0029_1995-1837-0012__T2__NBASIC__1995,1995,2094,15,12.157617382439105,0.2,0.4,0.26666666666666666,0.3333333333333333,0.26666666666666666,0.2,0.26666666666666666,0.2,1,1,1,1,1,1,1,1
2094-142345-0030_5142-36377-0009__T1__NBASIC__2094,2094,5142,9,17.75923052433652,0.1111111111111111,0.2222222222222222,0.2222222222222222,0.0,0.1111111111111111,0.1111111111111111,0.0,0.0,1,1,0,0,0,0,0,0
2094-142345-0030_5142-36377-0009__T2__NBASIC__5142,5142,2094,9,28.01454162188283,0.0,0.0,0.0,0.0,0.0,0.0,0.0,0.0,0,0,0,0,0,0,0,0
2094-142345-0032_1284-1180-0025__T1__NBASIC__2094,2094,1284,5,17.774905641812445,0.0,0.4,0.0,0.2,0.0,0.0,0.0,0.0,0,0,0,0,0,0,0,0
2094-142345-0032_1284-1180-0025__T2__NBASIC__1284,1284,2094,5,39.68085208989395,0.0,0.0,0.0,0.0,0.0,0.0,0.0,0.0,0,0,0,0,0,0,0,0
2094-142345-0034_4507-16021-0051__T1__NBASIC__2094,2094,4507,11,31.240170392654345,0.0,0.0,0.0,0.0,0.0,0.0,0.0,0.0,0,0,0,0,0,0,0,0
2094-142345-0034_4507-16021-0051__T2__NBASIC__4507,4507,2094,11,36.01766202818622,0.0,0.0,0.0,0.0,0.0,0.0,0.0,0.0,0,0,0,0,0,0,0,0
2094-142345-0035_4507-16021-0022__T1__NBASIC__2094,2094,4507,6,34.936349214977966,0.0,0.0,0.0,0.0,0.0,0.0,0.0,0.0,0,0,0,0,0,0,0,0
2094-142345-0035_4507-16021-0022__T2__NBASIC__4507,4507,2094,6,30.78480179932919,0.0,0.0,0.0,0.0,0.0,0.0,0.0,0.0,0,0,0,0,0,0,0,0
2094-142345-0039_6930-75918-0001__T1__NBASIC__2094,2094,6930,11,37.80199649496644,0.0,0.0,0.0,0.0,0.0,0.0,0.0,0.0,0,0,0,0,0,0,0,0
2094-142345-0039_6930-75918-0001__T2__NBASIC__6930,6930,2094,11,36.575030862222114,0.0,0.0,0.0,0.0,0.0,0.0,0.0,0.0,0,0,0,0,0,0,0,0
2094-142345-0050_8463-287645-0006__T1__NBASIC__2094,2094,8463,7,24.29140783917933,0.0,0.0,0.0,0.0,0.0,0.0,0.0,0.0,0,0,0,0,0,0,0,0
2094-142345-0050_8463-287645-0006__T2__NBASIC__8463,8463,2094,7,-16.892428215800642,1.0,0.8571428571428571,0.8571428571428571,0.7142857142857143,0.8571428571428571,0.8571428571428571,0.7142857142857143,0.7142857142857143,1,1,1,1,1,1,1,1
2094-142345-0053_4992-23283-0008__T1__NBASIC__2094,2094,4992,5,26.937336853045622,0.0,0.0,0.0,0.0,0.0,0.0,0.0,0.0,0,0,0,0,0,0,0,0
2094-142345-0053_4992-23283-0008__T2__NBASIC__4992,4992,2094,5,22.239070418663903,0.0,0.2,0.2,0.2,0.2,0.0,0.2,0.0,1,0,1,0,1,0,1,0
2094-142345-0059_237-126133-0024__T1__NBASIC__2094,2094,237,18,42.25142350348759,0.0,0.0,0.0,0.0,0.0,0.0,0.0,0.0,0,0,0,0,0,0,0,0
2094-142345-0059_237-126133-0024__T2__NBASIC__237,237,2094,18,35.120457605621745,0.0,0.0,0.0,0.0,0.0,0.0,0.0,0.0,0,0,0,0,0,0,0,0
2300-131720-0000_3570-5694-0000__T1__NBASIC__2300,2300,3570,9,35.16519246325737,0.0,0.0,0.0,0.0,0.0,0.0,0.0,0.0,0,0,0,0,0,0,0,0
2300-131720-0000_3570-5694-0000__T2__NBASIC__3570,3570,2300,9,34.736625712320176,0.0,0.0,0.0,0.0,0.0,0.0,0.0,0.0,0,0,0,0,0,0,0,0
2300-131720-0001_5683-32879-0012__T1__NBASIC__2300,2300,5683,7,33.191296610729225,0.0,0.0,0.0,0.0,0.0,0.0,0.0,0.0,0,0,0,0,0,0,0,0
2300-131720-0001_5683-32879-0012__T2__NBASIC__5683,5683,2300,7,32.116175070012474,0.0,0.0,0.0,0.0,0.0,0.0,0.0,0.0,0,0,0,0,0,0,0,0
2300-131720-0002_8455-210777-0036__T1__NBASIC__2300,2300,8455,24,34.060995626162104,0.0,0.08333333333333333,0.041666666666666664,0.0,0.041666666666666664,0.0,0.0,0.0,1,0,0,0,0,0,0,0
2300-131720-0002_8455-210777-0036__T2__NBASIC__8455,8455,2300,24,31.61469859765429,0.0,0.0,0.08333333333333333,0.0,0.0,0.0,0.0,0.0,0,0,0,0,0,0,0,0
2300-131720-0003_672-122797-0055__T1__NBASIC__2300,2300,672,14,26.926319241449363,0.0,0.14285714285714285,0.07142857142857142,0.14285714285714285,0.07142857142857142,0.0,0.07142857142857142,0.0,1,0,1,0,0,0,0,0
2300-131720-0003_672-122797-0055__T2__NBASIC__672,672,2300,14,24.904291727141352,0.0,0.0,0.14285714285714285,0.0,0.0,0.0,0.0,0.0,0,0,0,0,0,0,0,0
2300-131720-0006_8455-210777-0043__T1__NBASIC__2300,2300,8455,5,13.703266471730338,0.2,0.2,0.4,0.2,0.2,0.0,0.2,0.0,1,0,1,0,1,0,1,0
2300-131720-0006_8455-210777-0043__T2__NBASIC__8455,8455,2300,5,17.392292231358205,0.2,0.2,0.4,0.2,0.2,0.0,0.2,0.0,1,0,1,0,1,0,1,0
2300-131720-0007_8224-274384-0007__T1__NBASIC__2300,2300,8224,11,26.407223814241302,0.0,0.09090909090909091,0.09090909090909091,0.0,0.09090909090909091,0.0,0.0,0.0,1,0,0,0,0,0,0,0
2300-131720-0007_8224-274384-0007__T2__NBASIC__8224,8224,2300,11,6.129684790539256,0.45454545454545453,0.45454545454545453,0.6363636363636364,0.45454545454545453,0.45454545454545453,0.36363636363636365,0.45454545454545453,0.36363636363636365,1,1,1,1,1,1,1,1
2300-131720-0009_908-157963-0010__T1__NBASIC__2300,2300,908,11,23.77919637529285,0.0,0.0,0.0,0.0,0.0,0.0,0.0,0.0,0,0,0,0,0,0,0,0
2300-131720-0009_908-157963-0010__T2__NBASIC__908,908,2300,11,18.62388852421023,0.09090909090909091,0.18181818181818182,0.09090909090909091,0.0,0.09090909090909091,0.09090909090909091,0.0,0.0,1,1,0,0,0,0,0,0
2300-131720-0010_8230-279154-0013__T1__NBASIC__2300,2300,8230,20,29.51308063229593,0.0,0.0,0.0,0.0,0.0,0.0,0.0,0.0,0,0,0,0,0,0,0,0
2300-131720-0010_8230-279154-0013__T2__NBASIC__8230,8230,2300,20,-12.240962731941345,0.85,0.7,0.8,0.8,0.65,0.65,0.65,0.65,1,1,1,1,1,1,1,1
2300-131720-0018_1188-133604-0018__T1__NBASIC__2300,2300,1188,22,22.2618460188338,0.045454545454545456,0.0,0.0,0.045454545454545456,0.0,0.0,0.0,0.0,0,0,0,0,0,0,0,0
2300-131720-0018_1188-133604-0018__T2__NBASIC__1188,1188,2300,22,14.575640616036527,0.09090909090909091,0.09090909090909091,0.09090909090909091,0.045454545454545456,0.045454545454545456,0.045454545454545456,0.045454545454545456,0.045454545454545456,1,1,1,1,0,0,0,0
2300-131720-0020_61-70968-0061__T1__NBASIC__2300,2300,61,10,23.398592443264715,0.0,0.2,0.2,0.2,0.2,0.0,0.2,0.0,1,0,1,0,1,0,1,0
2300-131720-0020_61-70968-0061__T2__NBASIC__61,61,2300,10,-11.19289289013688,0.7,0.4,0.4,0.5,0.4,0.4,0.4,0.4,1,1,1,1,1,1,1,1
2300-131720-0021_121-121726-0004__T1__NBASIC__2300,2300,121,7,40.837823273727885,0.0,0.14285714285714285,0.0,0.0,0.0,0.0,0.0,0.0,0,0,0,0,0,0,0,0
2300-131720-0021_121-121726-0004__T2__NBASIC__121,121,2300,7,31.06390413580618,0.0,0.14285714285714285,0.14285714285714285,0.14285714285714285,0.14285714285714285,0.0,0.14285714285714285,0.0,1,0,1,0,0,0,0,0
2300-131720-0022_8555-284447-0019__T1__NBASIC__2300,2300,8555,19,37.06348124923748,0.0,0.0,0.0,0.0,0.0,0.0,0.0,0.0,0,0,0,0,0,0,0,0
2300-131720-0022_8555-284447-0019__T2__NBASIC__8555,8555,2300,19,-30.406941977388684,1.0,1.0,0.9473684210526315,1.0,0.9473684210526315,0.9473684210526315,0.9473684210526315,0.9473684210526315,1,1,1,1,1,1,1,1
2300-131720-0024_7176-92135-0003__T1__NBASIC__2300,2300,7176,6,6.103950669738676,0.5,0.6666666666666666,0.5,0.5,0.5,0.5,0.3333333333333333,0.3333333333333333,1,1,1,1,1,1,1,1
2300-131720-0024_7176-92135-0003__T2__NBASIC__7176,7176,2300,6,24.158744612247656,0.0,0.0,0.0,0.0,0.0,0.0,0.0,0.0,0,0,0,0,0,0,0,0
2300-131720-0026_4446-2273-0008__T1__NBASIC__2300,2300,4446,14,40.56397877715946,0.0,0.0,0.0,0.0,0.0,0.0,0.0,0.0,0,0,0,0,0,0,0,0
2300-131720-0026_4446-2273-0008__T2__NBASIC__4446,4446,2300,14,30.360420208708184,0.0,0.0,0.0,0.0,0.0,0.0,0.0,0.0,0,0,0,0,0,0,0,0
2300-131720-0030_1089-134686-0025__T1__NBASIC__2300,2300,1089,12,29.415643938118983,0.0,0.0,0.0,0.0,0.0,0.0,0.0,0.0,0,0,0,0,0,0,0,0
2300-131720-0030_1089-134686-0025__T2__NBASIC__1089,1089,2300,12,-20.413067976473094,1.0,0.9166666666666666,0.9166666666666666,1.0,0.8333333333333334,0.8333333333333334,0.8333333333333334,0.8333333333333334,1,1,1,1,1,1,1,1
2300-131720-0031_7176-88083-0020__T1__NBASIC__2300,2300,7176,9,19.628494391471143,0.0,0.1111111111111111,0.1111111111111111,0.1111111111111111,0.1111111111111111,0.0,0.1111111111111111,0.0,1,0,1,0,0,0,0,0
2300-131720-0031_7176-88083-0020__T2__NBASIC__7176,7176,2300,9,24.255441693954687,0.0,0.0,0.0,0.0,0.0,0.0,0.0,0.0,0,0,0,0,0,0,0,0
2300-131720-0036_7176-92135-0006__T1__NBASIC__2300,2300,7176,13,24.65655569963907,0.0,0.07692307692307693,0.23076923076923078,0.0,0.07692307692307693,0.0,0.0,0.0,1,0,0,0,0,0,0,0
2300-131720-0036_7176-92135-0006__T2__NBASIC__7176,7176,2300,13,16.463375614811138,0.0,0.0,0.0,0.0,0.0,0.0,0.0,0.0,0,0,0,0,0,0,0,0
2300-131720-0041_1284-1180-0023__T1__NBASIC__2300,2300,1284,6,30.28092808982971,0.0,0.16666666666666666,0.0,0.16666666666666666,0.0,0.0,0.0,0.0,0,0,0,0,0,0,0,0
2300-131720-0041_1284-1180-0023__T2__NBASIC__1284,1284,2300,6,41.840864475737746,0.0,0.0,0.0,0.0,0.0,0.0,0.0,0.0,0,0,0,0,0,0,0,0
237-126133-0001_7729-102255-0000__T1__NBASIC__237,237,7729,5,37.71444019599435,0.0,0.0,0.0,0.0,0.0,0.0,0.0,0.0,0,0,0,0,0,0,0,0
237-126133-0001_7729-102255-0000__T2__NBASIC__7729,7729,237,5,34.47314210674428,0.0,0.0,0.0,0.0,0.0,0.0,0.0,0.0,0,0,0,0,0,0,0,0
237-126133-0003_2830-3980-0028__T1__NBASIC__237,237,2830,6,25.58207056462119,0.0,0.16666666666666666,0.16666666666666666,0.16666666666666666,0.16666666666666666,0.0,0.16666666666666666,0.0,1,0,1,0,0,0,0,0
237-126133-0003_2830-3980-0028__T2__NBASIC__2830,2830,237,6,24.59945123419926,0.0,0.0,0.0,0.0,0.0,0.0,0.0,0.0,0,0,0,0,0,0,0,0
237-126133-0005_1580-141083-0050__T1__NBASIC__237,237,1580,5,-2.3275128148766013,0.4,0.6,0.8,0.8,0.6,0.4,0.6,0.4,1,1,1,1,1,1,1,1
237-126133-0005_1580-141083-0050__T2__NBASIC__1580,1580,237,5,19.600148567511653,0.0,0.2,0.2,0.2,0.2,0.0,0.2,0.0,1,0,1,0,1,0,1,0
237-126133-0006_5639-40744-0018__T1__NBASIC__237,237,5639,11,35.01135031223373,0.0,0.0,0.0,0.0,0.0,0.0,0.0,0.0,0,0,0,0,0,0,0,0
237-126133-0006_5639-40744-0018__T2__NBASIC__5639,5639,237,11,34.541837537599065,0.0,0.0,0.0,0.0,0.0,0.0,0.0,0.0,0,0,0,0,0,0,0,0
237-126133-0010_6829-68769-0003__T1__NBASIC__237,237,6829,7,40.070895312956836,0.0,0.0,0.0,0.0,0.0,0.0,0.0,0.0,0,0,0,0,0,0,0,0
237-126133-0010_6829-68769-0003__T2__NBASIC__6829,6829,237,7,35.346600214314876,0.0,0.2857142857142857,0.0,0.0,0.0,0.0,0.0,0.0,0,0,0,0,0,0,0,0
237-126133-0014_3729-6852-0037__T1__NBASIC__237,237,3729,10,24.794190995336255,0.0,0.1,0.1,0.1,0.1,0.0,0.1,0.0,1,0,1,0,0,0,0,0
237-126133-0014_3729-6852-0037__T2__NBASIC__3729,3729,237,10,32.25986621577164,0.0,0.0,0.0,0.0,0.0,0.0,0.0,0.0,0,0,0,0,0,0,0,0
237-126133-0015_1320-122612-0008__T1__NBASIC__237,237,1320,14,46.01106546420578,0.0,0.0,0.0,0.0,0.0,0.0,0.0,0.0,0,0,0,0,0,0,0,0
237-126133-0015_1320-122612-0008__T2__NBASIC__1320,1320,237,14,38.15801549196468,0.0,0.0,0.0,0.0,0.0,0.0,0.0,0.0,0,0,0,0,0,0,0,0
237-126133-0019_5639-40744-0024__T1__NBASIC__237,237,5639,13,38.61844113786904,0.0,0.0,0.0,0.0,0.0,0.0,0.0,0.0,0,0,0,0,0,0,0,0
237-126133-0019_5639-40744-0024__T2__NBASIC__5639,5639,237,13,37.45726050055271,0.0,0.0,0.0,0.0,0.0,0.0,0.0,0.0,0,0,0,0,0,0,0,0
237-126133-0022_3575-170457-0054__T1__NBASIC__237,237,3575,9,-7.311252013904655,0.5555555555555556,0.5555555555555556,0.7777777777777778,0.4444444444444444,0.5555555555555556,0.4444444444444444,0.4444444444444444,0.3333333333333333,1,1,1,1,1,1,1,1
237-126133-0022_3575-170457-0054__T2__NBASIC__3575,3575,237,9,35.281575179420344,0.0,0.1111111111111111,0.0,0.1111111111111111,0.0,0.0,0.0,0.0,0,0,0,0,0,0,0,0
237-126133-0023_672-122797-0005__T1__NBASIC__237,237,672,5,33.24589616144368,0.0,0.0,0.0,0.0,0.0,0.0,0.0,0.0,0,0,0,0,0,0,0,0
237-126133-0023_672-122797-0005__T2__NBASIC__672,672,237,5,30.586480129471845,0.0,0.0,0.0,0.0,0.0,0.0,0.0,0.0,0,0,0,0,0,0,0,0
237-126133-0025_1995-1826-0016__T1__NBASIC__237,237,1995,6,38.183896949923614,0.0,0.0,0.0,0.0,0.0,0.0,0.0,0.0,0,0,0,0,0,0,0,0
237-126133-0025_1995-1826-0016__T2__NBASIC__1995,1995,237,6,32.920082571050614,0.0,0.0,0.0,0.0,0.0,0.0,0.0,0.0,0,0,0,0,0,0,0,0
237-134493-0000_260-123286-0017__T1__NBASIC__237,237,260,6,33.40088680199657,0.0,0.0,0.0,0.0,0.0,0.0,0.0,0.0,0,0,0,0,0,0,0,0
237-134493-0000_260-123286-0017__T2__NBASIC__260,260,237,6,34.08850792697922,0.0,0.16666666666666666,0.0,0.0,0.0,0.0,0.0,0.0,0,0,0,0,0,0,0,0
237-134493-0002_4992-41797-0002__T1__NBASIC__237,237,4992,10,29.186675562197415,0.0,0.1,0.0,0.0,0.0,0.0,0.0,0.0,0,0,0,0,0,0,0,0
237-134493-0002_4992-41797-0002__T2__NBASIC__4992,4992,237,10,28.699381491423352,0.0,0.0,0.0,0.0,0.0,0.0,0.0,0.0,0,0,0,0,0,0,0,0
237-134493-0005_5105-28241-0017__T1__NBASIC__237,237,5105,20,29.28830475214679,0.05,0.05,0.05,0.05,0.05,0.05,0.05,0.05,1,1,1,1,0,0,0,0
237-134493-0005_5105-28241-0017__T2__NBASIC__5105,5105,237,20,29.9495835177639,0.0,0.0,0.0,0.0,0.0,0.0,0.0,0.0,0,0,0,0,0,0,0,0
237-134493-0006_2961-961-0008__T1__NBASIC__237,237,2961,7,23.230094551095757,0.0,0.0,0.0,0.0,0.0,0.0,0.0,0.0,0,0,0,0,0,0,0,0
237-134493-0006_2961-961-0008__T2__NBASIC__2961,2961,237,7,43.86523242215666,0.0,0.0,0.0,0.0,0.0,0.0,0.0,0.0,0,0,0,0,0,0,0,0
237-134493-0013_4992-23283-0009__T1__NBASIC__237,237,4992,7,23.37812881006514,0.0,0.14285714285714285,0.0,0.14285714285714285,0.0,0.0,0.0,0.0,0,0,0,0,0,0,0,0
237-134493-0013_4992-23283-0009__T2__NBASIC__4992,4992,237,7,17.298254081801794,0.14285714285714285,0.14285714285714285,0.2857142857142857,0.14285714285714285,0.14285714285714285,0.0,0.14285714285714285,0.0,1,0,1,0,0,0,0,0
237-134493-0014_3570-5694-0009__T1__NBASIC__237,237,3570,6,41.187432795211215,0.0,0.0,0.0,0.0,0.0,0.0,0.0,0.0,0,0,0,0,0,0,0,0
237-134493-0014_3570-5694-0009__T2__NBASIC__3570,3570,237,6,36.52621809499002,0.0,0.0,0.0,0.0,0.0,0.0,0.0,0.0,0,0,0,0,0,0,0,0
237-134493-0015_5105-28240-0008__T1__NBASIC__237,237,5105,12,37.97867410103439,0.0,0.0,0.0,0.0,0.0,0.0,0.0,0.0,0,0,0,0,0,0,0,0
237-134493-0015_5105-28240-0008__T2__NBASIC__5105,5105,237,12,34.357779883639694,0.0,0.0,0.0,0.0,0.0,0.0,0.0,0.0,0,0,0,0,0,0,0,0
237-134493-0016_7176-92135-0005__T1__NBASIC__237,237,7176,9,33.600435624499006,0.0,0.0,0.0,0.0,0.0,0.0,0.0,0.0,0,0,0,0,0,0,0,0
237-134493-0016_7176-92135-0005__T2__NBASIC__7176,7176,237,9,36.41082464359669,0.0,0.0,0.0,0.0,0.0,0.0,0.0,0.0,0,0,0,0,0,0,0,0
237-134493-0018_1284-1181-0019__T1__NBASIC__237,237,1284,5,27.62437694472456,0.0,0.0,0.0,0.0,0.0,0.0,0.0,0.0,0,0,0,0,0,0,0,0
237-134493-0018_1284-1181-0019__T2__NBASIC__1284,1284,237,5,33.70452222663555,0.0,0.0,0.0,0.0,0.0,0.0,0.0,0.0,0,0,0,0,0,0,0,0
237-134500-0000_8463-294828-0029__T1__NBASIC__237,237,8463,9,11.036803066391528,0.1111111111111111,0.3333333333333333,0.3333333333333333,0.3333333333333333,0.2222222222222222,0.0,0.2222222222222222,0.0,1,0,1,0,1,0,1,0
237-134500-0000_8463-294828-0029__T2__NBASIC__8463,8463,237,9,23.235359234348184,0.0,0.1111111111111111,0.1111111111111111,0.0,0.1111111111111111,0.0,0.0,0.0,1,0,0,0,0,0,0,0
237-134500-0002_4970-29093-0019__T1__NBASIC__237,237,4970,9,9.663241949591699,0.2222222222222222,0.3333333333333333,0.1111111111111111,0.2222222222222222,0.1111111111111111,0.1111111111111111,0.1111111111111111,0.1111111111111111,1,1,1,1,0,0,0,0
237-134500-0002_4970-29093-0019__T2__NBASIC__4970,4970,237,9,31.171142100439926,0.0,0.3333333333333333,0.1111111111111111,0.1111111111111111,0.1111111111111111,0.0,0.1111111111111111,0.0,1,0,1,0,0,0,0,0
237-134500-0006_908-157963-0000__T1__NBASIC__237,237,908,7,37.30619931863886,0.0,0.0,0.0,0.0,0.0,0.0,0.0,0.0,0,0,0,0,0,0,0,0
237-134500-0006_908-157963-0000__T2__NBASIC__908,908,237,7,32.14247698177045,0.0,0.0,0.0,0.0,0.0,0.0,0.0,0.0,0,0,0,0,0,0,0,0
237-134500-0011_4992-41797-0010__T1__NBASIC__237,237,4992,5,29.349296751868934,0.0,0.0,0.0,0.0,0.0,0.0,0.0,0.0,0,0,0,0,0,0,0,0
237-134500-0011_4992-41797-0010__T2__NBASIC__4992,4992,237,5,21.015477883808202,0.0,0.4,0.4,0.8,0.4,0.0,0.4,0.0,1,0,1,0,1,0,1,0
237-134500-0018_1580-141083-0007__T1__NBASIC__237,237,1580,8,-24.30696349703325,1.0,1.0,1.0,1.0,1.0,1.0,1.0,1.0,1,1,1,1,1,1,1,1
237-134500-0018_1580-141083-0007__T2__NBASIC__1580,1580,237,8,32.63802343936764,0.0,0.0,0.0,0.0,0.0,0.0,0.0,0.0,0,0,0,0,0,0,0,0
237-134500-0023_4992-41806-0006__T1__NBASIC__237,237,4992,5,26.306098096738385,0.0,0.0,0.0,0.0,0.0,0.0,0.0,0.0,0,0,0,0,0,0,0,0
237-134500-0023_4992-41806-0006__T2__NBASIC__4992,4992,237,5,27.463450141013137,0.0,0.0,0.0,0.0,0.0,0.0,0.0,0.0,0,0,0,0,0,0,0,0
237-134500-0024_1089-134686-0011__T1__NBASIC__237,237,1089,7,33.477701773905125,0.0,0.14285714285714285,0.0,0.0,0.0,0.0,0.0,0.0,0,0,0,0,0,0,0,0
237-134500-0024_1089-134686-0011__T2__NBASIC__1089,1089,237,7,33.02308006331072,0.0,0.0,0.14285714285714285,0.0,0.0,0.0,0.0,0.0,0,0,0,0,0,0,0,0
237-134500-0026_260-123286-0016__T1__NBASIC__237,237,260,5,26.55906191115237,0.0,0.0,0.0,0.0,0.0,0.0,0.0,0.0,0,0,0,0,0,0,0,0
237-134500-0026_260-123286-0016__T2__NBASIC__260,260,237,5,33.65109318628325,0.0,0.0,0.0,0.0,0.0,0.0,0.0,0.0,0,0,0,0,0,0,0,0
237-134500-0028_2830-3980-0023__T1__NBASIC__237,237,2830,8,26.583124876871832,0.0,0.0,0.0,0.0,0.0,0.0,0.0,0.0,0,0,0,0,0,0,0,0
237-134500-0028_2830-3980-0023__T2__NBASIC__2830,2830,237,8,34.30994271987817,0.0,0.0,0.0,0.0,0.0,0.0,0.0,0.0,0,0,0,0,0,0,0,0
237-134500-0034_4077-13751-0011__T1__NBASIC__237,237,4077,5,29.57849878892384,0.0,0.4,0.0,0.0,0.0,0.0,0.0,0.0,0,0,0,0,0,0,0,0
237-134500-0034_4077-13751-0011__T2__NBASIC__4077,4077,237,5,37.175585591590995,0.0,0.0,0.0,0.0,0.0,0.0,0.0,0.0,0,0,0,0,0,0,0,0
237-134500-0036_6829-68771-0035__T1__NBASIC__237,237,6829,7,-3.5581270925947526,0.5714285714285714,1.0,1.0,1.0,1.0,0.5714285714285714,1.0,0.5714285714285714,1,1,1,1,1,1,1,1
237-134500-0036_6829-68771-0035__T2__NBASIC__6829,6829,237,7,22.295335784715974,0.0,0.0,0.0,0.0,0.0,0.0,0.0,0.0,0,0,0,0,0,0,0,0
237-134500-0037_2830-3980-0042__T1__NBASIC__237,237,2830,5,32.448853340271086,0.0,0.0,0.0,0.0,0.0,0.0,0.0,0.0,0,0,0,0,0,0,0,0
237-134500-0037_2830-3980-0042__T2__NBASIC__2830,2830,237,5,37.96829890766687,0.0,0.0,0.0,0.0,0.0,0.0,0.0,0.0,0,0,0,0,0,0,0,0
237-134500-0040_1284-134647-0007__T1__NBASIC__237,237,1284,7,26.479694507270878,0.0,0.0,0.0,0.0,0.0,0.0,0.0,0.0,0,0,0,0,0,0,0,0
237-134500-0040_1284-134647-0007__T2__NBASIC__1284,1284,237,7,31.998636562054124,0.0,0.0,0.0,0.0,0.0,0.0,0.0,0.0,0,0,0,0,0,0,0,0
237-134500-0041_6930-75918-0011__T1__NBASIC__237,237,6930,5,30.2100018911967,0.0,0.0,0.0,0.0,0.0,0.0,0.0,0.0,0,0,0,0,0,0,0,0
237-134500-0041_6930-75918-0011__T2__NBASIC__6930,6930,237,5,39.915602025818465,0.0,0.0,0.0,0.0,0.0,0.0,0.0,0.0,0,0,0,0,0,0,0,0
260-123286-0003_2094-142345-0048__T1__NBASIC__260,260,2094,11,32.50768985878365,0.09090909090909091,0.09090909090909091,0.09090909090909091,0.09090909090909091,0.09090909090909091,0.09090909090909091,0.09090909090909091,0.09090909090909091,1,1,1,1,0,0,0,0
260-123286-0003_2094-142345-0048__T2__NBASIC__2094,2094,260,11,35.80470127836601,0.0,0.0,0.0,0.0,0.0,0.0,0.0,0.0,0,0,0,0,0,0,0,0
260-123286-0005_237-126133-0000__T1__NBASIC__260,260,237,8,37.488506163646186,0.0,0.0,0.0,0.0,0.0,0.0,0.0,0.0,0,0,0,0,0,0,0,0
260-123286-0005_237-126133-0000__T2__NBASIC__237,237,260,8,27.85810952616037,0.0,0.0,0.0,0.0,0.0,0.0,0.0,0.0,0,0,0,0,0,0,0,0
260-123286-0008_3570-5695-0013__T1__NBASIC__260,260,3570,6,-10.731894263498944,1.0,1.0,0.8333333333333334,1.0,0.8333333333333334,0.8333333333333334,0.8333333333333334,0.8333333333333334,1,1,1,1,1,1,1,1
260-123286-0008_3570-5695-0013__T2__NBASIC__3570,3570,260,6,33.033627357856595,0.0,0.0,0.0,0.0,0.0,0.0,0.0,0.0,0,0,0,0,0,0,0,0
260-123286-0015_237-134493-0001__T1__NBASIC__260,260,237,9,40.26781320393904,0.0,0.0,0.0,0.0,0.0,0.0,0.0,0.0,0,0,0,0,0,0,0,0
260-123286-0015_237-134493-0001__T2__NBASIC__237,237,260,9,38.9680340242108,0.0,0.0,0.0,0.0,0.0,0.0,0.0,0.0,0,0,0,0,0,0,0,0
260-123286-0019_1580-141083-0024__T1__NBASIC__260,260,1580,7,32.184701614549965,0.0,0.0,0.0,0.0,0.0,0.0,0.0,0.0,0,0,0,0,0,0,0,0
260-123286-0019_1580-141083-0024__T2__NBASIC__1580,1580,260,7,33.94526626270526,0.0,0.0,0.0,0.0,0.0,0.0,0.0,0.0,0,0,0,0,0,0,0,0
260-123286-0020_2830-3979-0008__T1__NBASIC__260,260,2830,5,-22.953041896382537,1.0,1.0,1.0,1.0,1.0,1.0,1.0,1.0,1,1,1,1,1,1,1,1
260-123286-0020_2830-3979-0008__T2__NBASIC__2830,2830,260,5,24.798582655908852,0.0,0.0,0.0,0.0,0.0,0.0,0.0,0.0,0,0,0,0,0,0,0,0
260-123286-0024_61-70970-0032__T1__NBASIC__260,260,61,5,34.42046993810769,0.0,0.2,0.0,0.0,0.0,0.0,0.0,0.0,0,0,0,0,0,0,0,0
260-123286-0024_61-70970-0032__T2__NBASIC__61,61,260,5,29.74051027367331,0.0,0.0,0.0,0.0,0.0,0.0,0.0,0.0,0,0,0,0,0,0,0,0
260-123286-0025_5142-33396-0003__T1__NBASIC__260,260,5142,5,40.66843910063795,0.0,0.0,0.0,0.0,0.0,0.0,0.0,0.0,0,0,0,0,0,0,0,0
260-123286-0025_5142-33396-0003__T2__NBASIC__5142,5142,260,5,36.94300366105395,0.0,0.0,0.0,0.0,0.0,0.0,0.0,0.0,0,0,0,0,0,0,0,0
260-123286-0028_5683-32866-0014__T1__NBASIC__260,260,5683,6,36.99146787665738,0.0,0.0,0.0,0.0,0.0,0.0,0.0,0.0,0,0,0,0,0,0,0,0
260-123286-0028_5683-32866-0014__T2__NBASIC__5683,5683,260,6,35.61887256352324,0.0,0.0,0.0,0.0,0.0,0.0,0.0,0.0,0,0,0,0,0,0,0,0
260-123286-0030_3729-6852-0004__T1__NBASIC__260,260,3729,14,39.04217629874879,0.0,0.0,0.0,0.0,0.0,0.0,0.0,0.0,0,0,0,0,0,0,0,0
260-123286-0030_3729-6852-0004__T2__NBASIC__3729,3729,260,14,29.79040790061991,0.0,0.0,0.0,0.0,0.0,0.0,0.0,0.0,0,0,0,0,0,0,0,0
260-123288-0002_1580-141084-0019__T1__NBASIC__260,260,1580,5,37.720401559571734,0.0,0.0,0.0,0.0,0.0,0.0,0.0,0.0,0,0,0,0,0,0,0,0
260-123288-0002_1580-141084-0019__T2__NBASIC__1580,1580,260,5,40.20279688494189,0.0,0.0,0.0,0.0,0.0,0.0,0.0,0.0,0,0,0,0,0,0,0,0
260-123288-0004_672-122797-0056__T1__NBASIC__260,260,672,7,-5.044011223058111,0.7142857142857143,1.0,0.8571428571428571,0.7142857142857143,0.8571428571428571,0.5714285714285714,0.7142857142857143,0.5714285714285714,1,1,1,1,1,1,1,1
260-123288-0004_672-122797-0056__T2__NBASIC__672,672,260,7,16.378819141869048,0.2857142857142857,0.0,0.0,0.0,0.0,0.0,0.0,0.0,0,0,0,0,0,0,0,0
260-123288-0005_5683-32879-0014__T1__NBASIC__260,260,5683,15,41.326626759915456,0.0,0.0,0.0,0.0,0.0,0.0,0.0,0.0,0,0,0,0,0,0,0,0
260-123288-0005_5683-32879-0014__T2__NBASIC__5683,5683,260,15,37.96364671105799,0.0,0.06666666666666667,0.0,0.0,0.0,0.0,0.0,0.0,0,0,0,0,0,0,0,0
260-123288-0008_237-134500-0033__T1__NBASIC__260,260,237,10,29.663679867422104,0.0,0.0,0.0,0.0,0.0,0.0,0.0,0.0,0,0,0,0,0,0,0,0
260-123288-0008_237-134500-0033__T2__NBASIC__237,237,260,10,32.894602968545186,0.0,0.0,0.0,0.0,0.0,0.0,0.0,0.0,0,0,0,0,0,0,0,0
260-123288-0009_1320-122617-0023__T1__NBASIC__260,260,1320,5,27.773785967704196,0.0,0.0,0.0,0.0,0.0,0.0,0.0,0.0,0,0,0,0,0,0,0,0
260-123288-0009_1320-122617-0023__T2__NBASIC__1320,1320,260,5,38.04891405533217,0.0,0.0,0.0,0.0,0.0,0.0,0.0,0.0,0,0,0,0,0,0,0,0
260-123288-0011_6829-68769-0011__T1__NBASIC__260,260,6829,8,40.18512972681508,0.0,0.0,0.0,0.0,0.0,0.0,0.0,0.0,0,0,0,0,0,0,0,0
260-123288-0011_6829-68769-0011__T2__NBASIC__6829,6829,260,8,34.339275591891806,0.0,0.0,0.0,0.0,0.0,0.0,0.0,0.0,0,0,0,0,0,0,0,0
260-123288-0012_7021-85628-0010__T1__NBASIC__260,260,7021,6,25.30763056096687,0.0,0.0,0.16666666666666666,0.0,0.0,0.0,0.0,0.0,0,0,0,0,0,0,0,0
260-123288-0012_7021-85628-0010__T2__NBASIC__7021,7021,260,6,27.94284770144266,0.0,0.0,0.16666666666666666,0.0,0.0,0.0,0.0,0.0,0,0,0,0,0,0,0,0
260-123288-0017_1580-141084-0049__T1__NBASIC__260,260,1580,9,33.40731232872447,0.0,0.0,0.0,0.0,0.0,0.0,0.0,0.0,0,0,0,0,0,0,0,0
260-123288-0017_1580-141084-0049__T2__NBASIC__1580,1580,260,9,32.601565088732265,0.0,0.0,0.0,0.0,0.0,0.0,0.0,0.0,0,0,0,0,0,0,0,0
260-123288-0018_2830-3979-0003__T1__NBASIC__260,260,2830,5,30.845044183642667,0.0,0.0,0.0,0.0,0.0,0.0,0.0,0.0,0,0,0,0,0,0,0,0
260-123288-0018_2830-3979-0003__T2__NBASIC__2830,2830,260,5,36.88070880010757,0.0,0.2,0.0,0.0,0.0,0.0,0.0,0.0,0,0,0,0,0,0,0,0
260-123440-0003_2961-960-0009__T1__NBASIC__260,260,2961,6,37.40196324125734,0.0,0.0,0.0,0.0,0.0,0.0,0.0,0.0,0,0,0,0,0,0,0,0
260-123440-0003_2961-960-0009__T2__NBASIC__2961,2961,260,6,41.69316151610535,0.0,0.0,0.0,0.0,0.0,0.0,0.0,0.0,0,0,0,0,0,0,0,0
260-123440-0004_8455-210777-0061__T1__NBASIC__260,260,8455,23,26.255934853232663,0.0,0.13043478260869565,0.13043478260869565,0.08695652173913043,0.08695652173913043,0.0,0.043478260869565216,0.0,1,0,1,0,0,0,0,0
260-123440-0004_8455-210777-0061__T2__NBASIC__8455,8455,260,23,32.03852365886621,0.0,0.0,0.08695652173913043,0.0,0.0,0.0,0.0,0.0,0,0,0,0,0,0,0,0
260-123440-0005_8555-284447-0014__T1__NBASIC__260,260,8555,5,27.03836368374004,0.0,0.0,0.0,0.0,0.0,0.0,0.0,0.0,0,0,0,0,0,0,0,0
260-123440-0005_8555-284447-0014__T2__NBASIC__8555,8555,260,5,-26.753584571616212,1.0,1.0,1.0,1.0,1.0,1.0,1.0,1.0,1,1,1,1,1,1,1,1
260-123440-0007_1320-122612-0005__T1__NBASIC__260,260,1320,5,-1.7713143327088305,0.6,0.4,0.6,0.4,0.4,0.4,0.4,0.4,1,1,1,1,1,1,1,1
260-123440-0007_1320-122612-0005__T2__NBASIC__1320,1320,260,5,33.513208064557,0.0,0.0,0.0,0.0,0.0,0.0,0.0,0.0,0,0,0,0,0,0,0,0
260-123440-0009_5105-28240-0011__T1__NBASIC__260,260,5105,5,15.370430442213074,0.0,0.0,0.0,0.0,0.0,0.0,0.0,0.0,0,0,0,0,0,0,0,0
260-123440-0009_5105-28240-0011__T2__NBASIC__5105,5105,260,5,-1.8093101819251376,0.8,0.4,0.6,0.4,0.4,0.2,0.4,0.2,1,1,1,1,1,1,1,1
260-123440-0010_908-31957-0023__T1__NBASIC__260,260,908,15,32.633848215708625,0.0,0.06666666666666667,0.0,0.0,0.0,0.0,0.0,0.0,0,0,0,0,0,0,0,0
260-123440-0010_908-31957-0023__T2__NBASIC__908,908,260,15,21.51206786794692,0.0,0.06666666666666667,0.06666666666666667,0.06666666666666667,0.06666666666666667,0.0,0.06666666666666667,0.0,1,0,1,0,0,0,0,0
260-123440-0011_1320-122617-0016__T1__NBASIC__260,260,1320,8,31.064462619025985,0.0,0.0,0.0,0.0,0.0,0.0,0.0,0.0,0,0,0,0,0,0,0,0
260-123440-0011_1320-122617-0016__T2__NBASIC__1320,1320,260,8,31.012844068868038,0.0,0.0,0.0,0.0,0.0,0.0,0.0,0.0,0,0,0,0,0,0,0,0
260-123440-0011_3570-5694-0012__T1__NBASIC__260,260,3570,5,4.796155933743655,0.2,0.2,0.4,0.2,0.2,0.2,0.2,0.2,1,1,1,1,1,1,1,1
260-123440-0011_3570-5694-0012__T2__NBASIC__3570,3570,260,5,17.82945330581631,0.0,0.0,0.0,0.0,0.0,0.0,0.0,0.0,0,0,0,0,0,0,0,0
260-123440-0012_8455-210777-0010__T1__NBASIC__260,260,8455,5,40.689695464930466,0.0,0.0,0.0,0.0,0.0,0.0,0.0,0.0,0,0,0,0,0,0,0,0
260-123440-0012_8455-210777-0010__T2__NBASIC__8455,8455,260,5,29.089741723936406,0.0,0.0,0.0,0.0,0.0,0.0,0.0,0.0,0,0,0,0,0,0,0,0
260-123440-0013_8230-279154-0016__T1__NBASIC__260,260,8230,5,17.636345735303685,0.0,0.0,0.0,0.0,0.0,0.0,0.0,0.0,0,0,0,0,0,0,0,0
260-123440-0013_8230-279154-0016__T2__NBASIC__8230,8230,260,5,20.211374827592497,0.0,0.0,0.0,0.0,0.0,0.0,0.0,0.0,0,0,0,0,0,0,0,0
260-123440-0014_4970-29095-0030__T1__NBASIC__260,260,4970,6,1.1577857156916815,0.8333333333333334,0.5,0.5,0.5,0.5,0.5,0.5,0.5,1,1,1,1,1,1,1,1
260-123440-0014_4970-29095-0030__T2__NBASIC__4970,4970,260,6,34.22220732075208,0.0,0.0,0.0,0.0,0.0,0.0,0.0,0.0,0,0,0,0,0,0,0,0
260-123440-0017_7729-102255-0008__T1__NBASIC__260,260,7729,5,16.327594431287583,0.0,0.2,0.4,0.2,0.2,0.0,0.2,0.0,1,0,1,0,1,0,1,0
260-123440-0017_7729-102255-0008__T2__NBASIC__7729,7729,260,5,4.717052212941838,0.2,0.2,0.2,0.2,0.2,0.2,0.2,0.2,1,1,1,1,1,1,1,1
2830-3979-0000_1188-133604-0015__T1__NBASIC__2830,2830,1188,11,11.209878948386192,0.0,0.2727272727272727,0.2727272727272727,0.2727272727272727,0.2727272727272727,0.0,0.2727272727272727,0.0,1,0,1,0,1,0,1,0
2830-3979-0000_1188-133604-0015__T2__NBASIC__1188,1188,2830,11,-0.08604042469130864,0.6363636363636364,0.5454545454545454,0.5454545454545454,0.6363636363636364,0.5454545454545454,0.5454545454545454,0.5454545454545454,0.5454545454545454,1,1,1,1,1,1,1,1
2830-3979-0002_237-126133-0018__T1__NBASIC__2830,2830,237,7,28.73843170519411,0.0,0.0,0.0,0.0,0.0,0.0,0.0,0.0,0,0,0,0,0,0,0,0
2830-3979-0002_237-126133-0018__T2__NBASIC__237,237,2830,7,32.708744657567415,0.0,0.0,0.0,0.0,0.0,0.0,0.0,0.0,0,0,0,0,0,0,0,0
2830-3979-0007_3575-170457-0045__T1__NBASIC__2830,2830,3575,12,30.64203676758934,0.0,0.08333333333333333,0.08333333333333333,0.08333333333333333,0.08333333333333333,0.0,0.08333333333333333,0.0,1,0,1,0,0,0,0,0
2830-3979-0007_3575-170457-0045__T2__NBASIC__3575,3575,2830,12,39.799601189572485,0.0,0.0,0.0,0.0,0.0,0.0,0.0,0.0,0,0,0,0,0,0,0,0
2830-3979-0011_1580-141084-0010__T1__NBASIC__2830,2830,1580,7,38.17785332699139,0.0,0.14285714285714285,0.14285714285714285,0.0,0.14285714285714285,0.0,0.0,0.0,1,0,0,0,0,0,0,0
2830-3979-0011_1580-141084-0010__T2__NBASIC__1580,1580,2830,7,49.160174817057346,0.0,0.0,0.0,0.0,0.0,0.0,0.0,0.0,0,0,0,0,0,0,0,0
2830-3980-0000_3575-170457-0028__T1__NBASIC__2830,2830,3575,6,23.896725418016626,0.0,0.16666666666666666,0.0,0.0,0.0,0.0,0.0,0.0,0,0,0,0,0,0,0,0
2830-3980-0000_3575-170457-0028__T2__NBASIC__3575,3575,2830,6,25.46252876378491,0.0,0.0,0.0,0.0,0.0,0.0,0.0,0.0,0,0,0,0,0,0,0,0
2830-3980-0004_61-70968-0008__T1__NBASIC__2830,2830,61,6,12.261432743062642,0.0,0.6666666666666666,0.8333333333333334,0.6666666666666666,0.6666666666666666,0.0,0.6666666666666666,0.0,1,0,1,0,1,0,1,0
2830-3980-0004_61-70968-0008__T2__NBASIC__61,61,2830,6,-6.117972104196259,0.6666666666666666,0.3333333333333333,0.16666666666666666,0.16666666666666666,0.16666666666666666,0.16666666666666666,0.16666666666666666,0.16666666666666666,1,1,1,1,0,0,0,0
2830-3980-0007_6829-68769-0014__T1__NBASIC__2830,2830,6829,6,34.49915779010505,0.0,0.0,0.0,0.0,0.0,0.0,0.0,0.0,0,0,0,0,0,0,0,0
2830-3980-0007_6829-68769-0014__T2__NBASIC__6829,6829,2830,6,37.47121972581674,0.0,0.0,0.0,0.0,0.0,0.0,0.0,0.0,0,0,0,0,0,0,0,0
2830-3980-0018_5105-28233-0003__T1__NBASIC__2830,2830,5105,5,23.62905328520878,0.0,0.0,0.0,0.0,0.0,0.0,0.0,0.0,0,0,0,0,0,0,0,0
2830-3980-0018_5105-28233-0003__T2__NBASIC__5105,5105,2830,5,23.40746097492225,0.0,0.0,0.0,0.0,0.0,0.0,0.0,0.0,0,0,0,0,0,0,0,0
2830-3980-0022_8555-292519-0010__T1__NBASIC__2830,2830,8555,5,26.95405195678299,0.0,0.0,0.0,0.0,0.0,0.0,0.0,0.0,0,0,0,0,0,0,0,0
2830-3980-0022_8555-292519-0010__T2__NBASIC__8555,8555,2830,5,39.30540516236756,0.0,0.2,0.0,0.0,0.0,0.0,0.0,0.0,0,0,0,0,0,0,0,0
2830-3980-0024_1188-133604-0000__T1__NBASIC__2830,2830,1188,6,8.293538112485182,0.0,0.0,0.16666666666666666,0.0,0.0,0.0,0.0,0.0,0,0,0,0,0,0,0,0
2830-3980-0024_1188-133604-0000__T2__NBASIC__1188,1188,2830,6,10.749686424975982,0.16666666666666666,0.3333333333333333,0.16666666666666666,0.16666666666666666,0.16666666666666666,0.16666666666666666,0.16666666666666666,0.16666666666666666,1,1,1,1,0,0,0,0
2830-3980-0025_1995-1826-0001__T1__NBASIC__2830,2830,1995,16,35.62644808041711,0.0,0.0,0.0,0.0,0.0,0.0,0.0,0.0,0,0,0,0,0,0,0,0
2830-3980-0025_1995-1826-0001__T2__NBASIC__1995,1995,2830,16,24.217096172698383,0.0,0.0625,0.125,0.0625,0.0625,0.0,0.0,0.0,1,0,0,0,0,0,0,0
2830-3980-0032_237-134500-0010__T1__NBASIC__2830,2830,237,6,34.95347143117563,0.0,0.0,0.0,0.0,0.0,0.0,0.0,0.0,0,0,0,0,0,0,0,0
2830-3980-0032_237-134500-0010__T2__NBASIC__237,237,2830,6,41.957323124152374,0.0,0.0,0.0,0.0,0.0,0.0,0.0,0.0,0,0,0,0,0,0,0,0
2830-3980-0035_6930-75918-0020__T1__NBASIC__2830,2830,6930,5,30.161949157862818,0.0,0.2,0.0,0.0,0.0,0.0,0.0,0.0,0,0,0,0,0,0,0,0
2830-3980-0035_6930-75918-0020__T2__NBASIC__6930,6930,2830,5,28.951725286631028,0.0,0.0,0.0,0.0,0.0,0.0,0.0,0.0,0,0,0,0,0,0,0,0
2830-3980-0036_6930-76324-0002__T1__NBASIC__2830,2830,6930,10,40.103609232190465,0.0,0.1,0.0,0.0,0.0,0.0,0.0,0.0,0,0,0,0,0,0,0,0
2830-3980-0036_6930-76324-0002__T2__NBASIC__6930,6930,2830,10,19.37606118609183,0.0,0.0,0.0,0.0,0.0,0.0,0.0,0.0,0,0,0,0,0,0,0,0
2830-3980-0037_4970-29095-0020__T1__NBASIC__2830,2830,4970,11,36.18903908112586,0.0,0.0,0.0,0.0,0.0,0.0,0.0,0.0,0,0,0,0,0,0,0,0
2830-3980-0037_4970-29095-0020__T2__NBASIC__4970,4970,2830,11,35.9015383801933,0.0,0.0,0.0,0.0,0.0,0.0,0.0,0.0,0,0,0,0,0,0,0,0
2830-3980-0038_121-127105-0007__T1__NBASIC__2830,2830,121,10,18.98469637664986,0.0,0.1,0.4,0.3,0.1,0.0,0.1,0.0,1,0,1,0,0,0,0,0
2830-3980-0038_121-127105-0007__T2__NBASIC__121,121,2830,10,24.304541377565844,0.1,0.1,0.0,0.0,0.0,0.0,0.0,0.0,0,0,0,0,0,0,0,0
2830-3980-0041_7021-79740-0004__T1__NBASIC__2830,2830,7021,8,23.17697299049709,0.0,0.0,0.0,0.0,0.0,0.0,0.0,0.0,0,0,0,0,0,0,0,0
2830-3980-0041_7021-79740-0004__T2__NBASIC__7021,7021,2830,8,22.69322530756895,0.0,0.0,0.0,0.0,0.0,0.0,0.0,0.0,0,0,0,0,0,0,0,0
2830-3980-0045_260-123288-0010__T1__NBASIC__2830,2830,260,6,27.957531359124104,0.0,0.0,0.0,0.0,0.0,0.0,0.0,0.0,0,0,0,0,0,0,0,0
2830-3980-0045_260-123288-0010__T2__NBASIC__260,260,2830,6,12.622762912656821,0.0,0.16666666666666666,0.0,0.0,0.0,0.0,0.0,0.0,0,0,0,0,0,0,0,0
2830-3980-0047_3729-6852-0022__T1__NBASIC__2830,2830,3729,14,37.67339336822704,0.0,0.0,0.0,0.0,0.0,0.0,0.0,0.0,0,0,0,0,0,0,0,0
2830-3980-0047_3729-6852-0022__T2__NBASIC__3729,3729,2830,14,32.59758933047634,0.0,0.0,0.0,0.0,0.0,0.0,0.0,0.0,0,0,0,0,0,0,0,0
2830-3980-0049_672-122797-0069__T1__NBASIC__2830,2830,672,5,16.854131032457296,0.0,0.4,0.4,0.4,0.4,0.0,0.4,0.0,1,0,1,0,1,0,1,0
2830-3980-0049_672-122797-0069__T2__NBASIC__672,672,2830,5,17.341442676875385,0.0,0.4,0.2,0.0,0.0,0.0,0.0,0.0,0,0,0,0,0,0,0,0
2830-3980-0050_260-123286-0000__T1__NBASIC__2830,2830,260,13,28.4136666597216,0.0,0.07692307692307693,0.07692307692307693,0.07692307692307693,0.07692307692307693,0.0,0.07692307692307693,0.0,1,0,1,0,0,0,0,0
2830-3980-0050_260-123286-0000__T2__NBASIC__260,260,2830,13,12.337673518321765,0.15384615384615385,0.6923076923076923,0.6153846153846154,0.5384615384615384,0.6153846153846154,0.15384615384615385,0.5384615384615384,0.15384615384615385,1,1,1,1,1,0,1,0
2830-3980-0051_7176-92135-0032__T1__NBASIC__2830,2830,7176,5,17.582021901942287,0.0,0.2,0.2,0.2,0.2,0.0,0.2,0.0,1,0,1,0,1,0,1,0
2830-3980-0051_7176-92135-0032__T2__NBASIC__7176,7176,2830,5,9.269334233085186,0.0,0.0,0.0,0.0,0.0,0.0,0.0,0.0,0,0,0,0,0,0,0,0
2830-3980-0052_4507-16021-0008__T1__NBASIC__2830,2830,4507,6,36.04249918874034,0.0,0.0,0.0,0.0,0.0,0.0,0.0,0.0,0,0,0,0,0,0,0,0
2830-3980-0052_4507-16021-0008__T2__NBASIC__4507,4507,2830,6,29.092282650737822,0.0,0.0,0.0,0.0,0.0,0.0,0.0,0.0,0,0,0,0,0,0,0,0
2830-3980-0053_1995-1837-0007__T1__NBASIC__2830,2830,1995,9,39.535997153796785,0.0,0.0,0.0,0.0,0.0,0.0,0.0,0.0,0,0,0,0,0,0,0,0
2830-3980-0053_1995-1837-0007__T2__NBASIC__1995,1995,2830,9,37.04110856351876,0.0,0.0,0.0,0.0,0.0,0.0,0.0,0.0,0,0,0,0,0,0,0,0
2830-3980-0056_2961-961-0012__T1__NBASIC__2830,2830,2961,9,37.38935486742417,0.0,0.0,0.0,0.0,0.0,0.0,0.0,0.0,0,0,0,0,0,0,0,0
2830-3980-0056_2961-961-0012__T2__NBASIC__2961,2961,2830,9,32.29838157135639,0.0,0.0,0.0,0.0,0.0,0.0,0.0,0.0,0,0,0,0,0,0,0,0
2830-3980-0061_5639-40744-0019__T1__NBASIC__2830,2830,5639,13,9.182601100454702,0.23076923076923078,0.38461538461538464,0.23076923076923078,0.38461538461538464,0.23076923076923078,0.07692307692307693,0.23076923076923078,0.07692307692307693,1,1,1,1,1,0,1,0
2830-3980-0061_5639-40744-0019__T2__NBASIC__5639,5639,2830,13,12.554131146561318,0.07692307692307693,0.3076923076923077,0.15384615384615385,0.3076923076923077,0.15384615384615385,0.07692307692307693,0.15384615384615385,0.07692307692307693,1,1,1,1,0,0,0,0
2830-3980-0062_7021-79730-0009__T1__NBASIC__2830,2830,7021,9,23.531354842812885,0.0,0.1111111111111111,0.0,0.0,0.0,0.0,0.0,0.0,0,0,0,0,0,0,0,0
2830-3980-0062_7021-79730-0009__T2__NBASIC__7021,7021,2830,9,11.85519418665479,0.1111111111111111,0.7777777777777778,0.5555555555555556,0.6666666666666666,0.5555555555555556,0.1111111111111111,0.5555555555555556,0.1111111111111111,1,1,1,1,1,0,1,0
2830-3980-0065_1320-122612-0011__T1__NBASIC__2830,2830,1320,12,27.62818270596268,0.0,0.0,0.0,0.0,0.0,0.0,0.0,0.0,0,0,0,0,0,0,0,0
2830-3980-0065_1320-122612-0011__T2__NBASIC__1320,1320,2830,12,20.824554285971587,0.0,0.0,0.0,0.0,0.0,0.0,0.0,0.0,0,0,0,0,0,0,0,0
2830-3980-0066_260-123286-0009__T1__NBASIC__2830,2830,260,10,15.094807489930123,0.0,0.0,0.0,0.0,0.0,0.0,0.0,0.0,0,0,0,0,0,0,0,0
2830-3980-0066_260-123286-0009__T2__NBASIC__260,260,2830,10,-7.83264399440924,0.9,0.9,0.9,1.0,0.9,0.9,0.9,0.9,1,1,1,1,1,1,1,1
2830-3980-0070_3570-5694-0005__T1__NBASIC__2830,2830,3570,6,31.08073868918416,0.0,0.0,0.0,0.0,0.0,0.0,0.0,0.0,0,0,0,0,0,0,0,0
2830-3980-0070_3570-5694-0005__T2__NBASIC__3570,3570,2830,6,30.13185247711808,0.0,0.0,0.0,0.0,0.0,0.0,0.0,0.0,0,0,0,0,0,0,0,0
2830-3980-0071_5142-33396-0024__T1__NBASIC__2830,2830,5142,6,38.318159649893424,0.0,0.0,0.0,0.0,0.0,0.0,0.0,0.0,0,0,0,0,0,0,0,0
2830-3980-0071_5142-33396-0024__T2__NBASIC__5142,5142,2830,6,36.1089534703503,0.0,0.0,0.0,0.0,0.0,0.0,0.0,0.0,0,0,0,0,0,0,0,0
2830-3980-0072_3575-170457-0021__T1__NBASIC__2830,2830,3575,7,34.23605290089368,0.0,0.0,0.0,0.0,0.0,0.0,0.0,0.0,0,0,0,0,0,0,0,0
2830-3980-0072_3575-170457-0021__T2__NBASIC__3575,3575,2830,7,34.428555460463606,0.0,0.14285714285714285,0.0,0.0,0.0,0.0,0.0,0.0,0,0,0,0,0,0,0,0
2830-3980-0073_2300-131720-0015__T1__NBASIC__2830,2830,2300,16,28.739324715608866,0.0,0.0625,0.0625,0.0,0.0625,0.0,0.0,0.0,1,0,0,0,0,0,0,0
2830-3980-0073_2300-131720-0015__T2__NBASIC__2300,2300,2830,16,17.76562297933671,0.0,0.1875,0.125,0.0,0.125,0.0,0.0,0.0,1,0,0,0,0,0,0,0
2830-3980-0076_237-126133-0009__T1__NBASIC__2830,2830,237,6,30.996807334510997,0.0,0.0,0.0,0.0,0.0,0.0,0.0,0.0,0,0,0,0,0,0,0,0
2830-3980-0076_237-126133-0009__T2__NBASIC__237,237,2830,6,34.058342726212494,0.0,0.0,0.0,0.0,0.0,0.0,0.0,0.0,0,0,0,0,0,0,0,0
2961-960-0006_5683-32866-0028__T1__NBASIC__2961,2961,5683,10,38.335228359561945,0.0,0.0,0.0,0.0,0.0,0.0,0.0,0.0,0,0,0,0,0,0,0,0
2961-960-0006_5683-32866-0028__T2__NBASIC__5683,5683,2961,10,35.774377320592315,0.0,0.2,0.0,0.1,0.0,0.0,0.0,0.0,0,0,0,0,0,0,0,0
2961-960-0008_7176-92135-0015__T1__NBASIC__2961,2961,7176,12,38.89209638047712,0.0,0.0,0.0,0.0,0.0,0.0,0.0,0.0,0,0,0,0,0,0,0,0
2961-960-0008_7176-92135-0015__T2__NBASIC__7176,7176,2961,12,41.467548236833146,0.0,0.0,0.0,0.0,0.0,0.0,0.0,0.0,0,0,0,0,0,0,0,0
2961-960-0012_6829-68771-0015__T1__NBASIC__2961,2961,6829,8,-35.50390176294805,1.0,1.0,1.0,1.0,1.0,1.0,1.0,1.0,1,1,1,1,1,1,1,1
2961-960-0012_6829-68771-0015__T2__NBASIC__6829,6829,2961,8,41.06767598816393,0.0,0.0,0.0,0.0,0.0,0.0,0.0,0.0,0,0,0,0,0,0,0,0
2961-960-0014_7176-92135-0000__T1__NBASIC__2961,2961,7176,16,34.386762817289046,0.0,0.0,0.0,0.0,0.0,0.0,0.0,0.0,0,0,0,0,0,0,0,0
2961-960-0014_7176-92135-0000__T2__NBASIC__7176,7176,2961,16,39.373637728886905,0.0,0.0,0.0,0.0,0.0,0.0,0.0,0.0,0,0,0,0,0,0,0,0
2961-960-0016_6829-68769-0005__T1__NBASIC__2961,2961,6829,12,23.310307357656338,0.0,0.08333333333333333,0.0,0.0,0.0,0.0,0.0,0.0,0,0,0,0,0,0,0,0
2961-960-0016_6829-68769-0005__T2__NBASIC__6829,6829,2961,12,23.500241005468474,0.08333333333333333,0.3333333333333333,0.0,0.0,0.0,0.0,0.0,0.0,0,0,0,0,0,0,0,0
2961-960-0017_6829-68769-0004__T1__NBASIC__2961,2961,6829,13,18.315426179640646,0.0,0.07692307692307693,0.15384615384615385,0.0,0.0,0.0,0.0,0.0,0,0,0,0,0,0,0,0
2961-960-0017_6829-68769-0004__T2__NBASIC__6829,6829,2961,13,30.430067322403776,0.0,0.0,0.0,0.0,0.0,0.0,0.0,0.0,0,0,0,0,0,0,0,0
2961-960-0020_2094-142345-0006__T1__NBASIC__2961,2961,2094,18,32.37989961937562,0.0,0.05555555555555555,0.0,0.0,0.0,0.0,0.0,0.0,0,0,0,0,0,0,0,0
2961-960-0020_2094-142345-0006__T2__NBASIC__2094,2094,2961,18,33.05202988650254,0.0,0.0,0.0,0.0,0.0,0.0,0.0,0.0,0,0,0,0,0,0,0,0
2961-961-0001_61-70968-0016__T1__NBASIC__2961,2961,61,6,26.806367671037762,0.0,0.0,0.0,0.0,0.0,0.0,0.0,0.0,0,0,0,0,0,0,0,0
2961-961-0001_61-70968-0016__T2__NBASIC__61,61,2961,6,27.050419118372666,0.0,0.0,0.0,0.0,0.0,0.0,0.0,0.0,0,0,0,0,0,0,0,0
2961-961-0004_7729-102255-0040__T1__NBASIC__2961,2961,7729,21,31.31595026736306,0.0,0.0,0.0,0.0,0.0,0.0,0.0,0.0,0,0,0,0,0,0,0,0
2961-961-0004_7729-102255-0040__T2__NBASIC__7729,7729,2961,21,31.00989822113535,0.0,0.0,0.047619047619047616,0.0,0.0,0.0,0.0,0.0,0,0,0,0,0,0,0,0
2961-961-0005_1995-1837-0026__T1__NBASIC__2961,2961,1995,6,32.60468147556516,0.0,0.0,0.0,0.0,0.0,0.0,0.0,0.0,0,0,0,0,0,0,0,0
2961-961-0005_1995-1837-0026__T2__NBASIC__1995,1995,2961,6,38.64031164291812,0.0,0.0,0.0,0.0,0.0,0.0,0.0,0.0,0,0,0,0,0,0,0,0
2961-961-0006_8555-292519-0005__T1__NBASIC__2961,2961,8555,8,36.370434343824364,0.0,0.0,0.0,0.0,0.0,0.0,0.0,0.0,0,0,0,0,0,0,0,0
2961-961-0006_8555-292519-0005__T2__NBASIC__8555,8555,2961,8,37.58993618801987,0.0,0.0,0.0,0.0,0.0,0.0,0.0,0.0,0,0,0,0,0,0,0,0
2961-961-0007_6930-76324-0016__T1__NBASIC__2961,2961,6930,16,33.895192535192415,0.0,0.0,0.0,0.0,0.0,0.0,0.0,0.0,0,0,0,0,0,0,0,0
2961-961-0007_6930-76324-0016__T2__NBASIC__6930,6930,2961,16,27.18122482685806,0.0,0.0,0.0,0.0,0.0,0.0,0.0,0.0,0,0,0,0,0,0,0,0
2961-961-0009_4446-2275-0005__T1__NBASIC__2961,2961,4446,7,28.22482839836897,0.0,0.0,0.14285714285714285,0.0,0.0,0.0,0.0,0.0,0,0,0,0,0,0,0,0
2961-961-0009_4446-2275-0005__T2__NBASIC__4446,4446,2961,7,36.094395019042985,0.0,0.0,0.0,0.0,0.0,0.0,0.0,0.0,0,0,0,0,0,0,0,0
2961-961-0011_3729-6852-0043__T1__NBASIC__2961,2961,3729,7,22.897367451655956,0.0,0.14285714285714285,0.14285714285714285,0.0,0.14285714285714285,0.0,0.0,0.0,1,0,0,0,0,0,0,0
2961-961-0011_3729-6852-0043__T2__NBASIC__3729,3729,2961,7,35.48623086988897,0.0,0.0,0.0,0.0,0.0,0.0,0.0,0.0,0,0,0,0,0,0,0,0
2961-961-0013_4077-13751-0007__T1__NBASIC__2961,2961,4077,9,32.69949039659386,0.0,0.0,0.0,0.0,0.0,0.0,0.0,0.0,0,0,0,0,0,0,0,0
2961-961-0013_4077-13751-0007__T2__NBASIC__4077,4077,2961,9,30.807883819038015,0.0,0.0,0.0,0.0,0.0,0.0,0.0,0.0,0,0,0,0,0,0,0,0
2961-961-0014_237-126133-0008__T1__NBASIC__2961,2961,237,6,24.994675713366536,0.0,0.0,0.0,0.0,0.0,0.0,0.0,0.0,0,0,0,0,0,0,0,0
2961-961-0014_237-126133-0008__T2__NBASIC__237,237,2961,6,0.9298607938994464,0.5,0.3333333333333333,0.3333333333333333,0.3333333333333333,0.3333333333333333,0.16666666666666666,0.3333333333333333,0.16666666666666666,1,1,1,1,1,0,1,0
2961-961-0015_5683-32865-0015__T1__NBASIC__2961,2961,5683,6,17.270354846696655,0.0,0.16666666666666666,0.16666666666666666,0.0,0.0,0.0,0.0,0.0,0,0,0,0,0,0,0,0
2961-961-0015_5683-32865-0015__T2__NBASIC__5683,5683,2961,6,30.24704783382039,0.0,0.0,0.0,0.0,0.0,0.0,0.0,0.0,0,0,0,0,0,0,0,0
2961-961-0020_5142-33396-0003__T1__NBASIC__2961,2961,5142,5,22.941073629120353,0.0,0.2,0.0,0.0,0.0,0.0,0.0,0.0,0,0,0,0,0,0,0,0
2961-961-0020_5142-33396-0003__T2__NBASIC__5142,5142,2961,5,29.203414727422583,0.0,0.0,0.2,0.2,0.0,0.0,0.0,0.0,0,0,0,0,0,0,0,0
3570-5694-0007_5142-36377-0003__T1__NBASIC__3570,3570,5142,6,33.185528274763634,0.0,0.16666666666666666,0.0,0.0,0.0,0.0,0.0,0.0,0,0,0,0,0,0,0,0
3570-5694-0007_5142-36377-0003__T2__NBASIC__5142,5142,3570,6,29.76153937319666,0.0,0.0,0.0,0.0,0.0,0.0,0.0,0.0,0,0,0,0,0,0,0,0
3570-5694-0008_7021-79740-0002__T1__NBASIC__3570,3570,7021,17,42.00585213928034,0.0,0.0,0.0,0.0,0.0,0.0,0.0,0.0,0,0,0,0,0,0,0,0
3570-5694-0008_7021-79740-0002__T2__NBASIC__7021,7021,3570,17,38.202497247572275,0.0,0.0,0.0,0.0,0.0,0.0,0.0,0.0,0,0,0,0,0,0,0,0
3570-5694-0010_908-31957-0012__T1__NBASIC__3570,3570,908,14,33.60663164663484,0.0,0.0,0.0,0.0,0.0,0.0,0.0,0.0,0,0,0,0,0,0,0,0
3570-5694-0010_908-31957-0012__T2__NBASIC__908,908,3570,14,39.33745410067558,0.0,0.0,0.0,0.0,0.0,0.0,0.0,0.0,0,0,0,0,0,0,0,0
3570-5694-0011_672-122797-0074__T1__NBASIC__3570,3570,672,15,54.51004496743285,0.0,0.0,0.0,0.0,0.0,0.0,0.0,0.0,0,0,0,0,0,0,0,0
3570-5694-0011_672-122797-0074__T2__NBASIC__672,672,3570,15,46.89783315328311,0.0,0.0,0.0,0.0,0.0,0.0,0.0,0.0,0,0,0,0,0,0,0,0
3570-5694-0017_61-70970-0016__T1__NBASIC__3570,3570,61,7,38.417715594776695,0.0,0.0,0.0,0.0,0.0,0.0,0.0,0.0,0,0,0,0,0,0,0,0
3570-5694-0017_61-70970-0016__T2__NBASIC__61,61,3570,7,42.54492354008788,0.0,0.0,0.0,0.0,0.0,0.0,0.0,0.0,0,0,0,0,0,0,0,0
3570-5694-0018_1188-133604-0041__T1__NBASIC__3570,3570,1188,14,38.760773776713044,0.0,0.0,0.0,0.0,0.0,0.0,0.0,0.0,0,0,0,0,0,0,0,0
3570-5694-0018_1188-133604-0041__T2__NBASIC__1188,1188,3570,14,42.430071724778315,0.0,0.0,0.0,0.0,0.0,0.0,0.0,0.0,0,0,0,0,0,0,0,0
3570-5694-0020_4446-2273-0000__T1__NBASIC__3570,3570,4446,16,39.39590538199587,0.0,0.0,0.0,0.0,0.0,0.0,0.0,0.0,0,0,0,0,0,0,0,0
3570-5694-0020_4446-2273-0000__T2__NBASIC__4446,4446,3570,16,38.43601394523437,0.0,0.0,0.0,0.0,0.0,0.0,0.0,0.0,0,0,0,0,0,0,0,0
3570-5694-0021_237-134500-0014__T1__NBASIC__3570,3570,237,7,9.244619630464046,0.42857142857142855,0.42857142857142855,0.42857142857142855,0.5714285714285714,0.42857142857142855,0.42857142857142855,0.42857142857142855,0.42857142857142855,1,1,1,1,1,1,1,1
3570-5694-0021_237-134500-0014__T2__NBASIC__237,237,3570,7,34.97251776929963,0.0,0.0,0.0,0.0,0.0,0.0,0.0,0.0,0,0,0,0,0,0,0,0
3570-5695-0001_672-122797-0050__T1__NBASIC__3570,3570,672,8,40.930655312939564,0.0,0.0,0.0,0.0,0.0,0.0,0.0,0.0,0,0,0,0,0,0,0,0
3570-5695-0001_672-122797-0050__T2__NBASIC__672,672,3570,8,36.91188167445385,0.0,0.0,0.0,0.0,0.0,0.0,0.0,0.0,0,0,0,0,0,0,0,0
3570-5695-0011_4507-16021-0056__T1__NBASIC__3570,3570,4507,11,44.683707897884794,0.0,0.0,0.0,0.0,0.0,0.0,0.0,0.0,0,0,0,0,0,0,0,0
3570-5695-0011_4507-16021-0056__T2__NBASIC__4507,4507,3570,11,31.627258282861995,0.0,0.0,0.0,0.0,0.0,0.0,0.0,0.0,0,0,0,0,0,0,0,0
3570-5695-0012_5142-33396-0022__T1__NBASIC__3570,3570,5142,8,48.810052827834156,0.0,0.0,0.0,0.0,0.0,0.0,0.0,0.0,0,0,0,0,0,0,0,0
3570-5695-0012_5142-33396-0022__T2__NBASIC__5142,5142,3570,8,46.324517954509986,0.0,0.0,0.0,0.0,0.0,0.0,0.0,0.0,0,0,0,0,0,0,0,0
3570-5695-0015_1580-141084-0000__T1__NBASIC__3570,3570,1580,8,43.77435498084391,0.0,0.0,0.0,0.0,0.0,0.0,0.0,0.0,0,0,0,0,0,0,0,0
3570-5695-0015_1580-141084-0000__T2__NBASIC__1580,1580,3570,8,49.14777324369753,0.0,0.0,0.0,0.0,0.0,0.0,0.0,0.0,0,0,0,0,0,0,0,0
3570-5696-0002_237-134500-0016__T1__NBASIC__3570,3570,237,5,39.89570634243722,0.0,0.0,0.0,0.0,0.0,0.0,0.0,0.0,0,0,0,0,0,0,0,0
3570-5696-0002_237-134500-0016__T2__NBASIC__237,237,3570,5,54.48221074148045,0.0,0.0,0.0,0.0,0.0,0.0,0.0,0.0,0,0,0,0,0,0,0,0
3570-5696-0006_4507-16021-0021__T1__NBASIC__3570,3570,4507,7,43.53809133577658,0.0,0.14285714285714285,0.0,0.0,0.0,0.0,0.0,0.0,0,0,0,0,0,0,0,0
3570-5696-0006_4507-16021-0021__T2__NBASIC__4507,4507,3570,7,41.438876197348876,0.0,0.0,0.0,0.0,0.0,0.0,0.0,0.0,0,0,0,0,0,0,0,0
3570-5696-0006_8555-284449-0008__T1__NBASIC__3570,3570,8555,7,30.965562688156332,0.0,0.0,0.14285714285714285,0.0,0.0,0.0,0.0,0.0,0,0,0,0,0,0,0,0
3570-5696-0006_8555-284449-0008__T2__NBASIC__8555,8555,3570,7,-28.947327963863103,1.0,1.0,0.8571428571428571,0.8571428571428571,0.8571428571428571,0.8571428571428571,0.8571428571428571,0.8571428571428571,1,1,1,1,1,1,1,1
3575-170457-0003_7127-75947-0025__T1__NBASIC__3575,3575,7127,10,40.068500058079536,0.0,0.0,0.0,0.0,0.0,0.0,0.0,0.0,0,0,0,0,0,0,0,0
3575-170457-0003_7127-75947-0025__T2__NBASIC__7127,7127,3575,10,31.93378944295493,0.0,0.0,0.0,0.0,0.0,0.0,0.0,0.0,0,0,0,0,0,0,0,0
3575-170457-0005_7127-75947-0024__T1__NBASIC__3575,3575,7127,13,37.84493189527685,0.0,0.0,0.0,0.0,0.0,0.0,0.0,0.0,0,0,0,0,0,0,0,0
3575-170457-0005_7127-75947-0024__T2__NBASIC__7127,7127,3575,13,35.215663185970286,0.0,0.0,0.0,0.0,0.0,0.0,0.0,0.0,0,0,0,0,0,0,0,0
3575-170457-0006_5639-40744-0025__T1__NBASIC__3575,3575,5639,15,40.81695648008629,0.0,0.0,0.0,0.0,0.0,0.0,0.0,0.0,0,0,0,0,0,0,0,0
3575-170457-0006_5639-40744-0025__T2__NBASIC__5639,5639,3575,15,40.61978288287359,0.0,0.0,0.0,0.0,0.0,0.0,0.0,0.0,0,0,0,0,0,0,0,0
3575-170457-0007_61-70970-0018__T1__NBASIC__3575,3575,61,8,31.187380936766925,0.0,0.0,0.0,0.0,0.0,0.0,0.0,0.0,0,0,0,0,0,0,0,0
3575-170457-0007_61-70970-0018__T2__NBASIC__61,61,3575,8,34.18660052994754,0.0,0.0,0.0,0.0,0.0,0.0,0.0,0.0,0,0,0,0,0,0,0,0
3575-170457-0008_1089-134691-0017__T1__NBASIC__3575,3575,1089,22,36.14789380122353,0.0,0.13636363636363635,0.0,0.0,0.0,0.0,0.0,0.0,0,0,0,0,0,0,0,0
3575-170457-0008_1089-134691-0017__T2__NBASIC__1089,1089,3575,22,36.53911550330108,0.0,0.045454545454545456,0.0,0.0,0.0,0.0,0.0,0.0,0,0,0,0,0,0,0,0
3575-170457-0009_8555-284447-0023__T1__NBASIC__3575,3575,8555,12,24.09389901601445,0.0,0.08333333333333333,0.0,0.08333333333333333,0.0,0.0,0.0,0.0,0,0,0,0,0,0,0,0
3575-170457-0009_8555-284447-0023__T2__NBASIC__8555,8555,3575,12,-21.62107104803423,1.0,0.9166666666666666,0.9166666666666666,0.9166666666666666,0.8333333333333334,0.8333333333333334,0.8333333333333334,0.8333333333333334,1,1,1,1,1,1,1,1
3575-170457-0011_121-127105-0027__T1__NBASIC__3575,3575,121,13,25.555299243297704,0.0,0.15384615384615385,0.07692307692307693,0.07692307692307693,0.07692307692307693,0.0,0.07692307692307693,0.0,1,0,1,0,0,0,0,0
3575-170457-0011_121-127105-0027__T2__NBASIC__121,121,3575,13,29.08454554089673,0.0,0.0,0.0,0.0,0.0,0.0,0.0,0.0,0,0,0,0,0,0,0,0
3575-170457-0012_2830-3980-0031__T1__NBASIC__3575,3575,2830,10,34.51010172568275,0.0,0.0,0.0,0.0,0.0,0.0,0.0,0.0,0,0,0,0,0,0,0,0
3575-170457-0012_2830-3980-0031__T2__NBASIC__2830,2830,3575,10,37.96763210611694,0.0,0.0,0.1,0.0,0.0,0.0,0.0,0.0,0,0,0,0,0,0,0,0
3575-170457-0013_908-31957-0014__T1__NBASIC__3575,3575,908,14,36.23627453054011,0.0,0.0,0.0,0.0,0.0,0.0,0.0,0.0,0,0,0,0,0,0,0,0
3575-170457-0013_908-31957-0014__T2__NBASIC__908,908,3575,14,36.8030335950121,0.0,0.0,0.0,0.0,0.0,0.0,0.0,0.0,0,0,0,0,0,0,0,0
3575-170457-0017_237-126133-0011__T1__NBASIC__3575,3575,237,12,41.366377743084215,0.0,0.0,0.0,0.0,0.0,0.0,0.0,0.0,0,0,0,0,0,0,0,0
3575-170457-0017_237-126133-0011__T2__NBASIC__237,237,3575,12,35.27896677448267,0.0,0.0,0.0,0.0,0.0,0.0,0.0,0.0,0,0,0,0,0,0,0,0
3575-170457-0019_2961-960-0018__T1__NBASIC__3575,3575,2961,11,33.647885987742725,0.0,0.0,0.0,0.0,0.0,0.0,0.0,0.0,0,0,0,0,0,0,0,0
3575-170457-0019_2961-960-0018__T2__NBASIC__2961,2961,3575,11,35.16804157426122,0.0,0.09090909090909091,0.0,0.0,0.0,0.0,0.0,0.0,0,0,0,0,0,0,0,0
3575-170457-0022_2094-142345-0045__T1__NBASIC__3575,3575,2094,5,28.45074799787792,0.0,0.0,0.0,0.0,0.0,0.0,0.0,0.0,0,0,0,0,0,0,0,0
3575-170457-0022_2094-142345-0045__T2__NBASIC__2094,2094,3575,5,33.1368255432405,0.0,0.0,0.0,0.0,0.0,0.0,0.0,0.0,0,0,0,0,0,0,0,0
3575-170457-0023_4970-29095-0029__T1__NBASIC__3575,3575,4970,6,22.20046275649012,0.0,0.0,0.0,0.0,0.0,0.0,0.0,0.0,0,0,0,0,0,0,0,0
3575-170457-0023_4970-29095-0029__T2__NBASIC__4970,4970,3575,6,4.028932591931998,0.0,0.16666666666666666,0.0,0.0,0.0,0.0,0.0,0.0,0,0,0,0,0,0,0,0
3575-170457-0024_61-70968-0041__T1__NBASIC__3575,3575,61,12,27.463135783090955,0.0,0.0,0.08333333333333333,0.0,0.0,0.0,0.0,0.0,0,0,0,0,0,0,0,0
3575-170457-0024_61-70968-0041__T2__NBASIC__61,61,3575,12,24.4823091005311,0.0,0.0,0.08333333333333333,0.0,0.0,0.0,0.0,0.0,0,0,0,0,0,0,0,0
3575-170457-0026_1995-1826-0018__T1__NBASIC__3575,3575,1995,9,23.36704684676193,0.0,0.2222222222222222,0.2222222222222222,0.0,0.1111111111111111,0.0,0.0,0.0,1,0,0,0,0,0,0,0
3575-170457-0026_1995-1826-0018__T2__NBASIC__1995,1995,3575,9,24.189087289695664,0.0,0.0,0.0,0.0,0.0,0.0,0.0,0.0,0,0,0,0,0,0,0,0
3575-170457-0027_61-70970-0021__T1__NBASIC__3575,3575,61,8,31.804838285572263,0.0,0.0,0.0,0.0,0.0,0.0,0.0,0.0,0,0,0,0,0,0,0,0
3575-170457-0027_61-70970-0021__T2__NBASIC__61,61,3575,8,30.524482553374416,0.0,0.0,0.0,0.0,0.0,0.0,0.0,0.0,0,0,0,0,0,0,0,0
3575-170457-0029_8463-287645-0004__T1__NBASIC__3575,3575,8463,11,31.29285583885806,0.0,0.09090909090909091,0.0,0.0,0.0,0.0,0.0,0.0,0,0,0,0,0,0,0,0
3575-170457-0029_8463-287645-0004__T2__NBASIC__8463,8463,3575,11,-27.380897916414632,1.0,1.0,1.0,1.0,1.0,1.0,1.0,1.0,1,1,1,1,1,1,1,1
3575-170457-0030_672-122797-0036__T1__NBASIC__3575,3575,672,9,30.328168648731715,0.0,0.0,0.0,0.0,0.0,0.0,0.0,0.0,0,0,0,0,0,0,0,0
3575-170457-0030_672-122797-0036__T2__NBASIC__672,672,3575,9,20.482739514805843,0.0,0.0,0.0,0.1111111111111111,0.0,0.0,0.0,0.0,0,0,0,0,0,0,0,0
3575-170457-0031_7729-102255-0045__T1__NBASIC__3575,3575,7729,7,38.00658412853415,0.0,0.0,0.0,0.0,0.0,0.0,0.0,0.0,0,0,0,0,0,0,0,0
3575-170457-0031_7729-102255-0045__T2__NBASIC__7729,7729,3575,7,32.146811742803955,0.0,0.0,0.0,0.0,0.0,0.0,0.0,0.0,0,0,0,0,0,0,0,0
3575-170457-0033_1320-122617-0002__T1__NBASIC__3575,3575,1320,15,39.040375824574205,0.0,0.0,0.0,0.0,0.0,0.0,0.0,0.0,0,0,0,0,0,0,0,0
3575-170457-0033_1320-122617-0002__T2__NBASIC__1320,1320,3575,15,44.463050373499485,0.0,0.0,0.0,0.0,0.0,0.0,0.0,0.0,0,0,0,0,0,0,0,0
3575-170457-0038_6829-68769-0009__T1__NBASIC__3575,3575,6829,7,17.575473775692725,0.0,0.2857142857142857,0.42857142857142855,0.14285714285714285,0.2857142857142857,0.0,0.14285714285714285,0.0,1,0,1,0,1,0,0,0
3575-170457-0038_6829-68769-0009__T2__NBASIC__6829,6829,3575,7,20.22905375501051,0.0,0.0,0.0,0.0,0.0,0.0,0.0,0.0,0,0,0,0,0,0,0,0
3575-170457-0040_8455-210777-0002__T1__NBASIC__3575,3575,8455,11,28.730124450123554,0.0,0.0,0.0,0.0,0.0,0.0,0.0,0.0,0,0,0,0,0,0,0,0
3575-170457-0040_8455-210777-0002__T2__NBASIC__8455,8455,3575,11,35.369799150607165,0.0,0.0,0.0,0.0,0.0,0.0,0.0,0.0,0,0,0,0,0,0,0,0
3575-170457-0041_3570-5695-0010__T1__NBASIC__3575,3575,3570,8,27.16935530509965,0.0,0.0,0.0,0.0,0.0,0.0,0.0,0.0,0,0,0,0,0,0,0,0
3575-170457-0041_3570-5695-0010__T2__NBASIC__3570,3570,3575,8,27.29159882790198,0.0,0.0,0.0,0.0,0.0,0.0,0.0,0.0,0,0,0,0,0,0,0,0
3575-170457-0042_260-123288-0003__T1__NBASIC__3575,3575,260,16,30.968292862691598,0.0,0.125,0.0,0.0,0.0,0.0,0.0,0.0,0,0,0,0,0,0,0,0
3575-170457-0042_260-123288-0003__T2__NBASIC__260,260,3575,16,37.89990012350811,0.0,0.0,0.0,0.0,0.0,0.0,0.0,0.0,0,0,0,0,0,0,0,0
3575-170457-0044_1089-134686-0017__T1__NBASIC__3575,3575,1089,16,39.468193529851085,0.0,0.0625,0.0,0.0,0.0,0.0,0.0,0.0,0,0,0,0,0,0,0,0
3575-170457-0044_1089-134686-0017__T2__NBASIC__1089,1089,3575,16,32.122330785173375,0.0,0.0,0.0,0.0,0.0,0.0,0.0,0.0,0,0,0,0,0,0,0,0
3575-170457-0047_5105-28240-0009__T1__NBASIC__3575,3575,5105,12,32.14800842830242,0.0,0.0,0.0,0.0,0.0,0.0,0.0,0.0,0,0,0,0,0,0,0,0
3575-170457-0047_5105-28240-0009__T2__NBASIC__5105,5105,3575,12,34.652238831754325,0.0,0.0,0.0,0.0,0.0,0.0,0.0,0.0,0,0,0,0,0,0,0,0
3575-170457-0051_1284-1181-0006__T1__NBASIC__3575,3575,1284,8,23.643993114160423,0.0,0.0,0.0,0.0,0.0,0.0,0.0,0.0,0,0,0,0,0,0,0,0
3575-170457-0051_1284-1181-0006__T2__NBASIC__1284,1284,3575,8,13.65762882033075,0.0,0.375,0.5,0.375,0.375,0.0,0.375,0.0,1,0,1,0,1,0,1,0
3575-170457-0053_8230-279154-0021__T1__NBASIC__3575,3575,8230,12,41.33128481410132,0.0,0.0,0.0,0.0,0.0,0.0,0.0,0.0,0,0,0,0,0,0,0,0
3575-170457-0053_8230-279154-0021__T2__NBASIC__8230,8230,3575,12,36.90825943015049,0.0,0.0,0.0,0.0,0.0,0.0,0.0,0.0,0,0,0,0,0,0,0,0
3575-170457-0056_1320-122617-0024__T1__NBASIC__3575,3575,1320,5,35.50391291667024,0.0,0.0,0.0,0.0,0.0,0.0,0.0,0.0,0,0,0,0,0,0,0,0
3575-170457-0056_1320-122617-0024__T2__NBASIC__1320,1320,3575,5,37.045946810424276,0.0,0.0,0.0,0.0,0.0,0.0,0.0,0.0,0,0,0,0,0,0,0,0
3729-6852-0001_8463-294825-0001__T1__NBASIC__3729,3729,8463,14,32.49126066115462,0.0,0.0,0.0,0.0,0.0,0.0,0.0,0.0,0,0,0,0,0,0,0,0
3729-6852-0001_8463-294825-0001__T2__NBASIC__8463,8463,3729,14,29.126192945455298,0.0,0.0,0.0,0.0,0.0,0.0,0.0,0.0,0,0,0,0,0,0,0,0
3729-6852-0007_8555-284447-0021__T1__NBASIC__3729,3729,8555,23,33.361305893753304,0.0,0.0,0.0,0.0,0.0,0.0,0.0,0.0,0,0,0,0,0,0,0,0
3729-6852-0007_8555-284447-0021__T2__NBASIC__8555,8555,3729,23,7.546721339053053,0.17391304347826086,0.43478260869565216,0.4782608695652174,0.4782608695652174,0.43478260869565216,0.17391304347826086,0.34782608695652173,0.17391304347826086,1,1,1,1,1,0,1,0
3729-6852-0009_8455-210777-0059__T1__NBASIC__3729,3729,8455,10,27.658544729556546,0.0,0.0,0.0,0.0,0.0,0.0,0.0,0.0,0,0,0,0,0,0,0,0
3729-6852-0009_8455-210777-0059__T2__NBASIC__8455,8455,3729,10,34.92108369004204,0.0,0.0,0.0,0.0,0.0,0.0,0.0,0.0,0,0,0,0,0,0,0,0
3729-6852-0013_4992-41797-0014__T1__NBASIC__3729,3729,4992,5,15.890561077664055,0.0,0.0,0.0,0.0,0.0,0.0,0.0,0.0,0,0,0,0,0,0,0,0
3729-6852-0013_4992-41797-0014__T2__NBASIC__4992,4992,3729,5,16.218388484339073,0.0,0.4,0.0,0.2,0.0,0.0,0.0,0.0,0,0,0,0,0,0,0,0
3729-6852-0016_5683-32879-0022__T1__NBASIC__3729,3729,5683,7,34.1090722056893,0.0,0.0,0.0,0.0,0.0,0.0,0.0,0.0,0,0,0,0,0,0,0,0
3729-6852-0016_5683-32879-0022__T2__NBASIC__5683,5683,3729,7,34.323424389393836,0.0,0.0,0.0,0.0,0.0,0.0,0.0,0.0,0,0,0,0,0,0,0,0
3729-6852-0018_61-70970-0013__T1__NBASIC__3729,3729,61,7,22.38010598064572,0.0,0.0,0.0,0.0,0.0,0.0,0.0,0.0,0,0,0,0,0,0,0,0
3729-6852-0018_61-70970-0013__T2__NBASIC__61,61,3729,7,34.49178384863842,0.0,0.0,0.0,0.0,0.0,0.0,0.0,0.0,0,0,0,0,0,0,0,0
3729-6852-0020_7176-92135-0016__T1__NBASIC__3729,3729,7176,14,38.363939344552634,0.0,0.0,0.0,0.0,0.0,0.0,0.0,0.0,0,0,0,0,0,0,0,0
3729-6852-0020_7176-92135-0016__T2__NBASIC__7176,7176,3729,14,43.84892652823174,0.0,0.0,0.0,0.0,0.0,0.0,0.0,0.0,0,0,0,0,0,0,0,0
3729-6852-0025_7176-88083-0014__T1__NBASIC__3729,3729,7176,5,36.86872222230388,0.0,0.0,0.0,0.0,0.0,0.0,0.0,0.0,0,0,0,0,0,0,0,0
3729-6852-0025_7176-88083-0014__T2__NBASIC__7176,7176,3729,5,28.634039078834256,0.0,0.2,0.2,0.0,0.2,0.0,0.0,0.0,1,0,0,0,1,0,0,0
3729-6852-0028_3575-170457-0055__T1__NBASIC__3729,3729,3575,8,33.48310038163879,0.0,0.0,0.0,0.0,0.0,0.0,0.0,0.0,0,0,0,0,0,0,0,0
3729-6852-0028_3575-170457-0055__T2__NBASIC__3575,3575,3729,8,33.08887488699104,0.0,0.25,0.125,0.0,0.125,0.0,0.0,0.0,1,0,0,0,0,0,0,0
3729-6852-0031_121-127105-0034__T1__NBASIC__3729,3729,121,7,25.929152035593205,0.0,0.0,0.0,0.0,0.0,0.0,0.0,0.0,0,0,0,0,0,0,0,0
3729-6852-0031_121-127105-0034__T2__NBASIC__121,121,3729,7,17.81304674259762,0.0,0.14285714285714285,0.14285714285714285,0.14285714285714285,0.0,0.0,0.0,0.0,0,0,0,0,0,0,0,0
3729-6852-0038_8463-294828-0003__T1__NBASIC__3729,3729,8463,10,24.05091727513427,0.0,0.0,0.0,0.0,0.0,0.0,0.0,0.0,0,0,0,0,0,0,0,0
3729-6852-0038_8463-294828-0003__T2__NBASIC__8463,8463,3729,10,27.58686741723651,0.0,0.0,0.0,0.0,0.0,0.0,0.0,0.0,0,0,0,0,0,0,0,0
3729-6852-0039_672-122797-0067__T1__NBASIC__3729,3729,672,16,39.551429398771916,0.0,0.0,0.0,0.0,0.0,0.0,0.0,0.0,0,0,0,0,0,0,0,0
3729-6852-0039_672-122797-0067__T2__NBASIC__672,672,3729,16,37.08417779770634,0.0,0.0,0.0,0.0,0.0,0.0,0.0,0.0,0,0,0,0,0,0,0,0
3729-6852-0042_6829-68769-0007__T1__NBASIC__3729,3729,6829,6,33.48840065483846,0.0,0.0,0.0,0.0,0.0,0.0,0.0,0.0,0,0,0,0,0,0,0,0
3729-6852-0042_6829-68769-0007__T2__NBASIC__6829,6829,3729,6,35.76599978276964,0.0,0.0,0.0,0.0,0.0,0.0,0.0,0.0,0,0,0,0,0,0,0,0
3729-6852-0046_672-122797-0044__T1__NBASIC__3729,3729,672,6,41.53070884623392,0.0,0.0,0.0,0.0,0.0,0.0,0.0,0.0,0,0,0,0,0,0,0,0
3729-6852-0046_672-122797-0044__T2__NBASIC__672,672,3729,6,-33.177081927440916,1.0,1.0,0.8333333333333334,1.0,0.8333333333333334,0.8333333333333334,0.8333333333333334,0.8333333333333334,1,1,1,1,1,1,1,1
4077-13751-0006_8555-292519-0011__T1__NBASIC__4077,4077,8555,5,39.71837158549079,0.0,0.0,0.0,0.0,0.0,0.0,0.0,0.0,0,0,0,0,0,0,0,0
4077-13751-0006_8555-292519-0011__T2__NBASIC__8555,8555,4077,5,37.854848949647206,0.0,0.0,0.0,0.0,0.0,0.0,0.0,0.0,0,0,0,0,0,0,0,0
4077-13751-0008_1089-134691-0016__T1__NBASIC__4077,4077,1089,17,9.2049371259131,0.23529411764705882,0.29411764705882354,0.11764705882352941,0.17647058823529413,0.11764705882352941,0.11764705882352941,0.11764705882352941,0.11764705882352941,1,1,1,1,0,0,0,0
4077-13751-0008_1089-134691-0016__T2__NBASIC__1089,1089,4077,17,30.640474772238193,0.0,0.058823529411764705,0.0,0.0,0.0,0.0,0.0,0.0,0,0,0,0,0,0,0,0
4077-13751-0009_908-31957-0007__T1__NBASIC__4077,4077,908,10,29.821055841148052,0.0,0.0,0.0,0.0,0.0,0.0,0.0,0.0,0,0,0,0,0,0,0,0
4077-13751-0009_908-31957-0007__T2__NBASIC__908,908,4077,10,14.37356580490795,0.0,0.2,0.2,0.3,0.2,0.0,0.2,0.0,1,0,1,0,1,0,1,0
4077-13751-0010_8463-294825-0002__T1__NBASIC__4077,4077,8463,12,38.637605957344796,0.0,0.0,0.0,0.0,0.0,0.0,0.0,0.0,0,0,0,0,0,0,0,0
4077-13751-0010_8463-294825-0002__T2__NBASIC__8463,8463,4077,12,36.22948706080358,0.0,0.0,0.0,0.0,0.0,0.0,0.0,0.0,0,0,0,0,0,0,0,0
4077-13751-0013_1284-1181-0005__T1__NBASIC__4077,4077,1284,6,27.48784418992596,0.0,0.0,0.0,0.0,0.0,0.0,0.0,0.0,0,0,0,0,0,0,0,0
4077-13751-0013_1284-1181-0005__T2__NBASIC__1284,1284,4077,6,29.895173752693537,0.0,0.0,0.0,0.0,0.0,0.0,0.0,0.0,0,0,0,0,0,0,0,0
4077-13751-0015_1284-1180-0029__T1__NBASIC__4077,4077,1284,9,31.382699547826164,0.0,0.0,0.0,0.0,0.0,0.0,0.0,0.0,0,0,0,0,0,0,0,0
4077-13751-0015_1284-1180-0029__T2__NBASIC__1284,1284,4077,9,36.693297795225284,0.0,0.0,0.0,0.0,0.0,0.0,0.0,0.0,0,0,0,0,0,0,0,0
4077-13751-0016_5142-33396-0006__T1__NBASIC__4077,4077,5142,11,40.407762360103554,0.0,0.0,0.0,0.0,0.0,0.0,0.0,0.0,0,0,0,0,0,0,0,0
4077-13751-0016_5142-33396-0006__T2__NBASIC__5142,5142,4077,11,38.90841618959479,0.0,0.0,0.0,0.0,0.0,0.0,0.0,0.0,0,0,0,0,0,0,0,0
4077-13751-0017_5105-28241-0009__T1__NBASIC__4077,4077,5105,9,28.666093680468837,0.0,0.0,0.0,0.0,0.0,0.0,0.0,0.0,0,0,0,0,0,0,0,0
4077-13751-0017_5105-28241-0009__T2__NBASIC__5105,5105,4077,9,27.545889222061273,0.0,0.1111111111111111,0.1111111111111111,0.0,0.1111111111111111,0.0,0.0,0.0,1,0,0,0,0,0,0,0
4077-13754-0000_2830-3980-0074__T1__NBASIC__4077,4077,2830,8,30.884022408088995,0.0,0.0,0.0,0.0,0.0,0.0,0.0,0.0,0,0,0,0,0,0,0,0
4077-13754-0000_2830-3980-0074__T2__NBASIC__2830,2830,4077,8,25.522900938973834,0.0,0.125,0.0,0.125,0.0,0.0,0.0,0.0,0,0,0,0,0,0,0,0
4077-13754-0001_5142-33396-0065__T1__NBASIC__4077,4077,5142,6,31.96507431127463,0.0,0.0,0.0,0.0,0.0,0.0,0.0,0.0,0,0,0,0,0,0,0,0
4077-13754-0001_5142-33396-0065__T2__NBASIC__5142,5142,4077,6,36.2025243765601,0.0,0.0,0.0,0.0,0.0,0.0,0.0,0.0,0,0,0,0,0,0,0,0
4077-13754-0003_2961-961-0017__T1__NBASIC__4077,4077,2961,10,37.465511765790986,0.0,0.0,0.0,0.0,0.0,0.0,0.0,0.0,0,0,0,0,0,0,0,0
4077-13754-0003_2961-961-0017__T2__NBASIC__2961,2961,4077,10,27.987511684966364,0.0,0.1,0.2,0.1,0.1,0.0,0.1,0.0,1,0,1,0,0,0,0,0
4077-13754-0004_3575-170457-0025__T1__NBASIC__4077,4077,3575,8,39.59318540380892,0.0,0.0,0.0,0.0,0.0,0.0,0.0,0.0,0,0,0,0,0,0,0,0
4077-13754-0004_3575-170457-0025__T2__NBASIC__3575,3575,4077,8,38.34059964075558,0.0,0.0,0.0,0.0,0.0,0.0,0.0,0.0,0,0,0,0,0,0,0,0
4077-13754-0005_1221-135767-0005__T1__NBASIC__4077,4077,1221,10,32.541615704511685,0.0,0.0,0.0,0.0,0.0,0.0,0.0,0.0,0,0,0,0,0,0,0,0
4077-13754-0005_1221-135767-0005__T2__NBASIC__1221,1221,4077,10,35.118028479215546,0.0,0.0,0.0,0.0,0.0,0.0,0.0,0.0,0,0,0,0,0,0,0,0
4077-13754-0006_3575-170457-0000__T1__NBASIC__4077,4077,3575,15,29.419467641170815,0.0,0.0,0.0,0.0,0.0,0.0,0.0,0.0,0,0,0,0,0,0,0,0
4077-13754-0006_3575-170457-0000__T2__NBASIC__3575,3575,4077,15,41.349551819796396,0.0,0.0,0.0,0.0,0.0,0.0,0.0,0.0,0,0,0,0,0,0,0,0
4077-13754-0007_237-126133-0004__T1__NBASIC__4077,4077,237,5,30.976874773326337,0.0,0.0,0.0,0.0,0.0,0.0,0.0,0.0,0,0,0,0,0,0,0,0
4077-13754-0007_237-126133-0004__T2__NBASIC__237,237,4077,5,35.70916454554553,0.0,0.0,0.0,0.0,0.0,0.0,0.0,0.0,0,0,0,0,0,0,0,0
4077-13754-0010_4507-16021-0010__T1__NBASIC__4077,4077,4507,22,47.84177546647831,0.0,0.0,0.0,0.0,0.0,0.0,0.0,0.0,0,0,0,0,0,0,0,0
4077-13754-0010_4507-16021-0010__T2__NBASIC__4507,4507,4077,22,39.220076926703555,0.0,0.045454545454545456,0.0,0.045454545454545456,0.0,0.0,0.0,0.0,0,0,0,0,0,0,0,0
4077-13754-0011_2300-131720-0008__T1__NBASIC__4077,4077,2300,17,33.66708875430046,0.0,0.0,0.0,0.0,0.0,0.0,0.0,0.0,0,0,0,0,0,0,0,0
4077-13754-0011_2300-131720-0008__T2__NBASIC__2300,2300,4077,17,13.284901987846805,0.0,0.47058823529411764,0.35294117647058826,0.6470588235294118,0.29411764705882354,0.0,0.29411764705882354,0.0,1,0,1,0,1,0,1,0
4077-13754-0013_2961-960-0002__T1__NBASIC__4077,4077,2961,24,34.65181678829831,0.0,0.0,0.0,0.0,0.0,0.0,0.0,0.0,0,0,0,0,0,0,0,0
4077-13754-0013_2961-960-0002__T2__NBASIC__2961,2961,4077,24,28.437624217582744,0.0,0.041666666666666664,0.0,0.0,0.0,0.0,0.0,0.0,0,0,0,0,0,0,0,0
4446-2271-0001_8463-294828-0007__T1__NBASIC__4446,4446,8463,11,-32.27700927235115,1.0,1.0,1.0,1.0,1.0,1.0,1.0,1.0,1,1,1,1,1,1,1,1
4446-2271-0001_8463-294828-0007__T2__NBASIC__8463,8463,4446,11,32.193621271059705,0.0,0.0,0.0,0.0,0.0,0.0,0.0,0.0,0,0,0,0,0,0,0,0
4446-2271-0005_1320-122617-0041__T1__NBASIC__4446,4446,1320,5,39.197020894148615,0.0,0.0,0.0,0.0,0.0,0.0,0.0,0.0,0,0,0,0,0,0,0,0
4446-2271-0005_1320-122617-0041__T2__NBASIC__1320,1320,4446,5,39.94716388763858,0.0,0.0,0.0,0.0,0.0,0.0,0.0,0.0,0,0,0,0,0,0,0,0
4446-2271-0008_1580-141083-0012__T1__NBASIC__4446,4446,1580,9,-29.114765808774134,1.0,1.0,1.0,1.0,1.0,1.0,1.0,1.0,1,1,1,1,1,1,1,1
4446-2271-0008_1580-141083-0012__T2__NBASIC__1580,1580,4446,9,29.725559291636944,0.0,0.0,0.0,0.0,0.0,0.0,0.0,0.0,0,0,0,0,0,0,0,0
4446-2271-0012_6930-76324-0011__T1__NBASIC__4446,4446,6930,6,20.829765331423207,0.0,0.3333333333333333,0.3333333333333333,0.3333333333333333,0.16666666666666666,0.0,0.16666666666666666,0.0,1,0,1,0,0,0,0,0
4446-2271-0012_6930-76324-0011__T2__NBASIC__6930,6930,4446,6,29.171318564445308,0.0,0.0,0.0,0.0,0.0,0.0,0.0,0.0,0,0,0,0,0,0,0,0
4446-2271-0013_1284-1180-0024__T1__NBASIC__4446,4446,1284,7,-18.523025329776196,1.0,1.0,0.8571428571428571,1.0,0.8571428571428571,0.8571428571428571,0.8571428571428571,0.8571428571428571,1,1,1,1,1,1,1,1
4446-2271-0013_1284-1180-0024__T2__NBASIC__1284,1284,4446,7,28.478656307247373,0.0,0.0,0.0,0.0,0.0,0.0,0.0,0.0,0,0,0,0,0,0,0,0
4446-2271-0014_3570-5694-0003__T1__NBASIC__4446,4446,3570,9,24.33663893033031,0.0,0.0,0.0,0.0,0.0,0.0,0.0,0.0,0,0,0,0,0,0,0,0
4446-2271-0014_3570-5694-0003__T2__NBASIC__3570,3570,4446,9,27.0842807164671,0.0,0.0,0.0,0.0,0.0,0.0,0.0,0.0,0,0,0,0,0,0,0,0
4446-2271-0019_7176-88083-0010__T1__NBASIC__4446,4446,7176,6,25.70306311988621,0.0,0.0,0.0,0.16666666666666666,0.0,0.0,0.0,0.0,0,0,0,0,0,0,0,0
4446-2271-0019_7176-88083-0010__T2__NBASIC__7176,7176,4446,6,30.81430986250645,0.0,0.0,0.0,0.0,0.0,0.0,0.0,0.0,0,0,0,0,0,0,0,0
4446-2271-0021_4970-29093-0013__T1__NBASIC__4446,4446,4970,6,-34.68251299851762,1.0,1.0,1.0,1.0,1.0,1.0,1.0,1.0,1,1,1,1,1,1,1,1
4446-2271-0021_4970-29093-0013__T2__NBASIC__4970,4970,4446,6,35.32752181123625,0.0,0.0,0.0,0.0,0.0,0.0,0.0,0.0,0,0,0,0,0,0,0,0
4446-2271-0024_61-70970-0025__T1__NBASIC__4446,4446,61,5,36.09620898303414,0.0,0.0,0.0,0.0,0.0,0.0,0.0,0.0,0,0,0,0,0,0,0,0
4446-2271-0024_61-70970-0025__T2__NBASIC__61,61,4446,5,30.538565375840587,0.0,0.0,0.0,0.0,0.0,0.0,0.0,0.0,0,0,0,0,0,0,0,0
4446-2273-0003_4992-41797-0006__T1__NBASIC__4446,4446,4992,8,26.980086138368126,0.0,0.0,0.0,0.0,0.0,0.0,0.0,0.0,0,0,0,0,0,0,0,0
4446-2273-0003_4992-41797-0006__T2__NBASIC__4992,4992,4446,8,35.29699983335282,0.0,0.0,0.0,0.0,0.0,0.0,0.0,0.0,0,0,0,0,0,0,0,0
4446-2273-0005_1284-1181-0003__T1__NBASIC__4446,4446,1284,7,25.21118944872447,0.0,0.0,0.0,0.0,0.0,0.0,0.0,0.0,0,0,0,0,0,0,0,0
4446-2273-0005_1284-1181-0003__T2__NBASIC__1284,1284,4446,7,35.81332311019338,0.0,0.0,0.0,0.0,0.0,0.0,0.0,0.0,0,0,0,0,0,0,0,0
4446-2273-0009_8463-287645-0001__T1__NBASIC__4446,4446,8463,6,33.02320192951507,0.0,0.0,0.0,0.0,0.0,0.0,0.0,0.0,0,0,0,0,0,0,0,0
4446-2273-0009_8463-287645-0001__T2__NBASIC__8463,8463,4446,6,-30.945560407504214,1.0,1.0,1.0,1.0,1.0,1.0,1.0,1.0,1,1,1,1,1,1,1,1
4446-2273-0015_672-122797-0071__T1__NBASIC__4446,4446,672,8,32.98786766029861,0.0,0.0,0.0,0.0,0.0,0.0,0.0,0.0,0,0,0,0,0,0,0,0
4446-2273-0015_672-122797-0071__T2__NBASIC__672,672,4446,8,34.618681546349706,0.0,0.0,0.0,0.0,0.0,0.0,0.0,0.0,0,0,0,0,0,0,0,0
4446-2273-0016_8230-279154-0000__T1__NBASIC__4446,4446,8230,16,34.803697184563305,0.0,0.0,0.0,0.0,0.0,0.0,0.0,0.0,0,0,0,0,0,0,0,0
4446-2273-0016_8230-279154-0000__T2__NBASIC__8230,8230,4446,16,40.64191536617704,0.0,0.0,0.0,0.0,0.0,0.0,0.0,0.0,0,0,0,0,0,0,0,0
4446-2273-0019_8555-284447-0022__T1__NBASIC__4446,4446,8555,5,9.453485691738397,0.2,0.4,0.2,0.2,0.2,0.2,0.2,0.2,1,1,1,1,1,1,1,1
4446-2273-0019_8555-284447-0022__T2__NBASIC__8555,8555,4446,5,6.119765517430222,0.2,0.4,0.0,0.4,0.0,0.0,0.0,0.0,0,0,0,0,0,0,0,0
4446-2273-0021_7176-92135-0024__T1__NBASIC__4446,4446,7176,7,35.906633477204245,0.0,0.0,0.0,0.0,0.0,0.0,0.0,0.0,0,0,0,0,0,0,0,0
4446-2273-0021_7176-92135-0024__T2__NBASIC__7176,7176,4446,7,35.05084481929337,0.0,0.0,0.0,0.0,0.0,0.0,0.0,0.0,0,0,0,0,0,0,0,0
4446-2273-0022_2094-142345-0057__T1__NBASIC__4446,4446,2094,10,35.42473800163542,0.0,0.1,0.1,0.1,0.1,0.0,0.1,0.0,1,0,1,0,0,0,0,0
4446-2273-0022_2094-142345-0057__T2__NBASIC__2094,2094,4446,10,36.21444785102584,0.0,0.0,0.0,0.0,0.0,0.0,0.0,0.0,0,0,0,0,0,0,0,0
4446-2273-0023_6829-68769-0002__T1__NBASIC__4446,4446,6829,5,21.947227475075014,0.0,0.0,0.0,0.0,0.0,0.0,0.0,0.0,0,0,0,0,0,0,0,0
4446-2273-0023_6829-68769-0002__T2__NBASIC__6829,6829,4446,5,29.053878104676524,0.0,0.0,0.0,0.0,0.0,0.0,0.0,0.0,0,0,0,0,0,0,0,0
4446-2273-0024_7176-92135-0036__T1__NBASIC__4446,4446,7176,8,39.00331241275654,0.0,0.0,0.0,0.0,0.0,0.0,0.0,0.0,0,0,0,0,0,0,0,0
4446-2273-0024_7176-92135-0036__T2__NBASIC__7176,7176,4446,8,38.4023453162681,0.0,0.0,0.0,0.0,0.0,0.0,0.0,0.0,0,0,0,0,0,0,0,0
4446-2273-0025_1284-1181-0010__T1__NBASIC__4446,4446,1284,8,29.074162635575043,0.0,0.0,0.0,0.0,0.0,0.0,0.0,0.0,0,0,0,0,0,0,0,0
4446-2273-0025_1284-1181-0010__T2__NBASIC__1284,1284,4446,8,34.952520672805825,0.0,0.0,0.0,0.0,0.0,0.0,0.0,0.0,0,0,0,0,0,0,0,0
4446-2273-0028_5142-33396-0025__T1__NBASIC__4446,4446,5142,5,22.761508046881044,0.0,0.4,0.0,0.0,0.0,0.0,0.0,0.0,0,0,0,0,0,0,0,0
4446-2273-0028_5142-33396-0025__T2__NBASIC__5142,5142,4446,5,28.331607639569345,0.0,0.0,0.0,0.0,0.0,0.0,0.0,0.0,0,0,0,0,0,0,0,0
4446-2273-0032_8230-279154-0039__T1__NBASIC__4446,4446,8230,8,36.98883412358773,0.0,0.0,0.0,0.0,0.0,0.0,0.0,0.0,0,0,0,0,0,0,0,0
4446-2273-0032_8230-279154-0039__T2__NBASIC__8230,8230,4446,8,42.922943368532195,0.0,0.0,0.0,0.0,0.0,0.0,0.0,0.0,0,0,0,0,0,0,0,0
4446-2273-0033_8230-279154-0028__T1__NBASIC__4446,4446,8230,5,35.24990297471271,0.0,0.0,0.0,0.0,0.0,0.0,0.0,0.0,0,0,0,0,0,0,0,0
4446-2273-0033_8230-279154-0028__T2__NBASIC__8230,8230,4446,5,34.37584866959113,0.0,0.0,0.0,0.0,0.0,0.0,0.0,0.0,0,0,0,0,0,0,0,0
4446-2275-0002_8455-210777-0045__T1__NBASIC__4446,4446,8455,14,34.74276787550368,0.0,0.0,0.0,0.0,0.0,0.0,0.0,0.0,0,0,0,0,0,0,0,0
4446-2275-0002_8455-210777-0045__T2__NBASIC__8455,8455,4446,14,40.29344571061916,0.0,0.0,0.0,0.0,0.0,0.0,0.0,0.0,0,0,0,0,0,0,0,0
4446-2275-0006_1284-134647-0002__T1__NBASIC__4446,4446,1284,6,34.92094610280374,0.0,0.0,0.0,0.0,0.0,0.0,0.0,0.0,0,0,0,0,0,0,0,0
4446-2275-0006_1284-134647-0002__T2__NBASIC__1284,1284,4446,6,39.95849617434118,0.0,0.0,0.0,0.0,0.0,0.0,0.0,0.0,0,0,0,0,0,0,0,0
4446-2275-0007_121-121726-0012__T1__NBASIC__4446,4446,121,7,17.51220296250034,0.14285714285714285,0.0,0.14285714285714285,0.0,0.0,0.0,0.0,0.0,0,0,0,0,0,0,0,0
4446-2275-0007_121-121726-0012__T2__NBASIC__121,121,4446,7,2.12973814805373,0.2857142857142857,0.7142857142857143,0.7142857142857143,0.8571428571428571,0.7142857142857143,0.2857142857142857,0.7142857142857143,0.2857142857142857,1,1,1,1,1,1,1,1
4446-2275-0008_2300-131720-0032__T1__NBASIC__4446,4446,2300,7,33.0586669888972,0.0,0.0,0.0,0.0,0.0,0.0,0.0,0.0,0,0,0,0,0,0,0,0
4446-2275-0008_2300-131720-0032__T2__NBASIC__2300,2300,4446,7,41.306774777929164,0.0,0.0,0.0,0.0,0.0,0.0,0.0,0.0,0,0,0,0,0,0,0,0
4446-2275-0019_6930-81414-0024__T1__NBASIC__4446,4446,6930,8,33.85958978816182,0.0,0.0,0.0,0.0,0.0,0.0,0.0,0.0,0,0,0,0,0,0,0,0
4446-2275-0019_6930-81414-0024__T2__NBASIC__6930,6930,4446,8,20.584101093612684,0.0,0.0,0.125,0.0,0.0,0.0,0.0,0.0,0,0,0,0,0,0,0,0
4446-2275-0028_3570-5696-0009__T1__NBASIC__4446,4446,3570,6,28.76807240524094,0.0,0.16666666666666666,0.0,0.0,0.0,0.0,0.0,0.0,0,0,0,0,0,0,0,0
4446-2275-0028_3570-5696-0009__T2__NBASIC__3570,3570,4446,6,30.14381060952223,0.0,0.0,0.0,0.0,0.0,0.0,0.0,0.0,0,0,0,0,0,0,0,0
4446-2275-0031_5683-32866-0016__T1__NBASIC__4446,4446,5683,5,42.237854901417684,0.0,0.0,0.0,0.0,0.0,0.0,0.0,0.0,0,0,0,0,0,0,0,0
4446-2275-0031_5683-32866-0016__T2__NBASIC__5683,5683,4446,5,-20.34245305983419,1.0,1.0,0.6,1.0,0.6,0.6,0.6,0.6,1,1,1,1,1,1,1,1
4446-2275-0033_908-157963-0024__T1__NBASIC__4446,4446,908,5,28.785133968635847,0.0,0.0,0.0,0.0,0.0,0.0,0.0,0.0,0,0,0,0,0,0,0,0
4446-2275-0033_908-157963-0024__T2__NBASIC__908,908,4446,5,29.59312935697783,0.0,0.0,0.0,0.0,0.0,0.0,0.0,0.0,0,0,0,0,0,0,0,0
4446-2275-0042_3570-5696-0004__T1__NBASIC__4446,4446,3570,8,37.57945147480544,0.0,0.0,0.0,0.0,0.0,0.0,0.0,0.0,0,0,0,0,0,0,0,0
4446-2275-0042_3570-5696-0004__T2__NBASIC__3570,3570,4446,8,42.42899991965994,0.0,0.0,0.0,0.0,0.0,0.0,0.0,0.0,0,0,0,0,0,0,0,0
4507-16021-0003_237-134500-0039__T1__NBASIC__4507,4507,237,8,29.112362888669786,0.0,0.0,0.0,0.0,0.0,0.0,0.0,0.0,0,0,0,0,0,0,0,0
4507-16021-0003_237-134500-0039__T2__NBASIC__237,237,4507,8,35.2687119106868,0.0,0.0,0.0,0.0,0.0,0.0,0.0,0.0,0,0,0,0,0,0,0,0
4507-16021-0005_8463-294825-0006__T1__NBASIC__4507,4507,8463,7,21.045488641296103,0.0,0.14285714285714285,0.2857142857142857,0.14285714285714285,0.0,0.0,0.0,0.0,0,0,0,0,0,0,0,0
4507-16021-0005_8463-294825-0006__T2__NBASIC__8463,8463,4507,7,29.874469940670433,0.0,0.0,0.0,0.0,0.0,0.0,0.0,0.0,0,0,0,0,0,0,0,0
4507-16021-0009_2300-131720-0029__T1__NBASIC__4507,4507,2300,11,46.128738004215265,0.0,0.0,0.0,0.0,0.0,0.0,0.0,0.0,0,0,0,0,0,0,0,0
4507-16021-0009_2300-131720-0029__T2__NBASIC__2300,2300,4507,11,49.866818371377065,0.0,0.0,0.0,0.0,0.0,0.0,0.0,0.0,0,0,0,0,0,0,0,0
4507-16021-0013_1320-122617-0017__T1__NBASIC__4507,4507,1320,10,42.57838992731286,0.0,0.0,0.0,0.0,0.0,0.0,0.0,0.0,0,0,0,0,0,0,0,0
4507-16021-0013_1320-122617-0017__T2__NBASIC__1320,1320,4507,10,37.553485041195664,0.0,0.0,0.0,0.0,0.0,0.0,0.0,0.0,0,0,0,0,0,0,0,0
4507-16021-0016_1320-122617-0029__T1__NBASIC__4507,4507,1320,14,40.22306027692468,0.0,0.0,0.0,0.0,0.0,0.0,0.0,0.0,0,0,0,0,0,0,0,0
4507-16021-0016_1320-122617-0029__T2__NBASIC__1320,1320,4507,14,45.810294467816334,0.0,0.0,0.0,0.0,0.0,0.0,0.0,0.0,0,0,0,0,0,0,0,0
4507-16021-0024_61-70970-0033__T1__NBASIC__4507,4507,61,5,28.55298405366935,0.0,0.0,0.0,0.0,0.0,0.0,0.0,0.0,0,0,0,0,0,0,0,0
4507-16021-0024_61-70970-0033__T2__NBASIC__61,61,4507,5,36.174198772687824,0.0,0.0,0.0,0.0,0.0,0.0,0.0,0.0,0,0,0,0,0,0,0,0
4507-16021-0030_2830-3980-0017__T1__NBASIC__4507,4507,2830,6,42.91313266455232,0.0,0.0,0.0,0.0,0.0,0.0,0.0,0.0,0,0,0,0,0,0,0,0
4507-16021-0030_2830-3980-0017__T2__NBASIC__2830,2830,4507,6,40.71185201474438,0.0,0.0,0.0,0.0,0.0,0.0,0.0,0.0,0,0,0,0,0,0,0,0
4507-16021-0036_7021-85628-0027__T1__NBASIC__4507,4507,7021,9,47.48101797203357,0.0,0.0,0.0,0.0,0.0,0.0,0.0,0.0,0,0,0,0,0,0,0,0
4507-16021-0036_7021-85628-0027__T2__NBASIC__7021,7021,4507,9,47.436335023003515,0.0,0.0,0.0,0.0,0.0,0.0,0.0,0.0,0,0,0,0,0,0,0,0
4507-16021-0040_5142-33396-0023__T1__NBASIC__4507,4507,5142,5,36.735788177776826,0.0,0.0,0.0,0.0,0.0,0.0,0.0,0.0,0,0,0,0,0,0,0,0
4507-16021-0040_5142-33396-0023__T2__NBASIC__5142,5142,4507,5,37.2490495856893,0.0,0.0,0.0,0.0,0.0,0.0,0.0,0.0,0,0,0,0,0,0,0,0
4507-16021-0042_260-123286-0011__T1__NBASIC__4507,4507,260,7,37.15547133362022,0.0,0.0,0.0,0.0,0.0,0.0,0.0,0.0,0,0,0,0,0,0,0,0
4507-16021-0042_260-123286-0011__T2__NBASIC__260,260,4507,7,25.646888019530365,0.0,0.14285714285714285,0.14285714285714285,0.0,0.14285714285714285,0.0,0.0,0.0,1,0,0,0,0,0,0,0
4507-16021-0050_2094-142345-0054__T1__NBASIC__4507,4507,2094,6,35.26143005342917,0.0,0.0,0.0,0.0,0.0,0.0,0.0,0.0,0,0,0,0,0,0,0,0
4507-16021-0050_2094-142345-0054__T2__NBASIC__2094,2094,4507,6,15.828059167798433,0.3333333333333333,0.16666666666666666,0.3333333333333333,0.16666666666666666,0.0,0.0,0.0,0.0,0,0,0,0,0,0,0,0
4507-16021-0053_260-123286-0004__T1__NBASIC__4507,4507,260,5,24.628445838714505,0.0,0.0,0.0,0.0,0.0,0.0,0.0,0.0,0,0,0,0,0,0,0,0
4507-16021-0053_260-123286-0004__T2__NBASIC__260,260,4507,5,35.345553297865855,0.0,0.2,0.2,0.2,0.2,0.0,0.2,0.0,1,0,1,0,1,0,1,0
4507-16021-0055_1580-141083-0013__T1__NBASIC__4507,4507,1580,7,39.11722872244752,0.0,0.0,0.0,0.0,0.0,0.0,0.0,0.0,0,0,0,0,0,0,0,0
4507-16021-0055_1580-141083-0013__T2__NBASIC__1580,1580,4507,7,30.473524014753814,0.0,0.14285714285714285,0.0,0.14285714285714285,0.0,0.0,0.0,0.0,0,0,0,0,0,0,0,0
4970-29093-0000_4446-2273-0002__T1__NBASIC__4970,4970,4446,5,27.358424337169865,0.0,0.2,0.2,0.0,0.2,0.0,0.0,0.0,1,0,0,0,1,0,0,0
4970-29093-0000_4446-2273-0002__T2__NBASIC__4446,4446,4970,5,5.329950059874125,0.4,0.4,0.4,0.4,0.4,0.4,0.4,0.4,1,1,1,1,1,1,1,1
4970-29093-0001_237-134500-0003__T1__NBASIC__4970,4970,237,5,4.5658553039245575,0.2,0.4,0.6,0.6,0.2,0.0,0.2,0.0,1,0,1,0,1,0,1,0
4970-29093-0001_237-134500-0003__T2__NBASIC__237,237,4970,5,27.852291173621,0.0,0.0,0.0,0.0,0.0,0.0,0.0,0.0,0,0,0,0,0,0,0,0
4970-29093-0004_8455-210777-0070__T1__NBASIC__4970,4970,8455,6,33.97360802203993,0.0,0.0,0.0,0.0,0.0,0.0,0.0,0.0,0,0,0,0,0,0,0,0
4970-29093-0004_8455-210777-0070__T2__NBASIC__8455,8455,4970,6,36.81362368347251,0.0,0.0,0.0,0.0,0.0,0.0,0.0,0.0,0,0,0,0,0,0,0,0
4970-29093-0007_1995-1826-0002__T1__NBASIC__4970,4970,1995,8,40.23427755861474,0.0,0.125,0.0,0.0,0.0,0.0,0.0,0.0,0,0,0,0,0,0,0,0
4970-29093-0007_1995-1826-0002__T2__NBASIC__1995,1995,4970,8,47.955164129891294,0.0,0.125,0.0,0.0,0.0,0.0,0.0,0.0,0,0,0,0,0,0,0,0
4970-29093-0008_1995-1837-0003__T1__NBASIC__4970,4970,1995,6,37.842722356118784,0.0,0.0,0.0,0.0,0.0,0.0,0.0,0.0,0,0,0,0,0,0,0,0
4970-29093-0008_1995-1837-0003__T2__NBASIC__1995,1995,4970,6,44.88390008682205,0.0,0.0,0.0,0.0,0.0,0.0,0.0,0.0,0,0,0,0,0,0,0,0
4970-29093-0009_672-122797-0032__T1__NBASIC__4970,4970,672,7,37.42212540804793,0.0,0.0,0.0,0.0,0.0,0.0,0.0,0.0,0,0,0,0,0,0,0,0
4970-29093-0009_672-122797-0032__T2__NBASIC__672,672,4970,7,36.22991278000882,0.0,0.0,0.0,0.0,0.0,0.0,0.0,0.0,0,0,0,0,0,0,0,0
4970-29093-0011_260-123286-0001__T1__NBASIC__4970,4970,260,5,32.373968791148,0.0,0.0,0.0,0.0,0.0,0.0,0.0,0.0,0,0,0,0,0,0,0,0
4970-29093-0011_260-123286-0001__T2__NBASIC__260,260,4970,5,40.84071962136988,0.0,0.0,0.0,0.0,0.0,0.0,0.0,0.0,0,0,0,0,0,0,0,0
4970-29093-0015_2961-961-0016__T1__NBASIC__4970,4970,2961,5,13.061205766764303,0.0,0.0,0.0,0.0,0.0,0.0,0.0,0.0,0,0,0,0,0,0,0,0
4970-29093-0015_2961-961-0016__T2__NBASIC__2961,2961,4970,5,34.95098530942948,0.0,0.0,0.0,0.0,0.0,0.0,0.0,0.0,0,0,0,0,0,0,0,0
4970-29093-0018_1284-1180-0012__T1__NBASIC__4970,4970,1284,8,31.97127669590464,0.0,0.0,0.0,0.0,0.0,0.0,0.0,0.0,0,0,0,0,0,0,0,0
4970-29093-0018_1284-1180-0012__T2__NBASIC__1284,1284,4970,8,43.07976560103592,0.0,0.0,0.125,0.0,0.0,0.0,0.0,0.0,0,0,0,0,0,0,0,0
4970-29093-0020_5142-33396-0015__T1__NBASIC__4970,4970,5142,7,13.960526550258406,0.0,0.42857142857142855,0.2857142857142857,0.2857142857142857,0.2857142857142857,0.0,0.2857142857142857,0.0,1,0,1,0,1,0,1,0
4970-29093-0020_5142-33396-0015__T2__NBASIC__5142,5142,4970,7,16.785344319066617,0.0,0.14285714285714285,0.14285714285714285,0.2857142857142857,0.0,0.0,0.0,0.0,0,0,0,0,0,0,0,0
4970-29093-0022_6829-68771-0024__T1__NBASIC__4970,4970,6829,11,25.48478959414973,0.0,0.18181818181818182,0.0,0.09090909090909091,0.0,0.0,0.0,0.0,0,0,0,0,0,0,0,0
4970-29093-0022_6829-68771-0024__T2__NBASIC__6829,6829,4970,11,38.360992322931324,0.0,0.0,0.0,0.0,0.0,0.0,0.0,0.0,0,0,0,0,0,0,0,0
4970-29095-0001_61-70968-0015__T1__NBASIC__4970,4970,61,9,34.371771220554386,0.0,0.0,0.0,0.0,0.0,0.0,0.0,0.0,0,0,0,0,0,0,0,0
4970-29095-0001_61-70968-0015__T2__NBASIC__61,61,4970,9,31.055572472418007,0.0,0.0,0.0,0.0,0.0,0.0,0.0,0.0,0,0,0,0,0,0,0,0
4970-29095-0003_2094-142345-0021__T1__NBASIC__4970,4970,2094,9,19.226253935275544,0.0,0.2222222222222222,0.1111111111111111,0.0,0.1111111111111111,0.0,0.0,0.0,1,0,0,0,0,0,0,0
4970-29095-0003_2094-142345-0021__T2__NBASIC__2094,2094,4970,9,37.45416738627903,0.0,0.0,0.0,0.0,0.0,0.0,0.0,0.0,0,0,0,0,0,0,0,0
4970-29095-0004_1089-134686-0012__T1__NBASIC__4970,4970,1089,18,41.278951197123924,0.0,0.1111111111111111,0.0,0.0,0.0,0.0,0.0,0.0,0,0,0,0,0,0,0,0
4970-29095-0004_1089-134686-0012__T2__NBASIC__1089,1089,4970,18,39.038928704850605,0.0,0.05555555555555555,0.0,0.0,0.0,0.0,0.0,0.0,0,0,0,0,0,0,0,0
4970-29095-0006_7127-75947-0026__T1__NBASIC__4970,4970,7127,7,32.31998734446978,0.0,0.0,0.0,0.0,0.0,0.0,0.0,0.0,0,0,0,0,0,0,0,0
4970-29095-0006_7127-75947-0026__T2__NBASIC__7127,7127,4970,7,32.066661594231796,0.0,0.0,0.0,0.0,0.0,0.0,0.0,0.0,0,0,0,0,0,0,0,0
4970-29095-0007_2961-961-0020__T1__NBASIC__4970,4970,2961,11,23.19031248718309,0.09090909090909091,0.09090909090909091,0.18181818181818182,0.09090909090909091,0.09090909090909091,0.09090909090909091,0.09090909090909091,0.09090909090909091,1,1,1,1,0,0,0,0
4970-29095-0007_2961-961-0020__T2__NBASIC__2961,2961,4970,11,24.53381285543735,0.0,0.09090909090909091,0.09090909090909091,0.0,0.09090909090909091,0.0,0.0,0.0,1,0,0,0,0,0,0,0
4970-29095-0009_1188-133604-0007__T1__NBASIC__4970,4970,1188,10,34.144918494658135,0.0,0.0,0.0,0.0,0.0,0.0,0.0,0.0,0,0,0,0,0,0,0,0
4970-29095-0009_1188-133604-0007__T2__NBASIC__1188,1188,4970,10,38.34994336964017,0.0,0.0,0.0,0.0,0.0,0.0,0.0,0.0,0,0,0,0,0,0,0,0
4970-29095-0011_6930-75918-0006__T1__NBASIC__4970,4970,6930,5,35.09886962859104,0.0,0.0,0.0,0.0,0.0,0.0,0.0,0.0,0,0,0,0,0,0,0,0
4970-29095-0011_6930-75918-0006__T2__NBASIC__6930,6930,4970,5,32.38146232692035,0.0,0.0,0.0,0.0,0.0,0.0,0.0,0.0,0,0,0,0,0,0,0,0
4970-29095-0014_7127-75947-0022__T1__NBASIC__4970,4970,7127,5,32.54745417394729,0.0,0.0,0.0,0.0,0.0,0.0,0.0,0.0,0,0,0,0,0,0,0,0
4970-29095-0014_7127-75947-0022__T2__NBASIC__7127,7127,4970,5,29.766089225960865,0.0,0.0,0.0,0.0,0.0,0.0,0.0,0.0,0,0,0,0,0,0,0,0
4970-29095-0016_3570-5694-0019__T1__NBASIC__4970,4970,3570,6,35.58919264754048,0.0,0.0,0.0,0.0,0.0,0.0,0.0,0.0,0,0,0,0,0,0,0,0
4970-29095-0016_3570-5694-0019__T2__NBASIC__3570,3570,4970,6,33.04038284640889,0.0,0.0,0.0,0.0,0.0,0.0,0.0,0.0,0,0,0,0,0,0,0,0
4970-29095-0017_3575-170457-0052__T1__NBASIC__4970,4970,3575,5,19.10029736932345,0.0,0.2,0.2,0.0,0.2,0.0,0.0,0.0,1,0,0,0,1,0,0,0
4970-29095-0017_3575-170457-0052__T2__NBASIC__3575,3575,4970,5,9.809379987293369,0.2,0.4,0.4,0.2,0.4,0.2,0.2,0.2,1,1,1,1,1,1,1,1
4970-29095-0023_908-157963-0021__T1__NBASIC__4970,4970,908,6,45.6018320878976,0.0,0.0,0.0,0.0,0.0,0.0,0.0,0.0,0,0,0,0,0,0,0,0
4970-29095-0023_908-157963-0021__T2__NBASIC__908,908,4970,6,37.85914456850772,0.0,0.0,0.16666666666666666,0.0,0.0,0.0,0.0,0.0,0,0,0,0,0,0,0,0
4970-29095-0025_2830-3980-0005__T1__NBASIC__4970,4970,2830,6,40.42523788094935,0.0,0.16666666666666666,0.0,0.0,0.0,0.0,0.0,0.0,0,0,0,0,0,0,0,0
4970-29095-0025_2830-3980-0005__T2__NBASIC__2830,2830,4970,6,47.864891093859995,0.0,0.0,0.0,0.0,0.0,0.0,0.0,0.0,0,0,0,0,0,0,0,0
4970-29095-0026_6829-68769-0044__T1__NBASIC__4970,4970,6829,5,18.536160192215167,0.0,0.2,0.2,0.2,0.2,0.0,0.2,0.0,1,0,1,0,1,0,1,0
4970-29095-0026_6829-68769-0044__T2__NBASIC__6829,6829,4970,5,-1.3816063551008886,0.6,0.8,0.2,0.6,0.2,0.2,0.2,0.2,1,1,1,1,1,1,1,1
4970-29095-0031_237-134493-0003__T1__NBASIC__4970,4970,237,24,20.877405351362953,0.0,0.20833333333333334,0.2916666666666667,0.25,0.20833333333333334,0.0,0.20833333333333334,0.0,1,0,1,0,1,0,1,0
4970-29095-0031_237-134493-0003__T2__NBASIC__237,237,4970,24,-11.319278857385564,0.7916666666666666,0.5833333333333334,0.5416666666666666,0.625,0.5416666666666666,0.5416666666666666,0.5416666666666666,0.5416666666666666,1,1,1,1,1,1,1,1
4970-29095-0032_1580-141084-0026__T1__NBASIC__4970,4970,1580,12,23.193558713042933,0.08333333333333333,0.25,0.3333333333333333,0.16666666666666666,0.16666666666666666,0.08333333333333333,0.16666666666666666,0.08333333333333333,1,1,1,1,0,0,0,0
4970-29095-0032_1580-141084-0026__T2__NBASIC__1580,1580,4970,12,31.247410260699773,0.0,0.0,0.0,0.0,0.0,0.0,0.0,0.0,0,0,0,0,0,0,0,0
4970-29095-0034_4992-23283-0019__T1__NBASIC__4970,4970,4992,10,32.544654186886724,0.0,0.0,0.0,0.0,0.0,0.0,0.0,0.0,0,0,0,0,0,0,0,0
4970-29095-0034_4992-23283-0019__T2__NBASIC__4992,4992,4970,10,34.58768247472849,0.0,0.0,0.0,0.0,0.0,0.0,0.0,0.0,0,0,0,0,0,0,0,0
4970-29095-0036_1089-134686-0001__T1__NBASIC__4970,4970,1089,5,37.4137899114983,0.0,0.0,0.0,0.0,0.0,0.0,0.0,0.0,0,0,0,0,0,0,0,0
4970-29095-0036_1089-134686-0001__T2__NBASIC__1089,1089,4970,5,44.790076540349204,0.0,0.0,0.0,0.0,0.0,0.0,0.0,0.0,0,0,0,0,0,0,0,0
4970-29095-0037_5105-28240-0016__T1__NBASIC__4970,4970,5105,7,33.0374682293801,0.0,0.0,0.14285714285714285,0.0,0.0,0.0,0.0,0.0,0,0,0,0,0,0,0,0
4970-29095-0037_5105-28240-0016__T2__NBASIC__5105,5105,4970,7,34.96768306229924,0.0,0.0,0.0,0.0,0.0,0.0,0.0,0.0,0,0,0,0,0,0,0,0
4992-23283-0000_237-134493-0017__T1__NBASIC__4992,4992,237,12,19.459986686407127,0.0,0.16666666666666666,0.0,0.0,0.0,0.0,0.0,0.0,0,0,0,0,0,0,0,0
4992-23283-0000_237-134493-0017__T2__NBASIC__237,237,4992,12,19.928921884790704,0.0,0.0,0.08333333333333333,0.08333333333333333,0.0,0.0,0.0,0.0,0,0,0,0,0,0,0,0
4992-23283-0002_672-122797-0073__T1__NBASIC__4992,4992,672,5,30.815150844537868,0.0,0.0,0.0,0.0,0.0,0.0,0.0,0.0,0,0,0,0,0,0,0,0
4992-23283-0002_672-122797-0073__T2__NBASIC__672,672,4992,5,29.662782511549803,0.0,0.0,0.0,0.0,0.0,0.0,0.0,0.0,0,0,0,0,0,0,0,0
4992-23283-0003_1995-1837-0029__T1__NBASIC__4992,4992,1995,8,34.43550424549386,0.0,0.0,0.0,0.0,0.0,0.0,0.0,0.0,0,0,0,0,0,0,0,0
4992-23283-0003_1995-1837-0029__T2__NBASIC__1995,1995,4992,8,35.26719328774619,0.0,0.0,0.0,0.0,0.0,0.0,0.0,0.0,0,0,0,0,0,0,0,0
4992-23283-0004_1580-141083-0003__T1__NBASIC__4992,4992,1580,12,36.89108389696169,0.0,0.0,0.0,0.0,0.0,0.0,0.0,0.0,0,0,0,0,0,0,0,0
4992-23283-0004_1580-141083-0003__T2__NBASIC__1580,1580,4992,12,31.7043458565784,0.0,0.0,0.0,0.0,0.0,0.0,0.0,0.0,0,0,0,0,0,0,0,0
4992-23283-0005_6829-68769-0034__T1__NBASIC__4992,4992,6829,11,1.582099311746766,0.5454545454545454,0.2727272727272727,0.45454545454545453,0.45454545454545453,0.2727272727272727,0.2727272727272727,0.2727272727272727,0.2727272727272727,1,1,1,1,1,1,1,1
4992-23283-0005_6829-68769-0034__T2__NBASIC__6829,6829,4992,11,16.85774093327313,0.18181818181818182,0.18181818181818182,0.09090909090909091,0.0,0.09090909090909091,0.09090909090909091,0.0,0.0,1,1,0,0,0,0,0,0
4992-23283-0010_8455-210777-0060__T1__NBASIC__4992,4992,8455,9,32.864792293522164,0.0,0.0,0.0,0.0,0.0,0.0,0.0,0.0,0,0,0,0,0,0,0,0
4992-23283-0010_8455-210777-0060__T2__NBASIC__8455,8455,4992,9,30.033570070600206,0.0,0.0,0.0,0.0,0.0,0.0,0.0,0.0,0,0,0,0,0,0,0,0
4992-23283-0013_4507-16021-0011__T1__NBASIC__4992,4992,4507,10,18.999125149634843,0.0,0.1,0.1,0.1,0.1,0.0,0.1,0.0,1,0,1,0,0,0,0,0
4992-23283-0013_4507-16021-0011__T2__NBASIC__4507,4507,4992,10,22.919459748483604,0.0,0.1,0.1,0.1,0.1,0.0,0.1,0.0,1,0,1,0,0,0,0,0
4992-23283-0017_5142-33396-0002__T1__NBASIC__4992,4992,5142,6,30.39084583937721,0.0,0.16666666666666666,0.0,0.0,0.0,0.0,0.0,0.0,0,0,0,0,0,0,0,0
4992-23283-0017_5142-33396-0002__T2__NBASIC__5142,5142,4992,6,35.88784024973519,0.0,0.0,0.0,0.0,0.0,0.0,0.0,0.0,0,0,0,0,0,0,0,0
4992-23283-0018_1188-133604-0013__T1__NBASIC__4992,4992,1188,5,31.913456053305953,0.0,0.0,0.0,0.0,0.0,0.0,0.0,0.0,0,0,0,0,0,0,0,0
4992-23283-0018_1188-133604-0013__T2__NBASIC__1188,1188,4992,5,29.16745164226787,0.0,0.0,0.0,0.0,0.0,0.0,0.0,0.0,0,0,0,0,0,0,0,0
4992-23283-0020_2300-131720-0014__T1__NBASIC__4992,4992,2300,6,29.31566261522257,0.0,0.0,0.0,0.0,0.0,0.0,0.0,0.0,0,0,0,0,0,0,0,0
4992-23283-0020_2300-131720-0014__T2__NBASIC__2300,2300,4992,6,28.383098396456834,0.0,0.0,0.0,0.0,0.0,0.0,0.0,0.0,0,0,0,0,0,0,0,0
4992-41797-0005_1580-141083-0049__T1__NBASIC__4992,4992,1580,6,31.666154346582598,0.0,0.0,0.0,0.16666666666666666,0.0,0.0,0.0,0.0,0,0,0,0,0,0,0,0
4992-41797-0005_1580-141083-0049__T2__NBASIC__1580,1580,4992,6,36.12761836960703,0.0,0.0,0.16666666666666666,0.0,0.0,0.0,0.0,0.0,0,0,0,0,0,0,0,0
4992-41797-0007_5142-36377-0020__T1__NBASIC__4992,4992,5142,8,32.278224195636135,0.0,0.0,0.0,0.0,0.0,0.0,0.0,0.0,0,0,0,0,0,0,0,0
4992-41797-0007_5142-36377-0020__T2__NBASIC__5142,5142,4992,8,30.410060939067296,0.0,0.0,0.0,0.0,0.0,0.0,0.0,0.0,0,0,0,0,0,0,0,0
4992-41797-0008_6930-76324-0009__T1__NBASIC__4992,4992,6930,5,41.509093832944856,0.0,0.0,0.0,0.0,0.0,0.0,0.0,0.0,0,0,0,0,0,0,0,0
4992-41797-0008_6930-76324-0009__T2__NBASIC__6930,6930,4992,5,40.48660945579939,0.0,0.0,0.0,0.0,0.0,0.0,0.0,0.0,0,0,0,0,0,0,0,0
4992-41797-0009_2094-142345-0051__T1__NBASIC__4992,4992,2094,9,-15.249055604233844,1.0,0.8888888888888888,0.8888888888888888,0.8888888888888888,0.8888888888888888,0.8888888888888888,0.8888888888888888,0.8888888888888888,1,1,1,1,1,1,1,1
4992-41797-0009_2094-142345-0051__T2__NBASIC__2094,2094,4992,9,29.70022991989488,0.0,0.0,0.0,0.0,0.0,0.0,0.0,0.0,0,0,0,0,0,0,0,0
4992-41797-0013_2094-142345-0033__T1__NBASIC__4992,4992,2094,18,-21.305914236680795,1.0,0.8888888888888888,0.8888888888888888,0.9444444444444444,0.8888888888888888,0.8888888888888888,0.8888888888888888,0.8888888888888888,1,1,1,1,1,1,1,1
4992-41797-0013_2094-142345-0033__T2__NBASIC__2094,2094,4992,18,29.720725916487837,0.0,0.05555555555555555,0.0,0.0,0.0,0.0,0.0,0.0,0,0,0,0,0,0,0,0
4992-41797-0016_4446-2271-0017__T1__NBASIC__4992,4992,4446,5,17.178677997225027,0.0,0.2,0.2,0.0,0.2,0.0,0.0,0.0,1,0,0,0,1,0,0,0
4992-41797-0016_4446-2271-0017__T2__NBASIC__4446,4446,4992,5,-9.856625510414942,1.0,0.6,0.8,1.0,0.6,0.6,0.6,0.6,1,1,1,1,1,1,1,1
4992-41797-0017_8555-284447-0002__T1__NBASIC__4992,4992,8555,15,-12.421467681412887,0.8666666666666667,0.8,0.7333333333333333,0.8,0.7333333333333333,0.6,0.7333333333333333,0.6,1,1,1,1,1,1,1,1
4992-41797-0017_8555-284447-0002__T2__NBASIC__8555,8555,4992,15,-38.07253325703132,1.0,1.0,0.9333333333333333,1.0,0.9333333333333333,0.9333333333333333,0.9333333333333333,0.9333333333333333,1,1,1,1,1,1,1,1
4992-41797-0018_6930-81414-0011__T1__NBASIC__4992,4992,6930,8,36.71109333268751,0.0,0.0,0.0,0.0,0.0,0.0,0.0,0.0,0,0,0,0,0,0,0,0
4992-41797-0018_6930-81414-0011__T2__NBASIC__6930,6930,4992,8,28.348149388846448,0.0,0.0,0.0,0.0,0.0,0.0,0.0,0.0,0,0,0,0,0,0,0,0
4992-41797-0020_4970-29095-0018__T1__NBASIC__4992,4992,4970,13,-7.871469961650732,0.6923076923076923,0.6153846153846154,0.5384615384615384,0.6153846153846154,0.38461538461538464,0.38461538461538464,0.38461538461538464,0.38461538461538464,1,1,1,1,1,1,1,1
4992-41797-0020_4970-29095-0018__T2__NBASIC__4970,4970,4992,13,26.250135170868482,0.15384615384615385,0.07692307692307693,0.07692307692307693,0.07692307692307693,0.0,0.0,0.0,0.0,0,0,0,0,0,0,0,0
4992-41797-0021_5142-33396-0064__T1__NBASIC__4992,4992,5142,5,23.992387949069542,0.0,0.2,0.2,0.2,0.2,0.0,0.2,0.0,1,0,1,0,1,0,1,0
4992-41797-0021_5142-33396-0064__T2__NBASIC__5142,5142,4992,5,26.768122530883886,0.0,0.0,0.0,0.0,0.0,0.0,0.0,0.0,0,0,0,0,0,0,0,0
4992-41797-0022_3729-6852-0000__T1__NBASIC__4992,4992,3729,11,34.317520628875215,0.0,0.0,0.0,0.0,0.0,0.0,0.0,0.0,0,0,0,0,0,0,0,0
4992-41797-0022_3729-6852-0000__T2__NBASIC__3729,3729,4992,11,33.61423223627804,0.0,0.0,0.0,0.0,0.0,0.0,0.0,0.0,0,0,0,0,0,0,0,0
4992-41806-0001_7127-75947-0028__T1__NBASIC__4992,4992,7127,13,36.18178085822666,0.0,0.0,0.0,0.0,0.0,0.0,0.0,0.0,0,0,0,0,0,0,0,0
4992-41806-0001_7127-75947-0028__T2__NBASIC__7127,7127,4992,13,38.14375322077331,0.0,0.07692307692307693,0.0,0.0,0.0,0.0,0.0,0.0,0,0,0,0,0,0,0,0
4992-41806-0003_5683-32879-0016__T1__NBASIC__4992,4992,5683,17,34.626770854749054,0.0,0.0,0.0,0.0,0.0,0.0,0.0,0.0,0,0,0,0,0,0,0,0
4992-41806-0003_5683-32879-0016__T2__NBASIC__5683,5683,4992,17,37.708364942724835,0.0,0.0,0.0,0.0,0.0,0.0,0.0,0.0,0,0,0,0,0,0,0,0
4992-41806-0005_8463-294828-0035__T1__NBASIC__4992,4992,8463,6,31.023944478995155,0.0,0.0,0.0,0.0,0.0,0.0,0.0,0.0,0,0,0,0,0,0,0,0
4992-41806-0005_8463-294828-0035__T2__NBASIC__8463,8463,4992,6,24.08934330391481,0.0,0.0,0.0,0.0,0.0,0.0,0.0,0.0,0,0,0,0,0,0,0,0
4992-41806-0008_6930-75918-0015__T1__NBASIC__4992,4992,6930,11,36.39105660588842,0.0,0.0,0.0,0.0,0.0,0.0,0.0,0.0,0,0,0,0,0,0,0,0
4992-41806-0008_6930-75918-0015__T2__NBASIC__6930,6930,4992,11,43.18745269942887,0.0,0.0,0.0,0.0,0.0,0.0,0.0,0.0,0,0,0,0,0,0,0,0
4992-41806-0009_3570-5696-0001__T1__NBASIC__4992,4992,3570,7,24.741752113066777,0.0,0.0,0.0,0.0,0.0,0.0,0.0,0.0,0,0,0,0,0,0,0,0
4992-41806-0009_3570-5696-0001__T2__NBASIC__3570,3570,4992,7,22.997224327834832,0.0,0.0,0.0,0.0,0.0,0.0,0.0,0.0,0,0,0,0,0,0,0,0
4992-41806-0013_672-122797-0021__T1__NBASIC__4992,4992,672,7,39.7711498574208,0.0,0.0,0.0,0.0,0.0,0.0,0.0,0.0,0,0,0,0,0,0,0,0
4992-41806-0013_672-122797-0021__T2__NBASIC__672,672,4992,7,37.97631634898321,0.0,0.0,0.0,0.0,0.0,0.0,0.0,0.0,0,0,0,0,0,0,0,0
4992-41806-0014_1580-141083-0004__T1__NBASIC__4992,4992,1580,8,33.45495760010304,0.0,0.0,0.0,0.0,0.0,0.0,0.0,0.0,0,0,0,0,0,0,0,0
4992-41806-0014_1580-141083-0004__T2__NBASIC__1580,1580,4992,8,14.940440330416907,0.0,0.125,0.125,0.25,0.0,0.0,0.0,0.0,0,0,0,0,0,0,0,0
4992-41806-0015_260-123440-0020__T1__NBASIC__4992,4992,260,8,18.779434139361324,0.0,0.0,0.125,0.125,0.0,0.0,0.0,0.0,0,0,0,0,0,0,0,0
4992-41806-0015_260-123440-0020__T2__NBASIC__260,260,4992,8,14.63908163443748,0.0,0.25,0.25,0.375,0.125,0.0,0.125,0.0,1,0,1,0,0,0,0,0
4992-41806-0016_8230-279154-0023__T1__NBASIC__4992,4992,8230,11,43.92122640174281,0.0,0.0,0.0,0.0,0.0,0.0,0.0,0.0,0,0,0,0,0,0,0,0
4992-41806-0016_8230-279154-0023__T2__NBASIC__8230,8230,4992,11,37.83272471477694,0.0,0.0,0.0,0.0,0.0,0.0,0.0,0.0,0,0,0,0,0,0,0,0
5105-28233-0000_1221-135767-0018__T1__NBASIC__5105,5105,1221,8,33.89716856923857,0.0,0.0,0.0,0.0,0.0,0.0,0.0,0.0,0,0,0,0,0,0,0,0
5105-28233-0000_1221-135767-0018__T2__NBASIC__1221,1221,5105,8,24.002016803053436,0.0,0.0,0.0,0.125,0.0,0.0,0.0,0.0,0,0,0,0,0,0,0,0
5105-28233-0002_1089-134686-0021__T1__NBASIC__5105,5105,1089,12,24.55186803753999,0.0,0.0,0.0,0.0,0.0,0.0,0.0,0.0,0,0,0,0,0,0,0,0
5105-28233-0002_1089-134686-0021__T2__NBASIC__1089,1089,5105,12,28.665644595423508,0.0,0.0,0.0,0.0,0.0,0.0,0.0,0.0,0,0,0,0,0,0,0,0
5105-28233-0005_4446-2275-0013__T1__NBASIC__5105,5105,4446,6,33.39445784474363,0.0,0.0,0.0,0.0,0.0,0.0,0.0,0.0,0,0,0,0,0,0,0,0
5105-28233-0005_4446-2275-0013__T2__NBASIC__4446,4446,5105,6,17.40518373511688,0.0,0.16666666666666666,0.16666666666666666,0.16666666666666666,0.16666666666666666,0.0,0.16666666666666666,0.0,1,0,1,0,0,0,0,0
5105-28233-0006_7021-85628-0012__T1__NBASIC__5105,5105,7021,9,39.34232123185476,0.0,0.0,0.0,0.0,0.0,0.0,0.0,0.0,0,0,0,0,0,0,0,0
5105-28233-0006_7021-85628-0012__T2__NBASIC__7021,7021,5105,9,33.92527351796312,0.0,0.0,0.0,0.0,0.0,0.0,0.0,0.0,0,0,0,0,0,0,0,0
5105-28240-0003_1995-1826-0026__T1__NBASIC__5105,5105,1995,9,42.61517937018146,0.0,0.0,0.0,0.0,0.0,0.0,0.0,0.0,0,0,0,0,0,0,0,0
5105-28240-0003_1995-1826-0026__T2__NBASIC__1995,1995,5105,9,48.18650893581353,0.0,0.0,0.0,0.0,0.0,0.0,0.0,0.0,0,0,0,0,0,0,0,0
5105-28240-0004_2961-960-0021__T1__NBASIC__5105,5105,2961,11,26.87598051784664,0.0,0.0,0.0,0.0,0.0,0.0,0.0,0.0,0,0,0,0,0,0,0,0
5105-28240-0004_2961-960-0021__T2__NBASIC__2961,2961,5105,11,46.11554097240449,0.0,0.0,0.0,0.0,0.0,0.0,0.0,0.0,0,0,0,0,0,0,0,0
5105-28240-0005_6829-68769-0010__T1__NBASIC__5105,5105,6829,5,28.687840498448388,0.0,0.0,0.0,0.0,0.0,0.0,0.0,0.0,0,0,0,0,0,0,0,0
5105-28240-0005_6829-68769-0010__T2__NBASIC__6829,6829,5105,5,32.872437873994535,0.0,0.0,0.0,0.0,0.0,0.0,0.0,0.0,0,0,0,0,0,0,0,0
5105-28240-0006_2830-3979-0006__T1__NBASIC__5105,5105,2830,8,21.86503965695384,0.0,0.25,0.0,0.0,0.0,0.0,0.0,0.0,0,0,0,0,0,0,0,0
5105-28240-0006_2830-3979-0006__T2__NBASIC__2830,2830,5105,8,26.045346975744074,0.0,0.125,0.125,0.0,0.125,0.0,0.0,0.0,1,0,0,0,0,0,0,0
5105-28240-0007_61-70970-0035__T1__NBASIC__5105,5105,61,8,24.80230260131102,0.0,0.0,0.0,0.0,0.0,0.0,0.0,0.0,0,0,0,0,0,0,0,0
5105-28240-0007_61-70970-0035__T2__NBASIC__61,61,5105,8,31.235296465416745,0.0,0.0,0.0,0.0,0.0,0.0,0.0,0.0,0,0,0,0,0,0,0,0
5105-28240-0017_6930-81414-0015__T1__NBASIC__5105,5105,6930,6,-6.3511068747306085,0.8333333333333334,0.6666666666666666,0.8333333333333334,1.0,0.6666666666666666,0.6666666666666666,0.6666666666666666,0.6666666666666666,1,1,1,1,1,1,1,1
5105-28240-0017_6930-81414-0015__T2__NBASIC__6930,6930,5105,6,28.35522007005461,0.0,0.0,0.0,0.0,0.0,0.0,0.0,0.0,0,0,0,0,0,0,0,0
5105-28240-0019_1284-1181-0020__T1__NBASIC__5105,5105,1284,11,17.549259686037168,0.0,0.09090909090909091,0.2727272727272727,0.0,0.09090909090909091,0.0,0.0,0.0,1,0,0,0,0,0,0,0
5105-28240-0019_1284-1181-0020__T2__NBASIC__1284,1284,5105,11,24.9389806307721,0.0,0.0,0.09090909090909091,0.0,0.0,0.0,0.0,0.0,0,0,0,0,0,0,0,0
5105-28240-0022_4446-2275-0021__T1__NBASIC__5105,5105,4446,8,29.452383775866736,0.0,0.0,0.0,0.0,0.0,0.0,0.0,0.0,0,0,0,0,0,0,0,0
5105-28240-0022_4446-2275-0021__T2__NBASIC__4446,4446,5105,8,23.57920333715709,0.0,0.0,0.25,0.0,0.0,0.0,0.0,0.0,0,0,0,0,0,0,0,0
5105-28240-0024_8230-279154-0014__T1__NBASIC__5105,5105,8230,14,28.637370572607683,0.0,0.0,0.0,0.0,0.0,0.0,0.0,0.0,0,0,0,0,0,0,0,0
5105-28240-0024_8230-279154-0014__T2__NBASIC__8230,8230,5105,14,32.93498932451819,0.0,0.07142857142857142,0.07142857142857142,0.07142857142857142,0.07142857142857142,0.0,0.07142857142857142,0.0,1,0,1,0,0,0,0,0
5105-28241-0006_8463-294828-0019__T1__NBASIC__5105,5105,8463,8,31.75854537220964,0.0,0.0,0.0,0.0,0.0,0.0,0.0,0.0,0,0,0,0,0,0,0,0
5105-28241-0006_8463-294828-0019__T2__NBASIC__8463,8463,5105,8,30.990219355314984,0.0,0.0,0.0,0.0,0.0,0.0,0.0,0.0,0,0,0,0,0,0,0,0
5105-28241-0008_1284-1180-0004__T1__NBASIC__5105,5105,1284,7,25.3113142704553,0.0,0.0,0.0,0.0,0.0,0.0,0.0,0.0,0,0,0,0,0,0,0,0
5105-28241-0008_1284-1180-0004__T2__NBASIC__1284,1284,5105,7,25.874785152136493,0.0,0.0,0.0,0.0,0.0,0.0,0.0,0.0,0,0,0,0,0,0,0,0
5105-28241-0011_3575-170457-0024__T1__NBASIC__5105,5105,3575,23,38.31373281076358,0.0,0.0,0.0,0.0,0.0,0.0,0.0,0.0,0,0,0,0,0,0,0,0
5105-28241-0011_3575-170457-0024__T2__NBASIC__3575,3575,5105,23,36.40236754068398,0.0,0.0,0.043478260869565216,0.043478260869565216,0.0,0.0,0.0,0.0,0,0,0,0,0,0,0,0
5105-28241-0011_4446-2273-0004__T1__NBASIC__5105,5105,4446,9,46.009013820234266,0.0,0.0,0.0,0.0,0.0,0.0,0.0,0.0,0,0,0,0,0,0,0,0
5105-28241-0011_4446-2273-0004__T2__NBASIC__4446,4446,5105,9,28.505558171127635,0.0,0.0,0.0,0.0,0.0,0.0,0.0,0.0,0,0,0,0,0,0,0,0
5105-28241-0012_5683-32865-0016__T1__NBASIC__5105,5105,5683,5,19.94257996621846,0.0,0.0,0.2,0.0,0.0,0.0,0.0,0.0,0,0,0,0,0,0,0,0
5105-28241-0012_5683-32865-0016__T2__NBASIC__5683,5683,5105,5,10.039980223847673,0.0,0.4,0.0,0.2,0.0,0.0,0.0,0.0,0,0,0,0,0,0,0,0
5105-28241-0018_1320-122617-0009__T1__NBASIC__5105,5105,1320,14,34.87379967969684,0.0,0.0,0.0,0.0,0.0,0.0,0.0,0.0,0,0,0,0,0,0,0,0
5105-28241-0018_1320-122617-0009__T2__NBASIC__1320,1320,5105,14,37.05349607124457,0.0,0.0,0.0,0.0,0.0,0.0,0.0,0.0,0,0,0,0,0,0,0,0
5105-28241-0019_2830-3980-0013__T1__NBASIC__5105,5105,2830,7,26.962965384889817,0.0,0.0,0.0,0.0,0.0,0.0,0.0,0.0,0,0,0,0,0,0,0,0
5105-28241-0019_2830-3980-0013__T2__NBASIC__2830,2830,5105,7,34.990723727091606,0.0,0.0,0.0,0.0,0.0,0.0,0.0,0.0,0,0,0,0,0,0,0,0
5142-33396-0009_2961-961-0021__T1__NBASIC__5142,5142,2961,5,5.485933606547769,0.2,0.2,0.0,0.0,0.0,0.0,0.0,0.0,0,0,0,0,0,0,0,0
5142-33396-0009_2961-961-0021__T2__NBASIC__2961,2961,5142,5,25.727471514507727,0.0,0.0,0.0,0.0,0.0,0.0,0.0,0.0,0,0,0,0,0,0,0,0
5142-33396-0010_8555-292519-0012__T1__NBASIC__5142,5142,8555,5,40.727267100733954,0.0,0.0,0.0,0.0,0.0,0.0,0.0,0.0,0,0,0,0,0,0,0,0
5142-33396-0010_8555-292519-0012__T2__NBASIC__8555,8555,5142,5,34.71211220687334,0.0,0.0,0.0,0.0,0.0,0.0,0.0,0.0,0,0,0,0,0,0,0,0
5142-33396-0011_260-123288-0006__T1__NBASIC__5142,5142,260,6,27.96722151274513,0.0,0.0,0.0,0.0,0.0,0.0,0.0,0.0,0,0,0,0,0,0,0,0
5142-33396-0011_260-123288-0006__T2__NBASIC__260,260,5142,6,34.15208033946551,0.0,0.0,0.0,0.0,0.0,0.0,0.0,0.0,0,0,0,0,0,0,0,0
5142-33396-0018_2094-142345-0043__T1__NBASIC__5142,5142,2094,6,32.22530849318414,0.0,0.0,0.0,0.0,0.0,0.0,0.0,0.0,0,0,0,0,0,0,0,0
5142-33396-0018_2094-142345-0043__T2__NBASIC__2094,2094,5142,6,28.627536376489488,0.0,0.0,0.0,0.0,0.0,0.0,0.0,0.0,0,0,0,0,0,0,0,0
5142-33396-0026_4507-16021-0043__T1__NBASIC__5142,5142,4507,5,38.538476096437684,0.0,0.0,0.0,0.0,0.0,0.0,0.0,0.0,0,0,0,0,0,0,0,0
5142-33396-0026_4507-16021-0043__T2__NBASIC__4507,4507,5142,5,33.95335118932023,0.0,0.0,0.0,0.0,0.0,0.0,0.0,0.0,0,0,0,0,0,0,0,0
5142-33396-0028_5105-28233-0009__T1__NBASIC__5142,5142,5105,6,31.909555275907216,0.0,0.0,0.0,0.0,0.0,0.0,0.0,0.0,0,0,0,0,0,0,0,0
5142-33396-0028_5105-28233-0009__T2__NBASIC__5105,5105,5142,6,32.48788680167212,0.0,0.0,0.0,0.0,0.0,0.0,0.0,0.0,0,0,0,0,0,0,0,0
5142-33396-0033_1320-122612-0016__T1__NBASIC__5142,5142,1320,5,34.23045327552094,0.0,0.0,0.0,0.0,0.0,0.0,0.0,0.0,0,0,0,0,0,0,0,0
5142-33396-0033_1320-122612-0016__T2__NBASIC__1320,1320,5142,5,34.86000791482919,0.0,0.0,0.0,0.0,0.0,0.0,0.0,0.0,0,0,0,0,0,0,0,0
5142-33396-0034_7021-85628-0006__T1__NBASIC__5142,5142,7021,6,36.270954724511505,0.0,0.0,0.0,0.0,0.0,0.0,0.0,0.0,0,0,0,0,0,0,0,0
5142-33396-0034_7021-85628-0006__T2__NBASIC__7021,7021,5142,6,37.92181101053408,0.0,0.0,0.0,0.0,0.0,0.0,0.0,0.0,0,0,0,0,0,0,0,0
5142-33396-0036_7127-75946-0011__T1__NBASIC__5142,5142,7127,5,22.864144160969413,0.0,0.0,0.0,0.2,0.0,0.0,0.0,0.0,0,0,0,0,0,0,0,0
5142-33396-0036_7127-75946-0011__T2__NBASIC__7127,7127,5142,5,35.83664255999381,0.0,0.0,0.0,0.0,0.0,0.0,0.0,0.0,0,0,0,0,0,0,0,0
5142-33396-0049_1089-134691-0022__T1__NBASIC__5142,5142,1089,5,37.33633133499236,0.0,0.0,0.0,0.0,0.0,0.0,0.0,0.0,0,0,0,0,0,0,0,0
5142-33396-0049_1089-134691-0022__T2__NBASIC__1089,1089,5142,5,37.611152552397755,0.0,0.0,0.0,0.0,0.0,0.0,0.0,0.0,0,0,0,0,0,0,0,0
5142-33396-0057_7729-102255-0010__T1__NBASIC__5142,5142,7729,5,28.695620304123857,0.0,0.0,0.0,0.0,0.0,0.0,0.0,0.0,0,0,0,0,0,0,0,0
5142-33396-0057_7729-102255-0010__T2__NBASIC__7729,7729,5142,5,33.68692777055505,0.0,0.0,0.0,0.0,0.0,0.0,0.0,0.0,0,0,0,0,0,0,0,0
5142-33396-0059_237-134500-0027__T1__NBASIC__5142,5142,237,5,16.858311468320377,0.2,0.4,0.2,0.4,0.2,0.0,0.2,0.0,1,0,1,0,1,0,1,0
5142-33396-0059_237-134500-0027__T2__NBASIC__237,237,5142,5,26.068453475752523,0.0,0.0,0.0,0.0,0.0,0.0,0.0,0.0,0,0,0,0,0,0,0,0
5142-36377-0001_1221-135767-0007__T1__NBASIC__5142,5142,1221,9,19.368127177454326,0.0,0.1111111111111111,0.0,0.0,0.0,0.0,0.0,0.0,0,0,0,0,0,0,0,0
5142-36377-0001_1221-135767-0007__T2__NBASIC__1221,1221,5142,9,11.807469564797199,0.0,0.1111111111111111,0.2222222222222222,0.2222222222222222,0.1111111111111111,0.0,0.1111111111111111,0.0,1,0,1,0,0,0,0,0
5142-36377-0004_61-70968-0055__T1__NBASIC__5142,5142,61,6,35.60565251674224,0.0,0.0,0.0,0.0,0.0,0.0,0.0,0.0,0,0,0,0,0,0,0,0
5142-36377-0004_61-70968-0055__T2__NBASIC__61,61,5142,6,37.29725404192139,0.0,0.0,0.0,0.0,0.0,0.0,0.0,0.0,0,0,0,0,0,0,0,0
5142-36377-0005_1221-135767-0022__T1__NBASIC__5142,5142,1221,13,33.60065314450419,0.0,0.0,0.0,0.0,0.0,0.0,0.0,0.0,0,0,0,0,0,0,0,0
5142-36377-0005_1221-135767-0022__T2__NBASIC__1221,1221,5142,13,11.905595887324445,0.15384615384615385,0.23076923076923078,0.23076923076923078,0.38461538461538464,0.15384615384615385,0.07692307692307693,0.15384615384615385,0.07692307692307693,1,1,1,1,0,0,0,0
5142-36377-0006_8463-294828-0010__T1__NBASIC__5142,5142,8463,8,31.13113813259322,0.0,0.0,0.0,0.0,0.0,0.0,0.0,0.0,0,0,0,0,0,0,0,0
5142-36377-0006_8463-294828-0010__T2__NBASIC__8463,8463,5142,8,-25.847886181639403,1.0,0.875,1.0,1.0,0.875,0.875,0.875,0.875,1,1,1,1,1,1,1,1
5142-36377-0010_5105-28241-0003__T1__NBASIC__5142,5142,5105,6,20.693515839582616,0.0,0.0,0.0,0.0,0.0,0.0,0.0,0.0,0,0,0,0,0,0,0,0
5142-36377-0010_5105-28241-0003__T2__NBASIC__5105,5105,5142,6,25.24511150674583,0.0,0.0,0.0,0.0,0.0,0.0,0.0,0.0,0,0,0,0,0,0,0,0
5142-36377-0013_3729-6852-0040__T1__NBASIC__5142,5142,3729,12,30.520878601826436,0.0,0.0,0.0,0.0,0.0,0.0,0.0,0.0,0,0,0,0,0,0,0,0
5142-36377-0013_3729-6852-0040__T2__NBASIC__3729,3729,5142,12,34.4441182515736,0.0,0.0,0.0,0.0,0.0,0.0,0.0,0.0,0,0,0,0,0,0,0,0
5142-36377-0018_4970-29093-0010__T1__NBASIC__5142,5142,4970,8,11.717731525223536,0.125,0.0,0.25,0.375,0.0,0.0,0.0,0.0,0,0,0,0,0,0,0,0
5142-36377-0018_4970-29093-0010__T2__NBASIC__4970,4970,5142,8,21.117829408137183,0.0,0.25,0.375,0.25,0.25,0.0,0.125,0.0,1,0,1,0,1,0,0,0
5142-36377-0022_4992-41797-0015__T1__NBASIC__5142,5142,4992,16,23.804541776808364,0.0,0.0,0.0,0.0,0.0,0.0,0.0,0.0,0,0,0,0,0,0,0,0
5142-36377-0022_4992-41797-0015__T2__NBASIC__4992,4992,5142,16,27.470969337650047,0.0,0.1875,0.0625,0.0,0.0625,0.0,0.0,0.0,1,0,0,0,0,0,0,0
5142-36377-0023_1580-141084-0023__T1__NBASIC__5142,5142,1580,10,15.405044559168717,0.0,0.1,0.1,0.0,0.0,0.0,0.0,0.0,0,0,0,0,0,0,0,0
5142-36377-0023_1580-141084-0023__T2__NBASIC__1580,1580,5142,10,23.53756804138264,0.0,0.0,0.0,0.0,0.0,0.0,0.0,0.0,0,0,0,0,0,0,0,0
5142-36377-0024_6930-81414-0026__T1__NBASIC__5142,5142,6930,5,6.787501807842272,0.2,0.6,0.6,0.6,0.6,0.2,0.6,0.2,1,1,1,1,1,1,1,1
5142-36377-0024_6930-81414-0026__T2__NBASIC__6930,6930,5142,5,24.216270661083026,0.0,0.0,0.0,0.0,0.0,0.0,0.0,0.0,0,0,0,0,0,0,0,0
5142-36377-0025_1995-1836-0007__T1__NBASIC__5142,5142,1995,5,32.41166786114138,0.0,0.0,0.0,0.0,0.0,0.0,0.0,0.0,0,0,0,0,0,0,0,0
5142-36377-0025_1995-1836-0007__T2__NBASIC__1995,1995,5142,5,42.03384600954395,0.0,0.2,0.0,0.0,0.0,0.0,0.0,0.0,0,0,0,0,0,0,0,0
5142-36586-0003_5683-32879-0017__T1__NBASIC__5142,5142,5683,9,30.796729347867487,0.0,0.0,0.0,0.0,0.0,0.0,0.0,0.0,0,0,0,0,0,0,0,0
5142-36586-0003_5683-32879-0017__T2__NBASIC__5683,5683,5142,9,29.724529906028266,0.0,0.0,0.0,0.0,0.0,0.0,0.0,0.0,0,0,0,0,0,0,0,0
5142-36586-0004_8230-279154-0040__T1__NBASIC__5142,5142,8230,6,33.03624286638394,0.0,0.0,0.0,0.0,0.0,0.0,0.0,0.0,0,0,0,0,0,0,0,0
5142-36586-0004_8230-279154-0040__T2__NBASIC__8230,8230,5142,6,51.976287103612464,0.0,0.0,0.0,0.0,0.0,0.0,0.0,0.0,0,0,0,0,0,0,0,0
5639-40744-0004_260-123286-0026__T1__NBASIC__5639,5639,260,12,20.82875723945037,0.0,0.16666666666666666,0.08333333333333333,0.08333333333333333,0.08333333333333333,0.0,0.08333333333333333,0.0,1,0,1,0,0,0,0,0
5639-40744-0004_260-123286-0026__T2__NBASIC__260,260,5639,12,26.39309253632011,0.0,0.08333333333333333,0.08333333333333333,0.0,0.08333333333333333,0.0,0.0,0.0,1,0,0,0,0,0,0,0
5639-40744-0006_672-122797-0026__T1__NBASIC__5639,5639,672,15,28.862806077032957,0.0,0.13333333333333333,0.06666666666666667,0.06666666666666667,0.06666666666666667,0.0,0.06666666666666667,0.0,1,0,1,0,0,0,0,0
5639-40744-0006_672-122797-0026__T2__NBASIC__672,672,5639,15,-23.3271299968565,0.9333333333333333,0.8666666666666667,0.8666666666666667,0.8,0.8,0.8,0.8,0.8,1,1,1,1,1,1,1,1
5639-40744-0012_5683-32879-0021__T1__NBASIC__5639,5639,5683,7,50.39154292592271,0.0,0.0,0.0,0.0,0.0,0.0,0.0,0.0,0,0,0,0,0,0,0,0
5639-40744-0012_5683-32879-0021__T2__NBASIC__5683,5683,5639,7,46.94362747015688,0.0,0.0,0.0,0.0,0.0,0.0,0.0,0.0,0,0,0,0,0,0,0,0
5639-40744-0013_3570-5695-0014__T1__NBASIC__5639,5639,3570,12,41.83977700931504,0.0,0.0,0.0,0.0,0.0,0.0,0.0,0.0,0,0,0,0,0,0,0,0
5639-40744-0013_3570-5695-0014__T2__NBASIC__3570,3570,5639,12,40.022885127195394,0.0,0.0,0.0,0.0,0.0,0.0,0.0,0.0,0,0,0,0,0,0,0,0
5639-40744-0014_1995-1837-0018__T1__NBASIC__5639,5639,1995,14,37.561497797575,0.0,0.0,0.0,0.0,0.0,0.0,0.0,0.0,0,0,0,0,0,0,0,0
5639-40744-0014_1995-1837-0018__T2__NBASIC__1995,1995,5639,14,38.67364202681053,0.0,0.0,0.0,0.0,0.0,0.0,0.0,0.0,0,0,0,0,0,0,0,0
5639-40744-0015_5683-32866-0017__T1__NBASIC__5639,5639,5683,8,45.932630378215364,0.0,0.0,0.0,0.0,0.0,0.0,0.0,0.0,0,0,0,0,0,0,0,0
5639-40744-0015_5683-32866-0017__T2__NBASIC__5683,5683,5639,8,40.66949173629551,0.0,0.0,0.0,0.0,0.0,0.0,0.0,0.0,0,0,0,0,0,0,0,0
5639-40744-0016_2830-3980-0006__T1__NBASIC__5639,5639,2830,11,27.326851189849457,0.0,0.0,0.0,0.0,0.0,0.0,0.0,0.0,0,0,0,0,0,0,0,0
5639-40744-0016_2830-3980-0006__T2__NBASIC__2830,2830,5639,11,23.257303140061214,0.0,0.0,0.0,0.0,0.0,0.0,0.0,0.0,0,0,0,0,0,0,0,0
5639-40744-0020_7021-79740-0001__T1__NBASIC__5639,5639,7021,10,16.799829777998934,0.0,0.1,0.0,0.1,0.0,0.0,0.0,0.0,0,0,0,0,0,0,0,0
5639-40744-0020_7021-79740-0001__T2__NBASIC__7021,7021,5639,10,18.821122244129963,0.0,0.5,0.3,0.2,0.3,0.0,0.2,0.0,1,0,1,0,1,0,1,0
5639-40744-0023_672-122797-0016__T1__NBASIC__5639,5639,672,17,38.349635691411976,0.0,0.058823529411764705,0.058823529411764705,0.0,0.058823529411764705,0.0,0.0,0.0,1,0,0,0,0,0,0,0
5639-40744-0023_672-122797-0016__T2__NBASIC__672,672,5639,17,-35.68750323053078,1.0,0.9411764705882353,0.9411764705882353,0.9411764705882353,0.9411764705882353,0.9411764705882353,0.9411764705882353,0.9411764705882353,1,1,1,1,1,1,1,1
5639-40744-0029_1221-135766-0010__T1__NBASIC__5639,5639,1221,13,38.994237371920356,0.0,0.0,0.0,0.0,0.0,0.0,0.0,0.0,0,0,0,0,0,0,0,0
5639-40744-0029_1221-135766-0010__T2__NBASIC__1221,1221,5639,13,37.71673874547032,0.0,0.0,0.0,0.0,0.0,0.0,0.0,0.0,0,0,0,0,0,0,0,0
5639-40744-0033_4446-2273-0035__T1__NBASIC__5639,5639,4446,11,32.629693660794686,0.0,0.09090909090909091,0.09090909090909091,0.0,0.09090909090909091,0.0,0.0,0.0,1,0,0,0,0,0,0,0
5639-40744-0033_4446-2273-0035__T2__NBASIC__4446,4446,5639,11,39.03721226928383,0.0,0.0,0.0,0.0,0.0,0.0,0.0,0.0,0,0,0,0,0,0,0,0
5639-40744-0034_4507-16021-0058__T1__NBASIC__5639,5639,4507,5,43.60765396312945,0.0,0.0,0.0,0.0,0.0,0.0,0.0,0.0,0,0,0,0,0,0,0,0
5639-40744-0034_4507-16021-0058__T2__NBASIC__4507,4507,5639,5,43.43968790898382,0.0,0.0,0.0,0.0,0.0,0.0,0.0,0.0,0,0,0,0,0,0,0,0
5639-40744-0036_8224-274381-0003__T1__NBASIC__5639,5639,8224,22,27.536148937450395,0.0,0.13636363636363635,0.045454545454545456,0.09090909090909091,0.045454545454545456,0.0,0.045454545454545456,0.0,1,0,1,0,0,0,0,0
5639-40744-0036_8224-274381-0003__T2__NBASIC__8224,8224,5639,22,34.83453805710505,0.0,0.0,0.0,0.0,0.0,0.0,0.0,0.0,0,0,0,0,0,0,0,0
5639-40744-0039_6930-81414-0009__T1__NBASIC__5639,5639,6930,22,42.54140166060619,0.0,0.0,0.0,0.0,0.0,0.0,0.0,0.0,0,0,0,0,0,0,0,0
5639-40744-0039_6930-81414-0009__T2__NBASIC__6930,6930,5639,22,38.487400961714364,0.0,0.0,0.0,0.0,0.0,0.0,0.0,0.0,0,0,0,0,0,0,0,0
5639-40744-0040_908-31957-0024__T1__NBASIC__5639,5639,908,14,25.031232599011435,0.0,0.0,0.0,0.0,0.0,0.0,0.0,0.0,0,0,0,0,0,0,0,0
5639-40744-0040_908-31957-0024__T2__NBASIC__908,908,5639,14,26.763893065184927,0.0,0.07142857142857142,0.0,0.07142857142857142,0.0,0.0,0.0,0.0,0,0,0,0,0,0,0,0
5683-32865-0003_2961-961-0018__T1__NBASIC__5683,5683,2961,6,-4.175776067302965,0.8333333333333334,0.6666666666666666,0.6666666666666666,0.5,0.6666666666666666,0.6666666666666666,0.5,0.5,1,1,1,1,1,1,1,1
5683-32865-0003_2961-961-0018__T2__NBASIC__2961,2961,5683,6,22.50741313006943,0.0,0.0,0.0,0.0,0.0,0.0,0.0,0.0,0,0,0,0,0,0,0,0
5683-32865-0006_908-157963-0020__T1__NBASIC__5683,5683,908,5,32.10208875817858,0.0,0.0,0.0,0.0,0.0,0.0,0.0,0.0,0,0,0,0,0,0,0,0
5683-32865-0006_908-157963-0020__T2__NBASIC__908,908,5683,5,38.59959999745401,0.0,0.0,0.0,0.0,0.0,0.0,0.0,0.0,0,0,0,0,0,0,0,0
5683-32865-0007_7176-88083-0011__T1__NBASIC__5683,5683,7176,11,32.90199809471848,0.0,0.0,0.0,0.0,0.0,0.0,0.0,0.0,0,0,0,0,0,0,0,0
5683-32865-0007_7176-88083-0011__T2__NBASIC__7176,7176,5683,11,34.04982574565827,0.0,0.0,0.0,0.0,0.0,0.0,0.0,0.0,0,0,0,0,0,0,0,0
5683-32865-0009_6829-68769-0016__T1__NBASIC__5683,5683,6829,7,12.10568759685391,0.14285714285714285,0.2857142857142857,0.2857142857142857,0.2857142857142857,0.2857142857142857,0.14285714285714285,0.2857142857142857,0.14285714285714285,1,1,1,1,1,0,1,0
5683-32865-0009_6829-68769-0016__T2__NBASIC__6829,6829,5683,7,0.24638889782236437,0.5714285714285714,0.7142857142857143,0.8571428571428571,0.7142857142857143,0.7142857142857143,0.42857142857142855,0.7142857142857143,0.42857142857142855,1,1,1,1,1,1,1,1
5683-32865-0011_4970-29095-0035__T1__NBASIC__5683,5683,4970,8,-23.137126119260763,1.0,0.875,1.0,0.875,0.875,0.875,0.875,0.875,1,1,1,1,1,1,1,1
5683-32865-0011_4970-29095-0035__T2__NBASIC__4970,4970,5683,8,26.513889246461545,0.0,0.125,0.0,0.125,0.0,0.0,0.0,0.0,0,0,0,0,0,0,0,0
5683-32865-0013_3570-5694-0001__T1__NBASIC__5683,5683,3570,9,42.31331546336847,0.0,0.0,0.0,0.0,0.0,0.0,0.0,0.0,0,0,0,0,0,0,0,0
5683-32865-0013_3570-5694-0001__T2__NBASIC__3570,3570,5683,9,41.97490857629366,0.0,0.0,0.0,0.0,0.0,0.0,0.0,0.0,0,0,0,0,0,0,0,0
5683-32866-0004_237-134500-0021__T1__NBASIC__5683,5683,237,9,9.892840446342502,0.2222222222222222,0.3333333333333333,0.3333333333333333,0.3333333333333333,0.2222222222222222,0.1111111111111111,0.2222222222222222,0.1111111111111111,1,1,1,1,1,0,1,0
5683-32866-0004_237-134500-0021__T2__NBASIC__237,237,5683,9,11.872058660572886,0.1111111111111111,0.2222222222222222,0.2222222222222222,0.4444444444444444,0.1111111111111111,0.1111111111111111,0.1111111111111111,0.1111111111111111,1,1,1,1,0,0,0,0
5683-32866-0006_8463-294828-0027__T1__NBASIC__5683,5683,8463,7,42.26813400646684,0.0,0.0,0.0,0.0,0.0,0.0,0.0,0.0,0,0,0,0,0,0,0,0
5683-32866-0006_8463-294828-0027__T2__NBASIC__8463,8463,5683,7,35.43827838194755,0.0,0.0,0.0,0.0,0.0,0.0,0.0,0.0,0,0,0,0,0,0,0,0
5683-32866-0009_6829-68769-0020__T1__NBASIC__5683,5683,6829,9,36.94292812010102,0.0,0.0,0.1111111111111111,0.0,0.0,0.0,0.0,0.0,0,0,0,0,0,0,0,0
5683-32866-0009_6829-68769-0020__T2__NBASIC__6829,6829,5683,9,33.699657879335675,0.0,0.0,0.0,0.0,0.0,0.0,0.0,0.0,0,0,0,0,0,0,0,0
5683-32866-0010_7127-75946-0004__T1__NBASIC__5683,5683,7127,7,38.40879550499331,0.0,0.0,0.0,0.0,0.0,0.0,0.0,0.0,0,0,0,0,0,0,0,0
5683-32866-0010_7127-75946-0004__T2__NBASIC__7127,7127,5683,7,21.074647952953388,0.0,0.0,0.14285714285714285,0.0,0.0,0.0,0.0,0.0,0,0,0,0,0,0,0,0
5683-32866-0011_3575-170457-0034__T1__NBASIC__5683,5683,3575,5,-7.766715366052551,1.0,1.0,1.0,0.8,1.0,1.0,0.8,0.8,1,1,1,1,1,1,1,1
5683-32866-0011_3575-170457-0034__T2__NBASIC__3575,3575,5683,5,22.300730818906786,0.0,0.2,0.0,0.0,0.0,0.0,0.0,0.0,0,0,0,0,0,0,0,0
5683-32866-0012_121-121726-0001__T1__NBASIC__5683,5683,121,9,26.69404619675149,0.0,0.1111111111111111,0.1111111111111111,0.0,0.1111111111111111,0.0,0.0,0.0,1,0,0,0,0,0,0,0
5683-32866-0012_121-121726-0001__T2__NBASIC__121,121,5683,9,35.25075829202715,0.0,0.2222222222222222,0.2222222222222222,0.0,0.2222222222222222,0.0,0.0,0.0,1,0,0,0,1,0,0,0
5683-32866-0013_6829-68771-0005__T1__NBASIC__5683,5683,6829,11,27.47132957129628,0.0,0.0,0.0,0.0,0.0,0.0,0.0,0.0,0,0,0,0,0,0,0,0
5683-32866-0013_6829-68771-0005__T2__NBASIC__6829,6829,5683,11,36.15302029530705,0.0,0.0,0.0,0.0,0.0,0.0,0.0,0.0,0,0,0,0,0,0,0,0
5683-32866-0018_8463-294825-0012__T1__NBASIC__5683,5683,8463,9,34.59428015051062,0.0,0.0,0.0,0.0,0.0,0.0,0.0,0.0,0,0,0,0,0,0,0,0
5683-32866-0018_8463-294825-0012__T2__NBASIC__8463,8463,5683,9,33.12940238142043,0.0,0.0,0.0,0.0,0.0,0.0,0.0,0.0,0,0,0,0,0,0,0,0
5683-32866-0020_8463-294828-0032__T1__NBASIC__5683,5683,8463,6,33.46382522375989,0.0,0.0,0.0,0.0,0.0,0.0,0.0,0.0,0,0,0,0,0,0,0,0
5683-32866-0020_8463-294828-0032__T2__NBASIC__8463,8463,5683,6,36.495291174019044,0.0,0.0,0.0,0.0,0.0,0.0,0.0,0.0,0,0,0,0,0,0,0,0
5683-32866-0021_8463-294828-0037__T1__NBASIC__5683,5683,8463,9,36.42849449861054,0.0,0.0,0.0,0.0,0.0,0.0,0.0,0.0,0,0,0,0,0,0,0,0
5683-32866-0021_8463-294828-0037__T2__NBASIC__8463,8463,5683,9,35.09464085798962,0.0,0.0,0.0,0.0,0.0,0.0,0.0,0.0,0,0,0,0,0,0,0,0
5683-32866-0022_3729-6852-0027__T1__NBASIC__5683,5683,3729,5,21.428746047158672,0.0,0.0,0.0,0.0,0.0,0.0,0.0,0.0,0,0,0,0,0,0,0,0
5683-32866-0022_3729-6852-0027__T2__NBASIC__3729,3729,5683,5,14.891011480427743,0.0,0.0,0.0,0.0,0.0,0.0,0.0,0.0,0,0,0,0,0,0,0,0
5683-32866-0025_2830-3980-0063__T1__NBASIC__5683,5683,2830,5,30.99033111203777,0.0,0.0,0.0,0.0,0.0,0.0,0.0,0.0,0,0,0,0,0,0,0,0
5683-32866-0025_2830-3980-0063__T2__NBASIC__2830,2830,5683,5,43.357233421011465,0.0,0.0,0.0,0.0,0.0,0.0,0.0,0.0,0,0,0,0,0,0,0,0
5683-32866-0027_5639-40744-0000__T1__NBASIC__5683,5683,5639,8,38.992035313172416,0.0,0.0,0.0,0.0,0.0,0.0,0.0,0.0,0,0,0,0,0,0,0,0
5683-32866-0027_5639-40744-0000__T2__NBASIC__5639,5639,5683,8,36.6191822872077,0.0,0.0,0.0,0.0,0.0,0.0,0.0,0.0,0,0,0,0,0,0,0,0
5683-32879-0000_3729-6852-0002__T1__NBASIC__5683,5683,3729,16,36.33345435117763,0.0,0.0,0.0,0.0,0.0,0.0,0.0,0.0,0,0,0,0,0,0,0,0
5683-32879-0000_3729-6852-0002__T2__NBASIC__3729,3729,5683,16,22.434346567828644,0.0,0.0,0.0625,0.0625,0.0,0.0,0.0,0.0,0,0,0,0,0,0,0,0
5683-32879-0002_2830-3980-0067__T1__NBASIC__5683,5683,2830,15,36.96481840286334,0.0,0.0,0.0,0.0,0.0,0.0,0.0,0.0,0,0,0,0,0,0,0,0
5683-32879-0002_2830-3980-0067__T2__NBASIC__2830,2830,5683,15,40.907783921546304,0.0,0.06666666666666667,0.06666666666666667,0.06666666666666667,0.06666666666666667,0.0,0.06666666666666667,0.0,1,0,1,0,0,0,0,0
5683-32879-0003_5142-33396-0035__T1__NBASIC__5683,5683,5142,6,44.49854518301504,0.0,0.0,0.0,0.0,0.0,0.0,0.0,0.0,0,0,0,0,0,0,0,0
5683-32879-0003_5142-33396-0035__T2__NBASIC__5142,5142,5683,6,-2.7419008547933643,0.5,0.8333333333333334,0.6666666666666666,0.8333333333333334,0.6666666666666666,0.3333333333333333,0.6666666666666666,0.3333333333333333,1,1,1,1,1,1,1,1
5683-32879-0004_3575-170457-0010__T1__NBASIC__5683,5683,3575,8,22.64454052214877,0.0,0.25,0.25,0.125,0.125,0.0,0.125,0.0,1,0,1,0,0,0,0,0
5683-32879-0004_3575-170457-0010__T2__NBASIC__3575,3575,5683,8,33.32347284412631,0.0,0.0,0.0,0.0,0.0,0.0,0.0,0.0,0,0,0,0,0,0,0,0
5683-32879-0005_1995-1826-0000__T1__NBASIC__5683,5683,1995,11,47.23433311407877,0.0,0.0,0.0,0.0,0.0,0.0,0.0,0.0,0,0,0,0,0,0,0,0
5683-32879-0005_1995-1826-0000__T2__NBASIC__1995,1995,5683,11,46.811982983910504,0.0,0.09090909090909091,0.0,0.0,0.0,0.0,0.0,0.0,0,0,0,0,0,0,0,0
5683-32879-0006_3575-170457-0035__T1__NBASIC__5683,5683,3575,17,29.013276710432056,0.0,0.058823529411764705,0.11764705882352941,0.058823529411764705,0.058823529411764705,0.0,0.058823529411764705,0.0,1,0,1,0,0,0,0,0
5683-32879-0006_3575-170457-0035__T2__NBASIC__3575,3575,5683,17,35.78977700015088,0.0,0.0,0.0,0.0,0.0,0.0,0.0,0.0,0,0,0,0,0,0,0,0
5683-32879-0007_5142-33396-0019__T1__NBASIC__5683,5683,5142,8,21.83230016282107,0.0,0.0,0.0,0.0,0.0,0.0,0.0,0.0,0,0,0,0,0,0,0,0
5683-32879-0007_5142-33396-0019__T2__NBASIC__5142,5142,5683,8,20.897587321871892,0.0,0.0,0.0,0.0,0.0,0.0,0.0,0.0,0,0,0,0,0,0,0,0
5683-32879-0010_8463-294828-0036__T1__NBASIC__5683,5683,8463,12,26.02634681045214,0.0,0.0,0.08333333333333333,0.0,0.0,0.0,0.0,0.0,0,0,0,0,0,0,0,0
5683-32879-0010_8463-294828-0036__T2__NBASIC__8463,8463,5683,12,31.972539691919636,0.0,0.0,0.0,0.0,0.0,0.0,0.0,0.0,0,0,0,0,0,0,0,0
5683-32879-0013_121-127105-0003__T1__NBASIC__5683,5683,121,14,30.340598775183544,0.0,0.07142857142857142,0.0,0.0,0.0,0.0,0.0,0.0,0,0,0,0,0,0,0,0
5683-32879-0013_121-127105-0003__T2__NBASIC__121,121,5683,14,37.53684535308047,0.0,0.0,0.0,0.0,0.0,0.0,0.0,0.0,0,0,0,0,0,0,0,0
5683-32879-0018_260-123288-0022__T1__NBASIC__5683,5683,260,6,36.94492038537895,0.0,0.0,0.0,0.0,0.0,0.0,0.0,0.0,0,0,0,0,0,0,0,0
5683-32879-0018_260-123288-0022__T2__NBASIC__260,260,5683,6,38.88432272171439,0.0,0.0,0.0,0.0,0.0,0.0,0.0,0.0,0,0,0,0,0,0,0,0
5683-32879-0018_8455-210777-0061__T1__NBASIC__5683,5683,8455,13,31.266857899218927,0.0,0.0,0.0,0.07692307692307693,0.0,0.0,0.0,0.0,0,0,0,0,0,0,0,0
5683-32879-0018_8455-210777-0061__T2__NBASIC__8455,8455,5683,13,39.78786856857341,0.0,0.0,0.0,0.0,0.0,0.0,0.0,0.0,0,0,0,0,0,0,0,0
5683-32879-0023_6829-68771-0003__T1__NBASIC__5683,5683,6829,7,31.609140956555805,0.0,0.0,0.0,0.0,0.0,0.0,0.0,0.0,0,0,0,0,0,0,0,0
5683-32879-0023_6829-68771-0003__T2__NBASIC__6829,6829,5683,7,38.20593749774551,0.0,0.0,0.0,0.0,0.0,0.0,0.0,0.0,0,0,0,0,0,0,0,0
61-70968-0000_8455-210777-0012__T1__NBASIC__61,61,8455,6,30.86583237572222,0.0,0.0,0.0,0.0,0.0,0.0,0.0,0.0,0,0,0,0,0,0,0,0
61-70968-0000_8455-210777-0012__T2__NBASIC__8455,8455,61,6,24.068189530557294,0.0,0.0,0.0,0.0,0.0,0.0,0.0,0.0,0,0,0,0,0,0,0,0
61-70968-0003_2830-3980-0008__T1__NBASIC__61,61,2830,7,20.939900811809967,0.0,0.0,0.0,0.0,0.0,0.0,0.0,0.0,0,0,0,0,0,0,0,0
61-70968-0003_2830-3980-0008__T2__NBASIC__2830,2830,61,7,-8.047989190751505,0.8571428571428571,1.0,1.0,1.0,1.0,0.8571428571428571,1.0,0.8571428571428571,1,1,1,1,1,1,1,1
61-70968-0004_1188-133604-0014__T1__NBASIC__61,61,1188,6,-13.764263489434176,1.0,0.5,0.3333333333333333,0.6666666666666666,0.3333333333333333,0.3333333333333333,0.3333333333333333,0.3333333333333333,1,1,1,1,1,1,1,1
61-70968-0004_1188-133604-0014__T2__NBASIC__1188,1188,61,6,20.136603840187686,0.0,0.0,0.16666666666666666,0.16666666666666666,0.0,0.0,0.0,0.0,0,0,0,0,0,0,0,0
61-70968-0007_7176-88083-0021__T1__NBASIC__61,61,7176,6,-21.326431036688376,1.0,1.0,0.6666666666666666,1.0,0.6666666666666666,0.6666666666666666,0.6666666666666666,0.6666666666666666,1,1,1,1,1,1,1,1
61-70968-0007_7176-88083-0021__T2__NBASIC__7176,7176,61,6,24.91504006390531,0.0,0.0,0.0,0.0,0.0,0.0,0.0,0.0,0,0,0,0,0,0,0,0
61-70968-0011_1221-135767-0013__T1__NBASIC__61,61,1221,11,32.58794281056943,0.0,0.0,0.0,0.0,0.0,0.0,0.0,0.0,0,0,0,0,0,0,0,0
61-70968-0011_1221-135767-0013__T2__NBASIC__1221,1221,61,11,25.19295927902738,0.0,0.0,0.0,0.0,0.0,0.0,0.0,0.0,0,0,0,0,0,0,0,0
61-70968-0014_7176-92135-0009__T1__NBASIC__61,61,7176,7,8.724260578163387,0.14285714285714285,0.42857142857142855,0.2857142857142857,0.14285714285714285,0.14285714285714285,0.0,0.14285714285714285,0.0,1,0,1,0,0,0,0,0
61-70968-0014_7176-92135-0009__T2__NBASIC__7176,7176,61,7,-6.313222883531232,0.8571428571428571,0.7142857142857143,0.7142857142857143,0.8571428571428571,0.5714285714285714,0.42857142857142855,0.5714285714285714,0.42857142857142855,1,1,1,1,1,1,1,1
61-70968-0017_2961-960-0022__T1__NBASIC__61,61,2961,9,31.510148074905025,0.0,0.0,0.0,0.0,0.0,0.0,0.0,0.0,0,0,0,0,0,0,0,0
61-70968-0017_2961-960-0022__T2__NBASIC__2961,2961,61,9,28.112814602014787,0.0,0.0,0.0,0.0,0.0,0.0,0.0,0.0,0,0,0,0,0,0,0,0
61-70968-0020_1089-134691-0012__T1__NBASIC__61,61,1089,9,-27.24752087406703,1.0,0.8888888888888888,1.0,1.0,0.8888888888888888,0.8888888888888888,0.8888888888888888,0.8888888888888888,1,1,1,1,1,1,1,1
61-70968-0020_1089-134691-0012__T2__NBASIC__1089,1089,61,9,28.182374664207323,0.0,0.0,0.0,0.0,0.0,0.0,0.0,0.0,0,0,0,0,0,0,0,0
61-70968-0022_1221-135767-0011__T1__NBASIC__61,61,1221,8,29.184621226847987,0.0,0.0,0.0,0.0,0.0,0.0,0.0,0.0,0,0,0,0,0,0,0,0
61-70968-0022_1221-135767-0011__T2__NBASIC__1221,1221,61,8,27.137189749590846,0.0,0.0,0.0,0.0,0.0,0.0,0.0,0.0,0,0,0,0,0,0,0,0
61-70968-0023_260-123286-0023__T1__NBASIC__61,61,260,9,-15.896332045228863,1.0,0.3333333333333333,0.7777777777777778,0.5555555555555556,0.3333333333333333,0.3333333333333333,0.3333333333333333,0.3333333333333333,1,1,1,1,1,1,1,1
61-70968-0023_260-123286-0023__T2__NBASIC__260,260,61,9,25.459539571460287,0.0,0.1111111111111111,0.0,0.0,0.0,0.0,0.0,0.0,0,0,0,0,0,0,0,0
61-70968-0025_6930-76324-0006__T1__NBASIC__61,61,6930,7,26.34786375940739,0.0,0.0,0.0,0.0,0.0,0.0,0.0,0.0,0,0,0,0,0,0,0,0
61-70968-0025_6930-76324-0006__T2__NBASIC__6930,6930,61,7,27.94250642809296,0.0,0.0,0.0,0.14285714285714285,0.0,0.0,0.0,0.0,0,0,0,0,0,0,0,0
61-70968-0027_4446-2273-0018__T1__NBASIC__61,61,4446,5,31.60056625761565,0.0,0.0,0.0,0.0,0.0,0.0,0.0,0.0,0,0,0,0,0,0,0,0
61-70968-0027_4446-2273-0018__T2__NBASIC__4446,4446,61,5,39.43631423636416,0.0,0.0,0.0,0.0,0.0,0.0,0.0,0.0,0,0,0,0,0,0,0,0
61-70968-0035_672-122797-0025__T1__NBASIC__61,61,672,14,27.95175163974967,0.0,0.0,0.0,0.0,0.0,0.0,0.0,0.0,0,0,0,0,0,0,0,0
61-70968-0035_672-122797-0025__T2__NBASIC__672,672,61,14,-20.270884819271632,0.9285714285714286,1.0,1.0,1.0,1.0,0.9285714285714286,1.0,0.9285714285714286,1,1,1,1,1,1,1,1
61-70968-0037_1221-135766-0008__T1__NBASIC__61,61,1221,7,29.104367511486224,0.0,0.0,0.0,0.0,0.0,0.0,0.0,0.0,0,0,0,0,0,0,0,0
61-70968-0037_1221-135766-0008__T2__NBASIC__1221,1221,61,7,23.76854690757187,0.0,0.0,0.14285714285714285,0.0,0.0,0.0,0.0,0.0,0,0,0,0,0,0,0,0
61-70968-0039_8463-294828-0020__T1__NBASIC__61,61,8463,6,27.528931464892924,0.0,0.0,0.0,0.0,0.0,0.0,0.0,0.0,0,0,0,0,0,0,0,0
61-70968-0039_8463-294828-0020__T2__NBASIC__8463,8463,61,6,36.49284918086991,0.0,0.0,0.0,0.0,0.0,0.0,0.0,0.0,0,0,0,0,0,0,0,0
61-70968-0040_3570-5694-0012__T1__NBASIC__61,61,3570,5,33.29624199228444,0.0,0.0,0.0,0.0,0.0,0.0,0.0,0.0,0,0,0,0,0,0,0,0
61-70968-0040_3570-5694-0012__T2__NBASIC__3570,3570,61,5,30.47224368989046,0.0,0.0,0.0,0.0,0.0,0.0,0.0,0.0,0,0,0,0,0,0,0,0
61-70968-0043_7021-85628-0019__T1__NBASIC__61,61,7021,5,10.595729196832078,0.0,0.0,0.0,0.0,0.0,0.0,0.0,0.0,0,0,0,0,0,0,0,0
61-70968-0043_7021-85628-0019__T2__NBASIC__7021,7021,61,5,6.068528834982841,0.2,0.8,1.0,0.6,0.8,0.2,0.4,0.2,1,1,1,1,1,1,1,1
61-70968-0045_2830-3980-0001__T1__NBASIC__61,61,2830,5,-29.652969822532132,1.0,1.0,1.0,1.0,1.0,1.0,1.0,1.0,1,1,1,1,1,1,1,1
61-70968-0045_2830-3980-0001__T2__NBASIC__2830,2830,61,5,12.166409339125394,0.0,0.2,0.6,0.4,0.2,0.0,0.2,0.0,1,0,1,0,1,0,1,0
61-70968-0046_3570-5694-0004__T1__NBASIC__61,61,3570,6,33.41478045149356,0.0,0.0,0.0,0.0,0.0,0.0,0.0,0.0,0,0,0,0,0,0,0,0
61-70968-0046_3570-5694-0004__T2__NBASIC__3570,3570,61,6,45.86255617389049,0.0,0.0,0.0,0.0,0.0,0.0,0.0,0.0,0,0,0,0,0,0,0,0
61-70968-0049_7021-79740-0014__T1__NBASIC__61,61,7021,15,13.558844463461806,0.06666666666666667,0.0,0.06666666666666667,0.0,0.0,0.0,0.0,0.0,0,0,0,0,0,0,0,0
61-70968-0049_7021-79740-0014__T2__NBASIC__7021,7021,61,15,24.270234680469244,0.0,0.26666666666666666,0.13333333333333333,0.06666666666666667,0.13333333333333333,0.0,0.06666666666666667,0.0,1,0,1,0,0,0,0,0
61-70968-0051_4992-41806-0000__T1__NBASIC__61,61,4992,5,35.2943257167347,0.0,0.0,0.0,0.0,0.0,0.0,0.0,0.0,0,0,0,0,0,0,0,0
61-70968-0051_4992-41806-0000__T2__NBASIC__4992,4992,61,5,29.831699141781467,0.0,0.0,0.0,0.0,0.0,0.0,0.0,0.0,0,0,0,0,0,0,0,0
61-70968-0053_5683-32865-0008__T1__NBASIC__61,61,5683,7,35.01821746898336,0.0,0.0,0.0,0.0,0.0,0.0,0.0,0.0,0,0,0,0,0,0,0,0
61-70968-0053_5683-32865-0008__T2__NBASIC__5683,5683,61,7,23.279668533736864,0.0,0.14285714285714285,0.0,0.14285714285714285,0.0,0.0,0.0,0.0,0,0,0,0,0,0,0,0
61-70968-0056_7176-92135-0025__T1__NBASIC__61,61,7176,6,11.076923887621136,0.0,0.0,0.16666666666666666,0.16666666666666666,0.0,0.0,0.0,0.0,0,0,0,0,0,0,0,0
61-70968-0056_7176-92135-0025__T2__NBASIC__7176,7176,61,6,10.160695628436066,0.0,0.5,0.16666666666666666,0.3333333333333333,0.16666666666666666,0.0,0.16666666666666666,0.0,1,0,1,0,0,0,0,0
61-70968-0057_2094-142345-0014__T1__NBASIC__61,61,2094,9,27.24541022844101,0.0,0.0,0.0,0.0,0.0,0.0,0.0,0.0,0,0,0,0,0,0,0,0
61-70968-0057_2094-142345-0014__T2__NBASIC__2094,2094,61,9,26.867295584769288,0.0,0.0,0.1111111111111111,0.0,0.0,0.0,0.0,0.0,0,0,0,0,0,0,0,0
61-70968-0060_3575-170457-0037__T1__NBASIC__61,61,3575,6,30.254571076737975,0.0,0.16666666666666666,0.0,0.0,0.0,0.0,0.0,0.0,0,0,0,0,0,0,0,0
61-70968-0060_3575-170457-0037__T2__NBASIC__3575,3575,61,6,30.755859059879292,0.0,0.0,0.0,0.0,0.0,0.0,0.0,0.0,0,0,0,0,0,0,0,0
61-70970-0000_121-121726-0002__T1__NBASIC__61,61,121,7,32.96753014276912,0.0,0.0,0.0,0.0,0.0,0.0,0.0,0.0,0,0,0,0,0,0,0,0
61-70970-0000_121-121726-0002__T2__NBASIC__121,121,61,7,36.96805180905571,0.0,0.0,0.0,0.0,0.0,0.0,0.0,0.0,0,0,0,0,0,0,0,0
61-70970-0001_4446-2275-0038__T1__NBASIC__61,61,4446,8,33.74749975811043,0.0,0.125,0.0,0.0,0.0,0.0,0.0,0.0,0,0,0,0,0,0,0,0
61-70970-0001_4446-2275-0038__T2__NBASIC__4446,4446,61,8,33.5653693120816,0.0,0.0,0.0,0.0,0.0,0.0,0.0,0.0,0,0,0,0,0,0,0,0
61-70970-0004_237-134500-0008__T1__NBASIC__61,61,237,6,35.46728501468239,0.0,0.0,0.0,0.0,0.0,0.0,0.0,0.0,0,0,0,0,0,0,0,0
61-70970-0004_237-134500-0008__T2__NBASIC__237,237,61,6,35.93648096296081,0.0,0.0,0.0,0.0,0.0,0.0,0.0,0.0,0,0,0,0,0,0,0,0
61-70970-0007_4507-16021-0035__T1__NBASIC__61,61,4507,7,34.694336703105236,0.0,0.0,0.0,0.0,0.0,0.0,0.0,0.0,0,0,0,0,0,0,0,0
61-70970-0007_4507-16021-0035__T2__NBASIC__4507,4507,61,7,38.317491491878954,0.0,0.0,0.0,0.0,0.0,0.0,0.0,0.0,0,0,0,0,0,0,0,0
61-70970-0010_7021-85628-0022__T1__NBASIC__61,61,7021,5,9.998466124146026,0.2,0.4,0.2,0.2,0.2,0.2,0.2,0.2,1,1,1,1,1,1,1,1
61-70970-0010_7021-85628-0022__T2__NBASIC__7021,7021,61,5,18.941388821516792,0.0,0.4,0.4,0.4,0.4,0.0,0.4,0.0,1,0,1,0,1,0,1,0
61-70970-0011_1995-1826-0009__T1__NBASIC__61,61,1995,11,33.13766703849149,0.0,0.0,0.0,0.0,0.0,0.0,0.0,0.0,0,0,0,0,0,0,0,0
61-70970-0011_1995-1826-0009__T2__NBASIC__1995,1995,61,11,34.63882975161287,0.0,0.0,0.0,0.0,0.0,0.0,0.0,0.0,0,0,0,0,0,0,0,0
61-70970-0015_7127-75946-0018__T1__NBASIC__61,61,7127,15,15.121480597069748,0.0,0.0,0.0,0.0,0.0,0.0,0.0,0.0,0,0,0,0,0,0,0,0
61-70970-0015_7127-75946-0018__T2__NBASIC__7127,7127,61,15,28.072277380196844,0.0,0.0,0.0,0.0,0.0,0.0,0.0,0.0,0,0,0,0,0,0,0,0
61-70970-0020_4507-16021-0031__T1__NBASIC__61,61,4507,9,39.613808524549974,0.0,0.0,0.0,0.0,0.0,0.0,0.0,0.0,0,0,0,0,0,0,0,0
61-70970-0020_4507-16021-0031__T2__NBASIC__4507,4507,61,9,36.64602212873679,0.0,0.0,0.0,0.0,0.0,0.0,0.0,0.0,0,0,0,0,0,0,0,0
61-70970-0022_1580-141083-0053__T1__NBASIC__61,61,1580,5,39.24474240776115,0.0,0.0,0.0,0.0,0.0,0.0,0.0,0.0,0,0,0,0,0,0,0,0
61-70970-0022_1580-141083-0053__T2__NBASIC__1580,1580,61,5,30.098902561493347,0.0,0.0,0.0,0.0,0.0,0.0,0.0,0.0,0,0,0,0,0,0,0,0
61-70970-0023_3570-5696-0007__T1__NBASIC__61,61,3570,6,31.945946577715084,0.0,0.0,0.0,0.0,0.0,0.0,0.0,0.0,0,0,0,0,0,0,0,0
61-70970-0023_3570-5696-0007__T2__NBASIC__3570,3570,61,6,34.246233123025384,0.0,0.0,0.0,0.0,0.0,0.0,0.0,0.0,0,0,0,0,0,0,0,0
61-70970-0028_2300-131720-0013__T1__NBASIC__61,61,2300,12,19.49799633137108,0.0,0.0,0.0,0.0,0.0,0.0,0.0,0.0,0,0,0,0,0,0,0,0
61-70970-0028_2300-131720-0013__T2__NBASIC__2300,2300,61,12,1.4340347385496688,0.4166666666666667,0.6666666666666666,0.5833333333333334,0.6666666666666666,0.4166666666666667,0.25,0.4166666666666667,0.25,1,1,1,1,1,1,1,1
61-70970-0029_5142-36377-0000__T1__NBASIC__61,61,5142,5,35.480747941358715,0.0,0.0,0.0,0.0,0.0,0.0,0.0,0.0,0,0,0,0,0,0,0,0
61-70970-0029_5142-36377-0000__T2__NBASIC__5142,5142,61,5,30.609736310366102,0.0,0.0,0.0,0.0,0.0,0.0,0.0,0.0,0,0,0,0,0,0,0,0
61-70970-0034_908-31957-0020__T1__NBASIC__61,61,908,7,-3.029654642256995,0.5714285714285714,0.42857142857142855,0.5714285714285714,0.2857142857142857,0.42857142857142855,0.42857142857142855,0.2857142857142857,0.2857142857142857,1,1,1,1,1,1,1,1
61-70970-0034_908-31957-0020__T2__NBASIC__908,908,61,7,19.798999435861003,0.14285714285714285,0.2857142857142857,0.2857142857142857,0.2857142857142857,0.2857142857142857,0.14285714285714285,0.2857142857142857,0.14285714285714285,1,1,1,1,1,0,1,0
61-70970-0036_1089-134686-0016__T1__NBASIC__61,61,1089,6,9.19418588351266,0.0,0.16666666666666666,0.0,0.0,0.0,0.0,0.0,0.0,0,0,0,0,0,0,0,0
61-70970-0036_1089-134686-0016__T2__NBASIC__1089,1089,61,6,2.367876751200667,0.3333333333333333,0.3333333333333333,0.3333333333333333,0.5,0.3333333333333333,0.3333333333333333,0.3333333333333333,0.3333333333333333,1,1,1,1,1,1,1,1
61-70970-0039_5105-28233-0001__T1__NBASIC__61,61,5105,7,32.4162170782738,0.0,0.0,0.0,0.0,0.0,0.0,0.0,0.0,0,0,0,0,0,0,0,0
61-70970-0039_5105-28233-0001__T2__NBASIC__5105,5105,61,7,30.0490894597439,0.0,0.0,0.0,0.0,0.0,0.0,0.0,0.0,0,0,0,0,0,0,0,0
672-122797-0000_8455-210777-0019__T1__NBASIC__672,672,8455,6,3.0456641057153035,0.5,0.3333333333333333,0.3333333333333333,0.5,0.3333333333333333,0.3333333333333333,0.3333333333333333,0.3333333333333333,1,1,1,1,1,1,1,1
672-122797-0000_8455-210777-0019__T2__NBASIC__8455,8455,672,6,26.925254887178433,0.0,0.16666666666666666,0.16666666666666666,0.16666666666666666,0.16666666666666666,0.0,0.16666666666666666,0.0,1,0,1,0,0,0,0,0
672-122797-0002_237-126133-0012__T1__NBASIC__672,672,237,7,30.911099053773125,0.0,0.14285714285714285,0.0,0.0,0.0,0.0,0.0,0.0,0,0,0,0,0,0,0,0
672-122797-0002_237-126133-0012__T2__NBASIC__237,237,672,7,32.16208891357673,0.0,0.0,0.0,0.0,0.0,0.0,0.0,0.0,0,0,0,0,0,0,0,0
672-122797-0002_7729-102255-0012__T1__NBASIC__672,672,7729,7,29.87101808106405,0.0,0.14285714285714285,0.0,0.0,0.0,0.0,0.0,0.0,0,0,0,0,0,0,0,0
672-122797-0002_7729-102255-0012__T2__NBASIC__7729,7729,672,7,29.779311902923837,0.0,0.0,0.0,0.0,0.0,0.0,0.0,0.0,0,0,0,0,0,0,0,0
672-122797-0003_4446-2275-0010__T1__NBASIC__672,672,4446,6,32.133043892150155,0.0,0.0,0.0,0.0,0.0,0.0,0.0,0.0,0,0,0,0,0,0,0,0
672-122797-0003_4446-2275-0010__T2__NBASIC__4446,4446,672,6,37.61783310286754,0.0,0.0,0.0,0.0,0.0,0.0,0.0,0.0,0,0,0,0,0,0,0,0
672-122797-0004_8455-210777-0013__T1__NBASIC__672,672,8455,12,34.52449543425168,0.0,0.0,0.08333333333333333,0.0,0.0,0.0,0.0,0.0,0,0,0,0,0,0,0,0
672-122797-0004_8455-210777-0013__T2__NBASIC__8455,8455,672,12,22.453024034140736,0.08333333333333333,0.16666666666666666,0.16666666666666666,0.08333333333333333,0.16666666666666666,0.0,0.0,0.0,1,0,0,0,0,0,0,0
672-122797-0006_5683-32865-0017__T1__NBASIC__672,672,5683,9,-3.978600826071107,0.6666666666666666,0.6666666666666666,0.5555555555555556,0.6666666666666666,0.5555555555555556,0.3333333333333333,0.5555555555555556,0.3333333333333333,1,1,1,1,1,1,1,1
672-122797-0006_5683-32865-0017__T2__NBASIC__5683,5683,672,9,20.389193233011998,0.0,0.0,0.1111111111111111,0.1111111111111111,0.0,0.0,0.0,0.0,0,0,0,0,0,0,0,0
672-122797-0012_260-123440-0002__T1__NBASIC__672,672,260,14,-6.513077504169941,0.6428571428571429,0.14285714285714285,0.5714285714285714,0.35714285714285715,0.14285714285714285,0.14285714285714285,0.07142857142857142,0.07142857142857142,1,1,1,1,0,0,0,0
672-122797-0012_260-123440-0002__T2__NBASIC__260,260,672,14,16.05233595636514,0.0,0.6428571428571429,0.21428571428571427,0.35714285714285715,0.21428571428571427,0.0,0.14285714285714285,0.0,1,0,1,0,1,0,0,0
672-122797-0018_8230-279154-0041__T1__NBASIC__672,672,8230,8,-17.455611080048044,0.75,0.625,0.625,0.625,0.625,0.625,0.625,0.625,1,1,1,1,1,1,1,1
672-122797-0018_8230-279154-0041__T2__NBASIC__8230,8230,672,8,24.358203655278555,0.125,0.25,0.375,0.375,0.25,0.125,0.25,0.125,1,1,1,1,1,0,1,0
672-122797-0019_4507-16021-0033__T1__NBASIC__672,672,4507,7,21.910256060809,0.0,0.0,0.0,0.0,0.0,0.0,0.0,0.0,0,0,0,0,0,0,0,0
672-122797-0019_4507-16021-0033__T2__NBASIC__4507,4507,672,7,23.6591617451002,0.0,0.0,0.0,0.0,0.0,0.0,0.0,0.0,0,0,0,0,0,0,0,0
672-122797-0027_3575-170457-0050__T1__NBASIC__672,672,3575,8,39.071636888078636,0.0,0.125,0.0,0.0,0.0,0.0,0.0,0.0,0,0,0,0,0,0,0,0
672-122797-0027_3575-170457-0050__T2__NBASIC__3575,3575,672,8,36.63889151979773,0.0,0.0,0.125,0.0,0.0,0.0,0.0,0.0,0,0,0,0,0,0,0,0
672-122797-0029_4446-2273-0001__T1__NBASIC__672,672,4446,5,27.422871491868516,0.0,0.2,0.0,0.0,0.0,0.0,0.0,0.0,0,0,0,0,0,0,0,0
672-122797-0029_4446-2273-0001__T2__NBASIC__4446,4446,672,5,24.47828728151585,0.0,0.0,0.0,0.0,0.0,0.0,0.0,0.0,0,0,0,0,0,0,0,0
672-122797-0031_908-31957-0013__T1__NBASIC__672,672,908,6,25.509808250777905,0.0,0.0,0.3333333333333333,0.16666666666666666,0.0,0.0,0.0,0.0,0,0,0,0,0,0,0,0
672-122797-0031_908-31957-0013__T2__NBASIC__908,908,672,6,35.770357876928266,0.0,0.0,0.0,0.0,0.0,0.0,0.0,0.0,0,0,0,0,0,0,0,0
672-122797-0034_4992-41806-0007__T1__NBASIC__672,672,4992,9,31.154576007492828,0.0,0.0,0.0,0.0,0.0,0.0,0.0,0.0,0,0,0,0,0,0,0,0
672-122797-0034_4992-41806-0007__T2__NBASIC__4992,4992,672,9,28.03019923860169,0.0,0.1111111111111111,0.1111111111111111,0.1111111111111111,0.1111111111111111,0.0,0.1111111111111111,0.0,1,0,1,0,0,0,0,0
672-122797-0038_5683-32866-0002__T1__NBASIC__672,672,5683,9,43.420011887940255,0.0,0.0,0.0,0.0,0.0,0.0,0.0,0.0,0,0,0,0,0,0,0,0
672-122797-0038_5683-32866-0002__T2__NBASIC__5683,5683,672,9,43.57213643099905,0.0,0.0,0.0,0.0,0.0,0.0,0.0,0.0,0,0,0,0,0,0,0,0
672-122797-0039_5142-33396-0053__T1__NBASIC__672,672,5142,6,25.119332480021495,0.0,0.0,0.0,0.0,0.0,0.0,0.0,0.0,0,0,0,0,0,0,0,0
672-122797-0039_5142-33396-0053__T2__NBASIC__5142,5142,672,6,17.96265939044588,0.16666666666666666,0.16666666666666666,0.0,0.16666666666666666,0.0,0.0,0.0,0.0,0,0,0,0,0,0,0,0
672-122797-0040_5683-32866-0024__T1__NBASIC__672,672,5683,9,34.92915673866115,0.0,0.0,0.0,0.0,0.0,0.0,0.0,0.0,0,0,0,0,0,0,0,0
672-122797-0040_5683-32866-0024__T2__NBASIC__5683,5683,672,9,39.45892591322564,0.0,0.0,0.0,0.0,0.0,0.0,0.0,0.0,0,0,0,0,0,0,0,0
672-122797-0046_2961-961-0003__T1__NBASIC__672,672,2961,7,0.467197846708618,0.7142857142857143,0.0,0.0,0.42857142857142855,0.0,0.0,0.0,0.0,0,0,0,0,0,0,0,0
672-122797-0046_2961-961-0003__T2__NBASIC__2961,2961,672,7,8.544099593100098,0.5714285714285714,0.7142857142857143,0.8571428571428571,0.7142857142857143,0.7142857142857143,0.42857142857142855,0.5714285714285714,0.42857142857142855,1,1,1,1,1,1,1,1
672-122797-0047_1284-1181-0014__T1__NBASIC__672,672,1284,5,-11.010332545956565,1.0,0.6,1.0,0.6,0.6,0.6,0.6,0.6,1,1,1,1,1,1,1,1
672-122797-0047_1284-1181-0014__T2__NBASIC__1284,1284,672,5,34.50919683573037,0.0,0.0,0.0,0.0,0.0,0.0,0.0,0.0,0,0,0,0,0,0,0,0
672-122797-0048_237-134500-0022__T1__NBASIC__672,672,237,8,25.264212006802026,0.0,0.0,0.125,0.0,0.0,0.0,0.0,0.0,0,0,0,0,0,0,0,0
672-122797-0048_237-134500-0022__T2__NBASIC__237,237,672,8,27.268239917776548,0.0,0.0,0.0,0.0,0.0,0.0,0.0,0.0,0,0,0,0,0,0,0,0
672-122797-0052_2961-960-0004__T1__NBASIC__672,672,2961,7,23.99887663004849,0.0,0.0,0.0,0.0,0.0,0.0,0.0,0.0,0,0,0,0,0,0,0,0
672-122797-0052_2961-960-0004__T2__NBASIC__2961,2961,672,7,3.2453947609172333,0.42857142857142855,0.2857142857142857,0.5714285714285714,0.42857142857142855,0.2857142857142857,0.14285714285714285,0.14285714285714285,0.14285714285714285,1,1,1,1,1,0,0,0
672-122797-0060_237-134500-0015__T1__NBASIC__672,672,237,5,28.806275738811593,0.0,0.2,0.2,0.2,0.2,0.0,0.2,0.0,1,0,1,0,1,0,1,0
672-122797-0060_237-134500-0015__T2__NBASIC__237,237,672,5,40.468176669920254,0.0,0.0,0.0,0.0,0.0,0.0,0.0,0.0,0,0,0,0,0,0,0,0
672-122797-0061_260-123286-0018__T1__NBASIC__672,672,260,10,-27.60624126733329,1.0,1.0,1.0,1.0,1.0,1.0,1.0,1.0,1,1,1,1,1,1,1,1
672-122797-0061_260-123286-0018__T2__NBASIC__260,260,672,10,29.096841994447974,0.0,0.0,0.0,0.0,0.0,0.0,0.0,0.0,0,0,0,0,0,0,0,0
672-122797-0064_8455-210777-0057__T1__NBASIC__672,672,8455,17,-20.599142823562744,0.8823529411764706,0.8823529411764706,0.8235294117647058,0.8235294117647058,0.8235294117647058,0.8235294117647058,0.8235294117647058,0.8235294117647058,1,1,1,1,1,1,1,1
672-122797-0064_8455-210777-0057__T2__NBASIC__8455,8455,672,17,33.73157359359084,0.0,0.0,0.0,0.0,0.0,0.0,0.0,0.0,0,0,0,0,0,0,0,0
672-122797-0066_1221-135766-0004__T1__NBASIC__672,672,1221,8,31.39097144761328,0.0,0.0,0.0,0.0,0.0,0.0,0.0,0.0,0,0,0,0,0,0,0,0
672-122797-0066_1221-135766-0004__T2__NBASIC__1221,1221,672,8,21.05629419024177,0.0,0.0,0.0,0.0,0.0,0.0,0.0,0.0,0,0,0,0,0,0,0,0
672-122797-0068_2094-142345-0056__T1__NBASIC__672,672,2094,6,36.41846519408433,0.0,0.0,0.0,0.0,0.0,0.0,0.0,0.0,0,0,0,0,0,0,0,0
672-122797-0068_2094-142345-0056__T2__NBASIC__2094,2094,672,6,40.058587549607964,0.0,0.0,0.0,0.0,0.0,0.0,0.0,0.0,0,0,0,0,0,0,0,0
672-122797-0070_3570-5695-0006__T1__NBASIC__672,672,3570,11,46.853349381780184,0.0,0.0,0.0,0.0,0.0,0.0,0.0,0.0,0,0,0,0,0,0,0,0
672-122797-0070_3570-5695-0006__T2__NBASIC__3570,3570,672,11,46.27167436191081,0.0,0.0,0.0,0.0,0.0,0.0,0.0,0.0,0,0,0,0,0,0,0,0
672-122797-0072_237-134493-0011__T1__NBASIC__672,672,237,9,44.24647418225838,0.0,0.0,0.0,0.0,0.0,0.0,0.0,0.0,0,0,0,0,0,0,0,0
672-122797-0072_237-134493-0011__T2__NBASIC__237,237,672,9,38.7667407763205,0.0,0.0,0.0,0.0,0.0,0.0,0.0,0.0,0,0,0,0,0,0,0,0
6829-68769-0001_7729-102255-0022__T1__NBASIC__6829,6829,7729,17,38.857070953731906,0.0,0.0,0.0,0.0,0.0,0.0,0.0,0.0,0,0,0,0,0,0,0,0
6829-68769-0001_7729-102255-0022__T2__NBASIC__7729,7729,6829,17,34.27328805939112,0.0,0.0,0.0,0.0,0.0,0.0,0.0,0.0,0,0,0,0,0,0,0,0
6829-68769-0006_5683-32879-0020__T1__NBASIC__6829,6829,5683,12,44.970603205625586,0.0,0.0,0.0,0.0,0.0,0.0,0.0,0.0,0,0,0,0,0,0,0,0
6829-68769-0006_5683-32879-0020__T2__NBASIC__5683,5683,6829,12,34.196591827275824,0.0,0.0,0.0,0.0,0.0,0.0,0.0,0.0,0,0,0,0,0,0,0,0
6829-68769-0008_4992-41806-0004__T1__NBASIC__6829,6829,4992,6,27.36986033860408,0.0,0.0,0.0,0.0,0.0,0.0,0.0,0.0,0,0,0,0,0,0,0,0
6829-68769-0008_4992-41806-0004__T2__NBASIC__4992,4992,6829,6,-24.011501214966653,1.0,1.0,1.0,1.0,1.0,1.0,1.0,1.0,1,1,1,1,1,1,1,1
6829-68769-0012_1284-1181-0001__T1__NBASIC__6829,6829,1284,7,27.56190989773413,0.0,0.0,0.0,0.0,0.0,0.0,0.0,0.0,0,0,0,0,0,0,0,0
6829-68769-0012_1284-1181-0001__T2__NBASIC__1284,1284,6829,7,23.846819440478754,0.0,0.0,0.0,0.0,0.0,0.0,0.0,0.0,0,0,0,0,0,0,0,0
6829-68769-0015_1580-141084-0011__T1__NBASIC__6829,6829,1580,9,42.152312339571736,0.0,0.1111111111111111,0.0,0.0,0.0,0.0,0.0,0.0,0,0,0,0,0,0,0,0
6829-68769-0015_1580-141084-0011__T2__NBASIC__1580,1580,6829,9,29.082831519438813,0.0,0.0,0.1111111111111111,0.1111111111111111,0.0,0.0,0.0,0.0,0,0,0,0,0,0,0,0
6829-68769-0021_1188-133604-0024__T1__NBASIC__6829,6829,1188,14,34.590879552358125,0.0,0.07142857142857142,0.0,0.0,0.0,0.0,0.0,0.0,0,0,0,0,0,0,0,0
6829-68769-0021_1188-133604-0024__T2__NBASIC__1188,1188,6829,14,26.725476953939104,0.0,0.21428571428571427,0.14285714285714285,0.14285714285714285,0.14285714285714285,0.0,0.14285714285714285,0.0,1,0,1,0,0,0,0,0
6829-68769-0022_672-122797-0064__T1__NBASIC__6829,6829,672,7,39.11489489929299,0.0,0.0,0.0,0.0,0.0,0.0,0.0,0.0,0,0,0,0,0,0,0,0
6829-68769-0022_672-122797-0064__T2__NBASIC__672,672,6829,7,38.90803921630916,0.0,0.0,0.0,0.0,0.0,0.0,0.0,0.0,0,0,0,0,0,0,0,0
6829-68769-0024_672-122797-0013__T1__NBASIC__6829,6829,672,8,39.847352251009774,0.0,0.0,0.0,0.0,0.0,0.0,0.0,0.0,0,0,0,0,0,0,0,0
6829-68769-0024_672-122797-0013__T2__NBASIC__672,672,6829,8,24.532222689407824,0.0,0.25,0.0,0.0,0.0,0.0,0.0,0.0,0,0,0,0,0,0,0,0
6829-68769-0026_1284-1180-0030__T1__NBASIC__6829,6829,1284,8,16.869656855491122,0.0,0.0,0.0,0.0,0.0,0.0,0.0,0.0,0,0,0,0,0,0,0,0
6829-68769-0026_1284-1180-0030__T2__NBASIC__1284,1284,6829,8,11.076989021717539,0.0,0.0,0.125,0.0,0.0,0.0,0.0,0.0,0,0,0,0,0,0,0,0
6829-68769-0027_1089-134686-0010__T1__NBASIC__6829,6829,1089,5,42.26093120819343,0.0,0.0,0.0,0.0,0.0,0.0,0.0,0.0,0,0,0,0,0,0,0,0
6829-68769-0027_1089-134686-0010__T2__NBASIC__1089,1089,6829,5,37.331476693236944,0.0,0.2,0.0,0.0,0.0,0.0,0.0,0.0,0,0,0,0,0,0,0,0
6829-68769-0028_5105-28240-0002__T1__NBASIC__6829,6829,5105,5,31.937751930606805,0.0,0.0,0.0,0.0,0.0,0.0,0.0,0.0,0,0,0,0,0,0,0,0
6829-68769-0028_5105-28240-0002__T2__NBASIC__5105,5105,6829,5,-22.941207208856884,1.0,1.0,1.0,1.0,1.0,1.0,1.0,1.0,1,1,1,1,1,1,1,1
6829-68769-0030_2094-142345-0037__T1__NBASIC__6829,6829,2094,8,21.85528831720445,0.0,0.125,0.0,0.0,0.0,0.0,0.0,0.0,0,0,0,0,0,0,0,0
6829-68769-0030_2094-142345-0037__T2__NBASIC__2094,2094,6829,8,26.08134334149951,0.0,0.0,0.125,0.125,0.0,0.0,0.0,0.0,0,0,0,0,0,0,0,0
6829-68769-0031_260-123288-0000__T1__NBASIC__6829,6829,260,5,32.36576221889904,0.0,0.0,0.0,0.0,0.0,0.0,0.0,0.0,0,0,0,0,0,0,0,0
6829-68769-0031_260-123288-0000__T2__NBASIC__260,260,6829,5,32.89688117993073,0.0,0.0,0.2,0.0,0.0,0.0,0.0,0.0,0,0,0,0,0,0,0,0
6829-68769-0032_1995-1826-0005__T1__NBASIC__6829,6829,1995,9,29.91889486734838,0.0,0.0,0.0,0.0,0.0,0.0,0.0,0.0,0,0,0,0,0,0,0,0
6829-68769-0032_1995-1826-0005__T2__NBASIC__1995,1995,6829,9,32.249994864554374,0.0,0.0,0.1111111111111111,0.1111111111111111,0.0,0.0,0.0,0.0,0,0,0,0,0,0,0,0
6829-68769-0039_2300-131720-0037__T1__NBASIC__6829,6829,2300,7,44.853202083041204,0.0,0.0,0.0,0.0,0.0,0.0,0.0,0.0,0,0,0,0,0,0,0,0
6829-68769-0039_2300-131720-0037__T2__NBASIC__2300,2300,6829,7,31.123394088410457,0.0,0.0,0.0,0.0,0.0,0.0,0.0,0.0,0,0,0,0,0,0,0,0
6829-68769-0040_237-126133-0007__T1__NBASIC__6829,6829,237,8,30.88088407788477,0.0,0.0,0.0,0.0,0.0,0.0,0.0,0.0,0,0,0,0,0,0,0,0
6829-68769-0040_237-126133-0007__T2__NBASIC__237,237,6829,8,30.80844157432483,0.0,0.0,0.125,0.0,0.0,0.0,0.0,0.0,0,0,0,0,0,0,0,0
6829-68769-0049_1320-122617-0001__T1__NBASIC__6829,6829,1320,13,43.874468533444876,0.0,0.15384615384615385,0.0,0.0,0.0,0.0,0.0,0.0,0,0,0,0,0,0,0,0
6829-68769-0049_1320-122617-0001__T2__NBASIC__1320,1320,6829,13,37.829882129461815,0.0,0.0,0.0,0.0,0.0,0.0,0.0,0.0,0,0,0,0,0,0,0,0
6829-68769-0053_908-157963-0005__T1__NBASIC__6829,6829,908,11,37.56594639841858,0.0,0.09090909090909091,0.0,0.0,0.0,0.0,0.0,0.0,0,0,0,0,0,0,0,0
6829-68769-0053_908-157963-0005__T2__NBASIC__908,908,6829,11,26.115757060669605,0.0,0.0,0.0,0.0,0.0,0.0,0.0,0.0,0,0,0,0,0,0,0,0
6829-68771-0002_61-70970-0040__T1__NBASIC__6829,6829,61,7,30.65004523378469,0.0,0.0,0.0,0.0,0.0,0.0,0.0,0.0,0,0,0,0,0,0,0,0
6829-68771-0002_61-70970-0040__T2__NBASIC__61,61,6829,7,29.107605136103547,0.0,0.0,0.0,0.0,0.0,0.0,0.0,0.0,0,0,0,0,0,0,0,0
6829-68771-0004_121-127105-0029__T1__NBASIC__6829,6829,121,13,29.25797182962429,0.0,0.0,0.0,0.0,0.0,0.0,0.0,0.0,0,0,0,0,0,0,0,0
6829-68771-0004_121-127105-0029__T2__NBASIC__121,121,6829,13,23.619650527112302,0.0,0.0,0.07692307692307693,0.07692307692307693,0.0,0.0,0.0,0.0,0,0,0,0,0,0,0,0
6829-68771-0006_8463-294828-0016__T1__NBASIC__6829,6829,8463,5,27.700410082889853,0.0,0.0,0.0,0.0,0.0,0.0,0.0,0.0,0,0,0,0,0,0,0,0
6829-68771-0006_8463-294828-0016__T2__NBASIC__8463,8463,6829,5,25.03095439937477,0.0,0.0,0.0,0.0,0.0,0.0,0.0,0.0,0,0,0,0,0,0,0,0
6829-68771-0009_1089-134691-0010__T1__NBASIC__6829,6829,1089,5,45.72329898292997,0.0,0.0,0.0,0.0,0.0,0.0,0.0,0.0,0,0,0,0,0,0,0,0
6829-68771-0009_1089-134691-0010__T2__NBASIC__1089,1089,6829,5,34.40551011310603,0.0,0.0,0.0,0.0,0.0,0.0,0.0,0.0,0,0,0,0,0,0,0,0
6829-68771-0010_1995-1837-0010__T1__NBASIC__6829,6829,1995,5,41.47213407306952,0.0,0.0,0.0,0.0,0.0,0.0,0.0,0.0,0,0,0,0,0,0,0,0
6829-68771-0010_1995-1837-0010__T2__NBASIC__1995,1995,6829,5,38.71323790878988,0.0,0.0,0.0,0.0,0.0,0.0,0.0,0.0,0,0,0,0,0,0,0,0
6829-68771-0012_7127-75947-0038__T1__NBASIC__6829,6829,7127,21,35.18699474701533,0.0,0.0,0.0,0.0,0.0,0.0,0.0,0.0,0,0,0,0,0,0,0,0
6829-68771-0012_7127-75947-0038__T2__NBASIC__7127,7127,6829,21,33.20010677488943,0.0,0.0,0.0,0.0,0.0,0.0,0.0,0.0,0,0,0,0,0,0,0,0
6829-68771-0013_8455-210777-0011__T1__NBASIC__6829,6829,8455,12,30.602675093700604,0.0,0.0,0.0,0.0,0.0,0.0,0.0,0.0,0,0,0,0,0,0,0,0
6829-68771-0013_8455-210777-0011__T2__NBASIC__8455,8455,6829,12,33.33894363143857,0.0,0.0,0.0,0.0,0.0,0.0,0.0,0.0,0,0,0,0,0,0,0,0
6829-68771-0014_4446-2273-0027__T1__NBASIC__6829,6829,4446,6,28.83754039498986,0.0,0.0,0.0,0.0,0.0,0.0,0.0,0.0,0,0,0,0,0,0,0,0
6829-68771-0014_4446-2273-0027__T2__NBASIC__4446,4446,6829,6,22.50984323195239,0.0,0.0,0.0,0.0,0.0,0.0,0.0,0.0,0,0,0,0,0,0,0,0
6829-68771-0016_8224-274384-0009__T1__NBASIC__6829,6829,8224,8,28.13832094506144,0.0,0.0,0.0,0.0,0.0,0.0,0.0,0.0,0,0,0,0,0,0,0,0
6829-68771-0016_8224-274384-0009__T2__NBASIC__8224,8224,6829,8,38.84855080050673,0.0,0.0,0.0,0.0,0.0,0.0,0.0,0.0,0,0,0,0,0,0,0,0
6829-68771-0019_5105-28240-0015__T1__NBASIC__6829,6829,5105,13,38.34481408874616,0.0,0.07692307692307693,0.0,0.0,0.0,0.0,0.0,0.0,0,0,0,0,0,0,0,0
6829-68771-0019_5105-28240-0015__T2__NBASIC__5105,5105,6829,13,30.35222745974352,0.0,0.0,0.15384615384615385,0.07692307692307693,0.0,0.0,0.0,0.0,0,0,0,0,0,0,0,0
6829-68771-0023_260-123288-0026__T1__NBASIC__6829,6829,260,9,33.512323451375025,0.0,0.0,0.0,0.0,0.0,0.0,0.0,0.0,0,0,0,0,0,0,0,0
6829-68771-0023_260-123288-0026__T2__NBASIC__260,260,6829,9,38.16728745141708,0.0,0.0,0.0,0.0,0.0,0.0,0.0,0.0,0,0,0,0,0,0,0,0
6829-68771-0027_3570-5696-0010__T1__NBASIC__6829,6829,3570,9,40.68177566496937,0.0,0.0,0.0,0.0,0.0,0.0,0.0,0.0,0,0,0,0,0,0,0,0
6829-68771-0027_3570-5696-0010__T2__NBASIC__3570,3570,6829,9,31.272796537170663,0.0,0.2222222222222222,0.1111111111111111,0.1111111111111111,0.1111111111111111,0.0,0.1111111111111111,0.0,1,0,1,0,0,0,0,0
6829-68771-0028_2300-131720-0007__T1__NBASIC__6829,6829,2300,6,38.268565297392485,0.0,0.0,0.0,0.0,0.0,0.0,0.0,0.0,0,0,0,0,0,0,0,0
6829-68771-0028_2300-131720-0007__T2__NBASIC__2300,2300,6829,6,39.21272186315055,0.0,0.0,0.0,0.0,0.0,0.0,0.0,0.0,0,0,0,0,0,0,0,0
6829-68771-0029_4992-41797-0011__T1__NBASIC__6829,6829,4992,9,30.02248532384932,0.0,0.0,0.0,0.0,0.0,0.0,0.0,0.0,0,0,0,0,0,0,0,0
6829-68771-0029_4992-41797-0011__T2__NBASIC__4992,4992,6829,9,-19.18419918703162,1.0,0.8888888888888888,1.0,1.0,0.8888888888888888,0.8888888888888888,0.8888888888888888,0.8888888888888888,1,1,1,1,1,1,1,1
6829-68771-0032_7729-102255-0019__T1__NBASIC__6829,6829,7729,12,27.375636840008795,0.0,0.0,0.0,0.0,0.0,0.0,0.0,0.0,0,0,0,0,0,0,0,0
6829-68771-0032_7729-102255-0019__T2__NBASIC__7729,7729,6829,12,31.29151365034482,0.0,0.0,0.0,0.0,0.0,0.0,0.0,0.0,0,0,0,0,0,0,0,0
6829-68771-0033_4507-16021-0059__T1__NBASIC__6829,6829,4507,8,35.95808565101517,0.0,0.0,0.0,0.0,0.0,0.0,0.0,0.0,0,0,0,0,0,0,0,0
6829-68771-0033_4507-16021-0059__T2__NBASIC__4507,4507,6829,8,41.53307122272634,0.0,0.0,0.0,0.0,0.0,0.0,0.0,0.0,0,0,0,0,0,0,0,0
6829-68771-0036_908-157963-0013__T1__NBASIC__6829,6829,908,7,28.626782889256432,0.0,0.0,0.0,0.0,0.0,0.0,0.0,0.0,0,0,0,0,0,0,0,0
6829-68771-0036_908-157963-0013__T2__NBASIC__908,908,6829,7,34.1329750083737,0.0,0.0,0.0,0.0,0.0,0.0,0.0,0.0,0,0,0,0,0,0,0,0
6930-75918-0000_8463-294825-0008__T1__NBASIC__6930,6930,8463,6,27.724451256195106,0.0,0.0,0.0,0.0,0.0,0.0,0.0,0.0,0,0,0,0,0,0,0,0
6930-75918-0000_8463-294825-0008__T2__NBASIC__8463,8463,6930,6,29.14130868496893,0.0,0.0,0.0,0.0,0.0,0.0,0.0,0.0,0,0,0,0,0,0,0,0
6930-75918-0002_2094-142345-0015__T1__NBASIC__6930,6930,2094,9,25.064026187500087,0.0,0.0,0.0,0.0,0.0,0.0,0.0,0.0,0,0,0,0,0,0,0,0
6930-75918-0002_2094-142345-0015__T2__NBASIC__2094,2094,6930,9,36.893765629373405,0.0,0.0,0.0,0.0,0.0,0.0,0.0,0.0,0,0,0,0,0,0,0,0
6930-75918-0004_8224-274384-0006__T1__NBASIC__6930,6930,8224,12,31.35363051183574,0.0,0.0,0.0,0.0,0.0,0.0,0.0,0.0,0,0,0,0,0,0,0,0
6930-75918-0004_8224-274384-0006__T2__NBASIC__8224,8224,6930,12,34.295464639221734,0.0,0.08333333333333333,0.0,0.0,0.0,0.0,0.0,0.0,0,0,0,0,0,0,0,0
6930-75918-0005_237-134493-0004__T1__NBASIC__6930,6930,237,12,34.02753396314124,0.0,0.0,0.0,0.0,0.0,0.0,0.0,0.0,0,0,0,0,0,0,0,0
6930-75918-0005_237-134493-0004__T2__NBASIC__237,237,6930,12,36.43966628584997,0.0,0.08333333333333333,0.0,0.0,0.0,0.0,0.0,0.0,0,0,0,0,0,0,0,0
6930-75918-0007_1089-134686-0022__T1__NBASIC__6930,6930,1089,5,40.55673759149416,0.0,0.0,0.0,0.0,0.0,0.0,0.0,0.0,0,0,0,0,0,0,0,0
6930-75918-0007_1089-134686-0022__T2__NBASIC__1089,1089,6930,5,43.35443832820827,0.0,0.0,0.2,0.0,0.0,0.0,0.0,0.0,0,0,0,0,0,0,0,0
6930-75918-0010_6829-68769-0018__T1__NBASIC__6930,6930,6829,5,30.66418706571425,0.0,0.0,0.0,0.0,0.0,0.0,0.0,0.0,0,0,0,0,0,0,0,0
6930-75918-0010_6829-68769-0018__T2__NBASIC__6829,6829,6930,5,39.36641770447055,0.0,0.0,0.0,0.0,0.0,0.0,0.0,0.0,0,0,0,0,0,0,0,0
6930-75918-0014_908-157963-0004__T1__NBASIC__6930,6930,908,26,33.53944886620283,0.0,0.0,0.0,0.0,0.0,0.0,0.0,0.0,0,0,0,0,0,0,0,0
6930-75918-0014_908-157963-0004__T2__NBASIC__908,908,6930,26,31.721395054845967,0.0,0.038461538461538464,0.0,0.0,0.0,0.0,0.0,0.0,0,0,0,0,0,0,0,0
6930-75918-0016_4446-2271-0020__T1__NBASIC__6930,6930,4446,14,34.188074374347615,0.0,0.0,0.0,0.0,0.0,0.0,0.0,0.0,0,0,0,0,0,0,0,0
6930-75918-0016_4446-2271-0020__T2__NBASIC__4446,4446,6930,14,-27.670872527675634,1.0,0.9285714285714286,1.0,1.0,0.9285714285714286,0.9285714285714286,0.9285714285714286,0.9285714285714286,1,1,1,1,1,1,1,1
6930-75918-0018_4446-2275-0000__T1__NBASIC__6930,6930,4446,11,25.097235659060946,0.0,0.0,0.0,0.0,0.0,0.0,0.0,0.0,0,0,0,0,0,0,0,0
6930-75918-0018_4446-2275-0000__T2__NBASIC__4446,4446,6930,11,27.58089319341689,0.0,0.0,0.0,0.09090909090909091,0.0,0.0,0.0,0.0,0,0,0,0,0,0,0,0
6930-76324-0000_7127-75946-0002__T1__NBASIC__6930,6930,7127,5,13.239921605604135,0.0,0.0,0.0,0.0,0.0,0.0,0.0,0.0,0,0,0,0,0,0,0,0
6930-76324-0000_7127-75946-0002__T2__NBASIC__7127,7127,6930,5,10.91197939801977,0.2,0.2,0.6,0.6,0.2,0.2,0.2,0.2,1,1,1,1,1,1,1,1
6930-76324-0001_8455-210777-0030__T1__NBASIC__6930,6930,8455,5,35.129725683240416,0.0,0.0,0.0,0.0,0.0,0.0,0.0,0.0,0,0,0,0,0,0,0,0
6930-76324-0001_8455-210777-0030__T2__NBASIC__8455,8455,6930,5,41.53696995974008,0.0,0.0,0.0,0.0,0.0,0.0,0.0,0.0,0,0,0,0,0,0,0,0
6930-76324-0004_61-70968-0047__T1__NBASIC__6930,6930,61,8,29.088472996134694,0.0,0.0,0.0,0.0,0.0,0.0,0.0,0.0,0,0,0,0,0,0,0,0
6930-76324-0004_61-70968-0047__T2__NBASIC__61,61,6930,8,27.92475550234613,0.0,0.0,0.0,0.0,0.0,0.0,0.0,0.0,0,0,0,0,0,0,0,0
6930-76324-0005_4507-16021-0057__T1__NBASIC__6930,6930,4507,8,46.53925164818078,0.0,0.0,0.0,0.0,0.0,0.0,0.0,0.0,0,0,0,0,0,0,0,0
6930-76324-0005_4507-16021-0057__T2__NBASIC__4507,4507,6930,8,47.45326035718899,0.0,0.0,0.0,0.0,0.0,0.0,0.0,0.0,0,0,0,0,0,0,0,0
6930-76324-0008_5105-28233-0004__T1__NBASIC__6930,6930,5105,8,28.717893551045897,0.0,0.125,0.0,0.0,0.0,0.0,0.0,0.0,0,0,0,0,0,0,0,0
6930-76324-0008_5105-28233-0004__T2__NBASIC__5105,5105,6930,8,33.32400729740559,0.0,0.0,0.0,0.0,0.0,0.0,0.0,0.0,0,0,0,0,0,0,0,0
6930-76324-0012_2300-131720-0027__T1__NBASIC__6930,6930,2300,8,33.46706897041524,0.0,0.0,0.0,0.0,0.0,0.0,0.0,0.0,0,0,0,0,0,0,0,0
6930-76324-0012_2300-131720-0027__T2__NBASIC__2300,2300,6930,8,32.32839339411177,0.0,0.125,0.0,0.0,0.0,0.0,0.0,0.0,0,0,0,0,0,0,0,0
6930-76324-0013_5142-33396-0031__T1__NBASIC__6930,6930,5142,7,25.00351750511822,0.0,0.0,0.0,0.0,0.0,0.0,0.0,0.0,0,0,0,0,0,0,0,0
6930-76324-0013_5142-33396-0031__T2__NBASIC__5142,5142,6930,7,22.318311091674495,0.0,0.14285714285714285,0.0,0.0,0.0,0.0,0.0,0.0,0,0,0,0,0,0,0,0
6930-76324-0014_1995-1837-0024__T1__NBASIC__6930,6930,1995,8,45.528087853716485,0.0,0.0,0.0,0.0,0.0,0.0,0.0,0.0,0,0,0,0,0,0,0,0
6930-76324-0014_1995-1837-0024__T2__NBASIC__1995,1995,6930,8,42.48464133388002,0.0,0.0,0.0,0.0,0.0,0.0,0.0,0.0,0,0,0,0,0,0,0,0
6930-76324-0015_5105-28241-0005__T1__NBASIC__6930,6930,5105,15,24.025195537647402,0.0,0.0,0.0,0.0,0.0,0.0,0.0,0.0,0,0,0,0,0,0,0,0
6930-76324-0015_5105-28241-0005__T2__NBASIC__5105,5105,6930,15,21.410206406196338,0.0,0.13333333333333333,0.06666666666666667,0.06666666666666667,0.06666666666666667,0.0,0.0,0.0,1,0,0,0,0,0,0,0
6930-76324-0017_4077-13751-0004__T1__NBASIC__6930,6930,4077,9,29.426559714666503,0.0,0.1111111111111111,0.0,0.0,0.0,0.0,0.0,0.0,0,0,0,0,0,0,0,0
6930-76324-0017_4077-13751-0004__T2__NBASIC__4077,4077,6930,9,25.750577063748263,0.0,0.0,0.0,0.0,0.0,0.0,0.0,0.0,0,0,0,0,0,0,0,0
6930-76324-0020_7127-75946-0015__T1__NBASIC__6930,6930,7127,11,18.97603017113943,0.0,0.0,0.0,0.0,0.0,0.0,0.0,0.0,0,0,0,0,0,0,0,0
6930-76324-0020_7127-75946-0015__T2__NBASIC__7127,7127,6930,11,9.811068259873696,0.18181818181818182,0.5454545454545454,0.45454545454545453,0.6363636363636364,0.36363636363636365,0.09090909090909091,0.36363636363636365,0.09090909090909091,1,1,1,1,1,0,1,0
6930-76324-0023_2094-142345-0058__T1__NBASIC__6930,6930,2094,8,27.791884116973243,0.0,0.0,0.0,0.0,0.0,0.0,0.0,0.0,0,0,0,0,0,0,0,0
6930-76324-0023_2094-142345-0058__T2__NBASIC__2094,2094,6930,8,36.52811787792232,0.0,0.0,0.0,0.0,0.0,0.0,0.0,0.0,0,0,0,0,0,0,0,0
6930-76324-0025_4970-29095-0038__T1__NBASIC__6930,6930,4970,7,36.73183154034113,0.0,0.0,0.0,0.0,0.0,0.0,0.0,0.0,0,0,0,0,0,0,0,0
6930-76324-0025_4970-29095-0038__T2__NBASIC__4970,4970,6930,7,21.42760192910646,0.0,0.2857142857142857,0.14285714285714285,0.14285714285714285,0.14285714285714285,0.0,0.0,0.0,1,0,0,0,0,0,0,0
6930-76324-0026_8455-210777-0062__T1__NBASIC__6930,6930,8455,5,33.89777771811469,0.0,0.0,0.0,0.0,0.0,0.0,0.0,0.0,0,0,0,0,0,0,0,0
6930-76324-0026_8455-210777-0062__T2__NBASIC__8455,8455,6930,5,37.676279648943485,0.0,0.0,0.0,0.0,0.0,0.0,0.0,0.0,0,0,0,0,0,0,0,0
6930-76324-0027_5683-32879-0011__T1__NBASIC__6930,6930,5683,15,29.223451252170022,0.0,0.0,0.0,0.0,0.0,0.0,0.0,0.0,0,0,0,0,0,0,0,0
6930-76324-0027_5683-32879-0011__T2__NBASIC__5683,5683,6930,15,27.615004125725452,0.0,0.06666666666666667,0.0,0.0,0.0,0.0,0.0,0.0,0,0,0,0,0,0,0,0
6930-81414-0000_1320-122612-0012__T1__NBASIC__6930,6930,1320,19,34.8186730200863,0.0,0.0,0.0,0.0,0.0,0.0,0.0,0.0,0,0,0,0,0,0,0,0
6930-81414-0000_1320-122612-0012__T2__NBASIC__1320,1320,6930,19,33.99220036247019,0.0,0.0,0.0,0.0,0.0,0.0,0.0,0.0,0,0,0,0,0,0,0,0
6930-81414-0002_7021-85628-0023__T1__NBASIC__6930,6930,7021,5,35.56880049031065,0.0,0.0,0.0,0.0,0.0,0.0,0.0,0.0,0,0,0,0,0,0,0,0
6930-81414-0002_7021-85628-0023__T2__NBASIC__7021,7021,6930,5,35.10633855273194,0.0,0.2,0.2,0.4,0.0,0.0,0.0,0.0,0,0,0,0,0,0,0,0
6930-81414-0003_2830-3980-0012__T1__NBASIC__6930,6930,2830,5,29.912693935337693,0.0,0.0,0.0,0.0,0.0,0.0,0.0,0.0,0,0,0,0,0,0,0,0
6930-81414-0003_2830-3980-0012__T2__NBASIC__2830,2830,6930,5,27.015081220979127,0.0,0.2,0.2,0.2,0.2,0.0,0.2,0.0,1,0,1,0,1,0,1,0
6930-81414-0006_1284-134647-0000__T1__NBASIC__6930,6930,1284,12,36.40031344650268,0.0,0.0,0.0,0.0,0.0,0.0,0.0,0.0,0,0,0,0,0,0,0,0
6930-81414-0006_1284-134647-0000__T2__NBASIC__1284,1284,6930,12,41.2048923294187,0.0,0.0,0.0,0.0,0.0,0.0,0.0,0.0,0,0,0,0,0,0,0,0
6930-81414-0008_3570-5696-0008__T1__NBASIC__6930,6930,3570,11,36.50799258163766,0.0,0.0,0.0,0.0,0.0,0.0,0.0,0.0,0,0,0,0,0,0,0,0
6930-81414-0008_3570-5696-0008__T2__NBASIC__3570,3570,6930,11,41.90331882150584,0.0,0.0,0.0,0.0,0.0,0.0,0.0,0.0,0,0,0,0,0,0,0,0
6930-81414-0010_3729-6852-0036__T1__NBASIC__6930,6930,3729,6,39.272522729044084,0.0,0.0,0.0,0.0,0.0,0.0,0.0,0.0,0,0,0,0,0,0,0,0
6930-81414-0010_3729-6852-0036__T2__NBASIC__3729,3729,6930,6,35.65422696127157,0.0,0.0,0.0,0.0,0.0,0.0,0.0,0.0,0,0,0,0,0,0,0,0
6930-81414-0015_5142-36377-0025__T1__NBASIC__6930,6930,5142,6,18.618964019766885,0.0,0.0,0.0,0.0,0.0,0.0,0.0,0.0,0,0,0,0,0,0,0,0
6930-81414-0015_5142-36377-0025__T2__NBASIC__5142,5142,6930,6,1.550222827058249,0.3333333333333333,0.5,0.6666666666666666,0.16666666666666666,0.5,0.3333333333333333,0.16666666666666666,0.0,1,1,1,0,1,1,0,0
6930-81414-0019_8463-287645-0005__T1__NBASIC__6930,6930,8463,5,40.476004372309085,0.0,0.0,0.0,0.0,0.0,0.0,0.0,0.0,0,0,0,0,0,0,0,0
6930-81414-0019_8463-287645-0005__T2__NBASIC__8463,8463,6930,5,-35.9661513740419,1.0,1.0,1.0,1.0,1.0,1.0,1.0,1.0,1,1,1,1,1,1,1,1
6930-81414-0020_260-123286-0002__T1__NBASIC__6930,6930,260,9,45.496792110522044,0.0,0.0,0.0,0.0,0.0,0.0,0.0,0.0,0,0,0,0,0,0,0,0
6930-81414-0020_260-123286-0002__T2__NBASIC__260,260,6930,9,44.50489513166099,0.0,0.1111111111111111,0.0,0.0,0.0,0.0,0.0,0.0,0,0,0,0,0,0,0,0
6930-81414-0021_61-70968-0032__T1__NBASIC__6930,6930,61,5,42.067532461738246,0.0,0.0,0.0,0.0,0.0,0.0,0.0,0.0,0,0,0,0,0,0,0,0
6930-81414-0021_61-70968-0032__T2__NBASIC__61,61,6930,5,40.245544646754354,0.0,0.0,0.0,0.0,0.0,0.0,0.0,0.0,0,0,0,0,0,0,0,0
6930-81414-0022_908-157963-0006__T1__NBASIC__6930,6930,908,7,39.20868737103751,0.0,0.0,0.0,0.0,0.0,0.0,0.0,0.0,0,0,0,0,0,0,0,0
6930-81414-0022_908-157963-0006__T2__NBASIC__908,908,6930,7,32.479457139263474,0.0,0.0,0.0,0.0,0.0,0.0,0.0,0.0,0,0,0,0,0,0,0,0
6930-81414-0023_5142-33396-0012__T1__NBASIC__6930,6930,5142,8,36.92599692437127,0.0,0.0,0.0,0.0,0.0,0.0,0.0,0.0,0,0,0,0,0,0,0,0
6930-81414-0023_5142-33396-0012__T2__NBASIC__5142,5142,6930,8,28.85128090679058,0.0,0.0,0.0,0.0,0.0,0.0,0.0,0.0,0,0,0,0,0,0,0,0
7021-79730-0004_2830-3980-0009__T1__NBASIC__7021,7021,2830,6,23.755912605139027,0.0,0.3333333333333333,0.16666666666666666,0.16666666666666666,0.16666666666666666,0.0,0.16666666666666666,0.0,1,0,1,0,0,0,0,0
7021-79730-0004_2830-3980-0009__T2__NBASIC__2830,2830,7021,6,21.247953586114665,0.0,0.0,0.16666666666666666,0.0,0.0,0.0,0.0,0.0,0,0,0,0,0,0,0,0
7021-79730-0005_5142-36377-0007__T1__NBASIC__7021,7021,5142,11,41.909195267579484,0.0,0.0,0.0,0.0,0.0,0.0,0.0,0.0,0,0,0,0,0,0,0,0
7021-79730-0005_5142-36377-0007__T2__NBASIC__5142,5142,7021,11,39.16428794858632,0.0,0.0,0.0,0.0,0.0,0.0,0.0,0.0,0,0,0,0,0,0,0,0
7021-79730-0006_8455-210777-0037__T1__NBASIC__7021,7021,8455,8,20.073237054410846,0.0,0.25,0.25,0.375,0.125,0.0,0.125,0.0,1,0,1,0,0,0,0,0
7021-79730-0006_8455-210777-0037__T2__NBASIC__8455,8455,7021,8,20.312463623430528,0.0,0.125,0.125,0.0,0.125,0.0,0.0,0.0,1,0,0,0,0,0,0,0
7021-79730-0007_908-157963-0028__T1__NBASIC__7021,7021,908,8,12.459846102542995,0.125,0.375,0.375,0.375,0.25,0.125,0.25,0.125,1,1,1,1,1,0,1,0
7021-79730-0007_908-157963-0028__T2__NBASIC__908,908,7021,8,13.98137090410119,0.0,0.375,0.125,0.125,0.125,0.0,0.125,0.0,1,0,1,0,0,0,0,0
7021-79730-0008_260-123288-0027__T1__NBASIC__7021,7021,260,11,-6.522273216122626,0.8181818181818182,0.8181818181818182,0.7272727272727273,0.6363636363636364,0.7272727272727273,0.6363636363636364,0.6363636363636364,0.6363636363636364,1,1,1,1,1,1,1,1
7021-79730-0008_260-123288-0027__T2__NBASIC__260,260,7021,11,32.763681795727955,0.0,0.09090909090909091,0.0,0.0,0.0,0.0,0.0,0.0,0,0,0,0,0,0,0,0
7021-79730-0009_237-126133-0021__T1__NBASIC__7021,7021,237,7,37.34212149663353,0.0,0.0,0.0,0.0,0.0,0.0,0.0,0.0,0,0,0,0,0,0,0,0
7021-79730-0009_237-126133-0021__T2__NBASIC__237,237,7021,7,36.967944667107865,0.0,0.0,0.0,0.0,0.0,0.0,0.0,0.0,0,0,0,0,0,0,0,0
7021-79740-0003_1320-122617-0010__T1__NBASIC__7021,7021,1320,8,2.8455334519494766,0.375,0.5,0.5,0.5,0.375,0.25,0.375,0.25,1,1,1,1,1,1,1,1
7021-79740-0003_1320-122617-0010__T2__NBASIC__1320,1320,7021,8,26.74377632513591,0.0,0.0,0.125,0.125,0.0,0.0,0.0,0.0,0,0,0,0,0,0,0,0
7021-79740-0006_2830-3980-0019__T1__NBASIC__7021,7021,2830,10,16.434871574209527,0.1,0.4,0.3,0.2,0.2,0.0,0.1,0.0,1,0,1,0,1,0,0,0
7021-79740-0006_2830-3980-0019__T2__NBASIC__2830,2830,7021,10,18.29793130685086,0.0,0.0,0.0,0.0,0.0,0.0,0.0,0.0,0,0,0,0,0,0,0,0
7021-79740-0006_4446-2273-0034__T1__NBASIC__7021,7021,4446,6,34.247222170230906,0.0,0.0,0.0,0.0,0.0,0.0,0.0,0.0,0,0,0,0,0,0,0,0
7021-79740-0006_4446-2273-0034__T2__NBASIC__4446,4446,7021,6,25.13596218849797,0.0,0.0,0.0,0.0,0.0,0.0,0.0,0.0,0,0,0,0,0,0,0,0
7021-79740-0007_4077-13751-0020__T1__NBASIC__7021,7021,4077,12,-16.192025113117083,0.8333333333333334,0.9166666666666666,0.9166666666666666,0.8333333333333334,0.9166666666666666,0.8333333333333334,0.8333333333333334,0.8333333333333334,1,1,1,1,1,1,1,1
7021-79740-0007_4077-13751-0020__T2__NBASIC__4077,4077,7021,12,22.483535418021535,0.08333333333333333,0.08333333333333333,0.08333333333333333,0.08333333333333333,0.08333333333333333,0.08333333333333333,0.08333333333333333,0.08333333333333333,1,1,1,1,0,0,0,0
7021-79740-0009_8463-294828-0014__T1__NBASIC__7021,7021,8463,6,39.136551315470555,0.0,0.0,0.0,0.0,0.0,0.0,0.0,0.0,0,0,0,0,0,0,0,0
7021-79740-0009_8463-294828-0014__T2__NBASIC__8463,8463,7021,6,35.31100669603485,0.0,0.0,0.0,0.0,0.0,0.0,0.0,0.0,0,0,0,0,0,0,0,0
7021-79740-0010_8455-210777-0051__T1__NBASIC__7021,7021,8455,23,28.07924634820971,0.0,0.043478260869565216,0.043478260869565216,0.043478260869565216,0.043478260869565216,0.0,0.043478260869565216,0.0,1,0,1,0,0,0,0,0
7021-79740-0010_8455-210777-0051__T2__NBASIC__8455,8455,7021,23,26.471392878686657,0.0,0.0,0.0,0.043478260869565216,0.0,0.0,0.0,0.0,0,0,0,0,0,0,0,0
7021-79740-0011_3575-170457-0014__T1__NBASIC__7021,7021,3575,12,27.55466058474829,0.0,0.08333333333333333,0.08333333333333333,0.0,0.0,0.0,0.0,0.0,0,0,0,0,0,0,0,0
7021-79740-0011_3575-170457-0014__T2__NBASIC__3575,3575,7021,12,30.90177071760433,0.0,0.0,0.0,0.0,0.0,0.0,0.0,0.0,0,0,0,0,0,0,0,0
7021-79740-0012_2830-3980-0057__T1__NBASIC__7021,7021,2830,5,23.549874266611464,0.0,0.0,0.0,0.0,0.0,0.0,0.0,0.0,0,0,0,0,0,0,0,0
7021-79740-0012_2830-3980-0057__T2__NBASIC__2830,2830,7021,5,30.82027124654857,0.0,0.0,0.0,0.0,0.0,0.0,0.0,0.0,0,0,0,0,0,0,0,0
7021-79740-0013_7127-75946-0006__T1__NBASIC__7021,7021,7127,13,28.223618555697602,0.07692307692307693,0.23076923076923078,0.07692307692307693,0.0,0.07692307692307693,0.0,0.0,0.0,1,0,0,0,0,0,0,0
7021-79740-0013_7127-75946-0006__T2__NBASIC__7127,7127,7021,13,31.61964965780837,0.0,0.0,0.0,0.0,0.0,0.0,0.0,0.0,0,0,0,0,0,0,0,0
7021-79740-0014_2300-131720-0023__T1__NBASIC__7021,7021,2300,21,-0.7221615365499525,0.38095238095238093,0.5238095238095238,0.6190476190476191,0.5238095238095238,0.5238095238095238,0.3333333333333333,0.38095238095238093,0.2857142857142857,1,1,1,1,1,1,1,1
7021-79740-0014_2300-131720-0023__T2__NBASIC__2300,2300,7021,21,16.894362962419688,0.09523809523809523,0.09523809523809523,0.09523809523809523,0.09523809523809523,0.09523809523809523,0.047619047619047616,0.09523809523809523,0.047619047619047616,1,1,1,1,0,0,0,0
7021-79759-0000_7729-102255-0016__T1__NBASIC__7021,7021,7729,8,33.660137763083284,0.0,0.0,0.0,0.0,0.0,0.0,0.0,0.0,0,0,0,0,0,0,0,0
7021-79759-0000_7729-102255-0016__T2__NBASIC__7729,7729,7021,8,20.56452581682307,0.0,0.0,0.0,0.0,0.0,0.0,0.0,0.0,0,0,0,0,0,0,0,0
7021-79759-0002_1188-133604-0039__T1__NBASIC__7021,7021,1188,9,-6.349075628945785,0.7777777777777778,0.6666666666666666,0.7777777777777778,0.7777777777777778,0.6666666666666666,0.6666666666666666,0.6666666666666666,0.6666666666666666,1,1,1,1,1,1,1,1
7021-79759-0002_1188-133604-0039__T2__NBASIC__1188,1188,7021,9,26.387021041256087,0.0,0.0,0.0,0.0,0.0,0.0,0.0,0.0,0,0,0,0,0,0,0,0
7021-79759-0003_260-123286-0022__T1__NBASIC__7021,7021,260,5,37.12509492771136,0.0,0.0,0.0,0.0,0.0,0.0,0.0,0.0,0,0,0,0,0,0,0,0
7021-79759-0003_260-123286-0022__T2__NBASIC__260,260,7021,5,21.003379647882394,0.0,0.2,0.0,0.2,0.0,0.0,0.0,0.0,0,0,0,0,0,0,0,0
7021-79759-0005_2094-142345-0049__T1__NBASIC__7021,7021,2094,11,30.501305047183116,0.0,0.0,0.09090909090909091,0.0,0.0,0.0,0.0,0.0,0,0,0,0,0,0,0,0
7021-79759-0005_2094-142345-0049__T2__NBASIC__2094,2094,7021,11,29.913900938187524,0.0,0.0,0.0,0.0,0.0,0.0,0.0,0.0,0,0,0,0,0,0,0,0
7021-85628-0001_5683-32866-0008__T1__NBASIC__7021,7021,5683,5,47.73848900448966,0.0,0.0,0.0,0.0,0.0,0.0,0.0,0.0,0,0,0,0,0,0,0,0
7021-85628-0001_5683-32866-0008__T2__NBASIC__5683,5683,7021,5,60.23492770514138,0.0,0.0,0.0,0.0,0.0,0.0,0.0,0.0,0,0,0,0,0,0,0,0
7021-85628-0003_4992-23283-0011__T1__NBASIC__7021,7021,4992,7,41.555643765737045,0.0,0.0,0.0,0.0,0.0,0.0,0.0,0.0,0,0,0,0,0,0,0,0
7021-85628-0003_4992-23283-0011__T2__NBASIC__4992,4992,7021,7,38.90973890924331,0.0,0.0,0.0,0.0,0.0,0.0,0.0,0.0,0,0,0,0,0,0,0,0
7021-85628-0005_1089-134691-0001__T1__NBASIC__7021,7021,1089,9,16.229927824501424,0.0,0.3333333333333333,0.3333333333333333,0.3333333333333333,0.2222222222222222,0.0,0.2222222222222222,0.0,1,0,1,0,1,0,1,0
7021-85628-0005_1089-134691-0001__T2__NBASIC__1089,1089,7021,9,27.051414801496453,0.0,0.0,0.0,0.0,0.0,0.0,0.0,0.0,0,0,0,0,0,0,0,0
7021-85628-0008_237-134500-0013__T1__NBASIC__7021,7021,237,13,34.99404960637154,0.0,0.0,0.0,0.0,0.0,0.0,0.0,0.0,0,0,0,0,0,0,0,0
7021-85628-0008_237-134500-0013__T2__NBASIC__237,237,7021,13,44.816974685494316,0.0,0.0,0.0,0.0,0.0,0.0,0.0,0.0,0,0,0,0,0,0,0,0
7021-85628-0013_5683-32866-0007__T1__NBASIC__7021,7021,5683,7,49.81245434561368,0.0,0.0,0.0,0.0,0.0,0.0,0.0,0.0,0,0,0,0,0,0,0,0
7021-85628-0013_5683-32866-0007__T2__NBASIC__5683,5683,7021,7,49.76405342544771,0.0,0.0,0.0,0.0,0.0,0.0,0.0,0.0,0,0,0,0,0,0,0,0
7021-85628-0015_1284-134647-0006__T1__NBASIC__7021,7021,1284,19,39.13568874449817,0.0,0.0,0.0,0.0,0.0,0.0,0.0,0.0,0,0,0,0,0,0,0,0
7021-85628-0015_1284-134647-0006__T2__NBASIC__1284,1284,7021,19,34.429038461321454,0.0,0.0,0.0,0.0,0.0,0.0,0.0,0.0,0,0,0,0,0,0,0,0
7021-85628-0016_8555-284449-0002__T1__NBASIC__7021,7021,8555,7,41.21856317379508,0.0,0.0,0.0,0.0,0.0,0.0,0.0,0.0,0,0,0,0,0,0,0,0
7021-85628-0016_8555-284449-0002__T2__NBASIC__8555,8555,7021,7,23.020533709449914,0.0,0.0,0.0,0.0,0.0,0.0,0.0,0.0,0,0,0,0,0,0,0,0
7021-85628-0018_4507-16021-0039__T1__NBASIC__7021,7021,4507,15,40.225131686306554,0.0,0.0,0.0,0.0,0.0,0.0,0.0,0.0,0,0,0,0,0,0,0,0
7021-85628-0018_4507-16021-0039__T2__NBASIC__4507,4507,7021,15,34.11800824542027,0.0,0.0,0.0,0.0,0.0,0.0,0.0,0.0,0,0,0,0,0,0,0,0
7021-85628-0020_5142-33396-0046__T1__NBASIC__7021,7021,5142,6,49.10092105085929,0.0,0.0,0.0,0.0,0.0,0.0,0.0,0.0,0,0,0,0,0,0,0,0
7021-85628-0020_5142-33396-0046__T2__NBASIC__5142,5142,7021,6,45.577054577462604,0.0,0.0,0.0,0.0,0.0,0.0,0.0,0.0,0,0,0,0,0,0,0,0
7127-75946-0007_1580-141084-0034__T1__NBASIC__7127,7127,1580,7,35.60475588210259,0.0,0.0,0.0,0.0,0.0,0.0,0.0,0.0,0,0,0,0,0,0,0,0
7127-75946-0007_1580-141084-0034__T2__NBASIC__1580,1580,7127,7,36.08157584243027,0.0,0.0,0.0,0.0,0.0,0.0,0.0,0.0,0,0,0,0,0,0,0,0
7127-75946-0008_5142-33396-0020__T1__NBASIC__7127,7127,5142,5,29.739039175423006,0.0,0.0,0.0,0.0,0.0,0.0,0.0,0.0,0,0,0,0,0,0,0,0
7127-75946-0008_5142-33396-0020__T2__NBASIC__5142,5142,7127,5,26.38054170903532,0.0,0.0,0.0,0.0,0.0,0.0,0.0,0.0,0,0,0,0,0,0,0,0
7127-75946-0009_1580-141083-0010__T1__NBASIC__7127,7127,1580,8,28.65043583096853,0.0,0.0,0.0,0.0,0.0,0.0,0.0,0.0,0,0,0,0,0,0,0,0
7127-75946-0009_1580-141083-0010__T2__NBASIC__1580,1580,7127,8,24.480020202432716,0.0,0.0,0.0,0.0,0.0,0.0,0.0,0.0,0,0,0,0,0,0,0,0
7127-75946-0016_5639-40744-0002__T1__NBASIC__7127,7127,5639,16,23.32056647890447,0.0,0.0,0.125,0.0,0.0,0.0,0.0,0.0,0,0,0,0,0,0,0,0
7127-75946-0016_5639-40744-0002__T2__NBASIC__5639,5639,7127,16,29.94956849609727,0.0,0.0625,0.125,0.0,0.0625,0.0,0.0,0.0,1,0,0,0,0,0,0,0
7127-75946-0020_672-122797-0054__T1__NBASIC__7127,7127,672,7,8.40634891469657,0.42857142857142855,0.2857142857142857,0.42857142857142855,0.42857142857142855,0.2857142857142857,0.2857142857142857,0.2857142857142857,0.2857142857142857,1,1,1,1,1,1,1,1
7127-75946-0020_672-122797-0054__T2__NBASIC__672,672,7127,7,0.02927161695984637,0.42857142857142855,0.42857142857142855,0.42857142857142855,0.42857142857142855,0.42857142857142855,0.42857142857142855,0.42857142857142855,0.42857142857142855,1,1,1,1,1,1,1,1
7127-75946-0022_5105-28240-0012__T1__NBASIC__7127,7127,5105,8,23.022726278821395,0.0,0.125,0.125,0.0,0.0,0.0,0.0,0.0,0,0,0,0,0,0,0,0
7127-75946-0022_5105-28240-0012__T2__NBASIC__5105,5105,7127,8,2.101459320817808,0.5,0.75,0.375,0.75,0.375,0.25,0.375,0.25,1,1,1,1,1,1,1,1
7127-75946-0023_1320-122612-0004__T1__NBASIC__7127,7127,1320,6,25.76836113041251,0.0,0.0,0.0,0.0,0.0,0.0,0.0,0.0,0,0,0,0,0,0,0,0
7127-75946-0023_1320-122612-0004__T2__NBASIC__1320,1320,7127,6,31.021879915377745,0.0,0.0,0.0,0.0,0.0,0.0,0.0,0.0,0,0,0,0,0,0,0,0
7127-75946-0025_7021-85628-0002__T1__NBASIC__7127,7127,7021,6,28.368495116948004,0.0,0.0,0.0,0.0,0.0,0.0,0.0,0.0,0,0,0,0,0,0,0,0
7127-75946-0025_7021-85628-0002__T2__NBASIC__7021,7021,7127,6,26.724365588220753,0.0,0.0,0.0,0.0,0.0,0.0,0.0,0.0,0,0,0,0,0,0,0,0
7127-75946-0029_6829-68771-0011__T1__NBASIC__7127,7127,6829,10,40.64384847168495,0.0,0.0,0.0,0.0,0.0,0.0,0.0,0.0,0,0,0,0,0,0,0,0
7127-75946-0029_6829-68771-0011__T2__NBASIC__6829,6829,7127,10,32.23722793316201,0.0,0.0,0.0,0.0,0.0,0.0,0.0,0.0,0,0,0,0,0,0,0,0
7127-75947-0000_5683-32879-0009__T1__NBASIC__7127,7127,5683,9,32.831394368648354,0.0,0.0,0.0,0.0,0.0,0.0,0.0,0.0,0,0,0,0,0,0,0,0
7127-75947-0000_5683-32879-0009__T2__NBASIC__5683,5683,7127,9,24.713256739571356,0.0,0.0,0.0,0.0,0.0,0.0,0.0,0.0,0,0,0,0,0,0,0,0
7127-75947-0001_7176-92135-0039__T1__NBASIC__7127,7127,7176,5,30.006452237070935,0.0,0.0,0.0,0.0,0.0,0.0,0.0,0.0,0,0,0,0,0,0,0,0
7127-75947-0001_7176-92135-0039__T2__NBASIC__7176,7176,7127,5,23.02225464747665,0.0,0.0,0.4,0.0,0.0,0.0,0.0,0.0,0,0,0,0,0,0,0,0
7127-75947-0002_5639-40744-0028__T1__NBASIC__7127,7127,5639,5,30.323726333176968,0.0,0.0,0.0,0.0,0.0,0.0,0.0,0.0,0,0,0,0,0,0,0,0
7127-75947-0002_5639-40744-0028__T2__NBASIC__5639,5639,7127,5,15.816501200970741,0.0,0.2,0.4,0.2,0.2,0.0,0.2,0.0,1,0,1,0,1,0,1,0
7127-75947-0006_1580-141084-0027__T1__NBASIC__7127,7127,1580,5,38.75665500449503,0.0,0.0,0.0,0.0,0.0,0.0,0.0,0.0,0,0,0,0,0,0,0,0
7127-75947-0006_1580-141084-0027__T2__NBASIC__1580,1580,7127,5,42.56261427370685,0.0,0.0,0.0,0.0,0.0,0.0,0.0,0.0,0,0,0,0,0,0,0,0
7127-75947-0011_1284-1181-0011__T1__NBASIC__7127,7127,1284,6,27.09159155373999,0.0,0.0,0.0,0.0,0.0,0.0,0.0,0.0,0,0,0,0,0,0,0,0
7127-75947-0011_1284-1181-0011__T2__NBASIC__1284,1284,7127,6,24.415761186825666,0.0,0.0,0.0,0.0,0.0,0.0,0.0,0.0,0,0,0,0,0,0,0,0
7127-75947-0013_1320-122617-0039__T1__NBASIC__7127,7127,1320,8,34.25956059794404,0.0,0.0,0.0,0.0,0.0,0.0,0.0,0.0,0,0,0,0,0,0,0,0
7127-75947-0013_1320-122617-0039__T2__NBASIC__1320,1320,7127,8,35.15018510169253,0.0,0.0,0.0,0.0,0.0,0.0,0.0,0.0,0,0,0,0,0,0,0,0
7127-75947-0014_1580-141083-0002__T1__NBASIC__7127,7127,1580,11,30.370465436679435,0.0,0.0,0.0,0.0,0.0,0.0,0.0,0.0,0,0,0,0,0,0,0,0
7127-75947-0014_1580-141083-0002__T2__NBASIC__1580,1580,7127,11,32.720894575537926,0.0,0.0,0.0,0.0,0.0,0.0,0.0,0.0,0,0,0,0,0,0,0,0
7127-75947-0015_8555-284447-0003__T1__NBASIC__7127,7127,8555,7,34.67585718171522,0.0,0.0,0.0,0.0,0.0,0.0,0.0,0.0,0,0,0,0,0,0,0,0
7127-75947-0015_8555-284447-0003__T2__NBASIC__8555,8555,7127,7,31.408092378683495,0.0,0.0,0.0,0.0,0.0,0.0,0.0,0.0,0,0,0,0,0,0,0,0
7127-75947-0016_7176-92135-0017__T1__NBASIC__7127,7127,7176,13,32.93714122977184,0.0,0.0,0.0,0.0,0.0,0.0,0.0,0.0,0,0,0,0,0,0,0,0
7127-75947-0016_7176-92135-0017__T2__NBASIC__7176,7176,7127,13,29.82230576879333,0.0,0.0,0.0,0.0,0.0,0.0,0.0,0.0,0,0,0,0,0,0,0,0
7127-75947-0018_5142-36377-0002__T1__NBASIC__7127,7127,5142,7,25.308054742766412,0.0,0.0,0.0,0.0,0.0,0.0,0.0,0.0,0,0,0,0,0,0,0,0
7127-75947-0018_5142-36377-0002__T2__NBASIC__5142,5142,7127,7,26.088271822223213,0.0,0.0,0.0,0.0,0.0,0.0,0.0,0.0,0,0,0,0,0,0,0,0
7127-75947-0019_1089-134691-0018__T1__NBASIC__7127,7127,1089,5,34.994116399487254,0.0,0.2,0.2,0.0,0.2,0.0,0.0,0.0,1,0,0,0,1,0,0,0
7127-75947-0019_1089-134691-0018__T2__NBASIC__1089,1089,7127,5,24.2243304889232,0.2,0.4,0.4,0.4,0.4,0.2,0.4,0.2,1,1,1,1,1,1,1,1
7127-75947-0021_4507-16021-0048__T1__NBASIC__7127,7127,4507,6,33.61335343306173,0.0,0.0,0.0,0.0,0.0,0.0,0.0,0.0,0,0,0,0,0,0,0,0
7127-75947-0021_4507-16021-0048__T2__NBASIC__4507,4507,7127,6,43.94324341455911,0.0,0.0,0.0,0.0,0.0,0.0,0.0,0.0,0,0,0,0,0,0,0,0
7127-75947-0027_260-123440-0016__T1__NBASIC__7127,7127,260,8,26.1003290778005,0.0,0.0,0.0,0.0,0.0,0.0,0.0,0.0,0,0,0,0,0,0,0,0
7127-75947-0027_260-123440-0016__T2__NBASIC__260,260,7127,8,37.54962751630605,0.0,0.0,0.0,0.0,0.0,0.0,0.0,0.0,0,0,0,0,0,0,0,0
7127-75947-0029_6829-68769-0036__T1__NBASIC__7127,7127,6829,9,30.493276864768127,0.0,0.0,0.0,0.0,0.0,0.0,0.0,0.0,0,0,0,0,0,0,0,0
7127-75947-0029_6829-68769-0036__T2__NBASIC__6829,6829,7127,9,35.068675591379694,0.0,0.0,0.0,0.0,0.0,0.0,0.0,0.0,0,0,0,0,0,0,0,0
7127-75947-0032_1188-133604-0010__T1__NBASIC__7127,7127,1188,7,36.309266095645974,0.0,0.0,0.0,0.0,0.0,0.0,0.0,0.0,0,0,0,0,0,0,0,0
7127-75947-0032_1188-133604-0010__T2__NBASIC__1188,1188,7127,7,45.91795354236219,0.0,0.0,0.0,0.0,0.0,0.0,0.0,0.0,0,0,0,0,0,0,0,0
7127-75947-0033_1089-134691-0007__T1__NBASIC__7127,7127,1089,5,22.063344342041102,0.0,0.2,0.0,0.0,0.0,0.0,0.0,0.0,0,0,0,0,0,0,0,0
7127-75947-0033_1089-134691-0007__T2__NBASIC__1089,1089,7127,5,15.862568561279213,0.0,0.0,0.0,0.0,0.0,0.0,0.0,0.0,0,0,0,0,0,0,0,0
7127-75947-0035_1320-122617-0031__T1__NBASIC__7127,7127,1320,7,34.20589688764279,0.0,0.0,0.0,0.0,0.0,0.0,0.0,0.0,0,0,0,0,0,0,0,0
7127-75947-0035_1320-122617-0031__T2__NBASIC__1320,1320,7127,7,31.542328598833475,0.0,0.14285714285714285,0.0,0.0,0.0,0.0,0.0,0.0,0,0,0,0,0,0,0,0
7127-75947-0039_3570-5694-0006__T1__NBASIC__7127,7127,3570,19,34.36294996146657,0.0,0.0,0.0,0.0,0.0,0.0,0.0,0.0,0,0,0,0,0,0,0,0
7127-75947-0039_3570-5694-0006__T2__NBASIC__3570,3570,7127,19,35.88818464765634,0.0,0.0,0.0,0.0,0.0,0.0,0.0,0.0,0,0,0,0,0,0,0,0
7127-75947-0040_237-126133-0002__T1__NBASIC__7127,7127,237,16,37.771620436986225,0.0,0.0,0.0,0.0,0.0,0.0,0.0,0.0,0,0,0,0,0,0,0,0
7127-75947-0040_237-126133-0002__T2__NBASIC__237,237,7127,16,33.68095842141436,0.0,0.0,0.0,0.0,0.0,0.0,0.0,0.0,0,0,0,0,0,0,0,0
7176-88083-0000_1089-134686-0009__T1__NBASIC__7176,7176,1089,10,22.298983799131012,0.0,0.0,0.0,0.0,0.0,0.0,0.0,0.0,0,0,0,0,0,0,0,0
7176-88083-0000_1089-134686-0009__T2__NBASIC__1089,1089,7176,10,15.121801468242914,0.0,0.2,0.4,0.4,0.1,0.0,0.1,0.0,1,0,1,0,0,0,0,0
7176-88083-0001_1221-135767-0009__T1__NBASIC__7176,7176,1221,25,35.80136397915262,0.0,0.04,0.0,0.0,0.0,0.0,0.0,0.0,0,0,0,0,0,0,0,0
7176-88083-0001_1221-135767-0009__T2__NBASIC__1221,1221,7176,25,40.00982781955451,0.0,0.0,0.0,0.0,0.0,0.0,0.0,0.0,0,0,0,0,0,0,0,0
7176-88083-0002_8455-210777-0023__T1__NBASIC__7176,7176,8455,8,15.099832456356827,0.125,0.375,0.0,0.125,0.0,0.0,0.0,0.0,0,0,0,0,0,0,0,0
7176-88083-0002_8455-210777-0023__T2__NBASIC__8455,8455,7176,8,24.049348109624326,0.0,0.0,0.0,0.0,0.0,0.0,0.0,0.0,0,0,0,0,0,0,0,0
7176-88083-0003_8230-279154-0010__T1__NBASIC__7176,7176,8230,14,8.943210796514,0.21428571428571427,0.35714285714285715,0.2857142857142857,0.2857142857142857,0.2857142857142857,0.21428571428571427,0.21428571428571427,0.14285714285714285,1,1,1,1,1,1,1,0
7176-88083-0003_8230-279154-0010__T2__NBASIC__8230,8230,7176,14,22.470045648948343,0.07142857142857142,0.14285714285714285,0.14285714285714285,0.14285714285714285,0.14285714285714285,0.07142857142857142,0.14285714285714285,0.07142857142857142,1,1,1,1,0,0,0,0
7176-88083-0005_672-122797-0022__T1__NBASIC__7176,7176,672,8,7.694868627464937,0.25,0.375,0.0,0.25,0.0,0.0,0.0,0.0,0,0,0,0,0,0,0,0
7176-88083-0005_672-122797-0022__T2__NBASIC__672,672,7176,8,3.0342018945638567,0.5,0.375,0.5,0.625,0.25,0.25,0.25,0.25,1,1,1,1,1,1,1,1
7176-88083-0008_2830-3980-0048__T1__NBASIC__7176,7176,2830,5,20.88193564602506,0.0,0.0,0.0,0.0,0.0,0.0,0.0,0.0,0,0,0,0,0,0,0,0
7176-88083-0008_2830-3980-0048__T2__NBASIC__2830,2830,7176,5,20.38035037574603,0.0,0.0,0.2,0.0,0.0,0.0,0.0,0.0,0,0,0,0,0,0,0,0
7176-88083-0009_5105-28241-0002__T1__NBASIC__7176,7176,5105,7,36.39865333122066,0.0,0.14285714285714285,0.0,0.0,0.0,0.0,0.0,0.0,0,0,0,0,0,0,0,0
7176-88083-0009_5105-28241-0002__T2__NBASIC__5105,5105,7176,7,35.724902767919275,0.0,0.0,0.0,0.0,0.0,0.0,0.0,0.0,0,0,0,0,0,0,0,0
7176-88083-0013_672-122797-0058__T1__NBASIC__7176,7176,672,7,36.40532612412175,0.0,0.14285714285714285,0.0,0.0,0.0,0.0,0.0,0.0,0,0,0,0,0,0,0,0
7176-88083-0013_672-122797-0058__T2__NBASIC__672,672,7176,7,-29.731093760459068,1.0,1.0,1.0,1.0,1.0,1.0,1.0,1.0,1,1,1,1,1,1,1,1
7176-88083-0016_121-127105-0013__T1__NBASIC__7176,7176,121,6,30.777449248401012,0.0,0.0,0.0,0.0,0.0,0.0,0.0,0.0,0,0,0,0,0,0,0,0
7176-88083-0016_121-127105-0013__T2__NBASIC__121,121,7176,6,35.03730298751516,0.0,0.0,0.0,0.0,0.0,0.0,0.0,0.0,0,0,0,0,0,0,0,0
7176-88083-0017_4446-2271-0004__T1__NBASIC__7176,7176,4446,6,28.555403460379583,0.0,0.0,0.0,0.0,0.0,0.0,0.0,0.0,0,0,0,0,0,0,0,0
7176-88083-0017_4446-2271-0004__T2__NBASIC__4446,4446,7176,6,32.263628281104054,0.0,0.0,0.0,0.0,0.0,0.0,0.0,0.0,0,0,0,0,0,0,0,0
7176-88083-0019_61-70968-0019__T1__NBASIC__7176,7176,61,9,24.737199404725423,0.0,0.1111111111111111,0.0,0.0,0.0,0.0,0.0,0.0,0,0,0,0,0,0,0,0
7176-88083-0019_61-70968-0019__T2__NBASIC__61,61,7176,9,-9.077691372537826,1.0,0.6666666666666666,0.6666666666666666,0.6666666666666666,0.6666666666666666,0.6666666666666666,0.6666666666666666,0.6666666666666666,1,1,1,1,1,1,1,1
7176-88083-0022_908-31957-0001__T1__NBASIC__7176,7176,908,17,32.81126101508922,0.0,0.0,0.0,0.0,0.0,0.0,0.0,0.0,0,0,0,0,0,0,0,0
7176-88083-0022_908-31957-0001__T2__NBASIC__908,908,7176,17,23.240754648242657,0.0,0.0,0.11764705882352941,0.058823529411764705,0.0,0.0,0.0,0.0,0,0,0,0,0,0,0,0
7176-88083-0023_2300-131720-0040__T1__NBASIC__7176,7176,2300,9,20.399285700559993,0.0,0.0,0.1111111111111111,0.0,0.0,0.0,0.0,0.0,0,0,0,0,0,0,0,0
7176-88083-0023_2300-131720-0040__T2__NBASIC__2300,2300,7176,9,12.403949166389298,0.2222222222222222,0.3333333333333333,0.2222222222222222,0.3333333333333333,0.2222222222222222,0.1111111111111111,0.2222222222222222,0.1111111111111111,1,1,1,1,1,0,1,0
7176-92135-0012_4992-41797-0000__T1__NBASIC__7176,7176,4992,9,39.97602467298978,0.0,0.0,0.0,0.0,0.0,0.0,0.0,0.0,0,0,0,0,0,0,0,0
7176-92135-0012_4992-41797-0000__T2__NBASIC__4992,4992,7176,9,44.96133304827119,0.0,0.1111111111111111,0.0,0.0,0.0,0.0,0.0,0.0,0,0,0,0,0,0,0,0
7176-92135-0013_61-70970-0031__T1__NBASIC__7176,7176,61,5,2.851821082877435,0.2,0.8,0.4,0.8,0.4,0.2,0.4,0.2,1,1,1,1,1,1,1,1
7176-92135-0013_61-70970-0031__T2__NBASIC__61,61,7176,5,2.1558247588622828,0.2,0.2,0.2,0.0,0.2,0.0,0.0,0.0,1,0,0,0,1,0,0,0
7176-92135-0014_1089-134691-0004__T1__NBASIC__7176,7176,1089,9,22.310163559782385,0.0,0.1111111111111111,0.0,0.0,0.0,0.0,0.0,0.0,0,0,0,0,0,0,0,0
7176-92135-0014_1089-134691-0004__T2__NBASIC__1089,1089,7176,9,27.14469888307734,0.0,0.0,0.0,0.0,0.0,0.0,0.0,0.0,0,0,0,0,0,0,0,0
7176-92135-0020_2830-3980-0029__T1__NBASIC__7176,7176,2830,13,14.492138572423762,0.23076923076923078,0.3076923076923077,0.38461538461538464,0.38461538461538464,0.3076923076923077,0.23076923076923078,0.23076923076923078,0.23076923076923078,1,1,1,1,1,1,1,1
7176-92135-0020_2830-3980-0029__T2__NBASIC__2830,2830,7176,13,16.788217940367637,0.0,0.38461538461538464,0.46153846153846156,0.3076923076923077,0.38461538461538464,0.0,0.3076923076923077,0.0,1,0,1,0,1,0,1,0
7176-92135-0022_1995-1837-0017__T1__NBASIC__7176,7176,1995,5,26.051161855962242,0.0,0.0,0.0,0.0,0.0,0.0,0.0,0.0,0,0,0,0,0,0,0,0
7176-92135-0022_1995-1837-0017__T2__NBASIC__1995,1995,7176,5,31.593985528339704,0.0,0.0,0.0,0.0,0.0,0.0,0.0,0.0,0,0,0,0,0,0,0,0
7176-92135-0023_1188-133604-0032__T1__NBASIC__7176,7176,1188,11,-9.6737067373582,0.6363636363636364,0.5454545454545454,0.5454545454545454,0.7272727272727273,0.5454545454545454,0.45454545454545453,0.5454545454545454,0.45454545454545453,1,1,1,1,1,1,1,1
7176-92135-0023_1188-133604-0032__T2__NBASIC__1188,1188,7176,11,27.642664960941264,0.0,0.0,0.0,0.0,0.0,0.0,0.0,0.0,0,0,0,0,0,0,0,0
7176-92135-0028_8455-210777-0024__T1__NBASIC__7176,7176,8455,5,-17.820779720690894,1.0,0.4,0.4,0.8,0.2,0.2,0.2,0.2,1,1,1,1,1,1,1,1
7176-92135-0028_8455-210777-0024__T2__NBASIC__8455,8455,7176,5,35.79451671031716,0.0,0.2,0.2,0.0,0.2,0.0,0.0,0.0,1,0,0,0,1,0,0,0
7176-92135-0031_8224-274384-0002__T1__NBASIC__7176,7176,8224,18,30.773818524813073,0.0,0.0,0.0,0.0,0.0,0.0,0.0,0.0,0,0,0,0,0,0,0,0
7176-92135-0031_8224-274384-0002__T2__NBASIC__8224,8224,7176,18,18.684104030646793,0.05555555555555555,0.16666666666666666,0.16666666666666666,0.16666666666666666,0.1111111111111111,0.0,0.1111111111111111,0.0,1,0,1,0,0,0,0,0
7176-92135-0034_4992-41806-0012__T1__NBASIC__7176,7176,4992,7,32.28018397909336,0.0,0.0,0.0,0.0,0.0,0.0,0.0,0.0,0,0,0,0,0,0,0,0
7176-92135-0034_4992-41806-0012__T2__NBASIC__4992,4992,7176,7,33.23103725467378,0.0,0.14285714285714285,0.0,0.0,0.0,0.0,0.0,0.0,0,0,0,0,0,0,0,0
7176-92135-0035_7729-102255-0029__T1__NBASIC__7176,7176,7729,5,36.889124686945266,0.0,0.0,0.0,0.0,0.0,0.0,0.0,0.0,0,0,0,0,0,0,0,0
7176-92135-0035_7729-102255-0029__T2__NBASIC__7729,7729,7176,5,25.259245418290348,0.0,0.2,0.0,0.2,0.0,0.0,0.0,0.0,0,0,0,0,0,0,0,0
7176-92135-0041_672-122797-0045__T1__NBASIC__7176,7176,672,8,1.7250698045573492,0.375,0.75,0.875,0.875,0.75,0.375,0.625,0.375,1,1,1,1,1,1,1,1
7176-92135-0041_672-122797-0045__T2__NBASIC__672,672,7176,8,27.76091399540395,0.0,0.0,0.0,0.0,0.0,0.0,0.0,0.0,0,0,0,0,0,0,0,0
7176-92135-0042_7021-79730-0001__T1__NBASIC__7176,7176,7021,13,-12.622512379123775,0.9230769230769231,0.6153846153846154,0.46153846153846156,0.38461538461538464,0.46153846153846156,0.46153846153846156,0.38461538461538464,0.38461538461538464,1,1,1,1,1,1,1,1
7176-92135-0042_7021-79730-0001__T2__NBASIC__7021,7021,7176,13,11.646919249221286,0.15384615384615385,0.6153846153846154,0.5384615384615384,0.6923076923076923,0.5384615384615384,0.15384615384615385,0.5384615384615384,0.15384615384615385,1,1,1,1,1,0,1,0
7176-92135-0043_2830-3979-0001__T1__NBASIC__7176,7176,2830,25,27.357765126349854,0.0,0.04,0.04,0.0,0.04,0.0,0.0,0.0,1,0,0,0,0,0,0,0
7176-92135-0043_2830-3979-0001__T2__NBASIC__2830,2830,7176,25,24.74244791239686,0.0,0.08,0.2,0.04,0.08,0.0,0.04,0.0,1,0,1,0,0,0,0,0
7176-92135-0045_4970-29095-0033__T1__NBASIC__7176,7176,4970,9,44.22221792424639,0.0,0.0,0.0,0.0,0.0,0.0,0.0,0.0,0,0,0,0,0,0,0,0
7176-92135-0045_4970-29095-0033__T2__NBASIC__4970,4970,7176,9,39.758514431836645,0.0,0.0,0.0,0.0,0.0,0.0,0.0,0.0,0,0,0,0,0,0,0,0
7729-102255-0001_260-123286-0006__T1__NBASIC__7729,7729,260,5,15.701485266254913,0.0,0.2,0.0,0.2,0.0,0.0,0.0,0.0,0,0,0,0,0,0,0,0
7729-102255-0001_260-123286-0006__T2__NBASIC__260,260,7729,5,25.32680900603661,0.0,0.0,0.0,0.0,0.0,0.0,0.0,0.0,0,0,0,0,0,0,0,0
7729-102255-0002_1221-135766-0001__T1__NBASIC__7729,7729,1221,15,39.269611504417284,0.0,0.0,0.0,0.0,0.0,0.0,0.0,0.0,0,0,0,0,0,0,0,0
7729-102255-0002_1221-135766-0001__T2__NBASIC__1221,1221,7729,15,31.23627178079125,0.0,0.0,0.0,0.0,0.0,0.0,0.0,0.0,0,0,0,0,0,0,0,0
7729-102255-0007_1320-122612-0009__T1__NBASIC__7729,7729,1320,6,27.345745488567314,0.0,0.0,0.0,0.0,0.0,0.0,0.0,0.0,0,0,0,0,0,0,0,0
7729-102255-0007_1320-122612-0009__T2__NBASIC__1320,1320,7729,6,21.80900049566504,0.0,0.0,0.16666666666666666,0.0,0.0,0.0,0.0,0.0,0,0,0,0,0,0,0,0
7729-102255-0012_1320-122617-0000__T1__NBASIC__7729,7729,1320,7,25.72011311886903,0.0,0.0,0.0,0.0,0.0,0.0,0.0,0.0,0,0,0,0,0,0,0,0
7729-102255-0012_1320-122617-0000__T2__NBASIC__1320,1320,7729,7,31.74761352368836,0.0,0.0,0.0,0.0,0.0,0.0,0.0,0.0,0,0,0,0,0,0,0,0
7729-102255-0014_4446-2271-0011__T1__NBASIC__7729,7729,4446,6,33.59807125298461,0.0,0.0,0.0,0.0,0.0,0.0,0.0,0.0,0,0,0,0,0,0,0,0
7729-102255-0014_4446-2271-0011__T2__NBASIC__4446,4446,7729,6,26.848947335706406,0.0,0.0,0.0,0.0,0.0,0.0,0.0,0.0,0,0,0,0,0,0,0,0
7729-102255-0015_7127-75946-0012__T1__NBASIC__7729,7729,7127,18,30.23628557486091,0.0,0.0,0.0,0.0,0.0,0.0,0.0,0.0,0,0,0,0,0,0,0,0
7729-102255-0015_7127-75946-0012__T2__NBASIC__7127,7127,7729,18,25.74296373362662,0.0,0.0,0.0,0.0,0.0,0.0,0.0,0.0,0,0,0,0,0,0,0,0
7729-102255-0017_672-122797-0063__T1__NBASIC__7729,7729,672,9,36.599563016783044,0.0,0.0,0.0,0.0,0.0,0.0,0.0,0.0,0,0,0,0,0,0,0,0
7729-102255-0017_672-122797-0063__T2__NBASIC__672,672,7729,9,26.99665465364412,0.0,0.1111111111111111,0.1111111111111111,0.0,0.1111111111111111,0.0,0.0,0.0,1,0,0,0,0,0,0,0
7729-102255-0018_7127-75946-0024__T1__NBASIC__7729,7729,7127,9,14.1754677884129,0.0,0.0,0.0,0.0,0.0,0.0,0.0,0.0,0,0,0,0,0,0,0,0
7729-102255-0018_7127-75946-0024__T2__NBASIC__7127,7127,7729,9,13.870226714156175,0.0,0.0,0.0,0.0,0.0,0.0,0.0,0.0,0,0,0,0,0,0,0,0
7729-102255-0021_61-70968-0050__T1__NBASIC__7729,7729,61,10,21.363780984313475,0.0,0.2,0.0,0.0,0.0,0.0,0.0,0.0,0,0,0,0,0,0,0,0
7729-102255-0021_61-70968-0050__T2__NBASIC__61,61,7729,10,19.574257048475616,0.0,0.0,0.0,0.0,0.0,0.0,0.0,0.0,0,0,0,0,0,0,0,0
7729-102255-0023_2094-142345-0014__T1__NBASIC__7729,7729,2094,9,25.987198108379452,0.0,0.0,0.0,0.0,0.0,0.0,0.0,0.0,0,0,0,0,0,0,0,0
7729-102255-0023_2094-142345-0014__T2__NBASIC__2094,2094,7729,9,33.035366186680875,0.0,0.0,0.0,0.0,0.0,0.0,0.0,0.0,0,0,0,0,0,0,0,0
7729-102255-0023_61-70968-0033__T1__NBASIC__7729,7729,61,9,21.210577482055605,0.0,0.0,0.1111111111111111,0.0,0.0,0.0,0.0,0.0,0,0,0,0,0,0,0,0
7729-102255-0023_61-70968-0033__T2__NBASIC__61,61,7729,9,18.170976272549186,0.0,0.0,0.0,0.0,0.0,0.0,0.0,0.0,0,0,0,0,0,0,0,0
7729-102255-0024_61-70970-0002__T1__NBASIC__7729,7729,61,7,23.996396451161853,0.0,0.0,0.0,0.0,0.0,0.0,0.0,0.0,0,0,0,0,0,0,0,0
7729-102255-0024_61-70970-0002__T2__NBASIC__61,61,7729,7,16.813244321296338,0.0,0.0,0.0,0.0,0.0,0.0,0.0,0.0,0,0,0,0,0,0,0,0
7729-102255-0025_5639-40744-0026__T1__NBASIC__7729,7729,5639,9,35.93296930273432,0.0,0.0,0.0,0.0,0.0,0.0,0.0,0.0,0,0,0,0,0,0,0,0
7729-102255-0025_5639-40744-0026__T2__NBASIC__5639,5639,7729,9,31.07042116755225,0.0,0.0,0.0,0.0,0.0,0.0,0.0,0.0,0,0,0,0,0,0,0,0
7729-102255-0026_2961-961-0000__T1__NBASIC__7729,7729,2961,8,30.370744565500754,0.0,0.0,0.0,0.125,0.0,0.0,0.0,0.0,0,0,0,0,0,0,0,0
7729-102255-0026_2961-961-0000__T2__NBASIC__2961,2961,7729,8,36.67825793382293,0.0,0.0,0.0,0.0,0.0,0.0,0.0,0.0,0,0,0,0,0,0,0,0
7729-102255-0027_8463-294828-0017__T1__NBASIC__7729,7729,8463,10,43.16268512870368,0.0,0.0,0.0,0.0,0.0,0.0,0.0,0.0,0,0,0,0,0,0,0,0
7729-102255-0027_8463-294828-0017__T2__NBASIC__8463,8463,7729,10,33.58816276560739,0.0,0.0,0.0,0.0,0.0,0.0,0.0,0.0,0,0,0,0,0,0,0,0
7729-102255-0028_6930-75918-0019__T1__NBASIC__7729,7729,6930,18,34.260395521396596,0.0,0.0,0.0,0.0,0.0,0.0,0.0,0.0,0,0,0,0,0,0,0,0
7729-102255-0028_6930-75918-0019__T2__NBASIC__6930,6930,7729,18,30.286855209770096,0.0,0.0,0.0,0.0,0.0,0.0,0.0,0.0,0,0,0,0,0,0,0,0
7729-102255-0030_5142-33396-0001__T1__NBASIC__7729,7729,5142,9,41.10302409120077,0.0,0.0,0.0,0.0,0.0,0.0,0.0,0.0,0,0,0,0,0,0,0,0
7729-102255-0030_5142-33396-0001__T2__NBASIC__5142,5142,7729,9,34.15281114961188,0.0,0.0,0.0,0.0,0.0,0.0,0.0,0.0,0,0,0,0,0,0,0,0
7729-102255-0033_61-70968-0010__T1__NBASIC__7729,7729,61,12,19.698792604507084,0.0,0.16666666666666666,0.08333333333333333,0.08333333333333333,0.0,0.0,0.0,0.0,0,0,0,0,0,0,0,0
7729-102255-0033_61-70968-0010__T2__NBASIC__61,61,7729,12,19.5414136242727,0.0,0.08333333333333333,0.0,0.0,0.0,0.0,0.0,0.0,0,0,0,0,0,0,0,0
7729-102255-0035_61-70968-0005__T1__NBASIC__7729,7729,61,9,27.26069493327818,0.0,0.0,0.0,0.0,0.0,0.0,0.0,0.0,0,0,0,0,0,0,0,0
7729-102255-0035_61-70968-0005__T2__NBASIC__61,61,7729,9,5.597776299643598,0.1111111111111111,0.1111111111111111,0.2222222222222222,0.0,0.0,0.0,0.0,0.0,0,0,0,0,0,0,0,0
7729-102255-0036_1580-141083-0031__T1__NBASIC__7729,7729,1580,11,42.38381754578195,0.0,0.0,0.0,0.0,0.0,0.0,0.0,0.0,0,0,0,0,0,0,0,0
7729-102255-0036_1580-141083-0031__T2__NBASIC__1580,1580,7729,11,25.696871422149272,0.0,0.0,0.0,0.0,0.0,0.0,0.0,0.0,0,0,0,0,0,0,0,0
7729-102255-0038_1284-1180-0000__T1__NBASIC__7729,7729,1284,14,28.218388840343458,0.0,0.0,0.0,0.0,0.0,0.0,0.0,0.0,0,0,0,0,0,0,0,0
7729-102255-0038_1284-1180-0000__T2__NBASIC__1284,1284,7729,14,32.96329927162398,0.0,0.0,0.0,0.0,0.0,0.0,0.0,0.0,0,0,0,0,0,0,0,0
7729-102255-0039_121-127105-0006__T1__NBASIC__7729,7729,121,8,40.80946646505343,0.0,0.0,0.0,0.0,0.0,0.0,0.0,0.0,0,0,0,0,0,0,0,0
7729-102255-0039_121-127105-0006__T2__NBASIC__121,121,7729,8,31.19857404753818,0.0,0.0,0.0,0.0,0.0,0.0,0.0,0.0,0,0,0,0,0,0,0,0
7729-102255-0042_121-121726-0005__T1__NBASIC__7729,7729,121,5,58.22718358788889,0.0,0.0,0.0,0.0,0.0,0.0,0.0,0.0,0,0,0,0,0,0,0,0
7729-102255-0042_121-121726-0005__T2__NBASIC__121,121,7729,5,36.74390684951127,0.0,0.4,0.4,0.0,0.4,0.0,0.0,0.0,1,0,0,0,1,0,0,0
7729-102255-0043_1284-1180-0003__T1__NBASIC__7729,7729,1284,8,33.419742057562296,0.0,0.0,0.0,0.0,0.0,0.0,0.0,0.0,0,0,0,0,0,0,0,0
7729-102255-0043_1284-1180-0003__T2__NBASIC__1284,1284,7729,8,27.426618970235236,0.0,0.0,0.125,0.125,0.0,0.0,0.0,0.0,0,0,0,0,0,0,0,0
8224-274381-0010_5105-28240-0000__T1__NBASIC__8224,8224,5105,9,32.193196233153635,0.0,0.1111111111111111,0.0,0.0,0.0,0.0,0.0,0.0,0,0,0,0,0,0,0,0
8224-274381-0010_5105-28240-0000__T2__NBASIC__5105,5105,8224,9,29.761830115840834,0.0,0.0,0.0,0.0,0.0,0.0,0.0,0.0,0,0,0,0,0,0,0,0
8224-274381-0011_5683-32865-0010__T1__NBASIC__8224,8224,5683,11,37.52641869831455,0.0,0.0,0.0,0.0,0.0,0.0,0.0,0.0,0,0,0,0,0,0,0,0
8224-274381-0011_5683-32865-0010__T2__NBASIC__5683,5683,8224,11,38.28880001464025,0.0,0.09090909090909091,0.0,0.0,0.0,0.0,0.0,0.0,0,0,0,0,0,0,0,0
8224-274381-0013_1320-122617-0013__T1__NBASIC__8224,8224,1320,20,16.24202103309762,0.05,0.25,0.25,0.25,0.15,0.05,0.15,0.05,1,1,1,1,0,0,0,0
8224-274381-0013_1320-122617-0013__T2__NBASIC__1320,1320,8224,20,19.00599303816817,0.0,0.0,0.05,0.05,0.0,0.0,0.0,0.0,0,0,0,0,0,0,0,0
8224-274384-0000_5683-32865-0004__T1__NBASIC__8224,8224,5683,13,24.482451206233677,0.0,0.07692307692307693,0.0,0.0,0.0,0.0,0.0,0.0,0,0,0,0,0,0,0,0
8224-274384-0000_5683-32865-0004__T2__NBASIC__5683,5683,8224,13,27.22787113321432,0.0,0.0,0.0,0.0,0.0,0.0,0.0,0.0,0,0,0,0,0,0,0,0
8224-274384-0003_3570-5694-0016__T1__NBASIC__8224,8224,3570,6,30.446918661156495,0.0,0.0,0.0,0.0,0.0,0.0,0.0,0.0,0,0,0,0,0,0,0,0
8224-274384-0003_3570-5694-0016__T2__NBASIC__3570,3570,8224,6,33.592976780801045,0.0,0.0,0.0,0.0,0.0,0.0,0.0,0.0,0,0,0,0,0,0,0,0
8224-274384-0005_5639-40744-0021__T1__NBASIC__8224,8224,5639,16,26.765071287767594,0.0,0.0625,0.125,0.0,0.0,0.0,0.0,0.0,0,0,0,0,0,0,0,0
8224-274384-0005_5639-40744-0021__T2__NBASIC__5639,5639,8224,16,22.179141081041415,0.0,0.0625,0.0625,0.0,0.0,0.0,0.0,0.0,0,0,0,0,0,0,0,0
8224-274384-0007_2961-961-0019__T1__NBASIC__8224,8224,2961,11,42.395059588874055,0.0,0.0,0.0,0.0,0.0,0.0,0.0,0.0,0,0,0,0,0,0,0,0
8224-274384-0007_2961-961-0019__T2__NBASIC__2961,2961,8224,11,35.566625580056126,0.0,0.0,0.0,0.0,0.0,0.0,0.0,0.0,0,0,0,0,0,0,0,0
8230-279154-0001_8555-284447-0005__T1__NBASIC__8230,8230,8555,12,46.65609162855232,0.0,0.0,0.0,0.0,0.0,0.0,0.0,0.0,0,0,0,0,0,0,0,0
8230-279154-0001_8555-284447-0005__T2__NBASIC__8555,8555,8230,12,-42.338929414934434,1.0,1.0,1.0,1.0,1.0,1.0,1.0,1.0,1,1,1,1,1,1,1,1
8230-279154-0003_2300-131720-0011__T1__NBASIC__8230,8230,2300,5,14.300916597853854,0.2,0.2,0.4,0.4,0.2,0.2,0.2,0.2,1,1,1,1,1,1,1,1
8230-279154-0003_2300-131720-0011__T2__NBASIC__2300,2300,8230,5,-3.1662537499877415,0.4,0.6,0.4,0.6,0.4,0.2,0.4,0.2,1,1,1,1,1,1,1,1
8230-279154-0004_7127-75947-0023__T1__NBASIC__8230,8230,7127,9,28.06994075378198,0.0,0.0,0.0,0.0,0.0,0.0,0.0,0.0,0,0,0,0,0,0,0,0
8230-279154-0004_7127-75947-0023__T2__NBASIC__7127,7127,8230,9,30.85010236464589,0.0,0.0,0.0,0.0,0.0,0.0,0.0,0.0,0,0,0,0,0,0,0,0
8230-279154-0005_2300-131720-0038__T1__NBASIC__8230,8230,2300,10,-9.54629505279556,1.0,0.6,0.8,0.6,0.6,0.6,0.6,0.6,1,1,1,1,1,1,1,1
8230-279154-0005_2300-131720-0038__T2__NBASIC__2300,2300,8230,10,25.447053691060006,0.0,0.0,0.0,0.0,0.0,0.0,0.0,0.0,0,0,0,0,0,0,0,0
8230-279154-0007_8555-292519-0007__T1__NBASIC__8230,8230,8555,15,38.23558552471823,0.0,0.0,0.0,0.0,0.0,0.0,0.0,0.0,0,0,0,0,0,0,0,0
8230-279154-0007_8555-292519-0007__T2__NBASIC__8555,8555,8230,15,35.719162761889194,0.0,0.0,0.0,0.0,0.0,0.0,0.0,0.0,0,0,0,0,0,0,0,0
8230-279154-0008_8555-284447-0017__T1__NBASIC__8230,8230,8555,6,28.909581163963022,0.0,0.0,0.0,0.0,0.0,0.0,0.0,0.0,0,0,0,0,0,0,0,0
8230-279154-0008_8555-284447-0017__T2__NBASIC__8555,8555,8230,6,-23.14795702854543,1.0,0.8333333333333334,0.8333333333333334,1.0,0.8333333333333334,0.8333333333333334,0.8333333333333334,0.8333333333333334,1,1,1,1,1,1,1,1
8230-279154-0012_260-123288-0024__T1__NBASIC__8230,8230,260,6,-7.567346468828707,0.6666666666666666,1.0,0.6666666666666666,0.8333333333333334,0.6666666666666666,0.6666666666666666,0.6666666666666666,0.6666666666666666,1,1,1,1,1,1,1,1
8230-279154-0012_260-123288-0024__T2__NBASIC__260,260,8230,6,18.192683707389808,0.0,0.0,0.0,0.0,0.0,0.0,0.0,0.0,0,0,0,0,0,0,0,0
8230-279154-0015_1221-135767-0002__T1__NBASIC__8230,8230,1221,15,40.036295153798015,0.0,0.0,0.0,0.0,0.0,0.0,0.0,0.0,0,0,0,0,0,0,0,0
8230-279154-0015_1221-135767-0002__T2__NBASIC__1221,1221,8230,15,38.07677095022009,0.0,0.0,0.0,0.0,0.0,0.0,0.0,0.0,0,0,0,0,0,0,0,0
8230-279154-0017_8224-274384-0004__T1__NBASIC__8230,8230,8224,14,28.247608785326783,0.0,0.0,0.0,0.0,0.0,0.0,0.0,0.0,0,0,0,0,0,0,0,0
8230-279154-0017_8224-274384-0004__T2__NBASIC__8224,8224,8230,14,20.004019173412797,0.07142857142857142,0.42857142857142855,0.5,0.42857142857142855,0.42857142857142855,0.07142857142857142,0.42857142857142855,0.07142857142857142,1,1,1,1,1,0,1,0
8230-279154-0018_1284-1181-0008__T1__NBASIC__8230,8230,1284,11,33.528293442969684,0.0,0.0,0.0,0.0,0.0,0.0,0.0,0.0,0,0,0,0,0,0,0,0
8230-279154-0018_1284-1181-0008__T2__NBASIC__1284,1284,8230,11,41.52315810247754,0.0,0.0,0.0,0.0,0.0,0.0,0.0,0.0,0,0,0,0,0,0,0,0
8230-279154-0022_4446-2271-0009__T1__NBASIC__8230,8230,4446,11,32.98722143687271,0.0,0.0,0.0,0.0,0.0,0.0,0.0,0.0,0,0,0,0,0,0,0,0
8230-279154-0022_4446-2271-0009__T2__NBASIC__4446,4446,8230,11,34.71952920762814,0.0,0.0,0.0,0.0,0.0,0.0,0.0,0.0,0,0,0,0,0,0,0,0
8230-279154-0026_672-122797-0020__T1__NBASIC__8230,8230,672,16,20.476668192553326,0.0,0.4375,0.25,0.1875,0.25,0.0,0.1875,0.0,1,0,1,0,1,0,0,0
8230-279154-0026_672-122797-0020__T2__NBASIC__672,672,8230,16,31.38886494780838,0.0,0.0,0.0,0.0,0.0,0.0,0.0,0.0,0,0,0,0,0,0,0,0
8230-279154-0027_7127-75946-0021__T1__NBASIC__8230,8230,7127,5,41.03956446229845,0.0,0.0,0.0,0.0,0.0,0.0,0.0,0.0,0,0,0,0,0,0,0,0
8230-279154-0027_7127-75946-0021__T2__NBASIC__7127,7127,8230,5,24.64771073724032,0.0,0.0,0.2,0.0,0.0,0.0,0.0,0.0,0,0,0,0,0,0,0,0
8230-279154-0029_4446-2275-0022__T1__NBASIC__8230,8230,4446,5,36.62516433457461,0.0,0.0,0.0,0.0,0.0,0.0,0.0,0.0,0,0,0,0,0,0,0,0
8230-279154-0029_4446-2275-0022__T2__NBASIC__4446,4446,8230,5,38.42321969876246,0.0,0.0,0.0,0.0,0.0,0.0,0.0,0.0,0,0,0,0,0,0,0,0
8230-279154-0030_61-70970-0030__T1__NBASIC__8230,8230,61,5,18.149296810210025,0.0,0.8,0.8,0.6,0.8,0.0,0.6,0.0,1,0,1,0,1,0,1,0
8230-279154-0030_61-70970-0030__T2__NBASIC__61,61,8230,5,12.832622690127858,0.0,0.0,0.0,0.0,0.0,0.0,0.0,0.0,0,0,0,0,0,0,0,0
8230-279154-0031_237-126133-0016__T1__NBASIC__8230,8230,237,7,40.81360406698157,0.0,0.0,0.0,0.0,0.0,0.0,0.0,0.0,0,0,0,0,0,0,0,0
8230-279154-0031_237-126133-0016__T2__NBASIC__237,237,8230,7,32.53514260304956,0.0,0.0,0.0,0.0,0.0,0.0,0.0,0.0,0,0,0,0,0,0,0,0
8230-279154-0032_3570-5695-0000__T1__NBASIC__8230,8230,3570,6,38.10239404508391,0.0,0.0,0.0,0.0,0.0,0.0,0.0,0.0,0,0,0,0,0,0,0,0
8230-279154-0032_3570-5695-0000__T2__NBASIC__3570,3570,8230,6,39.68581012523968,0.0,0.0,0.0,0.0,0.0,0.0,0.0,0.0,0,0,0,0,0,0,0,0
8230-279154-0034_5142-33396-0014__T1__NBASIC__8230,8230,5142,5,34.55650902871674,0.0,0.0,0.0,0.0,0.0,0.0,0.0,0.0,0,0,0,0,0,0,0,0
8230-279154-0034_5142-33396-0014__T2__NBASIC__5142,5142,8230,5,33.37018245425836,0.0,0.0,0.0,0.0,0.0,0.0,0.0,0.0,0,0,0,0,0,0,0,0
8230-279154-0035_1580-141084-0047__T1__NBASIC__8230,8230,1580,9,34.67331033149424,0.0,0.0,0.0,0.0,0.0,0.0,0.0,0.0,0,0,0,0,0,0,0,0
8230-279154-0035_1580-141084-0047__T2__NBASIC__1580,1580,8230,9,31.945826993186937,0.0,0.0,0.0,0.0,0.0,0.0,0.0,0.0,0,0,0,0,0,0,0,0
8455-210777-0000_5142-33396-0051__T1__NBASIC__8455,8455,5142,10,42.19243751567731,0.0,0.0,0.0,0.0,0.0,0.0,0.0,0.0,0,0,0,0,0,0,0,0
8455-210777-0000_5142-33396-0051__T2__NBASIC__5142,5142,8455,10,30.72962038381761,0.0,0.0,0.0,0.0,0.0,0.0,0.0,0.0,0,0,0,0,0,0,0,0
8455-210777-0001_237-126133-0021__T1__NBASIC__8455,8455,237,7,43.29653310407151,0.0,0.0,0.0,0.0,0.0,0.0,0.0,0.0,0,0,0,0,0,0,0,0
8455-210777-0001_237-126133-0021__T2__NBASIC__237,237,8455,7,39.487469166174,0.0,0.0,0.0,0.0,0.0,0.0,0.0,0.0,0,0,0,0,0,0,0,0
8455-210777-0004_4507-16021-0034__T1__NBASIC__8455,8455,4507,14,40.522756928020264,0.0,0.0,0.0,0.0,0.0,0.0,0.0,0.0,0,0,0,0,0,0,0,0
8455-210777-0004_4507-16021-0034__T2__NBASIC__4507,4507,8455,14,39.7108129959793,0.0,0.0,0.0,0.0,0.0,0.0,0.0,0.0,0,0,0,0,0,0,0,0
8455-210777-0006_1995-1826-0022__T1__NBASIC__8455,8455,1995,8,32.90514187395829,0.0,0.0,0.0,0.0,0.0,0.0,0.0,0.0,0,0,0,0,0,0,0,0
8455-210777-0006_1995-1826-0022__T2__NBASIC__1995,1995,8455,8,39.72991658744484,0.0,0.0,0.0,0.0,0.0,0.0,0.0,0.0,0,0,0,0,0,0,0,0
8455-210777-0008_8555-292519-0000__T1__NBASIC__8455,8455,8555,22,47.242783664060276,0.0,0.0,0.0,0.0,0.0,0.0,0.0,0.0,0,0,0,0,0,0,0,0
8455-210777-0008_8555-292519-0000__T2__NBASIC__8555,8555,8455,22,44.7332167560898,0.0,0.0,0.0,0.0,0.0,0.0,0.0,0.0,0,0,0,0,0,0,0,0
8455-210777-0009_2830-3980-0068__T1__NBASIC__8455,8455,2830,8,38.161638479109854,0.0,0.0,0.0,0.0,0.0,0.0,0.0,0.0,0,0,0,0,0,0,0,0
8455-210777-0009_2830-3980-0068__T2__NBASIC__2830,2830,8455,8,31.685639190838277,0.0,0.0,0.0,0.0,0.0,0.0,0.0,0.0,0,0,0,0,0,0,0,0
8455-210777-0015_1284-1180-0021__T1__NBASIC__8455,8455,1284,16,39.525015190521465,0.0,0.0,0.0,0.0,0.0,0.0,0.0,0.0,0,0,0,0,0,0,0,0
8455-210777-0015_1284-1180-0021__T2__NBASIC__1284,1284,8455,16,37.61250454096215,0.0,0.0,0.0,0.0,0.0,0.0,0.0,0.0,0,0,0,0,0,0,0,0
8455-210777-0016_2830-3980-0030__T1__NBASIC__8455,8455,2830,9,34.5231215217395,0.0,0.0,0.0,0.0,0.0,0.0,0.0,0.0,0,0,0,0,0,0,0,0
8455-210777-0016_2830-3980-0030__T2__NBASIC__2830,2830,8455,9,30.317017450697293,0.0,0.0,0.0,0.0,0.0,0.0,0.0,0.0,0,0,0,0,0,0,0,0
8455-210777-0017_260-123286-0013__T1__NBASIC__8455,8455,260,8,21.76286527042663,0.0,0.0,0.0,0.0,0.0,0.0,0.0,0.0,0,0,0,0,0,0,0,0
8455-210777-0017_260-123286-0013__T2__NBASIC__260,260,8455,8,16.005133366857514,0.0,0.0,0.0,0.0,0.0,0.0,0.0,0.0,0,0,0,0,0,0,0,0
8455-210777-0018_5142-36377-0015__T1__NBASIC__8455,8455,5142,6,37.51408441615164,0.0,0.0,0.0,0.0,0.0,0.0,0.0,0.0,0,0,0,0,0,0,0,0
8455-210777-0018_5142-36377-0015__T2__NBASIC__5142,5142,8455,6,35.15754199728437,0.0,0.0,0.0,0.0,0.0,0.0,0.0,0.0,0,0,0,0,0,0,0,0
8455-210777-0019_2094-142345-0059__T1__NBASIC__8455,8455,2094,15,35.192960374723874,0.0,0.0,0.0,0.0,0.0,0.0,0.0,0.0,0,0,0,0,0,0,0,0
8455-210777-0019_2094-142345-0059__T2__NBASIC__2094,2094,8455,15,38.94058939972165,0.0,0.0,0.0,0.0,0.0,0.0,0.0,0.0,0,0,0,0,0,0,0,0
8455-210777-0020_61-70968-0054__T1__NBASIC__8455,8455,61,5,32.81935938260782,0.0,0.2,0.0,0.0,0.0,0.0,0.0,0.0,0,0,0,0,0,0,0,0
8455-210777-0020_61-70968-0054__T2__NBASIC__61,61,8455,5,33.32616523844238,0.0,0.0,0.0,0.0,0.0,0.0,0.0,0.0,0,0,0,0,0,0,0,0
8455-210777-0022_121-127105-0011__T1__NBASIC__8455,8455,121,10,35.405077115930176,0.0,0.0,0.0,0.0,0.0,0.0,0.0,0.0,0,0,0,0,0,0,0,0
8455-210777-0022_121-127105-0011__T2__NBASIC__121,121,8455,10,31.18335332183136,0.0,0.0,0.0,0.0,0.0,0.0,0.0,0.0,0,0,0,0,0,0,0,0
8455-210777-0025_8555-292519-0008__T1__NBASIC__8455,8455,8555,6,32.22417478243433,0.0,0.0,0.0,0.0,0.0,0.0,0.0,0.0,0,0,0,0,0,0,0,0
8455-210777-0025_8555-292519-0008__T2__NBASIC__8555,8555,8455,6,32.472157353719524,0.0,0.0,0.0,0.0,0.0,0.0,0.0,0.0,0,0,0,0,0,0,0,0
8455-210777-0026_4077-13754-0014__T1__NBASIC__8455,8455,4077,5,19.363656039703894,0.0,0.0,0.0,0.0,0.0,0.0,0.0,0.0,0,0,0,0,0,0,0,0
8455-210777-0026_4077-13754-0014__T2__NBASIC__4077,4077,8455,5,17.23621510586273,0.0,0.0,0.0,0.0,0.0,0.0,0.0,0.0,0,0,0,0,0,0,0,0
8455-210777-0027_6930-76324-0021__T1__NBASIC__8455,8455,6930,13,35.12012476238362,0.0,0.07692307692307693,0.0,0.0,0.0,0.0,0.0,0.0,0,0,0,0,0,0,0,0
8455-210777-0027_6930-76324-0021__T2__NBASIC__6930,6930,8455,13,32.942824196542674,0.0,0.0,0.0,0.0,0.0,0.0,0.0,0.0,0,0,0,0,0,0,0,0
8455-210777-0028_6930-76324-0024__T1__NBASIC__8455,8455,6930,6,31.98065369413839,0.0,0.0,0.0,0.0,0.0,0.0,0.0,0.0,0,0,0,0,0,0,0,0
8455-210777-0028_6930-76324-0024__T2__NBASIC__6930,6930,8455,6,34.86192581190125,0.0,0.0,0.0,0.0,0.0,0.0,0.0,0.0,0,0,0,0,0,0,0,0
8455-210777-0029_1089-134686-0020__T1__NBASIC__8455,8455,1089,5,0.37053355325769066,0.2,0.8,0.8,0.6,0.6,0.0,0.4,0.0,1,0,1,0,1,0,1,0
8455-210777-0029_1089-134686-0020__T2__NBASIC__1089,1089,8455,5,27.605185104274046,0.0,0.0,0.0,0.0,0.0,0.0,0.0,0.0,0,0,0,0,0,0,0,0
8455-210777-0033_1284-1180-0008__T1__NBASIC__8455,8455,1284,14,28.46363150320848,0.0,0.0,0.0,0.0,0.0,0.0,0.0,0.0,0,0,0,0,0,0,0,0
8455-210777-0033_1284-1180-0008__T2__NBASIC__1284,1284,8455,14,31.157714569118152,0.0,0.0,0.0,0.0,0.0,0.0,0.0,0.0,0,0,0,0,0,0,0,0
8455-210777-0034_8555-284449-0004__T1__NBASIC__8455,8455,8555,14,41.01312389979386,0.0,0.0,0.0,0.0,0.0,0.0,0.0,0.0,0,0,0,0,0,0,0,0
8455-210777-0034_8555-284449-0004__T2__NBASIC__8555,8555,8455,14,-37.67859504731279,1.0,1.0,1.0,1.0,1.0,1.0,1.0,1.0,1,1,1,1,1,1,1,1
8455-210777-0039_1580-141083-0033__T1__NBASIC__8455,8455,1580,10,32.93007564856118,0.0,0.0,0.0,0.0,0.0,0.0,0.0,0.0,0,0,0,0,0,0,0,0
8455-210777-0039_1580-141083-0033__T2__NBASIC__1580,1580,8455,10,36.59283375147911,0.0,0.0,0.0,0.0,0.0,0.0,0.0,0.0,0,0,0,0,0,0,0,0
8455-210777-0040_7127-75946-0028__T1__NBASIC__8455,8455,7127,11,22.46925122724963,0.0,0.0,0.0,0.0,0.0,0.0,0.0,0.0,0,0,0,0,0,0,0,0
8455-210777-0040_7127-75946-0028__T2__NBASIC__7127,7127,8455,11,26.65920166805549,0.0,0.0,0.0,0.0,0.0,0.0,0.0,0.0,0,0,0,0,0,0,0,0
8455-210777-0041_5683-32879-0019__T1__NBASIC__8455,8455,5683,11,41.96112538621793,0.0,0.0,0.0,0.0,0.0,0.0,0.0,0.0,0,0,0,0,0,0,0,0
8455-210777-0041_5683-32879-0019__T2__NBASIC__5683,5683,8455,11,37.05624270534406,0.0,0.0,0.0,0.0,0.0,0.0,0.0,0.0,0,0,0,0,0,0,0,0
8455-210777-0042_5639-40744-0037__T1__NBASIC__8455,8455,5639,8,21.772679544941795,0.0,0.0,0.0,0.0,0.0,0.0,0.0,0.0,0,0,0,0,0,0,0,0
8455-210777-0042_5639-40744-0037__T2__NBASIC__5639,5639,8455,8,26.27653817786437,0.0,0.0,0.0,0.0,0.0,0.0,0.0,0.0,0,0,0,0,0,0,0,0
8455-210777-0044_4507-16021-0015__T1__NBASIC__8455,8455,4507,6,31.377913227149882,0.0,0.0,0.0,0.0,0.0,0.0,0.0,0.0,0,0,0,0,0,0,0,0
8455-210777-0044_4507-16021-0015__T2__NBASIC__4507,4507,8455,6,25.870852885506572,0.0,0.0,0.0,0.0,0.0,0.0,0.0,0.0,0,0,0,0,0,0,0,0
8455-210777-0046_3575-170457-0020__T1__NBASIC__8455,8455,3575,16,33.27360803035729,0.0,0.0,0.0,0.0,0.0,0.0,0.0,0.0,0,0,0,0,0,0,0,0
8455-210777-0046_3575-170457-0020__T2__NBASIC__3575,3575,8455,16,40.10184597062956,0.0,0.0,0.0,0.0,0.0,0.0,0.0,0.0,0,0,0,0,0,0,0,0
8455-210777-0050_4992-23283-0015__T1__NBASIC__8455,8455,4992,6,31.595281911467744,0.0,0.0,0.0,0.0,0.0,0.0,0.0,0.0,0,0,0,0,0,0,0,0
8455-210777-0050_4992-23283-0015__T2__NBASIC__4992,4992,8455,6,26.463692829293194,0.0,0.0,0.0,0.0,0.0,0.0,0.0,0.0,0,0,0,0,0,0,0,0
8455-210777-0052_61-70970-0014__T1__NBASIC__8455,8455,61,4,38.636012543468404,0.0,0.0,0.0,0.0,0.0,0.0,0.0,0.0,0,0,0,0,0,0,0,0
8455-210777-0052_61-70970-0014__T2__NBASIC__61,61,8455,4,22.130242935788864,0.0,0.0,0.0,0.0,0.0,0.0,0.0,0.0,0,0,0,0,0,0,0,0
8455-210777-0053_1580-141084-0041__T1__NBASIC__8455,8455,1580,12,37.879968144183565,0.0,0.0,0.0,0.0,0.0,0.0,0.0,0.0,0,0,0,0,0,0,0,0
8455-210777-0053_1580-141084-0041__T2__NBASIC__1580,1580,8455,12,33.053533087335225,0.0,0.0,0.0,0.0,0.0,0.0,0.0,0.0,0,0,0,0,0,0,0,0
8455-210777-0055_4970-29095-0002__T1__NBASIC__8455,8455,4970,9,33.96864741240764,0.0,0.0,0.0,0.0,0.0,0.0,0.0,0.0,0,0,0,0,0,0,0,0
8455-210777-0055_4970-29095-0002__T2__NBASIC__4970,4970,8455,9,31.56781901438268,0.0,0.0,0.0,0.1111111111111111,0.0,0.0,0.0,0.0,0,0,0,0,0,0,0,0
8455-210777-0056_6829-68771-0008__T1__NBASIC__8455,8455,6829,10,27.534212364477,0.0,0.0,0.0,0.0,0.0,0.0,0.0,0.0,0,0,0,0,0,0,0,0
8455-210777-0056_6829-68771-0008__T2__NBASIC__6829,6829,8455,10,33.36368957279349,0.0,0.0,0.0,0.0,0.0,0.0,0.0,0.0,0,0,0,0,0,0,0,0
8455-210777-0057_1284-1181-0015__T1__NBASIC__8455,8455,1284,9,34.340423448942275,0.0,0.0,0.0,0.0,0.0,0.0,0.0,0.0,0,0,0,0,0,0,0,0
8455-210777-0057_1284-1181-0015__T2__NBASIC__1284,1284,8455,9,26.96384396689442,0.0,0.0,0.0,0.0,0.0,0.0,0.0,0.0,0,0,0,0,0,0,0,0
8455-210777-0058_7176-88083-0006__T1__NBASIC__8455,8455,7176,7,28.837507236930474,0.0,0.0,0.0,0.0,0.0,0.0,0.0,0.0,0,0,0,0,0,0,0,0
8455-210777-0058_7176-88083-0006__T2__NBASIC__7176,7176,8455,7,28.387484372072475,0.0,0.0,0.0,0.0,0.0,0.0,0.0,0.0,0,0,0,0,0,0,0,0
8455-210777-0060_908-157963-0009__T1__NBASIC__8455,8455,908,7,34.717468966529985,0.0,0.0,0.0,0.0,0.0,0.0,0.0,0.0,0,0,0,0,0,0,0,0
8455-210777-0060_908-157963-0009__T2__NBASIC__908,908,8455,7,7.590354967079419,0.14285714285714285,0.5714285714285714,0.14285714285714285,0.14285714285714285,0.14285714285714285,0.14285714285714285,0.0,0.0,1,1,0,0,0,0,0,0
8455-210777-0064_6829-68769-0048__T1__NBASIC__8455,8455,6829,6,39.5050645496956,0.0,0.0,0.0,0.0,0.0,0.0,0.0,0.0,0,0,0,0,0,0,0,0
8455-210777-0064_6829-68769-0048__T2__NBASIC__6829,6829,8455,6,35.73150483445547,0.0,0.0,0.0,0.0,0.0,0.0,0.0,0.0,0,0,0,0,0,0,0,0
8455-210777-0065_1284-1181-0009__T1__NBASIC__8455,8455,1284,6,25.626343951568835,0.0,0.0,0.0,0.0,0.0,0.0,0.0,0.0,0,0,0,0,0,0,0,0
8455-210777-0065_1284-1181-0009__T2__NBASIC__1284,1284,8455,6,28.50111991956815,0.0,0.0,0.0,0.0,0.0,0.0,0.0,0.0,0,0,0,0,0,0,0,0
8455-210777-0067_2830-3979-0009__T1__NBASIC__8455,8455,2830,6,-5.990594793078202,0.8333333333333334,0.6666666666666666,1.0,0.8333333333333334,0.6666666666666666,0.6666666666666666,0.6666666666666666,0.6666666666666666,1,1,1,1,1,1,1,1
8455-210777-0067_2830-3979-0009__T2__NBASIC__2830,2830,8455,6,21.29369648158178,0.0,0.0,0.0,0.0,0.0,0.0,0.0,0.0,0,0,0,0,0,0,0,0
8463-287645-0002_260-123440-0015__T1__NBASIC__8463,8463,260,11,14.658351276468105,0.0,0.09090909090909091,0.2727272727272727,0.09090909090909091,0.0,0.0,0.0,0.0,0,0,0,0,0,0,0,0
8463-287645-0002_260-123440-0015__T2__NBASIC__260,260,8463,11,33.99199174515232,0.0,0.0,0.0,0.0,0.0,0.0,0.0,0.0,0,0,0,0,0,0,0,0
8463-287645-0003_5105-28233-0010__T1__NBASIC__8463,8463,5105,14,11.0173915331515,0.07142857142857142,0.5,0.5714285714285714,0.5,0.5,0.07142857142857142,0.5,0.07142857142857142,1,1,1,1,1,0,1,0
8463-287645-0003_5105-28233-0010__T2__NBASIC__5105,5105,8463,14,39.01556359255114,0.0,0.0,0.0,0.0,0.0,0.0,0.0,0.0,0,0,0,0,0,0,0,0
8463-287645-0008_4507-16021-0001__T1__NBASIC__8463,8463,4507,5,0.8503243460654072,0.4,0.2,0.2,0.0,0.0,0.0,0.0,0.0,0,0,0,0,0,0,0,0
8463-287645-0008_4507-16021-0001__T2__NBASIC__4507,4507,8463,5,26.044767723693344,0.0,0.0,0.0,0.4,0.0,0.0,0.0,0.0,0,0,0,0,0,0,0,0
8463-287645-0009_5683-32866-0001__T1__NBASIC__8463,8463,5683,5,-1.6270269286849304,0.6,0.2,0.6,0.6,0.0,0.0,0.0,0.0,0,0,0,0,0,0,0,0
8463-287645-0009_5683-32866-0001__T2__NBASIC__5683,5683,8463,5,14.792041451488835,0.0,0.0,0.0,0.0,0.0,0.0,0.0,0.0,0,0,0,0,0,0,0,0
8463-287645-0010_3575-170457-0039__T1__NBASIC__8463,8463,3575,7,-14.92764742795271,0.8571428571428571,0.8571428571428571,0.7142857142857143,0.7142857142857143,0.7142857142857143,0.7142857142857143,0.7142857142857143,0.7142857142857143,1,1,1,1,1,1,1,1
8463-287645-0010_3575-170457-0039__T2__NBASIC__3575,3575,8463,7,31.190788899826124,0.0,0.0,0.0,0.14285714285714285,0.0,0.0,0.0,0.0,0,0,0,0,0,0,0,0
8463-287645-0011_2961-960-0005__T1__NBASIC__8463,8463,2961,11,10.699212612291221,0.0,0.36363636363636365,0.2727272727272727,0.36363636363636365,0.2727272727272727,0.0,0.2727272727272727,0.0,1,0,1,0,1,0,1,0
8463-287645-0011_2961-960-0005__T2__NBASIC__2961,2961,8463,11,27.27405752079349,0.0,0.0,0.09090909090909091,0.09090909090909091,0.0,0.0,0.0,0.0,0,0,0,0,0,0,0,0
8463-287645-0012_121-127105-0032__T1__NBASIC__8463,8463,121,5,-5.509327420481111,0.6,0.6,0.8,1.0,0.6,0.4,0.6,0.4,1,1,1,1,1,1,1,1
8463-287645-0012_121-127105-0032__T2__NBASIC__121,121,8463,5,10.14715855577995,0.2,0.0,0.2,0.0,0.0,0.0,0.0,0.0,0,0,0,0,0,0,0,0
8463-287645-0013_5142-33396-0037__T1__NBASIC__8463,8463,5142,6,-35.346675108042206,1.0,1.0,1.0,1.0,1.0,1.0,1.0,1.0,1,1,1,1,1,1,1,1
8463-287645-0013_5142-33396-0037__T2__NBASIC__5142,5142,8463,6,34.83379773774339,0.0,0.0,0.0,0.0,0.0,0.0,0.0,0.0,0,0,0,0,0,0,0,0
8463-294825-0003_6930-81414-0013__T1__NBASIC__8463,8463,6930,13,29.350603371956527,0.0,0.0,0.0,0.0,0.0,0.0,0.0,0.0,0,0,0,0,0,0,0,0
8463-294825-0003_6930-81414-0013__T2__NBASIC__6930,6930,8463,13,30.05031308508627,0.0,0.0,0.0,0.0,0.0,0.0,0.0,0.0,0,0,0,0,0,0,0,0
8463-294825-0004_61-70970-0024__T1__NBASIC__8463,8463,61,6,38.33584397493578,0.0,0.0,0.0,0.0,0.0,0.0,0.0,0.0,0,0,0,0,0,0,0,0
8463-294825-0004_61-70970-0024__T2__NBASIC__61,61,8463,6,40.04108736035019,0.0,0.0,0.0,0.0,0.0,0.0,0.0,0.0,0,0,0,0,0,0,0,0
8463-294825-0005_1089-134691-0019__T1__NBASIC__8463,8463,1089,5,37.52531979519048,0.0,0.0,0.0,0.0,0.0,0.0,0.0,0.0,0,0,0,0,0,0,0,0
8463-294825-0005_1089-134691-0019__T2__NBASIC__1089,1089,8463,5,42.01750010051515,0.0,0.0,0.2,0.0,0.0,0.0,0.0,0.0,0,0,0,0,0,0,0,0
8463-294825-0005_1580-141083-0031__T1__NBASIC__8463,8463,1580,11,36.71364049365944,0.0,0.0,0.0,0.0,0.0,0.0,0.0,0.0,0,0,0,0,0,0,0,0
8463-294825-0005_1580-141083-0031__T2__NBASIC__1580,1580,8463,11,14.548974474267537,0.0,0.18181818181818182,0.18181818181818182,0.09090909090909091,0.09090909090909091,0.0,0.0,0.0,1,0,0,0,0,0,0,0
8463-294825-0010_61-70968-0034__T1__NBASIC__8463,8463,61,7,32.17295577451396,0.0,0.0,0.0,0.0,0.0,0.0,0.0,0.0,0,0,0,0,0,0,0,0
8463-294825-0010_61-70968-0034__T2__NBASIC__61,61,8463,7,30.850735890844106,0.0,0.0,0.0,0.0,0.0,0.0,0.0,0.0,0,0,0,0,0,0,0,0
8463-294825-0013_61-70970-0037__T1__NBASIC__8463,8463,61,10,37.66708597323029,0.0,0.0,0.0,0.0,0.0,0.0,0.0,0.0,0,0,0,0,0,0,0,0
8463-294825-0013_61-70970-0037__T2__NBASIC__61,61,8463,10,35.1531984026459,0.0,0.0,0.1,0.0,0.0,0.0,0.0,0.0,0,0,0,0,0,0,0,0
8463-294825-0016_3575-170457-0032__T1__NBASIC__8463,8463,3575,4,37.645778213745764,0.0,0.0,0.0,0.0,0.0,0.0,0.0,0.0,0,0,0,0,0,0,0,0
8463-294825-0016_3575-170457-0032__T2__NBASIC__3575,3575,8463,4,27.02229469663971,0.0,0.0,0.0,0.0,0.0,0.0,0.0,0.0,0,0,0,0,0,0,0,0
8463-294825-0019_5639-40744-0038__T1__NBASIC__8463,8463,5639,5,30.229017176642433,0.0,0.0,0.0,0.0,0.0,0.0,0.0,0.0,0,0,0,0,0,0,0,0
8463-294825-0019_5639-40744-0038__T2__NBASIC__5639,5639,8463,5,42.507260043952186,0.0,0.0,0.0,0.0,0.0,0.0,0.0,0.0,0,0,0,0,0,0,0,0
8463-294828-0000_7176-92135-0008__T1__NBASIC__8463,8463,7176,6,37.87655795806059,0.0,0.0,0.0,0.0,0.0,0.0,0.0,0.0,0,0,0,0,0,0,0,0
8463-294828-0000_7176-92135-0008__T2__NBASIC__7176,7176,8463,6,51.293844024830875,0.0,0.0,0.0,0.0,0.0,0.0,0.0,0.0,0,0,0,0,0,0,0,0
8463-294828-0001_4507-16021-0028__T1__NBASIC__8463,8463,4507,5,13.730387883724196,0.0,0.0,0.0,0.0,0.0,0.0,0.0,0.0,0,0,0,0,0,0,0,0
8463-294828-0001_4507-16021-0028__T2__NBASIC__4507,4507,8463,5,29.13450533141913,0.0,0.2,0.2,0.2,0.2,0.0,0.2,0.0,1,0,1,0,1,0,1,0
8463-294828-0002_7176-92135-0044__T1__NBASIC__8463,8463,7176,9,37.717075827917164,0.0,0.0,0.0,0.0,0.0,0.0,0.0,0.0,0,0,0,0,0,0,0,0
8463-294828-0002_7176-92135-0044__T2__NBASIC__7176,7176,8463,9,39.7613668331174,0.0,0.0,0.0,0.0,0.0,0.0,0.0,0.0,0,0,0,0,0,0,0,0
8463-294828-0009_3570-5694-0015__T1__NBASIC__8463,8463,3570,7,36.37550059491822,0.0,0.0,0.0,0.0,0.0,0.0,0.0,0.0,0,0,0,0,0,0,0,0
8463-294828-0009_3570-5694-0015__T2__NBASIC__3570,3570,8463,7,35.40987988423878,0.0,0.0,0.0,0.0,0.0,0.0,0.0,0.0,0,0,0,0,0,0,0,0
8463-294828-0012_8555-284447-0009__T1__NBASIC__8463,8463,8555,5,14.53635076209396,0.2,0.0,0.2,0.2,0.0,0.0,0.0,0.0,0,0,0,0,0,0,0,0
8463-294828-0012_8555-284447-0009__T2__NBASIC__8555,8555,8463,5,25.65925584442878,0.0,0.0,0.0,0.0,0.0,0.0,0.0,0.0,0,0,0,0,0,0,0,0
8463-294828-0013_8224-274381-0004__T1__NBASIC__8463,8463,8224,12,40.75970254628634,0.0,0.0,0.0,0.0,0.0,0.0,0.0,0.0,0,0,0,0,0,0,0,0
8463-294828-0013_8224-274381-0004__T2__NBASIC__8224,8224,8463,12,36.8804995147082,0.0,0.0,0.0,0.0,0.0,0.0,0.0,0.0,0,0,0,0,0,0,0,0
8463-294828-0015_2830-3980-0044__T1__NBASIC__8463,8463,2830,5,32.68945745710302,0.0,0.0,0.0,0.0,0.0,0.0,0.0,0.0,0,0,0,0,0,0,0,0
8463-294828-0015_2830-3980-0044__T2__NBASIC__2830,2830,8463,5,40.4769155572208,0.0,0.0,0.0,0.0,0.0,0.0,0.0,0.0,0,0,0,0,0,0,0,0
8463-294828-0023_1580-141083-0036__T1__NBASIC__8463,8463,1580,6,26.876152395619062,0.0,0.0,0.0,0.0,0.0,0.0,0.0,0.0,0,0,0,0,0,0,0,0
8463-294828-0023_1580-141083-0036__T2__NBASIC__1580,1580,8463,6,16.55940561637889,0.0,0.0,0.0,0.0,0.0,0.0,0.0,0.0,0,0,0,0,0,0,0,0
8463-294828-0031_6829-68769-0051__T1__NBASIC__8463,8463,6829,6,37.77262460140135,0.0,0.0,0.0,0.0,0.0,0.0,0.0,0.0,0,0,0,0,0,0,0,0
8463-294828-0031_6829-68769-0051__T2__NBASIC__6829,6829,8463,6,15.604649812144658,0.0,0.3333333333333333,0.16666666666666666,0.16666666666666666,0.16666666666666666,0.0,0.16666666666666666,0.0,1,0,1,0,0,0,0,0
8463-294828-0033_61-70968-0029__T1__NBASIC__8463,8463,61,5,24.488420206662543,0.0,0.0,0.0,0.0,0.0,0.0,0.0,0.0,0,0,0,0,0,0,0,0
8463-294828-0033_61-70968-0029__T2__NBASIC__61,61,8463,5,30.88519421642832,0.0,0.0,0.0,0.0,0.0,0.0,0.0,0.0,0,0,0,0,0,0,0,0
8463-294828-0034_4992-41806-0017__T1__NBASIC__8463,8463,4992,6,15.342601029790664,0.0,0.0,0.0,0.0,0.0,0.0,0.0,0.0,0,0,0,0,0,0,0,0
8463-294828-0034_4992-41806-0017__T2__NBASIC__4992,4992,8463,6,31.824662605187044,0.0,0.0,0.0,0.0,0.0,0.0,0.0,0.0,0,0,0,0,0,0,0,0
8463-294828-0038_4077-13754-0016__T1__NBASIC__8463,8463,4077,22,31.80708518082901,0.0,0.0,0.0,0.0,0.0,0.0,0.0,0.0,0,0,0,0,0,0,0,0
8463-294828-0038_4077-13754-0016__T2__NBASIC__4077,4077,8463,22,33.201157166396726,0.0,0.0,0.0,0.0,0.0,0.0,0.0,0.0,0,0,0,0,0,0,0,0
8555-284447-0000_7021-85628-0009__T1__NBASIC__8555,8555,7021,16,-33.828671781352774,1.0,1.0,1.0,1.0,1.0,1.0,1.0,1.0,1,1,1,1,1,1,1,1
8555-284447-0000_7021-85628-0009__T2__NBASIC__7021,7021,8555,16,41.38371902964803,0.0,0.0,0.0,0.0,0.0,0.0,0.0,0.0,0,0,0,0,0,0,0,0
8555-284447-0001_4077-13751-0003__T1__NBASIC__8555,8555,4077,16,-30.535556374741997,1.0,1.0,0.9375,1.0,0.9375,0.9375,0.9375,0.9375,1,1,1,1,1,1,1,1
8555-284447-0001_4077-13751-0003__T2__NBASIC__4077,4077,8555,16,38.03068522439323,0.0,0.0,0.0,0.0,0.0,0.0,0.0,0.0,0,0,0,0,0,0,0,0
8555-284447-0004_7176-92135-0001__T1__NBASIC__8555,8555,7176,9,-38.30817707893883,1.0,1.0,1.0,1.0,1.0,1.0,1.0,1.0,1,1,1,1,1,1,1,1
8555-284447-0004_7176-92135-0001__T2__NBASIC__7176,7176,8555,9,44.45006576687503,0.0,0.0,0.0,0.0,0.0,0.0,0.0,0.0,0,0,0,0,0,0,0,0
8555-284447-0006_908-31957-0021__T1__NBASIC__8555,8555,908,19,-27.04947557431548,1.0,1.0,0.8947368421052632,1.0,0.8947368421052632,0.8947368421052632,0.8947368421052632,0.8947368421052632,1,1,1,1,1,1,1,1
8555-284447-0006_908-31957-0021__T2__NBASIC__908,908,8555,19,34.273033184022886,0.0,0.0,0.0,0.0,0.0,0.0,0.0,0.0,0,0,0,0,0,0,0,0
8555-284447-0010_7729-102255-0005__T1__NBASIC__8555,8555,7729,9,4.326929833852759,0.3333333333333333,0.5555555555555556,0.5555555555555556,0.4444444444444444,0.5555555555555556,0.3333333333333333,0.4444444444444444,0.3333333333333333,1,1,1,1,1,1,1,1
8555-284447-0010_7729-102255-0005__T2__NBASIC__7729,7729,8555,9,43.18226996224595,0.0,0.0,0.0,0.0,0.0,0.0,0.0,0.0,0,0,0,0,0,0,0,0
8555-284447-0013_3575-170457-0004__T1__NBASIC__8555,8555,3575,5,-13.005815788611217,1.0,0.6,1.0,0.4,0.6,0.6,0.4,0.4,1,1,1,1,1,1,1,1
8555-284447-0013_3575-170457-0004__T2__NBASIC__3575,3575,8555,5,11.481012923180382,0.0,0.4,0.2,0.6,0.2,0.0,0.2,0.0,1,0,1,0,1,0,1,0
8555-284447-0020_908-157963-0014__T1__NBASIC__8555,8555,908,7,-30.331321383836585,1.0,1.0,1.0,1.0,1.0,1.0,1.0,1.0,1,1,1,1,1,1,1,1
8555-284447-0020_908-157963-0014__T2__NBASIC__908,908,8555,7,36.67356732144259,0.0,0.0,0.0,0.0,0.0,0.0,0.0,0.0,0,0,0,0,0,0,0,0
8555-284447-0024_1320-122617-0026__T1__NBASIC__8555,8555,1320,8,24.44736366846979,0.0,0.125,0.25,0.0,0.125,0.0,0.0,0.0,1,0,0,0,0,0,0,0
8555-284447-0024_1320-122617-0026__T2__NBASIC__1320,1320,8555,8,44.58151999600954,0.0,0.0,0.0,0.0,0.0,0.0,0.0,0.0,0,0,0,0,0,0,0,0
8555-284449-0000_6829-68771-0001__T1__NBASIC__8555,8555,6829,19,4.718660808099193,0.21052631578947367,0.2631578947368421,0.3684210526315789,0.42105263157894735,0.15789473684210525,0.05263157894736842,0.15789473684210525,0.05263157894736842,1,1,1,1,0,0,0,0
8555-284449-0000_6829-68771-0001__T2__NBASIC__6829,6829,8555,19,32.064403334994104,0.0,0.0,0.0,0.0,0.0,0.0,0.0,0.0,0,0,0,0,0,0,0,0
8555-284449-0001_4446-2275-0041__T1__NBASIC__8555,8555,4446,8,9.988666720139447,0.0,0.25,0.25,0.25,0.25,0.0,0.25,0.0,1,0,1,0,1,0,1,0
8555-284449-0001_4446-2275-0041__T2__NBASIC__4446,4446,8555,8,35.131601013187144,0.0,0.0,0.0,0.0,0.0,0.0,0.0,0.0,0,0,0,0,0,0,0,0
8555-284449-0003_6930-81414-0027__T1__NBASIC__8555,8555,6930,6,40.99330446124921,0.0,0.0,0.0,0.0,0.0,0.0,0.0,0.0,0,0,0,0,0,0,0,0
8555-284449-0003_6930-81414-0027__T2__NBASIC__6930,6930,8555,6,45.05618358033512,0.0,0.0,0.0,0.0,0.0,0.0,0.0,0.0,0,0,0,0,0,0,0,0
8555-284449-0006_2830-3980-0011__T1__NBASIC__8555,8555,2830,6,-38.53186320460226,1.0,1.0,1.0,1.0,1.0,1.0,1.0,1.0,1,1,1,1,1,1,1,1
8555-284449-0006_2830-3980-0011__T2__NBASIC__2830,2830,8555,6,39.94902688450286,0.0,0.0,0.0,0.0,0.0,0.0,0.0,0.0,0,0,0,0,0,0,0,0
8555-284449-0007_5683-32866-0005__T1__NBASIC__8555,8555,5683,8,18.850877704061432,0.0,0.0,0.0,0.125,0.0,0.0,0.0,0.0,0,0,0,0,0,0,0,0
8555-284449-0007_5683-32866-0005__T2__NBASIC__5683,5683,8555,8,34.22380372108988,0.0,0.0,0.0,0.0,0.0,0.0,0.0,0.0,0,0,0,0,0,0,0,0
8555-284449-0008_4077-13751-0012__T1__NBASIC__8555,8555,4077,11,-24.454758158320953,1.0,0.9090909090909091,1.0,1.0,0.9090909090909091,0.9090909090909091,0.9090909090909091,0.9090909090909091,1,1,1,1,1,1,1,1
8555-284449-0008_4077-13751-0012__T2__NBASIC__4077,4077,8555,11,33.538285787391,0.0,0.0,0.0,0.0,0.0,0.0,0.0,0.0,0,0,0,0,0,0,0,0
8555-284449-0009_3570-5694-0014__T1__NBASIC__8555,8555,3570,5,-35.67362232011253,1.0,1.0,1.0,1.0,1.0,1.0,1.0,1.0,1,1,1,1,1,1,1,1
8555-284449-0009_3570-5694-0014__T2__NBASIC__3570,3570,8555,5,36.080547109638545,0.0,0.0,0.0,0.0,0.0,0.0,0.0,0.0,0,0,0,0,0,0,0,0
8555-284449-0011_2830-3979-0010__T1__NBASIC__8555,8555,2830,5,-38.53957370910487,1.0,1.0,1.0,1.0,1.0,1.0,1.0,1.0,1,1,1,1,1,1,1,1
8555-284449-0011_2830-3979-0010__T2__NBASIC__2830,2830,8555,5,39.90509874282004,0.0,0.0,0.0,0.0,0.0,0.0,0.0,0.0,0,0,0,0,0,0,0,0
8555-284449-0012_1580-141084-0004__T1__NBASIC__8555,8555,1580,17,21.093013144289436,0.0,0.29411764705882354,0.23529411764705882,0.058823529411764705,0.17647058823529413,0.0,0.058823529411764705,0.0,1,0,1,0,0,0,0,0
8555-284449-0012_1580-141084-0004__T2__NBASIC__1580,1580,8555,17,30.876102380197747,0.0,0.0,0.0,0.0,0.0,0.0,0.0,0.0,0,0,0,0,0,0,0,0
8555-284449-0017_6829-68771-0022__T1__NBASIC__8555,8555,6829,6,-4.00974159637117,0.8333333333333334,0.5,0.8333333333333334,0.5,0.5,0.5,0.5,0.5,1,1,1,1,1,1,1,1
8555-284449-0017_6829-68771-0022__T2__NBASIC__6829,6829,8555,6,20.462092498767735,0.0,0.0,0.0,0.0,0.0,0.0,0.0,0.0,0,0,0,0,0,0,0,0
8555-284449-0018_8463-287645-0000__T1__NBASIC__8555,8555,8463,8,24.42786313364677,0.0,0.125,0.0,0.0,0.0,0.0,0.0,0.0,0,0,0,0,0,0,0,0
8555-284449-0018_8463-287645-0000__T2__NBASIC__8463,8463,8555,8,-2.2364997478001865,0.625,0.375,0.25,0.25,0.25,0.25,0.25,0.25,1,1,1,1,1,1,1,1
8555-284449-0019_5142-33396-0054__T1__NBASIC__8555,8555,5142,10,43.59213203130375,0.0,0.0,0.0,0.0,0.0,0.0,0.0,0.0,0,0,0,0,0,0,0,0
8555-284449-0019_5142-33396-0054__T2__NBASIC__5142,5142,8555,10,41.779698006560494,0.0,0.0,0.0,0.0,0.0,0.0,0.0,0.0,0,0,0,0,0,0,0,0
8555-284449-0020_1580-141084-0003__T1__NBASIC__8555,8555,1580,7,31.55630755506407,0.0,0.0,0.0,0.0,0.0,0.0,0.0,0.0,0,0,0,0,0,0,0,0
8555-284449-0020_1580-141084-0003__T2__NBASIC__1580,1580,8555,7,34.72007096065444,0.0,0.0,0.0,0.0,0.0,0.0,0.0,0.0,0,0,0,0,0,0,0,0
8555-292519-0003_4446-2271-0010__T1__NBASIC__8555,8555,4446,5,25.350340284615623,0.0,0.0,0.0,0.0,0.0,0.0,0.0,0.0,0,0,0,0,0,0,0,0
8555-292519-0003_4446-2271-0010__T2__NBASIC__4446,4446,8555,5,6.674537959295451,0.2,0.0,0.0,0.0,0.0,0.0,0.0,0.0,0,0,0,0,0,0,0,0
8555-292519-0013_5105-28241-0013__T1__NBASIC__8555,8555,5105,7,45.748379235176124,0.0,0.0,0.0,0.0,0.0,0.0,0.0,0.0,0,0,0,0,0,0,0,0
8555-292519-0013_5105-28241-0013__T2__NBASIC__5105,5105,8555,7,28.778245818402233,0.0,0.0,0.0,0.0,0.0,0.0,0.0,0.0,0,0,0,0,0,0,0,0
908-157963-0003_1221-135766-0005__T1__NBASIC__908,908,1221,5,37.169462785250055,0.0,0.0,0.0,0.0,0.0,0.0,0.0,0.0,0,0,0,0,0,0,0,0
908-157963-0003_1221-135766-0005__T2__NBASIC__1221,1221,908,5,32.81932479360952,0.0,0.0,0.0,0.0,0.0,0.0,0.0,0.0,0,0,0,0,0,0,0,0
908-157963-0009_61-70968-0013__T1__NBASIC__908,908,61,7,-2.1567019488651824,0.7142857142857143,0.5714285714285714,0.8571428571428571,0.8571428571428571,0.5714285714285714,0.5714285714285714,0.5714285714285714,0.5714285714285714,1,1,1,1,1,1,1,1
908-157963-0009_61-70968-0013__T2__NBASIC__61,61,908,7,10.346340124461923,0.14285714285714285,0.2857142857142857,0.14285714285714285,0.14285714285714285,0.14285714285714285,0.14285714285714285,0.14285714285714285,0.14285714285714285,1,1,1,1,0,0,0,0
908-157963-0011_8230-279154-0024__T1__NBASIC__908,908,8230,11,13.726034784295965,0.0,0.18181818181818182,0.2727272727272727,0.18181818181818182,0.09090909090909091,0.0,0.0,0.0,1,0,0,0,0,0,0,0
908-157963-0011_8230-279154-0024__T2__NBASIC__8230,8230,908,11,36.750999811866876,0.0,0.0,0.09090909090909091,0.09090909090909091,0.0,0.0,0.0,0.0,0,0,0,0,0,0,0,0
908-157963-0015_672-122797-0030__T1__NBASIC__908,908,672,8,10.806566119360328,0.25,0.5,0.625,0.5,0.5,0.25,0.5,0.25,1,1,1,1,1,1,1,1
908-157963-0015_672-122797-0030__T2__NBASIC__672,672,908,8,-10.45772139154793,0.75,0.5,0.375,0.5,0.375,0.375,0.375,0.375,1,1,1,1,1,1,1,1
908-157963-0016_2830-3980-0039__T1__NBASIC__908,908,2830,9,-9.586230706119597,0.7777777777777778,0.7777777777777778,0.7777777777777778,0.8888888888888888,0.7777777777777778,0.6666666666666666,0.7777777777777778,0.6666666666666666,1,1,1,1,1,1,1,1
908-157963-0016_2830-3980-0039__T2__NBASIC__2830,2830,908,9,26.596349056648616,0.0,0.0,0.0,0.0,0.0,0.0,0.0,0.0,0,0,0,0,0,0,0,0
908-157963-0017_7729-102255-0041__T1__NBASIC__908,908,7729,8,-10.074129340750906,0.875,0.625,0.625,0.75,0.625,0.625,0.625,0.625,1,1,1,1,1,1,1,1
908-157963-0017_7729-102255-0041__T2__NBASIC__7729,7729,908,8,12.925639902829392,0.125,0.375,0.375,0.25,0.375,0.125,0.25,0.125,1,1,1,1,1,0,1,0
908-157963-0018_1320-122617-0014__T1__NBASIC__908,908,1320,7,24.713721956519716,0.0,0.0,0.0,0.0,0.0,0.0,0.0,0.0,0,0,0,0,0,0,0,0
908-157963-0018_1320-122617-0014__T2__NBASIC__1320,1320,908,7,28.781695403167202,0.0,0.0,0.0,0.0,0.0,0.0,0.0,0.0,0,0,0,0,0,0,0,0
908-157963-0022_4970-29093-0014__T1__NBASIC__908,908,4970,7,35.07946094448554,0.0,0.0,0.0,0.0,0.0,0.0,0.0,0.0,0,0,0,0,0,0,0,0
908-157963-0022_4970-29093-0014__T2__NBASIC__4970,4970,908,7,21.678346854716114,0.0,0.2857142857142857,0.14285714285714285,0.14285714285714285,0.14285714285714285,0.0,0.14285714285714285,0.0,1,0,1,0,0,0,0,0
908-157963-0023_61-70968-0049__T1__NBASIC__908,908,61,15,-1.8978105791324529,0.5333333333333333,0.8,0.8,0.8,0.8,0.5333333333333333,0.8,0.5333333333333333,1,1,1,1,1,1,1,1
908-157963-0023_61-70968-0049__T2__NBASIC__61,61,908,15,19.836837905333372,0.0,0.0,0.06666666666666667,0.0,0.0,0.0,0.0,0.0,0,0,0,0,0,0,0,0
908-157963-0026_61-70970-0012__T1__NBASIC__908,908,61,5,6.947675487078327,0.4,0.6,0.6,0.6,0.6,0.4,0.6,0.4,1,1,1,1,1,1,1,1
908-157963-0026_61-70970-0012__T2__NBASIC__61,61,908,5,-12.078266607089192,1.0,0.4,0.6,0.4,0.4,0.4,0.4,0.4,1,1,1,1,1,1,1,1
908-157963-0027_7127-75947-0037__T1__NBASIC__908,908,7127,9,8.192814825515844,0.2222222222222222,0.6666666666666666,0.5555555555555556,0.5555555555555556,0.5555555555555556,0.1111111111111111,0.5555555555555556,0.1111111111111111,1,1,1,1,1,0,1,0
908-157963-0027_7127-75947-0037__T2__NBASIC__7127,7127,908,9,22.209854845571414,0.0,0.0,0.0,0.0,0.0,0.0,0.0,0.0,0,0,0,0,0,0,0,0
908-157963-0029_3729-6852-0024__T1__NBASIC__908,908,3729,6,42.96668948129602,0.0,0.0,0.0,0.0,0.0,0.0,0.0,0.0,0,0,0,0,0,0,0,0
908-157963-0029_3729-6852-0024__T2__NBASIC__3729,3729,908,6,28.132294173916815,0.0,0.16666666666666666,0.0,0.0,0.0,0.0,0.0,0.0,0,0,0,0,0,0,0,0
908-157963-0030_2961-960-0019__T1__NBASIC__908,908,2961,8,36.71107811432722,0.0,0.0,0.0,0.0,0.0,0.0,0.0,0.0,0,0,0,0,0,0,0,0
908-157963-0030_2961-960-0019__T2__NBASIC__2961,2961,908,8,38.58515230737045,0.0,0.0,0.0,0.0,0.0,0.0,0.0,0.0,0,0,0,0,0,0,0,0
908-31957-0004_4446-2275-0016__T1__NBASIC__908,908,4446,12,34.34811921367005,0.0,0.0,0.0,0.0,0.0,0.0,0.0,0.0,0,0,0,0,0,0,0,0
908-31957-0004_4446-2275-0016__T2__NBASIC__4446,4446,908,12,32.762256086993474,0.0,0.08333333333333333,0.0,0.0,0.0,0.0,0.0,0.0,0,0,0,0,0,0,0,0
908-31957-0005_2830-3979-0012__T1__NBASIC__908,908,2830,6,-27.896107066794546,1.0,0.8333333333333334,0.8333333333333334,0.8333333333333334,0.8333333333333334,0.8333333333333334,0.8333333333333334,0.8333333333333334,1,1,1,1,1,1,1,1
908-31957-0005_2830-3979-0012__T2__NBASIC__2830,2830,908,6,21.45812857798442,0.16666666666666666,0.3333333333333333,0.16666666666666666,0.16666666666666666,0.16666666666666666,0.16666666666666666,0.16666666666666666,0.16666666666666666,1,1,1,1,0,0,0,0
908-31957-0006_8224-274381-0015__T1__NBASIC__908,908,8224,10,2.6303259499740066,0.5,0.5,0.5,0.4,0.5,0.2,0.4,0.2,1,1,1,1,1,1,1,1
908-31957-0006_8224-274381-0015__T2__NBASIC__8224,8224,908,10,25.924003348551977,0.0,0.0,0.1,0.0,0.0,0.0,0.0,0.0,0,0,0,0,0,0,0,0
908-31957-0008_2961-961-0010__T1__NBASIC__908,908,2961,14,31.866152033457016,0.0,0.0,0.0,0.0,0.0,0.0,0.0,0.0,0,0,0,0,0,0,0,0
908-31957-0008_2961-961-0010__T2__NBASIC__2961,2961,908,14,34.89448080587842,0.0,0.0,0.0,0.0,0.0,0.0,0.0,0.0,0,0,0,0,0,0,0,0
908-31957-0009_2094-142345-0024__T1__NBASIC__908,908,2094,9,30.29199620362236,0.1111111111111111,0.0,0.0,0.0,0.0,0.0,0.0,0.0,0,0,0,0,0,0,0,0
908-31957-0009_2094-142345-0024__T2__NBASIC__2094,2094,908,9,38.366796171697025,0.0,0.0,0.0,0.0,0.0,0.0,0.0,0.0,0,0,0,0,0,0,0,0
908-31957-0017_2094-142345-0005__T1__NBASIC__908,908,2094,14,27.366159128544673,0.0,0.0,0.0,0.0,0.0,0.0,0.0,0.0,0,0,0,0,0,0,0,0
908-31957-0017_2094-142345-0005__T2__NBASIC__2094,2094,908,14,31.67663930432129,0.0,0.07142857142857142,0.14285714285714285,0.14285714285714285,0.07142857142857142,0.0,0.07142857142857142,0.0,1,0,1,0,0,0,0,0
908-31957-0018_7021-85628-0011__T1__NBASIC__908,908,7021,6,24.569896133503775,0.0,0.0,0.0,0.0,0.0,0.0,0.0,0.0,0,0,0,0,0,0,0,0
908-31957-0018_7021-85628-0011__T2__NBASIC__7021,7021,908,6,23.079218838897013,0.0,0.0,0.0,0.0,0.0,0.0,0.0,0.0,0,0,0,0,0,0,0,0
908-31957-0019_4970-29095-0028__T1__NBASIC__908,908,4970,17,36.094766718004436,0.0,0.0,0.0,0.0,0.0,0.0,0.0,0.0,0,0,0,0,0,0,0,0
908-31957-0019_4970-29095-0028__T2__NBASIC__4970,4970,908,17,45.009946127814274,0.0,0.0,0.0,0.0,0.0,0.0,0.0,0.0,0,0,0,0,0,0,0,0
908-31957-0022_1221-135766-0007__T1__NBASIC__908,908,1221,16,36.72537440521646,0.0,0.0,0.0,0.0,0.0,0.0,0.0,0.0,0,0,0,0,0,0,0,0
908-31957-0022_1221-135766-0007__T2__NBASIC__1221,1221,908,16,33.436131070899116,0.0,0.0,0.0,0.0,0.0,0.0,0.0,0.0,0,0,0,0,0,0,0,0
