chunks_1s,chunks_2s,ecapa_mismatch_rate_1s,ecapa_mismatch_rate_2s,interferer_spk,key,local_sisdr_gap_mean_1s,local_sisdr_gap_mean_2s,mv_mismatch_rate_1s,mv_mismatch_rate_2s,mv_true_swap_rate_1s,mv_true_swap_rate_2s,target_spk,utterance_si_sdr_gap,utterance_si_sdr_interferer,utterance_si_sdr_target,verifier_instability_rate_1s,verifier_instability_rate_2s
6,2,0.0,0.0,5142,4077-13754-0001_5142-33396-0065,31.965155633037593,36.08497019335327,0.0,0.0,0.0,0.0,4077,32.573290352432636,-21.817688063367783,10.755602289064853,0.0,0.0
6,2,0.0,0.0,4077,4077-13754-0001_5142-33396-0065,36.202612072897814,37.203536261588994,0.0,0.0,0.0,0.0,5142,38.20606015709434,-26.205119728545412,12.000940428548926,0.16666666666666666,0.0
15,7,0.0,0.0,5683,6930-76324-0027_5683-32879-0011,29.22344832029167,28.5561448758686,0.0,0.0,0.0,0.0,6930,27.98261201769813,-18.49974449457902,9.482867523119111,0.0,0.0
15,7,0.0,0.0,6930,6930-76324-0027_5683-32879-0011,27.615038157933245,27.274888190560194,0.0,0.0,0.0,0.0,5683,27.73386500255185,-20.140842451356168,7.593022551195681,0.0,0.0
7,3,0.0,0.0,4992,1188-133604-0025_4992-23283-0016,23.432365401601725,23.603749777676793,0.0,0.0,0.0,0.0,1188,24.204601049365856,-15.936856967373894,8.267744081991964,0.0,0.0
7,3,1.0,1.0,1188,1188-133604-0025_4992-23283-0016,-13.904329886648101,-12.888630671820104,0.8571428571428571,1.0,0.8571428571428571,1.0,4992,-15.51016120332924,6.271024785299205,-9.239136418030034,0.14285714285714285,0.0
9,4,0.0,0.0,121,5683-32866-0012_121-121726-0001,26.694038760306984,28.493271934775787,0.0,0.0,0.0,0.0,5683,25.67351582197673,-15.064447535965009,10.609068286011718,0.0,0.0
9,4,0.1111111111111111,0.0,5683,5683-32866-0012_121-121726-0001,35.2506777460098,36.05054758622773,0.0,0.0,0.0,0.0,121,35.24273589297333,-24.360684911954422,10.882050981018905,0.8888888888888888,1.0
8,3,0.0,0.0,5142,1995-1837-0025_5142-36377-0017,36.54195677239784,36.68316343258132,0.0,0.0,0.0,0.0,1995,34.88725909395727,-23.109569428511886,11.77768966544538,0.375,0.0
8,3,0.0,0.0,1995,1995-1837-0025_5142-36377-0017,42.666060981618934,43.329999546115346,0.0,0.0,0.0,0.0,5142,42.04428601851501,-26.967460241914264,15.076825776600742,0.0,0.0
5,2,0.0,0.0,8555,2830-3980-0022_8555-292519-0010,26.954068592823006,29.36710973905437,0.0,0.0,0.0,0.0,2830,26.708384735646995,-16.299646795621545,10.408737940025448,0.0,0.0
5,2,0.0,0.0,2830,2830-3980-0022_8555-292519-0010,39.30544562492876,38.27610772828888,0.0,0.0,0.0,0.0,8555,40.1148145744418,-24.787375780266956,15.327438794174848,0.2,0.0
5,2,0.0,0.0,4507,5639-40744-0034_4507-16021-0058,43.607388157641644,40.852092109761465,0.0,0.0,0.0,0.0,5639,43.314837259790934,-27.84178438476326,15.473052875027676,0.0,0.0
5,2,0.0,0.0,5639,5639-40744-0034_4507-16021-0058,43.43972106692581,40.67717225066187,0.0,0.0,0.0,0.0,4507,42.51132443874879,-30.20160969461427,12.309714744134517,0.0,0.0
6,2,0.0,0.0,672,3729-6852-0046_672-122797-0044,41.531075667204824,42.30936845058137,0.0,0.0,0.0,0.0,3729,44.832609556642595,-28.08776837261458,16.74484118402802,0.16666666666666666,0.0
6,2,1.0,1.0,3729,3729-6852-0046_672-122797-0044,-33.177036978889895,-35.20488862103148,0.8333333333333334,1.0,0.8333333333333334,1.0,672,-38.04970274529832,15.634310687608533,-22.415392057689782,0.16666666666666666,0.0
6,2,0.0,0.0,237,2830-3980-0032_237-134500-0010,34.953593500045436,35.050276144470956,0.0,0.0,0.0,0.0,2830,35.616276448342504,-25.115122857133873,10.501153591208627,0.0,0.0
6,2,0.0,0.0,2830,2830-3980-0032_237-134500-0010,41.957275523806686,40.723926799383825,0.0,0.0,0.0,0.0,237,39.974142333102854,-25.217401762906825,14.756740570196031,0.0,0.0
14,6,0.0,0.0,4446,2300-131720-0026_4446-2273-0008,40.56412626098045,38.14380809024963,0.0,0.0,0.0,0.0,2300,40.38816079799521,-25.151026741683346,15.237134056311865,0.07142857142857142,0.0
14,6,0.0,0.0,2300,2300-131720-0026_4446-2273-0008,30.360499473201884,28.628247238657295,0.0,0.0,0.0,0.0,4446,29.19924188790317,-21.90785090638119,7.2913909815219835,0.0,0.0
5,2,0.2,0.0,7021,121-121726-0014_7021-79740-0000,34.23612749174009,35.56834083597431,0.2,0.0,0.0,0.0,121,35.42397694508136,-25.673345676332886,9.750631268748469,0.4,0.0
5,2,0.0,0.0,121,121-121726-0014_7021-79740-0000,40.52921089857027,41.79516601997015,0.0,0.0,0.0,0.0,7021,41.06579963687567,-24.609642150787366,16.456157486088298,0.0,0.0
11,5,0.0,0.0,260,1320-122617-0025_260-123440-0019,20.491290169076613,20.859849079703615,0.0,0.0,0.0,0.0,1320,20.853938858313505,-13.95113271142417,6.902806146889333,0.18181818181818182,0.0
11,5,0.2727272727272727,0.0,1320,1320-122617-0025_260-123440-0019,16.927552483736225,16.108631980721846,0.0,0.0,0.0,0.0,260,17.344965155862415,-10.967564218888581,6.3774009369738325,0.8181818181818182,1.0
16,7,0.0625,0.0,6930,2961-961-0007_6930-76324-0016,33.89504991794611,35.971164508693676,0.0625,0.0,0.0,0.0,2961,36.42019592043766,-23.326015554836065,13.0941803656016,0.5,0.42857142857142855
16,7,0.0,0.0,2961,2961-961-0007_6930-76324-0016,27.181197565396992,27.656298155824164,0.0,0.0,0.0,0.0,6930,27.58537162711119,-19.204673343019422,8.380698284091768,0.0,0.0
10,4,0.1,0.0,8463,3729-6852-0038_8463-294828-0003,24.050886699009368,21.863109109029654,0.0,0.0,0.0,0.0,3729,22.531282936851824,-16.443205366668963,6.088077570182861,0.3,0.0
10,4,0.0,0.0,3729,3729-6852-0038_8463-294828-0003,27.586861305056722,25.522427182544856,0.0,0.0,0.0,0.0,8463,27.569951888491516,-16.633651364842827,10.93630052364869,0.0,0.0
11,5,0.0,0.0,8230,4992-41806-0016_8230-279154-0023,43.921232932514144,41.84375483946841,0.0,0.0,0.0,0.0,4992,42.824553347734806,-26.461687599046527,16.36286574868828,0.0,0.0
11,5,0.0,0.0,4992,4992-41806-0016_8230-279154-0023,37.832762420192935,35.15720025224744,0.0,0.0,0.0,0.0,8230,36.38157246265412,-26.82653669265283,9.555035770001286,0.2727272727272727,0.2
16,7,1.0,1.0,4077,8555-284447-0001_4077-13751-0003,-30.535583826661714,-29.817849026456877,1.0,1.0,1.0,1.0,8555,-31.519057002271445,10.530109651852534,-20.98894735041891,0.0,0.0
16,7,0.0,0.0,8555,8555-284447-0001_4077-13751-0003,38.0308083719314,36.984264407495616,0.0,0.0,0.0,0.0,4077,38.45233712772402,-25.37918040275816,13.073156724965859,0.0,0.0
9,4,0.1111111111111111,0.0,237,260-123286-0015_237-134493-0001,40.267790539951655,38.78632449281558,0.0,0.0,0.0,0.0,260,38.44365090604493,-25.713161332693545,12.730489573351386,0.2222222222222222,0.0
9,4,0.0,0.0,260,260-123286-0015_237-134493-0001,38.96802351605307,37.63711200996437,0.0,0.0,0.0,0.0,237,37.177750363265304,-24.50679740620087,12.670952957064435,0.0,0.0
15,7,0.0,0.0,7176,1580-141083-0006_7176-88083-0024,37.82290433832424,37.321042466126464,0.0,0.0,0.0,0.0,1580,37.76771647144665,-26.245326605485406,11.522389865961243,0.0,0.0
15,7,0.0,0.0,1580,1580-141083-0006_7176-88083-0024,36.5533195491632,36.499810576119025,0.0,0.0,0.0,0.0,7176,36.20356213127022,-23.697670974491842,12.505891156778372,0.0,0.0
8,3,0.0,0.0,237,260-123286-0005_237-126133-0000,37.48851020385456,36.75209541624839,0.0,0.0,0.0,0.0,260,37.483592987918854,-22.9412238352039,14.54236915271495,0.125,0.0
8,3,0.0,0.0,260,260-123286-0005_237-126133-0000,27.858157129679938,26.64324912416458,0.0,0.0,0.0,0.0,237,27.600979151255192,-17.987003240303913,9.613975910951279,0.0,0.0
6,2,1.0,1.0,4970,4446-2271-0021_4970-29093-0013,-34.68232040285517,-32.13007545278218,1.0,1.0,1.0,1.0,4446,-33.42959233515444,12.04854417260293,-21.38104816255151,0.0,0.0
6,2,0.0,0.0,4446,4446-2271-0021_4970-29093-0013,35.32736135779606,35.62784565214191,0.0,0.0,0.0,0.0,4970,35.58815667474465,-22.406004513089645,13.182152161655011,0.0,0.0
6,2,0.0,0.0,4446,5105-28233-0005_4446-2275-0013,33.394402556087805,35.8363268048283,0.0,0.0,0.0,0.0,5105,34.42951387160916,-22.516080161183524,11.913433710425638,0.0,0.0
6,2,0.0,0.0,5105,5105-28233-0005_4446-2275-0013,17.405139703704396,18.80537431145437,0.0,0.0,0.0,0.0,4446,18.62071637206622,-12.610535768627003,6.010180603439216,0.3333333333333333,0.0
6,2,0.0,0.0,1221,1188-133604-0022_1221-135767-0019,48.56261682132713,42.19389300513854,0.0,0.0,0.0,0.0,1188,46.657959697217365,-28.655423524411674,18.00253617280569,0.0,0.0
6,2,0.0,0.0,1188,1188-133604-0022_1221-135767-0019,44.236585301414884,40.85122842345901,0.0,0.0,0.0,0.0,1221,43.78739925429245,-30.345859627083406,13.441539627209043,0.0,0.0
8,3,0.0,0.0,3729,1221-135766-0014_3729-6852-0011,19.6495629450657,21.39554978305149,0.0,0.0,0.0,0.0,1221,19.48295020769155,-12.82869453228397,6.6542556754075814,0.0,0.0
8,3,0.25,0.3333333333333333,1221,1221-135766-0014_3729-6852-0011,31.589175584944925,30.710812872154076,0.0,0.0,0.0,0.0,3729,37.4784418285821,-24.606709064968683,12.871732763613416,0.25,0.3333333333333333
6,2,0.0,0.0,1284,1221-135766-0013_1284-1181-0013,35.45337966499851,35.89255357109948,0.0,0.0,0.0,0.0,1221,35.39896143552059,-23.587844880200176,11.811116555320416,0.0,0.0
6,2,0.0,0.0,1221,1221-135766-0013_1284-1181-0013,35.38208612455157,35.592187907413894,0.0,0.0,0.0,0.0,1284,36.899181266318124,-24.95042131920016,11.948759947117967,0.0,0.0
5,2,0.0,0.0,7176,121-123852-0004_7176-92135-0002,31.092614209768534,31.34921515156218,0.0,0.0,0.0,0.0,121,34.89106701689653,-24.81306186083981,10.078005156056715,1.0,1.0
5,2,0.0,0.0,121,121-123852-0004_7176-92135-0002,41.0730764304153,40.24114918411119,0.0,0.0,0.0,0.0,7176,40.882161958593855,-26.001994298062996,14.880167660530862,0.0,0.0
19,9,0.2631578947368421,0.0,1580,2094-142345-0011_1580-141083-0001,36.14182606867259,37.639578320491246,0.05263157894736842,0.0,0.0,0.0,2094,35.14113068577622,-24.792080411126012,10.349050274650205,0.21052631578947367,0.0
19,9,0.0,0.0,2094,2094-142345-0011_1580-141083-0001,41.21034895877432,40.98204862567733,0.0,0.0,0.0,0.0,1580,40.63867071040193,-26.08716288159187,14.551507828810063,0.0,0.0
7,3,0.0,0.0,121,61-70970-0000_121-121726-0002,32.96751524057175,34.29176532708055,0.0,0.0,0.0,0.0,61,33.101806257310635,-22.59343035067467,10.508375906635967,0.0,0.0
7,3,0.0,0.0,61,61-70970-0000_121-121726-0002,36.96807008364605,38.73520357994067,0.0,0.0,0.0,0.0,121,38.01058408696345,-23.080757940368308,14.92982614659514,1.0,1.0
6,2,0.16666666666666666,0.0,2830,7021-79730-0004_2830-3980-0009,23.75596355321024,28.708370033973793,0.0,0.0,0.0,0.0,7021,16.535891112117064,-14.196596325579204,2.3392947865378586,0.5,0.0
6,2,0.0,0.0,7021,7021-79730-0004_2830-3980-0009,21.247875333492754,24.65751860859639,0.0,0.0,0.0,0.0,2830,21.9180317499021,-13.440372579313687,8.477659170588414,0.16666666666666666,0.0
12,5,0.0,0.0,2300,61-70970-0028_2300-131720-0013,19.498004899753834,20.928508962812717,0.0,0.0,0.0,0.0,61,20.36517692386557,-13.91841381976818,6.446763104097389,0.16666666666666666,0.0
12,5,0.75,0.8,61,61-70970-0028_2300-131720-0013,1.4340325597985497,-1.2352631604000945,0.3333333333333333,0.4,0.25,0.4,2300,1.9696396775517422,-1.6806417105854952,0.28899796696624713,0.4166666666666667,0.4
15,7,0.06666666666666667,0.0,4507,7021-85628-0018_4507-16021-0039,40.22524813338994,40.45942010834081,0.0,0.0,0.0,0.0,7021,40.615579836101105,-25.356929550002846,15.25865028609826,0.2,0.0
15,7,0.0,0.0,7021,7021-85628-0018_4507-16021-0039,34.118078196302335,33.01206821708488,0.0,0.0,0.0,0.0,4507,34.30342729246729,-24.168407313778467,10.135019978688822,0.13333333333333333,0.0
6,2,0.0,0.0,8463,1580-141083-0041_8463-294828-0011,18.3707284963634,15.939154032042477,0.0,0.0,0.0,0.0,1580,18.495287508827097,-12.613944331080983,5.881343177746112,0.16666666666666666,0.0
6,2,0.0,0.0,1580,1580-141083-0041_8463-294828-0011,26.294968229314463,21.592832972117534,0.0,0.0,0.0,0.0,8463,22.452779096885486,-14.743345369277797,7.7094337276076885,0.0,0.0
14,6,0.0,0.0,4077,1580-141083-0038_4077-13754-0009,28.580874413737224,28.36764332545516,0.0,0.0,0.0,0.0,1580,26.475403732200093,-18.49616892785668,7.979234804343413,0.0,0.0
14,6,0.0,0.0,1580,1580-141083-0038_4077-13754-0009,33.62654873217182,34.68638510126163,0.0,0.0,0.0,0.0,4077,33.66315027331444,-21.265385043180515,12.397765230133931,0.0,0.0
11,5,0.09090909090909091,0.0,4446,5639-40744-0033_4446-2273-0035,32.62971410891001,33.14714875242389,0.0,0.0,0.0,0.0,5639,31.482616959528013,-21.048415603294877,10.434201356233135,0.2727272727272727,0.2
11,5,0.0,0.0,5639,5639-40744-0033_4446-2273-0035,39.037436551101045,40.344403780416414,0.0,0.0,0.0,0.0,4446,42.07663736621037,-25.656981903448607,16.419655462761764,0.09090909090909091,0.0
9,4,0.1111111111111111,0.0,3570,4446-2271-0014_3570-5694-0003,24.33664082835864,22.80210810807391,0.1111111111111111,0.0,0.0,0.0,4446,21.272069438046234,-15.672254354689613,5.599815083356622,0.3333333333333333,0.0
9,4,0.0,0.0,4446,4446-2271-0014_3570-5694-0003,27.084280103823655,26.599350486082287,0.0,0.0,0.0,0.0,3570,27.8327137616656,-16.152831750636068,11.679882011029532,0.1111111111111111,0.0
8,3,0.0,0.0,4970,1995-1837-0027_4970-29095-0022,31.136165626636213,33.03149223985224,0.0,0.0,0.0,0.0,1995,28.81281983666275,-20.12612610154737,8.68669373511538,0.0,0.0
8,3,0.0,0.0,1995,1995-1837-0027_4970-29095-0022,42.61909173038832,41.462157418599354,0.0,0.0,0.0,0.0,4970,34.959579753697454,-22.33814907430127,12.621430679396182,0.0,0.0
7,3,0.0,0.0,2300,4446-2275-0008_2300-131720-0032,33.058673783298865,32.59973526216785,0.0,0.0,0.0,0.0,4446,33.42616319212554,-25.037587292475123,8.38857589965042,0.0,0.0
7,3,0.0,0.0,4446,4446-2275-0008_2300-131720-0032,41.30673796341156,40.86983053364466,0.0,0.0,0.0,0.0,2300,41.354343490994594,-25.386917393936077,15.967426097058514,0.0,0.0
5,2,0.2,0.0,8555,4446-2273-0019_8555-284447-0022,9.453491414699883,13.437794555512227,0.2,0.0,0.2,0.0,4446,1.6055606614277262,-1.947261248597123,-0.34170058716939683,0.2,0.0
5,2,0.2,0.0,4446,4446-2273-0019_8555-284447-0022,6.119736728816164,5.820976778724584,0.0,0.0,0.0,0.0,8555,10.29809190039962,-5.901183025036411,4.3969088753632075,0.4,0.5
10,4,0.0,0.0,8455,3729-6852-0009_8455-210777-0059,27.658578719034068,27.03334426870949,0.0,0.0,0.0,0.0,3729,29.319931620104096,-20.425582995593796,8.8943486245103,0.2,0.0
10,4,0.0,0.0,3729,3729-6852-0009_8455-210777-0059,34.921011729548965,36.14739341113909,0.0,0.0,0.0,0.0,8455,37.538278090951906,-22.750226795955367,14.788051294996535,0.0,0.0
5,2,0.0,0.0,61,8455-210777-0020_61-70968-0054,32.81938380882778,34.125687917301136,0.0,0.0,0.0,0.0,8455,34.29212250469428,-24.040994408604828,10.251128096089449,0.0,0.0
5,2,0.0,0.0,8455,8455-210777-0020_61-70968-0054,33.32617571462358,35.21287244687524,0.0,0.0,0.0,0.0,61,33.82929383847042,-21.96457230610602,11.864721532364403,0.0,0.0
9,4,0.0,0.0,61,7729-102255-0023_61-70968-0033,21.210522211565447,22.115120410767773,0.0,0.0,0.0,0.0,7729,21.68674117522663,-16.80719694763356,4.87954422759307,0.2222222222222222,0.0
9,4,0.0,0.0,7729,7729-102255-0023_61-70968-0033,18.17098288252465,19.600251085391463,0.0,0.0,0.0,0.0,61,18.952486962179623,-11.049596018887824,7.9028909432917995,0.0,0.0
11,5,0.18181818181818182,0.0,260,8463-287645-0002_260-123440-0015,14.658361248653136,14.008682023084797,0.09090909090909091,0.0,0.0,0.0,8463,13.528854724242947,-8.496267805393579,5.0325869188493675,0.2727272727272727,0.2
11,5,0.0,0.0,8463,8463-287645-0002_260-123440-0015,33.992060173850284,33.38341513666405,0.0,0.0,0.0,0.0,260,30.20761500902433,-19.654529879416376,10.553085129607956,0.0,0.0
9,4,0.2222222222222222,0.0,4992,6829-68771-0029_4992-41797-0011,30.022520946198952,29.552875924744484,0.1111111111111111,0.0,0.0,0.0,6829,31.018303752840797,-22.354878769174494,8.663424983666303,0.6666666666666666,0.75
9,4,0.7777777777777778,1.0,6829,6829-68771-0029_4992-41797-0011,-19.184201034512014,-19.440320249102353,0.0,0.0,0.0,0.0,4992,-19.511513373628674,6.795151510053888,-12.716361863574786,0.8888888888888888,1.0
5,2,0.4,0.5,7729,260-123440-0017_7729-102255-0008,16.327565037215873,13.558311162508662,0.0,0.0,0.0,0.0,260,11.247890682256127,-8.1184202212525,3.1294704610036277,0.6,0.5
5,2,0.2,0.0,260,260-123440-0017_7729-102255-0008,4.717062638253269,10.21339153196794,0.0,0.0,0.0,0.0,7729,7.392069434631999,-5.055557464551372,2.336511970080627,0.2,0.0
8,3,0.25,0.3333333333333333,1320,260-123440-0011_1320-122617-0016,31.064460186099577,31.976828528423216,0.125,0.0,0.0,0.0,260,30.914120811950077,-22.015289396005244,8.898831415944834,0.375,0.3333333333333333
8,3,0.0,0.0,260,260-123440-0011_1320-122617-0016,31.0128646071095,33.300055586866876,0.0,0.0,0.0,0.0,1320,29.311843423489513,-18.882388146156657,10.429455277332856,0.125,0.0
7,3,0.0,0.0,3570,8463-294828-0009_3570-5694-0015,36.37550595236555,36.152967637710084,0.0,0.0,0.0,0.0,8463,36.15841331465952,-23.62005906508532,12.538354249574198,0.0,0.0
7,3,0.0,0.0,8463,8463-294828-0009_3570-5694-0015,35.40986873236568,34.68132615989105,0.0,0.0,0.0,0.0,3570,35.376737239656165,-23.44626776488578,11.930469474770383,0.7142857142857143,0.3333333333333333
14,6,0.0,0.0,3729,260-123286-0030_3729-6852-0004,39.042136330322435,40.17048511060054,0.0,0.0,0.0,0.0,260,39.79077675745529,-25.35781731053206,14.432959446923231,0.0,0.0
14,6,0.0,0.0,260,260-123286-0030_3729-6852-0004,29.79053861298155,30.954764178456553,0.0,0.0,0.0,0.0,3729,31.887181590674174,-22.18945186796155,9.697729722712625,0.14285714285714285,0.0
9,4,0.0,0.0,5105,4077-13751-0017_5105-28241-0009,28.666004417694964,28.51587417495212,0.0,0.0,0.0,0.0,4077,26.535562598471895,-16.04326586351271,10.492296734959186,0.0,0.0
9,4,0.1111111111111111,0.0,4077,4077-13751-0017_5105-28241-0009,27.545812801980837,29.135798529221013,0.1111111111111111,0.0,0.0,0.0,5105,27.37291512791637,-18.192915377486653,9.17999975042972,0.4444444444444444,0.5
5,2,0.0,0.0,7021,1995-1826-0025_7021-85628-0007,48.1257388963228,47.552143365867344,0.0,0.0,0.0,0.0,1995,46.38885624473902,-30.14894239120413,16.239913853534883,0.0,0.0
5,2,0.0,0.0,1995,1995-1826-0025_7021-85628-0007,40.32555445318958,38.54623594111702,0.0,0.0,0.0,0.0,7021,39.6622495508595,-26.864751296165117,12.797498254694384,0.0,0.0
19,9,0.0,0.0,7176,1221-135766-0006_7176-92135-0040,37.80794292883325,36.82984420905401,0.0,0.0,0.0,0.0,1221,38.549138019878406,-27.02247944859769,11.526658571280715,0.0,0.0
19,9,0.0,0.0,1221,1221-135766-0006_7176-92135-0040,39.16059108969801,38.04440038877546,0.0,0.0,0.0,0.0,7176,38.72011782553492,-23.829883485953232,14.890234339581687,0.0,0.0
5,2,0.0,0.0,7021,6930-81414-0002_7021-85628-0023,35.568646609486144,34.59911600287705,0.0,0.0,0.0,0.0,6930,34.41441789494124,-23.664052823566784,10.750365071374455,0.0,0.0
5,2,0.4,0.0,6930,6930-81414-0002_7021-85628-0023,35.10631221058646,34.96790166640835,0.4,0.0,0.0,0.0,7021,36.91574614519666,-22.272603204501536,14.64314294069512,0.2,0.5
6,2,0.0,0.0,5142,2830-3980-0071_5142-33396-0024,38.31838933451714,34.99698312187166,0.0,0.0,0.0,0.0,2830,35.17403586670234,-23.640591270371033,11.533444596331305,0.0,0.0
6,2,0.0,0.0,2830,2830-3980-0071_5142-33396-0024,36.109044091889764,34.72710823445075,0.0,0.0,0.0,0.0,5142,35.2582848789221,-22.674020028316765,12.584264850605331,0.0,0.0
17,8,0.0,0.0,4970,908-31957-0019_4970-29095-0028,36.09461480249602,38.16847206117706,0.0,0.0,0.0,0.0,908,37.6215912441199,-27.0856269615383,10.5359642825816,0.23529411764705882,0.0
17,8,0.058823529411764705,0.0,908,908-31957-0019_4970-29095-0028,45.00994471804489,44.000993822897016,0.0,0.0,0.0,0.0,4970,45.19083021994136,-27.71835743158849,17.472472788352874,0.11764705882352941,0.0
5,2,0.0,0.0,6930,4970-29095-0011_6930-75918-0006,35.09890255101311,32.529137625994174,0.0,0.0,0.0,0.0,4970,34.90273326828617,-21.600928967573573,13.301804300712593,0.2,0.0
5,2,0.0,0.0,4970,4970-29095-0011_6930-75918-0006,32.38132213636235,31.205871026537753,0.0,0.0,0.0,0.0,6930,33.08686562650271,-22.676954143283268,10.409911483219439,0.0,0.0
5,2,0.4,0.0,5142,4992-41797-0021_5142-33396-0064,23.992338914550267,24.49152505584081,0.2,0.0,0.0,0.0,4992,23.965013927710228,-12.78593109376098,11.179082833949249,0.2,0.5
5,2,0.0,0.0,4992,4992-41797-0021_5142-33396-0064,26.76809821411593,26.86225219787009,0.0,0.0,0.0,0.0,5142,27.30593448022248,-19.21361376582865,8.092320714393828,0.2,0.0
6,2,0.0,0.0,61,2961-961-0001_61-70968-0016,26.80635240103145,25.155459665895705,0.0,0.0,0.0,0.0,2961,27.41409617525295,-17.794229936243415,9.619866239009534,0.0,0.0
6,2,0.0,0.0,2961,2961-961-0001_61-70968-0016,27.050483581862707,26.131718578438285,0.0,0.0,0.0,0.0,61,28.002493213948394,-18.124597181844994,9.8778960321034,0.16666666666666666,0.0
7,3,0.0,0.0,4970,908-157963-0022_4970-29093-0014,35.07946664657609,35.46982666224851,0.0,0.0,0.0,0.0,908,37.237315719242126,-23.888589466122248,13.348726253119878,0.0,0.0
7,3,0.14285714285714285,0.0,908,908-157963-0022_4970-29093-0014,21.67831080888457,15.741015026563415,0.14285714285714285,0.0,0.0,0.0,4970,20.097006047141303,-14.46124357433856,5.6357624728027425,0.2857142857142857,0.0
5,2,0.0,0.0,1995,5142-36377-0025_1995-1836-0007,32.41148509697847,32.63210792690189,0.0,0.0,0.0,0.0,5142,35.07373201383964,-24.210822801598898,10.862909212240739,0.0,0.0
5,2,0.0,0.0,5142,5142-36377-0025_1995-1836-0007,42.033882324595915,40.826111458147295,0.0,0.0,0.0,0.0,1995,43.67241086957702,-28.06600011799179,15.606410751585232,0.0,0.0
5,2,0.0,0.0,5142,7127-75946-0008_5142-33396-0020,29.739015093652256,26.651847228773388,0.0,0.0,0.0,0.0,7127,26.99407032962533,-17.490589555761222,9.503480773864108,0.0,0.0
5,2,0.2,0.0,7127,7127-75946-0008_5142-33396-0020,26.380530910507918,25.974898620154423,0.0,0.0,0.0,0.0,5142,26.828280422092412,-18.29892630917667,8.529354112915742,0.2,0.0
15,7,0.8666666666666667,1.0,8555,4992-41797-0017_8555-284447-0002,-12.42147934292888,-14.876158576700927,0.4,0.2857142857142857,0.4,0.2857142857142857,4992,-12.106329546682325,4.4195212357897,-7.6868083108926255,0.4666666666666667,0.7142857142857143
15,7,1.0,1.0,4992,4992-41797-0017_8555-284447-0002,-38.072505773089276,-37.87312480872293,0.8666666666666667,0.8571428571428571,0.8666666666666667,0.8571428571428571,8555,-38.60793154458442,15.138017161189264,-23.46991438339515,0.13333333333333333,0.14285714285714285
5,2,0.2,0.0,121,7729-102255-0042_121-121726-0005,58.227075588397305,55.805563883027396,0.0,0.0,0.0,0.0,7729,39.80576043329066,-22.711497883248217,17.094262550042444,0.2,0.0
5,2,0.0,0.0,7729,7729-102255-0042_121-121726-0005,36.74357874702912,33.318661789655195,0.0,0.0,0.0,0.0,121,26.98863376179518,-21.37276256581845,5.615871195976729,1.0,1.0
5,2,0.0,0.0,2830,5683-32866-0025_2830-3980-0063,30.990477501852837,31.117080031895558,0.0,0.0,0.0,0.0,5683,30.350152353597792,-20.816987136193255,9.533165217404537,0.2,0.0
5,2,0.0,0.0,5683,5683-32866-0025_2830-3980-0063,43.35723770244549,43.208135591861364,0.0,0.0,0.0,0.0,2830,42.74801500447012,-28.474462897633686,14.273552106836437,0.0,0.0
13,6,0.07692307692307693,0.0,237,7021-85628-0008_237-134500-0013,34.99402953662453,36.151761334165656,0.07692307692307693,0.0,0.0,0.0,7021,34.076848997492704,-23.241258818042944,10.835590179449763,0.15384615384615385,0.0
13,6,0.0,0.0,7021,7021-85628-0008_237-134500-0013,44.817044655954504,43.87668066123626,0.0,0.0,0.0,0.0,237,43.91748786845535,-28.330331774916807,15.587156093538548,0.0,0.0
6,2,0.0,0.0,1580,4992-41797-0005_1580-141083-0049,31.66609938193365,24.443556695823304,0.0,0.0,0.0,0.0,4992,26.423375777113996,-17.255145516637466,9.16823026047653,0.3333333333333333,0.5
6,2,0.0,0.0,4992,4992-41797-0005_1580-141083-0049,36.12772043623213,33.07229424812664,0.0,0.0,0.0,0.0,1580,30.09283376478615,-18.78691750941838,11.30591625536777,0.3333333333333333,0.0
11,5,0.0,0.0,1580,7729-102255-0036_1580-141083-0031,42.38384710379437,42.330015888869056,0.0,0.0,0.0,0.0,7729,41.330710565683816,-27.705995585683016,13.6247149800008,0.0,0.0
11,5,0.0,0.0,7729,7729-102255-0036_1580-141083-0031,25.69698681983731,26.783729581875775,0.0,0.0,0.0,0.0,1580,25.81486895657584,-19.07589334693665,6.73897560963919,0.09090909090909091,0.0
5,2,0.0,0.0,8555,8463-294828-0012_8555-284447-0009,14.53633367317743,12.126878459398856,0.0,0.0,0.0,0.0,8463,6.859129345539488,-5.965587859330847,0.8935414862086409,0.0,0.0
5,2,0.0,0.0,8463,8463-294828-0012_8555-284447-0009,25.659287639912996,27.496765543329758,0.0,0.0,0.0,0.0,8555,27.90668257256385,-16.026080155890156,11.880602416673693,0.6,0.5
7,3,0.0,0.0,2830,61-70968-0003_2830-3980-0008,20.93991293367051,18.79039567823838,0.0,0.0,0.0,0.0,61,19.97098192566121,-11.016415818754172,8.954566106907038,0.0,0.0
7,3,1.0,1.0,61,61-70968-0003_2830-3980-0008,-8.047981420679855,-6.764496508102934,0.5714285714285714,1.0,0.5714285714285714,1.0,2830,-6.890287654337478,2.8451330423567622,-4.045154611980716,0.42857142857142855,0.0
5,2,0.0,0.0,1995,7176-92135-0022_1995-1837-0017,26.051213925418654,23.74704233273102,0.0,0.0,0.0,0.0,7176,21.247002576746134,-16.503009838115684,4.74399273863045,0.0,0.0
5,2,0.0,0.0,7176,7176-92135-0022_1995-1837-0017,31.594006698503925,28.72015316728886,0.0,0.0,0.0,0.0,1995,26.285427720067887,-15.968585096424997,10.316842623642891,0.0,0.0
7,3,0.0,0.0,5683,5639-40744-0012_5683-32879-0021,50.39154408994202,51.29761811046561,0.0,0.0,0.0,0.0,5639,50.86434757149808,-31.73451592631581,19.129831645182268,0.0,0.0
7,3,0.14285714285714285,0.0,5639,5639-40744-0012_5683-32879-0021,46.94379769662644,48.10734935672196,0.0,0.0,0.0,0.0,5683,46.726544895799734,-33.45489518262957,13.271649713170161,0.2857142857142857,0.0
8,3,0.0,0.0,1188,1580-141083-0026_1188-133604-0037,45.79505844307581,44.643241396794245,0.0,0.0,0.0,0.0,1580,39.38711574108306,-27.654553634514677,11.73256210656838,0.0,0.0
8,3,0.0,0.0,1580,1580-141083-0026_1188-133604-0037,50.954707683740345,49.527525593407866,0.0,0.0,0.0,0.0,1188,45.14502760354439,-28.31324411029364,16.831783493250757,0.125,0.0
6,2,0.0,0.0,2830,4970-29095-0025_2830-3980-0005,40.425324806365175,41.29356897282699,0.0,0.0,0.0,0.0,4970,37.675451667980255,-24.364217818890992,13.311233849089266,0.3333333333333333,0.0
6,2,0.0,0.0,4970,4970-29095-0025_2830-3980-0005,47.86456319764934,42.74438537175868,0.0,0.0,0.0,0.0,2830,41.84063159666215,-25.976148795698823,15.864482800963328,0.0,0.0
7,3,0.0,0.0,5683,2300-131720-0001_5683-32879-0012,33.1912487800434,34.90522808646163,0.0,0.0,0.0,0.0,2300,32.78826258432527,-20.242382418428303,12.54588016589696,0.0,0.0
7,3,0.0,0.0,2300,2300-131720-0001_5683-32879-0012,32.1160276767422,33.516027941815224,0.0,0.0,0.0,0.0,5683,37.27218673851397,-26.709461398659478,10.562725339854495,0.0,0.0
7,3,0.0,0.0,237,8230-279154-0031_237-126133-0016,40.813574223566384,43.11085522343247,0.0,0.0,0.0,0.0,8230,41.964095782393464,-24.510158720814307,17.453937061579158,0.0,0.0
7,3,0.0,0.0,8230,8230-279154-0031_237-126133-0016,32.535130502123984,35.32995007933632,0.0,0.0,0.0,0.0,237,32.93595065481755,-24.256189910287173,8.679760744530382,0.0,0.0
14,6,0.07142857142857142,0.0,1320,5105-28241-0018_1320-122617-0009,34.873708404597835,36.3009640485352,0.0,0.0,0.0,0.0,5105,35.678228538939486,-24.327796187699093,11.350432351240393,0.35714285714285715,0.0
14,6,0.0,0.0,5105,5105-28241-0018_1320-122617-0009,37.05344557254032,37.54710588303126,0.0,0.0,0.0,0.0,1320,37.088882150499145,-23.702038994849364,13.386843155649784,0.0,0.0
14,6,0.0,0.0,7176,3729-6852-0020_7176-92135-0016,38.36395024837839,38.364035865066,0.0,0.0,0.0,0.0,3729,39.284086143241396,-27.48185851328335,11.802227629958049,0.0,0.0
14,6,0.0,0.0,3729,3729-6852-0020_7176-92135-0016,43.848887330285706,42.66716887996679,0.0,0.0,0.0,0.0,7176,43.03303053662094,-27.154277511276543,15.878753025344395,0.0,0.0
8,3,0.0,0.0,5683,8555-284449-0007_5683-32866-0005,18.850866045976108,21.423125127962496,0.0,0.0,0.0,0.0,8555,19.35735461766124,-14.452161082579087,4.905193535082154,0.75,1.0
8,3,0.375,0.3333333333333333,8555,8555-284449-0007_5683-32866-0005,34.22379468412073,33.89033533891597,0.0,0.0,0.0,0.0,5683,31.05125531739107,-18.66995983625727,12.381295481133801,0.375,0.3333333333333333
9,4,0.0,0.0,2094,61-70968-0057_2094-142345-0014,27.245391251372524,26.70965495976794,0.0,0.0,0.0,0.0,61,26.833475655416855,-17.200066576283742,9.633409079133111,0.0,0.0
9,4,0.0,0.0,61,61-70968-0057_2094-142345-0014,26.867263126269396,26.59531238145948,0.0,0.0,0.0,0.0,2094,26.684799529514443,-18.471295984307364,8.21350354520708,0.0,0.0
7,3,0.0,0.0,61,8463-294825-0010_61-70968-0034,32.17290870777857,33.72202238811416,0.0,0.0,0.0,0.0,8463,31.165518822699447,-20.772689810101305,10.392829012598142,0.0,0.0
7,3,0.0,0.0,8463,8463-294825-0010_61-70968-0034,30.85072701152539,32.341351411087025,0.0,0.0,0.0,0.0,61,31.1995343721307,-19.942531744059465,11.257002628071234,0.2857142857142857,0.0
12,6,0.0,0.0,8224,8463-294828-0013_8224-274381-0004,40.759740006188345,40.52557115550125,0.0,0.0,0.0,0.0,8463,39.56866147319344,-25.333334904040807,14.235326569152631,0.0,0.0
12,6,0.0,0.0,8463,8463-294828-0013_8224-274381-0004,36.88051014556155,36.59786787902837,0.0,0.0,0.0,0.0,8224,36.190584510199955,-24.844014122498344,11.346570387701611,0.08333333333333333,0.0
8,3,0.0,0.0,8463,8555-284449-0018_8463-287645-0000,24.42784106191482,23.439612638996053,0.0,0.0,0.0,0.0,8555,25.65022248979183,-17.22127184547783,8.428950644313998,0.625,0.0
8,3,0.5,0.3333333333333333,8555,8555-284449-0018_8463-287645-0000,-2.236525279686866,-1.730671542346659,0.0,0.0,0.0,0.0,8463,-1.3619286272342799,-0.27869193518516155,-1.6406205624194414,0.5,0.3333333333333333
14,6,0.0,0.0,8224,8230-279154-0017_8224-274384-0004,28.24754620926973,27.842502041904137,0.0,0.0,0.0,0.0,8230,28.73167526642527,-17.674091221582067,11.057584044843203,0.07142857142857142,0.0
14,6,0.2857142857142857,0.3333333333333333,8230,8230-279154-0017_8224-274384-0004,20.004007835832315,19.847302854181212,0.2857142857142857,0.3333333333333333,0.07142857142857142,0.0,8224,18.482246705496998,-11.529784656823555,6.952462048673444,0.07142857142857142,0.0
5,2,0.0,0.0,1188,4992-23283-0018_1188-133604-0013,31.913520202831563,30.096624439482092,0.0,0.0,0.0,0.0,4992,31.69794169596311,-21.46216654923114,10.235775146731969,0.0,0.0
5,2,0.0,0.0,4992,4992-23283-0018_1188-133604-0013,29.1674957687684,25.52405908612726,0.0,0.0,0.0,0.0,1188,27.2194528890932,-19.308886043694702,7.9105668453985,0.0,0.0
6,2,0.0,0.0,3570,8230-279154-0032_3570-5695-0000,38.102578493470304,36.85629288738032,0.0,0.0,0.0,0.0,8230,38.18713417644123,-25.967328020445287,12.219806155995945,0.0,0.0
6,2,0.0,0.0,8230,8230-279154-0032_3570-5695-0000,39.68575922010404,39.53038100928862,0.0,0.0,0.0,0.0,3570,36.830227004351784,-24.1817581042522,12.648468900099585,0.0,0.0
21,10,0.47619047619047616,0.4,2300,7021-79740-0014_2300-131720-0023,-0.7221596883646489,0.7087786147927925,0.47619047619047616,0.4,0.2857142857142857,0.3,7021,1.511692441255108,-3.6002465844666967,-2.0885541432115886,0.47619047619047616,0.6
21,10,0.09523809523809523,0.0,7021,7021-79740-0014_2300-131720-0023,16.894360713604613,15.354262243714881,0.0,0.0,0.0,0.0,2300,15.722437761319528,-9.784478121286948,5.937959640032579,0.19047619047619047,0.1
15,7,0.0,0.0,3729,1284-1181-0012_3729-6852-0023,36.60363927169354,35.654450582865685,0.0,0.0,0.0,0.0,1284,34.78881003038634,-21.103843340794484,13.684966689591855,0.06666666666666667,0.0
15,7,0.2,0.0,1284,1284-1181-0012_3729-6852-0023,30.96749252590831,31.128730359346186,0.0,0.0,0.0,0.0,3729,30.47157957705535,-21.781778426717672,8.68980115033768,0.2,0.0
5,2,0.0,0.0,5639,8463-294825-0019_5639-40744-0038,30.22898580478312,30.77496691099988,0.0,0.0,0.0,0.0,8463,31.553957206530978,-22.142621531854108,9.41133567467687,0.0,0.0
5,2,0.0,0.0,8463,8463-294825-0019_5639-40744-0038,42.50734046043243,42.860824871076574,0.0,0.0,0.0,0.0,5639,43.65867495988468,-29.198246159306084,14.460428800578597,0.0,0.0
10,4,0.0,0.0,1221,4077-13754-0005_1221-135767-0005,32.54163465267803,32.726077366787145,0.0,0.0,0.0,0.0,4077,33.58657141630008,-22.99610751559203,10.590463900708054,0.0,0.0
10,4,0.0,0.0,4077,4077-13754-0005_1221-135767-0005,35.11799332837399,37.307127321620065,0.0,0.0,0.0,0.0,1221,37.20390197925164,-24.12186015531065,13.082041823940994,0.0,0.0
7,3,0.0,0.0,1320,7729-102255-0012_1320-122617-0000,25.72014580218916,25.09559921620945,0.0,0.0,0.0,0.0,7729,25.950419425159325,-17.238697432926017,8.71172199223331,0.14285714285714285,0.3333333333333333
7,3,0.0,0.0,7729,7729-102255-0012_1320-122617-0000,31.747570799389326,31.919081566522337,0.0,0.0,0.0,0.0,1320,33.31712683156165,-21.535632864693305,11.781493966868343,0.0,0.0
5,2,0.0,0.0,260,237-134500-0026_260-123286-0016,26.55907211144376,25.85875163601225,0.0,0.0,0.0,0.0,237,28.226357219780304,-19.514574991874696,8.711782227905609,0.2,0.0
5,2,0.0,0.0,237,237-134500-0026_260-123286-0016,33.65111137868416,33.8106875231417,0.0,0.0,0.0,0.0,260,35.38298407704308,-21.695041628193003,13.68794244885008,0.0,0.0
16,7,0.0,0.0,1089,3575-170457-0044_1089-134686-0017,39.46818256873,38.55431010770308,0.0,0.0,0.0,0.0,3575,39.600711583508286,-26.086602211205875,13.51410937230241,0.0,0.0
16,7,0.0,0.0,3575,3575-170457-0044_1089-134686-0017,32.122441389354655,30.980448996377696,0.0,0.0,0.0,0.0,1089,31.637009185468386,-21.969210438343744,9.66779874712464,0.0,0.0
12,5,0.0,0.0,4507,1580-141083-0034_4507-16021-0017,33.58329410849054,31.48323213769827,0.0,0.0,0.0,0.0,1580,32.858115106272905,-23.291042871286933,9.567072234985968,0.0,0.0
12,5,0.0,0.0,1580,1580-141083-0034_4507-16021-0017,40.8086403965417,39.54514517466158,0.0,0.0,0.0,0.0,4507,41.62691808841962,-25.939814809201764,15.68710327921786,0.3333333333333333,0.0
5,2,0.0,0.0,260,1580-141084-0001_260-123286-0029,25.779396436059518,22.157978255491756,0.0,0.0,0.0,0.0,1580,25.200676116358416,-19.41482494231407,5.785851174044345,0.0,0.0
5,2,0.2,0.0,1580,1580-141084-0001_260-123286-0029,33.93110874239788,27.780882674815146,0.0,0.0,0.0,0.0,260,32.777418183798275,-18.966941865941187,13.810476317857091,0.8,0.5
10,4,1.0,1.0,260,672-122797-0061_260-123286-0018,-27.606263866008895,-27.387510340112097,0.9,1.0,0.9,1.0,672,-27.164265270163952,8.670793274820069,-18.493471995343885,0.1,0.0
10,4,0.1,0.0,672,672-122797-0061_260-123286-0018,29.096908608047233,27.960075276222597,0.0,0.0,0.0,0.0,260,27.82993411696676,-18.486236007879363,9.343698109087397,0.4,0.0
10,4,0.0,0.0,2830,3575-170457-0012_2830-3980-0031,34.510069700288724,33.20741041910606,0.0,0.0,0.0,0.0,3575,35.29216096543089,-23.143836683746137,12.148324281684753,0.2,0.0
10,4,0.0,0.0,3575,3575-170457-0012_2830-3980-0031,37.96760635794331,36.6089527165987,0.0,0.0,0.0,0.0,2830,37.7619964550827,-25.046476768528304,12.7155196865544,0.0,0.0
8,3,0.0,0.0,1221,61-70968-0022_1221-135767-0011,29.184581854858244,28.40975016475568,0.0,0.0,0.0,0.0,61,28.021477837661614,-21.213520070995816,6.807957766665799,0.0,0.0
8,3,0.0,0.0,61,61-70968-0022_1221-135767-0011,27.137188452895273,24.935133173836704,0.0,0.0,0.0,0.0,1221,26.058241603260104,-16.583085833708427,9.475155769551677,0.125,0.0
8,3,0.625,0.3333333333333333,672,7176-88083-0005_672-122797-0022,7.694893944441522,2.5764973929814095,0.375,0.3333333333333333,0.125,0.3333333333333333,7176,1.1836240718010909,-0.7055473109726538,0.47807676082843703,0.25,0.3333333333333333
8,3,0.375,0.3333333333333333,7176,7176-88083-0005_672-122797-0022,3.034232281903909,6.052840751584635,0.375,0.3333333333333333,0.25,0.3333333333333333,672,7.597005620920163,-4.605950668832034,2.9910549520881284,0.125,0.3333333333333333
6,2,0.3333333333333333,0.5,7176,4446-2271-0019_7176-88083-0010,25.703044592690684,26.772222684415482,0.0,0.0,0.0,0.0,4446,26.093373733665487,-17.05482167975502,9.038552053910468,0.8333333333333334,0.5
6,2,0.0,0.0,4446,4446-2271-0019_7176-88083-0010,30.814246703187223,30.890981356166467,0.0,0.0,0.0,0.0,7176,32.11597318269241,-20.177147279172424,11.938825903519986,0.0,0.0
12,5,0.0,0.0,8463,4077-13751-0010_8463-294825-0002,38.63763114150267,36.61092676453383,0.0,0.0,0.0,0.0,4077,35.889882686257735,-23.38681226757947,12.503070418678268,0.0,0.0
12,5,0.0,0.0,4077,4077-13751-0010_8463-294825-0002,36.22954054927365,33.94765505411078,0.0,0.0,0.0,0.0,8463,34.44537594022654,-23.07343364370938,11.371942296517158,0.0,0.0
6,2,0.0,0.0,1188,2830-3980-0024_1188-133604-0000,8.293525952869018,6.845195984398355,0.0,0.0,0.0,0.0,2830,9.732609455322526,-5.816493942406328,3.916115512916198,0.0,0.0
6,2,0.3333333333333333,0.0,2830,2830-3980-0024_1188-133604-0000,10.749675308274407,10.625626540192332,0.16666666666666666,0.0,0.16666666666666666,0.0,1188,7.2173618354382185,-6.32451574420414,0.8928460912340788,0.6666666666666666,0.5
12,5,0.0,0.0,8224,6930-75918-0004_8224-274384-0006,31.353671309050878,30.025159776612362,0.0,0.0,0.0,0.0,6930,30.837243464320125,-20.86004708882701,9.977196375493113,0.0,0.0
12,5,0.08333333333333333,0.0,6930,6930-75918-0004_8224-274384-0006,34.295467505176426,34.13149791077876,0.08333333333333333,0.0,0.0,0.0,8224,33.951085751766314,-23.367430222744964,10.583655529021348,0.3333333333333333,0.0
6,2,0.0,0.0,4507,2094-142345-0035_4507-16021-0022,34.93639527997693,38.21220834266161,0.0,0.0,0.0,0.0,2094,36.17564032736348,-22.61450235280733,13.561137974556146,0.16666666666666666,0.0
6,2,0.0,0.0,2094,2094-142345-0035_4507-16021-0022,30.78475889127076,31.559823168728542,0.0,0.0,0.0,0.0,4507,31.85371575759899,-23.23285881491936,8.620856942679628,0.0,0.0
9,4,0.0,0.0,2830,1580-141084-0042_2830-3980-0010,37.88649201629375,37.779088568756606,0.0,0.0,0.0,0.0,1580,39.45106249535194,-25.479574365008645,13.971488130343294,0.1111111111111111,0.0
9,4,0.0,0.0,1580,1580-141084-0042_2830-3980-0010,35.63040347026302,35.828739376707354,0.0,0.0,0.0,0.0,2830,35.873015926395155,-23.234130654915212,12.638885271479943,0.0,0.0
6,2,0.8333333333333334,1.0,3570,1284-1181-0002_3570-5694-0002,-5.838549275398406,-5.16447082339227,0.6666666666666666,1.0,0.6666666666666666,1.0,1284,-7.52015118762252,3.6683583561121,-3.8517928315104206,0.3333333333333333,0.0
6,2,0.16666666666666666,0.0,1284,1284-1181-0002_3570-5694-0002,22.58818803358307,20.793547048221548,0.0,0.0,0.0,0.0,3570,22.807728854568794,-13.873632844896813,8.934096009671979,0.16666666666666666,0.0
6,2,0.0,0.0,4507,8455-210777-0044_4507-16021-0015,31.37785778377643,26.606086735249107,0.0,0.0,0.0,0.0,8455,29.488773784150716,-17.91589407038628,11.572879713764435,0.0,0.0
6,2,0.0,0.0,8455,8455-210777-0044_4507-16021-0015,25.870864323192347,20.991175429341943,0.0,0.0,0.0,0.0,4507,22.801168935028727,-17.292392039209126,5.508776895819601,0.0,0.0
12,5,0.0,0.0,3570,5639-40744-0013_3570-5695-0014,41.839977792163104,41.021804650118135,0.0,0.0,0.0,0.0,5639,40.1743725464647,-28.283285219791132,11.891087326673569,0.08333333333333333,0.0
12,5,0.0,0.0,5639,5639-40744-0013_3570-5695-0014,40.02285333526017,37.024493715404056,0.0,0.0,0.0,0.0,3570,31.977531064053025,-23.39049039359033,8.587040670462697,0.0,0.0
10,4,0.0,0.0,7021,5639-40744-0020_7021-79740-0001,16.79980953334748,13.684683674155574,0.0,0.0,0.0,0.0,5639,19.248438650316988,-11.566911451603165,7.681527198713822,0.1,0.0
10,4,0.1,0.0,5639,5639-40744-0020_7021-79740-0001,18.821127309887785,17.545957163667012,0.0,0.0,0.0,0.0,7021,15.9691689139189,-10.565704889146549,5.403464024772351,0.3,0.0
8,3,0.0,0.0,1221,672-122797-0066_1221-135766-0004,31.391050414903503,31.359086482332028,0.0,0.0,0.0,0.0,672,29.981074626815698,-19.19949232806427,10.78158229875143,0.0,0.0
8,3,0.0,0.0,672,672-122797-0066_1221-135766-0004,21.056289099609785,19.953047055344182,0.0,0.0,0.0,0.0,1221,21.6773713450121,-14.595172965768157,7.082198379243945,0.0,0.0
6,2,0.0,0.0,8230,5142-36586-0004_8230-279154-0040,33.03614743780613,31.91649753867278,0.0,0.0,0.0,0.0,5142,32.25208978262833,-23.431856662569995,8.820233120058333,0.0,0.0
6,2,0.0,0.0,5142,5142-36586-0004_8230-279154-0040,51.97652068942906,48.12446380075009,0.0,0.0,0.0,0.0,8230,49.738794887272824,-28.501275821764747,21.237519065508078,0.0,0.0
15,7,0.0,0.0,7127,61-70970-0015_7127-75946-0018,15.12149602276702,14.713158152441656,0.0,0.0,0.0,0.0,61,15.779311255046188,-10.757580995396836,5.021730259649352,0.0,0.0
15,7,0.0,0.0,61,61-70970-0015_7127-75946-0018,28.072242887262874,28.26749667907686,0.0,0.0,0.0,0.0,7127,29.01745787211584,-20.128433902800232,8.88902396931561,0.0,0.0
8,3,0.0,0.0,2300,6930-76324-0012_2300-131720-0027,33.466974685913534,33.356528489498594,0.0,0.0,0.0,0.0,6930,33.88706397813921,-24.601388470146112,9.2856755079931,0.125,0.0
8,3,0.0,0.0,6930,6930-76324-0012_2300-131720-0027,32.3283832287249,32.213628182951965,0.0,0.0,0.0,0.0,2300,33.082562920169885,-20.284654423723715,12.79790849644617,0.0,0.0
7,3,0.0,0.0,4507,672-122797-0019_4507-16021-0033,21.9102460456882,22.088477277554194,0.0,0.0,0.0,0.0,672,23.139312177114178,-15.3003538062125,7.838958370901676,0.2857142857142857,0.0
7,3,0.14285714285714285,0.0,672,672-122797-0019_4507-16021-0033,23.659171706867465,25.427216616027323,0.14285714285714285,0.0,0.0,0.0,4507,23.340298007668235,-16.589814345530407,6.750483662137827,0.0,0.0
6,2,0.16666666666666666,0.0,1089,61-70970-0036_1089-134686-0016,9.194193434278164,7.848743568760939,0.0,0.0,0.0,0.0,61,9.341168543109864,-6.138810507996886,3.202358035112978,0.3333333333333333,0.0
6,2,0.8333333333333334,1.0,61,61-70970-0036_1089-134686-0016,2.3678438857944024,3.2541287353555655,0.3333333333333333,0.5,0.16666666666666666,0.0,1089,1.12536810021102,-1.9628384411443447,-0.8374703409333246,0.6666666666666666,0.5
10,4,0.0,0.0,260,2094-142345-0027_260-123288-0007,36.71107147308751,35.95000571011872,0.0,0.0,0.0,0.0,2094,34.535218775541544,-23.087787320525898,11.447431455015648,0.0,0.0
10,4,0.0,0.0,2094,2094-142345-0027_260-123288-0007,37.729428917384716,36.36253394221259,0.0,0.0,0.0,0.0,260,36.89079976914374,-23.305276427432847,13.585523341710896,0.1,0.0
12,5,0.08333333333333333,0.0,237,4992-23283-0000_237-134493-0017,19.460036051236973,18.23929848741113,0.0,0.0,0.0,0.0,4992,16.89549717693589,-12.828043493016228,4.067453683919661,0.08333333333333333,0.0
12,5,0.08333333333333333,0.0,4992,4992-23283-0000_237-134493-0017,19.928926174481003,17.648060437959728,0.08333333333333333,0.0,0.0,0.0,237,19.83842174994303,-12.76117184877673,7.077249901166302,0.3333333333333333,0.6
5,2,0.6,0.5,237,4970-29093-0001_237-134500-0003,4.56585153071579,2.9678398803112587,0.6,0.5,0.2,0.0,4970,4.5018381228758715,-3.7599253220366,0.7419128008392716,0.4,0.5
5,2,0.0,0.0,4970,4970-29093-0001_237-134500-0003,27.852295535329098,28.85113916500078,0.0,0.0,0.0,0.0,237,27.98871413163095,-15.270581876749187,12.718132254881764,0.0,0.0
6,2,0.0,0.0,4970,3575-170457-0023_4970-29095-0029,22.200495625915057,25.018618527661175,0.0,0.0,0.0,0.0,3575,23.21221220486134,-16.79964782907695,6.412564375784391,0.0,0.0
6,2,0.0,0.0,3575,3575-170457-0023_4970-29095-0029,4.02892571297054,2.8513996694919665,0.0,0.0,0.0,0.0,4970,3.631208096030703,-2.297601145678448,1.3336069503522547,0.6666666666666666,1.0
14,6,0.0,0.0,1580,1089-134691-0023_1580-141083-0000,35.8303311794853,36.56338637122196,0.0,0.0,0.0,0.0,1089,35.92420561770429,-21.436560072246216,14.487645545458076,0.0,0.0
14,6,0.0,0.0,1089,1089-134691-0023_1580-141083-0000,29.09153708349692,29.706040395765644,0.0,0.0,0.0,0.0,1580,30.696336656669597,-23.528013303252123,7.168323353417475,0.0,0.0
6,2,0.0,0.0,2094,5142-33396-0018_2094-142345-0043,32.22527141265292,34.494537684743364,0.0,0.0,0.0,0.0,5142,31.827792528069907,-21.076923693546004,10.750868834523901,0.0,0.0
6,2,0.0,0.0,5142,5142-33396-0018_2094-142345-0043,28.627562722979906,29.399652952093053,0.0,0.0,0.0,0.0,2094,29.440905450391707,-18.87300805503053,10.567897395361175,0.0,0.0
9,4,0.0,0.0,672,7729-102255-0017_672-122797-0063,36.59961654374361,36.45501577768043,0.0,0.0,0.0,0.0,7729,39.03108626122358,-24.168928902782714,14.862157358440864,0.0,0.0
9,4,0.4444444444444444,0.0,7729,7729-102255-0017_672-122797-0063,26.99655680558891,31.754098387002365,0.0,0.0,0.0,0.0,672,34.62470552846309,-24.669323750288143,9.955381778174948,0.6666666666666666,0.25
6,2,0.0,0.0,8463,5683-32866-0020_8463-294828-0032,33.46383253806399,35.66291665952753,0.0,0.0,0.0,0.0,5683,33.53684224179827,-22.421574579503073,11.115267662295192,0.16666666666666666,0.0
6,2,0.0,0.0,5683,5683-32866-0020_8463-294828-0032,36.4952079639349,37.93751967227236,0.0,0.0,0.0,0.0,8463,37.50400238800294,-22.57034423047021,14.93365815753273,0.0,0.0
9,4,0.8888888888888888,1.0,2094,4992-41797-0009_2094-142345-0051,-15.249067683032868,-15.818321907453598,0.7777777777777778,0.75,0.7777777777777778,0.75,4992,-13.118166589117672,4.772300039577281,-8.345866549540391,0.1111111111111111,0.25
9,4,0.1111111111111111,0.0,4992,4992-41797-0009_2094-142345-0051,29.700223280744744,27.293649524540744,0.0,0.0,0.0,0.0,2094,27.920692153739914,-17.634632059707506,10.286060094032406,0.2222222222222222,0.0
7,3,0.0,0.0,672,6829-68769-0022_672-122797-0064,39.11496469013686,38.61766664695591,0.0,0.0,0.0,0.0,6829,39.801674498400885,-26.833384801190356,12.96828969721053,0.0,0.0
7,3,0.0,0.0,6829,6829-68769-0022_672-122797-0064,38.90805429750531,39.635981977252015,0.0,0.0,0.0,0.0,672,39.5489097382427,-25.885616961180993,13.663292777061702,0.0,0.0
14,6,0.0,0.0,7127,121-127105-0026_7127-75946-0017,19.98558380968996,18.635501800830937,0.0,0.0,0.0,0.0,121,18.876759729274774,-11.301560109301455,7.575199619973318,0.2857142857142857,0.16666666666666666
14,6,0.0,0.0,121,121-127105-0026_7127-75946-0017,22.261903123832223,19.810885062953062,0.0,0.0,0.0,0.0,7127,20.326098673217754,-14.411001499721191,5.915097173496562,0.0,0.0
12,5,0.08333333333333333,0.0,3575,7021-79740-0011_3575-170457-0014,27.554659392966993,24.703180942667185,0.0,0.0,0.0,0.0,7021,22.43131624215933,-15.380648743969774,7.050667498189556,0.08333333333333333,0.0
12,5,0.0,0.0,7021,7021-79740-0011_3575-170457-0014,30.90174011129147,29.16080567227167,0.0,0.0,0.0,0.0,3575,28.09791217390942,-18.338899131063442,9.75901304284598,0.0,0.0
13,6,0.15384615384615385,0.16666666666666666,5639,2830-3980-0061_5639-40744-0019,9.18260887580068,8.28315093873188,0.0,0.0,0.0,0.0,2830,6.968699819461111,-4.353724307433097,2.6149755120280145,0.15384615384615385,0.16666666666666666
13,6,0.5384615384615384,0.5,2830,2830-3980-0061_5639-40744-0019,12.554134889351312,11.26915888655686,0.23076923076923078,0.5,0.07692307692307693,0.16666666666666666,5639,11.095063289084042,-6.1717502258683945,4.923313063215646,0.46153846153846156,0.16666666666666666
12,5,0.8333333333333334,1.0,4077,7021-79740-0007_4077-13751-0020,-16.192027190385698,-19.227870778687866,0.8333333333333334,1.0,0.8333333333333334,1.0,7021,-16.648894752841137,7.113799723096166,-9.535095029744973,0.08333333333333333,0.0
12,5,0.08333333333333333,0.0,7021,7021-79740-0007_4077-13751-0020,22.48356392667311,24.946637107396246,0.0,0.0,0.0,0.0,4077,21.66695041481448,-12.299215555501315,9.367734859313167,0.16666666666666666,0.0
16,7,0.0625,0.0,260,3575-170457-0042_260-123288-0003,30.96822388589432,31.387087418651788,0.0625,0.0,0.0,0.0,3575,34.69875212556956,-23.041431548591778,11.657320576977785,0.0,0.0
16,7,0.0,0.0,3575,3575-170457-0042_260-123288-0003,37.899871283911196,38.08317255858231,0.0,0.0,0.0,0.0,260,36.40635007668172,-22.969281762544757,13.437068314136958,0.0,0.0
12,5,0.0,0.0,3729,5142-36377-0013_3729-6852-0040,30.520876232399036,31.14213828715462,0.0,0.0,0.0,0.0,5142,30.9843498884452,-20.576642464351174,10.407707424094028,0.0,0.0
12,5,0.5833333333333334,0.2,5142,5142-36377-0013_3729-6852-0040,34.44403291404228,33.59332266324317,0.08333333333333333,0.0,0.0,0.0,3729,34.221484410067255,-20.6016833650714,13.619801044995858,0.6666666666666666,0.6
6,2,0.0,0.0,4446,1188-133604-0005_4446-2271-0003,36.17179320399993,35.43977413343032,0.0,0.0,0.0,0.0,1188,36.08607611149929,-22.86936311724031,13.216712994258977,0.0,0.0
6,2,0.0,0.0,1188,1188-133604-0005_4446-2271-0003,27.433935348009186,25.200356302562454,0.0,0.0,0.0,0.0,4446,28.685722947800002,-21.03265966527111,7.653063282528891,0.0,0.0
22,10,0.0,0.0,4507,4077-13754-0010_4507-16021-0010,47.84166570969869,48.01781218806244,0.0,0.0,0.0,0.0,4077,44.68155617095937,-29.10015113540915,15.581405035550217,0.0,0.0
22,10,0.09090909090909091,0.0,4077,4077-13754-0010_4507-16021-0010,39.22005268339576,39.09566842230021,0.0,0.0,0.0,0.0,4507,37.44374395153136,-26.062242121966342,11.381501829565018,0.22727272727272727,0.0
6,2,0.0,0.0,4077,1284-1180-0014_4077-13754-0002,35.549525274557325,32.30065546459802,0.0,0.0,0.0,0.0,1284,33.33599137586739,-22.83848069461092,10.49751068125647,0.3333333333333333,0.0
6,2,0.0,0.0,1284,1284-1180-0014_4077-13754-0002,36.03643457951098,35.04070332095292,0.0,0.0,0.0,0.0,4077,34.70266396151319,-23.246541103817208,11.456122857695982,0.0,0.0
7,3,0.0,0.0,61,6829-68771-0002_61-70970-0040,30.650059626965476,30.597616915139003,0.0,0.0,0.0,0.0,6829,31.55804093634952,-20.97697588149172,10.581065054857799,0.0,0.0
7,3,0.0,0.0,6829,6829-68771-0002_61-70970-0040,29.107609244720773,28.616806963218973,0.0,0.0,0.0,0.0,61,29.44853055135244,-19.73422977312517,9.714300778227274,0.0,0.0
6,2,0.8333333333333334,1.0,2961,5683-32865-0003_2961-961-0018,-4.175757268831112,-4.0575761109878,0.8333333333333334,1.0,0.8333333333333334,1.0,5683,-4.25537497505876,1.7512657771258269,-2.504109197932933,0.0,0.0
6,2,0.0,0.0,5683,5683-32865-0003_2961-961-0018,22.50740078797453,22.374964634856966,0.0,0.0,0.0,0.0,2961,22.353225032097782,-13.734593558394044,8.618631473703738,0.16666666666666666,0.0
14,7,0.14285714285714285,0.0,672,2300-131720-0003_672-122797-0055,26.926320703116684,26.847155457251155,0.07142857142857142,0.0,0.0,0.0,2300,27.17268606640965,-16.76303376329897,10.40965230311068,0.07142857142857142,0.0
14,7,0.07142857142857142,0.0,2300,2300-131720-0003_672-122797-0055,24.904303307159797,25.19907645522226,0.07142857142857142,0.0,0.0,0.0,672,26.107998099378783,-17.0293602207244,9.078637878654385,0.21428571428571427,0.2857142857142857
9,4,0.0,0.0,5639,1995-1837-0004_5639-40744-0007,45.06430215244599,45.72486834703936,0.0,0.0,0.0,0.0,1995,44.765497851178964,-28.41841419855455,16.347083652624413,0.0,0.0
9,4,0.0,0.0,1995,1995-1837-0004_5639-40744-0007,37.37617108177622,35.49971957943794,0.0,0.0,0.0,0.0,5639,38.77684436692985,-25.72357470953524,13.053269657394608,0.1111111111111111,0.0
14,6,0.14285714285714285,0.16666666666666666,5105,8463-287645-0003_5105-28233-0010,11.017378731071586,10.038656437822697,0.07142857142857142,0.0,0.0,0.0,8463,10.79187274632147,-6.65022205320339,4.141650693118079,0.35714285714285715,0.6666666666666666
14,6,0.07142857142857142,0.0,8463,8463-287645-0003_5105-28233-0010,39.01575800790028,39.1993364169979,0.0,0.0,0.0,0.0,5105,37.38021221218684,-23.26680632831031,14.113405883876531,0.14285714285714285,0.0
11,5,0.18181818181818182,0.0,3570,1284-1180-0028_3570-5696-0000,25.662484354197375,26.13863316368442,0.18181818181818182,0.0,0.0,0.0,1284,26.010756334234706,-18.705863651257904,7.304892682976803,0.7272727272727273,1.0
11,5,0.0,0.0,1284,1284-1180-0028_3570-5696-0000,39.2876128641559,40.31387046864029,0.0,0.0,0.0,0.0,3570,37.35136818241453,-22.994559207846294,14.356808974568242,0.0,0.0
8,3,0.25,0.0,61,5105-28240-0007_61-70970-0035,24.802313815264906,28.225092542116922,0.25,0.0,0.0,0.0,5105,27.53401240304321,-18.839903979313505,8.694108423729705,0.125,0.0
8,3,0.0,0.0,5105,5105-28240-0007_61-70970-0035,31.235356401832416,32.68981219886152,0.0,0.0,0.0,0.0,61,31.939234906441605,-20.979085767504312,10.960149138937293,0.0,0.0
9,4,0.0,0.0,4077,1580-141083-0027_4077-13751-0000,37.51009131977579,36.83186199515696,0.0,0.0,0.0,0.0,1580,36.206756452096315,-24.114833792330195,12.09192265976612,0.0,0.0
9,4,0.0,0.0,1580,1580-141083-0027_4077-13751-0000,34.051500817233666,33.3390656449903,0.0,0.0,0.0,0.0,4077,33.0768305375129,-23.01113110503996,10.065699432472936,0.0,0.0
5,2,0.0,0.0,6930,4992-41797-0008_6930-76324-0009,41.50907300401949,42.36691085691358,0.0,0.0,0.0,0.0,4992,44.38903588621087,-27.562193469094574,16.826842417116296,0.0,0.0
5,2,0.0,0.0,4992,4992-41797-0008_6930-76324-0009,40.486790650844625,40.066586000881664,0.0,0.0,0.0,0.0,6930,42.43905388970081,-30.03128909633475,12.40776479336606,0.0,0.0
6,2,0.0,0.0,6829,8455-210777-0064_6829-68769-0048,39.5051298149284,40.572374291461045,0.0,0.0,0.0,0.0,8455,39.911969131186346,-26.753689021691557,13.15828010949479,0.0,0.0
6,2,0.0,0.0,8455,8455-210777-0064_6829-68769-0048,35.73152033040934,37.76746569200232,0.0,0.0,0.0,0.0,6829,37.09782699871448,-24.034210520957544,13.063616477756941,0.0,0.0
8,3,0.25,0.0,5142,121-127105-0000_5142-33396-0044,26.54753984896012,26.044626877510435,0.25,0.0,0.0,0.0,121,27.224660508170906,-17.901607938557785,9.323052569613123,0.75,1.0
8,3,0.0,0.0,121,121-127105-0000_5142-33396-0044,25.155033089149107,25.921112807042647,0.0,0.0,0.0,0.0,5142,23.87621104938247,-15.838517681911963,8.037693367470505,0.0,0.0
6,2,0.0,0.0,5142,7021-85628-0020_5142-33396-0046,49.101096201943875,48.46390807284945,0.0,0.0,0.0,0.0,7021,49.9665120125902,-31.71233184817417,18.25418016441603,0.0,0.0
6,2,0.0,0.0,7021,7021-85628-0020_5142-33396-0046,45.57697652467534,43.45990143405717,0.0,0.0,0.0,0.0,5142,45.15784802379263,-30.19842261808703,14.959425405705602,0.16666666666666666,0.0
16,7,0.0,0.0,1995,2830-3980-0025_1995-1826-0001,35.626467644615914,34.602535359112004,0.0,0.0,0.0,0.0,2830,34.79829239541293,-22.5229975066873,12.275294888725627,0.0,0.0
16,7,0.0625,0.0,2830,2830-3980-0025_1995-1826-0001,24.217098699668963,24.328627511253067,0.0625,0.0,0.0,0.0,1995,24.69566717330045,-15.768689563741676,8.926977609558772,0.0625,0.0
6,2,0.0,0.0,121,7176-88083-0016_121-127105-0013,30.777484617042898,31.238846030957347,0.0,0.0,0.0,0.0,7176,32.20779558930178,-22.468491726144922,9.73930386315686,0.0,0.0
6,2,0.0,0.0,7176,7176-88083-0016_121-127105-0013,35.03724602729734,35.599014527904444,0.0,0.0,0.0,0.0,121,37.86149503024762,-24.432351980943846,13.429143049303773,1.0,1.0
11,5,0.0,0.0,2094,1284-1180-0007_2094-142345-0002,41.801849047409284,40.677322242712,0.0,0.0,0.0,0.0,1284,36.68046580440974,-22.694325383518613,13.986140420891127,0.0,0.0
11,5,0.09090909090909091,0.0,1284,1284-1180-0007_2094-142345-0002,35.748790435041784,35.057794282676774,0.0,0.0,0.0,0.0,2094,34.808982894309764,-24.006757133937032,10.80222576037273,0.09090909090909091,0.0
9,4,0.0,0.0,61,1995-1826-0020_61-70970-0027,34.3216026460976,33.6893602229722,0.0,0.0,0.0,0.0,1995,34.512628557083374,-23.306781720556344,11.205846836527027,0.2222222222222222,0.0
9,4,0.0,0.0,1995,1995-1826-0020_61-70970-0027,31.4755802992823,30.304235160421662,0.0,0.0,0.0,0.0,61,31.112896886970205,-20.10758775986805,11.005309127102155,0.0,0.0
7,3,0.7142857142857143,0.3333333333333333,6829,1995-1826-0024_6829-68769-0033,20.417024419121844,19.677792495879366,0.42857142857142855,0.0,0.0,0.0,1995,20.01569215218277,-14.034010783589002,5.981681368593767,0.5714285714285714,1.0
7,3,0.0,0.0,1995,1995-1826-0024_6829-68769-0033,32.91772305651524,32.3956227867597,0.0,0.0,0.0,0.0,6829,33.44576212603879,-20.338711466530007,13.10705065950878,0.0,0.0
11,5,0.0,0.0,1995,61-70970-0011_1995-1826-0009,33.13764747572633,32.540908555522606,0.0,0.0,0.0,0.0,61,32.68283685987349,-21.2674476810999,11.41538917877359,0.0,0.0
11,5,0.09090909090909091,0.0,61,61-70970-0011_1995-1826-0009,34.638868544222824,34.82405352421516,0.0,0.0,0.0,0.0,1995,35.37623814290906,-23.06105626411786,12.315181878791204,0.18181818181818182,0.0
4,2,0.0,0.0,3575,8463-294825-0016_3575-170457-0032,37.645795709766944,37.125512362365484,0.0,0.0,0.0,0.0,8463,37.092472823116644,-21.497159468753658,15.595313354362986,0.0,0.0
4,2,0.0,0.0,8463,8463-294825-0016_3575-170457-0032,27.02230829829994,25.831790576387558,0.0,0.0,0.0,0.0,3575,26.6534468797961,-19.128533792244856,7.524913087551244,0.0,0.0
7,3,0.0,0.0,237,8455-210777-0001_237-126133-0021,43.29649440120254,43.03246114338439,0.0,0.0,0.0,0.0,8455,44.49577648312611,-29.439208733805856,15.056567749320253,0.2857142857142857,0.0
7,3,0.0,0.0,8455,8455-210777-0001_237-126133-0021,39.48730417741989,38.758064573799,0.0,0.0,0.0,0.0,237,38.17753464564309,-25.276394437818446,12.90114020782465,0.0,0.0
8,3,0.0,0.0,8455,2094-142345-0009_8455-210777-0035,38.186176919669926,32.998281568262335,0.0,0.0,0.0,0.0,2094,35.271576824042334,-22.657745179493062,12.613831644549272,0.0,0.0
8,3,0.0,0.0,2094,2094-142345-0009_8455-210777-0035,28.762576514672315,28.261063977259635,0.0,0.0,0.0,0.0,8455,30.41642197979437,-19.107077339756117,11.309344640038255,0.125,0.0
6,2,0.0,0.0,1284,4077-13751-0013_1284-1181-0005,27.48785552694783,27.692187380162174,0.0,0.0,0.0,0.0,4077,28.288580977320898,-19.301861997845794,8.986718979475102,0.0,0.0
6,2,0.0,0.0,4077,4077-13751-0013_1284-1181-0005,29.895218498331285,30.151488492108903,0.0,0.0,0.0,0.0,1284,30.3222003384414,-19.173095566312256,11.149104772129146,0.3333333333333333,0.0
15,7,0.0,0.0,672,5639-40744-0006_672-122797-0026,28.86278359486029,28.565836941261086,0.0,0.0,0.0,0.0,5639,24.496066299384317,-15.940148128772885,8.555918170611431,0.26666666666666666,0.14285714285714285
15,7,1.0,1.0,5639,5639-40744-0006_672-122797-0026,-23.327226879869503,-23.024073074951357,0.5333333333333333,0.8571428571428571,0.5333333333333333,0.8571428571428571,672,-18.821065882829135,6.390953282170778,-12.430112600658358,0.4666666666666667,0.14285714285714285
7,3,0.0,0.0,908,6829-68771-0036_908-157963-0013,28.62687528349096,25.34250064172056,0.0,0.0,0.0,0.0,6829,26.46358479643115,-18.468433902050045,7.995150894381105,0.0,0.0
7,3,0.0,0.0,6829,6829-68771-0036_908-157963-0013,34.13293553968568,32.728064499375236,0.0,0.0,0.0,0.0,908,32.309627633962606,-19.428351692389644,12.881275941572962,0.14285714285714285,0.0
5,2,0.0,0.0,8463,1995-1826-0011_8463-287645-0014,38.59296698393127,42.405133969888624,0.0,0.0,0.0,0.0,1995,39.471942580059014,-24.69742418842526,14.774518391633757,0.2,0.0
5,2,0.0,0.0,1995,1995-1826-0011_8463-287645-0014,36.786034830684144,41.07497081703846,0.0,0.0,0.0,0.0,8463,38.56936271221363,-25.68251667396987,12.88684603824376,0.0,0.0
8,4,0.0,0.0,260,121-121726-0010_260-123286-0031,33.234459556304415,35.63212425296813,0.0,0.0,0.0,0.0,121,36.01789218145148,-23.534361044079404,12.483531137372076,0.625,0.25
8,4,0.25,0.0,121,121-121726-0010_260-123286-0031,27.884144480269686,30.59181400277275,0.25,0.0,0.0,0.0,260,26.787441892923013,-17.404949282759773,9.382492610163238,0.125,0.5
5,2,0.0,0.0,4446,1320-122617-0012_4446-2273-0007,32.531191229371686,32.96393869104849,0.0,0.0,0.0,0.0,1320,31.85623025828239,-19.325400288260155,12.530829970022236,0.0,0.0
5,2,0.0,0.0,1320,1320-122617-0012_4446-2273-0007,34.85400179415695,33.90814607708427,0.0,0.0,0.0,0.0,4446,34.22027236730776,-24.87773679490475,9.342535572403008,0.0,0.0
5,2,0.2,0.0,1284,1089-134686-0004_1284-1180-0027,31.960596614460393,31.536238702720684,0.0,0.0,0.0,0.0,1089,30.97193903749769,-19.372362452058706,11.599576585438987,0.2,0.0
5,2,0.2,0.0,1089,1089-134686-0004_1284-1180-0027,32.06777967353748,31.34778069028055,0.0,0.0,0.0,0.0,1284,29.468481230531225,-19.28162959501865,10.186851635512573,0.2,0.0
8,3,0.0,0.0,5142,4992-41797-0007_5142-36377-0020,32.27820025207134,30.311175082443203,0.0,0.0,0.0,0.0,4992,31.49450453013839,-21.42005766495632,10.074446865182068,0.0,0.0
8,3,0.0,0.0,4992,4992-41797-0007_5142-36377-0020,30.410068110225517,28.82298960706876,0.0,0.0,0.0,0.0,5142,30.104375108380218,-18.901015529052852,11.203359579327364,0.0,0.0
13,6,0.0,0.0,121,1320-122617-0035_121-121726-0009,46.89749530788429,46.88434227702593,0.0,0.0,0.0,0.0,1320,46.631070499142965,-27.66829663940726,18.962773859735705,0.0,0.0
13,6,0.0,0.0,1320,1320-122617-0035_121-121726-0009,31.482622158245434,32.092677601990545,0.0,0.0,0.0,0.0,121,33.03712676506387,-24.868241315566884,8.168885449496985,0.7692307692307693,0.6666666666666666
5,2,0.2,0.0,1284,2094-142345-0032_1284-1180-0025,17.77489783704716,17.740435317054846,0.0,0.0,0.0,0.0,2094,17.195778642840644,-11.08136360128091,6.114415041559733,0.2,0.0
5,2,0.0,0.0,2094,2094-142345-0032_1284-1180-0025,39.68084151604854,40.31264050320704,0.0,0.0,0.0,0.0,1284,37.55649348995502,-25.21414321340178,12.342350276553233,0.4,0.5
7,3,0.0,0.0,1580,2830-3979-0011_1580-141084-0010,38.1778746712582,37.28027302313965,0.0,0.0,0.0,0.0,2830,42.193782781767844,-28.444062508049143,13.749720273718701,0.0,0.0
7,3,0.0,0.0,2830,2830-3979-0011_1580-141084-0010,49.16001502340867,49.02897202184121,0.0,0.0,0.0,0.0,1580,51.494518660845884,-33.08631544910751,18.408203211738375,0.14285714285714285,0.0
9,4,1.0,1.0,7176,8555-284447-0004_7176-92135-0001,-38.30814719133739,-38.72874003769457,1.0,1.0,1.0,1.0,8555,-38.27332389088774,12.714207628318736,-25.559116262569002,0.0,0.0
9,4,0.0,0.0,8555,8555-284447-0004_7176-92135-0001,44.44999356234723,45.18310361370689,0.0,0.0,0.0,0.0,7176,43.6745281520909,-29.812551751787066,13.861976400303831,0.0,0.0
8,3,0.0,0.0,672,6829-68769-0024_672-122797-0013,39.84740544410778,39.67766246964981,0.0,0.0,0.0,0.0,6829,40.069325761904025,-23.964615684016955,16.104710077887074,0.0,0.0
8,3,0.0,0.0,6829,6829-68769-0024_672-122797-0013,24.532204681132693,25.52109901108618,0.0,0.0,0.0,0.0,672,25.900765399625264,-19.234321202171326,6.666444197453937,0.625,0.3333333333333333
11,5,0.45454545454545453,0.0,6829,4992-23283-0005_6829-68769-0034,1.5821106624489572,2.8461378235075516,0.09090909090909091,0.0,0.09090909090909091,0.0,4992,3.9307179955111975,-2.9785053609181897,0.9522126345930078,0.36363636363636365,0.2
11,5,0.09090909090909091,0.0,4992,4992-23283-0005_6829-68769-0034,16.857696329418175,14.590015462346235,0.09090909090909091,0.0,0.0,0.0,6829,9.576607186908204,-7.3175806385969615,2.2590265483112426,0.09090909090909091,0.0
7,3,0.0,0.0,2961,237-134493-0006_2961-961-0008,23.23010653926668,23.902018421245184,0.0,0.0,0.0,0.0,237,21.27114574673945,-15.451946540311997,5.819199206427451,0.0,0.0
7,3,0.0,0.0,237,237-134493-0006_2961-961-0008,43.86537689216272,43.22769493130259,0.0,0.0,0.0,0.0,2961,42.97931105911367,-26.795977986560956,16.183333072552713,0.0,0.0
16,7,0.0,0.0,3575,8455-210777-0046_3575-170457-0020,33.27359809855299,33.18241166643718,0.0,0.0,0.0,0.0,8455,34.342813201353124,-22.928833892701963,11.413979308651163,0.0,0.0
16,7,0.0,0.0,8455,8455-210777-0046_3575-170457-0020,40.10183438363282,39.73869988571762,0.0,0.0,0.0,0.0,3575,40.54579442068135,-26.406350117885296,14.139444302796049,0.0,0.0
6,2,0.0,0.0,6930,8555-284449-0003_6930-81414-0027,40.993216410960635,39.32721875323569,0.0,0.0,0.0,0.0,8555,42.74403952164971,-26.414510805338818,16.329528716310897,0.16666666666666666,0.0
6,2,0.0,0.0,8555,8555-284449-0003_6930-81414-0027,45.05606097994754,41.00308040135963,0.0,0.0,0.0,0.0,6930,43.89732571831658,-31.63137687419801,12.265948844118565,0.0,0.0
6,2,0.0,0.0,1995,4970-29093-0008_1995-1837-0003,37.842662812874465,36.261030871948115,0.0,0.0,0.0,0.0,4970,37.9728650413629,-25.2356417150498,12.737223326313101,0.0,0.0
6,2,0.0,0.0,4970,4970-29093-0008_1995-1837-0003,44.88389040175443,41.96797308128285,0.0,0.0,0.0,0.0,1995,44.77574680966758,-28.361170978336784,16.414575831330794,0.0,0.0
10,4,0.0,0.0,61,8463-294825-0013_61-70970-0037,37.667178624997106,38.2558198135097,0.0,0.0,0.0,0.0,8463,38.199145298856344,-24.238499609761845,13.960645689094498,0.0,0.0
10,4,0.0,0.0,8463,8463-294825-0013_61-70970-0037,35.15321693880786,35.705561927348846,0.0,0.0,0.0,0.0,61,33.7366224224369,-23.121232035314865,10.615390387122039,0.1,0.0
11,5,0.09090909090909091,0.0,5105,1188-133604-0012_5105-28241-0016,32.30510868880372,31.725978081282797,0.0,0.0,0.0,0.0,1188,34.573893276470706,-22.823209565595445,11.750683710875263,0.45454545454545453,0.2
11,5,0.0,0.0,1188,1188-133604-0012_5105-28241-0016,33.38089660051662,32.62278649002563,0.0,0.0,0.0,0.0,5105,34.08897026754093,-22.690226085743124,11.398744181797802,0.2727272727272727,0.0
9,4,0.3333333333333333,0.0,8463,237-134500-0000_8463-294828-0029,11.036786721114337,14.279380179207688,0.3333333333333333,0.0,0.1111111111111111,0.0,237,11.569347240137938,-6.489322540897959,5.08002469923998,0.2222222222222222,0.5
9,4,0.0,0.0,237,237-134500-0000_8463-294828-0029,23.235348134091197,22.964846387417893,0.0,0.0,0.0,0.0,8463,16.702790789899073,-11.677274990673812,5.02551579922526,0.2222222222222222,0.0
18,8,0.0,0.0,1089,4970-29095-0004_1089-134686-0012,41.27886702635693,43.544678031116376,0.0,0.0,0.0,0.0,4970,41.074084333830555,-27.2067834278243,13.867300906006253,0.0,0.0
18,8,0.05555555555555555,0.0,4970,4970-29095-0004_1089-134686-0012,39.0389319128159,40.09063638514324,0.0,0.0,0.0,0.0,1089,37.22605880595398,-24.547625931338658,12.678432874615325,0.05555555555555555,0.0
23,12,0.0,0.08333333333333333,8224,1188-133604-0019_8224-274384-0008,38.41102895610903,39.611547770064185,0.0,0.08333333333333333,0.0,0.0,1188,36.72276498377593,-22.305222957030306,14.417542026745625,0.043478260869565216,0.0
23,12,0.782608695652174,0.75,1188,1188-133604-0019_8224-274384-0008,-2.791931407793349,-1.0784736638502357,0.5652173913043478,0.5833333333333334,0.5217391304347826,0.5,8224,-2.3765340184968786,0.5483707965042632,-1.8281632219926154,0.21739130434782608,0.25
6,2,0.0,0.0,5142,1089-134686-0019_5142-33396-0021,45.894187756358654,44.54287878000892,0.0,0.0,0.0,0.0,1089,46.14864535622876,-28.36924223323596,17.779403122992804,0.0,0.0
6,2,0.0,0.0,1089,1089-134686-0019_5142-33396-0021,39.182100030325564,39.21133414230168,0.0,0.0,0.0,0.0,5142,41.38764022990116,-30.716550262410003,10.671089967491154,0.0,0.0
6,2,0.5,1.0,4970,260-123440-0014_4970-29095-0030,1.1577722252453964,-3.0777791893626323,0.16666666666666666,0.0,0.16666666666666666,0.0,260,0.11426328150760323,-3.855377424617032,-3.741114143109429,0.5,1.0
6,2,0.0,0.0,260,260-123440-0014_4970-29095-0030,34.22215522625186,34.69835154169968,0.0,0.0,0.0,0.0,4970,37.63216238861257,-22.77386156581545,14.858300822797116,0.16666666666666666,0.0
5,2,0.0,0.0,5105,6829-68769-0028_5105-28240-0002,31.937660413142385,34.147665944357215,0.0,0.0,0.0,0.0,6829,31.531339892553753,-23.166506366682526,8.364833525871227,0.0,0.0
5,2,1.0,1.0,6829,6829-68769-0028_5105-28240-0002,-22.941210000694934,-24.791321025631824,1.0,1.0,1.0,1.0,5105,-22.750086237567782,7.183722762517327,-15.566363475050455,0.0,0.0
8,3,0.125,0.0,2830,237-134500-0028_2830-3980-0023,26.583140834612855,26.047953955435975,0.125,0.0,0.0,0.0,237,26.24703048443913,-18.280607717445456,7.966422766993675,0.125,0.0
8,3,0.0,0.0,237,237-134500-0028_2830-3980-0023,34.31000002651179,31.72552071555117,0.0,0.0,0.0,0.0,2830,31.99001798419024,-21.39667070522091,10.593347278969329,0.0,0.0
21,10,0.09523809523809523,0.0,7729,2961-961-0004_7729-102255-0040,31.316059656345857,30.589847733452025,0.0,0.0,0.0,0.0,2961,30.029200940181482,-20.019238754556916,10.009962185624566,0.14285714285714285,0.0
21,10,0.0,0.0,2961,2961-961-0004_7729-102255-0040,31.009895308435365,29.630726302947977,0.0,0.0,0.0,0.0,7729,29.1882407671743,-19.228858202623492,9.959382564550806,0.0,0.0
9,4,0.0,0.0,4077,2961-961-0013_4077-13751-0007,32.69950971200851,31.97312314776717,0.0,0.0,0.0,0.0,2961,32.89475247047508,-22.6333691701519,10.261383300323182,0.0,0.0
9,4,0.0,0.0,2961,2961-961-0013_4077-13751-0007,30.807902492091525,30.777527870399908,0.0,0.0,0.0,0.0,4077,31.2643346913003,-20.174374617589987,11.08996007371031,0.1111111111111111,0.0
8,3,0.25,0.0,4970,5142-36377-0018_4970-29093-0010,11.71772583557846,12.924262558261399,0.125,0.0,0.0,0.0,5142,10.519778293835836,-7.66852568659412,2.8512526072417166,0.625,0.6666666666666666
8,3,0.25,0.0,5142,5142-36377-0018_4970-29093-0010,21.11782961814616,26.466840930870674,0.125,0.0,0.0,0.0,4970,23.737167954483972,-13.39245631497668,10.344711639507292,0.25,0.3333333333333333
8,3,0.0,0.0,7127,1284-1180-0031_7127-75947-0007,25.72497181224984,25.5452813863217,0.0,0.0,0.0,0.0,1284,25.161983035838055,-15.692196203883203,9.469786831954854,0.0,0.0
8,3,0.0,0.0,1284,1284-1180-0031_7127-75947-0007,23.496373920319627,23.060848145459886,0.0,0.0,0.0,0.0,7127,22.727894119229052,-16.117900787935746,6.609993331293308,0.0,0.0
6,2,0.0,0.0,8463,6930-75918-0000_8463-294825-0008,27.72445547901178,28.13456037597462,0.0,0.0,0.0,0.0,6930,28.02965274046772,-17.33229044210087,10.697362298366851,0.0,0.0
6,2,0.0,0.0,6930,6930-75918-0000_8463-294825-0008,29.141259922489127,31.785750826357855,0.0,0.0,0.0,0.0,8463,30.04970393190276,-20.971741646130123,9.077962285772635,0.0,0.0
5,2,0.0,0.0,4446,61-70968-0027_4446-2273-0018,31.600537363824294,31.27554463853952,0.0,0.0,0.0,0.0,61,31.848802425527158,-23.430147196976392,8.418655228550765,0.0,0.0
5,2,0.0,0.0,61,61-70968-0027_4446-2273-0018,39.43619801897702,37.170938629877774,0.0,0.0,0.0,0.0,4446,35.937909252212364,-22.533397460266976,13.404511791945385,0.0,0.0
5,2,0.0,0.0,5142,1995-1837-0020_5142-33396-0032,21.155122647606127,16.68741842253754,0.0,0.0,0.0,0.0,1995,19.54066944537123,-14.818231248242315,4.722438197128915,0.0,0.0
5,2,0.0,0.0,1995,1995-1837-0020_5142-33396-0032,30.874257892152578,29.94850568670071,0.0,0.0,0.0,0.0,5142,32.446505082231,-20.909622094153658,11.536882988077345,0.0,0.0
9,4,0.0,0.0,61,1580-141084-0016_61-70970-0026,33.666951020532125,34.389596265216575,0.0,0.0,0.0,0.0,1580,33.99195824329719,-25.359560611483772,8.632397631813415,0.0,0.0
9,4,0.0,0.0,1580,1580-141084-0016_61-70970-0026,41.67237551061705,41.54247557307767,0.0,0.0,0.0,0.0,61,41.022064948503626,-25.129606948435736,15.892458000067894,0.0,0.0
5,2,0.0,0.0,1580,1089-134686-0006_1580-141083-0022,44.663417992528196,42.9590695764899,0.0,0.0,0.0,0.0,1089,45.76905235356408,-30.971972476929977,14.7970798766341,0.0,0.0
5,2,0.0,0.0,1089,1089-134686-0006_1580-141083-0022,38.28421207344691,39.80253697255709,0.0,0.0,0.0,0.0,1580,40.15731855297716,-28.747216968978947,11.410101583998216,0.0,0.0
15,7,0.0,0.0,1221,7729-102255-0002_1221-135766-0001,39.269642126569785,38.520737478686804,0.0,0.0,0.0,0.0,7729,37.850544433833974,-23.804228863874958,14.046315569959017,0.0,0.0
15,7,0.0,0.0,7729,7729-102255-0002_1221-135766-0001,31.236251184256382,31.53436502001994,0.0,0.0,0.0,0.0,1221,31.018414007357052,-21.077422072261488,9.940991935095562,0.0,0.0
12,5,0.0,0.0,7176,2961-960-0008_7176-92135-0015,38.89212913010221,40.26186096712896,0.0,0.0,0.0,0.0,2961,40.77421820295612,-27.668509629643356,13.105708573312766,0.08333333333333333,0.0
12,5,0.0,0.0,2961,2961-960-0008_7176-92135-0015,41.46753983687624,41.64965920750525,0.0,0.0,0.0,0.0,7176,41.6803499609805,-27.058934723167518,14.621415237812984,0.0,0.0
11,5,0.09090909090909091,0.0,5683,8455-210777-0041_5683-32879-0019,41.96145417674205,42.37005080516336,0.09090909090909091,0.0,0.0,0.0,8455,42.941332794877795,-27.350331897871527,15.591000897006266,0.0,0.0
11,5,0.0,0.0,8455,8455-210777-0041_5683-32879-0019,37.05622952730323,37.4486097547312,0.0,0.0,0.0,0.0,5683,37.75899911287091,-26.937602669068923,10.82139644380199,0.0,0.0
8,3,0.0,0.0,1580,3570-5695-0015_1580-141084-0000,43.77443242734857,45.376918982788744,0.0,0.0,0.0,0.0,3570,45.05448583234532,-28.039395978446173,17.01508985389915,0.0,0.0
8,3,0.0,0.0,3570,3570-5695-0015_1580-141084-0000,49.147961578168776,51.699784251674735,0.0,0.0,0.0,0.0,1580,50.46470321209004,-35.837181627148915,14.627521584941125,0.125,0.0
8,3,0.125,0.0,61,1089-134686-0031_61-70968-0026,17.604753821933212,17.258565740061595,0.125,0.0,0.0,0.0,1089,16.968180168127702,-11.853501245879434,5.11467892224827,0.0,0.0
8,3,0.875,1.0,1089,1089-134686-0031_61-70968-0026,-10.117640589178409,-7.082483006743516,0.625,1.0,0.625,1.0,61,-8.137690428501548,0.09759122352483951,-8.040099204976709,0.25,0.0
12,5,0.0,0.0,6829,1284-1180-0005_6829-68771-0000,34.06806485041693,34.03854575253122,0.0,0.0,0.0,0.0,1284,33.09530903611207,-21.199782018534737,11.895527017577335,0.5,0.4
12,5,0.0,0.0,1284,1284-1180-0005_6829-68771-0000,31.18058671099003,29.510245082692666,0.0,0.0,0.0,0.0,6829,29.39155321385429,-20.635273713935284,8.756279499919007,0.0,0.0
11,5,0.0,0.0,1995,5683-32879-0005_1995-1826-0000,47.23466950935503,50.8629207584375,0.0,0.0,0.0,0.0,5683,49.041542846197416,-34.13009542356776,14.911447422629657,0.0,0.0
11,5,0.09090909090909091,0.0,5683,5683-32879-0005_1995-1826-0000,46.81211252815044,46.84274073750993,0.0,0.0,0.0,0.0,1995,46.90802690355781,-28.89876238732247,18.009264516235337,0.09090909090909091,0.0
16,7,0.0,0.0,672,3729-6852-0039_672-122797-0067,39.55134593060194,38.298330736453465,0.0,0.0,0.0,0.0,3729,37.07629434051034,-24.063368168375593,13.012926172134744,0.125,0.0
16,7,0.0,0.0,3729,3729-6852-0039_672-122797-0067,37.08419412440085,36.67284301311016,0.0,0.0,0.0,0.0,672,35.56786503371646,-24.120625877195607,11.44723915652085,0.0,0.0
14,6,0.14285714285714285,0.0,4992,1995-1836-0003_4992-41806-0011,3.813617584112866,2.0038761122666275,0.07142857142857142,0.0,0.07142857142857142,0.0,1995,0.7838783953656705,-1.8154241957629664,-1.031545800397296,0.2857142857142857,0.3333333333333333
14,6,0.07142857142857142,0.0,1995,1995-1836-0003_4992-41806-0011,31.372765762785686,29.949235572986822,0.07142857142857142,0.0,0.0,0.0,4992,30.670848115717604,-20.16834558280749,10.502502532910112,0.35714285714285715,0.16666666666666666
5,2,0.0,0.0,7176,2830-3980-0051_7176-92135-0032,17.582033288383414,16.62425922188466,0.0,0.0,0.0,0.0,2830,17.747242724816225,-10.805423480120522,6.941819244695704,0.6,0.5
5,2,0.0,0.0,2830,2830-3980-0051_7176-92135-0032,9.269326512608007,9.866714323506935,0.0,0.0,0.0,0.0,7176,10.279676618800377,-6.278371180054156,4.001305438746221,0.2,0.0
25,12,0.0,0.0,1221,7176-88083-0001_1221-135767-0009,35.80134021171878,35.53880320710172,0.0,0.0,0.0,0.0,7176,36.08180045399911,-24.818837915547903,11.262962538451209,0.04,0.0
25,12,0.0,0.0,7176,7176-88083-0001_1221-135767-0009,40.00985853994043,39.63710189177548,0.0,0.0,0.0,0.0,1221,39.538975679828916,-24.88331723750175,14.655658442327164,0.0,0.0
9,4,0.6666666666666666,0.75,7729,8555-284447-0010_7729-102255-0005,4.326921905035854,6.415160468401789,0.6666666666666666,0.75,0.3333333333333333,0.0,8555,9.57278440002655,-5.424464667063429,4.14831973296312,0.2222222222222222,0.0
9,4,0.0,0.0,8555,8555-284447-0010_7729-102255-0005,43.18214497508376,35.09465357582603,0.0,0.0,0.0,0.0,7729,34.51312047477246,-23.95249547492884,10.560624999843618,0.0,0.0
16,7,0.0,0.0,7176,2961-960-0014_7176-92135-0000,34.38675080884289,34.313383016516475,0.0,0.0,0.0,0.0,2961,34.142352264679815,-22.776172540214997,11.366179724464814,0.0,0.0
16,7,0.0,0.0,2961,2961-960-0014_7176-92135-0000,39.37361299138988,38.055418867392966,0.0,0.0,0.0,0.0,7176,36.480748967226674,-23.418520461552383,13.062228505674295,0.0,0.0
14,6,0.5,0.5,8224,1320-122617-0040_8224-274381-0007,1.8103549716936602,0.5301754288467067,0.35714285714285715,0.3333333333333333,0.21428571428571427,0.3333333333333333,1320,1.6338766579631123,-2.348893361314672,-0.7150167033515595,0.21428571428571427,0.3333333333333333
14,6,0.07142857142857142,0.0,1320,1320-122617-0040_8224-274381-0007,17.588634616769117,17.657787199785393,0.0,0.0,0.0,0.0,8224,18.072011841136565,-11.253383231022054,6.81862861011451,0.14285714285714285,0.0
5,2,0.2,0.0,2300,8230-279154-0003_2300-131720-0011,14.30091592061461,12.72081094301381,0.2,0.0,0.2,0.0,8230,11.830568809406529,-7.036228590639317,4.794340218767212,0.2,0.5
5,2,0.6,0.5,8230,8230-279154-0003_2300-131720-0011,-3.166245164389097,-1.776442536972656,0.6,0.5,0.4,0.5,2300,-2.8036708498953598,0.5242565770839109,-2.279414272811449,0.0,0.0
6,2,0.16666666666666666,0.0,2961,260-123440-0003_2961-960-0009,37.40199650055672,40.14302728018204,0.0,0.0,0.0,0.0,260,38.859240207240056,-25.55928138607029,13.299958821169769,0.16666666666666666,0.0
6,2,0.0,0.0,260,260-123440-0003_2961-960-0009,41.69330261433776,44.697594978035546,0.0,0.0,0.0,0.0,2961,43.020691088589864,-26.90049070260516,16.120200385984703,0.0,0.0
7,3,0.0,0.0,672,4970-29093-0009_672-122797-0032,37.42214776387125,37.39611595806064,0.0,0.0,0.0,0.0,4970,36.328782258123724,-23.095412554144716,13.233369703979012,0.0,0.0
7,3,0.0,0.0,4970,4970-29093-0009_672-122797-0032,36.22993117753573,38.180252830284644,0.0,0.0,0.0,0.0,672,35.60722005527172,-24.087398777923692,11.519821277348026,0.0,0.0
9,4,0.0,0.0,672,3575-170457-0030_672-122797-0036,30.32818366041102,30.527348433246146,0.0,0.0,0.0,0.0,3575,27.89793518656002,-17.69623885053563,10.20169633602439,0.0,0.0
9,4,0.3333333333333333,0.25,3575,3575-170457-0030_672-122797-0036,20.482730702331992,20.38695148927992,0.1111111111111111,0.0,0.0,0.0,672,20.339418975967476,-13.929339993678553,6.410078982288924,0.4444444444444444,0.5
7,3,0.14285714285714285,0.0,5683,121-127105-0036_5683-32865-0005,15.971960789639315,16.302429907228287,0.14285714285714285,0.0,0.0,0.0,121,14.350552638812351,-10.24124035410888,4.109312284703471,0.8571428571428571,1.0
7,3,0.8571428571428571,1.0,121,121-127105-0036_5683-32865-0005,-8.233319697593759,-8.636223999525035,0.0,0.0,0.0,0.0,5683,-4.784746711771989,0.4958286181679256,-4.288918093604064,0.8571428571428571,1.0
8,3,0.0,0.0,1284,3575-170457-0051_1284-1181-0006,23.64395778780356,25.483175626989397,0.0,0.0,0.0,0.0,3575,16.553487453894476,-9.71026613114599,6.8432213227484855,0.0,0.0
8,3,0.625,0.3333333333333333,3575,3575-170457-0051_1284-1181-0006,13.657644932215282,11.203478964852598,0.5,0.0,0.0,0.0,1284,12.55966484875716,-9.213428014957447,3.3462368337997135,0.125,0.3333333333333333
5,2,0.4,0.0,6829,4446-2273-0023_6829-68769-0002,21.947262815773218,20.192711803065183,0.2,0.0,0.0,0.0,4446,23.094258139386817,-13.624121587420943,9.470136551965872,0.4,0.0
5,2,0.0,0.0,4446,4446-2273-0023_6829-68769-0002,29.05390096611856,28.850115863035512,0.0,0.0,0.0,0.0,6829,29.59097325402275,-19.715340608819034,9.875632645203714,0.0,0.0
7,3,0.0,0.0,3570,4992-41806-0009_3570-5696-0001,24.741744973594223,24.479985445241827,0.0,0.0,0.0,0.0,4992,24.797929204939535,-16.715065425761132,8.082863779178403,0.0,0.0
7,3,0.0,0.0,4992,4992-41806-0009_3570-5696-0001,22.99721820809696,21.193026144914956,0.0,0.0,0.0,0.0,3570,22.7016706118866,-15.50899123822958,7.1926793736570165,0.0,0.0
14,6,0.07142857142857142,0.0,1284,8455-210777-0033_1284-1180-0008,28.4636146815893,26.444267890421944,0.0,0.0,0.0,0.0,8455,26.979253476552625,-17.537962613943478,9.441290862609147,0.14285714285714285,0.0
14,6,0.0,0.0,8455,8455-210777-0033_1284-1180-0008,31.157668326487606,29.822391943141678,0.0,0.0,0.0,0.0,1284,30.5634583044721,-21.086122130357026,9.477336174115072,0.14285714285714285,0.0
15,7,0.06666666666666667,0.0,1221,8230-279154-0015_1221-135767-0002,40.03629176177959,40.23350860123154,0.0,0.0,0.0,0.0,8230,41.13157547288944,-26.910374006598484,14.221201466290957,0.06666666666666667,0.0
15,7,0.0,0.0,8230,8230-279154-0015_1221-135767-0002,38.07660609312071,38.4720967532563,0.0,0.0,0.0,0.0,1221,39.12796917517032,-25.424957439833037,13.703011735337288,0.0,0.0
5,2,0.2,0.0,6930,2830-3980-0035_6930-75918-0020,30.161882025589016,32.029102807501076,0.0,0.0,0.0,0.0,2830,31.188445663337284,-21.000078693911096,10.188366969426188,0.4,0.0
5,2,0.0,0.0,2830,2830-3980-0035_6930-75918-0020,28.951710581922917,25.95794886095952,0.0,0.0,0.0,0.0,6930,28.79415965983156,-17.19894005389859,11.595219605932972,0.0,0.0
13,6,0.23076923076923078,0.0,7127,7021-79740-0013_7127-75946-0006,28.223522096543547,26.690087620086643,0.0,0.0,0.0,0.0,7021,17.0225824399355,-12.40137163747242,4.6212108024630805,0.23076923076923078,0.0
13,6,0.0,0.0,7021,7021-79740-0013_7127-75946-0006,31.619587518514184,31.858563056021353,0.0,0.0,0.0,0.0,7127,28.519467590895257,-19.220352108008537,9.29911548288672,0.07692307692307693,0.0
5,2,0.0,0.0,1320,2094-142345-0018_1320-122617-0018,32.32959660620082,33.89983507998283,0.0,0.0,0.0,0.0,2094,35.21541044459828,-23.837429625111724,11.377980819486556,0.0,0.0
5,2,0.0,0.0,2094,2094-142345-0018_1320-122617-0018,36.98976146699673,33.85689110822807,0.0,0.0,0.0,0.0,1320,33.456013627383896,-20.68985960976793,12.766154017615964,0.0,0.0
8,3,0.0,0.0,7176,4446-2273-0024_7176-92135-0036,39.00319852415878,40.25201278813318,0.0,0.0,0.0,0.0,4446,38.22157968419305,-26.042014121042627,12.179565563150426,0.0,0.0
8,3,0.0,0.0,4446,4446-2273-0024_7176-92135-0036,38.402357430025475,40.272730204150726,0.0,0.0,0.0,0.0,7176,36.830791092878435,-23.665140046690553,13.165651046187882,0.0,0.0
11,5,0.0,0.0,1284,8230-279154-0018_1284-1181-0008,33.52825057291588,33.17685113821338,0.0,0.0,0.0,0.0,8230,35.45625686451683,-24.64336776818606,10.812889096330775,0.0,0.0
11,5,0.0,0.0,8230,8230-279154-0018_1284-1181-0008,41.52307389153089,40.83253647722567,0.0,0.0,0.0,0.0,1284,42.35781613169527,-27.153890694501506,15.203925437193766,0.2727272727272727,0.0
9,4,0.0,0.0,5683,7127-75947-0000_5683-32879-0009,32.83143763427684,33.26999585632285,0.0,0.0,0.0,0.0,7127,33.92469186164648,-21.98851263167848,11.936179229967998,0.0,0.0
9,4,0.1111111111111111,0.0,7127,7127-75947-0000_5683-32879-0009,24.71322687999786,26.122962858445163,0.0,0.0,0.0,0.0,5683,25.98100031959866,-18.528369708536854,7.452630611061807,0.1111111111111111,0.0
7,3,0.7142857142857143,0.6666666666666666,61,908-157963-0009_61-70968-0013,-2.1566941748735404,-2.02655063155301,0.7142857142857143,0.6666666666666666,0.7142857142857143,0.6666666666666666,908,1.9320905776534116,-1.0448322150961034,0.8872583625573083,0.14285714285714285,0.0
7,3,0.14285714285714285,0.3333333333333333,908,908-157963-0009_61-70968-0013,10.346356381866068,9.652133400589426,0.14285714285714285,0.3333333333333333,0.14285714285714285,0.0,61,5.957233264471557,-3.3801442734540963,2.577088991017461,0.0,0.0
8,3,0.375,0.0,1580,1284-1180-0026_1580-141084-0009,33.196082956543556,31.35154885082875,0.125,0.0,0.0,0.0,1284,33.22982784714127,-22.73720794544557,10.492619901695704,0.5,0.0
8,3,0.0,0.0,1284,1284-1180-0026_1580-141084-0009,29.46037551184913,28.79798885240344,0.0,0.0,0.0,0.0,1580,30.25187548204227,-19.6766565092028,10.575218972839469,0.0,0.0
16,7,0.0,0.0,237,7127-75947-0040_237-126133-0002,37.77154378611759,38.95898093812033,0.0,0.0,0.0,0.0,7127,36.36701700259978,-22.395305475789513,13.971711526810264,0.0625,0.0
16,7,0.0,0.0,7127,7127-75947-0040_237-126133-0002,33.68104542513251,36.077894002163646,0.0,0.0,0.0,0.0,237,30.743731703731406,-22.00496750267332,8.738764201058087,0.125,0.0
8,3,0.0,0.0,672,4446-2273-0015_672-122797-0071,32.987849973227135,33.59229628479906,0.0,0.0,0.0,0.0,4446,34.46975394798133,-22.460636319970426,12.009117628010902,0.25,0.0
8,3,0.0,0.0,4446,4446-2273-0015_672-122797-0071,34.61867553419063,33.997747244294146,0.0,0.0,0.0,0.0,672,34.91078312126356,-23.619292538142865,11.291490583120694,0.0,0.0
10,4,0.0,0.0,4992,1580-141084-0002_4992-41797-0004,20.060359363627796,22.964395648596565,0.0,0.0,0.0,0.0,1580,16.702331919157842,-10.42956483016943,6.272767088988412,0.0,0.0
10,4,0.2,0.0,1580,1580-141084-0002_4992-41797-0004,23.135690770161883,21.29168757239695,0.2,0.0,0.1,0.0,4992,17.165939290641248,-11.191572670181875,5.974366620459373,0.1,0.5
7,3,0.0,0.0,5683,61-70968-0053_5683-32865-0008,35.018237836199916,34.78535628520001,0.0,0.0,0.0,0.0,61,35.87731261704598,-22.115485066994943,13.761827550051036,0.0,0.0
7,3,0.0,0.0,61,61-70968-0053_5683-32865-0008,23.279653484624564,23.351850695269878,0.0,0.0,0.0,0.0,5683,27.34022980226605,-19.506265527510728,7.833964274755325,0.0,0.0
12,5,0.0,0.0,8555,8230-279154-0001_8555-284447-0005,46.65683362613111,45.59625345886372,0.0,0.0,0.0,0.0,8230,44.362099281508286,-28.968577847388257,15.39352143412003,0.0,0.0
12,5,1.0,1.0,8230,8230-279154-0001_8555-284447-0005,-42.339063350641425,-42.25827520409395,1.0,1.0,1.0,1.0,8555,-41.462430068783725,14.932297885633501,-26.530132183150222,0.0,0.0
7,3,0.0,0.0,5142,7127-75947-0018_5142-36377-0002,25.308083788493473,23.3976452542479,0.0,0.0,0.0,0.0,7127,24.54810857517413,-15.862507769956519,8.68560080521761,0.0,0.0
7,3,0.0,0.0,7127,7127-75947-0018_5142-36377-0002,26.08823399519181,25.019607628999765,0.0,0.0,0.0,0.0,5142,25.963106855151672,-16.871596873124567,9.091509982027107,0.0,0.0
5,2,0.2,0.0,4446,4970-29093-0000_4446-2273-0002,27.35831836849111,26.257301925262404,0.0,0.0,0.0,0.0,4970,26.610909675555135,-17.505535949106637,9.105373726448496,0.2,0.0
5,2,0.2,0.0,4970,4970-29093-0000_4446-2273-0002,5.32991125044686,-2.6174070560393536,0.2,0.0,0.2,0.0,4446,1.2255605015527586,-4.1080630636010715,-2.882502562048313,0.0,0.0
9,4,0.8888888888888888,1.0,5683,672-122797-0006_5683-32865-0017,-3.9786180396607054,-2.381422527888067,0.6666666666666666,1.0,0.5555555555555556,0.5,672,-0.7216994184789359,-0.9924481980479481,-1.714147616526884,0.3333333333333333,0.0
9,4,0.0,0.0,672,672-122797-0006_5683-32865-0017,20.38917847010792,20.006735459427574,0.0,0.0,0.0,0.0,5683,13.961724770829592,-9.929240349827658,4.032484421001934,0.0,0.0
12,5,0.0,0.0,1580,8455-210777-0053_1580-141084-0041,37.88003890300101,38.82678052105448,0.0,0.0,0.0,0.0,8455,34.27065625653827,-21.77115302391394,12.49950323262433,0.16666666666666666,0.0
12,5,0.0,0.0,8455,8455-210777-0053_1580-141084-0041,33.0534592396137,33.64140500598313,0.0,0.0,0.0,0.0,1580,31.18534029216081,-21.89209536924045,9.293244922920357,0.0,0.0
17,8,0.0,0.0,908,7176-88083-0022_908-31957-0001,32.81126295291767,32.57352760601401,0.0,0.0,0.0,0.0,7176,32.31778672783791,-19.369516969566256,12.948269758271655,0.058823529411764705,0.0
17,8,0.17647058823529413,0.0,7176,7176-88083-0022_908-31957-0001,23.240767188774996,23.760952371540082,0.058823529411764705,0.0,0.0,0.0,908,24.918371754070076,-17.648637844658367,7.26973390941171,0.11764705882352941,0.0
9,4,0.0,0.0,237,672-122797-0072_237-134493-0011,44.246691391935315,45.68420988345757,0.0,0.0,0.0,0.0,672,45.687381300607896,-28.31371853990996,17.373662760697933,0.0,0.0
9,4,0.0,0.0,672,672-122797-0072_237-134493-0011,38.76667241933765,40.35541247265531,0.0,0.0,0.0,0.0,237,40.79266661999388,-27.872873243864568,12.919793376129313,0.0,0.0
24,11,0.20833333333333334,0.18181818181818182,237,4970-29095-0031_237-134493-0003,20.877375652426366,20.283642573952328,0.16666666666666666,0.18181818181818182,0.0,0.0,4970,22.83129842616721,-13.8198326706639,9.011465755503307,0.6666666666666666,0.7272727272727273
24,11,0.5416666666666666,0.5454545454545454,4970,4970-29095-0031_237-134493-0003,-11.319262794435716,-11.785117818806727,0.125,0.09090909090909091,0.125,0.09090909090909091,237,-13.985066401918747,5.098065093006387,-8.88700130891236,0.4166666666666667,0.45454545454545453
6,2,0.8333333333333334,1.0,2830,908-31957-0005_2830-3979-0012,-27.89615512780775,-29.303882868296053,0.5,1.0,0.5,1.0,908,-23.894902126610845,9.490578830050378,-14.404323296560467,0.3333333333333333,0.0
6,2,0.16666666666666666,0.0,908,908-31957-0005_2830-3979-0012,21.458108044918422,25.617825304467296,0.16666666666666666,0.0,0.16666666666666666,0.0,2830,18.941634272258185,-10.87363223470248,8.068002037555704,0.16666666666666666,0.0
14,6,0.0,0.0,8455,4446-2275-0002_8455-210777-0045,34.74278602080554,36.10072642321092,0.0,0.0,0.0,0.0,4446,35.582274878016634,-24.70766653589866,10.874608342117973,0.07142857142857142,0.0
14,6,0.0,0.0,4446,4446-2275-0002_8455-210777-0045,40.293338345165104,41.10934332513376,0.0,0.0,0.0,0.0,8455,41.12376993887332,-25.68395073066968,15.439819208203643,0.14285714285714285,0.0
12,5,0.0,0.0,8455,6829-68771-0013_8455-210777-0011,30.60269853939833,31.866975410597377,0.0,0.0,0.0,0.0,6829,29.804861235360896,-22.04970525502017,7.755155980340726,0.0,0.0
12,5,0.0,0.0,6829,6829-68771-0013_8455-210777-0011,33.339329371207356,37.18144741710452,0.0,0.0,0.0,0.0,8455,33.191591536474824,-21.37489152677571,11.816700009699115,0.16666666666666666,0.0
12,5,0.0,0.0,8555,3575-170457-0009_8555-284447-0023,24.09395526167444,23.0476440598116,0.0,0.0,0.0,0.0,3575,19.944456053633395,-12.925690286282975,7.018765767350422,0.08333333333333333,0.0
12,5,1.0,1.0,3575,3575-170457-0009_8555-284447-0023,-21.62109730673521,-20.14050666875712,1.0,1.0,1.0,1.0,8555,-16.67233416440652,5.344329552229452,-11.328004612177068,0.0,0.0
7,3,0.42857142857142855,0.3333333333333333,672,7127-75946-0020_672-122797-0054,8.406363908809277,6.198997387132255,0.42857142857142855,0.3333333333333333,0.42857142857142855,0.3333333333333333,7127,6.741522906900781,-4.430815608007678,2.310707298893103,0.14285714285714285,0.0
7,3,0.7142857142857143,0.6666666666666666,7127,7127-75946-0020_672-122797-0054,0.029283681921747524,2.098085285727374,0.42857142857142855,0.6666666666666666,0.42857142857142855,0.3333333333333333,672,1.8485253752262578,-1.288819454822041,0.5597059204042167,0.2857142857142857,0.0
23,11,0.0,0.0,1188,121-123852-0002_1188-133604-0003,32.09417910806194,31.89516533080282,0.0,0.0,0.0,0.0,121,31.94913172173659,-22.199393528421673,9.74973819331492,0.8260869565217391,0.8181818181818182
23,11,0.0,0.0,121,121-123852-0002_1188-133604-0003,39.35630048439982,39.96617566253986,0.0,0.0,0.0,0.0,1188,39.0598177170381,-24.833590098459336,14.226227618578767,0.0,0.0
9,4,0.4444444444444444,0.5,3575,237-126133-0022_3575-170457-0054,-7.31129608084921,-8.930147229604076,0.2222222222222222,0.5,0.2222222222222222,0.5,237,-11.848515715470182,2.5916792084771636,-9.256836506993018,0.3333333333333333,0.0
9,4,0.0,0.0,237,237-126133-0022_3575-170457-0054,35.28160961606087,33.67837850648101,0.0,0.0,0.0,0.0,3575,34.39640217572244,-25.615085505040053,8.781316670682388,0.3333333333333333,0.0
9,4,0.0,0.0,7127,8230-279154-0004_7127-75947-0023,28.06995012058873,24.66411241194669,0.0,0.0,0.0,0.0,8230,27.20039554793,-16.594242372656744,10.606153175273258,0.0,0.0
9,4,0.0,0.0,8230,8230-279154-0004_7127-75947-0023,30.850143046166497,28.566038610178506,0.0,0.0,0.0,0.0,7127,30.302723572888706,-21.132902847983477,9.169820724905229,0.0,0.0
5,2,0.0,0.0,61,8463-294828-0033_61-70968-0029,24.488365216238826,24.553676812623074,0.0,0.0,0.0,0.0,8463,24.82399025720887,-18.922636053631763,5.9013542035771085,0.0,0.0
5,2,0.0,0.0,8463,8463-294828-0033_61-70968-0029,30.885120485956918,30.702203952064032,0.0,0.0,0.0,0.0,61,29.961928851835065,-17.98885572440407,11.973073127430997,0.4,0.0
6,2,0.16666666666666666,0.0,237,2961-961-0014_237-126133-0008,24.99476751812739,24.2602003771822,0.0,0.0,0.0,0.0,2961,22.14541606514836,-13.645865545841598,8.49955051930676,0.3333333333333333,0.0
6,2,0.5,0.5,2961,2961-961-0014_237-126133-0008,0.92985843520584,-1.4525044159669935,0.3333333333333333,0.5,0.3333333333333333,0.5,237,-1.069201326750254,0.023609491747603996,-1.04559183500265,0.5,0.5
6,2,0.0,0.0,3570,4446-2275-0028_3570-5696-0009,28.76811985878243,33.50677229049438,0.0,0.0,0.0,0.0,4446,30.651648630661878,-22.20734397932189,8.444304651339987,0.0,0.0
6,2,0.0,0.0,4446,4446-2275-0028_3570-5696-0009,30.14381673107476,33.048053472461106,0.0,0.0,0.0,0.0,3570,31.146777832422323,-19.86577521722772,11.2810026151946,0.0,0.0
5,2,0.0,0.0,4446,8555-292519-0003_4446-2271-0010,25.350346268960823,26.34669797896025,0.0,0.0,0.0,0.0,8555,26.31144635558689,-15.837949919666233,10.473496435920659,0.0,0.0
5,2,0.8,0.0,8555,8555-292519-0003_4446-2271-0010,6.674544610202171,5.249547020754681,0.2,0.0,0.0,0.0,4446,5.4691056361227,-3.0372678570034113,2.431837779119289,0.8,1.0
6,2,0.0,0.0,4446,7729-102255-0014_4446-2271-0011,33.59817342661028,36.53768253199584,0.0,0.0,0.0,0.0,7729,34.827940397400226,-20.212642522907483,14.615297874492743,0.0,0.0
6,2,0.3333333333333333,0.5,7729,7729-102255-0014_4446-2271-0011,26.84892809830126,27.7526747743164,0.0,0.0,0.0,0.0,4446,26.024062935019455,-20.447248049832943,5.576814885186511,1.0,0.5
10,4,0.2,0.25,1580,8455-210777-0039_1580-141083-0033,32.93000866717271,34.48342415805969,0.0,0.0,0.0,0.0,8455,35.43447678776967,-24.509043111346305,10.925433676423362,0.3,0.25
10,4,0.0,0.0,8455,8455-210777-0039_1580-141083-0033,36.59273962345237,37.331271087972176,0.0,0.0,0.0,0.0,1580,38.9889862869839,-24.6597134157562,14.329272871227698,0.0,0.0
7,3,0.0,0.0,908,237-134500-0006_908-157963-0000,37.306175375794226,36.80543523863681,0.0,0.0,0.0,0.0,237,36.11678789948386,-22.680555337790803,13.436232561693055,0.0,0.0
7,3,0.0,0.0,237,237-134500-0006_908-157963-0000,32.142537514300535,30.84894797067174,0.0,0.0,0.0,0.0,908,35.7793980503847,-25.20471247718493,10.574685573199769,0.0,0.0
5,2,0.0,0.0,8230,4446-2273-0033_8230-279154-0028,35.249904107531975,34.6535409963259,0.0,0.0,0.0,0.0,4446,35.29970823135042,-24.626678319495024,10.673029911855394,0.0,0.0
5,2,0.0,0.0,4446,4446-2273-0033_8230-279154-0028,34.375808189121315,34.65603477648898,0.0,0.0,0.0,0.0,8230,36.30677141032619,-22.80660567347265,13.500165736853546,0.0,0.0
11,5,0.0,0.0,8463,3575-170457-0029_8463-287645-0004,31.292842064223024,30.574012924413346,0.0,0.0,0.0,0.0,3575,32.99296640039784,-22.602619810818652,10.390346589579188,0.0,0.0
11,5,1.0,1.0,3575,3575-170457-0029_8463-287645-0004,-27.380927992495685,-26.992267143553068,1.0,1.0,1.0,1.0,8463,-29.246132340444404,10.047210898074102,-19.198921442370303,0.0,0.0
6,2,0.0,0.0,6829,8463-294828-0031_6829-68769-0051,37.7725860382031,36.47581218471028,0.0,0.0,0.0,0.0,8463,37.817031526603834,-24.287642702517584,13.52938882408625,0.0,0.0
6,2,0.16666666666666666,0.0,8463,8463-294828-0031_6829-68769-0051,15.604645139065731,17.563515844951002,0.16666666666666666,0.0,0.0,0.0,6829,16.164301975894013,-10.439188132083238,5.7251138438107745,0.0,0.0
10,4,0.0,0.0,2961,4077-13754-0003_2961-961-0017,37.46553178910675,36.99660058325712,0.0,0.0,0.0,0.0,4077,36.61137115134462,-22.05620922701964,14.55516192432498,0.0,0.0
10,4,0.0,0.0,4077,4077-13754-0003_2961-961-0017,27.98746939827216,29.0666157056043,0.0,0.0,0.0,0.0,2961,28.94266378811311,-20.36029115269086,8.58237263542225,0.0,0.0
5,2,0.0,0.0,2830,7176-88083-0008_2830-3980-0048,20.881902519432213,21.94320095528876,0.0,0.0,0.0,0.0,7176,23.237428364252114,-15.418011669786068,7.819416694466045,0.0,0.0
5,2,0.0,0.0,7176,7176-88083-0008_2830-3980-0048,20.38035153574158,20.237024217348512,0.0,0.0,0.0,0.0,2830,22.628010981796166,-14.886588032322328,7.741422949473838,0.6,0.5
6,2,0.0,0.0,4446,6829-68771-0014_4446-2273-0027,28.837557447273866,28.61228810412684,0.0,0.0,0.0,0.0,6829,27.625747072723,-16.44962240583066,11.17612466689234,0.0,0.0
6,2,0.0,0.0,6829,6829-68771-0014_4446-2273-0027,22.50986659795949,20.288969989644187,0.0,0.0,0.0,0.0,4446,21.443519328240598,-18.414250044124632,3.0292692841159665,0.16666666666666666,0.0
8,3,0.0,0.0,4970,1089-134691-0025_4970-29095-0012,36.14276228907269,35.65508589370612,0.0,0.0,0.0,0.0,1089,32.750211413989575,-20.769230759827742,11.980980654161833,0.0,0.0
8,3,0.0,0.0,1089,1089-134691-0025_4970-29095-0012,36.72767875683416,39.61571623514735,0.0,0.0,0.0,0.0,4970,37.8021535653333,-27.51384256615637,10.288310999176932,0.0,0.0
6,2,0.5,0.5,7176,2300-131720-0024_7176-92135-0003,6.103942952283081,8.940581185057765,0.3333333333333333,0.5,0.3333333333333333,0.0,2300,7.514001605655587,-5.374347132239004,2.1396544734165834,0.16666666666666666,0.0
6,2,0.0,0.0,2300,2300-131720-0024_7176-92135-0003,24.15874835829747,19.130601318912795,0.0,0.0,0.0,0.0,7176,20.281115708514122,-14.99204877954533,5.289066928968791,0.0,0.0
5,2,0.0,0.0,4992,237-134500-0023_4992-41806-0006,26.3061170788854,28.792835519235396,0.0,0.0,0.0,0.0,237,27.743127263215943,-16.95604877997073,10.787078483245214,0.0,0.0
5,2,0.0,0.0,237,237-134500-0023_4992-41806-0006,27.46349722232144,26.418862673740932,0.0,0.0,0.0,0.0,4992,27.45657808348743,-18.16893605626084,9.28764202722659,0.4,0.0
6,2,0.0,0.0,8463,7021-79740-0009_8463-294828-0014,39.13662455674184,42.43548113538861,0.0,0.0,0.0,0.0,7021,39.81853660786028,-26.00572673309006,13.812809874770217,0.0,0.0
6,2,0.0,0.0,7021,7021-79740-0009_8463-294828-0014,35.311037708102056,36.35283012972711,0.0,0.0,0.0,0.0,8463,36.28181703709408,-24.409147872989294,11.872669164104785,0.0,0.0
5,2,0.0,0.0,8555,4077-13751-0006_8555-292519-0011,39.71878310234456,41.598549473288756,0.0,0.0,0.0,0.0,4077,46.47869953024237,-29.36629771409837,17.112401816144004,0.0,0.0
5,2,0.2,0.0,4077,4077-13751-0006_8555-292519-0011,37.85482704946625,39.96578133090236,0.0,0.0,0.0,0.0,8555,39.702320016664665,-25.589371846097922,14.112948170566744,0.2,0.0
5,2,0.0,0.0,5142,8230-279154-0034_5142-33396-0014,34.55655441552959,33.92338725740015,0.0,0.0,0.0,0.0,8230,31.38525289842699,-20.327979000220452,11.05727389820654,0.0,0.0
5,2,0.0,0.0,8230,8230-279154-0034_5142-33396-0014,33.37021297438886,33.98420607032238,0.0,0.0,0.0,0.0,5142,32.085501478352626,-21.614139381648197,10.471362096704432,0.0,0.0
14,6,0.0,0.0,672,61-70968-0035_672-122797-0025,27.95172339985299,29.34182307023855,0.0,0.0,0.0,0.0,61,27.084707077234846,-16.200870324539203,10.883836752695641,0.07142857142857142,0.0
14,6,1.0,1.0,61,61-70968-0035_672-122797-0025,-20.27086083038685,-22.750571765807504,0.8571428571428571,1.0,0.7857142857142857,1.0,672,-13.426796040459358,6.309165789801004,-7.117630250658355,0.14285714285714285,0.0
7,3,0.14285714285714285,0.0,1580,4507-16021-0055_1580-141083-0013,39.11722742070355,38.50352540487082,0.0,0.0,0.0,0.0,4507,41.793897501066795,-25.472660953074783,16.321236547992015,0.14285714285714285,0.0
7,3,0.0,0.0,4507,4507-16021-0055_1580-141083-0013,30.473506583392037,29.499032741544138,0.0,0.0,0.0,0.0,1580,33.87176014736765,-24.31925121583433,9.552508931533318,0.2857142857142857,0.3333333333333333
16,7,0.0,0.0,3729,5683-32879-0000_3729-6852-0002,36.33347485732028,37.58236370177884,0.0,0.0,0.0,0.0,5683,36.70606720744472,-22.976287330711198,13.72977987673352,0.0,0.0
16,7,0.3125,0.14285714285714285,5683,5683-32879-0000_3729-6852-0002,22.434361108215647,24.50122579475849,0.0625,0.0,0.0,0.0,3729,21.509341365140195,-16.13979764317294,5.369543721967254,0.4375,0.2857142857142857
7,3,0.42857142857142855,0.3333333333333333,237,3570-5694-0021_237-134500-0014,9.24460742103727,8.273933390698353,0.42857142857142855,0.3333333333333333,0.42857142857142855,0.3333333333333333,3570,0.6846961495412112,-2.42039879321666,-1.7357026436754488,0.0,0.0
7,3,0.14285714285714285,0.0,3570,3570-5694-0021_237-134500-0014,34.97257740904086,31.465261380857612,0.0,0.0,0.0,0.0,237,29.293137027064553,-18.39873184501229,10.894405182052264,0.14285714285714285,0.0
9,4,0.1111111111111111,0.0,6829,5683-32866-0009_6829-68769-0020,36.94297524813356,38.2478427282156,0.0,0.0,0.0,0.0,5683,37.931982250356654,-27.368950303855314,10.563031946501338,0.4444444444444444,0.25
9,4,0.0,0.0,5683,5683-32866-0009_6829-68769-0020,33.69970691870051,33.924995378603,0.0,0.0,0.0,0.0,6829,34.09600350685914,-22.72382925914144,11.372174247717703,0.0,0.0
5,2,0.0,0.0,2961,5142-33396-0009_2961-961-0021,5.4859109513172,8.629801190542944,0.0,0.0,0.0,0.0,5142,10.824048249421427,-7.451526686247125,3.3725215631743017,0.0,0.0
5,2,0.2,0.0,5142,5142-33396-0009_2961-961-0021,25.727510819905383,26.154332989120633,0.0,0.0,0.0,0.0,2961,29.281585239380057,-20.491854485052798,8.789730754327259,0.2,0.0
8,3,0.0,0.0,1221,5105-28233-0000_1221-135767-0018,33.89707913828457,30.886616212021114,0.0,0.0,0.0,0.0,5105,32.4335025495558,-21.167933342051253,11.26556920750454,0.125,0.0
8,3,0.125,0.0,5105,5105-28233-0000_1221-135767-0018,24.00200973064004,21.382310199008327,0.125,0.0,0.0,0.0,1221,22.61723833642555,-13.579151957418329,9.038086379007224,0.0,0.0
8,3,0.0,0.0,1284,7729-102255-0043_1284-1180-0003,33.41974338908348,34.02953911554348,0.0,0.0,0.0,0.0,7729,34.67582594888023,-20.33236701371986,14.343458935160374,0.0,0.0
8,3,0.125,0.0,7729,7729-102255-0043_1284-1180-0003,27.42666159419438,27.623460454392305,0.125,0.0,0.0,0.0,1284,28.80584948907125,-21.374575740445998,7.431273748625253,0.5,0.3333333333333333
7,3,0.0,0.0,8463,5683-32866-0006_8463-294828-0027,42.267969481204716,41.87993745945385,0.0,0.0,0.0,0.0,5683,41.59383742550719,-26.476908355117693,15.1169290703895,0.2857142857142857,0.0
7,3,0.0,0.0,5683,5683-32866-0006_8463-294828-0027,35.4382649290148,34.1865106423875,0.0,0.0,0.0,0.0,8463,35.936473554961495,-24.17557345566523,11.760900099296263,0.0,0.0
8,3,0.0,0.0,8455,7176-88083-0002_8455-210777-0023,15.0998360787008,9.565558255638615,0.0,0.0,0.0,0.0,7176,13.306084117105208,-10.65912440175332,2.646959715351886,0.0,0.0
8,3,0.0,0.0,7176,7176-88083-0002_8455-210777-0023,24.049394422796514,21.677428068183527,0.0,0.0,0.0,0.0,8455,24.030310659653104,-14.811706003744366,9.218604655908738,0.0,0.0
16,7,0.0,0.0,2300,2830-3980-0073_2300-131720-0015,28.739319432583375,29.296353538195394,0.0,0.0,0.0,0.0,2830,29.780829188457055,-16.69206668665122,13.088762501805833,0.0625,0.0
16,7,0.0,0.0,2830,2830-3980-0073_2300-131720-0015,17.765625296599847,17.707102216817113,0.0,0.0,0.0,0.0,2300,16.294975802047496,-11.378334982861027,4.916640819186469,0.1875,0.0
5,2,0.0,0.0,8463,6930-81414-0019_8463-287645-0005,40.47588843280367,38.57727400857807,0.0,0.0,0.0,0.0,6930,40.48174503298732,-26.98184530655758,13.499899726429742,0.0,0.0
5,2,1.0,1.0,6930,6930-81414-0019_8463-287645-0005,-35.96618223096069,-34.2395886240438,1.0,1.0,1.0,1.0,8463,-35.909039309207486,10.829303552560784,-25.0797357566467,0.0,0.0
5,2,0.0,0.0,7127,5142-33396-0036_7127-75946-0011,22.864141785935118,20.66334459206651,0.0,0.0,0.0,0.0,5142,21.853118548255694,-13.098874295170857,8.754244253084838,0.2,0.0
5,2,0.0,0.0,5142,5142-33396-0036_7127-75946-0011,35.83669990277537,34.13328475806665,0.0,0.0,0.0,0.0,7127,34.289601865292,-24.110182948345987,10.179418916946016,0.2,0.0
17,8,0.0,0.0,5683,4992-41806-0003_5683-32879-0016,34.62683136936861,35.02739963598035,0.0,0.0,0.0,0.0,4992,28.344503665408734,-16.8737678937425,11.470735771666234,0.058823529411764705,0.0
17,8,0.058823529411764705,0.0,4992,4992-41806-0003_5683-32879-0016,37.7084329648147,38.67595294577977,0.0,0.0,0.0,0.0,5683,38.87247904624957,-26.575329425150336,12.297149621099235,0.11764705882352941,0.0
5,2,0.0,0.0,8463,1995-1836-0011_8463-294825-0015,39.75480390273966,36.4641298511756,0.0,0.0,0.0,0.0,1995,39.702220137457125,-26.05566513744389,13.646555000013237,0.0,0.0
5,2,0.0,0.0,1995,1995-1836-0011_8463-294825-0015,28.785846985483808,23.874180043557487,0.0,0.0,0.0,0.0,8463,27.66074677846025,-18.741130419313855,8.919616359146394,0.0,0.0
7,3,0.0,0.0,6930,61-70968-0025_6930-76324-0006,26.347884174982692,26.200451419539494,0.0,0.0,0.0,0.0,61,23.12741685414045,-13.814930190737902,9.312486663402547,0.0,0.0
7,3,0.14285714285714285,0.0,61,61-70968-0025_6930-76324-0006,27.942594884755035,28.155741527922135,0.0,0.0,0.0,0.0,6930,26.69684640791108,-20.39926279681896,6.29758361109212,0.14285714285714285,0.0
10,4,0.0,0.0,4446,1089-134691-0006_4446-2275-0012,35.491593941291704,36.13414403273457,0.0,0.0,0.0,0.0,1089,35.637985321640805,-22.266499867629882,13.371485454010921,0.1,0.0
10,4,0.0,0.0,1089,1089-134691-0006_4446-2275-0012,34.06442931689085,34.34847905186259,0.0,0.0,0.0,0.0,4446,34.03390643397102,-23.978163144608217,10.055743289362802,0.0,0.0
9,4,0.0,0.0,3570,1320-122612-0010_3570-5695-0003,38.49209390364403,38.67881353272532,0.0,0.0,0.0,0.0,1320,38.35229437900615,-26.161443605137574,12.190850773868577,0.0,0.0
9,4,0.0,0.0,1320,1320-122612-0010_3570-5695-0003,37.65149839406238,36.86777730576091,0.0,0.0,0.0,0.0,3570,38.55363879722654,-25.302622363935562,13.251016433290978,0.0,0.0
22,10,0.0,0.0,6829,1320-122612-0000_6829-68769-0000,38.42480308523366,37.043449237473,0.0,0.0,0.0,0.0,1320,36.93666511974419,-23.862272008141936,13.074393111602252,0.045454545454545456,0.0
22,10,0.0,0.0,1320,1320-122612-0000_6829-68769-0000,37.27833074516466,35.929287264451105,0.0,0.0,0.0,0.0,6829,35.73109570085695,-23.853356374829954,11.877739326026992,0.0,0.0
12,5,0.08333333333333333,0.0,237,6930-75918-0005_237-134493-0004,34.02744853045906,32.04245296774826,0.0,0.0,0.0,0.0,6930,30.64967861532577,-20.350838711952868,10.298839903372903,0.08333333333333333,0.0
12,5,0.0,0.0,6930,6930-75918-0005_237-134493-0004,36.43963112794541,36.46843865475008,0.0,0.0,0.0,0.0,237,34.981076680896855,-24.131434917312767,10.84964176358409,0.08333333333333333,0.0
14,6,0.0,0.0,4446,6930-75918-0016_4446-2271-0020,34.18809923189566,35.35252927471132,0.0,0.0,0.0,0.0,6930,32.89958481644755,-23.55737588399137,9.34220893245618,0.0,0.0
14,6,1.0,1.0,6930,6930-75918-0016_4446-2271-0020,-27.6708515144916,-28.831714495973472,1.0,1.0,1.0,1.0,4446,-26.20826893862028,7.145088270007383,-19.063180668612894,0.0,0.0
6,2,0.0,0.0,908,1320-122612-0014_908-31957-0016,27.28661333781029,30.980572989581184,0.0,0.0,0.0,0.0,1320,25.305462507901524,-17.720258397960645,7.585204109940877,0.0,0.0
6,2,0.0,0.0,1320,1320-122612-0014_908-31957-0016,27.036271787885237,28.577962739048523,0.0,0.0,0.0,0.0,908,29.50397251279305,-17.1166448687585,12.387327644034553,0.16666666666666666,0.5
10,4,0.0,0.0,8463,7729-102255-0027_8463-294828-0017,43.162759139561594,44.32993011483104,0.0,0.0,0.0,0.0,7729,42.769151136451455,-25.967858808757494,16.80129232769396,0.0,0.0
10,4,0.0,0.0,7729,7729-102255-0027_8463-294828-0017,33.58813186191933,34.35959253900784,0.0,0.0,0.0,0.0,8463,34.345807527194864,-24.510943528065102,9.834863999129764,0.0,0.0
26,12,0.0,0.0,908,6930-75918-0014_908-157963-0004,33.539489530688726,33.234444353640704,0.0,0.0,0.0,0.0,6930,33.118114391714926,-22.343295827836556,10.774818563878366,0.0,0.0
26,12,0.0,0.0,6930,6930-75918-0014_908-157963-0004,31.72135405636682,31.31190802060105,0.0,0.0,0.0,0.0,908,30.599985995661225,-20.091765254959626,10.5082207407016,0.07692307692307693,0.08333333333333333
8,3,0.0,0.0,8455,7021-79730-0006_8455-210777-0037,20.073247369100272,21.455704744485995,0.0,0.0,0.0,0.0,7021,19.728146701979345,-13.339192774122882,6.3889539278564635,0.25,0.0
8,3,0.125,0.0,7021,7021-79730-0006_8455-210777-0037,20.312435024939248,23.24431733815818,0.0,0.0,0.0,0.0,8455,21.024412638827187,-13.38675902426342,7.637653614563767,0.375,0.0
8,3,0.0,0.0,1284,6829-68769-0026_1284-1180-0030,16.869641766749048,14.93954888043263,0.0,0.0,0.0,0.0,6829,16.057944900126692,-10.634654277994782,5.423290622131908,0.0,0.0
8,3,0.25,0.0,6829,6829-68769-0026_1284-1180-0030,11.076969146183863,11.731274635098899,0.125,0.0,0.0,0.0,1284,10.84846219682041,-7.210471264892282,3.6379909319281287,0.5,0.3333333333333333
9,4,0.0,0.0,5639,7729-102255-0025_5639-40744-0026,35.9329786651756,33.74193109310218,0.0,0.0,0.0,0.0,7729,34.888449517797845,-22.47600692799324,12.412442589804604,0.0,0.0
9,4,0.0,0.0,7729,7729-102255-0025_5639-40744-0026,31.07049735057465,29.78477070081317,0.0,0.0,0.0,0.0,5639,33.16406174055925,-22.235124313371955,10.928937427187293,0.3333333333333333,0.25
21,10,0.0,0.0,7127,6829-68771-0012_7127-75947-0038,35.18700676926185,34.04340965716047,0.0,0.0,0.0,0.0,6829,33.25826049611448,-21.429084700844818,11.829175795269663,0.0,0.0
21,10,0.0,0.0,6829,6829-68771-0012_7127-75947-0038,33.200129310060966,31.83857210673841,0.0,0.0,0.0,0.0,7127,32.30711203324266,-22.457608991388135,9.849503041854529,0.09523809523809523,0.0
9,4,0.2222222222222222,0.0,8463,5683-32866-0018_8463-294825-0012,34.594320071448195,33.94600323769015,0.2222222222222222,0.0,0.0,0.0,5683,34.063036967895854,-22.881226682795266,11.181810285100592,0.0,0.0
9,4,0.0,0.0,5683,5683-32866-0018_8463-294825-0012,33.129300482654656,32.44535016721356,0.0,0.0,0.0,0.0,8463,31.110680424133992,-20.431764643098887,10.678915781035105,0.0,0.0
7,3,0.0,0.0,2961,672-122797-0052_2961-960-0004,23.99887825309935,21.938976001408676,0.0,0.0,0.0,0.0,672,22.887756095371227,-15.671850734709295,7.2159053606619326,0.14285714285714285,0.0
7,3,0.42857142857142855,0.0,672,672-122797-0052_2961-960-0004,3.2454098500788473,1.7681585188764621,0.14285714285714285,0.0,0.14285714285714285,0.0,2961,2.1724480169231972,-2.164238648801315,0.008209368121882056,0.2857142857142857,0.6666666666666666
5,2,0.0,0.0,908,5683-32865-0006_908-157963-0020,32.10212304437927,30.46795504846236,0.0,0.0,0.0,0.0,5683,30.773280169190926,-21.42525580028572,9.348024368905206,0.2,0.0
5,2,0.0,0.0,5683,5683-32865-0006_908-157963-0020,38.5997036833091,39.239629469519244,0.0,0.0,0.0,0.0,908,40.75006351595214,-25.05592492031584,15.694138595636302,0.0,0.0
11,5,0.0,0.0,5639,237-126133-0006_5639-40744-0018,35.01142929322823,33.0910520542525,0.0,0.0,0.0,0.0,237,32.26118865719141,-21.890495080617505,10.370693576573903,0.0,0.0
11,5,0.0,0.0,237,237-126133-0006_5639-40744-0018,34.54202617452887,33.99316304830828,0.0,0.0,0.0,0.0,5639,31.92749851522191,-21.24938433258873,10.67811418263318,0.0,0.0
8,3,0.0,0.0,260,1580-141084-0032_260-123440-0016,34.91570933271146,33.86560724284713,0.0,0.0,0.0,0.0,1580,36.589062991047825,-24.745178480647603,11.843884510400223,0.125,0.0
8,3,0.0,0.0,1580,1580-141084-0032_260-123440-0016,38.392331119895076,36.31828494110743,0.0,0.0,0.0,0.0,260,38.422509050176004,-24.082935974210255,14.33957307596575,0.125,0.0
6,2,0.0,0.0,5142,5683-32879-0003_5142-33396-0035,44.49864663250594,39.31581483276446,0.0,0.0,0.0,0.0,5683,35.12875215100251,-28.0949345997133,7.033817551289206,0.0,0.0
6,2,0.8333333333333334,0.5,5683,5683-32879-0003_5142-33396-0035,-2.741881920014704,-8.195407499754438,0.8333333333333334,0.5,0.3333333333333333,0.5,5142,-4.469277997988959,0.7358165978362545,-3.7334614001527044,0.0,0.5
7,3,0.0,0.0,6930,1188-133604-0017_6930-81414-0007,45.97954198310425,44.699546094461795,0.0,0.0,0.0,0.0,1188,45.45927941461926,-27.90259694359477,17.556682471024487,0.14285714285714285,0.0
7,3,0.0,0.0,1188,1188-133604-0017_6930-81414-0007,38.51042730235635,37.82191095482023,0.0,0.0,0.0,0.0,6930,38.534531539854285,-27.897812546902006,10.636718992952275,0.0,0.0
6,2,1.0,1.0,1188,61-70968-0004_1188-133604-0014,-13.76431020799798,-13.191150831337737,0.3333333333333333,0.5,0.3333333333333333,0.5,61,-13.476499697490265,4.405399803445736,-9.07109989404453,0.6666666666666666,0.5
6,2,0.0,0.0,61,61-70968-0004_1188-133604-0014,20.136593693407672,20.602544304539258,0.0,0.0,0.0,0.0,1188,19.332705943880637,-12.798655845058517,6.534050098822119,0.3333333333333333,0.0
13,6,0.3076923076923077,0.0,2830,7176-92135-0020_2830-3980-0029,14.492170097016874,14.23440761624794,0.15384615384615385,0.0,0.07692307692307693,0.0,7176,9.20772737190993,-7.4861857715499,1.7215416003600303,0.3076923076923077,0.0
13,6,0.23076923076923078,0.16666666666666666,7176,7176-92135-0020_2830-3980-0029,16.7882174830435,16.78165295608287,0.15384615384615385,0.16666666666666666,0.0,0.0,2830,16.692306439044117,-9.860294168143419,6.832012270900697,0.3076923076923077,0.0
14,6,0.0,0.0,908,3575-170457-0013_908-31957-0014,36.236218019909984,33.21070898209592,0.0,0.0,0.0,0.0,3575,34.79459449835246,-22.800616294779502,11.99397820357296,0.07142857142857142,0.0
14,6,0.0,0.0,3575,3575-170457-0013_908-31957-0014,36.80321911368111,37.60292308118071,0.0,0.0,0.0,0.0,908,36.13941276450089,-24.820537451451465,11.318875313049428,0.0,0.0
7,3,0.0,0.0,4507,61-70970-0007_4507-16021-0035,34.69438878297835,34.787003573307636,0.0,0.0,0.0,0.0,61,35.34822727247152,-24.195799097835618,11.152428174635897,0.0,0.0
7,3,0.0,0.0,61,61-70970-0007_4507-16021-0035,38.31752362300193,38.98830267041812,0.0,0.0,0.0,0.0,4507,39.206039459896886,-25.495331318457865,13.710708141439023,0.14285714285714285,0.0
8,3,0.625,0.6666666666666666,1320,7021-79740-0003_1320-122617-0010,2.8455216754416894,1.4788766926484522,0.5,0.6666666666666666,0.375,0.6666666666666666,7021,4.1251925298574506,-5.806390523832466,-1.6811979939750148,0.5,0.3333333333333333
8,3,0.0,0.0,7021,7021-79740-0003_1320-122617-0010,26.743727760711703,27.606973153324798,0.0,0.0,0.0,0.0,1320,27.961876818247454,-15.595180322031334,12.366696496216118,0.0,0.0
15,7,0.06666666666666667,0.0,5105,6930-76324-0015_5105-28241-0005,24.025210620975113,23.296990708851776,0.0,0.0,0.0,0.0,6930,26.413038897767123,-15.82057248110969,10.592466416657434,0.06666666666666667,0.0
15,7,0.2,0.0,6930,6930-76324-0015_5105-28241-0005,21.410238554595555,20.99874233664441,0.0,0.0,0.0,0.0,5105,22.377155951114027,-15.481679246551302,6.895476704562727,0.3333333333333333,0.2857142857142857
5,2,0.0,0.0,6930,1089-134686-0036_6930-75918-0008,32.873899880177916,34.20169489247012,0.0,0.0,0.0,0.0,1089,31.35488309753811,-20.030985897738397,11.323897199799713,0.0,0.0
5,2,0.0,0.0,1089,1089-134686-0036_6930-75918-0008,35.71667224566045,36.081940371618,0.0,0.0,0.0,0.0,6930,35.18946863651067,-25.27258069711044,9.916887939400226,0.0,0.0
8,3,0.125,0.0,1580,7127-75946-0009_1580-141083-0010,28.65043506543239,29.316799615785825,0.125,0.0,0.0,0.0,7127,28.578402250650484,-20.07650257532633,8.501899675324154,0.125,0.0
8,3,0.0,0.0,7127,7127-75946-0009_1580-141083-0010,24.48002163995814,24.661307141976206,0.0,0.0,0.0,0.0,1580,23.218257052435415,-14.681345219710753,8.536911832724662,0.0,0.0
6,2,0.0,0.0,7021,7127-75946-0025_7021-85628-0002,28.368442233933006,27.8267279517813,0.0,0.0,0.0,0.0,7127,25.416546422153107,-15.922692013802102,9.493854408351005,0.16666666666666666,0.0
6,2,0.0,0.0,7127,7127-75946-0025_7021-85628-0002,26.724447243233158,27.98856289662627,0.0,0.0,0.0,0.0,7021,27.633766078088435,-20.242081382350108,7.391684695738326,0.0,0.0
11,5,0.09090909090909091,0.0,2094,7021-79759-0005_2094-142345-0049,30.50119158871531,25.46206518187763,0.0,0.0,0.0,0.0,7021,27.140250400171055,-17.357117862040447,9.783132538130609,0.36363636363636365,0.0
11,5,0.0,0.0,7021,7021-79759-0005_2094-142345-0049,29.913928885298812,26.478530724959846,0.0,0.0,0.0,0.0,2094,29.00662512531581,-19.567966305102026,9.438658820213785,0.0,0.0
5,2,0.0,0.0,4446,1995-1836-0012_4446-2275-0034,53.52461640883739,52.66223419014501,0.0,0.0,0.0,0.0,1995,49.41574580193524,-34.423594207701434,14.992151594233803,0.2,0.0
5,2,0.0,0.0,1995,1995-1836-0012_4446-2275-0034,39.8009966326518,40.261717021839374,0.0,0.0,0.0,0.0,4446,37.29195458245472,-24.407628460885704,12.884326121569018,0.4,0.0
6,2,0.0,0.0,6829,2830-3980-0007_6829-68769-0014,34.49910255009781,33.95330543644015,0.0,0.0,0.0,0.0,2830,36.325688128148016,-23.05769204285803,13.267996085289983,0.0,0.0
6,2,0.0,0.0,2830,2830-3980-0007_6829-68769-0014,37.47123343232054,36.07182698821286,0.0,0.0,0.0,0.0,6829,38.16318656571518,-25.01995637214696,13.143230193568215,0.0,0.0
5,2,0.0,0.0,121,1284-1181-0000_121-121726-0008,42.67713280543956,43.315857655646965,0.0,0.0,0.0,0.0,1284,31.616373465913227,-18.34974519089618,13.266628275017048,0.0,0.0
5,2,0.0,0.5,1284,1284-1181-0000_121-121726-0008,32.86971238166642,32.093868608771146,0.0,0.5,0.0,0.0,121,27.395322402940852,-19.025253658428223,8.37006874451263,1.0,0.5
7,3,0.0,0.0,8555,7021-85628-0016_8555-284449-0002,41.21875698780094,43.21155095987147,0.0,0.0,0.0,0.0,7021,41.24419684064304,-28.404483024041717,12.839713816601323,0.0,0.0
7,3,0.0,0.0,7021,7021-85628-0016_8555-284449-0002,23.020521903771733,20.11584489581387,0.0,0.0,0.0,0.0,8555,22.618939506996973,-12.497978359327684,10.120961147669291,0.0,0.0
8,3,0.0,0.0,1995,4970-29093-0007_1995-1826-0002,40.234280994575485,40.64842928740293,0.0,0.0,0.0,0.0,4970,38.15000900313768,-24.555622717906274,13.594386285231408,0.0,0.0
8,3,0.0,0.0,4970,4970-29093-0007_1995-1826-0002,47.954950122944716,50.2981768939073,0.0,0.0,0.0,0.0,1995,47.405748451138585,-31.164331315366795,16.24141713577179,0.0,0.0
7,3,0.14285714285714285,0.0,1284,237-134500-0040_1284-134647-0007,26.47968346742304,27.47528744206714,0.0,0.0,0.0,0.0,237,26.970888094380527,-18.876962533124157,8.093925561256368,0.14285714285714285,0.0
7,3,0.0,0.0,237,237-134500-0040_1284-134647-0007,31.998646628606668,32.493634754980235,0.0,0.0,0.0,0.0,1284,31.743115733428244,-19.97351417712964,11.769601556298603,0.0,0.0
12,5,0.0,0.0,5105,3575-170457-0047_5105-28240-0009,32.14802190620255,32.13461738757731,0.0,0.0,0.0,0.0,3575,32.05052049356922,-21.884846011370524,10.165674482198702,0.0,0.0
12,5,0.0,0.0,3575,3575-170457-0047_5105-28240-0009,34.652107777505286,35.41880926643539,0.0,0.0,0.0,0.0,5105,32.80104851382242,-20.378483821427395,12.422564692395028,0.0,0.0
17,8,0.11764705882352941,0.25,1089,4077-13751-0008_1089-134691-0016,9.204943451152495,7.788380103225637,0.11764705882352941,0.125,0.11764705882352941,0.125,4077,5.973129578335336,-5.375267043126457,0.5978625352088789,0.058823529411764705,0.125
17,8,0.11764705882352941,0.0,4077,4077-13751-0008_1089-134691-0016,30.64052653926749,29.738836990082326,0.11764705882352941,0.0,0.0,0.0,1089,30.14262393897657,-18.610069125094167,11.5325548138824,0.11764705882352941,0.25
6,2,0.0,0.0,8455,4970-29093-0004_8455-210777-0070,33.97373219709176,35.19335140627124,0.0,0.0,0.0,0.0,4970,34.820751217087675,-23.762553255593303,11.058197961494368,0.0,0.0
6,2,0.0,0.0,4970,4970-29093-0004_8455-210777-0070,36.81370082776882,37.1240140836959,0.0,0.0,0.0,0.0,8455,38.1869113121825,-25.898021440177097,12.288889872005406,0.3333333333333333,0.0
11,5,0.09090909090909091,0.0,7127,6930-76324-0020_7127-75946-0015,18.97594658030445,19.2379743083822,0.0,0.0,0.0,0.0,6930,20.267601153179594,-12.909848900479108,7.357752252700486,0.2727272727272727,0.0
11,5,0.36363636363636365,0.6,6930,6930-76324-0020_7127-75946-0015,9.81106880246096,9.471052045826829,0.36363636363636365,0.6,0.18181818181818182,0.2,7127,9.31502572743846,-6.2527457400863975,3.0622799873520616,0.36363636363636365,0.2
7,3,0.0,0.0,5105,7176-88083-0009_5105-28241-0002,36.39857359137782,37.27246789862963,0.0,0.0,0.0,0.0,7176,36.831591605836095,-23.75632852074756,13.075263085088535,0.0,0.0
7,3,0.0,0.0,7176,7176-88083-0009_5105-28241-0002,35.724900237602775,35.64051393684334,0.0,0.0,0.0,0.0,5105,36.36139953171806,-25.12736754508478,11.234031986633276,0.14285714285714285,0.0
9,4,0.0,0.0,4992,7176-92135-0012_4992-41797-0000,39.97595489449646,39.78533815825943,0.0,0.0,0.0,0.0,7176,40.90000128389143,-26.961654163411186,13.938347120480241,0.0,0.0
9,4,0.0,0.0,7176,7176-92135-0012_4992-41797-0000,44.96140981260751,43.39348936721447,0.0,0.0,0.0,0.0,4992,43.88250930027416,-29.64177059180562,14.240738708468538,0.0,0.0
7,3,0.2857142857142857,0.3333333333333333,2961,672-122797-0046_2961-961-0003,0.46719021445518955,-0.7704107131596466,0.0,0.0,0.0,0.0,672,-1.94716337111349,-2.8543915214006326,-4.8015548925141225,0.5714285714285714,0.6666666666666666
7,3,0.5714285714285714,0.6666666666666666,672,672-122797-0046_2961-961-0003,8.544038061384384,2.3749634923824927,0.2857142857142857,0.0,0.2857142857142857,0.0,2961,6.139010851452843,-4.451510800383141,1.6875000510697027,0.42857142857142855,1.0
7,3,0.0,0.0,3575,2830-3980-0072_3575-170457-0021,34.23602349843726,32.22703766931227,0.0,0.0,0.0,0.0,2830,34.69957023533442,-23.46985036366501,11.229719871669408,0.0,0.0
7,3,0.0,0.0,2830,2830-3980-0072_3575-170457-0021,34.428554650353625,34.01246474349451,0.0,0.0,0.0,0.0,3575,35.61734187152167,-22.24719120083214,13.370150670689526,0.0,0.0
6,2,1.0,1.0,5142,8463-287645-0013_5142-33396-0037,-35.34659140835273,-35.67665787944888,0.3333333333333333,1.0,0.3333333333333333,1.0,8463,-38.47564695261835,15.3357255020133,-23.13992145060505,0.6666666666666666,0.0
6,2,0.0,0.0,8463,8463-287645-0013_5142-33396-0037,34.83368228165076,34.78116300995079,0.0,0.0,0.0,0.0,5142,37.92176969682637,-22.929441144021688,14.992328552804677,0.3333333333333333,0.0
11,5,0.09090909090909091,0.0,2961,8463-287645-0011_2961-960-0005,10.699196645398397,11.72532118725955,0.09090909090909091,0.0,0.0,0.0,8463,12.278892475638381,-7.444050730843567,4.834841744794814,0.18181818181818182,0.4
11,5,0.0,0.0,8463,8463-287645-0011_2961-960-0005,27.274088709641816,29.07497090716142,0.0,0.0,0.0,0.0,2961,28.319746624855078,-17.339552682410947,10.980193942444131,0.09090909090909091,0.0
16,7,0.0,0.0,4992,5142-36377-0022_4992-41797-0015,23.804539590045763,22.526717666866748,0.0,0.0,0.0,0.0,5142,23.173091832934936,-15.511843072035322,7.661248760899612,0.125,0.0
16,7,0.0625,0.0,5142,5142-36377-0022_4992-41797-0015,27.470956232801406,26.66721624980787,0.0,0.0,0.0,0.0,4992,27.305729039246067,-18.09073854224412,9.214990497001946,0.0625,0.0
12,5,0.0,0.0,1089,2300-131720-0030_1089-134686-0025,29.415660194285522,29.46019116708061,0.0,0.0,0.0,0.0,2300,29.556153888682605,-17.128088128364272,12.428065760318333,0.0,0.0
12,5,1.0,1.0,2300,2300-131720-0030_1089-134686-0025,-20.41306198504456,-20.224903636167017,1.0,1.0,1.0,1.0,1089,-19.914397686060923,8.295570610537577,-11.618827075523345,0.0,0.0
6,2,0.0,0.0,1580,1320-122617-0003_1580-141084-0014,40.18237806516151,39.40422483892648,0.0,0.0,0.0,0.0,1320,41.359752143563014,-24.73505767870681,16.62469446485621,0.0,0.0
6,2,0.16666666666666666,0.0,1320,1320-122617-0003_1580-141084-0014,35.80763880598666,34.44612136608323,0.0,0.0,0.0,0.0,1580,36.49733398340011,-28.098463689675036,8.398870293725079,0.16666666666666666,0.0
13,6,0.0,0.0,7127,4992-41806-0001_7127-75947-0028,36.18175525788587,36.003220479160866,0.0,0.0,0.0,0.0,4992,36.07018505690458,-24.50685206854004,11.563332988364532,0.0,0.0
13,6,0.0,0.0,4992,4992-41806-0001_7127-75947-0028,38.143790308862144,37.27104816065209,0.0,0.0,0.0,0.0,7127,37.46030020817006,-24.609049089562,12.85125111860806,0.07692307692307693,0.0
12,5,0.0,0.0,5105,237-134493-0015_5105-28240-0008,37.97864678375509,40.14382171931463,0.0,0.0,0.0,0.0,237,38.66353396497048,-25.784261146828253,12.87927281814223,0.08333333333333333,0.0
12,5,0.0,0.0,237,237-134493-0015_5105-28240-0008,34.35777114078376,34.92788170977334,0.0,0.0,0.0,0.0,5105,32.44767435078599,-20.799771784116977,11.647902566669014,0.0,0.0
6,2,0.0,0.0,5683,260-123286-0028_5683-32866-0014,36.99149652499267,35.80940933813054,0.0,0.0,0.0,0.0,260,38.27006020441725,-24.51414392449298,13.755916279924264,0.0,0.0
6,2,0.0,0.0,260,260-123286-0028_5683-32866-0014,35.61892935337918,34.466250043120446,0.0,0.0,0.0,0.0,5683,34.18919800979093,-23.202941144233765,10.986256865557163,0.0,0.0
7,3,0.2857142857142857,0.0,6829,5683-32879-0023_6829-68771-0003,31.609277115761667,32.52337960544215,0.0,0.0,0.0,0.0,5683,32.949250381424804,-24.64045996543636,8.308790415988446,0.42857142857142855,0.0
7,3,0.0,0.0,5683,5683-32879-0023_6829-68771-0003,38.205902015114994,39.117207229854294,0.0,0.0,0.0,0.0,6829,38.91216569246043,-24.835601847880685,14.076563844579741,0.0,0.0
10,4,0.4,0.25,2300,8230-279154-0005_2300-131720-0038,-9.546287068759785,-10.713085976450007,0.4,0.0,0.4,0.0,8230,-9.759922232557717,4.50953692779445,-5.250385304763268,0.2,1.0
10,4,0.0,0.0,8230,8230-279154-0005_2300-131720-0038,25.447053082027367,24.856320029616903,0.0,0.0,0.0,0.0,2300,24.565214082456656,-14.403156844231834,10.162057238224824,0.1,0.0
5,2,0.2,0.0,6829,4970-29095-0026_6829-68769-0044,18.53614076873736,15.341825428612136,0.2,0.0,0.0,0.0,4970,16.416601334534015,-9.673092285417864,6.74350904911615,0.8,1.0
5,2,0.2,0.0,4970,4970-29095-0026_6829-68769-0044,-1.3815974739792005,-1.565192240589691,0.0,0.0,0.0,0.0,6829,-2.329098712741186,-0.7975284217374605,-3.126627134478647,0.4,0.0
11,5,0.5454545454545454,0.6,1188,7176-92135-0023_1188-133604-0032,-9.673693380490667,-6.713393086708694,0.45454545454545453,0.6,0.45454545454545453,0.6,7176,-6.751861989634701,1.6460194292605324,-5.105842560374169,0.2727272727272727,0.0
11,5,0.09090909090909091,0.0,7176,7176-92135-0023_1188-133604-0032,27.64266270061199,22.972051574627834,0.0,0.0,0.0,0.0,1188,22.01013083758944,-14.391703477536984,7.618427360052456,0.09090909090909091,0.0
7,3,0.0,0.0,1284,4446-2273-0005_1284-1181-0003,25.211165112712656,24.37719926832237,0.0,0.0,0.0,0.0,4446,24.104265161110334,-18.263988632975213,5.840276528135119,0.14285714285714285,0.0
7,3,0.0,0.0,4446,4446-2273-0005_1284-1181-0003,35.813319479118086,32.98500375883135,0.0,0.0,0.0,0.0,1284,35.257868253890386,-20.406008380348958,14.85185987354143,0.14285714285714285,0.0
12,5,0.0,0.0,8455,2094-142345-0028_8455-210777-0038,38.97547542994988,37.960274445094505,0.0,0.0,0.0,0.0,2094,39.27105026592593,-26.824935141447348,12.446115124478583,0.0,0.0
12,5,0.0,0.0,2094,2094-142345-0028_8455-210777-0038,33.89721960568935,34.191490515780735,0.0,0.0,0.0,0.0,8455,35.74526554799707,-24.23796910929063,11.507296438706438,0.0,0.0
8,3,0.0,0.0,61,6930-76324-0004_61-70968-0047,29.088405250051622,30.897193575715942,0.0,0.0,0.0,0.0,6930,30.127894236686988,-21.45444454532342,8.673449691363569,0.0,0.0
8,3,0.0,0.0,6930,6930-76324-0004_61-70968-0047,27.924771543350392,27.900980551407997,0.0,0.0,0.0,0.0,61,27.383093386012792,-18.22681283701712,9.156280548995671,0.0,0.0
10,4,0.0,0.0,4992,4970-29095-0034_4992-23283-0019,32.54466033072797,31.36485103464131,0.0,0.0,0.0,0.0,4970,27.503387186626433,-19.15486686104818,8.348520325578253,0.1,0.0
10,4,0.0,0.0,4970,4970-29095-0034_4992-23283-0019,34.58764764649923,33.203169947842646,0.0,0.0,0.0,0.0,4992,32.59120330432873,-20.74194095032775,11.849262354000977,0.0,0.0
6,2,1.0,1.0,2830,8555-284449-0006_2830-3980-0011,-38.53192837445145,-38.08137757702244,1.0,1.0,1.0,1.0,8555,-36.88531987478859,12.456723956185048,-24.42859591860354,0.0,0.0
6,2,0.0,0.0,8555,8555-284449-0006_2830-3980-0011,39.94911364771556,39.30540910316145,0.0,0.0,0.0,0.0,2830,38.190724964349826,-25.73187053032298,12.458854434026843,0.0,0.0
6,2,0.16666666666666666,0.0,672,121-121726-0003_672-122797-0059,13.406259713707286,12.113277293575996,0.16666666666666666,0.0,0.0,0.0,121,13.829013031830094,-9.084893560703804,4.74411947112629,0.8333333333333334,1.0
6,2,0.16666666666666666,0.0,121,121-121726-0003_672-122797-0059,20.18681162329142,21.159686671582605,0.0,0.0,0.0,0.0,672,16.8267201738361,-10.984723768326932,5.84199640550917,0.16666666666666666,0.0
7,3,1.0,1.0,1284,4446-2271-0013_1284-1180-0024,-18.523018232876176,-16.304791574092246,0.2857142857142857,0.3333333333333333,0.2857142857142857,0.3333333333333333,4446,-14.433109978600108,4.621116800855855,-9.811993177744252,0.7142857142857143,0.6666666666666666
7,3,0.0,0.0,4446,4446-2271-0013_1284-1180-0024,28.478697691465932,27.851340959396335,0.0,0.0,0.0,0.0,1284,25.852378937018205,-17.435206156773233,8.417172780244972,0.7142857142857143,0.6666666666666666
9,4,0.0,0.0,1221,5142-36377-0001_1221-135767-0007,19.368140651655875,18.795739300659346,0.0,0.0,0.0,0.0,5142,18.042747379657783,-12.951499101369482,5.091248278288301,0.2222222222222222,0.0
9,4,0.1111111111111111,0.0,5142,5142-36377-0001_1221-135767-0007,11.807467195194366,11.146834688590719,0.0,0.0,0.0,0.0,1221,11.266751856822738,-7.1689657030858625,4.097786153736876,0.1111111111111111,0.0
9,4,0.0,0.25,3570,5683-32865-0013_3570-5694-0001,42.31343257076689,40.76727594149604,0.0,0.0,0.0,0.0,5683,42.12769930162186,-31.74166273855532,10.386036563066538,0.3333333333333333,0.5
9,4,0.0,0.0,5683,5683-32865-0013_3570-5694-0001,41.97493652534148,44.81671816224028,0.0,0.0,0.0,0.0,3570,40.764950400913044,-26.711548514330616,14.053401886582428,0.0,0.0
9,4,0.0,0.0,7176,8463-294828-0002_7176-92135-0044,37.717035149183886,36.57682782125815,0.0,0.0,0.0,0.0,8463,36.99335286198433,-26.386200001447037,10.60715286053729,0.0,0.0
9,4,0.0,0.0,8463,8463-294828-0002_7176-92135-0044,39.761355995065315,39.81938662844306,0.0,0.0,0.0,0.0,7176,39.33456419372216,-24.868802205965558,14.465761987756597,0.0,0.0
5,2,0.0,0.0,8455,6930-76324-0026_8455-210777-0062,33.897834254079534,36.73024725696068,0.0,0.0,0.0,0.0,6930,35.04087236966783,-26.912284621179396,8.128587748488433,0.0,0.0
5,2,0.0,0.0,6930,6930-76324-0026_8455-210777-0062,37.67627342506104,39.59793229888971,0.0,0.0,0.0,0.0,8455,36.08942313268824,-21.796498083901035,14.292925048787206,0.2,0.0
9,4,0.1111111111111111,0.0,1089,7176-92135-0014_1089-134691-0004,22.310135749562363,22.766952999503673,0.0,0.0,0.0,0.0,7176,21.60175962919478,-15.744675624680147,5.8570840045146335,0.1111111111111111,0.0
9,4,0.0,0.0,7176,7176-92135-0014_1089-134691-0004,27.144710002327628,26.775301050351036,0.0,0.0,0.0,0.0,1089,26.462923446342103,-15.366692221461465,11.09623122488064,0.3333333333333333,0.25
8,3,0.0,0.0,908,1221-135766-0003_908-31957-0002,33.54591023254824,33.07140247319144,0.0,0.0,0.0,0.0,1221,32.737871312812814,-19.559711537835668,13.17815977497715,0.0,0.0
8,3,0.125,0.0,1221,1221-135766-0003_908-31957-0002,32.62592536881976,32.382304088748484,0.0,0.0,0.0,0.0,908,32.552983100982374,-23.598216170319326,8.954766930663046,0.125,0.0
12,6,0.0,0.0,4446,908-31957-0004_4446-2275-0016,34.34801107424699,33.97405522662208,0.0,0.0,0.0,0.0,908,29.277028987666096,-20.15082999176713,9.126198995898967,0.16666666666666666,0.0
12,6,0.0,0.0,908,908-31957-0004_4446-2275-0016,32.762258072917255,31.856944014072383,0.0,0.0,0.0,0.0,4446,26.117595333868444,-18.346243152486167,7.771352181382278,0.08333333333333333,0.0
8,3,0.0,0.0,3575,4077-13754-0004_3575-170457-0025,39.593134112464824,39.516165299666625,0.0,0.0,0.0,0.0,4077,37.63996656903264,-25.87408881292511,11.765877756107532,0.0,0.0
8,3,0.0,0.0,4077,4077-13754-0004_3575-170457-0025,38.340623908515916,37.54221016081657,0.0,0.0,0.0,0.0,3575,38.92387582224231,-23.570475113064994,15.353400709177311,0.125,0.0
5,2,0.0,0.0,5142,4446-2273-0028_5142-33396-0025,22.76140920801793,22.61690384361716,0.0,0.0,0.0,0.0,4446,14.992289740108756,-8.573928092641772,6.418361647466984,0.0,0.0
5,2,0.0,0.0,4446,4446-2273-0028_5142-33396-0025,28.331670370325106,30.720802873207653,0.0,0.0,0.0,0.0,5142,28.41776462596989,-22.470490152458655,5.947274473511236,0.2,0.0
8,3,0.375,0.3333333333333333,3575,5683-32879-0004_3575-170457-0010,22.64458518419731,21.480868810895444,0.125,0.0,0.0,0.0,5683,22.839019571166048,-13.529039555529923,9.309980015636125,0.375,0.3333333333333333
8,3,0.0,0.0,5683,5683-32879-0004_3575-170457-0010,33.32348633856814,31.164739526967598,0.0,0.0,0.0,0.0,3575,33.26677396325714,-22.104438448563336,11.162335514693805,0.0,0.0
11,5,0.0,0.0,908,6829-68769-0053_908-157963-0005,37.56600651111921,35.86757745747239,0.0,0.0,0.0,0.0,6829,36.99486766289788,-23.570423490573738,13.424444172324145,0.0,0.0
11,5,0.0,0.0,6829,6829-68769-0053_908-157963-0005,26.11573115084444,25.261787285224226,0.0,0.0,0.0,0.0,908,27.925761991846603,-20.89950909683906,7.026252895007541,0.09090909090909091,0.0
5,2,1.0,1.0,3575,5683-32866-0011_3575-170457-0034,-7.766714576279922,-7.218095145067043,1.0,1.0,1.0,1.0,5683,-1.4396583840082282,-0.5622529917605854,-2.0019113757688136,0.0,0.0
5,2,0.0,0.0,5683,5683-32866-0011_3575-170457-0034,22.300757620136856,22.420192120814903,0.0,0.0,0.0,0.0,3575,18.86018126953892,-10.19864289966008,8.661538369878842,0.0,0.0
6,2,0.0,0.0,7021,908-31957-0018_7021-85628-0011,24.569894955380025,28.112344075376946,0.0,0.0,0.0,0.0,908,26.292408880067455,-17.188986332259546,9.10342254780791,0.0,0.0
6,2,0.5,0.5,908,908-31957-0018_7021-85628-0011,23.079263892284644,23.33783452966775,0.5,0.5,0.0,0.0,7021,24.461157843740423,-14.76807357391706,9.693084269823364,0.5,0.5
7,3,0.0,0.0,1580,260-123286-0019_1580-141083-0024,32.18467987596355,32.847031757599645,0.0,0.0,0.0,0.0,260,32.66813933292258,-22.2600597822689,10.408079550653682,0.0,0.0
7,3,0.0,0.0,260,260-123286-0019_1580-141083-0024,33.94541952740884,34.91610801651803,0.0,0.0,0.0,0.0,1580,34.91087919000353,-23.544934146175407,11.365945043828118,0.14285714285714285,0.0
7,3,0.0,0.0,1580,1284-1180-0009_1580-141083-0045,39.45487187453768,39.92232384056237,0.0,0.0,0.0,0.0,1284,38.521342328471334,-23.719641831228554,14.801700497242784,0.14285714285714285,0.0
7,3,0.0,0.0,1284,1284-1180-0009_1580-141083-0045,30.06333942690281,27.823164134232712,0.0,0.0,0.0,0.0,1580,29.893536813464532,-20.872215795961573,9.02132101750296,0.0,0.0
9,4,0.0,0.0,8455,4992-23283-0010_8455-210777-0060,32.864696599760464,32.36897790650874,0.0,0.0,0.0,0.0,4992,30.786259955370156,-20.755158537646206,10.031101417723951,0.0,0.0
9,4,0.0,0.0,4992,4992-23283-0010_8455-210777-0060,30.03360305088196,28.8200892078677,0.0,0.0,0.0,0.0,8455,29.464274722701056,-20.153415291836595,9.310859430864463,0.0,0.0
6,2,0.0,0.0,1284,7127-75947-0011_1284-1181-0011,27.091643865607555,25.87681325580324,0.0,0.0,0.0,0.0,7127,25.115234169901626,-16.859295286850944,8.25593888305068,0.0,0.0
6,2,0.0,0.0,7127,7127-75947-0011_1284-1181-0011,24.4157434054691,24.247091352253385,0.0,0.0,0.0,0.0,1284,23.94646469355854,-16.438597302118566,7.507867391439975,0.0,0.0
6,2,0.0,0.0,1995,2961-961-0005_1995-1837-0026,32.60467039847429,30.85208298179088,0.0,0.0,0.0,0.0,2961,30.26400068581312,-19.591247624703463,10.672753061109656,0.0,0.0
6,2,0.0,0.0,2961,2961-961-0005_1995-1837-0026,38.640375128196176,36.66585995850124,0.0,0.0,0.0,0.0,1995,37.93371834406105,-25.0557231333866,12.87799521067445,0.0,0.0
13,6,0.07692307692307693,0.0,7176,2300-131720-0036_7176-92135-0006,24.656551096891903,23.060929248650154,0.07692307692307693,0.0,0.0,0.0,2300,22.91136498977864,-14.327950007074918,8.583414982703722,0.07692307692307693,0.0
13,6,0.0,0.0,2300,2300-131720-0036_7176-92135-0006,16.463360603786402,15.935625114028094,0.0,0.0,0.0,0.0,7176,16.26381743772734,-11.35889397295241,4.904923464774929,0.0,0.0
6,2,0.0,0.0,8555,8230-279154-0008_8555-284447-0017,28.909632503534084,30.769835768715915,0.0,0.0,0.0,0.0,8230,29.932908233554016,-21.145028440127692,8.787879793426324,0.0,0.0
6,2,1.0,1.0,8230,8230-279154-0008_8555-284447-0017,-23.148021968485292,-25.01057226110745,0.8333333333333334,1.0,0.8333333333333334,1.0,8555,-22.532746549930003,6.478341315818575,-16.054405234111428,0.16666666666666666,0.0
8,3,0.0,0.0,5639,8455-210777-0042_5639-40744-0037,21.772625584768235,19.958601899573008,0.0,0.0,0.0,0.0,8455,14.417732803985341,-10.26813411463634,4.149598689349001,0.125,0.0
8,3,0.0,0.0,8455,8455-210777-0042_5639-40744-0037,26.276614778045126,23.067242715315462,0.0,0.0,0.0,0.0,5639,18.830592741577817,-12.737612272457653,6.092980469120162,0.25,0.0
11,5,0.0,0.0,6829,5683-32866-0013_6829-68771-0005,27.47131583860933,29.271942185303594,0.0,0.0,0.0,0.0,5683,28.556735725300292,-20.328639706056414,8.228096019243878,0.0,0.0
11,5,0.0,0.0,5683,5683-32866-0013_6829-68771-0005,36.15304646459597,36.47496887627964,0.0,0.0,0.0,0.0,6829,35.99166586215626,-22.648227546662373,13.34343831549389,0.0,0.0
6,2,0.0,0.0,7176,8463-294828-0000_7176-92135-0008,37.8767311483594,39.44479239406817,0.0,0.0,0.0,0.0,8463,37.56351811400561,-27.395509972280237,10.168008141725375,0.16666666666666666,0.0
6,2,0.0,0.0,8463,8463-294828-0000_7176-92135-0008,51.29400272717095,50.380213818000726,0.0,0.0,0.0,0.0,7176,48.73392254196115,-29.6696613843498,19.06426115761135,0.0,0.0
9,4,0.1111111111111111,0.0,672,1995-1837-0019_672-122797-0023,41.241140309797096,42.06085414906855,0.0,0.0,0.0,0.0,1995,40.66561770793884,-28.047867759005428,12.617749948933417,0.1111111111111111,0.0
9,4,0.0,0.0,1995,1995-1837-0019_672-122797-0023,49.30503798955801,44.129140425224236,0.0,0.0,0.0,0.0,672,41.97878392417218,-29.932303043728226,12.046480880443951,0.0,0.0
8,3,0.0,0.0,8463,5105-28241-0006_8463-294828-0019,31.758604472204333,30.662021233454436,0.0,0.0,0.0,0.0,5105,30.4095156028198,-19.679936555838985,10.729579046980813,0.125,0.0
8,3,0.0,0.0,5105,5105-28241-0006_8463-294828-0019,30.990182326062932,30.69952076198366,0.0,0.0,0.0,0.0,8463,28.084523121279858,-18.79434118607404,9.290181935205817,0.0,0.0
14,6,0.42857142857142855,0.5,260,672-122797-0012_260-123440-0002,-6.513073049365724,-6.078651691710632,0.2857142857142857,0.3333333333333333,0.2857142857142857,0.3333333333333333,672,-4.094276594139779,-0.13130898409665834,-4.225585578236437,0.5,0.6666666666666666
14,6,0.42857142857142855,0.5,672,672-122797-0012_260-123440-0002,16.052337535829537,14.763762443376544,0.21428571428571427,0.0,0.0,0.0,260,14.36310256623597,-8.902606431843548,5.460496134392421,0.35714285714285715,0.6666666666666666
8,4,0.0,0.0,1320,7127-75947-0013_1320-122617-0039,34.259556157477064,33.79543136063017,0.0,0.0,0.0,0.0,7127,34.39516468346019,-22.51580453795774,11.879360145502444,0.0,0.0
8,4,0.0,0.0,7127,7127-75947-0013_1320-122617-0039,35.150119815888075,34.356466902161216,0.0,0.0,0.0,0.0,1320,34.831126030134435,-22.18552296893479,12.645603061199642,0.0,0.0
7,3,0.0,0.0,672,4992-41806-0013_672-122797-0021,39.77117937081162,38.6964907037838,0.0,0.0,0.0,0.0,4992,39.888125355430965,-25.288047088336878,14.600078267094087,0.0,0.0
7,3,0.0,0.0,4992,4992-41806-0013_672-122797-0021,37.97647749446522,37.56699739698497,0.0,0.0,0.0,0.0,672,38.284980336721304,-26.583366486254498,11.70161385046681,0.0,0.0
11,5,0.0,0.0,3570,6930-81414-0008_3570-5696-0008,36.50791265730738,36.47813924000714,0.0,0.0,0.0,0.0,6930,35.95821795863621,-26.009656864645976,9.948561093990238,0.0,0.0
11,5,0.0,0.0,6930,6930-81414-0008_3570-5696-0008,41.90329157813455,42.02324590339386,0.0,0.0,0.0,0.0,3570,42.381440454316035,-27.649932015689984,14.731508438626053,0.09090909090909091,0.0
5,2,0.0,0.0,237,5142-33396-0059_237-134500-0027,16.858298762922992,16.707698895052356,0.0,0.0,0.0,0.0,5142,17.782248098252445,-11.341695071847575,6.440553026404869,0.2,0.0
5,2,0.0,0.0,5142,5142-33396-0059_237-134500-0027,26.068419408098123,23.222309125325726,0.0,0.0,0.0,0.0,237,23.58015205078773,-13.608634720067181,9.971517330720548,0.2,0.0
6,3,0.6666666666666666,1.0,8455,672-122797-0000_8455-210777-0019,3.045661358018064,7.035686711132318,0.5,0.6666666666666666,0.16666666666666666,0.0,672,2.407152936895118,-2.2637084641066885,0.1434444727884296,0.5,0.3333333333333333
6,3,0.16666666666666666,0.0,672,672-122797-0000_8455-210777-0019,26.925219076193645,29.753031253948375,0.0,0.0,0.0,0.0,8455,25.456900204276494,-15.828272273514079,9.628627930762416,0.16666666666666666,0.0
9,4,0.0,0.0,61,7729-102255-0035_61-70968-0005,27.260739525477597,24.523755760106344,0.0,0.0,0.0,0.0,7729,26.214691624093824,-17.162642679820824,9.052048944273,0.2222222222222222,0.0
9,4,0.3333333333333333,0.25,7729,7729-102255-0035_61-70968-0005,5.597779813813714,5.03777385012865,0.1111111111111111,0.0,0.1111111111111111,0.0,61,2.3352412575003556,-4.558287652648061,-2.2230463951477053,0.3333333333333333,0.25
7,3,0.14285714285714285,0.0,121,3729-6852-0031_121-127105-0034,25.929030840353217,23.857894405393683,0.0,0.0,0.0,0.0,3729,23.827680544510592,-14.525020552977812,9.302659991532778,0.2857142857142857,0.3333333333333333
7,3,0.0,0.0,3729,3729-6852-0031_121-127105-0034,17.81308197176998,16.284733185798494,0.0,0.0,0.0,0.0,121,19.195834276822595,-12.420954265454384,6.774880011368209,1.0,1.0
7,3,0.0,0.0,3729,1320-122617-0005_3729-6852-0014,38.2964256172458,39.35861674829913,0.0,0.0,0.0,0.0,1320,38.33050076259177,-24.620012742030607,13.71048802056116,0.0,0.0
7,3,0.14285714285714285,0.0,1320,1320-122617-0005_3729-6852-0014,36.793835796621316,37.244726550502,0.0,0.0,0.0,0.0,3729,38.33371169718336,-26.09928765494878,12.23442404223458,0.14285714285714285,0.3333333333333333
12,5,0.9166666666666666,0.8,2094,1995-1836-0006_2094-142345-0036,-12.361773772427801,-14.42419857324457,0.8333333333333334,0.8,0.8333333333333334,0.8,1995,-12.83154002040347,5.209775256218137,-7.621764764185332,0.16666666666666666,0.2
12,5,0.0,0.0,1995,1995-1836-0006_2094-142345-0036,27.59365657638392,29.5410776319386,0.0,0.0,0.0,0.0,2094,25.425597443191467,-14.560994519528007,10.86460292366346,0.16666666666666666,0.0
7,3,0.0,0.0,260,4507-16021-0042_260-123286-0011,37.15568717172835,37.8020850691732,0.0,0.0,0.0,0.0,4507,37.184424408755575,-24.00001519983142,13.184409208924151,0.0,0.0
7,3,0.0,0.0,4507,4507-16021-0042_260-123286-0011,25.646917995161694,25.00554673957583,0.0,0.0,0.0,0.0,260,17.953909501227322,-11.915777231855568,6.038132269371756,0.14285714285714285,0.0
6,2,0.0,0.0,3729,6930-81414-0010_3729-6852-0036,39.27271262459127,39.797448531930144,0.0,0.0,0.0,0.0,6930,36.917055788247204,-24.20653295412251,12.710522834124696,0.0,0.0
6,2,0.3333333333333333,0.0,6930,6930-81414-0010_3729-6852-0036,35.65404148448013,36.39235400245272,0.0,0.0,0.0,0.0,3729,33.921081474991766,-23.310847445965834,10.610234029025934,0.8333333333333334,0.5
5,2,0.4,0.5,4077,8455-210777-0026_4077-13754-0014,19.36366287043423,16.098139256197765,0.2,0.0,0.0,0.0,8455,18.477277678648708,-11.799573095050933,6.677704583597776,0.4,0.5
5,2,0.0,0.0,8455,8455-210777-0026_4077-13754-0014,17.236180435679916,17.171335215536686,0.0,0.0,0.0,0.0,4077,17.485810041701143,-12.212238932927521,5.273571108773623,0.0,0.0
11,5,0.0,0.0,4446,6930-75918-0018_4446-2275-0000,25.09722725794378,25.246489583800546,0.0,0.0,0.0,0.0,6930,21.890854982394643,-13.818318986829254,8.072535995565387,0.0,0.0
11,5,0.0,0.0,6930,6930-75918-0018_4446-2275-0000,27.580863244793886,26.726783710376896,0.0,0.0,0.0,0.0,4446,26.399758545788863,-17.99640990948643,8.403348636302432,0.09090909090909091,0.0
5,2,0.0,0.0,1089,4970-29095-0036_1089-134686-0001,37.41382722516407,37.61994259479276,0.0,0.0,0.0,0.0,4970,38.65462965978176,-25.450573600260164,13.204056059521594,0.0,0.0
5,2,0.0,0.0,4970,4970-29095-0036_1089-134686-0001,44.789983388758095,34.9795945010248,0.0,0.0,0.0,0.0,1089,39.140639966967775,-27.140881495119658,11.999758471848116,0.0,0.0
10,4,0.2,0.0,260,2830-3980-0066_260-123286-0009,15.094837310625675,14.626436073944099,0.2,0.0,0.0,0.0,2830,15.271646765108239,-8.639047032914558,6.632599732193681,0.6,1.0
10,4,0.8,1.0,2830,2830-3980-0066_260-123286-0009,-7.832670114540052,-7.4015828136609505,0.1,0.0,0.1,0.0,260,-8.18121081336697,3.4116951850606547,-4.769515628306315,0.7,1.0
16,7,0.125,0.0,672,8230-279154-0026_672-122797-0020,20.476625592795777,20.350647680991397,0.125,0.0,0.0,0.0,8230,18.706784124763722,-13.822757457185197,4.884026667578526,0.1875,0.2857142857142857
16,7,0.1875,0.14285714285714285,8230,8230-279154-0026_672-122797-0020,31.388847543034323,32.5856021286112,0.0,0.0,0.0,0.0,672,28.313005208730214,-17.763452944885504,10.54955226384471,0.25,0.14285714285714285
13,6,0.0,0.0,1221,5142-36377-0005_1221-135767-0022,33.60063606610807,33.36029044482596,0.0,0.0,0.0,0.0,5142,32.314836887332504,-19.7282149581047,12.586621929227801,0.0,0.0
13,6,0.07692307692307693,0.0,5142,5142-36377-0005_1221-135767-0022,11.905605130286311,10.652534014879317,0.0,0.0,0.0,0.0,1221,11.097041451713954,-8.167082479854953,2.929958971859002,0.07692307692307693,0.0
16,7,0.9375,1.0,7021,8555-284447-0000_7021-85628-0009,-33.828620323096466,-34.174221208362894,0.875,1.0,0.875,1.0,8555,-30.53301705976282,9.610099629490406,-20.922917430272413,0.0625,0.0
16,7,0.0,0.0,8555,8555-284447-0000_7021-85628-0009,41.38376363492317,41.00584497535316,0.0,0.0,0.0,0.0,7021,40.53690427914978,-27.515888550175916,13.021015728973865,0.0,0.0
5,2,0.0,0.0,8455,260-123440-0012_8455-210777-0010,40.68970961552526,37.820187004124946,0.0,0.0,0.0,0.0,260,38.20457139232805,-23.354482306186334,14.850089086141718,0.0,0.0
5,2,0.2,0.0,260,260-123440-0012_8455-210777-0010,29.089807578153692,25.922697269046324,0.2,0.0,0.0,0.0,8455,29.41190054482738,-19.756266533542448,9.655634011284931,0.2,0.5
8,3,0.0,0.0,4507,6930-76324-0005_4507-16021-0057,46.53913585879461,46.51159950896153,0.0,0.0,0.0,0.0,6930,46.446267891545105,-30.439859136134913,16.006408755410188,0.0,0.0
8,3,0.0,0.0,6930,6930-76324-0005_4507-16021-0057,47.45325035156141,48.7902234512618,0.0,0.0,0.0,0.0,4507,47.10326028718208,-32.31659478771031,14.786665499471777,0.0,0.0
6,2,0.0,0.0,6829,1995-1837-0009_6829-68769-0017,30.649465248778665,30.960784654885018,0.0,0.0,0.0,0.0,1995,31.06000369148007,-19.89209272739648,11.167910964083587,0.0,0.0
6,2,0.0,0.0,1995,1995-1837-0009_6829-68769-0017,27.02281291861824,29.211771939405768,0.0,0.0,0.0,0.0,6829,25.639451769420862,-15.972949310563774,9.666502458857089,0.0,0.0
5,2,0.0,0.0,61,1221-135767-0020_61-70968-0009,28.644176536327954,29.71448269809322,0.0,0.0,0.0,0.0,1221,28.87154579447298,-19.524637811057904,9.346907983415074,0.0,0.0
5,2,0.0,0.0,1221,1221-135767-0020_61-70968-0009,33.19536397302137,32.771143204668775,0.0,0.0,0.0,0.0,61,34.00631231864786,-22.40904065599878,11.597271662649074,0.0,0.0
10,4,0.0,0.0,1320,4507-16021-0013_1320-122617-0017,42.57846871848793,41.877836970110366,0.0,0.0,0.0,0.0,4507,41.5870806584944,-28.589588806424207,12.99749185207019,0.0,0.0
10,4,0.0,0.0,4507,4507-16021-0013_1320-122617-0017,37.55344719802664,38.54652763086797,0.0,0.0,0.0,0.0,1320,38.535930729365425,-24.225821303733653,14.310109425631772,0.0,0.0
14,6,0.0,0.0,2094,908-31957-0017_2094-142345-0005,27.366129647984682,27.12078229415947,0.0,0.0,0.0,0.0,908,24.33048812677358,-16.352142319248596,7.978345807524984,0.0,0.0
14,6,0.07142857142857142,0.0,908,908-31957-0017_2094-142345-0005,31.676638037573152,34.13060897366589,0.07142857142857142,0.0,0.0,0.0,2094,33.306919648121976,-24.29496934413119,9.01195030399079,0.0,0.0
12,5,0.08333333333333333,0.0,8463,5683-32879-0010_8463-294828-0036,26.026327396604376,24.544663976682887,0.0,0.0,0.0,0.0,5683,25.913477974137855,-17.7335074291593,8.179970544978554,0.16666666666666666,0.0
12,5,0.0,0.0,5683,5683-32879-0010_8463-294828-0036,31.972529174942476,30.365260807024896,0.0,0.0,0.0,0.0,8463,31.71099914018935,-19.261936865668986,12.449062274520363,0.0,0.0
5,2,0.0,0.0,4077,237-134500-0034_4077-13751-0011,29.578427064077438,29.85563808147971,0.0,0.0,0.0,0.0,237,28.41665857322686,-18.742140154545638,9.674518418681222,0.0,0.0
5,2,0.0,0.0,237,237-134500-0034_4077-13751-0011,37.17573659642035,38.430458853731935,0.0,0.0,0.0,0.0,4077,39.74350611634998,-23.279116719567607,16.46438939678237,0.0,0.0
6,2,0.0,0.0,6930,1580-141083-0040_6930-81414-0012,35.48250947855342,33.79583344528865,0.0,0.0,0.0,0.0,1580,36.571727349349956,-22.624739588119674,13.946987761230286,0.3333333333333333,0.0
6,2,0.0,0.0,1580,1580-141083-0040_6930-81414-0012,29.58918365391329,27.248194347933826,0.0,0.0,0.0,0.0,6930,29.978194012918095,-21.78791661162446,8.190277401293633,0.0,0.0
5,2,0.2,0.0,7021,61-70970-0010_7021-85628-0022,9.998426432027292,12.61162206082605,0.0,0.0,0.0,0.0,61,11.32737800521293,-6.13638705495805,5.19099095025488,0.2,0.0
5,2,0.4,1.0,61,61-70970-0010_7021-85628-0022,18.94137760514139,17.891560815211584,0.2,0.5,0.0,0.0,7021,16.70271690172776,-10.624068582440916,6.078648319286844,0.4,0.5
20,9,0.0,0.0,8230,2300-131720-0010_8230-279154-0013,29.513056480271068,28.70859868475471,0.0,0.0,0.0,0.0,2300,25.897077336864932,-16.690407471967582,9.206669864897352,0.05,0.0
20,9,0.65,0.5555555555555556,2300,2300-131720-0010_8230-279154-0013,-12.240948424660944,-11.152764566775923,0.65,0.4444444444444444,0.65,0.4444444444444444,8230,-10.78258363033213,4.4637402879960915,-6.318843342336038,0.15,0.4444444444444444
9,4,0.1111111111111111,0.0,8463,5683-32866-0021_8463-294828-0037,36.42848832819382,37.45533467021701,0.1111111111111111,0.0,0.0,0.0,5683,27.97409098065145,-17.35377341885212,10.620317561799329,0.0,0.0
9,4,0.0,0.0,5683,5683-32866-0021_8463-294828-0037,35.094604518530005,36.648993949308135,0.0,0.0,0.0,0.0,8463,29.603999727692,-21.597102643320888,8.006897084371111,0.0,0.0
5,2,0.0,0.0,237,3570-5696-0002_237-134500-0016,39.89577844039193,41.64572746196592,0.0,0.0,0.0,0.0,3570,38.60588662076957,-23.25149606726011,15.354390553509457,0.0,0.0
5,2,0.0,0.0,3570,3570-5696-0002_237-134500-0016,54.48200080586728,51.61492816499587,0.0,0.0,0.0,0.0,237,49.73604730878056,-34.48025686136279,15.255790447417771,0.0,0.0
5,2,0.8,1.0,1089,8455-210777-0029_1089-134686-0020,0.3705224812194599,1.259415561660018,0.2,0.0,0.2,0.0,8455,1.6922838471007324,-1.3234266926074874,0.3688571544932452,0.6,1.0
5,2,0.0,0.0,8455,8455-210777-0029_1089-134686-0020,27.605200087168026,29.98853277264919,0.0,0.0,0.0,0.0,1089,30.884115712059184,-21.459637724471214,9.424477987587968,0.0,0.0
8,3,0.0,0.0,4446,1320-122612-0006_4446-2271-0018,39.13363354181451,40.21752800003673,0.0,0.0,0.0,0.0,1320,39.607804500018304,-25.31949383727443,14.288310662743871,0.0,0.0
8,3,0.25,0.0,1320,1320-122612-0006_4446-2271-0018,21.05551764827918,19.842325706967088,0.25,0.0,0.0,0.0,4446,22.45064688665753,-13.779649947353615,8.670996939303915,0.5,1.0
5,2,0.0,0.0,4992,61-70968-0051_4992-41806-0000,35.29430641448607,34.789335120684584,0.0,0.0,0.0,0.0,61,34.93530659413691,-23.95325960115926,10.98204699297765,0.0,0.0
5,2,0.0,0.0,61,61-70968-0051_4992-41806-0000,29.83164373347976,29.8511904778733,0.0,0.0,0.0,0.0,4992,29.526569153837226,-18.810500744255588,10.716068409581638,0.0,0.0
13,6,0.0,0.0,5105,6829-68771-0019_5105-28240-0015,38.344912927098534,38.09094774757937,0.0,0.0,0.0,0.0,6829,30.726221743364086,-20.592766527694653,10.133455215669434,0.0,0.0
13,6,0.15384615384615385,0.0,6829,6829-68771-0019_5105-28240-0015,30.35229715420038,30.6131638641239,0.15384615384615385,0.0,0.0,0.0,5105,29.127365539196944,-18.619326937712238,10.508038601484708,0.15384615384615385,0.16666666666666666
6,2,0.5,0.5,260,1284-1180-0032_260-123440-0008,-3.224989801336557,-2.28483972734434,0.3333333333333333,0.5,0.3333333333333333,0.5,1284,1.0778115706021403,-1.1022831296440811,-0.024471559041940823,0.6666666666666666,0.5
6,2,0.0,0.0,1284,1284-1180-0032_260-123440-0008,28.673917352170452,27.72488572511857,0.0,0.0,0.0,0.0,260,24.77853182454991,-14.63275024859305,10.145781575956859,0.0,0.0
6,2,0.0,0.0,3570,2830-3980-0070_3570-5694-0005,31.080762939118006,29.8216712556625,0.0,0.0,0.0,0.0,2830,31.581104716174735,-22.236427245166716,9.34467747100802,0.0,0.0
6,2,0.0,0.0,2830,2830-3980-0070_3570-5694-0005,30.131804016594188,29.469327241740306,0.0,0.0,0.0,0.0,3570,30.654971034998347,-18.3739959272026,12.280975107795747,0.0,0.0
7,3,0.5714285714285714,0.6666666666666666,237,121-121726-0011_237-126133-0017,-5.0875794261014695,-3.691095007123393,0.42857142857142855,0.6666666666666666,0.2857142857142857,0.6666666666666666,121,-4.6534172690842235,0.9501082934712082,-3.703308975613015,0.5714285714285714,0.3333333333333333
7,3,0.14285714285714285,0.0,121,121-121726-0011_237-126133-0017,26.79213057741112,26.702055553113638,0.0,0.0,0.0,0.0,237,26.13120198936258,-15.550638957928273,10.580563031434307,0.14285714285714285,0.0
14,6,0.0,0.0,121,5683-32879-0013_121-127105-0003,30.340599702714314,29.90785837891846,0.0,0.0,0.0,0.0,5683,31.477175143445287,-21.030475518095763,10.446699625349524,0.0,0.0
14,6,0.0,0.0,5683,5683-32879-0013_121-127105-0003,37.53692172368267,36.89670708121307,0.0,0.0,0.0,0.0,121,37.15227535494942,-23.446933492909878,13.705341862039537,1.0,1.0
7,3,0.0,0.0,4507,1089-134686-0032_4507-16021-0049,33.60074698190386,32.1531217413006,0.0,0.0,0.0,0.0,1089,32.04404118977804,-21.255645895723354,10.788395294054691,0.0,0.0
7,3,0.0,0.0,1089,1089-134686-0032_4507-16021-0049,40.80960301938818,39.27641518644836,0.0,0.0,0.0,0.0,4507,40.65456951832025,-25.536967563642424,15.117601954677829,0.0,0.0
22,10,0.22727272727272727,0.1,8224,5639-40744-0036_8224-274381-0003,27.536161860056396,26.27563529239339,0.09090909090909091,0.1,0.0,0.0,5639,28.07234094076476,-20.200349966411665,7.871990974353098,0.5,0.5
22,10,0.0,0.0,5639,5639-40744-0036_8224-274381-0003,34.83450954870637,33.46581335093731,0.0,0.0,0.0,0.0,8224,34.568611783770145,-21.50623444624936,13.062377337520786,0.0,0.0
11,5,0.0,0.0,6829,1320-122612-0015_6829-68771-0018,35.584454329669505,35.11412321740543,0.0,0.0,0.0,0.0,1320,34.12371159019128,-23.269056811709614,10.854654778481665,0.0,0.0
11,5,0.0,0.0,1320,1320-122612-0015_6829-68771-0018,45.572517450586204,42.290126872850166,0.0,0.0,0.0,0.0,6829,38.0225052939246,-24.678934944312726,13.343570349611875,0.0,0.0
8,3,0.0,0.0,260,8455-210777-0017_260-123286-0013,21.7628964954283,18.12381890621284,0.0,0.0,0.0,0.0,8455,20.01018447372288,-13.764744643731191,6.245439829991687,0.0,0.0
8,3,0.0,0.0,8455,8455-210777-0017_260-123286-0013,16.005156592423884,14.180725653887242,0.0,0.0,0.0,0.0,260,14.893166987983916,-10.825449828116113,4.067717159867803,0.25,0.0
12,6,0.0,0.0,8455,672-122797-0004_8455-210777-0013,34.524471070709474,34.5605649975597,0.0,0.0,0.0,0.0,672,34.40598243198929,-20.225977067571197,14.180005364418086,0.4166666666666667,0.3333333333333333
12,6,0.25,0.0,672,672-122797-0004_8455-210777-0013,22.453096041900395,26.195721328389194,0.0,0.0,0.0,0.0,8455,26.974209352362944,-18.73368237436677,8.240526977996176,0.3333333333333333,0.0
8,4,0.0,0.0,4507,6829-68771-0033_4507-16021-0059,35.95813634666873,36.0943155928713,0.0,0.0,0.0,0.0,6829,34.32625824281727,-23.654489045017705,10.671769197799563,0.125,0.0
8,4,0.0,0.0,6829,6829-68771-0033_4507-16021-0059,41.53292616003151,40.936862712481705,0.0,0.0,0.0,0.0,4507,36.28285372648597,-21.866122128372734,14.416731598113232,0.0,0.0
11,5,0.0,0.0,5142,7021-79730-0005_5142-36377-0007,41.909208016171576,42.34353904464609,0.0,0.0,0.0,0.0,7021,42.54299972374766,-27.287117321839837,15.255882401907826,0.09090909090909091,0.0
11,5,0.0,0.0,7021,7021-79730-0005_5142-36377-0007,39.16434994358632,39.58670990656858,0.0,0.0,0.0,0.0,5142,39.926688228516156,-26.682060321081206,13.244627907434953,0.0,0.0
14,6,0.07142857142857142,0.0,1320,4507-16021-0016_1320-122617-0029,40.22324124319929,36.74119451648358,0.0,0.0,0.0,0.0,4507,34.86565353665624,-25.427468263291864,9.438185273364379,0.07142857142857142,0.0
14,6,0.0,0.0,4507,4507-16021-0016_1320-122617-0029,45.81000450289933,41.84796946033361,0.0,0.0,0.0,0.0,1320,40.073733708577265,-24.08516163974699,15.98857206883028,0.0,0.0
9,4,0.0,0.0,5683,672-122797-0040_5683-32866-0024,34.9290001166162,36.25813907173474,0.0,0.0,0.0,0.0,672,38.363238837836576,-27.278374888205903,11.084863949630675,0.2222222222222222,0.0
9,4,0.0,0.0,672,672-122797-0040_5683-32866-0024,39.45900215307564,39.994821245604754,0.0,0.0,0.0,0.0,5683,40.61565806244117,-24.91070479606641,15.704953266374758,0.0,0.0
6,2,0.3333333333333333,0.0,908,672-122797-0031_908-31957-0013,25.509856412617214,23.58797050610594,0.16666666666666666,0.0,0.0,0.0,672,26.24217536924717,-17.978845431747104,8.263329937500068,0.6666666666666666,1.0
6,2,0.0,0.0,672,672-122797-0031_908-31957-0013,35.77034138541612,34.60140769143444,0.0,0.0,0.0,0.0,908,29.319704815874925,-19.931059857617765,9.38864495825716,0.16666666666666666,0.0
6,2,0.0,0.0,1284,8455-210777-0065_1284-1181-0009,25.62634068933457,27.96006418831318,0.0,0.0,0.0,0.0,8455,29.1279045965445,-21.06454281104096,8.063361785503542,0.0,0.0
6,2,0.0,0.0,8455,8455-210777-0065_1284-1181-0009,28.501145117324395,27.457569997602615,0.0,0.0,0.0,0.0,1284,30.47150900054745,-19.99038499979488,10.48112400075257,0.16666666666666666,0.0
13,6,0.0,0.0,1320,6829-68769-0049_1320-122617-0001,43.87443892252117,43.72548155779649,0.0,0.0,0.0,0.0,6829,42.32198676173179,-29.464115533744476,12.85787122798732,0.0,0.0
13,6,0.0,0.0,6829,6829-68769-0049_1320-122617-0001,37.829861516414354,38.649691027886355,0.0,0.0,0.0,0.0,1320,35.57010718794098,-23.975778393926387,11.594328794014594,0.0,0.0
7,3,0.0,0.0,8455,1995-1836-0001_8455-210777-0049,36.95367173585881,33.96487654813763,0.0,0.0,0.0,0.0,1995,34.92959178557841,-21.616773927514185,13.312817858064223,0.0,0.0
7,3,0.0,0.0,1995,1995-1836-0001_8455-210777-0049,33.456174217150306,32.241427240630145,0.0,0.0,0.0,0.0,8455,33.02156089134694,-22.370257132133865,10.651303759213071,0.14285714285714285,0.0
8,3,0.0,0.0,6930,4992-41797-0018_6930-81414-0011,36.71113581946392,35.058911725814,0.0,0.0,0.0,0.0,4992,36.05678873543573,-20.30380314922967,15.75298558620606,0.0,0.0
8,3,0.125,0.0,4992,4992-41797-0018_6930-81414-0011,28.348162424829745,29.457670132278338,0.125,0.0,0.0,0.0,6930,27.8571815014149,-22.06669244250293,5.7904890589119695,0.125,0.0
7,3,0.0,0.0,1188,1284-1181-0016_1188-133604-0031,36.57175538801626,35.96204243776804,0.0,0.0,0.0,0.0,1284,33.78445705886899,-23.01033810528592,10.774118953583065,0.14285714285714285,0.0
7,3,0.0,0.0,1284,1284-1181-0016_1188-133604-0031,41.901718524681414,41.43806684733142,0.0,0.0,0.0,0.0,1188,39.29224125521774,-26.667218150448328,12.625023104769411,0.14285714285714285,0.0
16,7,0.125,0.0,1995,121-127105-0035_1995-1826-0013,34.49374557553108,33.005373037586665,0.0625,0.0,0.0,0.0,121,31.319342039725406,-18.816082909215663,12.503259130509745,0.875,0.8571428571428571
16,7,0.0625,0.0,121,121-127105-0035_1995-1826-0013,28.891045770980433,27.543481828695946,0.0,0.0,0.0,0.0,1995,26.18039670111157,-19.159302346672717,7.021094354438853,0.125,0.0
9,4,0.0,0.0,8555,1221-135767-0024_8555-284449-0015,34.44014576284808,34.113680983111955,0.0,0.0,0.0,0.0,1221,31.72206942435917,-20.720620535729584,11.001448888629586,0.0,0.0
9,4,0.4444444444444444,0.75,1221,1221-135767-0024_8555-284449-0015,15.734502125771058,14.337066092499684,0.4444444444444444,0.5,0.3333333333333333,0.25,8555,18.84205952220288,-10.878933034821731,7.96312648738115,0.4444444444444444,0.25
9,4,0.0,0.0,6829,7127-75947-0029_6829-68769-0036,30.493287924534773,30.23064487507391,0.0,0.0,0.0,0.0,7127,32.0301434197553,-22.821421261022586,9.208722158732714,0.0,0.0
9,4,0.0,0.0,7127,7127-75947-0029_6829-68769-0036,35.068686076370376,35.814748259933246,0.0,0.0,0.0,0.0,6829,33.467725191159246,-20.815622904121426,12.652102287037819,0.0,0.0
5,2,0.0,0.0,61,4507-16021-0024_61-70970-0033,28.55306768406441,25.35730164096872,0.0,0.0,0.0,0.0,4507,27.824493932458104,-18.063346587685807,9.761147344772299,0.4,0.0
5,2,0.0,0.0,4507,4507-16021-0024_61-70970-0033,36.174213436299546,32.734737434176466,0.0,0.0,0.0,0.0,61,36.074332415235986,-24.661593891957235,11.41273852327875,0.0,0.0
18,8,0.0,0.0,8224,7176-92135-0031_8224-274384-0002,30.773835911565072,29.52618708719593,0.0,0.0,0.0,0.0,7176,29.260395241575743,-18.506448762276058,10.753946479299684,0.05555555555555555,0.0
18,8,0.0,0.0,7176,7176-92135-0031_8224-274384-0002,18.6841134610158,16.755459861996254,0.0,0.0,0.0,0.0,8224,16.78123262707784,-12.402764309879581,4.37846831719826,0.0,0.0
5,2,0.2,0.0,121,8463-287645-0012_121-127105-0032,-5.509321904347446,-8.135788964731766,0.0,0.0,0.0,0.0,8463,-5.478880307342663,-0.6900009306509505,-6.168881237993613,0.2,0.0
5,2,0.4,0.5,8463,8463-287645-0012_121-127105-0032,10.147126167889024,12.84707514926854,0.2,0.5,0.2,0.0,121,9.113710301025023,-7.920471021846268,1.1932392791787543,0.8,0.5
11,5,0.0,0.0,5683,8224-274381-0011_5683-32865-0010,37.52643340154732,37.39763237630747,0.0,0.0,0.0,0.0,8224,32.50206412736004,-21.46361039383173,11.038453733528314,0.09090909090909091,0.0
11,5,0.0,0.0,8224,8224-274381-0011_5683-32865-0010,38.28878439299437,37.92502314007221,0.0,0.0,0.0,0.0,5683,34.58295072004883,-22.4573921473808,12.12555857266803,0.09090909090909091,0.0
14,6,0.2857142857142857,0.16666666666666666,8463,3729-6852-0001_8463-294825-0001,32.491242486109634,32.69102980246178,0.0,0.0,0.0,0.0,3729,31.67347398315909,-20.373891439970993,11.299582543188098,0.42857142857142855,0.16666666666666666
14,6,0.0,0.0,3729,3729-6852-0001_8463-294825-0001,29.126181670005042,30.245777133401564,0.0,0.0,0.0,0.0,8463,29.90382492663646,-19.855854539394045,10.047970387242414,0.0,0.0
20,9,0.0,0.0,2300,1995-1836-0005_2300-131720-0012,32.47399796520206,31.50963915896764,0.0,0.0,0.0,0.0,1995,31.890463392896404,-21.777921964138557,10.112541428757847,0.1,0.1111111111111111
20,9,0.0,0.0,1995,1995-1836-0005_2300-131720-0012,31.258438872429984,31.03327953785337,0.0,0.0,0.0,0.0,2300,30.649037255948233,-18.252831587550165,12.396205668398068,0.0,0.0
6,2,0.0,0.0,260,5683-32879-0018_260-123288-0022,36.944870030317375,34.036127967722635,0.0,0.0,0.0,0.0,5683,38.52559885653843,-24.835085746598097,13.690513109940333,0.0,0.0
6,2,0.0,0.0,5683,5683-32879-0018_260-123288-0022,38.88431125922785,38.85702371534592,0.0,0.0,0.0,0.0,260,40.41391029794279,-27.9084914233147,12.505418874628093,0.0,0.0
5,2,0.6,1.0,3575,8555-284447-0013_3575-170457-0004,-13.00581461004918,-13.423052099370286,0.6,1.0,0.6,1.0,8555,-13.869651235103749,3.574785089020023,-10.294866146083725,0.4,0.0
5,2,0.4,0.0,8555,8555-284447-0013_3575-170457-0004,11.481034787835707,11.794394856808847,0.2,0.0,0.0,0.0,3575,12.072751437123951,-8.455278395018777,3.6174730421051757,0.2,0.0
7,3,0.0,0.0,7176,8455-210777-0058_7176-88083-0006,28.837477950126463,27.568718719832884,0.0,0.0,0.0,0.0,8455,27.43033703914291,-18.274506018045166,9.155831021097743,0.0,0.0
7,3,0.0,0.0,8455,8455-210777-0058_7176-88083-0006,28.38748633146944,28.007606178444018,0.0,0.0,0.0,0.0,7176,27.472886795908543,-18.561971544907177,8.910915251001366,0.0,0.0
10,4,0.0,0.0,61,7729-102255-0021_61-70968-0050,21.36376795964392,22.053388104309654,0.0,0.0,0.0,0.0,7729,20.828803971221213,-14.564023805650095,6.264780165571117,0.0,0.0
10,4,0.0,0.0,7729,7729-102255-0021_61-70968-0050,19.574254472274337,21.529516083995322,0.0,0.0,0.0,0.0,61,18.384385868706488,-12.039941315564121,6.344444553142367,0.0,0.0
12,5,0.08333333333333333,0.0,908,1320-122612-0013_908-157963-0025,16.73073370203192,16.985400056836106,0.08333333333333333,0.0,0.0,0.0,1320,16.931573849046703,-10.640764432297507,6.2908094167491955,0.0,0.0
12,5,0.5,0.6,1320,1320-122612-0013_908-157963-0025,-0.31057424931853994,-0.07189410627082733,0.3333333333333333,0.2,0.25,0.2,908,3.427115501986357,-3.456621618098483,-0.029506116112125766,0.16666666666666666,0.4
12,5,0.0,0.0,7127,1188-133604-0033_7127-75947-0027,38.91684755659791,39.62533431886457,0.0,0.0,0.0,0.0,1188,36.539293141072896,-23.522186374128147,13.01710676694475,0.08333333333333333,0.0
12,5,0.0,0.0,1188,1188-133604-0033_7127-75947-0027,38.182797497991636,38.441608954134026,0.0,0.0,0.0,0.0,7127,37.46184927349559,-25.115993843494874,12.34585543000071,0.08333333333333333,0.0
10,4,0.0,0.0,908,4077-13751-0009_908-31957-0007,29.821010023351874,34.41224044291038,0.0,0.0,0.0,0.0,4077,32.70210184503968,-20.831716147514122,11.870385697525554,0.0,0.0
10,4,0.2,0.0,4077,4077-13751-0009_908-31957-0007,14.373555174247382,16.36348695743248,0.1,0.0,0.0,0.0,908,16.203562980036455,-11.574116385284366,4.629446594752088,0.2,0.0
7,3,0.14285714285714285,0.0,61,3570-5694-0017_61-70970-0016,38.41773545672985,37.82667011863743,0.0,0.0,0.0,0.0,3570,37.88708760990923,-26.004180900806087,11.882906709103144,0.14285714285714285,0.0
7,3,0.0,0.0,3570,3570-5694-0017_61-70970-0016,42.54493358173266,42.66023150845103,0.0,0.0,0.0,0.0,61,42.5176822912331,-28.134633503873467,14.383048787359634,0.0,0.0
9,4,0.0,0.0,4970,7176-92135-0045_4970-29095-0033,44.2222694010816,43.686383022076555,0.0,0.0,0.0,0.0,7176,43.60891042347444,-28.577135120415317,15.031775303059124,0.0,0.0
9,4,0.0,0.0,7176,7176-92135-0045_4970-29095-0033,39.75844332400476,39.47280047201923,0.0,0.0,0.0,0.0,4970,39.74270368616498,-26.617834999100317,13.124868687064664,0.2222222222222222,0.0
6,2,0.0,0.0,2300,6829-68771-0028_2300-131720-0007,38.26842728972218,36.77371999587504,0.0,0.0,0.0,0.0,6829,36.64160204284198,-24.506215834342264,12.13538620849972,0.0,0.0
6,2,0.0,0.0,6829,6829-68771-0028_2300-131720-0007,39.212660328739005,36.20025120492608,0.0,0.0,0.0,0.0,2300,37.609308796514995,-23.74145580232345,13.86785299419154,0.0,0.0
12,5,0.0,0.0,7729,6829-68771-0032_7729-102255-0019,27.375668600153233,27.33145566625497,0.0,0.0,0.0,0.0,6829,26.125541286095316,-18.19867084050585,7.926870445589466,0.0,0.0
12,5,0.0,0.0,6829,6829-68771-0032_7729-102255-0019,31.29155007347357,29.80807751843746,0.0,0.0,0.0,0.0,7729,30.721649157058316,-19.13841821043601,11.583230946622304,0.0,0.0
11,5,0.9090909090909091,1.0,4077,8555-284449-0008_4077-13751-0012,-24.454678122631773,-26.557290404974253,0.9090909090909091,0.8,0.9090909090909091,0.8,8555,-26.16911129146422,9.468070345613514,-16.701040945850703,0.09090909090909091,0.2
11,5,0.0,0.0,8555,8555-284449-0008_4077-13751-0012,33.538511260589104,34.152019537598015,0.0,0.0,0.0,0.0,4077,32.99768654171493,-22.04337541797518,10.954311123739743,0.0,0.0
8,3,0.0,0.0,7729,7021-79759-0000_7729-102255-0016,33.660087641896126,31.775448906586572,0.0,0.0,0.0,0.0,7021,34.127875951296545,-22.11743312702401,12.01044282427253,0.0,0.0
8,3,0.0,0.0,7021,7021-79759-0000_7729-102255-0016,20.564528711396385,19.572755922558603,0.0,0.0,0.0,0.0,7729,22.37803605598423,-15.21746064990716,7.160575406077068,0.0,0.0
14,6,0.07142857142857142,0.0,1188,3570-5694-0018_1188-133604-0041,38.76079340899904,39.02794940356285,0.0,0.0,0.0,0.0,3570,37.7239002308164,-26.357165557968155,11.366734672848246,0.14285714285714285,0.0
14,6,0.0,0.0,3570,3570-5694-0018_1188-133604-0041,42.43000117476968,43.630471656501506,0.0,0.0,0.0,0.0,1188,42.19422843562177,-26.577429850020764,15.616798585601,0.0,0.0
13,6,0.6153846153846154,0.5,7021,7176-92135-0042_7021-79730-0001,-12.622550587709272,-10.584825967583118,0.0,0.0,0.0,0.0,7176,-10.3179133374884,3.628892853017674,-6.689020484470727,0.6153846153846154,0.5
13,6,0.46153846153846156,0.5,7176,7176-92135-0042_7021-79730-0001,11.646932028531152,10.720066247554096,0.46153846153846156,0.5,0.07692307692307693,0.0,7021,11.382059974024818,-6.828279000790154,4.553780973234664,0.46153846153846156,0.5
7,3,0.0,0.0,1221,61-70968-0037_1221-135766-0008,29.104296261100888,29.23994957356594,0.0,0.0,0.0,0.0,61,29.362968463252265,-20.069199907941595,9.293768555310672,0.0,0.0
7,3,0.14285714285714285,0.0,61,61-70968-0037_1221-135766-0008,23.768646279583074,24.52276491457629,0.14285714285714285,0.0,0.0,0.0,1221,25.37853300695474,-17.740358169711396,7.638174837243346,0.0,0.0
9,4,0.0,0.0,5683,5142-36586-0003_5683-32879-0017,30.796739234772886,30.627735028922075,0.0,0.0,0.0,0.0,5142,29.784209054346135,-19.960024136866934,9.8241849174792,0.0,0.0
9,4,0.1111111111111111,0.0,5142,5142-36586-0003_5683-32879-0017,29.724455942257084,29.907629773681023,0.0,0.0,0.0,0.0,5683,30.424191443529917,-20.896877061253818,9.5273143822761,0.3333333333333333,0.0
6,2,0.0,0.0,8455,1188-133604-0029_8455-210777-0003,41.853606928054056,41.46847392740209,0.0,0.0,0.0,0.0,1188,38.838418360301546,-23.169321012318736,15.669097347982808,0.0,0.0
6,2,0.0,0.0,1188,1188-133604-0029_8455-210777-0003,32.22632010232351,32.11749918811881,0.0,0.0,0.0,0.0,8455,28.343373534688155,-19.375929620470767,8.96744391421739,0.0,0.0
10,4,1.0,1.0,3570,1284-1180-0020_3570-5696-0005,-36.663327690458544,-36.24205143647183,1.0,1.0,1.0,1.0,1284,-33.73755930950603,11.362219155114035,-22.375340154392,0.0,0.0
10,4,0.0,0.0,1284,1284-1180-0020_3570-5696-0005,39.31869774116261,38.54414076164029,0.0,0.0,0.0,0.0,3570,36.97483087941151,-23.95451751149842,13.020313367913094,0.0,0.0
16,7,0.0625,0.0,8230,4446-2273-0016_8230-279154-0000,34.80366727617633,34.036591912219166,0.0,0.0,0.0,0.0,4446,31.861307772574907,-25.270317660755897,6.5909901118190115,0.0625,0.0
16,7,0.0,0.0,4446,4446-2273-0016_8230-279154-0000,40.64204266473364,38.649020094100514,0.0,0.0,0.0,0.0,8230,37.67529528838309,-22.576863729793295,15.098431558589795,0.0,0.0
5,2,0.2,0.0,672,2830-3980-0049_672-122797-0069,16.854171432493324,11.692449842972188,0.0,0.0,0.0,0.0,2830,15.257885561774135,-11.541915522037911,3.7159700397362236,0.4,0.0
5,2,0.0,0.0,2830,2830-3980-0049_672-122797-0069,17.341520054935955,12.644780423295089,0.0,0.0,0.0,0.0,672,19.60428757136183,-11.9830495170549,7.621238054306931,0.4,0.0
8,3,0.0,0.0,3570,3575-170457-0041_3570-5695-0010,27.16932657548385,24.983935457330777,0.0,0.0,0.0,0.0,3575,25.20450392330494,-17.243620275726425,7.960883647578516,0.125,0.0
8,3,0.0,0.0,3575,3575-170457-0041_3570-5695-0010,27.29164976850616,24.539524289548837,0.0,0.0,0.0,0.0,3570,24.68749035713715,-14.514919999350814,10.172570357786338,0.0,0.0
7,3,0.0,0.0,908,6930-81414-0022_908-157963-0006,39.2085559978206,39.040990148522766,0.0,0.0,0.0,0.0,6930,40.905411193969975,-27.31927522837557,13.586135965594405,0.0,0.0
7,3,0.2857142857142857,0.0,6930,6930-81414-0022_908-157963-0006,32.47940933632412,31.955805805601347,0.0,0.0,0.0,0.0,908,35.897562220070064,-23.366868482485813,12.530693737584253,0.2857142857142857,0.0
6,2,0.0,0.0,237,2830-3980-0076_237-126133-0009,30.996830091017443,33.116350735893,0.0,0.0,0.0,0.0,2830,31.65478163556104,-21.013391451278896,10.641390184282145,0.0,0.0
6,2,0.0,0.0,2830,2830-3980-0076_237-126133-0009,34.05845738805023,34.08281791781579,0.0,0.0,0.0,0.0,237,35.689092737154645,-22.020165562687815,13.66892717446683,0.0,0.0
8,3,0.0,0.0,2094,6829-68769-0030_2094-142345-0037,21.855304499219443,20.699127777521465,0.0,0.0,0.0,0.0,6829,21.294845637800147,-13.55722437608042,7.7376212617197275,0.0,0.0
8,3,0.25,0.0,6829,6829-68769-0030_2094-142345-0037,26.081288371362238,26.632713383323516,0.0,0.0,0.0,0.0,2094,27.757169685416525,-17.78381571170853,9.973353973707994,0.25,0.0
14,6,0.9285714285714286,1.0,3570,1995-1836-0014_3570-5695-0002,-21.997392332611117,-19.133820866626483,0.7857142857142857,1.0,0.7857142857142857,1.0,1995,-18.278952780838722,6.738485499194461,-11.54046728164426,0.14285714285714285,0.0
14,6,0.07142857142857142,0.0,1995,1995-1836-0014_3570-5695-0002,25.73984166364684,23.261343068823606,0.0,0.0,0.0,0.0,3570,21.22291609740582,-13.456542933927132,7.76637316347869,0.21428571428571427,0.0
6,2,0.0,0.0,1284,4446-2275-0006_1284-134647-0002,34.92096306947982,33.56306327256689,0.0,0.0,0.0,0.0,4446,35.3923866304492,-23.51273486080265,11.879651769646554,0.0,0.0
6,2,0.0,0.0,4446,4446-2275-0006_1284-134647-0002,39.95856694611573,38.118727975417826,0.0,0.0,0.0,0.0,1284,39.8233380690277,-25.401704937866487,14.421633131161215,0.16666666666666666,0.0
5,2,0.2,0.0,1221,908-157963-0003_1221-135766-0005,37.16942746879797,37.27078488476523,0.0,0.0,0.0,0.0,908,37.81262151902396,-23.90229944574316,13.910322073280806,0.2,0.0
5,2,0.0,0.0,908,908-157963-0003_1221-135766-0005,32.819297433131894,33.38567291747481,0.0,0.0,0.0,0.0,1221,33.56306065565059,-21.54146235599135,12.021598299659237,0.0,0.0
5,2,0.0,0.0,8455,6930-76324-0001_8455-210777-0030,35.12944271230248,36.3675006744173,0.0,0.0,0.0,0.0,6930,36.88663607475925,-26.78833929355506,10.098296781204194,0.0,0.0
5,2,0.4,0.0,6930,6930-76324-0001_8455-210777-0030,41.53710007834738,40.23311605471757,0.2,0.0,0.0,0.0,8455,43.98176722412677,-28.439697718461336,15.542069505665433,0.2,0.5
10,4,0.0,0.0,5639,1580-141084-0040_5639-40744-0022,42.905730794752806,43.93337370070867,0.0,0.0,0.0,0.0,1580,42.26730650728997,-28.17511103132177,14.092195475968207,0.0,0.0
10,4,0.0,0.0,1580,1580-141084-0040_5639-40744-0022,39.08165516817042,42.056156760808555,0.0,0.0,0.0,0.0,5639,38.86151121193486,-25.26290118322993,13.598610028704933,0.0,0.0
9,4,0.0,0.0,61,4970-29095-0001_61-70968-0015,34.371882987691286,34.593489621082114,0.0,0.0,0.0,0.0,4970,35.456540653814,-23.46570212243286,11.990838531381144,0.0,0.0
9,4,0.0,0.0,4970,4970-29095-0001_61-70968-0015,31.055601202101904,29.74542273944602,0.0,0.0,0.0,0.0,61,31.235745170812308,-21.41705964717164,9.818685523640665,0.0,0.0
18,8,0.1111111111111111,0.0,2094,2961-960-0020_2094-142345-0006,32.379982388213946,34.55229840143102,0.0,0.0,0.0,0.0,2961,26.41780670258671,-18.49336827899765,7.924438423589059,0.16666666666666666,0.0
18,8,0.0,0.0,2961,2961-960-0020_2094-142345-0006,33.05194784296701,34.30765611232411,0.0,0.0,0.0,0.0,2094,33.25828064190123,-22.469937903566475,10.788342738334755,0.2222222222222222,0.125
9,4,0.0,0.0,5105,8224-274381-0010_5105-28240-0000,32.19316305394157,27.67053709103423,0.0,0.0,0.0,0.0,8224,27.540564661303733,-18.55081317983845,8.989751481465282,0.1111111111111111,0.0
9,4,0.0,0.0,8224,8224-274381-0010_5105-28240-0000,29.76178167225819,28.755770009464086,0.0,0.0,0.0,0.0,5105,28.902294431838456,-20.234789052776883,8.667505379061572,0.1111111111111111,0.25
5,2,0.0,0.0,672,4992-23283-0002_672-122797-0073,30.815159842704542,33.02875953611697,0.0,0.0,0.0,0.0,4992,32.537167604977626,-20.858636046161966,11.678531558815664,0.0,0.0
5,2,0.0,0.0,4992,4992-23283-0002_672-122797-0073,29.662803799853748,30.643673974442983,0.0,0.0,0.0,0.0,672,30.108300959321685,-19.400501419543794,10.707799539777891,0.0,0.0
6,2,1.0,1.0,2830,8455-210777-0067_2830-3979-0009,-5.990600477586287,-2.4453994082367867,0.5,1.0,0.5,0.5,8455,-0.19879319220932268,-0.6986353183145724,-0.897428510523895,0.5,0.0
6,2,0.0,0.0,8455,8455-210777-0067_2830-3979-0009,21.293693113752187,24.32874155841909,0.0,0.0,0.0,0.0,2830,21.890471126502515,-12.330508581887125,9.55996254461539,0.0,0.0
5,2,0.0,0.0,3575,4970-29095-0017_3575-170457-0052,19.100336851598218,13.72746737923949,0.0,0.0,0.0,0.0,4970,16.319830418478208,-8.244076313990044,8.075754104488164,0.4,1.0
5,2,0.0,0.0,4970,4970-29095-0017_3575-170457-0052,9.809399978062633,15.002878428723537,0.0,0.0,0.0,0.0,3575,12.12316861472965,-7.700912329955326,4.422256284774323,0.0,0.0
7,3,0.8571428571428571,1.0,3575,8463-287645-0010_3575-170457-0039,-14.927642884527101,-18.6895860942049,0.7142857142857143,1.0,0.7142857142857143,1.0,8463,-15.435651952440075,2.4461705242917633,-12.989481428148313,0.14285714285714285,0.0
7,3,0.0,0.0,8463,8463-287645-0010_3575-170457-0039,31.190757232885606,33.34373042365538,0.0,0.0,0.0,0.0,3575,30.22428196683085,-21.114858831920607,9.109423134910244,0.0,0.0
11,5,0.09090909090909091,0.0,4970,2830-3980-0037_4970-29095-0020,36.18896073879794,33.84511430553131,0.0,0.0,0.0,0.0,2830,32.87556573132,-20.949866543505237,11.925699187814766,0.18181818181818182,0.0
11,5,0.0,0.0,2830,2830-3980-0037_4970-29095-0020,35.901525479117794,35.97304857075854,0.0,0.0,0.0,0.0,4970,32.5721363366528,-21.57295911635707,10.999177220295728,0.09090909090909091,0.0
12,5,0.0,0.0,61,3575-170457-0024_61-70968-0041,27.463045718002295,26.81429659763964,0.0,0.0,0.0,0.0,3575,27.855055594831256,-17.518405126791045,10.336650468040212,0.0,0.0
12,5,0.0,0.0,3575,3575-170457-0024_61-70968-0041,24.482324588917095,22.869528485808228,0.0,0.0,0.0,0.0,61,22.80311770011606,-16.129984720996134,6.673132979119929,0.08333333333333333,0.0
10,4,0.3,0.25,5105,1320-122617-0006_5105-28240-0001,25.46300430783026,25.497067493938346,0.0,0.0,0.0,0.0,1320,25.762251398017746,-14.965877094826059,10.796374303191687,0.5,0.25
10,4,0.0,0.0,1320,1320-122617-0006_5105-28240-0001,24.45666203124967,24.652698270007782,0.0,0.0,0.0,0.0,5105,25.080857582696325,-17.54773829042162,7.533119292274703,0.4,0.25
7,3,0.0,0.0,8224,1089-134686-0026_8224-274384-0010,27.58536036848606,25.813750452054894,0.0,0.0,0.0,0.0,1089,26.95883688240739,-17.988779324820793,8.970057557586594,0.2857142857142857,0.0
7,3,0.0,0.0,1089,1089-134686-0026_8224-274384-0010,32.81109265072239,32.50462302611047,0.0,0.0,0.0,0.0,8224,33.15650822205568,-20.914712811784653,12.241795410271028,0.0,0.0
9,4,0.0,0.0,1995,2830-3980-0053_1995-1837-0007,39.53605845384545,38.196930944300696,0.0,0.0,0.0,0.0,2830,38.67159788133567,-25.223763364295657,13.447834517040018,0.0,0.0
9,4,0.0,0.0,2830,2830-3980-0053_1995-1837-0007,37.04111504317512,35.82790362059963,0.0,0.0,0.0,0.0,1995,35.980182139232035,-25.083471334459986,10.896710804772049,0.0,0.0
15,7,0.0,0.0,5639,3575-170457-0006_5639-40744-0025,40.816925415797755,41.307558939306276,0.0,0.0,0.0,0.0,3575,41.408226399351776,-27.670330362230832,13.737896037120942,0.0,0.0
15,7,0.0,0.0,3575,3575-170457-0006_5639-40744-0025,40.61963564290168,41.31719328097945,0.0,0.0,0.0,0.0,5639,41.71412562396443,-27.4492965236711,14.264829100293326,0.0,0.0
5,2,1.0,1.0,2830,260-123286-0020_2830-3979-0008,-22.953026847463445,-24.278031190335234,1.0,1.0,1.0,1.0,260,-22.641709938322172,9.085767799397926,-13.555942138924248,0.0,0.0
5,2,0.0,0.0,260,260-123286-0020_2830-3979-0008,24.79863016917809,26.7048062168237,0.0,0.0,0.0,0.0,2830,24.26436266750931,-13.81089655017681,10.453466117332502,0.0,0.0
15,7,0.0,0.0,5683,260-123288-0005_5683-32879-0014,41.32668612604889,42.16976806414142,0.0,0.0,0.0,0.0,260,42.00460158452435,-26.462462378557817,15.542139205966535,0.0,0.0
15,7,0.0,0.0,260,260-123288-0005_5683-32879-0014,37.963798360546114,39.87668517741931,0.0,0.0,0.0,0.0,5683,39.89259893531364,-27.87702090133027,12.01557803398337,0.06666666666666667,0.0
11,5,0.0,0.0,5639,1995-1826-0017_5639-40744-0001,38.01427849384579,38.29705303186374,0.0,0.0,0.0,0.0,1995,37.73913110963761,-25.644988125028725,12.094142984608887,0.09090909090909091,0.0
11,5,0.0,0.0,1995,1995-1826-0017_5639-40744-0001,39.63795402586995,39.20700943948481,0.0,0.0,0.0,0.0,5639,38.885648642779714,-24.855685453544677,14.02996318923504,0.0,0.0
11,5,0.09090909090909091,0.0,8230,908-157963-0011_8230-279154-0024,13.726045572762969,14.491518484943702,0.0,0.0,0.0,0.0,908,15.344835017172066,-10.539189013119014,4.8056460040530515,0.18181818181818182,0.0
11,5,0.0,0.0,908,908-157963-0011_8230-279154-0024,36.75098819144133,37.37379142691023,0.0,0.0,0.0,0.0,8230,34.997008239428666,-21.08739184763799,13.909616391790681,0.09090909090909091,0.0
8,3,0.5,0.3333333333333333,908,7021-79730-0007_908-157963-0028,12.459851098704073,11.298230803951219,0.5,0.3333333333333333,0.125,0.0,7021,12.428811522250532,-6.981728649887462,5.447082872363071,0.5,0.6666666666666666
8,3,0.125,0.0,7021,7021-79730-0007_908-157963-0028,13.98136021104823,13.9513279020868,0.0,0.0,0.0,0.0,908,15.297680502892874,-8.395229135291334,6.9024513676015395,0.25,0.0
9,4,0.0,0.0,1580,6829-68769-0015_1580-141084-0011,42.15232241842401,42.35207005799786,0.0,0.0,0.0,0.0,6829,43.38003950533319,-27.41444847417927,15.96559103115392,0.1111111111111111,0.0
9,4,0.1111111111111111,0.0,6829,6829-68769-0015_1580-141084-0011,29.082845359590024,32.47983349892551,0.1111111111111111,0.0,0.0,0.0,1580,33.742977180912845,-22.740047822893178,11.002929358019664,0.0,0.0
6,2,0.8333333333333334,1.0,6829,8555-284449-0017_6829-68771-0022,-4.009731415861324,-3.4175112273382995,0.6666666666666666,1.0,0.5,1.0,8555,-1.8097181238983089,0.7249326750762077,-1.0847854488221012,0.3333333333333333,0.0
6,2,0.0,0.0,8555,8555-284449-0017_6829-68771-0022,20.462091969664804,21.254671486266467,0.0,0.0,0.0,0.0,6829,21.43839998017826,-13.590844109374478,7.847555870803781,0.0,0.0
15,7,0.0,0.0,8555,8230-279154-0007_8555-292519-0007,38.23553371976967,37.40009943680696,0.0,0.0,0.0,0.0,8230,38.5320411354255,-25.335911588712964,13.196129546712541,0.0,0.0
15,7,0.0,0.0,8230,8230-279154-0007_8555-292519-0007,35.7191912002987,35.33958985612787,0.0,0.0,0.0,0.0,8555,36.748175355168144,-24.873025923422418,11.875149431745726,0.13333333333333333,0.0
5,2,0.0,0.0,61,4446-2271-0024_61-70970-0025,36.09618627641975,37.14601092855182,0.0,0.0,0.0,0.0,4446,36.30508499119903,-23.936967191251888,12.368117799947143,0.6,0.0
5,2,0.0,0.0,4446,4446-2271-0024_61-70970-0025,30.53857488460294,30.003403365258475,0.0,0.0,0.0,0.0,61,30.572326686670333,-21.401939144805333,9.170387541865,0.0,0.0
5,2,0.0,0.0,672,237-126133-0023_672-122797-0005,33.24587425875693,33.56440097982804,0.0,0.0,0.0,0.0,237,34.91162435112863,-21.08328915760631,13.828335193522319,0.0,0.0
5,2,0.0,0.0,237,237-126133-0023_672-122797-0005,30.586474507908328,31.23150106686845,0.0,0.0,0.0,0.0,672,31.356580337538553,-20.89906683712278,10.457513500415773,0.0,0.0
18,9,0.0,0.0,121,1089-134686-0000_121-127105-0031,36.68277690524866,37.25843530963602,0.0,0.0,0.0,0.0,1089,38.38553699411709,-24.115729656573315,14.26980733754377,0.0,0.0
18,9,0.0,0.0,1089,1089-134686-0000_121-127105-0031,32.75915735190733,33.29196525413145,0.0,0.0,0.0,0.0,121,34.93751492513552,-25.316184296132718,9.621330629002795,0.9444444444444444,1.0
6,2,0.0,0.0,3729,908-157963-0029_3729-6852-0024,42.96681200073504,39.18965971552457,0.0,0.0,0.0,0.0,908,41.697362218763104,-25.610797746453237,16.086564472309867,0.0,0.0
6,2,0.0,0.0,908,908-157963-0029_3729-6852-0024,28.132217316257087,30.959121916228455,0.0,0.0,0.0,0.0,3729,31.50049346487124,-21.509929797539886,9.990563667331353,0.5,0.5
12,5,0.0,0.0,237,3575-170457-0017_237-126133-0011,41.36641098859892,40.68165997984674,0.0,0.0,0.0,0.0,3575,41.395099101936886,-26.3721335786709,15.022965523265984,0.0,0.0
12,5,0.0,0.0,3575,3575-170457-0017_237-126133-0011,35.27907230521113,34.9363218374758,0.0,0.0,0.0,0.0,237,36.280203632812075,-24.057648883486703,12.222554749325369,0.0,0.0
9,4,0.0,0.0,2300,7176-88083-0023_2300-131720-0040,20.399243165514672,21.698029237077908,0.0,0.0,0.0,0.0,7176,18.573318867896226,-11.411046494670831,7.1622723732253935,0.0,0.0
9,4,0.1111111111111111,0.0,7176,7176-88083-0023_2300-131720-0040,12.403930664174048,9.115314785474627,0.1111111111111111,0.0,0.1111111111111111,0.0,2300,10.101121387770482,-7.355267901511137,2.7458534862593442,0.2222222222222222,0.0
10,4,0.3,0.25,6829,8455-210777-0056_6829-68771-0008,27.53424638900791,25.152916302197216,0.1,0.0,0.0,0.0,8455,24.057999060898346,-16.910294820405472,7.147704240492875,0.2,0.25
10,4,0.0,0.0,8455,8455-210777-0056_6829-68771-0008,33.363666009291144,29.589326597543632,0.0,0.0,0.0,0.0,6829,30.152834814829106,-20.71212759470754,9.440707220121567,0.0,0.0
13,6,0.0,0.0,7176,1320-122612-0003_7176-88083-0025,21.14622933478821,20.554123534513035,0.0,0.0,0.0,0.0,1320,21.17754805356721,-16.26575742166689,4.9117906319003195,0.23076923076923078,0.0
13,6,0.0,0.0,1320,1320-122612-0003_7176-88083-0025,31.99387745779348,31.83393342056625,0.0,0.0,0.0,0.0,7176,31.832081093292402,-18.235359478129112,13.59672161516329,0.0,0.0
6,2,0.16666666666666666,0.0,2830,237-126133-0003_2830-3980-0028,25.582017128999027,27.792097801308913,0.0,0.0,0.0,0.0,237,25.46501442001447,-14.399669779549441,11.065344640465026,0.16666666666666666,0.0
6,2,0.0,0.0,237,237-126133-0003_2830-3980-0028,24.599452541681003,27.76746125185828,0.0,0.0,0.0,0.0,2830,25.965677955270674,-19.34930878553078,6.616369169739893,0.16666666666666666,0.0
9,4,0.0,0.0,1995,5105-28240-0003_1995-1826-0026,42.61482694569422,42.22328493191649,0.0,0.0,0.0,0.0,5105,42.09138500130394,-28.79872976918672,13.29265523211722,0.0,0.0
9,4,0.0,0.0,5105,5105-28240-0003_1995-1826-0026,48.18651245229574,48.536013636572235,0.0,0.0,0.0,0.0,1995,46.37007394109601,-29.15000376781961,17.220070173276397,0.0,0.0
11,5,0.0,0.2,6829,4970-29093-0022_6829-68771-0024,25.484904895950237,28.642875300965493,0.0,0.0,0.0,0.0,4970,28.595240765836003,-19.737131973509126,8.85810879232688,0.36363636363636365,0.2
11,5,0.0,0.0,4970,4970-29093-0022_6829-68771-0024,38.360951441715976,38.42449100132893,0.0,0.0,0.0,0.0,6829,38.23939523014023,-23.48746265445636,14.751932575683872,0.09090909090909091,0.0
7,3,0.0,0.0,237,672-122797-0002_237-126133-0012,30.911092818606626,30.326481925927684,0.0,0.0,0.0,0.0,672,29.543623624337116,-19.195812332777585,10.347811291559532,0.0,0.0
7,3,0.0,0.0,672,672-122797-0002_237-126133-0012,32.162163173740446,30.561287931652,0.0,0.0,0.0,0.0,237,30.981114805634583,-19.693197465677823,11.28791733995676,0.0,0.0
5,2,0.0,0.0,7729,7176-92135-0035_7729-102255-0029,36.88918278496784,38.14531159046166,0.0,0.0,0.0,0.0,7176,36.58898333504551,-21.581670198304707,15.007313136740807,0.0,0.0
5,2,0.0,0.0,7176,7176-92135-0035_7729-102255-0029,25.259184467762147,26.40902369783347,0.0,0.0,0.0,0.0,7729,25.841188822434574,-17.06417830298822,8.777010519446351,0.0,0.0
5,2,0.0,0.0,260,7021-79759-0003_260-123286-0022,37.12499709467828,38.03256204174585,0.0,0.0,0.0,0.0,7021,37.03689465912912,-23.282126183570433,13.754768475558683,0.4,0.0
5,2,0.2,0.0,7021,7021-79759-0003_260-123286-0022,21.00335238958267,20.88066474150071,0.0,0.0,0.0,0.0,260,21.150464627865205,-14.475460428977055,6.675004198888148,0.4,0.5
6,2,0.0,0.0,3570,237-134493-0014_3570-5694-0009,41.18728916524344,43.44188161051407,0.0,0.0,0.0,0.0,237,43.114491461199805,-28.47417991582305,14.640311545376758,0.0,0.0
6,2,0.0,0.0,237,237-134493-0014_3570-5694-0009,36.52620861836672,38.3427978908131,0.0,0.0,0.0,0.0,3570,38.072749013392375,-25.067450468966065,13.005298544426312,0.16666666666666666,0.0
5,2,0.0,0.0,5683,5105-28241-0012_5683-32865-0016,19.942537540622283,17.985828822423297,0.0,0.0,0.0,0.0,5105,18.091686460815843,-12.049861845574908,6.041824615240934,0.2,0.0
5,2,0.0,0.0,5105,5105-28241-0012_5683-32865-0016,10.039992919972061,7.298420098120378,0.0,0.0,0.0,0.0,5683,8.646965339962112,-4.793010955515964,3.853954384446147,0.2,0.0
13,6,0.0,0.0,2300,1221-135767-0014_2300-131720-0034,33.38348745089404,33.894859698718044,0.0,0.0,0.0,0.0,1221,33.521712939047795,-24.296178136851747,9.225534802196046,0.0,0.0
13,6,0.0,0.0,1221,1221-135767-0014_2300-131720-0034,35.70596094409785,36.17834391304863,0.0,0.0,0.0,0.0,2300,35.11486332283944,-21.672506077999188,13.44235724484025,0.0,0.0
6,2,0.5,0.5,260,8230-279154-0012_260-123288-0024,-7.567343845155645,-5.40052180146281,0.3333333333333333,0.0,0.3333333333333333,0.0,8230,-7.527922603078528,2.852201068416239,-4.675721534662289,0.3333333333333333,1.0
6,2,0.16666666666666666,0.0,8230,8230-279154-0012_260-123288-0024,18.192695810908074,17.022986258949985,0.16666666666666666,0.0,0.0,0.0,260,17.610304614377664,-9.556384924166858,8.053919690210806,0.16666666666666666,0.0
10,4,0.0,0.0,1580,1320-122617-0027_1580-141084-0048,36.97156239819403,37.037709551662886,0.0,0.0,0.0,0.0,1320,36.552439803626186,-25.525063061089156,11.02737674253703,0.0,0.0
10,4,0.0,0.0,1320,1320-122617-0027_1580-141084-0048,44.61488810401015,44.08538321515714,0.0,0.0,0.0,0.0,1580,43.04436223673987,-27.02915378335961,16.015208453380257,0.0,0.0
17,8,0.0,0.0,7021,3570-5694-0008_7021-79740-0002,42.005834896103075,39.39514557536446,0.0,0.0,0.0,0.0,3570,38.470083537854975,-24.14849065765423,14.321592880200747,0.0,0.0
17,8,0.0,0.0,3570,3570-5694-0008_7021-79740-0002,38.20240917095178,35.95751618870435,0.0,0.0,0.0,0.0,7021,32.758687176487555,-23.649986135198326,9.108701041289226,0.0,0.0
6,2,0.0,0.0,1995,237-126133-0025_1995-1826-0016,38.183729108615246,40.42775628435409,0.0,0.0,0.0,0.0,237,41.30168525932275,-27.552599967938836,13.749085291383915,0.0,0.0
6,2,0.0,0.0,237,237-126133-0025_1995-1826-0016,32.92009279206862,33.475516379310534,0.0,0.0,0.0,0.0,1995,35.83143361194701,-22.828621163438786,13.002812448508227,0.0,0.0
5,2,0.6,1.0,1320,260-123440-0007_1320-122612-0005,-1.771316115944829,-2.1072813112071005,0.6,1.0,0.6,0.5,260,-2.256465116442338,-0.8495141023000501,-3.105979218742388,0.2,0.0
5,2,0.0,0.0,260,260-123440-0007_1320-122612-0005,33.51315819552684,33.02532606578125,0.0,0.0,0.0,0.0,1320,32.19209463640544,-21.3459463428089,10.846148293596546,0.0,0.0
12,5,0.0,0.0,8230,3575-170457-0053_8230-279154-0021,41.33133435456339,39.49752320226811,0.0,0.0,0.0,0.0,3575,41.36571112426514,-25.864044065589667,15.501667058675473,0.0,0.0
12,5,0.0,0.0,3575,3575-170457-0053_8230-279154-0021,36.90834866133202,35.96715596050986,0.0,0.0,0.0,0.0,8230,36.073797775702815,-24.54424592163201,11.529551854070807,0.0,0.0
6,2,0.0,0.0,260,5142-33396-0011_260-123288-0006,27.967289674588972,30.615011766823113,0.0,0.0,0.0,0.0,5142,30.25664075116373,-21.91198180839031,8.344658942773421,0.3333333333333333,0.0
6,2,0.0,0.0,5142,5142-33396-0011_260-123288-0006,34.15212315743884,36.75701136342536,0.0,0.0,0.0,0.0,260,35.42735375212272,-21.629012919855064,13.798340832267655,0.0,0.0
7,3,0.14285714285714285,0.0,121,4446-2275-0007_121-121726-0012,17.5121703133777,17.537727516029463,0.0,0.0,0.0,0.0,4446,14.546078319138447,-9.636002402015055,4.910075917123391,0.14285714285714285,0.0
7,3,0.8571428571428571,1.0,4446,4446-2275-0007_121-121726-0012,2.1297257636041382,2.7383940342752737,0.8571428571428571,1.0,0.2857142857142857,0.3333333333333333,121,1.5454643716744279,-2.645746850143671,-1.100282478469243,0.14285714285714285,0.0
6,2,0.0,0.0,4446,672-122797-0003_4446-2275-0010,32.133108761626296,34.4304780890038,0.0,0.0,0.0,0.0,672,32.10004367434671,-21.907053859807544,10.19298981453916,0.0,0.0
6,2,0.0,0.0,672,672-122797-0003_4446-2275-0010,37.6177418610366,38.778257234952434,0.0,0.0,0.0,0.0,4446,37.555124482680895,-24.07630296498423,13.47882151769667,0.0,0.0
12,5,0.0,0.0,260,5639-40744-0004_260-123286-0026,20.82875438990484,22.175050342245953,0.0,0.0,0.0,0.0,5639,20.782624520609698,-13.07576242158347,7.706862099026228,0.16666666666666666,0.0
12,5,0.08333333333333333,0.0,5639,5639-40744-0004_260-123286-0026,26.393093733441052,27.318878492098456,0.0,0.0,0.0,0.0,260,27.013617869144902,-17.405273104384335,9.608344764760567,0.08333333333333333,0.0
6,2,0.0,0.0,5142,3570-5694-0007_5142-36377-0003,33.18550084484992,33.2779209856857,0.0,0.0,0.0,0.0,3570,33.0493679961244,-19.421847130337795,13.627520865786604,0.0,0.0
6,2,0.0,0.0,3570,3570-5694-0007_5142-36377-0003,29.761452441803332,31.124885761753454,0.0,0.0,0.0,0.0,5142,30.157650330421014,-23.516227121724476,6.641423208696536,0.16666666666666666,0.0
5,2,0.0,0.0,8555,1284-1181-0018_8555-284447-0008,27.87372838780626,29.776793560208933,0.0,0.0,0.0,0.0,1284,28.69830491228798,-19.270651384925145,9.427653527362834,0.0,0.0
5,2,1.0,1.0,1284,1284-1181-0018_8555-284447-0008,-29.70555613860181,-31.33705150841347,1.0,1.0,1.0,1.0,8555,-31.421191720856438,10.607683291315489,-20.81350842954095,0.0,0.0
9,4,0.0,0.0,5142,2094-142345-0030_5142-36377-0009,17.75921990616705,18.185676290837208,0.0,0.0,0.0,0.0,2094,15.277006918308718,-12.132145452640678,3.1448614656680407,0.0,0.0
9,4,0.0,0.0,2094,2094-142345-0030_5142-36377-0009,28.0145383170457,27.485787764481383,0.0,0.0,0.0,0.0,5142,24.583133542070197,-15.067942360365873,9.515191181704324,0.0,0.0
11,5,0.18181818181818182,0.0,2094,260-123286-0003_2094-142345-0048,32.50768644761192,35.12981995131679,0.18181818181818182,0.0,0.09090909090909091,0.0,260,32.40564941074493,-20.05563839936196,12.350011011382966,0.09090909090909091,0.2
11,5,0.0,0.0,260,260-123286-0003_2094-142345-0048,35.80469366177116,34.702728483675415,0.0,0.0,0.0,0.0,2094,35.42263492660943,-22.7681937812708,12.65444114533863,0.09090909090909091,0.0
6,2,0.16666666666666666,0.5,7021,260-123288-0012_7021-85628-0010,25.307668353623928,19.082429646710267,0.0,0.0,0.0,0.0,260,21.88355114038026,-13.353669089737473,8.529882050642787,0.5,0.5
6,2,0.0,0.0,260,260-123288-0012_7021-85628-0010,27.942814291534713,27.785175745860293,0.0,0.0,0.0,0.0,7021,27.53659192836072,-17.776678558739178,9.759913369621543,0.16666666666666666,0.0
9,4,0.0,0.0,7176,1284-1181-0017_7176-88083-0012,35.098025927576735,32.9855820947639,0.0,0.0,0.0,0.0,1284,35.04955745322381,-21.9621411733854,13.087416279838415,0.6666666666666666,0.5
9,4,0.0,0.0,1284,1284-1181-0017_7176-88083-0012,18.460109470694547,17.69865127707933,0.0,0.0,0.0,0.0,7176,18.160245490339523,-13.518849927392447,4.641395562947076,0.0,0.0
6,2,0.0,0.0,4446,1580-141083-0025_4446-2275-0035,15.467903144549728,16.035064363389754,0.0,0.0,0.0,0.0,1580,16.121437150737812,-11.980930222219614,4.140506928518196,0.16666666666666666,0.0
6,2,0.0,0.0,1580,1580-141083-0025_4446-2275-0035,39.22695938064641,39.42850433537464,0.0,0.0,0.0,0.0,4446,41.71628165759731,-25.489713294992136,16.226568362605168,0.0,0.0
8,3,0.25,0.0,672,1320-122617-0015_672-122797-0051,18.85718942961985,17.00545821047639,0.0,0.0,0.0,0.0,1320,19.14757457732567,-12.5387997588321,6.608774818493572,0.5,0.6666666666666666
8,3,0.875,1.0,1320,1320-122617-0015_672-122797-0051,-21.044523522854163,-19.326264288917173,0.5,0.6666666666666666,0.5,0.6666666666666666,672,-21.700124432502548,8.046892298607482,-13.653232133895067,0.5,0.3333333333333333
11,5,0.0,0.0,4507,2094-142345-0034_4507-16021-0051,31.240216653847824,31.210050368393603,0.0,0.0,0.0,0.0,2094,30.24761384377443,-20.726226680212527,9.521387163561903,0.18181818181818182,0.0
11,5,0.0,0.0,2094,2094-142345-0034_4507-16021-0051,36.017639924411995,36.73824931737217,0.0,0.0,0.0,0.0,4507,35.44786805189962,-22.114952790753936,13.332915261145683,0.0,0.0
6,2,0.0,0.0,1580,8463-294828-0023_1580-141083-0036,26.876158076737823,25.49874859721239,0.0,0.0,0.0,0.0,8463,26.616841709483584,-16.010858131738456,10.605983577745128,0.0,0.0
6,2,0.0,0.0,8463,8463-294828-0023_1580-141083-0036,16.559374570481594,17.31782152689307,0.0,0.0,0.0,0.0,1580,18.949830007520873,-12.776103709839273,6.1737262976816,0.0,0.0
6,2,0.0,0.0,61,121-121726-0006_61-70970-0003,32.19865280197183,31.97919830795066,0.0,0.0,0.0,0.0,121,32.96367466340736,-20.90684201453687,12.056832648870493,0.6666666666666666,0.5
6,2,0.0,0.0,121,121-121726-0006_61-70970-0003,28.43657026490254,30.705244239781273,0.0,0.0,0.0,0.0,61,28.486257786365428,-19.367601541412846,9.11865624495258,0.0,0.0
11,5,0.0,0.0,2300,4507-16021-0009_2300-131720-0029,46.128832585016795,46.59301614323495,0.0,0.0,0.0,0.0,4507,47.029779941750675,-31.985314658526022,15.04446528322465,0.0,0.0
11,5,0.0,0.0,4507,4507-16021-0009_2300-131720-0029,49.86639108343101,50.635326841205014,0.0,0.0,0.0,0.0,2300,50.03211653426587,-34.25121733349309,15.780899200772776,0.0,0.0
12,5,0.0,0.0,7729,1089-134686-0002_7729-102255-0037,16.213098084992538,16.68072895181467,0.0,0.0,0.0,0.0,1089,16.098997572258366,-10.945169117394965,5.153828454863401,0.0,0.0
12,5,0.16666666666666666,0.2,1089,1089-134686-0002_7729-102255-0037,8.853659592298301,9.84035266157806,0.08333333333333333,0.2,0.0,0.0,7729,9.90828164397977,-5.873796681566254,4.034484962413517,0.25,0.2
15,7,0.2,0.14285714285714285,1320,1284-1180-0018_1320-122617-0019,43.878546953602225,43.21435434547018,0.0,0.0,0.0,0.0,1284,43.824620434656545,-29.077151633011123,14.74746880164542,0.6,0.5714285714285714
15,7,0.0,0.0,1284,1284-1180-0018_1320-122617-0019,34.63793732930949,33.82868285420692,0.0,0.0,0.0,0.0,1320,34.73395712964158,-23.48503146546374,11.248925664177843,0.0,0.0
17,8,0.0,0.0,3575,5683-32879-0006_3575-170457-0035,29.013313214559556,29.964846685697204,0.0,0.0,0.0,0.0,5683,26.721813420707797,-18.704454818220032,8.017358602487763,0.058823529411764705,0.0
17,8,0.058823529411764705,0.0,5683,5683-32879-0006_3575-170457-0035,35.78975645543308,37.07779922106775,0.0,0.0,0.0,0.0,3575,31.14516594487354,-20.277512511307965,10.867653433565573,0.058823529411764705,0.0
5,2,0.0,0.0,5142,61-70970-0029_5142-36377-0000,35.48079343109684,33.390280944436924,0.0,0.0,0.0,0.0,61,36.974506070976986,-23.48233364799458,13.49217242298241,0.0,0.0
5,2,0.0,0.0,61,61-70970-0029_5142-36377-0000,30.609787824664956,28.154541747023845,0.0,0.0,0.0,0.0,5142,30.83960100667246,-21.119890157535238,9.719710849137224,0.2,0.0
13,6,0.15384615384615385,0.0,5639,237-126133-0019_5639-40744-0024,38.61859447061006,38.921615796325085,0.15384615384615385,0.0,0.0,0.0,237,37.770368379469105,-25.050159323300733,12.720209056168375,0.07692307692307693,0.0
13,6,0.0,0.0,237,237-126133-0019_5639-40744-0024,37.457272632410984,37.301213662073465,0.0,0.0,0.0,0.0,5639,37.25347357317173,-24.75620157091167,12.497272002260058,0.0,0.0
5,2,0.0,0.0,4970,1188-133604-0011_4970-29095-0008,31.07683621833876,30.61716194899473,0.0,0.0,0.0,0.0,1188,30.6177436434347,-19.545730165489253,11.072013477945449,0.0,0.0
5,2,0.0,0.0,1188,1188-133604-0011_4970-29095-0008,27.333624851724,26.116154998190463,0.0,0.0,0.0,0.0,4970,26.007684849052037,-18.822389624038706,7.185295225013331,0.0,0.0
19,9,0.0,0.0,8555,2300-131720-0022_8555-284447-0019,37.06345050795659,35.14679803305799,0.0,0.0,0.0,0.0,2300,31.471471538602295,-20.10049435352982,11.370977185072473,0.05263157894736842,0.0
19,9,1.0,1.0,2300,2300-131720-0022_8555-284447-0019,-30.40693227880851,-29.6117095382545,0.8421052631578947,1.0,0.8421052631578947,1.0,8555,-25.205141737874477,9.361524418463377,-15.843617319411099,0.15789473684210525,0.0
5,2,0.2,0.0,672,1580-141083-0032_672-122797-0065,25.995022560548165,25.701392070601482,0.0,0.0,0.0,0.0,1580,27.01737434383303,-18.456654339558764,8.560720004274266,0.2,0.0
5,2,0.6,0.0,1580,1580-141083-0032_672-122797-0065,25.990660451357474,26.72910368756528,0.0,0.0,0.0,0.0,672,25.47421571408295,-14.771491631385707,10.702724082697241,0.6,0.0
5,2,0.0,0.0,3570,61-70968-0040_3570-5694-0012,33.29619523879021,31.942075708279237,0.0,0.0,0.0,0.0,61,33.635429676340095,-22.34402930891659,11.29140036742351,0.0,0.0
5,2,0.0,0.0,61,61-70968-0040_3570-5694-0012,30.472249819439206,32.40045583929181,0.0,0.0,0.0,0.0,3570,31.979372074551236,-21.962665920715256,10.01670615383598,0.0,0.0
8,3,0.0,0.0,61,3575-170457-0027_61-70970-0021,31.80477669302914,31.866241388349284,0.0,0.0,0.0,0.0,3575,32.42709749397495,-21.25630240823886,11.170795085736087,0.0,0.0
8,3,0.0,0.0,3575,3575-170457-0027_61-70970-0021,30.524545624703325,29.585808885371446,0.0,0.0,0.0,0.0,61,30.71076198857734,-21.195391839624335,9.515370148953004,0.0,0.0
8,3,0.0,0.0,2094,6930-76324-0023_2094-142345-0058,27.791881228112246,30.33140681160823,0.0,0.0,0.0,0.0,6930,27.023213033218425,-20.46570805441871,6.557504978799717,0.0,0.0
8,3,0.0,0.0,6930,6930-76324-0023_2094-142345-0058,36.52804665852645,38.21172171921338,0.0,0.0,0.0,0.0,2094,36.49957039967231,-22.79044804931145,13.709122350360861,0.0,0.0
8,3,0.0,0.0,1284,4970-29093-0018_1284-1180-0012,31.97134244459677,30.986112923583576,0.0,0.0,0.0,0.0,4970,33.30332343825053,-21.879855115961696,11.423468322288837,0.0,0.0
8,3,0.25,1.0,4970,4970-29093-0018_1284-1180-0012,43.07962859073381,42.46847605957766,0.125,0.3333333333333333,0.0,0.0,1284,43.67342022433765,-27.604251643476083,16.069168580861565,0.875,0.6666666666666666
10,4,0.0,0.0,5683,2961-960-0006_5683-32866-0028,38.33530981017178,32.85570923504366,0.0,0.0,0.0,0.0,2961,34.30348755922931,-22.54576910532802,11.757718453901289,0.0,0.0
10,4,0.0,0.0,2961,2961-960-0006_5683-32866-0028,35.77451247775193,34.978385868876536,0.0,0.0,0.0,0.0,5683,36.76662626091732,-24.044136484153277,12.722489776764041,0.1,0.0
8,3,0.0,0.0,5105,6930-76324-0008_5105-28233-0004,28.717874155676963,26.83167819119276,0.0,0.0,0.0,0.0,6930,28.16116941688415,-19.366549404238654,8.794620012645497,0.0,0.0
8,3,0.0,0.0,6930,6930-76324-0008_5105-28233-0004,33.32417639538463,33.397503527328325,0.0,0.0,0.0,0.0,5105,32.95526507134835,-21.395434822345813,11.559830249002534,0.0,0.0
12,5,0.0,0.0,672,1284-1180-0019_672-122797-0057,26.49964413503339,22.210922889540917,0.0,0.0,0.0,0.0,1284,20.272722238952603,-13.09156880082698,7.181153438125624,0.5833333333333334,0.6
12,5,0.8333333333333334,1.0,1284,1284-1180-0019_672-122797-0057,3.610512552005828,2.9240685961441657,0.25,0.4,0.08333333333333333,0.2,672,3.359121659280574,-3.0687185624455444,0.2904030968350295,0.6666666666666666,0.6
8,3,0.0,0.0,8463,5142-36377-0006_8463-294828-0010,31.131091116065285,31.651928029940876,0.0,0.0,0.0,0.0,5142,31.280565668879696,-18.783176697478577,12.49738897140112,0.25,0.0
8,3,1.0,1.0,5142,5142-36377-0006_8463-294828-0010,-25.84792672692292,-25.19935983551386,0.75,1.0,0.75,1.0,8463,-25.53488406662592,10.062443520293282,-15.47244054633264,0.25,0.0
15,7,0.06666666666666667,0.0,2830,5683-32879-0002_2830-3980-0067,36.96483535466485,36.94396802999795,0.0,0.0,0.0,0.0,5683,37.396910696273814,-23.41130990041296,13.985600795860854,0.06666666666666667,0.0
15,7,0.0,0.0,5683,5683-32879-0002_2830-3980-0067,40.90772256996484,40.06951728673521,0.0,0.0,0.0,0.0,2830,39.711217447999275,-27.376049193911427,12.33516825408785,0.0,0.0
6,2,0.0,0.0,8463,4446-2273-0009_8463-287645-0001,33.023206882424304,31.85086941374394,0.0,0.0,0.0,0.0,4446,33.91920387461916,-21.837511754530674,12.081692120088483,0.0,0.0
6,2,1.0,1.0,4446,4446-2273-0009_8463-287645-0001,-30.945585407252867,-30.5042552058298,0.8333333333333334,1.0,0.8333333333333334,1.0,8463,-31.591122353823863,11.751262400494669,-19.839859953329192,0.16666666666666666,0.0
11,5,0.09090909090909091,0.0,5142,4077-13751-0016_5142-33396-0006,40.407853430650576,37.694069242749485,0.0,0.0,0.0,0.0,4077,37.76624036787754,-25.50364288655433,12.26259748132321,0.09090909090909091,0.0
11,5,0.0,0.0,4077,4077-13751-0016_5142-33396-0006,38.908542396385435,38.09373783328472,0.0,0.0,0.0,0.0,5142,36.487712648267454,-23.29615563550894,13.191557012758517,0.0,0.0
6,2,0.0,0.0,2094,672-122797-0068_2094-142345-0056,36.41841117338075,39.392349063271006,0.0,0.0,0.0,0.0,672,36.79363749325864,-24.243804781045192,12.549832712213453,0.0,0.0
6,2,0.0,0.0,672,672-122797-0068_2094-142345-0056,40.0585922030765,42.7326972863293,0.0,0.0,0.0,0.0,2094,40.45981595602136,-28.066308631120485,12.393507324900877,0.0,0.0
18,8,0.0,0.0,7127,7729-102255-0015_7127-75946-0012,30.236254650478926,30.42560078778903,0.0,0.0,0.0,0.0,7729,28.406775331262736,-18.38542720893019,10.021348122332546,0.1111111111111111,0.0
18,8,0.0,0.0,7729,7729-102255-0015_7127-75946-0012,25.742961972126334,26.317117030646287,0.0,0.0,0.0,0.0,7127,25.714880044904483,-18.178067278929795,7.536812765974689,0.1111111111111111,0.0
15,7,0.0,0.0,672,3570-5694-0011_672-122797-0074,54.51037906020619,56.2275317029124,0.0,0.0,0.0,0.0,3570,52.832375390411634,-35.54503333862791,17.287342051783725,0.06666666666666667,0.0
15,7,0.06666666666666667,0.0,3570,3570-5694-0011_672-122797-0074,46.898037468774575,48.970662625853706,0.0,0.0,0.0,0.0,672,47.8113558221208,-32.035657801153164,15.775698020967639,0.26666666666666666,0.14285714285714285
6,2,0.0,0.0,7021,5142-33396-0034_7021-85628-0006,36.271001410216165,33.51913521413131,0.0,0.0,0.0,0.0,5142,35.25721168000736,-22.7479866684735,12.509225011533857,0.0,0.0
6,2,0.0,0.0,5142,5142-33396-0034_7021-85628-0006,37.92196377557607,37.29859670400491,0.0,0.0,0.0,0.0,7021,36.596162159168315,-24.208204853948846,12.387957305219466,0.16666666666666666,0.0
6,2,0.16666666666666666,0.0,5142,1188-133604-0038_5142-33396-0043,49.00227694852152,49.43096551853134,0.16666666666666666,0.0,0.0,0.0,1188,50.83835518204589,-34.74406942025536,16.094285761790527,0.0,0.0
6,2,0.0,0.0,1188,1188-133604-0038_5142-33396-0043,42.13006406680871,41.44797689137789,0.0,0.0,0.0,0.0,5142,43.19358887697861,-28.02505888645691,15.168529990521698,0.0,0.0
13,6,0.07692307692307693,0.0,121,3575-170457-0011_121-127105-0027,25.555240802719553,24.768320590693843,0.0,0.0,0.0,0.0,3575,20.764030268854658,-13.763651563241792,7.0003787056128655,0.15384615384615385,0.0
13,6,0.0,0.0,3575,3575-170457-0011_121-127105-0027,29.08458270384169,27.39923884035909,0.0,0.0,0.0,0.0,121,22.350580010558044,-13.897703676025515,8.45287633453253,0.8461538461538461,1.0
7,3,0.14285714285714285,0.0,8463,2094-142345-0050_8463-287645-0006,24.291407429544382,25.523362255019205,0.0,0.0,0.0,0.0,2094,23.079627192988795,-15.218539678065051,7.861087514923744,0.14285714285714285,0.0
7,3,0.8571428571428571,1.0,2094,2094-142345-0050_8463-287645-0006,-16.89243772305859,-18.359347438261224,0.7142857142857143,1.0,0.7142857142857143,1.0,8463,-13.329099854176164,4.305439899223834,-9.023659954952329,0.2857142857142857,0.0
14,6,0.0,0.0,1188,6829-68769-0021_1188-133604-0024,34.590950631075536,32.31800831244281,0.0,0.0,0.0,0.0,6829,32.27549644719697,-22.363084017150218,9.912412430046754,0.0,0.0
14,6,0.07142857142857142,0.0,6829,6829-68769-0021_1188-133604-0024,26.72549660526161,26.919983315707054,0.07142857142857142,0.0,0.0,0.0,1188,27.335170671213632,-17.943197639111645,9.391973032101987,0.0,0.0
9,4,0.0,0.0,4077,6930-76324-0017_4077-13751-0004,29.42654662534962,28.883184240254742,0.0,0.0,0.0,0.0,6930,28.52059742119566,-20.064560490166393,8.456036931029267,0.0,0.0
9,4,0.0,0.0,6930,6930-76324-0017_4077-13751-0004,25.750491441375285,24.667409672463325,0.0,0.0,0.0,0.0,4077,26.315058150147614,-16.18215639499827,10.132901755149346,0.4444444444444444,0.75
7,3,0.0,0.0,61,1580-141083-0016_61-70968-0024,30.45281769421791,29.709235213042216,0.0,0.0,0.0,0.0,1580,28.901605116761218,-19.866147287217007,9.035457829544209,0.0,0.0
7,3,0.0,0.0,1580,1580-141083-0016_61-70968-0024,22.878338351389043,22.05561627232325,0.0,0.0,0.0,0.0,61,16.597278340533002,-12.707660159336351,3.88961818119665,0.0,0.0
7,3,0.0,0.0,8555,7127-75947-0015_8555-284447-0003,34.675844230827956,34.793397520994745,0.0,0.0,0.0,0.0,7127,29.470247945740155,-19.79800245821328,9.672245487526876,0.0,0.0
7,3,0.0,0.0,7127,7127-75947-0015_8555-284447-0003,31.408109886405324,33.92942661623901,0.0,0.0,0.0,0.0,8555,31.29951605544592,-19.043078858112843,12.256437197333078,0.0,0.0
11,5,0.0,0.0,6930,2094-142345-0039_6930-75918-0001,37.802085641457694,35.981737157789226,0.0,0.0,0.0,0.0,2094,36.12479381290541,-25.435898455273556,10.688895357631853,0.0,0.0
11,5,0.0,0.0,2094,2094-142345-0039_6930-75918-0001,36.57501665368673,35.63714344615784,0.0,0.0,0.0,0.0,6930,37.28614481902504,-24.104921291417405,13.181223527607635,0.0,0.0
5,2,1.0,1.0,7021,1089-134691-0020_7021-85628-0000,-38.78732176427488,-38.41814142943589,0.8,1.0,0.8,1.0,1089,-36.58437915613463,12.439484999473162,-24.144894156661472,0.2,0.0
5,2,0.0,0.0,1089,1089-134691-0020_7021-85628-0000,42.78959419415179,42.120203345974595,0.0,0.0,0.0,0.0,7021,40.01678378785057,-27.28416462290078,12.732619164949789,0.2,0.0
5,2,0.0,0.0,2830,260-123288-0018_2830-3979-0003,30.84500400314435,29.869063722412175,0.0,0.0,0.0,0.0,260,29.878767157302285,-21.489016795125977,8.389750362176306,0.0,0.0
5,2,0.0,0.0,260,260-123288-0018_2830-3979-0003,36.88073804409716,35.39853658725099,0.0,0.0,0.0,0.0,2830,37.0405981947684,-23.192224609754717,13.84837358501368,0.0,0.0
16,7,0.0,0.0,1221,908-31957-0022_1221-135766-0007,36.72535148524081,38.30366556473354,0.0,0.0,0.0,0.0,908,37.80812950697869,-25.03504007304141,12.77308943393728,0.0625,0.0
16,7,0.0,0.0,908,908-31957-0022_1221-135766-0007,33.43609896119153,34.800055248167496,0.0,0.0,0.0,0.0,1221,31.715603236217124,-21.557997071070144,10.15760616514698,0.0,0.0
9,4,0.4444444444444444,0.25,1089,7021-85628-0005_1089-134691-0001,16.229915925932527,17.962923654568336,0.1111111111111111,0.0,0.0,0.0,7021,18.21506880227046,-13.861381695339738,4.353687106930723,0.5555555555555556,0.5
9,4,0.0,0.0,7021,7021-85628-0005_1089-134691-0001,27.05138777212097,26.395977610241047,0.0,0.0,0.0,0.0,1089,29.241645922411536,-16.92647264106317,12.315173281348365,0.0,0.0
7,3,0.0,0.0,7127,4970-29095-0006_7127-75947-0026,32.32005769414472,32.47547048300104,0.0,0.0,0.0,0.0,4970,30.993882114093942,-19.02999813004326,11.96388398405068,0.0,0.0
7,3,0.0,0.0,4970,4970-29095-0006_7127-75947-0026,32.06673230147203,32.62619190503964,0.0,0.0,0.0,0.0,7127,30.771919436910927,-21.94561175483335,8.826307682077578,0.0,0.0
8,3,0.0,0.0,8555,2961-961-0006_8555-292519-0005,36.37047738894185,35.483707448043,0.0,0.0,0.0,0.0,2961,38.10915253181122,-25.01560838758758,13.093544144223642,0.0,0.0
8,3,0.0,0.0,2961,2961-961-0006_8555-292519-0005,37.590024888247015,35.28913619450548,0.0,0.0,0.0,0.0,8555,40.33544968848712,-24.095276822754936,16.240172865732177,0.125,0.0
5,2,0.0,0.0,4446,4992-41797-0016_4446-2271-0017,17.178667860687998,17.260385244194584,0.0,0.0,0.0,0.0,4992,15.61782538062364,-9.935884742047218,5.68194063857642,0.0,0.0
5,2,0.6,1.0,4992,4992-41797-0016_4446-2271-0017,-9.856619348211378,-8.986570806718909,0.6,1.0,0.6,1.0,4446,-7.649132404298463,2.282377167698138,-5.366755236600325,0.4,0.0
11,5,0.0,0.0,1580,7127-75947-0014_1580-141083-0002,30.370365412378224,32.05140186017693,0.0,0.0,0.0,0.0,7127,32.187603958974506,-22.240838647226614,9.946765311747892,0.2727272727272727,0.0
11,5,0.0,0.0,7127,7127-75947-0014_1580-141083-0002,32.72100374897569,31.412829598576774,0.0,0.0,0.0,0.0,1580,31.80545175385923,-20.345353115647868,11.460098638211365,0.0,0.0
17,8,0.0,0.0,7729,6829-68769-0001_7729-102255-0022,38.856956980351065,37.5943824863231,0.0,0.0,0.0,0.0,6829,35.89689412709211,-23.62487191634511,12.272022210746998,0.0,0.0
17,8,0.058823529411764705,0.0,6829,6829-68769-0001_7729-102255-0022,34.27333549686763,34.76892556239361,0.0,0.0,0.0,0.0,7729,33.51729915177535,-23.11051418492504,10.406784966850308,0.058823529411764705,0.0
25,12,0.0,0.0,2830,7176-92135-0043_2830-3979-0001,27.357767958016066,25.51290341688406,0.0,0.0,0.0,0.0,7176,23.785649230189023,-14.941258201867045,8.844391028321976,0.0,0.0
25,12,0.04,0.0,7176,7176-92135-0043_2830-3979-0001,24.742418964100608,24.713252389753475,0.0,0.0,0.0,0.0,2830,25.421745668274284,-16.23258445911927,9.189161209155014,0.16,0.08333333333333333
5,2,0.0,0.0,7127,4970-29095-0014_7127-75947-0022,32.54745853490842,29.349223860362674,0.0,0.0,0.0,0.0,4970,28.21843454599157,-17.518680535414212,10.699754010577356,0.0,0.0
5,2,0.2,0.0,4970,4970-29095-0014_7127-75947-0022,29.76595477076706,30.058750038370068,0.2,0.0,0.0,0.0,7127,32.50945448979709,-22.3973670505351,10.112087439261996,0.0,0.0
6,2,0.16666666666666666,0.0,8555,8455-210777-0025_8555-292519-0008,32.224127704868174,32.56100686801135,0.0,0.0,0.0,0.0,8455,31.959894274602043,-20.516351649946955,11.44354262465509,0.16666666666666666,0.0
6,2,0.0,0.0,8455,8455-210777-0025_8555-292519-0008,32.47215290875129,32.65922563914343,0.0,0.0,0.0,0.0,8555,33.312684940782304,-19.184175768366746,14.128509172415555,0.0,0.0
9,4,0.0,0.0,3570,6829-68771-0027_3570-5696-0010,40.68181747193596,40.18130136490946,0.0,0.0,0.0,0.0,6829,40.34541539330646,-26.37060241187382,13.97481298143264,0.0,0.0
9,4,0.1111111111111111,0.0,6829,6829-68771-0027_3570-5696-0010,31.272791769471684,29.698490707613665,0.1111111111111111,0.0,0.0,0.0,3570,31.53621325288344,-21.372049967446394,10.164163285437045,0.1111111111111111,0.25
24,12,0.0,0.0,8455,2300-131720-0002_8455-210777-0036,34.06101038781301,31.918604566763324,0.0,0.0,0.0,0.0,2300,31.551737729144428,-19.29914804005619,12.25258968908824,0.041666666666666664,0.0
24,12,0.08333333333333333,0.0,2300,2300-131720-0002_8455-210777-0036,31.61466283806159,32.402956417564674,0.0,0.0,0.0,0.0,8455,30.94517437031951,-20.915038259704815,10.030136110614695,0.3333333333333333,0.25
6,2,0.0,0.0,3570,8224-274384-0003_3570-5694-0016,30.446909779353117,29.394925524443217,0.0,0.0,0.0,0.0,8224,30.05504947945499,-19.999917863071374,10.055131616383616,0.0,0.0
6,2,0.0,0.0,8224,8224-274384-0003_3570-5694-0016,33.59292343877792,33.43357662643195,0.0,0.0,0.0,0.0,3570,33.85252382582756,-21.062360517036808,12.79016330879075,0.0,0.0
8,4,0.25,0.25,237,672-122797-0048_237-134500-0022,25.264250663639423,26.279047296467127,0.125,0.25,0.0,0.0,672,28.730876027334812,-18.36013199198245,10.370744035352363,0.375,0.0
8,4,0.0,0.0,672,672-122797-0048_237-134500-0022,27.268232531613922,26.49105519316502,0.0,0.0,0.0,0.0,237,26.962628314016875,-19.49184308297148,7.470785231045394,0.0,0.0
10,4,0.1,0.0,1188,4970-29095-0009_1188-133604-0007,34.14499682786426,35.789796767685786,0.0,0.0,0.0,0.0,4970,34.94798450270573,-23.789944970802253,11.158039531903478,0.1,0.0
10,4,0.0,0.0,4970,4970-29095-0009_1188-133604-0007,38.34995458691343,38.099848099358994,0.0,0.0,0.0,0.0,1188,37.975230975784335,-24.34575018423554,13.629480791548795,0.0,0.0
8,3,1.0,1.0,6829,2961-960-0012_6829-68771-0015,-35.50399939003008,-28.91977955802339,0.875,1.0,0.875,1.0,2961,-29.888993867132946,13.125296620000256,-16.76369724713269,0.125,0.0
8,3,0.0,0.0,2961,2961-960-0012_6829-68771-0015,41.067672706706716,35.75297665061766,0.0,0.0,0.0,0.0,6829,36.63762759682035,-21.855528663392484,14.782098933427868,0.0,0.0
9,4,0.1111111111111111,0.0,4446,2094-142345-0012_4446-2275-0026,23.69892622817567,18.300024220930297,0.0,0.0,0.0,0.0,2094,14.987975084953169,-9.637557485663867,5.350417599289301,0.2222222222222222,0.0
9,4,0.0,0.0,2094,2094-142345-0012_4446-2275-0026,26.717639359988546,26.882897588335048,0.0,0.0,0.0,0.0,4446,26.886148853989432,-18.356620436480554,8.529528417508878,0.0,0.0
19,9,0.0,0.0,1320,6930-81414-0000_1320-122612-0012,34.818644572783825,34.17232088721909,0.0,0.0,0.0,0.0,6930,34.41557145914565,-22.64715377111179,11.768417688033866,0.05263157894736842,0.0
19,9,0.15789473684210525,0.0,6930,6930-81414-0000_1320-122612-0012,33.992176364212476,33.54542663343948,0.05263157894736842,0.0,0.0,0.0,1320,33.91145340231631,-22.380619898985877,11.530833503330438,0.21052631578947367,0.0
5,2,0.6,0.5,61,908-157963-0026_61-70970-0012,6.947671621568267,9.457228230784727,0.4,0.5,0.2,0.0,908,9.092034346705496,-4.771041563505349,4.320992783200147,0.2,0.0
5,2,0.6,0.5,908,908-157963-0026_61-70970-0012,-12.078282990574703,-16.24142336240525,0.4,0.5,0.4,0.5,61,-15.467214563771801,6.732809524806438,-8.734405038965363,0.6,0.5
7,3,0.0,0.0,1995,1089-134686-0007_1995-1836-0000,35.30686536669729,33.30191524567717,0.0,0.0,0.0,0.0,1089,34.7548826842511,-22.80011248977854,11.954770194472559,0.0,0.0
7,3,0.0,0.0,1089,1089-134686-0007_1995-1836-0000,36.99531575388392,31.955530616041568,0.0,0.0,0.0,0.0,1995,34.327544431658396,-21.894736288949325,12.432808142709074,0.0,0.0
8,3,0.25,0.0,4446,8555-284449-0001_4446-2275-0041,9.988672181575179,9.068413997182846,0.25,0.0,0.0,0.0,8555,11.296382170034942,-7.447972192949663,3.8484099770852795,0.5,1.0
8,3,0.0,0.0,8555,8555-284449-0001_4446-2275-0041,35.131609324433406,32.96518329812253,0.0,0.0,0.0,0.0,4446,33.868217128692706,-20.725262444522347,13.14295468417036,0.125,0.0
11,5,0.09090909090909091,0.0,1284,5105-28240-0019_1284-1181-0020,17.54927662085548,18.757571485717996,0.0,0.0,0.0,0.0,5105,16.567710854683337,-10.145453207140001,6.4222576475433355,0.18181818181818182,0.0
11,5,0.09090909090909091,0.0,5105,5105-28240-0019_1284-1181-0020,24.93895923787177,25.227963746275726,0.09090909090909091,0.0,0.0,0.0,1284,24.515841075665698,-16.79226588592099,7.723575189744709,0.36363636363636365,0.6
15,7,0.8,0.8571428571428571,61,908-157963-0023_61-70968-0049,-1.8977954049861556,0.7354349278987825,0.3333333333333333,0.42857142857142855,0.13333333333333333,0.0,908,-0.09321528747116603,-0.45162430705038503,-0.5448395945215511,0.4666666666666667,0.42857142857142855
15,7,0.0,0.0,908,908-157963-0023_61-70968-0049,19.836848235190118,18.414520024336696,0.0,0.0,0.0,0.0,61,19.044858407163492,-11.791001376495359,7.253857030668134,0.4666666666666667,0.42857142857142855
11,5,0.0,0.0,8455,3575-170457-0040_8455-210777-0002,28.730086744268625,27.072108208681907,0.0,0.0,0.0,0.0,3575,27.559591487250845,-19.585746644941274,7.973844842309572,0.0,0.0
11,5,0.0,0.0,3575,3575-170457-0040_8455-210777-0002,35.36965305677502,32.26901355741754,0.0,0.0,0.0,0.0,8455,30.895302211460752,-19.158922584885666,11.736379626575086,0.0,0.0
17,8,0.058823529411764705,0.0,6930,2094-142345-0003_6930-81414-0004,44.309140238013356,45.42846444914505,0.058823529411764705,0.0,0.0,0.0,2094,45.941292036009514,-29.65891049474466,16.282381541264858,0.058823529411764705,0.125
17,8,0.0,0.0,2094,2094-142345-0003_6930-81414-0004,24.453318328961608,23.273543210182737,0.0,0.0,0.0,0.0,6930,10.934444385583424,-10.628140611887197,0.3063037736962264,0.11764705882352941,0.0
5,2,0.0,0.0,61,1284-1180-0002_61-70970-0009,32.8889165436566,33.997464243769585,0.0,0.0,0.0,0.0,1284,31.636017660665736,-19.749795186848747,11.88622247381699,0.4,0.5
5,2,0.0,0.0,1284,1284-1180-0002_61-70970-0009,30.36539743462442,32.78526712894582,0.0,0.0,0.0,0.0,61,30.868214145421263,-21.79622833330702,9.071985812114242,0.0,0.0
7,3,0.0,0.0,8455,1284-1180-0004_8455-210777-0031,30.243320957866977,27.392471683723752,0.0,0.0,0.0,0.0,1284,28.68281796117916,-19.638290546438828,9.044527414740335,0.0,0.0
7,3,0.0,0.0,1284,1284-1180-0004_8455-210777-0031,27.20601043349593,27.94269544386745,0.0,0.0,0.0,0.0,8455,28.30341668233178,-18.854302864184625,9.449113818147154,0.0,0.0
12,5,0.0,0.0,3729,1188-133604-0020_3729-6852-0044,41.17415736042662,41.480846402357415,0.0,0.0,0.0,0.0,1188,42.885044995697754,-27.22089088822817,15.664154107469583,0.0,0.0
12,5,0.0,0.0,1188,1188-133604-0020_3729-6852-0044,34.74788669637665,35.41713376282791,0.0,0.0,0.0,0.0,3729,36.14870249558575,-25.3375319495845,10.811170546001252,0.0,0.0
8,3,0.0,0.0,2830,8455-210777-0009_2830-3980-0068,38.16177762631892,38.62366781157984,0.0,0.0,0.0,0.0,8455,37.72079850542036,-24.25922511659598,13.461573388824377,0.125,0.0
8,3,0.0,0.0,8455,8455-210777-0009_2830-3980-0068,31.685610426362476,33.446770089114,0.0,0.0,0.0,0.0,2830,28.944073953201702,-18.661017865281107,10.283056087920595,0.0,0.0
5,2,1.0,1.0,2830,8555-284449-0011_2830-3979-0010,-38.53959487238335,-37.50462808893086,1.0,1.0,1.0,1.0,8555,-37.20306576321939,13.820982764451152,-23.38208299876824,0.0,0.0
5,2,0.0,0.0,8555,8555-284449-0011_2830-3979-0010,39.90508687534709,39.03448603547054,0.0,0.0,0.0,0.0,2830,39.88557607592618,-25.01208401449547,14.873492061430714,0.0,0.0
7,3,0.2857142857142857,0.0,61,3729-6852-0018_61-70970-0013,22.380130108325336,22.30144889584265,0.0,0.0,0.0,0.0,3729,25.815593097716764,-18.805986647705872,7.009606450010892,0.42857142857142855,0.0
7,3,0.0,0.0,3729,3729-6852-0018_61-70970-0013,34.491812181841325,32.96747606939921,0.0,0.0,0.0,0.0,61,33.66237815826114,-21.23431705812302,12.428061100138121,0.0,0.0
12,5,0.0,0.0,1580,4992-23283-0004_1580-141083-0003,36.89105005004874,35.84297484696852,0.0,0.0,0.0,0.0,4992,36.61986862077522,-23.49449832797418,13.125370292801044,0.0,0.0
12,5,0.0,0.0,4992,4992-23283-0004_1580-141083-0003,31.704314715210447,31.32346529013513,0.0,0.0,0.0,0.0,1580,31.382931342929055,-21.256813232096032,10.126118110833024,0.0,0.0
7,3,0.0,0.0,5683,7021-85628-0013_5683-32866-0007,49.8124242135604,49.297808703588395,0.0,0.0,0.0,0.0,7021,49.12471791701181,-31.941867979186025,17.182849937825782,0.0,0.0
7,3,0.0,0.0,7021,7021-85628-0013_5683-32866-0007,49.763859123494946,48.053074884029115,0.0,0.0,0.0,0.0,5683,47.97913258217091,-32.39584003122687,15.583292550944046,0.0,0.0
8,3,0.0,0.0,5142,3570-5695-0012_5142-33396-0022,48.810008042332285,46.30303556565665,0.0,0.0,0.0,0.0,3570,45.602857683310795,-30.03331666828961,15.569541015021182,0.125,0.0
8,3,0.0,0.0,3570,3570-5695-0012_5142-33396-0022,46.32434807325517,45.598075369557954,0.0,0.0,0.0,0.0,5142,45.140000227242204,-28.704957536356417,16.435042690885787,0.0,0.0
5,2,0.0,0.0,237,4077-13754-0007_237-126133-0004,30.9768590943126,31.758266496548266,0.0,0.0,0.0,0.0,4077,32.00198430038864,-20.96254234383421,11.039441956554434,0.0,0.0
5,2,0.0,0.0,4077,4077-13754-0007_237-126133-0004,35.709235374727385,34.7703468049178,0.0,0.0,0.0,0.0,237,35.173130113855784,-23.30823134020997,11.86489877364581,0.0,0.0
10,4,0.0,0.0,1089,7176-88083-0000_1089-134686-0009,22.298969020407295,22.819695741171476,0.0,0.0,0.0,0.0,7176,21.074087532313133,-14.345111925816594,6.728975606496538,0.0,0.0
10,4,0.1,0.0,7176,7176-88083-0000_1089-134686-0009,15.121826445986642,16.726503556948426,0.1,0.0,0.0,0.0,1089,17.930178217467205,-10.979225387237424,6.950952830229782,0.3,0.0
8,3,0.0,0.0,4992,4446-2273-0003_4992-41797-0006,26.980224909932822,21.925526115070642,0.0,0.0,0.0,0.0,4446,20.529911909791146,-13.900907285781997,6.629004624009149,0.125,0.0
8,3,0.0,0.0,4446,4446-2273-0003_4992-41797-0006,35.296961275449696,32.44076095721481,0.0,0.0,0.0,0.0,4992,32.635773613691576,-21.92235649483818,10.713417118853394,0.0,0.0
18,8,0.0,0.0,6930,7729-102255-0028_6930-75918-0019,34.26045437129174,33.569600341474676,0.0,0.0,0.0,0.0,7729,33.5606483157707,-21.483350351585347,12.077297964185354,0.2222222222222222,0.0
18,8,0.0,0.0,7729,7729-102255-0028_6930-75918-0019,30.28683461957388,29.31213393182334,0.0,0.0,0.0,0.0,6930,29.40876429346517,-20.35774236624699,9.05102192721818,0.0,0.0
9,4,0.0,0.0,1580,260-123288-0017_1580-141084-0049,33.407359066145105,33.015634332604144,0.0,0.0,0.0,0.0,260,32.129412164452546,-20.69983952230249,11.42957264215006,0.0,0.0
9,4,0.0,0.0,260,260-123288-0017_1580-141084-0049,32.60148413608125,34.2501164876075,0.0,0.0,0.0,0.0,1580,33.63614930524997,-22.89565883766256,10.740490467587414,0.0,0.0
8,4,0.0,0.0,3575,3729-6852-0028_3575-170457-0055,33.483068386218314,34.53262359170341,0.0,0.0,0.0,0.0,3729,33.224353675180105,-22.205029973618746,11.019323701561358,0.125,0.0
8,4,0.0,0.0,3729,3729-6852-0028_3575-170457-0055,33.08889879557347,33.04319885010892,0.0,0.0,0.0,0.0,3575,31.650482609435837,-20.1575383213393,11.492944288096538,0.125,0.0
12,5,0.0,0.0,1580,1284-1180-0010_1580-141084-0008,40.79370452620707,42.31898640916984,0.0,0.0,0.0,0.0,1284,38.090347149037235,-25.197502434681795,12.89284471435544,0.08333333333333333,0.0
12,5,0.0,0.0,1284,1284-1180-0010_1580-141084-0008,39.87010747521624,40.725125442316546,0.0,0.0,0.0,0.0,1580,40.06111408315225,-25.96231087868023,14.09880320447202,0.0,0.0
11,5,0.5454545454545454,0.8,260,7021-79730-0008_260-123288-0027,-6.522265839655543,-6.1029348671174,0.5454545454545454,0.8,0.45454545454545453,0.8,7021,-4.953631116466573,2.1604204553750965,-2.7932106610914764,0.36363636363636365,0.2
11,5,0.0,0.0,7021,7021-79730-0008_260-123288-0027,32.7637226190783,32.11593361384429,0.0,0.0,0.0,0.0,260,30.811507387099784,-19.616369538248804,11.19513784885098,0.18181818181818182,0.0
19,9,0.0,0.0,3570,7127-75947-0039_3570-5694-0006,34.36291271136783,34.55959547394762,0.0,0.0,0.0,0.0,7127,34.7705201555779,-24.199309837133875,10.57121031844402,0.0,0.0
19,9,0.0,0.0,7127,7127-75947-0039_3570-5694-0006,35.88824428701955,35.166944605540266,0.0,0.0,0.0,0.0,3570,35.195575895233965,-22.023805872240644,13.171770022993321,0.0,0.0
11,5,0.0,0.0,2961,5105-28240-0004_2961-960-0021,26.875970887802655,22.96200193896627,0.0,0.0,0.0,0.0,5105,22.343470829603618,-13.046677218927252,9.296793610676364,0.0,0.0
11,5,0.0,0.0,5105,5105-28240-0004_2961-960-0021,46.11592871233699,46.23868759221791,0.0,0.0,0.0,0.0,2961,44.9127344728559,-29.842956557896635,15.069777914959264,0.2727272727272727,0.0
8,3,0.0,0.0,3575,672-122797-0027_3575-170457-0050,39.0717368703565,39.90931881111532,0.0,0.0,0.0,0.0,672,38.759623587041034,-23.51221515727665,15.247408429764388,0.0,0.0
8,3,0.0,0.0,672,672-122797-0027_3575-170457-0050,36.638974301870476,35.52218009056095,0.0,0.0,0.0,0.0,3575,37.199622958100505,-24.11362366368025,13.085999294420255,0.0,0.0
5,2,0.4,0.5,237,672-122797-0060_237-134500-0015,28.806243575760256,30.48674912100235,0.4,0.0,0.0,0.0,672,25.688744717578743,-16.799020377364897,8.889724340213846,0.2,0.5
5,2,0.0,0.0,672,672-122797-0060_237-134500-0015,40.46824239948626,39.52019661366442,0.0,0.0,0.0,0.0,237,40.53374822972624,-27.647219642471462,12.886528587254784,0.0,0.0
13,6,0.0,0.0,7127,1580-141084-0033_7127-75946-0013,32.883057676184265,32.38679418038781,0.0,0.0,0.0,0.0,1580,29.757171655615235,-19.446628268151773,10.310543387463461,0.07692307692307693,0.0
13,6,0.0,0.0,1580,1580-141084-0033_7127-75946-0013,31.693123976287573,31.998128225594627,0.0,0.0,0.0,0.0,7127,29.226395766894594,-19.325134761908803,9.901261004985791,0.07692307692307693,0.0
22,10,0.0,0.0,4077,8463-294828-0038_4077-13754-0016,31.807093629851593,31.160376564247475,0.0,0.0,0.0,0.0,8463,32.03120264396895,-22.703387947137863,9.32781469683109,0.0,0.0
22,10,0.0,0.0,8463,8463-294828-0038_4077-13754-0016,33.2011343045104,33.00903903541415,0.0,0.0,0.0,0.0,4077,33.03255634465407,-21.858803430843167,11.1737529138109,0.045454545454545456,0.0
7,3,0.0,0.0,1580,8555-284449-0020_1580-141084-0003,31.556312275811965,31.030500578640925,0.0,0.0,0.0,0.0,8555,29.68045448639596,-18.036144523447955,11.644309962948006,0.14285714285714285,0.0
7,3,0.0,0.0,8555,8555-284449-0020_1580-141084-0003,34.72004136979935,33.83243702140921,0.0,0.0,0.0,0.0,1580,32.47398477164058,-22.412160285318393,10.061824486322186,0.0,0.0
7,3,0.0,0.0,1188,7127-75947-0032_1188-133604-0010,36.30912096692182,37.8442973841284,0.0,0.0,0.0,0.0,7127,36.32534558487968,-24.543531879245897,11.781813705633779,0.42857142857142855,0.0
7,3,0.0,0.0,7127,7127-75947-0032_1188-133604-0010,45.917962320026895,46.934708980702254,0.0,0.0,0.0,0.0,1188,45.759112903376675,-29.19489210134148,16.56422080203519,0.0,0.0
6,2,0.0,0.0,4507,7127-75947-0021_4507-16021-0048,33.61338379533232,32.295478227988795,0.0,0.0,0.0,0.0,7127,34.15243311116862,-24.045751964033833,10.106681147134788,0.0,0.0
6,2,0.0,0.0,7127,7127-75947-0021_4507-16021-0048,43.94356939505536,46.48180263080368,0.0,0.0,0.0,0.0,4507,47.438975873823395,-32.60456317158328,14.834412702240115,0.0,0.0
5,2,0.2,0.0,1089,7127-75947-0019_1089-134691-0018,34.99398187735399,40.61411929292245,0.2,0.0,0.0,0.0,7127,36.36823988257255,-24.373109385550123,11.995130497022426,0.0,0.0
5,2,0.6,0.5,7127,7127-75947-0019_1089-134691-0018,24.22433104866429,21.973181998125174,0.0,0.0,0.0,0.0,1089,18.427628394854978,-11.958899421326691,6.468728973528284,0.8,1.0
7,3,0.14285714285714285,0.0,5142,4970-29093-0020_5142-33396-0015,13.960537387487458,12.900253319509167,0.14285714285714285,0.0,0.0,0.0,4970,15.677970872140248,-9.343969812299896,6.334001059840352,0.7142857142857143,1.0
7,3,0.14285714285714285,0.0,4970,4970-29093-0020_5142-33396-0015,16.7853626489092,16.97377557225801,0.0,0.0,0.0,0.0,5142,15.921792675953967,-10.033134712717766,5.8886579632362,0.2857142857142857,0.3333333333333333
12,5,0.08333333333333333,0.0,1089,5105-28233-0002_1089-134686-0021,24.55188711244965,23.237083511471116,0.0,0.0,0.0,0.0,5105,23.10007336665644,-18.117706079777484,4.982367286878954,0.25,0.0
12,5,0.08333333333333333,0.0,5105,5105-28233-0002_1089-134686-0021,28.66568985582225,29.01523667762617,0.0,0.0,0.0,0.0,1089,28.083187811264665,-15.972441499703931,12.110746311560733,0.08333333333333333,0.0
8,3,1.0,1.0,7729,908-157963-0017_7729-102255-0041,-10.07417788553802,-10.496647399194144,0.75,0.6666666666666666,0.75,0.6666666666666666,908,-6.578522064187268,-0.5389254623843432,-7.1174475265716115,0.25,0.3333333333333333
8,3,0.0,0.0,908,908-157963-0017_7729-102255-0041,12.925618686994344,12.388559985867028,0.0,0.0,0.0,0.0,7729,9.220466223028218,-8.90739610367081,0.3130701193574095,0.375,0.3333333333333333
20,9,0.15,0.2222222222222222,1320,8224-274381-0013_1320-122617-0013,16.2420279635211,16.32495583305284,0.15,0.2222222222222222,0.05,0.0,8224,16.51978793232179,-9.377377536416581,7.142410395905207,0.2,0.2222222222222222
20,9,0.0,0.0,8224,8224-274381-0013_1320-122617-0013,19.005997508487113,17.4599249293804,0.0,0.0,0.0,0.0,1320,18.758722159607483,-13.016181302263357,5.742540857344127,0.0,0.0
10,4,0.0,0.0,2300,1320-122612-0007_2300-131720-0005,14.45416769023104,13.45714340185474,0.0,0.0,0.0,0.0,1320,11.668994832849759,-6.622306338723849,5.04668849412591,0.3,0.0
10,4,1.0,1.0,1320,1320-122612-0007_2300-131720-0005,-18.038052100885302,-17.60834791606881,0.7,1.0,0.7,1.0,2300,-17.62079261783984,7.714978499847924,-9.905814117991914,0.3,0.0
5,2,1.0,1.0,61,7176-92135-0013_61-70970-0031,2.851820882112907,1.092284606890634,0.4,0.0,0.2,0.0,7176,1.9347173146340442,-1.4999120708056348,0.43480524382840924,0.6,1.0
5,2,0.0,0.0,7176,7176-92135-0013_61-70970-0031,2.155805764392385,3.782453596671961,0.0,0.0,0.0,0.0,61,2.8501547039587356,-2.524517432211133,0.3256372717476026,0.6,1.0
7,3,0.0,0.0,237,2830-3979-0002_237-126133-0018,28.738540423602355,22.37419547142909,0.0,0.0,0.0,0.0,2830,23.83522535283575,-16.168441618758777,7.666783734076973,0.0,0.0
7,3,0.0,0.0,2830,2830-3979-0002_237-126133-0018,32.70885265288802,31.631915338249186,0.0,0.0,0.0,0.0,237,32.21679687985586,-21.550258262848207,10.666538617007653,0.14285714285714285,0.0
7,3,0.0,0.0,6829,237-126133-0010_6829-68769-0003,40.07088128213956,41.04923139802985,0.0,0.0,0.0,0.0,237,38.42804787184616,-25.610822169522578,12.817225702323586,0.0,0.0
7,3,0.0,0.0,237,237-126133-0010_6829-68769-0003,35.346665852413125,36.74227810277111,0.0,0.0,0.0,0.0,6829,31.23883397868449,-21.658944387528077,9.579889591156414,0.0,0.0
5,2,0.0,0.0,8555,260-123440-0005_8555-284447-0014,27.03836282872043,26.5858784781171,0.0,0.0,0.0,0.0,260,25.90316773726252,-19.139270386551715,6.763897350710806,0.2,0.0
5,2,1.0,1.0,260,260-123440-0005_8555-284447-0014,-26.753602584674404,-23.506342232719508,0.8,1.0,0.8,1.0,8555,-25.366744890696495,6.185788552616104,-19.180956338080392,0.2,0.0
14,6,0.0,0.0,2961,1188-133604-0036_2961-960-0007,34.87292136288037,35.952499604365165,0.0,0.0,0.0,0.0,1188,34.47926183299069,-24.108086715596592,10.371175117394099,0.07142857142857142,0.0
14,6,0.0,0.0,1188,1188-133604-0036_2961-960-0007,38.068963509258104,38.59426226748834,0.0,0.0,0.0,0.0,2961,37.388526684684265,-26.294905780173305,11.093620904510956,0.0,0.0
8,3,0.0,0.0,1995,4992-23283-0003_1995-1837-0029,34.43552798394673,35.310403391442975,0.0,0.0,0.0,0.0,4992,37.165537795039796,-23.750855246121606,13.414682548918186,0.125,0.0
8,3,0.125,0.0,4992,4992-23283-0003_1995-1837-0029,35.26722353676792,32.766479558337004,0.0,0.0,0.0,0.0,1995,32.17814862257184,-19.11348759740518,13.064661025166657,0.125,0.0
6,2,0.0,0.0,237,61-70970-0004_237-134500-0008,35.46728195689794,36.14340075961799,0.0,0.0,0.0,0.0,61,34.7437108866059,-23.223379214415147,11.520331672190755,0.0,0.0
6,2,0.0,0.0,61,61-70970-0004_237-134500-0008,35.93651229852326,35.53158366960813,0.0,0.0,0.0,0.0,237,35.31468092257295,-23.11100196838813,12.203678954184813,0.0,0.0
7,3,0.2857142857142857,0.3333333333333333,8463,4507-16021-0005_8463-294825-0006,21.045522310089204,19.939464035111104,0.2857142857142857,0.3333333333333333,0.0,0.0,4507,21.433139609249274,-14.104864933402165,7.328274675847108,0.2857142857142857,0.0
7,3,0.0,0.0,4507,4507-16021-0005_8463-294825-0006,29.874486268953344,28.783519339382035,0.0,0.0,0.0,0.0,8463,29.158876068590622,-19.205851610821057,9.953024457769565,0.0,0.0
11,5,0.09090909090909091,0.0,7127,8455-210777-0040_7127-75946-0028,22.469278728867348,22.135198255442084,0.0,0.0,0.0,0.0,8455,21.545301473098775,-14.244527807180834,7.30077366591794,0.36363636363636365,0.0
11,5,0.0,0.0,8455,8455-210777-0040_7127-75946-0028,26.659189545662738,27.506971556631292,0.0,0.0,0.0,0.0,7127,26.942545672660415,-18.056908284265837,8.885637388394578,0.45454545454545453,0.2
6,2,0.3333333333333333,0.0,1089,1320-122617-0030_1089-134686-0013,14.44360067677111,15.77523549516701,0.0,0.0,0.0,0.0,1320,15.193428668898788,-10.803686777421053,4.389741891477735,0.5,0.0
6,2,0.16666666666666666,0.0,1320,1320-122617-0030_1089-134686-0013,15.11306525058918,18.323661261022185,0.16666666666666666,0.0,0.16666666666666666,0.0,1089,16.891932167148553,-10.759735639371522,6.1321965277770305,0.0,0.0
5,2,0.0,0.0,61,1580-141083-0037_61-70968-0048,30.375492941828817,30.587402531290856,0.0,0.0,0.0,0.0,1580,31.142714619065885,-19.922653852998703,11.220060766067181,0.0,0.0
5,2,0.0,0.0,1580,1580-141083-0037_61-70968-0048,33.44792956106875,34.753180046169945,0.0,0.0,0.0,0.0,61,33.42296888709402,-24.218320770090568,9.204648117003456,0.0,0.0
5,2,0.0,0.0,1089,6829-68771-0009_1089-134691-0010,45.723497302024455,45.33840821195971,0.0,0.0,0.0,0.0,6829,46.83490690794545,-31.39926650089423,15.43564040705122,0.0,0.0
5,2,0.0,0.0,6829,6829-68771-0009_1089-134691-0010,34.405539346806655,34.67934157723498,0.0,0.0,0.0,0.0,1089,37.0696085544881,-24.59567853750528,12.47393001698282,0.0,0.0
13,6,0.0,0.0,6930,8463-294825-0003_6930-81414-0013,29.350572191775896,28.30430957409433,0.0,0.0,0.0,0.0,8463,29.554877892188067,-19.70500558020985,9.849872311978219,0.0,0.0
13,6,0.0,0.0,8463,8463-294825-0003_6930-81414-0013,30.050334113093605,29.144348644338383,0.0,0.0,0.0,0.0,6930,29.4517033297178,-19.66527098810028,9.786432341617521,0.0,0.0
8,3,0.125,0.0,2961,908-157963-0030_2961-960-0019,36.71106254026759,37.238014125958465,0.0,0.0,0.0,0.0,908,36.96878289135967,-22.90277794612961,14.066004945230063,0.125,0.0
8,3,0.0,0.0,908,908-157963-0030_2961-960-0019,38.5850959806877,39.39850883760538,0.0,0.0,0.0,0.0,2961,38.41728761061205,-25.6035121074882,12.813775503123846,0.0,0.0
6,2,0.0,0.0,237,1320-122617-0036_237-134493-0012,37.663949967325294,35.933201900494524,0.0,0.0,0.0,0.0,1320,34.56448251278998,-21.452358384685986,13.112124128103995,0.0,0.0
6,2,0.0,0.0,1320,1320-122617-0036_237-134493-0012,36.25529644037423,36.51603224335382,0.0,0.0,0.0,0.0,237,35.26125213290071,-25.55284292504342,9.708409207857287,0.0,0.0
5,2,0.0,0.0,7021,61-70968-0043_7021-85628-0019,10.595725025452614,8.695551065391651,0.0,0.0,0.0,0.0,61,9.035184102081594,-5.779956693129721,3.255227408951872,0.2,0.0
5,2,0.8,1.0,61,61-70968-0043_7021-85628-0019,6.068515399847103,4.7346187459068485,0.6,1.0,0.0,0.0,7021,7.317249701493722,-6.032087022257473,1.2851626792362496,0.4,0.0
10,4,0.0,0.25,8455,1089-134691-0002_8455-210777-0005,29.133259345998244,26.437779521769713,0.0,0.0,0.0,0.0,1089,24.686177906746845,-14.723687875879431,9.962490030867414,0.5,0.25
10,4,0.1,0.0,1089,1089-134691-0002_8455-210777-0005,28.542606267658535,28.16105778510096,0.0,0.0,0.0,0.0,8455,27.35158325247442,-20.83146737547542,6.520115876999,0.2,0.0
9,4,0.0,0.0,7021,4507-16021-0036_7021-85628-0027,47.48060244452071,44.07590838674753,0.0,0.0,0.0,0.0,4507,42.46025821717262,-28.608814907181184,13.851443309991435,0.0,0.0
9,4,0.0,0.0,4507,4507-16021-0036_7021-85628-0027,47.43631262253919,44.17465832446082,0.0,0.0,0.0,0.0,7021,44.60740465980753,-28.98316867780865,15.624235981998883,0.1111111111111111,0.0
10,4,0.0,0.0,3729,237-126133-0014_3729-6852-0037,24.794153741705173,24.341938249409534,0.0,0.0,0.0,0.0,237,23.87951564971816,-16.166024332041015,7.713491317677146,0.0,0.0
10,4,0.2,0.0,237,237-126133-0014_3729-6852-0037,32.25990273103413,32.729015533511344,0.1,0.0,0.0,0.0,3729,31.699497893160586,-20.13978155587006,11.559716337290528,0.1,0.0
24,11,0.0,0.0,2961,4077-13754-0013_2961-960-0002,34.65183687723057,34.55055348993747,0.0,0.0,0.0,0.0,4077,34.64798118920512,-21.66847314288921,12.979508046315908,0.0,0.0
24,11,0.041666666666666664,0.0,4077,4077-13754-0013_2961-960-0002,28.437611825826412,27.672703018437975,0.0,0.0,0.0,0.0,2961,28.40407104585834,-19.58366676403217,8.820404281826171,0.041666666666666664,0.0
7,3,0.0,0.0,2830,5105-28241-0019_2830-3980-0013,26.963012748179484,27.019515290065186,0.0,0.0,0.0,0.0,5105,25.377024983442894,-17.460424687219195,7.9166002962237005,0.0,0.0
7,3,0.0,0.0,5105,5105-28241-0019_2830-3980-0013,34.990666743175545,35.475549034367766,0.0,0.0,0.0,0.0,2830,35.15220968285913,-22.064247262858757,13.087962420000371,0.14285714285714285,0.0
10,4,0.0,0.0,61,2300-131720-0020_61-70968-0061,23.39862224632743,22.661976446631982,0.0,0.0,0.0,0.0,2300,24.632057765302694,-15.176927756067546,9.455130009235148,0.0,0.0
10,4,0.7,0.75,2300,2300-131720-0020_61-70968-0061,-11.192890689670373,-11.455763168332082,0.6,0.5,0.6,0.5,61,-14.200670827744993,5.030936946582435,-9.169733881162557,0.1,0.25
9,4,0.0,0.0,2094,4970-29095-0003_2094-142345-0021,19.226267654005078,19.67320507656476,0.0,0.0,0.0,0.0,4970,20.63613729356398,-14.137377975204945,6.498759318359035,0.2222222222222222,0.25
9,4,0.0,0.0,4970,4970-29095-0003_2094-142345-0021,37.45429502842406,36.063556840883976,0.0,0.0,0.0,0.0,2094,35.29489222691007,-21.777489040113224,13.517403186796848,0.0,0.0
11,5,0.0,0.0,7176,5683-32865-0007_7176-88083-0011,32.90191686887823,32.35199266978344,0.0,0.0,0.0,0.0,5683,32.01966416520062,-21.248757226115234,10.770906939085389,0.0,0.0
11,5,0.0,0.0,5683,5683-32865-0007_7176-88083-0011,34.0498389459575,33.46885357115684,0.0,0.0,0.0,0.0,7176,32.11139707243423,-21.652828331178824,10.458568741255403,0.0,0.0
5,2,0.0,0.0,5142,1580-141083-0008_5142-33396-0056,21.62401428727414,17.952864579556532,0.0,0.0,0.0,0.0,1580,22.965918336645334,-13.870414842181738,9.095503494463596,0.2,0.0
5,2,0.2,0.0,1580,1580-141083-0008_5142-33396-0056,27.191361769526907,25.24818769720332,0.0,0.0,0.0,0.0,5142,23.784603374341614,-15.655859059999752,8.128744314341862,0.6,0.0
5,2,0.4,0.0,4446,672-122797-0029_4446-2273-0001,27.422851855475198,33.01998804093976,0.2,0.0,0.0,0.0,672,34.61146086863438,-22.863117616579384,11.748343252054996,0.2,0.5
5,2,0.0,0.0,672,672-122797-0029_4446-2273-0001,24.478301983553,20.230924459271495,0.0,0.0,0.0,0.0,4446,15.434771873853517,-9.584673592376657,5.85009828147686,0.0,0.0
6,2,0.0,0.0,1580,1284-1181-0007_1580-141084-0045,37.647247049786685,38.07330432665866,0.0,0.0,0.0,0.0,1284,37.8639793301178,-24.213889199158896,13.650090130958908,0.16666666666666666,0.0
6,2,0.0,0.0,1284,1284-1181-0007_1580-141084-0045,34.54183911798257,32.81924795018483,0.0,0.0,0.0,0.0,1580,34.30891778502769,-22.533174527300343,11.775743257727349,0.0,0.0
6,2,0.16666666666666666,0.0,2830,4507-16021-0030_2830-3980-0017,42.91330155145639,42.993781693310765,0.16666666666666666,0.0,0.0,0.0,4507,45.12799384777013,-28.33257214661009,16.795421701160038,0.0,0.0
6,2,0.0,0.0,4507,4507-16021-0030_2830-3980-0017,40.711827874670654,41.2687491334089,0.0,0.0,0.0,0.0,2830,42.02517075479651,-30.810247667007186,11.214923087789328,0.0,0.0
5,2,0.0,0.0,5105,2830-3980-0018_5105-28233-0003,23.62907672065821,17.509028297073044,0.0,0.0,0.0,0.0,2830,20.17147895463699,-11.664530506140416,8.506948448496574,0.4,1.0
5,2,0.0,0.0,2830,2830-3980-0018_5105-28233-0003,23.407378518835902,18.421418361258315,0.0,0.0,0.0,0.0,5105,21.446557861180697,-21.347877754841576,0.09868010633912101,0.4,0.0
6,3,0.0,0.0,6930,8455-210777-0028_6930-76324-0024,31.980661533979443,31.406583985864003,0.0,0.0,0.0,0.0,8455,33.466699734258775,-21.570868662033014,11.895831072225763,0.3333333333333333,0.3333333333333333
6,3,0.0,0.0,8455,8455-210777-0028_6930-76324-0024,34.861948144144854,35.92635372138676,0.0,0.0,0.0,0.0,6930,36.39959805861203,-27.016859231489082,9.382738827122946,0.0,0.0
8,3,0.875,1.0,4970,5683-32865-0011_4970-29095-0035,-23.137125039974002,-25.22743948874476,0.0,0.0,0.0,0.0,5683,-20.42706318427532,6.307993084858868,-14.11907009941645,1.0,1.0
8,3,0.25,0.0,5683,5683-32865-0011_4970-29095-0035,26.513979789528555,28.288990479842695,0.125,0.0,0.0,0.0,4970,23.097989425525185,-16.19571174872825,6.902277676796934,0.875,1.0
5,2,0.0,0.0,8555,5142-33396-0010_8555-292519-0012,40.72713550353315,39.18733183065538,0.0,0.0,0.0,0.0,5142,41.59628742921542,-28.654867466968554,12.941419962246867,0.0,0.0
5,2,0.0,0.0,5142,5142-33396-0010_8555-292519-0012,34.712140896661275,34.61431115871284,0.0,0.0,0.0,0.0,8555,37.271851285267374,-22.737577806665644,14.534273478601731,0.2,0.0
6,2,0.0,0.0,4992,6829-68769-0008_4992-41806-0004,27.36992761618789,23.172789116084335,0.0,0.0,0.0,0.0,6829,26.723683226853524,-17.470772180356967,9.252911046496559,0.16666666666666666,0.0
6,2,1.0,1.0,6829,6829-68769-0008_4992-41806-0004,-24.011491889110985,-19.55470339673889,0.8333333333333334,1.0,0.8333333333333334,1.0,4992,-23.128486445651603,8.048838988859698,-15.079647456791907,0.16666666666666666,0.0
5,2,1.0,1.0,1284,672-122797-0047_1284-1181-0014,-11.010324402362393,-11.60372829635753,0.4,0.5,0.4,0.5,672,-10.288137075288304,4.468804740545273,-5.819332334743032,0.6,0.5
5,2,0.0,0.0,672,672-122797-0047_1284-1181-0014,34.509183857849486,34.04130330398793,0.0,0.0,0.0,0.0,1284,34.177101970860264,-19.87559488775926,14.301507083101006,0.0,0.0
17,8,0.0,0.0,2300,4077-13754-0011_2300-131720-0008,33.66718812572716,34.211552813336176,0.0,0.0,0.0,0.0,4077,33.56538394913405,-21.92850564126818,11.63687830786587,0.058823529411764705,0.0
17,8,0.4117647058823529,0.375,4077,4077-13754-0011_2300-131720-0008,13.284885439459778,12.981225407392522,0.4117647058823529,0.375,0.0,0.0,2300,12.511027687836886,-7.897198374126599,4.613829313710286,0.23529411764705882,0.375
14,6,0.0,0.0,1320,237-126133-0015_1320-122612-0008,46.01111108672128,44.878260904334375,0.0,0.0,0.0,0.0,237,44.73838235851444,-29.12300086511992,15.615381493394525,0.0,0.0
14,6,0.0,0.0,237,237-126133-0015_1320-122612-0008,38.15802335127091,37.90592324213541,0.0,0.0,0.0,0.0,1320,37.81823617711112,-25.874479903383495,11.943756273727622,0.0,0.0
13,6,0.07692307692307693,0.0,61,1284-1181-0004_61-70970-0038,27.918224752872337,27.04696844167707,0.0,0.0,0.0,0.0,1284,27.94921865238508,-18.461512314149054,9.487706338236027,0.23076923076923078,0.0
13,6,0.0,0.0,1284,1284-1181-0004_61-70970-0038,28.37214820606229,27.980983882231282,0.0,0.0,0.0,0.0,61,28.409644707445786,-17.888034002128595,10.52161070531719,0.0,0.0
10,4,0.0,0.0,237,260-123288-0008_237-134500-0033,29.66370201337643,24.100359866554086,0.0,0.0,0.0,0.0,260,25.349044776229178,-18.12659097501661,7.2224538012125645,0.2,0.0
10,4,0.0,0.0,260,260-123288-0008_237-134500-0033,32.89451642665721,30.36539188886451,0.0,0.0,0.0,0.0,237,25.283337692960693,-17.581850555888614,7.701487137072078,0.1,0.0
5,2,0.6,1.0,61,8230-279154-0030_61-70970-0030,18.14922978691982,17.64453362710173,0.6,1.0,0.0,0.0,8230,18.915142097861647,-13.139749831972637,5.7753922658890104,0.4,0.0
5,2,0.0,0.0,8230,8230-279154-0030_61-70970-0030,12.83264465071268,13.86064078478943,0.0,0.0,0.0,0.0,61,11.665529284002627,-6.353288951718604,5.312240332284023,0.0,0.0
6,2,0.0,0.0,4992,8463-294828-0034_4992-41806-0017,15.342626179085599,9.495202139955705,0.0,0.0,0.0,0.0,8463,12.315262053064467,-12.038974275053363,0.27628777801110493,0.0,0.0
6,2,0.0,0.0,8463,8463-294828-0034_4992-41806-0017,31.824729746683335,26.879759871055512,0.0,0.0,0.0,0.0,4992,29.699962268917297,-17.427493005417226,12.272469263500073,0.0,0.0
9,4,0.0,0.0,7176,2300-131720-0031_7176-88083-0020,19.628472246576855,19.480785716726075,0.0,0.0,0.0,0.0,2300,19.752278735247646,-13.459078397614395,6.293200337633253,0.1111111111111111,0.0
9,4,0.0,0.0,2300,2300-131720-0031_7176-88083-0020,24.255412250857336,22.005736157952363,0.0,0.0,0.0,0.0,7176,23.548639868893126,-14.600056429704157,8.94858343918897,0.0,0.0
6,2,0.0,0.0,4507,1320-122612-0002_4507-16021-0038,50.075547982124704,52.79756217379827,0.0,0.0,0.0,0.0,1320,54.21416453005797,-32.54893307807577,21.665231451982198,0.0,0.0
6,2,0.0,0.0,1320,1320-122612-0002_4507-16021-0038,43.89449672883705,44.505031426230836,0.0,0.0,0.0,0.0,4507,45.33076768829943,-32.489361230878906,12.841406457420524,0.16666666666666666,0.0
11,5,0.0,0.0,908,2300-131720-0009_908-157963-0010,23.779212524628182,24.602289598317277,0.0,0.0,0.0,0.0,2300,25.201731664095792,-17.022388831904085,8.179342832191708,0.0,0.0
11,5,0.2727272727272727,0.0,2300,2300-131720-0009_908-157963-0010,18.623898034351495,19.40276035384675,0.09090909090909091,0.0,0.09090909090909091,0.0,908,18.02434875290323,-12.43244505067018,5.59190370223305,0.18181818181818182,0.0
9,4,0.2222222222222222,0.0,237,5683-32866-0004_237-134500-0021,9.892831472188833,9.010054815384215,0.2222222222222222,0.0,0.1111111111111111,0.0,5683,6.2604367147785025,-4.624339439008954,1.6360972757695489,0.1111111111111111,0.0
9,4,0.1111111111111111,0.0,5683,5683-32866-0004_237-134500-0021,11.872090060996856,10.207069075349507,0.1111111111111111,0.0,0.1111111111111111,0.0,237,9.217593697859128,-5.966983161799737,3.25061053605939,0.3333333333333333,0.25
9,4,0.6666666666666666,0.5,1188,7021-79759-0002_1188-133604-0039,-6.349071434878561,-6.296023489228757,0.6666666666666666,0.5,0.6666666666666666,0.5,7021,-9.188772390732222,3.916175220293483,-5.272597170438738,0.2222222222222222,0.25
9,4,0.1111111111111111,0.0,7021,7021-79759-0002_1188-133604-0039,26.38702467141475,26.77970079449501,0.0,0.0,0.0,0.0,1188,26.816078507088214,-15.600570684811348,11.215507822276866,0.1111111111111111,0.0
10,4,0.1,0.0,1580,5142-36377-0023_1580-141084-0023,15.404982153292744,19.21659824128546,0.1,0.0,0.0,0.0,5142,12.233466094104397,-8.78472535121125,3.4487407428931465,0.3,0.0
10,4,0.0,0.0,5142,5142-36377-0023_1580-141084-0023,23.537580419683916,22.58451897331876,0.0,0.0,0.0,0.0,1580,21.0246490104681,-11.53413400563521,9.49051500483289,0.0,0.0
5,2,0.0,0.0,1089,5142-33396-0049_1089-134691-0022,37.33651071504372,40.22796353939626,0.0,0.0,0.0,0.0,5142,40.29335773040848,-27.68187985254048,12.611477877868003,0.0,0.0
5,2,0.0,0.0,5142,5142-33396-0049_1089-134691-0022,37.611074897969566,40.92050006864297,0.0,0.0,0.0,0.0,1089,40.00772626376408,-26.09429773198899,13.913428531775088,0.2,0.0
7,3,0.0,0.0,2300,6829-68769-0039_2300-131720-0037,44.85348842277259,40.962563136964135,0.0,0.0,0.0,0.0,6829,40.546365949406905,-25.352517492752234,15.193848456654672,0.0,0.0
7,3,0.0,0.0,6829,6829-68769-0039_2300-131720-0037,31.123346664000163,30.0087303156234,0.0,0.0,0.0,0.0,2300,29.923095565101487,-21.236849596701234,8.686245968400254,0.14285714285714285,0.0
9,4,1.0,1.0,1089,61-70968-0020_1089-134691-0012,-27.247579550256848,-24.500059406140302,0.8888888888888888,1.0,0.8888888888888888,1.0,61,-26.60791537339702,10.568215862882461,-16.03969951051456,0.1111111111111111,0.0
9,4,0.0,0.0,61,61-70968-0020_1089-134691-0012,28.182344758000042,25.578170137150014,0.0,0.0,0.0,0.0,1089,27.667682871588166,-16.80900480776061,10.858678063827558,0.1111111111111111,0.0
5,2,0.0,0.0,1320,3575-170457-0056_1320-122617-0024,35.50397932194648,36.101690387045366,0.0,0.0,0.0,0.0,3575,34.85148058183919,-23.477410938547465,11.374069643291724,0.0,0.0
5,2,0.0,0.0,3575,3575-170457-0056_1320-122617-0024,37.04606372277796,37.09246218520613,0.0,0.0,0.0,0.0,1320,36.1398288855993,-22.397791419858578,13.742037465740719,0.0,0.0
5,2,0.0,0.0,260,1221-135767-0008_260-123286-0027,34.71970878894538,34.2368248598203,0.0,0.0,0.0,0.0,1221,35.14109410495848,-23.807988962570214,11.333105142388273,0.0,0.0
5,2,0.0,0.0,1221,1221-135767-0008_260-123286-0027,37.48716776846367,35.52919128783777,0.0,0.0,0.0,0.0,260,37.11756442579065,-23.858456000387744,13.259108425402905,0.0,0.0
8,3,0.125,0.0,5105,7127-75946-0022_5105-28240-0012,23.022739168382056,24.4227852477179,0.0,0.0,0.0,0.0,7127,21.14609382311385,-12.561059607924452,8.585034215189397,0.125,0.0
8,3,0.375,0.3333333333333333,7127,7127-75946-0022_5105-28240-0012,2.1014691050437175,4.423233156132922,0.25,0.3333333333333333,0.25,0.3333333333333333,5105,2.7586521071538503,-3.802499109928374,-1.0438470027745237,0.375,0.3333333333333333
5,2,0.0,0.0,1995,6829-68771-0010_1995-1837-0010,41.47263644657912,38.14905498325621,0.0,0.0,0.0,0.0,6829,39.464226143333974,-25.082835345632773,14.381390797701199,0.0,0.0
5,2,0.0,0.0,6829,6829-68771-0010_1995-1837-0010,38.712862921576715,35.00782220719834,0.0,0.0,0.0,0.0,1995,34.5842591256397,-24.597038609354968,9.987220516284728,0.4,0.0
5,2,0.4,0.5,8230,260-123440-0013_8230-279154-0016,17.63633521713041,19.341078791553198,0.0,0.0,0.0,0.0,260,12.441353223790735,-8.209924097174934,4.231429126615802,0.4,0.5
5,2,0.0,0.0,260,260-123440-0013_8230-279154-0016,20.21138348416188,17.910660667809072,0.0,0.0,0.0,0.0,8230,22.371704057424488,-15.151833085094033,7.219870972330453,0.2,0.0
12,5,0.0,0.0,5683,6829-68769-0006_5683-32879-0020,44.97050390795689,41.997680965154544,0.0,0.0,0.0,0.0,6829,44.14002471750406,-27.173726681787322,16.96629803571674,0.0,0.0
12,5,0.0,0.0,6829,6829-68769-0006_5683-32879-0020,34.19666529591084,34.499063808693876,0.0,0.0,0.0,0.0,5683,35.4051411549771,-25.856116618788874,9.549024536188227,0.08333333333333333,0.0
23,11,0.08695652173913043,0.0,8455,260-123440-0004_8455-210777-0061,26.25593534605155,24.575298476829683,0.0,0.0,0.0,0.0,260,25.994622814376335,-16.889787245127998,9.104835569248339,0.17391304347826086,0.09090909090909091
23,11,0.0,0.0,260,260-123440-0004_8455-210777-0061,32.03855144293969,31.0260449484888,0.0,0.0,0.0,0.0,8455,31.465733543732824,-20.183661367664616,11.282072176068208,0.13043478260869565,0.0
5,2,0.0,0.0,2300,1089-134686-0035_2300-131720-0025,16.28722934571683,17.048673008751578,0.0,0.0,0.0,0.0,1089,15.779036674003665,-9.05569945966163,6.723337214342035,0.0,0.0
5,2,0.0,0.0,1089,1089-134686-0035_2300-131720-0025,15.801019016084478,16.715118826250595,0.0,0.0,0.0,0.0,2300,15.745144461385653,-10.906217428088386,4.838927033297267,0.0,0.0
13,6,0.0,0.0,121,6829-68771-0004_121-127105-0029,29.258008124383974,29.28408701883035,0.0,0.0,0.0,0.0,6829,29.26589169991334,-18.90019068912957,10.36570101078377,0.0,0.0
13,6,0.07692307692307693,0.0,6829,6829-68771-0004_121-127105-0029,23.619578640939224,24.33279273493468,0.07692307692307693,0.0,0.0,0.0,121,25.631200169722803,-17.687852227893025,7.943347941829777,0.9230769230769231,1.0
6,2,0.0,0.0,4446,7021-79740-0006_4446-2273-0034,34.247202141453464,33.50739314955125,0.0,0.0,0.0,0.0,7021,31.906412892937063,-20.792822961470097,11.113589931466967,0.16666666666666666,0.0
6,2,0.0,0.0,7021,7021-79740-0006_4446-2273-0034,25.135915707953654,23.299920743744014,0.0,0.0,0.0,0.0,4446,21.42638000967098,-15.83645082479901,5.58992918487197,0.0,0.0
8,3,1.0,1.0,1580,237-134500-0018_1580-141083-0007,-24.306931302304584,-24.815610596840525,0.875,1.0,0.875,1.0,237,-26.40717743400409,10.819174986351111,-15.588002447652977,0.125,0.0
8,3,0.0,0.0,237,237-134500-0018_1580-141083-0007,32.63792236262442,33.097251580559124,0.0,0.0,0.0,0.0,1580,34.15639750275861,-21.588006741043962,12.56839076171465,0.0,0.0
5,2,0.0,0.0,7176,3729-6852-0025_7176-88083-0014,36.868628653323,34.12207224712155,0.0,0.0,0.0,0.0,3729,35.85431700140741,-21.760114420267485,14.094202581139921,0.0,0.0
5,2,0.0,0.0,3729,3729-6852-0025_7176-88083-0014,28.6341069030728,27.84905504713764,0.0,0.0,0.0,0.0,7176,29.554346298987006,-20.498395262096626,9.055951036890383,0.0,0.0
5,2,0.8,1.0,5683,8463-287645-0009_5683-32866-0001,-1.627054673945527,-3.0251686737469563,0.2,1.0,0.0,1.0,8463,-4.296313320953307,0.01087841027114549,-4.285434910682161,0.6,0.0
5,2,0.0,0.0,8463,8463-287645-0009_5683-32866-0001,14.792021614273443,15.19560651625281,0.0,0.0,0.0,0.0,5683,15.934144230770222,-11.609993612220409,4.324150618549814,0.0,0.0
5,2,0.2,0.0,6930,5142-36377-0024_6930-81414-0026,6.787521869589932,4.9118375640177305,0.2,0.0,0.0,0.0,5142,7.129945797248819,-7.768182341717562,-0.638236544468743,0.6,1.0
5,2,0.0,0.0,5142,5142-36377-0024_6930-81414-0026,24.21626922423827,23.34316648141093,0.0,0.0,0.0,0.0,6930,22.77336220380844,-14.220075824695058,8.553286379113382,0.0,0.0
8,3,0.0,0.0,1995,6930-76324-0014_1995-1837-0024,45.52791207533595,44.21550643654131,0.0,0.0,0.0,0.0,6930,44.66205368824288,-29.555157703225806,15.106895985017069,0.0,0.0
8,3,0.0,0.0,6930,6930-76324-0014_1995-1837-0024,42.48475745448812,42.89928101608098,0.0,0.0,0.0,0.0,1995,42.685450349724704,-27.822480057111868,14.862970292612836,0.0,0.0
5,2,0.0,0.0,1995,1580-141083-0030_1995-1837-0014,43.16491995271762,40.73561489373144,0.0,0.0,0.0,0.0,1580,39.62607913000025,-25.061336768911016,14.564742361089236,0.0,0.0
5,2,0.0,0.0,1580,1580-141083-0030_1995-1837-0014,41.587785339946386,38.68825654475134,0.0,0.0,0.0,0.0,1995,37.751421410647154,-25.812381396408473,11.939040014238685,0.0,0.0
13,6,0.07692307692307693,0.0,260,2830-3980-0050_260-123286-0000,28.41361018474743,28.363828277760877,0.0,0.0,0.0,0.0,2830,27.638292086898723,-18.467734468681,9.170557618217721,0.6923076923076923,0.8333333333333334
13,6,0.46153846153846156,0.5,2830,2830-3980-0050_260-123286-0000,12.337657877662222,14.037745718849793,0.0,0.0,0.0,0.0,260,14.526911578070528,-7.6723819948046055,6.854529583265924,0.5384615384615384,0.8333333333333334
5,2,0.0,0.0,4507,2094-142345-0023_4507-16021-0002,2.090743657206635,-0.0916084582286516,0.0,0.0,0.0,0.0,2094,0.8427122469742818,-2.2238681048772255,-1.3811558579029437,0.2,0.0
5,2,0.0,0.0,2094,2094-142345-0023_4507-16021-0002,29.431762531505814,22.531654595553874,0.0,0.0,0.0,0.0,4507,24.949610960846456,-13.986723189447979,10.962887771398478,0.0,0.0
5,2,0.0,0.0,908,4446-2275-0033_908-157963-0024,28.785104214254652,27.860501636732263,0.0,0.0,0.0,0.0,4446,28.62635807499931,-18.40660822137955,10.21974985361976,0.0,0.0
5,2,0.0,0.0,4446,4446-2275-0033_908-157963-0024,29.593102872141337,30.144668861707896,0.0,0.0,0.0,0.0,908,30.835852463124983,-21.985650552560735,8.850201910564248,0.0,0.0
4,2,0.0,0.0,3575,1089-134691-0015_3575-170457-0015,28.456330390838666,29.463543534113704,0.0,0.0,0.0,0.0,1089,26.70069728891773,-16.915454425172165,9.785242863745564,0.0,0.0
4,2,0.0,0.0,1089,1089-134691-0015_3575-170457-0015,36.793878592809314,37.905992766856315,0.0,0.0,0.0,0.0,3575,34.58056012301467,-23.536653928623302,11.04390619439137,0.0,0.0
6,2,0.0,0.0,5105,5142-33396-0028_5105-28233-0009,31.909611209245327,33.99190385554991,0.0,0.0,0.0,0.0,5142,32.33018424522735,-22.11846029891578,10.21172394631157,0.0,0.0
6,2,0.0,0.0,5142,5142-33396-0028_5105-28233-0009,32.48788944394411,34.654143985134105,0.0,0.0,0.0,0.0,5105,33.73248633109035,-22.673415491437225,11.059070839653122,0.0,0.0
5,2,0.0,0.0,1320,5142-33396-0033_1320-122612-0016,34.23032360340234,35.21176625904788,0.0,0.0,0.0,0.0,5142,35.09912629478477,-22.835850398127064,12.263275896657703,0.0,0.0
5,2,0.0,0.0,5142,5142-33396-0033_1320-122612-0016,34.86001426557994,35.8754249376404,0.0,0.0,0.0,0.0,1320,35.50951922704796,-23.010888600251953,12.498630626796007,0.0,0.0
13,6,0.3076923076923077,0.16666666666666666,6829,2961-960-0017_6829-68769-0004,18.315417439797642,18.76849861473055,0.15384615384615385,0.16666666666666666,0.0,0.0,2961,17.645542655583736,-11.988017641960555,5.6575250136231805,0.3076923076923077,0.0
13,6,0.0,0.0,2961,2961-960-0017_6829-68769-0004,30.430003522742005,30.364971773410378,0.0,0.0,0.0,0.0,6829,29.5638940636237,-18.279871732464535,11.284022331159164,0.0,0.0
7,3,0.0,0.0,7176,4446-2273-0021_7176-92135-0024,35.90668536061283,34.68211092386022,0.0,0.0,0.0,0.0,4446,35.67308179125072,-22.619221803838325,13.053859987412398,0.0,0.0
7,3,0.0,0.0,4446,4446-2273-0021_7176-92135-0024,35.05084988183227,32.90324006706745,0.0,0.0,0.0,0.0,7176,35.034726934497485,-23.269004781552294,11.765722152945187,0.14285714285714285,0.0
6,2,0.0,0.0,2094,1580-141084-0024_2094-142345-0025,39.62650496036922,40.8364526796058,0.0,0.0,0.0,0.0,1580,39.37005522854331,-24.90835351429657,14.461701714246738,0.0,0.0
6,2,0.3333333333333333,0.0,1580,1580-141084-0024_2094-142345-0025,33.8113712154099,34.52516754907833,0.0,0.0,0.0,0.0,2094,33.83182452456499,-22.16843976590175,11.663384758663247,0.3333333333333333,0.0
9,4,0.0,0.0,5105,1580-141083-0020_5105-28241-0008,31.757990660764644,34.44986511895823,0.0,0.0,0.0,0.0,1580,31.553492283791314,-23.765418015738202,7.78807426805311,0.0,0.0
9,4,0.0,0.0,1580,1580-141083-0020_5105-28241-0008,39.1618986115369,41.02982446050588,0.0,0.0,0.0,0.0,5105,37.204172632267024,-22.605061593388548,14.599111038878474,0.0,0.0
10,4,0.5,0.75,8224,908-31957-0006_8224-274381-0015,2.6303389640745216,4.998761266051854,0.5,0.75,0.2,0.25,908,-0.39440697714626505,-1.004038590400574,-1.398445567546839,0.3,0.25
10,4,0.0,0.0,908,908-31957-0006_8224-274381-0015,25.924003841480896,25.011458388524456,0.0,0.0,0.0,0.0,8224,26.448631348496612,-15.422899271155039,11.025732077341575,0.1,0.0
6,2,0.0,0.0,1284,2300-131720-0041_1284-1180-0023,30.2809257836637,32.411618690068295,0.0,0.0,0.0,0.0,2300,30.334488044327962,-21.620361714465602,8.714126329862362,0.0,0.0
6,2,0.0,0.0,2300,2300-131720-0041_1284-1180-0023,41.84087255431901,43.8493436819346,0.0,0.0,0.0,0.0,1284,41.965232876677064,-26.31087428639595,15.654358590281113,0.0,0.0
5,2,0.0,0.0,5142,4507-16021-0040_5142-33396-0023,36.73582231306891,34.23107135669572,0.0,0.0,0.0,0.0,4507,37.551651391661046,-25.162423305205802,12.389228086455244,0.0,0.0
5,2,0.0,0.0,4507,4507-16021-0040_5142-33396-0023,37.24898946124053,35.080946552670255,0.0,0.0,0.0,0.0,5142,34.914235155105956,-21.923627385940357,12.9906077691656,0.0,0.0
22,10,0.045454545454545456,0.0,1089,3575-170457-0008_1089-134691-0017,36.14789840549128,35.003377508191036,0.0,0.0,0.0,0.0,3575,36.94680126658323,-26.26920344053984,10.677597826043389,0.045454545454545456,0.0
22,10,0.0,0.0,3575,3575-170457-0008_1089-134691-0017,36.53917434977355,35.98179122651037,0.0,0.0,0.0,0.0,1089,36.69792655105917,-22.91728648005435,13.780640071004814,0.0,0.0
5,2,0.0,0.0,7176,7127-75947-0001_7176-92135-0039,30.00641898833826,27.775806173847073,0.0,0.0,0.0,0.0,7127,29.922154704953137,-20.170258099875834,9.751896605077304,0.0,0.0
5,2,0.0,0.0,7127,7127-75947-0001_7176-92135-0039,23.02231519685551,23.87365101605748,0.0,0.0,0.0,0.0,7176,24.065698028849567,-15.441635073569703,8.624062955279864,0.0,0.0
9,4,0.0,0.0,4446,5105-28241-0011_4446-2273-0004,46.009046908429404,45.8917258115853,0.0,0.0,0.0,0.0,5105,47.46909454332259,-30.413186876083444,17.055907667239147,0.0,0.0
9,4,0.0,0.0,5105,5105-28241-0011_4446-2273-0004,28.50550733990455,30.803003108482017,0.0,0.0,0.0,0.0,4446,29.38371235295968,-20.568275611898418,8.815436741061262,0.1111111111111111,0.0
22,11,0.09090909090909091,0.0,6930,5639-40744-0039_6930-81414-0009,42.54147380295175,41.957080585403226,0.045454545454545456,0.0,0.0,0.0,5639,41.69234628124602,-28.00067375845007,13.691672522795951,0.4090909090909091,0.2727272727272727
22,11,0.0,0.0,5639,5639-40744-0039_6930-81414-0009,38.48738175486293,37.38624995344871,0.0,0.0,0.0,0.0,6930,36.08618990368785,-24.9750725070757,11.11111739661215,0.0,0.0
8,4,0.0,0.0,260,1284-1180-0015_260-123288-0001,40.56856142209696,41.69419508215965,0.0,0.0,0.0,0.0,1284,41.94589320279279,-26.547702987454144,15.398190215338648,0.0,0.0
8,4,0.0,0.0,1284,1284-1180-0015_260-123288-0001,42.19606280270321,43.165347993178074,0.0,0.0,0.0,0.0,260,43.25818706013006,-27.869425571275652,15.388761488854412,0.0,0.0
5,2,0.2,0.0,1580,7127-75947-0006_1580-141084-0027,38.7565355347259,38.05483434559666,0.0,0.0,0.0,0.0,7127,37.91628596763141,-23.50215661788245,14.414129349748963,0.4,0.0
5,2,0.0,0.0,7127,7127-75947-0006_1580-141084-0027,42.562401449750034,37.5288487635212,0.0,0.0,0.0,0.0,1580,34.57225524625263,-25.14200980655812,9.430245439694511,0.0,0.0
7,3,0.0,0.0,5142,6930-76324-0013_5142-33396-0031,25.003559053507395,21.071221618879196,0.0,0.0,0.0,0.0,6930,20.964794608356378,-15.217341244242224,5.747453364114154,0.0,0.0
7,3,0.0,0.0,6930,6930-76324-0013_5142-33396-0031,22.318298822757697,20.51893910933575,0.0,0.0,0.0,0.0,5142,20.87440478845108,-13.351416980889253,7.522987807561829,0.42857142857142855,0.3333333333333333
5,2,0.0,0.0,1995,1221-135767-0010_1995-1837-0021,42.9752093994867,43.96179547892065,0.0,0.0,0.0,0.0,1221,43.87316370227474,-29.279211697584444,14.59395200469029,0.0,0.0
5,2,0.0,0.0,1221,1221-135767-0010_1995-1837-0021,39.077536966104766,39.5192826105932,0.0,0.0,0.0,0.0,1995,39.56961908683175,-25.139759133948395,14.429859952883358,0.2,0.0
22,10,0.0,0.0,1188,2300-131720-0018_1188-133604-0018,22.261847325343133,22.129579966007782,0.0,0.0,0.0,0.0,2300,19.65794634350629,-13.21064192016218,6.447304423344109,0.0,0.0
22,10,0.045454545454545456,0.0,2300,2300-131720-0018_1188-133604-0018,14.575619225723296,13.612893002916408,0.0,0.0,0.0,0.0,1188,13.867537397686558,-10.39321912082493,3.4743182768616263,0.22727272727272727,0.1
19,9,0.0,0.0,1284,7021-85628-0015_1284-134647-0006,39.13568420199008,36.81939434069165,0.0,0.0,0.0,0.0,7021,32.88391027806391,-19.781561202435004,13.1023490756289,0.05263157894736842,0.0
19,9,0.0,0.0,7021,7021-85628-0015_1284-134647-0006,34.429004486963386,33.633192822018316,0.0,0.0,0.0,0.0,1284,31.50003048996951,-22.204412180340178,9.295618309629331,0.05263157894736842,0.0
7,3,0.5714285714285714,0.6666666666666666,6829,237-134500-0036_6829-68771-0035,-3.558122172584167,-1.844612126765,0.14285714285714285,0.3333333333333333,0.14285714285714285,0.3333333333333333,237,-3.2749094750028953,0.7272884355094589,-2.5476210394934364,0.5714285714285714,0.3333333333333333
7,3,0.0,0.0,237,237-134500-0036_6829-68771-0035,22.2953543359231,19.33629697327802,0.0,0.0,0.0,0.0,6829,19.579543384500838,-11.78681218807345,7.792731196427386,0.0,0.0
13,6,0.0,0.0,1221,5639-40744-0029_1221-135766-0010,38.9941171469526,38.74650346389759,0.0,0.0,0.0,0.0,5639,37.98609693459174,-25.080506969764915,12.90558996482683,0.0,0.0
13,6,0.0,0.0,5639,5639-40744-0029_1221-135766-0010,37.716685678925614,37.21760837469781,0.0,0.0,0.0,0.0,1221,36.46631782039336,-24.5711349322244,11.895182888168955,0.0,0.0
8,3,0.0,0.0,1320,8555-284447-0024_1320-122617-0026,24.447363647970484,27.705429278509783,0.0,0.0,0.0,0.0,8555,29.94258317780368,-17.44733617605887,12.495247001744811,0.5,0.3333333333333333
8,3,0.0,0.0,8555,8555-284447-0024_1320-122617-0026,44.58165390373598,47.01464906512371,0.0,0.0,0.0,0.0,1320,45.836151726235954,-30.21108532084194,15.62506640539402,0.0,0.0
19,9,0.47368421052631576,0.5555555555555556,6829,8555-284449-0000_6829-68771-0001,4.718663362251706,4.485301681873192,0.42105263157894735,0.4444444444444444,0.21052631578947367,0.3333333333333333,8555,2.263297665429971,-3.13991683534685,-0.8766191699168789,0.5789473684210527,0.5555555555555556
19,9,0.0,0.0,8555,8555-284449-0000_6829-68771-0001,32.06443237644568,31.28565672865953,0.0,0.0,0.0,0.0,6829,29.170398816304022,-18.162531201122544,11.007867615181478,0.0,0.0
9,4,0.0,0.0,4507,61-70970-0020_4507-16021-0031,39.61382001433008,40.72561263599406,0.0,0.0,0.0,0.0,61,36.77298371965109,-23.901321287416486,12.871662432234602,0.3333333333333333,0.0
9,4,0.0,0.0,61,61-70970-0020_4507-16021-0031,36.64599194356167,39.566894809815906,0.0,0.0,0.0,0.0,4507,37.112049029633,-25.382199987494953,11.729849042138042,0.1111111111111111,0.0
10,4,0.1,0.0,2094,4446-2273-0022_2094-142345-0057,35.42470585828961,35.309539356023535,0.1,0.0,0.0,0.0,4446,32.126524782545566,-21.119450383208708,11.007074399336856,0.0,0.0
10,4,0.0,0.0,4446,4446-2273-0022_2094-142345-0057,36.214507916601846,36.478108840581456,0.0,0.0,0.0,0.0,2094,32.03470235735797,-21.916354963875566,10.118347393482408,0.0,0.0
5,2,0.0,0.0,260,1995-1837-0013_260-123288-0016,39.4425388015877,38.65038292886048,0.0,0.0,0.0,0.0,1995,40.660212134867024,-25.83395616653881,14.826255968328212,0.0,0.0
5,2,0.2,0.0,1995,1995-1837-0013_260-123288-0016,34.58808501736985,37.308771116218665,0.0,0.0,0.0,0.0,260,36.54773086150513,-21.94483175094962,14.602899110555512,0.2,0.0
8,3,0.25,0.0,237,4507-16021-0003_237-134500-0039,29.112395357858027,26.90792225224817,0.125,0.0,0.0,0.0,4507,28.15707388220295,-20.4845878312942,7.672486050908754,0.625,0.0
8,3,0.0,0.0,4507,4507-16021-0003_237-134500-0039,35.26869467944153,31.89031048630883,0.0,0.0,0.0,0.0,237,31.931663322363704,-20.069245709380297,11.862417612983409,0.0,0.0
5,2,0.2,0.0,8455,2300-131720-0006_8455-210777-0043,13.703311522791996,4.922776281653963,0.0,0.0,0.0,0.0,2300,8.779630979960451,-5.451762436336205,3.327868543624246,0.2,0.0
5,2,0.4,0.5,2300,2300-131720-0006_8455-210777-0043,17.392296401911008,22.563865149237376,0.4,0.5,0.0,0.0,8455,21.94753789152814,-14.374409442722879,7.57312844880526,0.4,0.5
8,3,0.0,0.0,5683,5639-40744-0015_5683-32866-0017,45.932643188995,47.30861502946552,0.0,0.0,0.0,0.0,5639,46.94992048452624,-30.80310379216334,16.146816692362897,0.0,0.0
8,3,0.0,0.0,5639,5639-40744-0015_5683-32866-0017,40.669539456333894,41.17157164382619,0.0,0.0,0.0,0.0,5683,41.62296634490054,-27.964066406216336,13.658899938684206,0.125,0.0
15,7,0.0,0.0,1320,3575-170457-0033_1320-122617-0002,39.040415820533674,36.770702933046046,0.0,0.0,0.0,0.0,3575,37.97859078287925,-26.671474308223164,11.30711647465609,0.06666666666666667,0.0
15,7,0.0,0.0,3575,3575-170457-0033_1320-122617-0002,44.46306369820086,43.42475196967088,0.0,0.0,0.0,0.0,1320,43.37744380602089,-28.024068742785126,15.353375063235763,0.0,0.0
9,4,0.0,0.0,7021,2830-3980-0062_7021-79730-0009,23.531368463173113,20.957255493629553,0.0,0.0,0.0,0.0,2830,21.430973791204686,-14.271098514965928,7.1598752762387585,0.0,0.0
9,4,0.3333333333333333,0.0,2830,2830-3980-0062_7021-79730-0009,11.855180211928355,9.953648014765985,0.0,0.0,0.0,0.0,7021,10.856598385013434,-7.730838588292249,3.125759796721186,0.8888888888888888,0.5
5,2,0.0,0.0,2830,237-134500-0037_2830-3980-0042,32.448897865303294,29.1651099815812,0.0,0.0,0.0,0.0,237,31.75010972868248,-20.471394172030998,11.278715556651484,0.0,0.0
5,2,0.0,0.0,237,237-134500-0037_2830-3980-0042,37.9684350365318,37.99386475093747,0.0,0.0,0.0,0.0,2830,39.23079790836251,-24.561886931829076,14.668910976533438,0.2,0.0
5,2,0.0,0.0,4507,1320-122617-0033_4507-16021-0018,39.62361882317182,39.96890552354043,0.0,0.0,0.0,0.0,1320,39.74214849687942,-26.223391403788053,13.518757093091367,0.0,0.0
5,2,0.0,0.0,1320,1320-122617-0033_4507-16021-0018,41.91568657063275,41.667976242257986,0.0,0.0,0.0,0.0,4507,40.28377916897513,-28.582245134511574,11.701534034463554,0.0,0.0
14,6,0.0,0.0,8555,8455-210777-0034_8555-284449-0004,41.0130262679253,36.65340807329016,0.0,0.0,0.0,0.0,8455,37.11971958073532,-23.099086402096315,14.020633178639008,0.0,0.0
14,6,1.0,1.0,8455,8455-210777-0034_8555-284449-0004,-37.67850248175311,-33.938079127485565,1.0,1.0,1.0,1.0,8555,-34.3363671953156,13.616198379901373,-20.72016881541423,0.0,0.0
9,4,0.0,0.0,7021,5105-28233-0006_7021-85628-0012,39.34217023426268,40.34562960282099,0.0,0.0,0.0,0.0,5105,40.35753876420748,-25.945421206517764,14.412117557689719,0.0,0.0
9,4,0.0,0.0,5105,5105-28233-0006_7021-85628-0012,33.92527737373472,33.351804074613725,0.0,0.0,0.0,0.0,7021,34.811881518815476,-24.280017520979477,10.531863997835998,0.2222222222222222,0.0
9,4,0.0,0.0,2830,8455-210777-0016_2830-3980-0030,34.52312794538895,34.35844175887911,0.0,0.0,0.0,0.0,8455,35.72998135514963,-21.984005106614926,13.745976248534703,0.1111111111111111,0.0
9,4,0.0,0.0,8455,8455-210777-0016_2830-3980-0030,30.316951374859077,28.85162564768811,0.0,0.0,0.0,0.0,2830,28.967029276496813,-19.69911908629768,9.267910190199132,0.0,0.0
5,2,0.0,0.0,5142,1580-141084-0018_5142-33396-0068,23.038645887520357,21.625033879849493,0.0,0.0,0.0,0.0,1580,13.85453660405664,-11.081982851327158,2.7725537527294835,0.2,0.0
5,2,0.0,0.0,1580,1580-141084-0018_5142-33396-0068,24.06202139878541,27.018819557261477,0.0,0.0,0.0,0.0,5142,22.89376759114011,-12.347455339867771,10.54631225127234,0.2,0.0
14,6,0.0,0.0,908,5639-40744-0040_908-31957-0024,25.031239407625744,27.740256198141168,0.0,0.0,0.0,0.0,5639,22.350114407594486,-17.707200797115036,4.64291361047945,0.0,0.0
14,6,0.14285714285714285,0.0,5639,5639-40744-0040_908-31957-0024,26.763859003725752,28.05579827332451,0.0,0.0,0.0,0.0,908,23.502032965008013,-14.891307896161798,8.610725068846216,0.21428571428571427,0.0
12,5,0.25,0.0,1580,4970-29095-0032_1580-141084-0026,23.19350756207662,23.061281820682428,0.16666666666666666,0.0,0.0,0.0,4970,17.35296659372706,-12.70151794248904,4.651448651238018,0.4166666666666667,0.6
12,5,0.0,0.0,4970,4970-29095-0032_1580-141084-0026,31.247349168245155,31.23415947708935,0.0,0.0,0.0,0.0,1580,30.727824052831973,-18.63712688448217,12.090697168349802,0.0,0.0
14,6,0.07142857142857142,0.0,2961,908-31957-0008_2961-961-0010,31.866177640447667,30.597588068967337,0.0,0.0,0.0,0.0,908,30.564672070873257,-20.90456437530436,9.660107695568898,0.14285714285714285,0.0
14,6,0.0,0.0,908,908-31957-0008_2961-961-0010,34.894429972417456,35.37077816254703,0.0,0.0,0.0,0.0,2961,35.634393934375886,-22.16606795522204,13.468325979153848,0.14285714285714285,0.0
16,7,0.0625,0.0,6930,1320-122617-0020_6930-76324-0028,38.4452788672194,38.19818461855795,0.0625,0.0,0.0,0.0,1320,35.92325816948946,-22.069343593609663,13.853914575879793,0.0,0.0
16,7,0.0,0.0,1320,1320-122617-0020_6930-76324-0028,41.417210061996926,41.741075688833476,0.0,0.0,0.0,0.0,6930,41.942348198425364,-29.54772299525704,12.394625203168326,0.0,0.0
7,3,0.0,0.0,1089,237-134500-0024_1089-134686-0011,33.47769319369083,32.64749264754663,0.0,0.0,0.0,0.0,237,33.10434042677814,-22.743312580405277,10.361027846372863,0.0,0.0
7,3,0.0,0.0,237,237-134500-0024_1089-134686-0011,33.0230877909287,31.16302202733209,0.0,0.0,0.0,0.0,1089,33.20921167478495,-21.908492365177846,11.300719309607103,0.0,0.0
19,9,0.21052631578947367,0.1111111111111111,7176,1188-133604-0016_7176-88083-0018,21.79625288372819,21.75724979530727,0.15789473684210525,0.1111111111111111,0.0,0.0,1188,21.99824987104435,-13.205834004374266,8.792415866670085,0.15789473684210525,0.1111111111111111
19,9,0.0,0.0,1188,1188-133604-0016_7176-88083-0018,15.896422674158496,16.479094034366437,0.0,0.0,0.0,0.0,7176,14.632427117974217,-10.494410455217862,4.138016662756356,0.0,0.0
7,3,1.0,1.0,908,8555-284447-0020_908-157963-0014,-30.331257696463076,-31.972254367117454,1.0,1.0,1.0,1.0,8555,-31.846265145089223,10.275212640534495,-21.57105250455473,0.0,0.0
7,3,0.0,0.0,8555,8555-284447-0020_908-157963-0014,36.67363713344347,37.744703053455794,0.0,0.0,0.0,0.0,908,39.16653238993988,-25.95781070292899,13.208721687010891,0.0,0.0
6,2,0.8333333333333334,1.0,3570,260-123286-0008_3570-5695-0013,-10.731875720338115,-8.050674977230685,0.8333333333333334,0.5,0.8333333333333334,0.5,260,-8.952200127494027,3.1769157286737664,-5.7752843988202605,0.0,0.5
6,2,0.0,0.0,260,260-123286-0008_3570-5695-0013,33.03361730436755,29.021272385926636,0.0,0.0,0.0,0.0,3570,29.633580353276088,-21.239937256398246,8.393643096877843,0.0,0.0
9,4,0.0,0.0,1995,3575-170457-0026_1995-1826-0018,23.36705044291763,21.543650177201542,0.0,0.0,0.0,0.0,3575,21.64973718090183,-12.068355510003297,9.581381670898534,0.0,0.0
9,4,0.1111111111111111,0.0,3575,3575-170457-0026_1995-1826-0018,24.18905448686005,22.297922020059577,0.1111111111111111,0.0,0.0,0.0,1995,18.931000159033722,-12.701056645549754,6.229943513483967,0.3333333333333333,0.5
13,6,0.07692307692307693,0.0,5683,8224-274384-0000_5683-32865-0004,24.482432771688977,24.536823397316898,0.0,0.0,0.0,0.0,8224,21.198689517344437,-14.849960508168751,6.3487290091756865,0.23076923076923078,0.0
13,6,0.0,0.0,8224,8224-274384-0000_5683-32865-0004,27.227854889109544,28.733896800658318,0.0,0.0,0.0,0.0,5683,26.21518038405077,-16.560653116941616,9.654527267109152,0.07692307692307693,0.0
8,3,0.0,0.0,8230,4446-2273-0032_8230-279154-0039,36.98912993649018,34.82726666448363,0.0,0.0,0.0,0.0,4446,27.258759259498714,-18.364675455826184,8.89408380367253,0.25,0.0
8,3,0.0,0.0,4446,4446-2273-0032_8230-279154-0039,42.923441091529185,39.56374908202421,0.0,0.0,0.0,0.0,8230,37.612848149278065,-24.71511883843208,12.897729310845985,0.0,0.0
14,6,0.0,0.0,2961,1284-134647-0001_2961-960-0015,39.43578016735972,37.11964606179898,0.0,0.0,0.0,0.0,1284,39.0221956255549,-23.727300810607286,15.294894814947614,0.14285714285714285,0.0
14,6,0.0,0.0,1284,1284-134647-0001_2961-960-0015,32.430565435716126,31.488611224742613,0.0,0.0,0.0,0.0,2961,31.524159325675424,-20.905144849022932,10.619014476652492,0.0,0.0
6,2,0.0,0.0,4992,8455-210777-0050_4992-23283-0015,31.595246598285073,32.95086126992719,0.0,0.0,0.0,0.0,8455,32.7625327392566,-20.46992640258197,12.29260633667463,0.0,0.0
6,2,0.0,0.0,8455,8455-210777-0050_4992-23283-0015,26.4635725794993,29.346328769965524,0.0,0.0,0.0,0.0,4992,28.816543299042046,-21.61248946837282,7.204053830669224,0.0,0.0
5,2,0.0,0.0,2830,8463-294828-0015_2830-3980-0044,32.689401852736225,37.68279181152168,0.0,0.0,0.0,0.0,8463,35.61582696320913,-23.325615345736136,12.290211617472991,0.0,0.0
5,2,0.0,0.0,8463,8463-294828-0015_2830-3980-0044,40.4769227955318,43.66568022378903,0.0,0.0,0.0,0.0,2830,42.35894666472238,-28.334255615434376,14.024691049288007,0.0,0.0
9,4,1.0,1.0,1580,4446-2271-0008_1580-141083-0012,-29.11472514914736,-28.780554553482453,1.0,1.0,1.0,1.0,4446,-29.134942511793383,7.8520628414367755,-21.282879670356607,0.0,0.0
9,4,0.0,0.0,4446,4446-2271-0008_1580-141083-0012,29.725551991093344,29.19434452009632,0.0,0.0,0.0,0.0,1580,29.721019195205486,-21.83556779112051,7.885451404084973,0.0,0.0
5,2,0.0,0.0,5105,260-123440-0009_5105-28240-0011,15.37042344441088,12.658789855376831,0.0,0.0,0.0,0.0,260,12.865116760177745,-7.070808095192741,5.794308664985005,0.6,1.0
5,2,0.2,0.0,260,260-123440-0009_5105-28240-0011,-1.8093523833483764,0.45604836949366767,0.2,0.0,0.2,0.0,5105,2.5552063320855396,-2.193936827564679,0.3612695045208606,0.6,0.5
7,3,0.2857142857142857,0.3333333333333333,3570,1284-1180-0011_3570-5695-0007,3.1942151691008434,5.8028509260406445,0.2857142857142857,0.3333333333333333,0.2857142857142857,0.3333333333333333,1284,1.1110130178575501,-2.3850329111262885,-1.2740198932687383,0.14285714285714285,0.3333333333333333
7,3,0.0,0.0,1284,1284-1180-0011_3570-5695-0007,29.291606148808246,29.293028277906625,0.0,0.0,0.0,0.0,3570,30.28236019826345,-19.417911111574412,10.864449086689039,0.0,0.0
16,7,0.0,0.0,1284,8455-210777-0015_1284-1180-0021,39.524859438829615,39.98936389669945,0.0,0.0,0.0,0.0,8455,40.2865377298974,-26.97203551609133,13.314502213806067,0.0,0.0
16,7,0.0,0.0,8455,8455-210777-0015_1284-1180-0021,37.61252941898679,36.71993439792486,0.0,0.0,0.0,0.0,1284,38.33686458240565,-25.237820856792087,13.099043725613564,0.0,0.0
5,2,0.0,0.0,1320,1089-134686-0033_1320-122612-0001,32.28198965386876,30.665046564170307,0.0,0.0,0.0,0.0,1089,29.471614738288068,-19.567452080817468,9.9041626574706,0.6,0.5
5,2,0.0,0.0,1089,1089-134686-0033_1320-122612-0001,31.44659827549533,31.012651239051834,0.0,0.0,0.0,0.0,1320,27.951307254497962,-15.65291822647299,12.298389028024975,0.0,0.0
11,5,0.0,0.0,672,1089-134686-0008_672-122797-0007,26.896899217366293,24.33463814470736,0.0,0.0,0.0,0.0,1089,23.757579633228964,-15.440622960577894,8.316956672651068,0.2727272727272727,0.2
11,5,0.09090909090909091,0.0,1089,1089-134686-0008_672-122797-0007,22.770150118423114,22.846646741606207,0.09090909090909091,0.0,0.0,0.0,672,22.38822351330878,-14.480602457546304,7.907621055762476,0.2727272727272727,0.4
11,5,0.0,0.0,2830,5639-40744-0016_2830-3980-0006,27.326905551127012,28.35211722675578,0.0,0.0,0.0,0.0,5639,23.928748160045778,-15.373285612392529,8.555462547653251,0.0,0.0
11,5,0.0,0.0,5639,5639-40744-0016_2830-3980-0006,23.257352229722073,25.688785057302425,0.0,0.0,0.0,0.0,2830,20.957336455545544,-14.815167948083708,6.142168507461834,0.0,0.0
7,3,0.14285714285714285,0.0,4446,2961-961-0009_4446-2275-0005,28.224855328306642,29.023155905014743,0.0,0.0,0.0,0.0,2961,27.4347207150599,-19.73863583507888,7.696084879981018,0.2857142857142857,0.0
7,3,0.0,0.0,2961,2961-961-0009_4446-2275-0005,36.09430766160735,35.86320857742295,0.0,0.0,0.0,0.0,4446,35.20583746931055,-21.44589672591913,13.759940743391425,0.0,0.0
6,2,0.0,0.0,61,5142-36377-0004_61-70968-0055,35.60568956309974,34.396857908071354,0.0,0.0,0.0,0.0,5142,37.58428658555589,-25.064733320254042,12.519553265301845,0.0,0.0
6,2,0.0,0.0,5142,5142-36377-0004_61-70968-0055,37.297321991556906,38.348529855754066,0.0,0.0,0.0,0.0,61,38.37666833091925,-25.83734303221075,12.5393252987085,0.0,0.0
5,2,0.0,0.0,1320,260-123288-0009_1320-122617-0023,27.77379003207296,26.506243199570854,0.0,0.0,0.0,0.0,260,28.003230773381322,-19.986437037664114,8.016793735717208,0.0,0.0
5,2,0.0,0.0,260,260-123288-0009_1320-122617-0023,38.04898011506465,37.59600399784334,0.0,0.0,0.0,0.0,1320,38.896751817969765,-22.912197238438402,15.984554579531363,0.0,0.0
17,8,0.0,0.0,672,5639-40744-0023_672-122797-0016,38.34972251844967,35.87455052771247,0.0,0.0,0.0,0.0,5639,34.347726485614245,-20.73192556851895,13.615800917095296,0.35294117647058826,0.125
17,8,1.0,1.0,5639,5639-40744-0023_672-122797-0016,-35.687471584728165,-33.885577765110526,0.7647058823529411,0.875,0.7647058823529411,0.875,672,-32.86122785157615,13.178323775569254,-19.6829040760069,0.23529411764705882,0.125
22,10,0.045454545454545456,0.0,8555,8455-210777-0008_8555-292519-0000,47.24284874070231,48.159091691006644,0.0,0.0,0.0,0.0,8455,44.08937723555425,-30.268267641809135,13.821109593745115,0.045454545454545456,0.0
22,10,0.0,0.0,8455,8455-210777-0008_8555-292519-0000,44.73324862005919,43.5509959080986,0.0,0.0,0.0,0.0,8555,44.37878310126803,-27.502360725481086,16.876422375786944,0.09090909090909091,0.0
9,4,0.5555555555555556,0.25,7127,908-157963-0027_7127-75947-0037,8.192791523393703,6.836279539880473,0.2222222222222222,0.0,0.1111111111111111,0.0,908,10.19034648365233,-5.8747864038806865,4.315560079771643,0.4444444444444444,0.5
9,4,0.0,0.0,908,908-157963-0027_7127-75947-0037,22.209904498603347,22.542790252566064,0.0,0.0,0.0,0.0,7127,23.861331275626792,-16.003436564362733,7.857894711264059,0.1111111111111111,0.0
5,2,0.0,0.0,3729,5683-32866-0022_3729-6852-0027,21.428743330226975,19.549854533075425,0.0,0.0,0.0,0.0,5683,19.851466428896238,-12.976477160075952,6.874989268820286,0.0,0.0
5,2,0.4,0.0,5683,5683-32866-0022_3729-6852-0027,14.8910244127481,13.763685088607891,0.2,0.0,0.0,0.0,3729,12.848738685407145,-8.392511799389492,4.456226886017653,0.2,0.0
6,2,0.0,0.0,1320,7729-102255-0007_1320-122612-0009,27.345735335849252,27.488159598985995,0.0,0.0,0.0,0.0,7729,28.22927325552542,-16.877547250806707,11.351726004718712,0.0,0.0
6,2,0.0,0.0,7729,7729-102255-0007_1320-122612-0009,21.808985763537066,22.50707895927235,0.0,0.0,0.0,0.0,1320,22.591454689665618,-16.579235568299914,6.0122191213657015,0.16666666666666666,0.0
5,2,0.0,0.0,1580,61-70970-0022_1580-141083-0053,39.244769514219186,42.58655902285544,0.0,0.0,0.0,0.0,61,36.99305998615931,-22.738403518536604,14.254656467622704,0.0,0.0
5,2,0.0,0.0,61,61-70970-0022_1580-141083-0053,30.09892485522418,31.012402929189072,0.0,0.0,0.0,0.0,1580,29.87430751585051,-20.71417527579535,9.160132240055162,0.0,0.0
7,3,0.14285714285714285,0.0,5105,8555-292519-0013_5105-28241-0013,45.74926508755787,40.68164279232813,0.0,0.0,0.0,0.0,8555,42.52580529416323,-26.025209075651926,16.5005962185113,0.14285714285714285,0.0
7,3,0.0,0.0,8555,8555-292519-0013_5105-28241-0013,28.778324053861052,28.84278430766014,0.0,0.0,0.0,0.0,5105,29.57748586146539,-20.892117171529037,8.685368689936354,0.0,0.0
16,7,0.0,0.0,5639,7127-75946-0016_5639-40744-0002,23.320562627260635,23.58806246460859,0.0,0.0,0.0,0.0,7127,23.50506243080404,-17.01491446999438,6.490147960809659,0.0,0.0
16,7,0.0625,0.0,7127,7127-75946-0016_5639-40744-0002,29.949532921010903,30.260996054514926,0.0,0.0,0.0,0.0,5639,29.922509251134652,-17.776031586672623,12.14647766446203,0.0625,0.0
5,2,0.0,0.0,2830,6930-81414-0003_2830-3980-0012,29.91275165379791,30.206286228742037,0.0,0.0,0.0,0.0,6930,28.23245748953213,-19.730291272529293,8.502166217002838,0.0,0.0
5,2,0.0,0.0,6930,6930-81414-0003_2830-3980-0012,27.015090937811173,27.601180703763166,0.0,0.0,0.0,0.0,2830,25.126272583765,-15.710228197938171,9.416044385826828,0.0,0.0
5,2,0.0,0.0,61,260-123286-0024_61-70970-0032,34.42043296633119,35.18855168568305,0.0,0.0,0.0,0.0,260,34.30649948301536,-22.031709627618888,12.27478985539647,0.0,0.0
5,2,0.0,0.0,260,260-123286-0024_61-70970-0032,29.74043571766152,29.560885967097082,0.0,0.0,0.0,0.0,61,29.60453642586588,-19.714121265294086,9.890415160571793,0.2,0.0
15,7,0.0,0.0,1089,2094-142345-0001_1089-134691-0008,29.932521115809507,29.64765400484409,0.0,0.0,0.0,0.0,2094,30.08344301165583,-22.995870883256956,7.0875721283988735,0.0,0.0
15,7,0.0,0.0,2094,2094-142345-0001_1089-134691-0008,23.369130270610064,23.5867759156836,0.0,0.0,0.0,0.0,1089,20.855666893518187,-12.623176691417237,8.23249020210095,0.0,0.0
7,3,0.0,0.0,3570,121-121726-0000_3570-5694-0022,37.72390576173617,36.70546553918688,0.0,0.0,0.0,0.0,121,38.850387535402874,-24.075554006269307,14.77483352913357,0.7142857142857143,1.0
7,3,0.14285714285714285,0.0,121,121-121726-0000_3570-5694-0022,35.70006366965168,37.374776922722035,0.0,0.0,0.0,0.0,3570,35.973816861481524,-23.4281038778326,12.545712983648922,0.14285714285714285,0.0
15,7,0.0,0.0,3575,4077-13754-0006_3575-170457-0000,29.419538493130684,28.509341016848474,0.0,0.0,0.0,0.0,4077,27.007722100332984,-19.568985428681057,7.438736671651929,0.0,0.0
15,7,0.0,0.0,4077,4077-13754-0006_3575-170457-0000,41.34925028518174,35.85663871107163,0.0,0.0,0.0,0.0,3575,35.04787060324479,-22.123459546112812,12.92441105713198,0.0,0.0
14,6,0.2857142857142857,0.0,8230,7176-88083-0003_8230-279154-0010,8.94322398166731,8.605987394974413,0.14285714285714285,0.0,0.07142857142857142,0.0,7176,8.775619762299787,-5.643236930281139,3.1323828320186484,0.5,0.6666666666666666
14,6,0.07142857142857142,0.0,7176,7176-88083-0003_8230-279154-0010,22.470042585155348,23.714543665984227,0.07142857142857142,0.0,0.07142857142857142,0.0,8230,22.48028875138386,-12.630629701843844,9.849659049540017,0.07142857142857142,0.16666666666666666
11,5,1.0,1.0,8463,4446-2271-0001_8463-294828-0007,-32.27698469715278,-29.974395875293435,1.0,1.0,1.0,1.0,4446,-30.878634763391943,10.588917169921606,-20.289717593470336,0.0,0.0
11,5,0.0,0.0,4446,4446-2271-0001_8463-294828-0007,32.193625577350225,29.512240283632288,0.0,0.0,0.0,0.0,8463,30.628138760270247,-20.31056701910449,10.317571741165759,0.0,0.0
6,2,0.0,0.0,8463,61-70968-0039_8463-294828-0020,27.52888876623686,28.480746461528348,0.0,0.0,0.0,0.0,61,27.01448839439931,-18.787573868186577,8.226914526212735,0.0,0.0
6,2,0.0,0.0,61,61-70968-0039_8463-294828-0020,36.49275629862024,37.93781626346164,0.0,0.0,0.0,0.0,8463,34.86414248224063,-25.367831640854952,9.496310841385679,0.0,0.0
5,2,0.0,0.0,6829,5105-28240-0005_6829-68769-0010,28.687843183251363,28.741158928365227,0.0,0.0,0.0,0.0,5105,27.596791769205513,-17.621565467936847,9.975226301268666,0.0,0.0
5,2,0.0,0.0,5105,5105-28240-0005_6829-68769-0010,32.87247436534976,34.025839883571564,0.0,0.0,0.0,0.0,6829,34.23119043414805,-21.739024303022983,12.492166131125067,0.0,0.0
6,2,0.0,0.0,8463,4992-41806-0005_8463-294828-0035,31.023997692475692,34.77948177404312,0.0,0.0,0.0,0.0,4992,30.151572702914066,-19.753947499121118,10.397625203792947,0.0,0.0
6,2,0.0,0.0,4992,4992-41806-0005_8463-294828-0035,24.089338945886237,22.047151306117435,0.0,0.0,0.0,0.0,8463,23.78483365705729,-16.08405555074526,7.700778106312034,0.0,0.0
8,3,0.0,0.0,1995,8455-210777-0006_1995-1826-0022,32.90509955587497,36.326799775569164,0.0,0.0,0.0,0.0,8455,37.144763573351554,-25.012263387942376,12.132500185409178,0.0,0.0
8,3,0.0,0.0,8455,8455-210777-0006_1995-1826-0022,39.72994151901138,37.30736820743022,0.0,0.0,0.0,0.0,1995,38.36318072986461,-26.60085143105565,11.762329298808961,0.0,0.0
14,6,0.0,0.0,4507,8455-210777-0004_4507-16021-0034,40.522967614973666,40.70967527518342,0.0,0.0,0.0,0.0,8455,40.66868542750433,-27.406573286839343,13.262112140664986,0.0,0.0
14,6,0.0,0.0,8455,8455-210777-0004_4507-16021-0034,39.71085615313872,39.63377004707605,0.0,0.0,0.0,0.0,4507,36.318105599149604,-22.673800644959368,13.644304954190233,0.0,0.0
10,4,0.0,0.0,5142,8455-210777-0000_5142-33396-0051,42.1923771005708,40.46097354122824,0.0,0.0,0.0,0.0,8455,38.77061162625312,-25.841386407972205,12.929225218280916,0.3,0.0
10,4,0.0,0.0,8455,8455-210777-0000_5142-33396-0051,30.72967877233602,31.450801492144787,0.0,0.0,0.0,0.0,5142,30.473053720186932,-20.78619642368597,9.686857296500964,0.0,0.0
6,2,0.0,0.0,5142,672-122797-0039_5142-33396-0053,25.11936706503968,25.349256247607414,0.0,0.0,0.0,0.0,672,26.954446385803664,-19.368369356280283,7.5860770295233815,0.0,0.0
6,2,0.0,0.0,672,672-122797-0039_5142-33396-0053,17.96260492572391,16.09141450405774,0.0,0.0,0.0,0.0,5142,14.292353333792192,-8.226322860619556,6.066030473172636,0.0,0.0
9,4,0.0,0.0,3570,2300-131720-0000_3570-5694-0000,35.16514207202504,33.82851313307332,0.0,0.0,0.0,0.0,2300,34.96643794587112,-21.904627142402955,13.061810803468168,0.0,0.0
9,4,0.0,0.0,2300,2300-131720-0000_3570-5694-0000,34.7366531815976,33.21888770257877,0.0,0.0,0.0,0.0,3570,34.23267053055472,-25.004358215219394,9.228312315335327,0.0,0.0
12,5,0.08333333333333333,0.0,3575,2830-3979-0007_3575-170457-0045,30.642067202980225,32.833653806197326,0.08333333333333333,0.0,0.0,0.0,2830,32.42058923212446,-20.912859569400332,11.507729662724131,0.08333333333333333,0.0
12,5,0.0,0.0,2830,2830-3979-0007_3575-170457-0045,39.7996157795861,41.15484921080559,0.0,0.0,0.0,0.0,3575,40.87328450707321,-25.38492253538208,15.488361971691123,0.0,0.0
8,3,0.0,0.0,4446,5105-28240-0022_4446-2275-0021,29.452399444346423,26.33787592435385,0.0,0.0,0.0,0.0,5105,25.99349150040359,-15.500800299142066,10.492691201261524,0.0,0.0
8,3,0.125,0.0,5105,5105-28240-0022_4446-2275-0021,23.57915166750285,19.830030656712996,0.125,0.0,0.0,0.0,4446,16.557250526445085,-12.21500633365223,4.342244192792854,0.25,0.3333333333333333
10,4,0.0,0.0,7127,3575-170457-0003_7127-75947-0025,40.068362562166996,37.26527105916862,0.0,0.0,0.0,0.0,3575,38.07071549889031,-24.497522639173937,13.573192859716375,0.0,0.0
10,4,0.0,0.0,3575,3575-170457-0003_7127-75947-0025,31.93367777553807,31.85319922559683,0.0,0.0,0.0,0.0,7127,30.22495725829782,-21.200878207914077,9.024079050383742,0.0,0.0
6,2,0.0,0.0,908,4970-29095-0023_908-157963-0021,45.601934887195824,44.13609654636579,0.0,0.0,0.0,0.0,4970,46.53217414438014,-30.905019911072156,15.627154233307987,0.0,0.0
6,2,0.0,0.0,4970,4970-29095-0023_908-157963-0021,37.85901636043078,38.271472339188975,0.0,0.0,0.0,0.0,908,40.96527481903476,-27.293741102956048,13.67153371607871,0.3333333333333333,0.0
5,2,0.0,0.0,2094,3575-170457-0022_2094-142345-0045,28.450669512879596,28.042590024457738,0.0,0.0,0.0,0.0,3575,26.72245388385629,-18.085974202723268,8.636479681133023,0.0,0.0
5,2,0.0,0.0,3575,3575-170457-0022_2094-142345-0045,33.13686105799556,31.735676473193138,0.0,0.0,0.0,0.0,2094,32.07824134026223,-20.903245646513323,11.17499569374891,0.0,0.0
5,2,0.0,0.0,6829,6930-75918-0010_6829-68769-0018,30.66422212665633,32.05654981500177,0.0,0.0,0.0,0.0,6930,31.512759873873932,-22.715534765379847,8.797225108494088,0.0,0.0
5,2,0.0,0.0,6930,6930-75918-0010_6829-68769-0018,39.36639824749944,40.92622519430269,0.0,0.0,0.0,0.0,6829,41.34565126299247,-25.556354358896943,15.789296904095524,0.0,0.0
5,2,0.2,0.0,5683,7021-85628-0001_5683-32866-0008,47.73846044479429,44.07749583609974,0.0,0.0,0.0,0.0,7021,48.86993478755562,-31.308463959006403,17.561470828549222,0.2,0.0
5,2,0.0,0.0,7021,7021-85628-0001_5683-32866-0008,60.23538330126722,55.70934639249347,0.0,0.0,0.0,0.0,5683,59.93028339536862,-42.34857212023947,17.58171127512915,0.0,0.0
6,3,0.16666666666666666,0.0,5142,8455-210777-0018_5142-36377-0015,37.51417884269086,39.4440767060911,0.0,0.0,0.0,0.0,8455,39.260906196675606,-25.812514987159723,13.448391209515886,0.3333333333333333,0.0
6,3,0.0,0.0,8455,8455-210777-0018_5142-36377-0015,35.15755481046803,36.28739229270864,0.0,0.0,0.0,0.0,5142,36.57186988329164,-24.76849099137205,11.803378891919587,0.0,0.0
7,3,0.0,0.0,7729,3575-170457-0031_7729-102255-0045,38.006489056117616,35.36200608928447,0.0,0.0,0.0,0.0,3575,35.667360286673784,-22.81997575254759,12.847384534126196,0.0,0.0
7,3,0.0,0.0,3575,3575-170457-0031_7729-102255-0045,32.14687177135963,32.667141984054,0.0,0.0,0.0,0.0,7729,30.46173016845539,-21.560873966048767,8.900856202406624,0.0,0.0
8,3,0.0,0.0,672,3570-5695-0001_672-122797-0050,40.93078622566118,42.68009483611752,0.0,0.0,0.0,0.0,3570,34.63406843333363,-19.80991447905019,14.824153954283442,0.0,0.0
8,3,0.125,0.0,3570,3570-5695-0001_672-122797-0050,36.91206805740975,37.62688870736131,0.0,0.0,0.0,0.0,672,34.216602212139044,-28.389236683798977,5.827365528340068,0.125,0.0
7,3,0.0,0.0,4077,1995-1837-0015_4077-13751-0001,40.739616709461224,39.36300738103594,0.0,0.0,0.0,0.0,1995,41.215006941144395,-28.533442144888316,12.681564796256078,0.0,0.0
7,3,0.0,0.0,1995,1995-1837-0015_4077-13751-0001,33.120284432582984,30.306334700392522,0.0,0.0,0.0,0.0,4077,35.76052395355349,-23.723026694889064,12.037497258664427,0.0,0.0
7,3,0.0,0.0,7127,1221-135767-0001_7127-75947-0008,31.213792953925655,32.43915629699347,0.0,0.0,0.0,0.0,1221,32.51395880784691,-17.889232662560772,14.62472614528614,0.0,0.0
7,3,0.0,0.0,1221,1221-135767-0001_7127-75947-0008,27.14148242493684,29.74686089114628,0.0,0.0,0.0,0.0,7127,28.973583531261085,-21.75363221743419,7.219951313826892,0.0,0.0
5,2,0.0,0.0,1284,237-134493-0018_1284-1181-0019,27.624334944160047,28.023771462271892,0.0,0.0,0.0,0.0,237,26.02629946759602,-17.205596265711428,8.820703201884589,0.0,0.0
5,2,0.0,0.0,237,237-134493-0018_1284-1181-0019,33.70452226114677,34.18220108690903,0.0,0.0,0.0,0.0,1284,32.55802158207588,-21.492564306791827,11.06545727528405,0.2,0.0
12,5,0.0,0.0,1320,2830-3980-0065_1320-122612-0011,27.62816816327091,26.552938377651724,0.0,0.0,0.0,0.0,2830,25.716309239441166,-15.302559473836313,10.413749765604855,0.16666666666666666,0.0
12,5,0.0,0.0,2830,2830-3980-0065_1320-122612-0011,20.824552111310435,20.174450888243562,0.0,0.0,0.0,0.0,1320,20.137520028879464,-14.658477141500875,5.479042887378592,0.08333333333333333,0.0
9,4,0.0,0.0,1284,8455-210777-0057_1284-1181-0015,34.3402984575083,33.66648672749193,0.0,0.0,0.0,0.0,8455,35.31257083304384,-22.044580460302853,13.267990372740988,0.0,0.0
9,4,0.0,0.0,8455,8455-210777-0057_1284-1181-0015,26.963815883055474,26.383455840498637,0.0,0.0,0.0,0.0,1284,25.57041578009371,-17.64403481691779,7.9263809631759194,0.5555555555555556,0.5
9,4,0.0,0.0,2961,61-70968-0017_2961-960-0022,31.510161393113712,32.48828582516516,0.0,0.0,0.0,0.0,61,31.896758892267915,-20.943919173329743,10.952839718938172,0.0,0.0
9,4,0.0,0.0,61,61-70968-0017_2961-960-0022,28.112837217852455,29.103495913283176,0.0,0.0,0.0,0.0,2961,29.094894260220563,-20.121446949954176,8.973447310266387,0.0,0.0
7,3,0.0,0.0,4992,7176-92135-0034_4992-41806-0012,32.28008915176519,31.44005625957081,0.0,0.0,0.0,0.0,7176,31.559468230529962,-20.667958337773396,10.891509892756567,0.14285714285714285,0.0
7,3,0.0,0.0,7176,7176-92135-0034_4992-41806-0012,33.23101323221162,32.906911429723046,0.0,0.0,0.0,0.0,4992,32.08898324581358,-20.73432679776723,11.354656448046352,0.14285714285714285,0.0
5,2,0.0,0.0,5639,7127-75947-0002_5639-40744-0028,30.323770233783012,26.538395923832358,0.0,0.0,0.0,0.0,7127,28.3636902532289,-17.242139356147558,11.121550897081342,0.0,0.0
5,2,0.0,0.0,7127,7127-75947-0002_5639-40744-0028,15.816506833186747,18.435993790586604,0.0,0.0,0.0,0.0,5639,16.946824723093243,-12.302347753825416,4.644476969267827,0.0,0.0
10,4,0.0,0.0,121,8455-210777-0022_121-127105-0011,35.405234061624,34.39983266205553,0.0,0.0,0.0,0.0,8455,36.68629745124087,-22.913775415290566,13.772522035950301,0.0,0.0
10,4,0.0,0.0,8455,8455-210777-0022_121-127105-0011,31.183367878684532,29.556877235804297,0.0,0.0,0.0,0.0,121,31.49738385994241,-22.71133838493078,8.786045475011628,0.7,0.25
5,2,0.0,0.0,2830,7021-79740-0012_2830-3980-0057,23.549902149120165,25.180651327697838,0.0,0.0,0.0,0.0,7021,20.584141071189734,-13.959855798134429,6.624285273055305,0.0,0.0
5,2,0.0,0.0,7021,7021-79740-0012_2830-3980-0057,30.820270559121195,27.51030755589548,0.0,0.0,0.0,0.0,2830,27.01648660012666,-17.648245192618212,9.36824140750845,0.4,0.0
6,2,0.0,0.0,2300,4992-23283-0020_2300-131720-0014,29.315709969090932,30.448402342095743,0.0,0.0,0.0,0.0,4992,29.63014806253443,-21.187173523835668,8.442974538698763,0.0,0.0
6,2,0.0,0.0,4992,4992-23283-0020_2300-131720-0014,28.383055369152274,28.253728728846454,0.0,0.0,0.0,0.0,2300,26.803505821026057,-17.008374723223255,9.795131097802804,0.0,0.0
6,2,0.0,0.0,3729,1580-141083-0039_3729-6852-0041,28.32424631072531,30.29207459940531,0.0,0.0,0.0,0.0,1580,32.86573810347286,-20.07797626213894,12.787761841333916,0.0,0.0
6,2,0.0,0.0,1580,1580-141083-0039_3729-6852-0041,30.140448268355723,24.59281796871337,0.0,0.0,0.0,0.0,3729,27.775199518996153,-19.304033865813533,8.471165653182622,0.0,0.0
8,3,0.125,0.0,5683,121-127105-0020_5683-32866-0030,18.289601256009874,18.56313855532381,0.125,0.0,0.125,0.0,121,16.367804449159003,-13.396577669154189,2.971226780004814,0.875,1.0
8,3,0.0,0.0,121,121-127105-0020_5683-32866-0030,27.022678641943674,28.406986423291908,0.0,0.0,0.0,0.0,5683,27.01056874334338,-16.388931738056584,10.621637005286797,0.0,0.0
10,4,0.0,0.0,5639,1089-134686-0034_5639-40744-0005,21.90257716957588,21.68698671625053,0.0,0.0,0.0,0.0,1089,21.81784050038424,-15.002029030603703,6.815811469780536,0.0,0.0
10,4,0.1,0.0,1089,1089-134686-0034_5639-40744-0005,30.236471928714376,33.993089874347255,0.1,0.0,0.0,0.0,5639,36.04687076198127,-22.80654517459242,13.24032558738885,0.3,0.25
6,2,0.6666666666666666,0.0,4446,121-127105-0019_4446-2275-0029,2.8795196727320387,1.6502921511912678,0.6666666666666666,0.0,0.16666666666666666,0.0,121,1.8331108951330393,-2.0696116376570997,-0.2365007425240604,0.3333333333333333,1.0
6,2,0.0,0.0,121,121-127105-0019_4446-2275-0029,15.560734727275069,14.139259613570012,0.0,0.0,0.0,0.0,4446,14.734409523627036,-10.119740601203755,4.614668922423282,0.0,0.0
6,2,0.6666666666666666,0.5,6930,4446-2271-0012_6930-76324-0011,20.829801014381662,21.007104719987773,0.5,0.5,0.0,0.0,4446,20.374226061432886,-13.741466657402343,6.632759404030544,0.16666666666666666,0.0
6,2,0.0,0.0,4446,4446-2271-0012_6930-76324-0011,29.171281880098377,25.772276393206532,0.0,0.0,0.0,0.0,6930,31.246492887947053,-19.219263706716106,12.027229181230947,0.16666666666666666,0.0
9,4,0.6666666666666666,1.0,260,61-70968-0023_260-123286-0023,-15.896342716630285,-15.986922885018675,0.6666666666666666,0.75,0.6666666666666666,0.75,61,-16.47561888265248,7.750220943697369,-8.725397938955112,0.2222222222222222,0.25
9,4,0.0,0.0,61,61-70968-0023_260-123286-0023,25.4595436977459,25.789688499645422,0.0,0.0,0.0,0.0,260,25.816976642972463,-15.610697743914518,10.206278899057944,0.0,0.0
7,3,0.0,0.0,1221,1320-122617-0008_1221-135767-0021,38.798845662615925,37.768500642478735,0.0,0.0,0.0,0.0,1320,38.66449366012389,-26.668398148461677,11.99609551166221,0.0,0.0
7,3,0.0,0.0,1320,1320-122617-0008_1221-135767-0021,40.209256187568634,37.83146585279146,0.0,0.0,0.0,0.0,1221,39.80594559949661,-26.0015281825153,13.804417416981313,0.0,0.0
6,2,0.0,0.0,3570,61-70968-0046_3570-5694-0004,33.41478044047984,33.805340521456316,0.0,0.0,0.0,0.0,61,31.658520829475663,-22.471022114598288,9.187498714877373,0.0,0.0
6,2,0.0,0.0,61,61-70968-0046_3570-5694-0004,45.86232813348288,45.33930283052348,0.0,0.0,0.0,0.0,3570,40.38085900831521,-25.62926027244934,14.751598735865873,0.0,0.0
6,2,0.0,0.0,3575,2830-3980-0000_3575-170457-0028,23.896736736839085,23.94819623505475,0.0,0.0,0.0,0.0,2830,23.998277793519836,-12.815716767819179,11.182561025700657,0.0,0.0
6,2,0.0,0.0,2830,2830-3980-0000_3575-170457-0028,25.46254054752114,27.66664769848158,0.0,0.0,0.0,0.0,3575,25.32072689759519,-18.00472676479657,7.316000132798621,0.0,0.0
5,2,0.0,0.0,1089,6930-75918-0007_1089-134686-0022,40.55681089335381,42.49123714165783,0.0,0.0,0.0,0.0,6930,40.7901716466891,-28.098169155417683,12.692002491271419,0.0,0.0
5,2,0.0,0.0,6930,6930-75918-0007_1089-134686-0022,43.3544152167254,44.53870409942323,0.0,0.0,0.0,0.0,1089,42.454732940272365,-27.3449995934281,15.109733346844266,0.0,0.0
9,4,0.0,0.0,5142,7729-102255-0030_5142-33396-0001,41.10301464390345,38.53241386485571,0.0,0.0,0.0,0.0,7729,39.0635306932354,-25.699282507205364,13.364248186030034,0.0,0.0
9,4,0.0,0.0,7729,7729-102255-0030_5142-33396-0001,34.15272151866843,33.074546415240064,0.0,0.0,0.0,0.0,5142,31.082207081707594,-21.451238131524654,9.630968950182941,0.1111111111111111,0.0
5,2,0.0,0.0,5142,260-123286-0025_5142-33396-0003,40.66829659356777,37.1662590580453,0.0,0.0,0.0,0.0,260,40.13437371099321,-27.051273683633568,13.08310002735964,0.2,0.0
5,2,0.0,0.0,260,260-123286-0025_5142-33396-0003,36.9431031685172,33.85461930254834,0.0,0.0,0.0,0.0,5142,34.93576911628253,-22.74178463938897,12.193984476893554,0.0,0.0
7,3,0.2857142857142857,0.3333333333333333,8463,1580-141083-0035_8463-294828-0006,12.877445167171917,15.430046377273904,0.14285714285714285,0.3333333333333333,0.14285714285714285,0.0,1580,22.83701532944404,-15.239294536681701,7.597720792762339,0.2857142857142857,0.3333333333333333
7,3,0.0,0.0,1580,1580-141083-0035_8463-294828-0006,30.807849308372138,32.16511025343425,0.0,0.0,0.0,0.0,8463,33.00278630398414,-20.566825692230356,12.43596061175378,0.0,0.0
9,4,0.0,0.0,2094,6930-75918-0002_2094-142345-0015,25.064071643098945,24.805461668517136,0.0,0.0,0.0,0.0,6930,24.299007355513382,-16.18674918415021,8.112258171363173,0.0,0.0
9,4,0.0,0.0,6930,6930-75918-0002_2094-142345-0015,36.893672226751924,35.44116354842717,0.0,0.0,0.0,0.0,2094,37.02979191556182,-23.230004590392433,13.79978732516939,0.0,0.0
9,4,0.0,0.0,260,6829-68771-0023_260-123288-0026,33.51241602431162,29.730356306261463,0.0,0.0,0.0,0.0,6829,31.413843442662362,-23.24326115054713,8.170582292115233,0.1111111111111111,0.0
9,4,0.0,0.0,6829,6829-68771-0023_260-123288-0026,38.167345238146474,35.534561139220486,0.0,0.0,0.0,0.0,260,37.99090388488532,-23.208055376467236,14.782848508418084,0.2222222222222222,0.0
11,5,0.0,0.0,2961,3575-170457-0019_2961-960-0018,33.64795063784721,34.66782637751746,0.0,0.0,0.0,0.0,3575,31.695134167014587,-21.364445297341682,10.330688869672905,0.0,0.0
11,5,0.0,0.0,3575,3575-170457-0019_2961-960-0018,35.16808972955407,37.24748085652412,0.0,0.0,0.0,0.0,2961,33.64686014587396,-20.78867760498674,12.858182540887217,0.0,0.0
6,2,0.0,0.0,1320,7127-75946-0023_1320-122612-0004,25.76829262681765,21.138362174779417,0.0,0.0,0.0,0.0,7127,23.7345279393327,-16.642623695195617,7.091904244137085,0.3333333333333333,0.0
6,2,0.0,0.0,7127,7127-75946-0023_1320-122612-0004,31.021875273712883,24.884957434674178,0.0,0.0,0.0,0.0,1320,28.643087292887138,-17.873092651155545,10.769994641731595,0.0,0.0
5,2,0.0,0.0,4446,1089-134686-0037_4446-2271-0000,31.065916224652447,31.781647805520766,0.0,0.0,0.0,0.0,1089,30.951259088157634,-18.97256790122927,11.978691186928366,0.0,0.0
5,2,0.4,0.0,1089,1089-134686-0037_4446-2271-0000,27.804922994389745,29.439253980984155,0.0,0.0,0.0,0.0,4446,28.243311292888286,-20.24532045801368,7.997990834874605,0.4,0.0
7,3,0.0,0.0,4992,1089-134691-0013_4992-23283-0007,29.96100180812942,30.4089474496142,0.0,0.0,0.0,0.0,1089,28.7472656417186,-19.049905622899818,9.697360018818781,0.0,0.0
7,3,0.0,0.0,1089,1089-134691-0013_4992-23283-0007,39.721146953864675,40.120881800117665,0.0,0.0,0.0,0.0,4992,39.16858338471454,-26.129032483171724,13.039550901542816,0.0,0.0
6,2,0.0,0.0,3575,61-70968-0060_3575-170457-0037,30.254470099986204,28.61120168322283,0.0,0.0,0.0,0.0,61,28.754380558593944,-20.36903343402691,8.385347124567033,0.0,0.0
6,2,0.0,0.0,61,61-70968-0060_3575-170457-0037,30.75587286712214,31.075717053264704,0.0,0.0,0.0,0.0,3575,30.289009630530835,-21.422533569608202,8.866476060922635,0.16666666666666666,0.0
11,5,0.0,0.0,3570,672-122797-0070_3570-5695-0006,46.85326979728238,45.39163981038126,0.0,0.0,0.0,0.0,672,45.321212917300414,-30.566278774835883,14.754934142464531,0.0,0.0
11,5,0.0,0.0,672,672-122797-0070_3570-5695-0006,46.27172664292554,45.23534315752748,0.0,0.0,0.0,0.0,3570,46.9158994282934,-29.989236593724627,16.92666283456877,0.0,0.0
8,3,0.0,0.0,5142,6930-81414-0023_5142-33396-0012,36.92591465922493,35.48540922853883,0.0,0.0,0.0,0.0,6930,37.69466793761917,-23.43730915944647,14.257358778172698,0.0,0.0
8,3,0.0,0.0,6930,6930-81414-0023_5142-33396-0012,28.85123721949499,28.667688368606075,0.0,0.0,0.0,0.0,5142,30.0985856559588,-19.811315226600907,10.287270429357893,0.25,0.0
5,2,0.0,0.0,4446,121-127105-0002_4446-2273-0036,11.73489441131216,8.77245589913653,0.0,0.0,0.0,0.0,121,11.980780129543426,-7.762943632977315,4.217836496566111,1.0,1.0
5,2,0.0,0.0,121,121-127105-0002_4446-2273-0036,24.129258178256418,26.22522403585242,0.0,0.0,0.0,0.0,4446,23.108567764282377,-15.638631381211717,7.469936383070661,0.0,0.0
11,5,0.0,0.0,4507,3570-5695-0011_4507-16021-0056,44.68371689107104,44.29135236181277,0.0,0.0,0.0,0.0,3570,44.71285260487737,-27.544623598483106,17.16822900639426,0.0,0.0
11,5,0.09090909090909091,0.0,3570,3570-5695-0011_4507-16021-0056,31.62731714254263,31.516834046414726,0.0,0.0,0.0,0.0,4507,31.561946606586226,-21.85941224265921,9.702534363927013,0.18181818181818182,0.0
5,2,0.2,0.0,1320,1580-141083-0052_1320-122617-0022,35.172558063296286,35.696429851528706,0.0,0.0,0.0,0.0,1580,33.92161082944621,-24.830281305312354,9.091329524133858,0.4,0.0
5,2,0.0,0.0,1580,1580-141083-0052_1320-122617-0022,34.918191106773875,35.120384390349265,0.0,0.0,0.0,0.0,1320,33.02383794989028,-19.9127001654656,13.111137784424674,0.0,0.0
8,3,0.0,0.0,5142,5683-32879-0007_5142-33396-0019,21.832306138575095,22.223609165031615,0.0,0.0,0.0,0.0,5683,22.819854832494244,-14.38323429485136,8.436620537642884,0.25,0.0
8,3,0.0,0.0,5683,5683-32879-0007_5142-33396-0019,20.89753349399713,20.388873984237296,0.0,0.0,0.0,0.0,5142,21.360410888269058,-14.897979508062228,6.462431380206832,0.25,0.0
23,11,0.0,0.0,8555,3729-6852-0007_8555-284447-0021,33.36133071391054,33.815653406746655,0.0,0.0,0.0,0.0,3729,35.316385730569976,-24.479182149484654,10.83720358108532,0.043478260869565216,0.0
23,11,0.30434782608695654,0.2727272727272727,3729,3729-6852-0007_8555-284447-0021,7.546736146149255,6.724936347459454,0.2608695652173913,0.2727272727272727,0.17391304347826086,0.09090909090909091,8555,5.686355364275931,-3.730966873621095,1.955388490654836,0.34782608695652173,0.2727272727272727
11,5,0.0,0.0,3729,4992-41797-0022_3729-6852-0000,34.31757135416163,33.44866947088218,0.0,0.0,0.0,0.0,4992,32.01057313657692,-19.48294143054155,12.527631706035372,0.0,0.0
11,5,0.5454545454545454,0.2,4992,4992-41797-0022_3729-6852-0000,33.61426899687154,32.914605441929,0.18181818181818182,0.2,0.0,0.0,3729,33.21167853293018,-22.535440788334146,10.676237744596035,0.6363636363636364,0.6
7,3,0.0,0.0,5105,61-70970-0039_5105-28233-0001,32.416188530072404,31.650432754059484,0.0,0.0,0.0,0.0,61,32.14895044142419,-21.659618379517088,10.489332061907104,0.0,0.0
7,3,0.0,0.0,61,61-70970-0039_5105-28233-0001,30.049076320029403,28.648636087096975,0.0,0.0,0.0,0.0,5105,29.636382634180485,-19.11657214918035,10.519810485000134,0.14285714285714285,0.0
5,2,0.8,0.0,8455,7176-92135-0028_8455-210777-0024,-17.820742950168814,-8.810193243610136,0.2,0.0,0.2,0.0,7176,-3.933840691014307,-2.6071505105784523,-6.540991201592759,0.6,0.0
5,2,0.2,0.0,7176,7176-92135-0028_8455-210777-0024,35.79455350132598,38.034438346606976,0.2,0.0,0.0,0.0,8455,32.97396764850575,-22.12310859010218,10.850859058403566,0.2,0.0
18,8,0.0,0.0,237,2094-142345-0059_237-126133-0024,42.25144582996856,41.14015672573174,0.0,0.0,0.0,0.0,2094,41.24326061702708,-26.121240963790918,15.122019653236165,0.0,0.0
18,8,0.0,0.0,2094,2094-142345-0059_237-126133-0024,35.12039962142858,34.29857609276567,0.0,0.0,0.0,0.0,237,33.79606651309571,-24.08222339855022,9.71384311454549,0.05555555555555555,0.0
5,2,0.0,0.0,6930,237-134500-0041_6930-75918-0011,30.20993189732536,31.572013662208647,0.0,0.0,0.0,0.0,237,27.28466186931157,-17.955098524883216,9.329563344428355,0.0,0.0
5,2,0.0,0.0,237,237-134500-0041_6930-75918-0011,39.91533523514479,41.952409983074716,0.0,0.0,0.0,0.0,6930,41.005313974890925,-28.913427539176233,12.09188643571469,0.0,0.0
9,4,0.1111111111111111,0.0,2830,121-123859-0004_2830-3980-0075,19.90517529891891,13.95085013050717,0.1111111111111111,0.0,0.1111111111111111,0.0,121,19.377588102143047,-11.251482904430098,8.126105197712949,0.8888888888888888,1.0
9,4,0.0,0.0,121,121-123859-0004_2830-3980-0075,41.234120186457716,42.9021707698046,0.0,0.0,0.0,0.0,2830,44.196791433258426,-31.061212162158913,13.13557927109951,0.0,0.0
10,4,0.0,0.0,4970,1089-134686-0015_4970-29093-0003,52.03379072732904,44.494305199864385,0.0,0.0,0.0,0.0,1089,49.358827001749034,-30.844293145007164,18.514533856741874,0.0,0.0
10,4,0.0,0.0,1089,1089-134686-0015_4970-29093-0003,46.247630800473246,40.52705446103279,0.0,0.0,0.0,0.0,4970,45.7411766999662,-33.47145918416619,12.269717515800007,0.1,0.0
9,4,0.0,0.0,1580,8230-279154-0035_1580-141084-0047,34.673375946819924,36.09575938703628,0.0,0.0,0.0,0.0,8230,36.6196179934403,-24.362131843201176,12.257486150239128,0.0,0.0
9,4,0.0,0.0,8230,8230-279154-0035_1580-141084-0047,31.945930085134794,32.65939113369783,0.0,0.0,0.0,0.0,1580,34.2862157693234,-22.137792395536664,12.148423373786732,0.0,0.0
7,3,1.0,1.0,672,260-123288-0004_672-122797-0056,-5.0440227083285,-4.9671196579892944,0.8571428571428571,1.0,0.7142857142857143,0.6666666666666666,260,-2.743042461313485,0.9367237444332996,-1.8063187168801855,0.14285714285714285,0.0
7,3,0.0,0.0,260,260-123288-0004_672-122797-0056,16.37883367189079,15.76281968203603,0.0,0.0,0.0,0.0,672,12.613928354379778,-6.951976311471052,5.661952042908727,0.0,0.0
9,4,0.0,0.0,2961,2830-3980-0056_2961-961-0012,37.3893471511369,37.392910243728224,0.0,0.0,0.0,0.0,2830,37.8594047908915,-24.86287596546203,12.99652882542947,0.0,0.0
9,4,0.0,0.0,2830,2830-3980-0056_2961-961-0012,32.29826556222339,31.78528204559526,0.0,0.0,0.0,0.0,2961,32.38974472902922,-20.96342692849413,11.426317800535088,0.0,0.0
9,4,0.1111111111111111,0.0,2094,908-31957-0009_2094-142345-0024,30.291972499071864,30.7515139650505,0.0,0.0,0.0,0.0,908,30.768633194784908,-20.253974427437264,10.514658767347644,0.1111111111111111,0.0
9,4,0.1111111111111111,0.0,908,908-31957-0009_2094-142345-0024,38.36678298293084,39.36136303064745,0.0,0.0,0.0,0.0,2094,39.27924090656742,-24.5370184538794,14.742222452688026,0.1111111111111111,0.0
6,2,0.0,0.0,1580,121-127105-0023_1580-141083-0021,25.532952381983634,23.249647226103576,0.0,0.0,0.0,0.0,121,23.52043045086314,-15.561904275817982,7.958526175045159,1.0,1.0
6,2,0.0,0.0,121,121-127105-0023_1580-141083-0021,28.83542021391897,29.37513288896703,0.0,0.0,0.0,0.0,1580,29.039038505073208,-19.416334290591017,9.62270421448219,0.0,0.0
13,6,0.0,0.0,6930,8455-210777-0027_6930-76324-0021,35.120149359787064,35.10887376164859,0.0,0.0,0.0,0.0,8455,36.29850081548084,-21.957432323737795,14.341068491743048,0.07692307692307693,0.0
13,6,0.0,0.0,8455,8455-210777-0027_6930-76324-0021,32.94278515251175,32.28592574917908,0.0,0.0,0.0,0.0,6930,34.1054028550167,-24.94377316816093,9.16162968685577,0.0,0.0
5,2,0.0,0.0,6930,1221-135766-0012_6930-76324-0003,31.40387892152616,31.548067728849315,0.0,0.0,0.0,0.0,1221,31.41417543649596,-18.61402369496686,12.800151741529099,0.0,0.0
5,2,0.0,0.0,1221,1221-135766-0012_6930-76324-0003,34.62497805341445,34.89721765175473,0.0,0.0,0.0,0.0,6930,33.73828367184596,-23.54089782810437,10.19738584374159,0.0,0.0
5,2,0.0,0.0,4970,1188-133604-0040_4970-29093-0002,35.9222578708282,37.74282899357144,0.0,0.0,0.0,0.0,1188,35.19360692028171,-24.92637994036333,10.267226979918378,0.0,0.0
5,2,0.0,0.0,1188,1188-133604-0040_4970-29093-0002,28.361492282828948,29.686731627355215,0.0,0.0,0.0,0.0,4970,27.12859706978838,-18.10026289094574,9.028334178842641,0.0,0.0
6,2,0.8333333333333334,1.0,7176,61-70968-0007_7176-88083-0021,-21.326460209854538,-20.458873161796927,0.6666666666666666,1.0,0.6666666666666666,1.0,61,-20.420790526516022,8.97851078387382,-11.442279742642201,0.3333333333333333,0.0
6,2,0.16666666666666666,0.0,61,61-70968-0007_7176-88083-0021,24.915029703481242,23.454863617335292,0.0,0.0,0.0,0.0,7176,22.80469675621269,-13.125829575691885,9.678867180520804,0.16666666666666666,0.0
9,4,0.0,0.0,1284,4077-13751-0015_1284-1180-0029,31.38271699625832,33.09438159852425,0.0,0.0,0.0,0.0,4077,34.87790751495913,-25.192267141690685,9.685640373268447,0.1111111111111111,0.0
9,4,0.0,0.0,4077,4077-13751-0015_1284-1180-0029,36.69330988772399,36.39748814295808,0.0,0.0,0.0,0.0,1284,37.16028723528613,-23.37599345159548,13.784293783690647,0.0,0.0
8,3,0.0,0.0,2961,7729-102255-0026_2961-961-0000,30.37075003339718,29.21586924395784,0.0,0.0,0.0,0.0,7729,32.98614616613894,-23.036341140968037,9.949805025170903,0.5,0.0
8,3,0.125,0.0,7729,7729-102255-0026_2961-961-0000,36.678300158121665,35.89718655551056,0.125,0.0,0.0,0.0,2961,38.405483642815454,-23.74834872174131,14.657134921074146,0.125,0.0
8,3,0.0,0.0,2830,5105-28240-0006_2830-3979-0006,21.86509605799248,20.893352816006256,0.0,0.0,0.0,0.0,5105,21.68752715520219,-14.045442950728543,7.6420842044736474,0.0,0.0
8,3,0.125,0.0,5105,5105-28240-0006_2830-3979-0006,26.045355959630804,28.230514230865698,0.0,0.0,0.0,0.0,2830,29.052229480721557,-17.17119801173041,11.881031468991148,0.375,0.0
6,2,0.16666666666666666,0.0,260,2830-3980-0045_260-123288-0010,27.957533019930228,30.254418106574626,0.0,0.0,0.0,0.0,2830,30.121283254824547,-18.991586518573897,11.129696736250649,0.16666666666666666,0.0
6,2,0.3333333333333333,0.0,2830,2830-3980-0045_260-123288-0010,12.622762326558837,12.528701484798205,0.0,0.0,0.0,0.0,260,13.278459886857517,-8.654317799193636,4.624142087663881,0.5,0.0
7,3,0.2857142857142857,0.0,6829,3575-170457-0038_6829-68769-0009,17.575518092791487,17.260860674071115,0.2857142857142857,0.0,0.0,0.0,3575,19.14056783776496,-14.708374735877623,4.432193101887335,0.14285714285714285,0.3333333333333333
7,3,0.0,0.0,3575,3575-170457-0038_6829-68769-0009,20.229079167751173,20.658010359074975,0.0,0.0,0.0,0.0,6829,15.819551970893606,-9.560732899803055,6.25881907109055,0.0,0.0
18,8,0.9444444444444444,0.875,2094,4992-41797-0013_2094-142345-0033,-21.305948366702257,-20.482430019399118,0.3888888888888889,0.625,0.3888888888888889,0.625,4992,-21.800069161936513,7.254588873007152,-14.545480288929362,0.6111111111111112,0.375
18,8,0.1111111111111111,0.125,4992,4992-41797-0013_2094-142345-0033,29.7206846628488,29.31350084750545,0.0,0.0,0.0,0.0,2094,31.00414614772322,-21.179569203323215,9.824576944400002,0.4444444444444444,0.5
9,4,0.0,0.0,3570,1320-122617-0037_3570-5695-0009,46.846812063270114,46.61299908243719,0.0,0.0,0.0,0.0,1320,48.99510176082249,-30.831479720133473,18.163622040689024,0.0,0.0
9,4,0.0,0.0,1320,1320-122617-0037_3570-5695-0009,40.724695881709835,40.682431108374786,0.0,0.0,0.0,0.0,3570,41.42203414350375,-30.11305872313524,11.30897542036851,0.2222222222222222,0.0
9,4,0.1111111111111111,0.0,4992,672-122797-0034_4992-41806-0007,31.154580842601742,32.0032695103765,0.0,0.0,0.0,0.0,672,31.337884510530703,-20.127295724670432,11.21058878586027,0.1111111111111111,0.0
9,4,0.0,0.0,672,672-122797-0034_4992-41806-0007,28.030196734104457,27.976577403792902,0.0,0.0,0.0,0.0,4992,20.860273863147473,-12.689318149561299,8.170955713586174,0.0,0.0
7,3,0.0,0.0,4970,6930-76324-0025_4970-29095-0038,36.731930774329115,34.726408804586534,0.0,0.0,0.0,0.0,6930,35.598437344605344,-24.031412303308795,11.567025041296553,0.0,0.0
7,3,0.14285714285714285,0.0,6930,6930-76324-0025_4970-29095-0038,21.427654255608825,19.04275274082,0.0,0.0,0.0,0.0,4970,19.868258633198764,-13.878041445668917,5.990217187529848,0.2857142857142857,0.0
5,2,0.0,0.0,260,7729-102255-0001_260-123286-0006,15.701495427541222,17.127834636631604,0.0,0.0,0.0,0.0,7729,16.269906286560218,-9.930947545791637,6.33895874076858,0.2,0.0
5,2,0.0,0.0,7729,7729-102255-0001_260-123286-0006,25.326795787012365,26.528426078119182,0.0,0.0,0.0,0.0,260,25.881393904402465,-17.406745670229537,8.474648234172927,0.0,0.0
8,3,0.0,0.0,260,4992-41806-0015_260-123440-0020,18.7794326726134,18.86255747128942,0.0,0.0,0.0,0.0,4992,19.335352415196443,-10.53219564719933,8.803156767997113,0.0,0.0
8,3,0.25,0.0,4992,4992-41806-0015_260-123440-0020,14.639081177692043,9.077091048011345,0.25,0.0,0.0,0.0,260,12.155800869891126,-9.712198177597312,2.443602692293813,0.5,1.0
6,2,0.0,0.0,8224,1995-1837-0000_8224-274384-0013,32.518408482941396,32.879813365429925,0.0,0.0,0.0,0.0,1995,33.48043889189984,-20.355725168818427,13.124713723081413,0.0,0.0
6,2,0.0,0.0,1995,1995-1837-0000_8224-274384-0013,24.608400563809216,27.574095987161837,0.0,0.0,0.0,0.0,8224,19.21544053531739,-12.161057375665404,7.0543831596519855,0.5,0.0
5,2,1.0,1.0,2830,61-70968-0045_2830-3980-0001,-29.652954462444445,-29.481522089447417,0.8,1.0,0.8,1.0,61,-30.663727416276277,13.57547239110545,-17.088255025170827,0.2,0.0
5,2,0.2,0.5,61,61-70968-0045_2830-3980-0001,12.166419752879117,11.354160030719354,0.2,0.5,0.0,0.0,2830,14.471143220671898,-8.346874182660258,6.124269038011639,0.4,0.5
13,6,0.8461538461538461,0.8333333333333334,4970,4992-41797-0020_4970-29095-0018,-7.871472644564873,-6.935624288892993,0.23076923076923078,0.16666666666666666,0.23076923076923078,0.16666666666666666,4992,-10.225117065189156,4.376678192130888,-5.848438873058268,0.6923076923076923,0.8333333333333334
13,6,0.0,0.0,4992,4992-41797-0020_4970-29095-0018,26.250063000459726,22.64882801172347,0.0,0.0,0.0,0.0,4970,22.778895533346713,-13.993394822765254,8.78550071058146,0.3076923076923077,0.5
5,2,0.2,0.0,4507,8463-287645-0008_4507-16021-0001,0.850334619537685,-1.3733774548363573,0.0,0.0,0.0,0.0,8463,-0.09308368193467964,-0.8061078523775338,-0.8991915343122134,0.4,0.0
5,2,0.2,0.0,8463,8463-287645-0008_4507-16021-0001,26.0448159321299,26.877290145052854,0.0,0.0,0.0,0.0,4507,20.258667448962445,-11.529765359606285,8.72890208935616,0.6,0.0
5,2,0.0,0.0,8230,1995-1826-0003_8230-279154-0036,36.61485252883822,35.836148433523405,0.0,0.0,0.0,0.0,1995,36.48478410778939,-25.525614494753786,10.959169613035604,0.0,0.0
5,2,0.0,0.0,1995,1995-1826-0003_8230-279154-0036,39.57107590660367,37.71767281412536,0.0,0.0,0.0,0.0,8230,37.6145312189316,-23.43653317751958,14.177998041412021,0.0,0.0
5,2,0.0,0.0,1089,6829-68769-0027_1089-134686-0010,42.26085144473571,43.34049364691238,0.0,0.0,0.0,0.0,6829,43.22340749948307,-27.466030334958653,15.757377164524424,0.0,0.0
5,2,0.0,0.0,6829,6829-68769-0027_1089-134686-0010,37.331411757712345,38.81986865515718,0.0,0.0,0.0,0.0,1089,38.658465390455426,-26.655395160289004,12.003070230166424,0.0,0.0
9,4,0.0,0.0,61,7176-88083-0019_61-70968-0019,24.737202913010627,23.098726786529475,0.0,0.0,0.0,0.0,7176,25.007811158309536,-15.300602523475003,9.707208634834531,0.1111111111111111,0.0
9,4,0.7777777777777778,0.75,7176,7176-88083-0019_61-70968-0019,-9.07768069069926,-8.49045716940036,0.4444444444444444,0.75,0.4444444444444444,0.75,61,-10.457023658908957,4.410630082295377,-6.04639357661358,0.5555555555555556,0.25
5,2,0.0,0.0,260,6829-68769-0031_260-123288-0000,32.36577617993341,31.846674783029087,0.0,0.0,0.0,0.0,6829,32.26172220913275,-22.644447739566196,9.617274469566553,0.0,0.0
5,2,0.2,0.0,6829,6829-68769-0031_260-123288-0000,32.89689758422945,37.03903364294363,0.0,0.0,0.0,0.0,260,37.61995758581902,-22.905145854039546,14.714811731779474,0.2,0.0
7,3,0.42857142857142855,0.6666666666666666,908,61-70970-0034_908-31957-0020,-3.029648077155869,-6.312074632417129,0.42857142857142855,0.6666666666666666,0.2857142857142857,0.6666666666666666,61,-9.322854718476938,3.471394062022242,-5.851460656454695,0.2857142857142857,0.0
7,3,0.2857142857142857,0.0,61,61-70970-0034_908-31957-0020,19.798968044538643,23.082325168455327,0.14285714285714285,0.0,0.14285714285714285,0.0,908,25.027038178408734,-14.539861016138005,10.48717716227073,0.14285714285714285,0.3333333333333333
6,2,0.0,0.0,2094,4507-16021-0050_2094-142345-0054,35.26140240363704,36.66559631476421,0.0,0.0,0.0,0.0,4507,37.193029951801634,-21.588722790888152,15.604307160913478,0.3333333333333333,0.0
6,2,0.3333333333333333,0.0,4507,4507-16021-0050_2094-142345-0054,15.828032931547279,7.048003307676028,0.0,0.0,0.0,0.0,2094,13.374356500095178,-11.397477229353845,1.976879270741334,0.5,0.5
11,5,0.0,0.0,4446,8230-279154-0022_4446-2271-0009,32.98717056710046,32.93672067962136,0.0,0.0,0.0,0.0,8230,32.032038149977595,-21.208339241542753,10.823698908434846,0.0,0.0
11,5,0.0,0.0,8230,8230-279154-0022_4446-2271-0009,34.71953371154021,34.34837307359787,0.0,0.0,0.0,0.0,4446,33.90907837444989,-20.502652658618075,13.406425715831814,0.0,0.0
5,2,0.0,0.0,8455,1580-141083-0023_8455-210777-0048,30.262606910091428,31.555325647738066,0.0,0.0,0.0,0.0,1580,31.69631519124676,-21.32068429151342,10.375630899733343,0.0,0.0
5,2,0.0,0.0,1580,1580-141083-0023_8455-210777-0048,30.856012346218044,33.09071002074788,0.0,0.0,0.0,0.0,8455,31.039100908271685,-19.632579913268145,11.406520995003538,0.2,0.0
11,5,0.0,0.0,1580,1284-1180-0017_1580-141084-0031,43.51730176060992,41.94671302673265,0.0,0.0,0.0,0.0,1284,43.008515560456885,-27.292311718550266,15.71620384190662,0.0,0.0
11,5,0.0,0.0,1284,1284-1180-0017_1580-141084-0031,30.46948615902846,30.564458742306375,0.0,0.0,0.0,0.0,1580,31.33792885730515,-21.77881827191254,9.559110585392611,0.0,0.0
12,5,0.0,0.0,7729,1995-1836-0009_7729-102255-0020,31.058881452874193,32.10283342865033,0.0,0.0,0.0,0.0,1995,31.517500578549814,-20.460117142745883,11.057383435803933,0.0,0.0
12,5,0.0,0.0,1995,1995-1836-0009_7729-102255-0020,24.502466689101457,24.840908529809393,0.0,0.0,0.0,0.0,7729,23.15920897106645,-15.56550566633732,7.593703304729132,0.0,0.0
7,3,0.0,0.0,121,2300-131720-0021_121-121726-0004,40.83784344114717,40.990548741859236,0.0,0.0,0.0,0.0,2300,40.36922591380917,-26.238432588900512,14.130793324908655,0.0,0.0
7,3,0.0,0.0,2300,2300-131720-0021_121-121726-0004,31.063819982899734,31.9970324219056,0.0,0.0,0.0,0.0,121,31.15279503834022,-21.541443876908524,9.611351161431696,1.0,1.0
7,3,0.0,0.0,5683,3729-6852-0016_5683-32879-0022,34.10892737711335,30.978090763839884,0.0,0.0,0.0,0.0,3729,31.247635463570894,-21.60314339571785,9.644492067853042,0.0,0.0
7,3,0.0,0.0,3729,3729-6852-0016_5683-32879-0022,34.323465480963186,34.099478839203904,0.0,0.0,0.0,0.0,5683,32.12267266266721,-20.008203573162454,12.11446908950476,0.0,0.0
5,2,0.0,0.0,4507,8463-294828-0001_4507-16021-0028,13.73035424399454,11.932764712268533,0.0,0.0,0.0,0.0,8463,8.961683462528809,-5.510510862881147,3.451172599647662,0.0,0.0
5,2,0.0,0.0,8463,8463-294828-0001_4507-16021-0028,29.134461705151352,29.23001656323396,0.0,0.0,0.0,0.0,4507,31.175191277507764,-20.636352420084144,10.538838857423622,0.0,0.0
5,2,0.0,0.0,2830,1995-1826-0015_2830-3980-0020,31.850848944513455,31.22777655737103,0.0,0.0,0.0,0.0,1995,30.589291318813494,-19.288857460537795,11.300433858275698,0.4,0.0
5,2,0.0,0.0,1995,1995-1826-0015_2830-3980-0020,33.93321237272077,33.77325852633676,0.0,0.0,0.0,0.0,2830,34.932274344025736,-23.2457737440896,11.686500599936133,0.0,0.0
12,5,0.0,0.0,61,7729-102255-0033_61-70968-0010,19.698830856018585,18.66255155202355,0.0,0.0,0.0,0.0,7729,20.717799094853355,-13.79771583698731,6.920083257866044,0.16666666666666666,0.0
12,5,0.0,0.0,7729,7729-102255-0033_61-70968-0010,19.541406133332202,18.496772458575084,0.0,0.0,0.0,0.0,61,20.044179023460547,-12.321812768804163,7.722366254656384,0.08333333333333333,0.0
10,4,0.2,0.0,5142,8555-284449-0019_5142-33396-0054,43.592058752333706,44.32939288345327,0.0,0.0,0.0,0.0,8555,42.89104626922025,-27.9085357225347,14.982510546685546,0.3,0.0
10,4,0.0,0.0,8555,8555-284449-0019_5142-33396-0054,41.779945168931604,44.42518089354629,0.0,0.0,0.0,0.0,5142,37.76597433788646,-24.774211596196437,12.991762741690025,0.0,0.0
5,2,0.0,0.0,61,6930-81414-0021_61-70968-0032,42.06752373454023,40.86394427551711,0.0,0.0,0.0,0.0,6930,42.89041080697366,-27.15790986385627,15.732500943117397,0.0,0.0
5,2,0.0,0.0,6930,6930-81414-0021_61-70968-0032,40.24531782380227,38.31930303025332,0.0,0.0,0.0,0.0,61,41.10560977653779,-28.371099769261733,12.734510007276054,0.6,1.0
5,2,0.0,0.0,7127,8230-279154-0027_7127-75946-0021,41.0395590198777,38.22238981236409,0.0,0.0,0.0,0.0,8230,41.50072999652879,-23.589964579440807,17.910765417087987,0.0,0.0
5,2,0.0,0.0,8230,8230-279154-0027_7127-75946-0021,24.647701774058376,27.518833467915293,0.0,0.0,0.0,0.0,7127,25.699823846134258,-20.541074659509665,5.158749186624595,0.2,0.0
8,3,0.0,0.0,121,7729-102255-0039_121-127105-0006,40.809492403055,42.47192742714865,0.0,0.0,0.0,0.0,7729,41.838920001323395,-25.998788265901197,15.840131735422197,0.0,0.0
8,3,0.0,0.0,7729,7729-102255-0039_121-127105-0006,31.198494242830265,32.60495259136997,0.0,0.0,0.0,0.0,121,30.78908692320575,-21.338821521594404,9.450265401611347,0.75,0.3333333333333333
9,4,0.0,0.0,1995,1089-134686-0024_1995-1836-0013,33.16450917309041,34.001774227013755,0.0,0.0,0.0,0.0,1089,31.607888054610363,-21.84865960931782,9.759228445292544,0.0,0.0
9,4,0.0,0.0,1089,1089-134686-0024_1995-1836-0013,36.38772736974742,37.34049894979439,0.0,0.0,0.0,0.0,1995,35.34359143019298,-23.369236548199126,11.974354881993852,0.0,0.0
5,2,0.0,0.0,7729,5142-33396-0057_7729-102255-0010,28.695644066805063,27.73261189396137,0.0,0.0,0.0,0.0,5142,29.228235566728692,-20.034004479706248,9.194231087022445,0.0,0.0
5,2,0.0,0.0,5142,5142-33396-0057_7729-102255-0010,33.686944869551255,33.166219812426334,0.0,0.0,0.0,0.0,7729,35.890688994083646,-22.75744693111505,13.133242062968598,0.0,0.0
5,2,0.0,0.0,1320,4446-2271-0005_1320-122617-0041,39.19698044428084,38.30711752982999,0.0,0.0,0.0,0.0,4446,37.72451213571105,-26.251258974492266,11.473253161218782,0.2,0.0
5,2,0.0,0.0,4446,4446-2271-0005_1320-122617-0041,39.947102287533696,39.97038145507929,0.0,0.0,0.0,0.0,1320,38.563000350254214,-23.774451999885294,14.78854835036892,0.0,0.0
16,7,0.375,0.2857142857142857,4446,3570-5694-0020_4446-2273-0000,39.39586903888496,39.441142549222484,0.0,0.0,0.0,0.0,3570,39.08762960331241,-25.482448880831676,13.605180722480728,0.5,0.2857142857142857
16,7,0.0,0.0,3570,3570-5694-0020_4446-2273-0000,38.43609369503998,38.41357887151035,0.0,0.0,0.0,0.0,4446,38.376423887248684,-26.152782017094353,12.223641870154331,0.0,0.0
9,4,0.0,0.0,7176,237-134493-0016_7176-92135-0005,33.60038140711784,33.97451477181683,0.0,0.0,0.0,0.0,237,35.68692172842321,-24.342873855537512,11.344047872885694,0.0,0.0
9,4,0.0,0.0,237,237-134493-0016_7176-92135-0005,36.410826713319246,36.22380031214086,0.0,0.0,0.0,0.0,7176,37.09409188310677,-23.356758457080097,13.737333426026675,0.0,0.0
8,3,0.625,0.6666666666666666,8230,672-122797-0018_8230-279154-0041,-17.45558516779372,-18.462928815500668,0.5,0.6666666666666666,0.5,0.6666666666666666,672,-15.374672932089249,5.333065035149838,-10.04160789693941,0.125,0.0
8,3,0.375,0.3333333333333333,672,672-122797-0018_8230-279154-0041,24.358105514947177,24.154258837394792,0.25,0.0,0.125,0.0,8230,22.968542014855515,-14.896401126189813,8.072140888665704,0.25,0.3333333333333333
5,2,0.0,0.0,260,4507-16021-0053_260-123286-0004,24.62844803009104,25.17519393515832,0.0,0.0,0.0,0.0,4507,25.01215158888577,-18.09996177616718,6.912189812718591,0.0,0.0
5,2,0.2,0.0,4507,4507-16021-0053_260-123286-0004,35.345539889514285,35.06830482217129,0.0,0.0,0.0,0.0,260,36.24118376503452,-23.200714734841842,13.040469030192682,0.4,0.5
8,3,0.0,0.0,237,1089-134691-0014_237-134500-0012,32.96440177915109,32.3998072608992,0.0,0.0,0.0,0.0,1089,33.688848275394534,-22.306714888431365,11.382133386963169,0.0,0.0
8,3,0.0,0.0,1089,1089-134691-0014_237-134500-0012,41.40003844362431,41.52177393375917,0.0,0.0,0.0,0.0,237,42.216437614058606,-26.696931567950895,15.519506046107708,0.0,0.0
11,5,0.18181818181818182,0.0,1188,2830-3979-0000_1188-133604-0015,11.209884543470833,12.417569375149045,0.09090909090909091,0.0,0.0,0.0,2830,9.770577985594246,-5.56675832076542,4.203819664828826,0.36363636363636365,0.2
11,5,0.6363636363636364,0.8,2830,2830-3979-0000_1188-133604-0015,-0.08605690826197397,-2.9079353857954735,0.2727272727272727,0.2,0.2727272727272727,0.2,1188,-4.193401303874088,0.6767818660155411,-3.516619437858547,0.45454545454545453,0.8
8,3,0.0,0.0,6829,1089-134686-0023_6829-68771-0020,36.04110633447625,36.502411356872166,0.0,0.0,0.0,0.0,1089,37.63931118379213,-24.175219090002177,13.464092093789954,0.0,0.0
8,3,0.0,0.0,1089,1089-134686-0023_6829-68771-0020,38.0956731925759,37.672878127768975,0.0,0.0,0.0,0.0,6829,38.199411244241986,-26.50511364977291,11.694297594469077,0.0,0.0
8,3,0.0,0.0,1580,4992-41806-0014_1580-141083-0004,33.45497363102159,30.18620801704543,0.0,0.0,0.0,0.0,4992,28.071679363691615,-16.33027909491993,11.741400268771686,0.125,0.0
8,3,0.0,0.0,4992,4992-41806-0014_1580-141083-0004,14.94050014660699,17.105435440557816,0.0,0.0,0.0,0.0,1580,16.902779223580737,-12.700555550155341,4.202223673425395,0.125,0.0
8,3,0.0,0.0,7127,1320-122617-0004_7127-75946-0003,32.54691356797865,31.418431455082693,0.0,0.0,0.0,0.0,1320,30.455668385025223,-18.669710894948498,11.785957490076726,0.0,0.0
8,3,0.0,0.0,1320,1320-122617-0004_7127-75946-0003,25.04224208367133,26.313739448962565,0.0,0.0,0.0,0.0,7127,26.37118807556169,-19.182320412702364,7.1888676628593275,0.25,0.0
6,2,0.0,0.0,260,237-134493-0000_260-123286-0017,33.40090140675077,32.907844720803254,0.0,0.0,0.0,0.0,237,34.67083007767752,-22.38087237496474,12.289957702712782,0.0,0.0
6,2,0.0,0.0,237,237-134493-0000_260-123286-0017,34.08848429116873,34.781987451639736,0.0,0.0,0.0,0.0,260,34.61012810578494,-23.899318221818984,10.71080988396595,0.0,0.0
6,2,0.0,0.0,3570,61-70970-0023_3570-5696-0007,31.946000620879207,33.801697882557704,0.0,0.0,0.0,0.0,61,32.01554109012008,-23.96744810267141,8.048092987448673,0.0,0.0
6,2,0.0,0.0,61,61-70970-0023_3570-5696-0007,34.24625011646781,34.33414760884211,0.0,0.0,0.0,0.0,3570,31.302146562514565,-19.075176770754524,12.226969791760043,0.0,0.0
7,3,0.0,0.0,1320,7127-75947-0035_1320-122617-0031,34.20588916536043,32.68935251373569,0.0,0.0,0.0,0.0,7127,33.07121464339899,-20.97260876433346,12.098605879065527,0.0,0.0
7,3,0.0,0.0,7127,7127-75947-0035_1320-122617-0031,31.542352057124415,29.33314570604594,0.0,0.0,0.0,0.0,1320,31.77043962133045,-20.845022680537877,10.925416940792573,0.0,0.0
9,4,0.0,0.0,260,6930-81414-0020_260-123286-0002,45.49687173050117,45.52201187781185,0.0,0.0,0.0,0.0,6930,45.97873764697335,-30.70962028846907,15.26911735850428,0.0,0.0
9,4,0.1111111111111111,0.0,6930,6930-81414-0020_260-123286-0002,44.50479354793063,43.782715546902985,0.0,0.0,0.0,0.0,260,44.68788547318417,-29.07292489179046,15.614960581393706,0.3333333333333333,0.25
16,7,0.0625,0.0,5639,8224-274384-0005_5639-40744-0021,26.7650784558729,28.599441861808288,0.0625,0.0,0.0,0.0,8224,25.101691639654014,-16.097391724145,9.00429991550901,0.0625,0.0
16,7,0.0,0.0,8224,8224-274384-0005_5639-40744-0021,22.17918005713377,22.432138063304166,0.0,0.0,0.0,0.0,5639,18.86726686427867,-11.57909694639235,7.288169917886318,0.375,0.14285714285714285
19,9,0.8947368421052632,1.0,908,8555-284447-0006_908-31957-0021,-27.049466191369476,-29.51659555514348,0.8947368421052632,1.0,0.8947368421052632,1.0,8555,-28.814236607342657,8.472189023841674,-20.342047583500985,0.10526315789473684,0.0
19,9,0.05263157894736842,0.0,8555,8555-284447-0006_908-31957-0021,34.273073869986796,36.29130638163724,0.0,0.0,0.0,0.0,908,35.7001411536304,-26.118656335938173,9.581484817692225,0.05263157894736842,0.0
8,3,0.0,0.0,237,6829-68769-0040_237-126133-0007,30.88085440274837,29.454776583551794,0.0,0.0,0.0,0.0,6829,30.23012317409216,-19.962711942184125,10.267411231908035,0.0,0.0
8,3,0.125,0.0,6829,6829-68769-0040_237-126133-0007,30.808402448760386,31.731724924177172,0.0,0.0,0.0,0.0,237,30.461401204246343,-20.023073925487267,10.438327278759076,0.125,0.0
5,2,0.0,0.0,2961,4970-29093-0015_2961-961-0016,13.06115688994716,11.774136975882634,0.0,0.0,0.0,0.0,4970,8.982931318893506,-6.7686015339940955,2.214329784899411,0.2,0.0
5,2,0.0,0.0,4970,4970-29093-0015_2961-961-0016,34.950925927438426,28.58879826629523,0.0,0.0,0.0,0.0,2961,32.428655359521414,-20.254868824938583,12.17378653458283,0.0,0.0
13,6,0.0,0.0,7176,7127-75947-0016_7176-92135-0017,32.937137554928725,32.34930945039808,0.0,0.0,0.0,0.0,7127,31.470506510521787,-21.049907601195024,10.420598909326763,0.07692307692307693,0.0
13,6,0.0,0.0,7127,7127-75947-0016_7176-92135-0017,29.82227564184344,27.95959325263681,0.0,0.0,0.0,0.0,7176,26.619839342754737,-17.37165267111388,9.248186671640857,0.0,0.0
5,2,0.0,0.0,1089,8463-294825-0005_1089-134691-0019,37.525344891499486,36.706068635148895,0.0,0.0,0.0,0.0,8463,38.646038690282595,-26.455406391762747,12.190632298519846,0.0,0.0
5,2,0.0,0.0,8463,8463-294825-0005_1089-134691-0019,42.01741230027448,41.67675441813198,0.0,0.0,0.0,0.0,1089,43.30752285628715,-26.78277954438593,16.52474331190122,0.0,0.0
8,3,0.0,0.0,1284,4446-2273-0025_1284-1181-0010,29.074178819566015,27.909918476426082,0.0,0.0,0.0,0.0,4446,32.17915693817082,-21.974515356531672,10.204641581639144,0.0,0.0
8,3,0.0,0.0,4446,4446-2273-0025_1284-1181-0010,34.95251519885302,35.67608809695571,0.0,0.0,0.0,0.0,1284,34.68551344743602,-21.411718669490767,13.273794777945252,0.0,0.0
13,6,0.0,0.0,7127,3575-170457-0005_7127-75947-0024,37.84497325399267,37.117564292980546,0.0,0.0,0.0,0.0,3575,36.75761328323437,-22.83736885447029,13.920244428764079,0.0,0.0
13,6,0.0,0.0,3575,3575-170457-0005_7127-75947-0024,35.21559990033333,34.236043920280224,0.0,0.0,0.0,0.0,7127,33.40910923119034,-22.952922652408812,10.456186578781534,0.0,0.0
5,2,0.6,0.5,4992,3729-6852-0013_4992-41797-0014,15.890594702657882,12.722286758828822,0.2,0.0,0.0,0.0,3729,16.599862669856407,-11.597147689435728,5.002714980420677,0.6,1.0
5,2,0.0,0.0,3729,3729-6852-0013_4992-41797-0014,16.218403542571682,10.854510750443772,0.0,0.0,0.0,0.0,4992,13.386035703620202,-9.133967893816376,4.252067809803827,0.4,0.0
12,5,0.0,0.0,6829,2961-960-0016_6829-68769-0005,23.31036529696745,21.604246543082574,0.0,0.0,0.0,0.0,2961,20.19331547703029,-14.864966606081463,5.328348870948824,0.08333333333333333,0.0
12,5,0.0,0.0,2961,2961-960-0016_6829-68769-0005,23.50023676928797,24.187481204815914,0.0,0.0,0.0,0.0,6829,19.02146378391396,-11.977601732129742,7.0438620517842185,0.0,0.0
5,2,0.0,0.0,8463,6829-68771-0006_8463-294828-0016,27.700388965645544,29.26443177136957,0.0,0.0,0.0,0.0,6829,23.461549936417853,-13.505102233041033,9.956447703376819,0.0,0.0
5,2,0.0,0.0,6829,6829-68771-0006_8463-294828-0016,25.030997268725486,24.47469826734345,0.0,0.0,0.0,0.0,8463,27.025492317529736,-18.962807480763118,8.062684836766618,0.0,0.0
11,5,0.0,0.0,2961,8224-274384-0007_2961-961-0019,42.395132096634654,40.30808340218012,0.0,0.0,0.0,0.0,8224,40.817770109668444,-27.208150900747967,13.609619208920478,0.0,0.0
11,5,0.0,0.0,8224,8224-274384-0007_2961-961-0019,35.56661053982589,38.469857057812625,0.0,0.0,0.0,0.0,2961,37.17978301661374,-23.924827700223382,13.254955316390355,0.0,0.0
10,4,0.2,0.25,4992,237-134493-0002_4992-41797-0002,29.186606447595693,25.87487631852241,0.0,0.0,0.0,0.0,237,27.51476867525836,-18.74980539087533,8.764963284383029,0.5,1.0
10,4,0.0,0.0,237,237-134493-0002_4992-41797-0002,28.699391095064662,27.20091923414269,0.0,0.0,0.0,0.0,4992,26.986716557293626,-16.81868729904433,10.168029258249295,0.1,0.0
14,6,0.0,0.0,1284,7729-102255-0038_1284-1180-0000,28.218433994829972,27.072940004922447,0.0,0.0,0.0,0.0,7729,26.616778237563057,-18.02479660980026,8.591981627762799,0.0,0.0
14,6,0.0,0.0,7729,7729-102255-0038_1284-1180-0000,32.96333356582494,31.66118196657493,0.0,0.0,0.0,0.0,1284,31.844008729774238,-19.96773240961957,11.87627632015467,0.07142857142857142,0.0
10,4,0.0,0.0,6930,2830-3980-0036_6930-76324-0002,40.10362424330559,41.71718486320887,0.0,0.0,0.0,0.0,2830,41.717644848261585,-26.49362358292775,15.224021265333835,0.0,0.0
10,4,0.1,0.0,2830,2830-3980-0036_6930-76324-0002,19.376054702098948,19.414550288625872,0.0,0.0,0.0,0.0,6930,20.795426740100325,-16.44474590155247,4.3506808385478575,0.1,0.0
10,4,0.3,0.25,121,2830-3980-0038_121-127105-0007,18.98467799072873,16.482580724232193,0.0,0.0,0.0,0.0,2830,15.31489515365086,-11.106393875527798,4.208501278123062,0.4,0.25
10,4,0.0,0.0,2830,2830-3980-0038_121-127105-0007,24.30455004852347,19.099220116349272,0.0,0.0,0.0,0.0,121,18.305726346653522,-12.037580171535062,6.268146175118461,0.8,1.0
6,3,0.16666666666666666,0.0,5683,2961-961-0015_5683-32865-0015,17.270306482232133,14.511406807015149,0.0,0.0,0.0,0.0,2961,14.119380736870479,-9.335025725297559,4.784355011572919,0.3333333333333333,0.0
6,3,0.0,0.0,2961,2961-961-0015_5683-32865-0015,30.247153553284075,27.538932245975786,0.0,0.0,0.0,0.0,5683,26.45589787272084,-18.43312287070856,8.02277500201228,0.16666666666666666,0.0
9,4,0.2222222222222222,0.0,4970,237-134500-0002_4970-29093-0019,9.663258399245057,10.925444096808139,0.0,0.0,0.0,0.0,237,10.117871954333005,-5.639190686354118,4.478681267978887,0.2222222222222222,0.0
9,4,0.1111111111111111,0.0,237,237-134500-0002_4970-29093-0019,31.171134431518,30.456679350935772,0.0,0.0,0.0,0.0,4970,31.20964568771818,-20.258087957766428,10.951557729951752,0.2222222222222222,0.0
9,4,0.0,0.0,5683,672-122797-0038_5683-32866-0002,43.42012803963932,45.04109153400453,0.0,0.0,0.0,0.0,672,45.797591157885265,-30.076155598348855,15.721435559536413,0.0,0.0
9,4,0.0,0.0,672,672-122797-0038_5683-32866-0002,43.57209568023622,42.72877696583223,0.0,0.0,0.0,0.0,5683,43.07588102468952,-27.898807373066784,15.177073651622738,0.0,0.0
14,6,0.0,0.0,1995,5639-40744-0014_1995-1837-0018,37.561559200797674,37.79134982940025,0.0,0.0,0.0,0.0,5639,37.839820664692105,-24.505809401514522,13.334011263177583,0.0,0.0
14,6,0.0,0.0,5639,5639-40744-0014_1995-1837-0018,38.67363783433433,38.254126291807474,0.0,0.0,0.0,0.0,1995,37.52385045582672,-24.383854663272665,13.139995792554052,0.0,0.0
7,3,0.14285714285714285,0.0,4507,3570-5696-0006_4507-16021-0021,43.53799812803947,42.021614794951155,0.0,0.0,0.0,0.0,3570,42.626428835619265,-26.115784522105322,16.510644313513943,0.14285714285714285,0.0
7,3,0.0,0.0,3570,3570-5696-0006_4507-16021-0021,41.4388667735068,39.276679569605044,0.0,0.0,0.0,0.0,4507,40.6744284928972,-28.057321174537492,12.617107318359706,0.14285714285714285,0.0
8,3,0.0,0.0,2830,4077-13754-0000_2830-3980-0074,30.884013697415917,29.639400703991058,0.0,0.0,0.0,0.0,4077,33.06366025867753,-21.15477634964006,11.908883909037469,0.0,0.0
8,3,0.0,0.0,4077,4077-13754-0000_2830-3980-0074,25.522920506473067,24.574881241740076,0.0,0.0,0.0,0.0,2830,28.112329352971457,-19.17826554407642,8.934063808895035,0.125,0.0
5,2,0.0,0.0,1580,260-123288-0002_1580-141084-0019,37.72029527687798,38.49944996012097,0.0,0.0,0.0,0.0,260,37.77304930615951,-24.110285691952317,13.66276361420719,0.4,0.0
5,2,0.0,0.0,260,260-123288-0002_1580-141084-0019,40.202743291996,38.63222371302044,0.0,0.0,0.0,0.0,1580,40.18550580797833,-28.17531767800898,12.010188129969354,0.0,0.0
14,6,0.0,0.0,8230,5105-28240-0024_8230-279154-0014,28.63740843602659,28.445913330204586,0.0,0.0,0.0,0.0,5105,28.441337421545406,-19.13609357933764,9.305243842207767,0.07142857142857142,0.0
14,6,0.0,0.0,5105,5105-28240-0024_8230-279154-0014,32.93495426633226,32.93193705152806,0.0,0.0,0.0,0.0,8230,32.7360869323299,-20.499274788139207,12.236812144190692,0.0,0.0
9,4,0.0,0.0,1995,6829-68769-0032_1995-1826-0005,29.918856214032058,30.752908087631454,0.0,0.0,0.0,0.0,6829,28.83978617832194,-19.957096629969513,8.882689548352428,0.0,0.0
9,4,0.1111111111111111,0.0,6829,6829-68769-0032_1995-1826-0005,32.25000712645786,32.785502318531655,0.0,0.0,0.0,0.0,1995,31.673040844333705,-18.645567092013597,13.027473752320109,0.5555555555555556,0.5
5,2,0.0,0.0,4992,2094-142345-0053_4992-23283-0008,26.93731315555225,28.650253627695207,0.0,0.0,0.0,0.0,2094,28.903483940357837,-17.530910228891138,11.372573711466698,0.0,0.0
5,2,0.0,0.0,2094,2094-142345-0053_4992-23283-0008,22.239073578367776,24.74591961401154,0.0,0.0,0.0,0.0,4992,28.269242346842802,-20.964209615634466,7.305032731208334,0.0,0.0
5,2,0.0,0.0,7729,237-126133-0001_7729-102255-0000,37.714464438347285,37.69339819451599,0.0,0.0,0.0,0.0,237,37.67611780018239,-23.59553396449637,14.080583835686022,0.0,0.0
5,2,0.0,0.0,237,237-126133-0001_7729-102255-0000,34.473248861680375,34.65099568041122,0.0,0.0,0.0,0.0,7729,35.63941353742215,-23.973764703032955,11.665648834389197,0.0,0.0
6,2,0.0,0.0,908,1580-141083-0046_908-157963-0012,22.42884218422208,27.534172966914856,0.0,0.0,0.0,0.0,1580,27.07369196641034,-19.142863429285295,7.930828537125044,0.16666666666666666,0.0
6,2,0.0,0.0,1580,1580-141083-0046_908-157963-0012,35.81517861148772,37.84384038437213,0.0,0.0,0.0,0.0,908,37.602916175227094,-23.669673459049882,13.933242716177215,0.0,0.0
7,3,0.0,0.0,1284,6829-68769-0012_1284-1181-0001,27.561934062722703,28.685103592049558,0.0,0.0,0.0,0.0,6829,25.296525299782118,-17.299899735587662,7.996625564194457,0.0,0.0
7,3,0.0,0.0,6829,6829-68769-0012_1284-1181-0001,23.846814340973165,25.05549719238137,0.0,0.0,0.0,0.0,1284,21.446758122773034,-14.39242064496363,7.054337477809401,0.5714285714285714,0.3333333333333333
8,3,0.375,0.6666666666666666,672,908-157963-0015_672-122797-0030,10.80656470320578,8.744546803186324,0.25,0.3333333333333333,0.25,0.3333333333333333,908,15.40764135557647,-8.889143391698356,6.518497963878113,0.375,0.3333333333333333
8,3,0.5,0.3333333333333333,908,908-157963-0015_672-122797-0030,-10.457709820194099,-7.904666406634862,0.375,0.3333333333333333,0.375,0.3333333333333333,672,-14.744652554456067,6.32429645954582,-8.420356094910247,0.375,0.3333333333333333
7,3,0.5714285714285714,0.3333333333333333,7176,61-70968-0014_7176-92135-0009,8.724246613024594,3.956320546932855,0.5714285714285714,0.3333333333333333,0.0,0.0,61,5.330942421534328,-3.299731103752326,2.031211317782002,0.14285714285714285,0.3333333333333333
7,3,0.5714285714285714,0.6666666666666666,61,61-70968-0014_7176-92135-0009,-6.313218955390491,-2.9716744598466867,0.2857142857142857,0.0,0.14285714285714285,0.0,7176,-4.546371944762671,1.9930241689494332,-2.553347775813238,0.2857142857142857,0.6666666666666666
5,2,0.2,0.0,7127,6930-76324-0000_7127-75946-0002,13.239897628579417,14.713925568690545,0.0,0.0,0.0,0.0,6930,12.24572372431826,-8.72892022116044,3.516803503157821,0.2,0.0
5,2,0.2,0.0,6930,6930-76324-0000_7127-75946-0002,10.911981545978623,12.978349187164575,0.2,0.0,0.2,0.0,7127,14.283556383007195,-7.749715165403595,6.5338412176036,0.0,0.0
10,4,0.0,0.0,7127,1320-122617-0011_7127-75947-0003,27.666256440596424,27.088358446930428,0.0,0.0,0.0,0.0,1320,28.673678488014133,-18.345154872277995,10.32852361573614,0.0,0.0
10,4,0.1,0.0,1320,1320-122617-0011_7127-75947-0003,33.23913577719328,33.244819028702366,0.1,0.0,0.0,0.0,7127,34.224102250620234,-22.49547508182249,11.728627168797743,0.1,0.25
6,2,0.0,0.0,5142,4992-23283-0017_5142-33396-0002,30.390845606140036,30.80340524111829,0.0,0.0,0.0,0.0,4992,33.027359864711315,-22.203584237131707,10.823775627579604,0.0,0.0
6,2,0.0,0.0,4992,4992-23283-0017_5142-33396-0002,35.88792232768737,32.496717361379055,0.0,0.0,0.0,0.0,5142,38.900879259144965,-24.211128937350605,14.68975032179436,0.3333333333333333,0.0
5,2,0.4,0.5,5142,1221-135766-0009_5142-33396-0058,-17.811416170704984,-15.6000306907003,0.4,0.5,0.4,0.5,1221,-17.48495461880035,6.347780438990085,-11.137174179810266,0.2,0.0
5,2,0.2,0.0,1221,1221-135766-0009_5142-33396-0058,32.58232075410158,32.917377218865354,0.0,0.0,0.0,0.0,5142,31.766496879597028,-21.640860265088598,10.125636614508428,0.6,0.5
16,7,0.75,0.8571428571428571,4970,1221-135767-0016_4970-29093-0012,-13.282537844139693,-13.394822750286677,0.375,0.2857142857142857,0.375,0.2857142857142857,1221,-9.331496263629369,3.151061968564952,-6.180434295064416,0.375,0.5714285714285714
16,7,0.4375,0.5714285714285714,1221,1221-135767-0016_4970-29093-0012,8.538692313717451,9.022298700632906,0.4375,0.5714285714285714,0.0625,0.0,4970,6.317468418438069,-3.9580249557511986,2.3594434626868703,0.4375,0.2857142857142857
6,2,0.5,1.0,6930,5105-28240-0017_6930-81414-0015,-6.351093438875663,-8.209727107759004,0.5,0.5,0.5,0.5,5105,-4.765569776504717,1.5631814992574524,-3.2023882772472643,0.5,0.5
6,2,0.0,0.0,5105,5105-28240-0017_6930-81414-0015,28.35519441114741,27.61686730959987,0.0,0.0,0.0,0.0,6930,28.504432713499067,-18.35600210720653,10.14843060629254,0.0,0.0
14,7,0.0,0.0,672,1995-1837-0001_672-122797-0001,42.171016387470665,42.583303236751064,0.0,0.0,0.0,0.0,1995,41.21697233034676,-26.3844748434458,14.832497486900964,0.0,0.0
14,7,0.07142857142857142,0.0,1995,1995-1837-0001_672-122797-0001,45.634348831620045,45.14866465593476,0.0,0.0,0.0,0.0,672,43.584259102817285,-30.153549074700827,13.430710028116454,0.07142857142857142,0.0
6,2,0.0,0.0,2094,1580-141084-0029_2094-142345-0044,39.16372501775351,38.174983925861234,0.0,0.0,0.0,0.0,1580,38.113796946433226,-25.804154444826487,12.309642501606739,0.0,0.0
6,2,0.3333333333333333,0.5,1580,1580-141084-0029_2094-142345-0044,38.71006235611501,39.424130857193646,0.0,0.0,0.0,0.0,2094,39.080722273159765,-27.44584821927591,11.634874053883852,0.5,0.5
8,3,0.0,0.0,672,1188-133604-0004_672-122797-0017,33.287027879673694,32.06456596305738,0.0,0.0,0.0,0.0,1188,28.639455857669088,-18.272356802191215,10.367099055477873,0.0,0.0
8,3,1.0,1.0,1188,1188-133604-0004_672-122797-0017,-29.17747590903752,-26.661462065341585,0.875,1.0,0.875,1.0,672,-24.180667256751,8.901160443708939,-15.279506813042063,0.125,0.0
8,3,0.0,0.0,5639,5683-32866-0027_5639-40744-0000,38.992159394738415,35.18022468327968,0.0,0.0,0.0,0.0,5683,34.30231688196878,-22.72358235870117,11.578734523267606,0.0,0.0
8,3,0.0,0.0,5683,5683-32866-0027_5639-40744-0000,36.619305657328276,32.69500089724283,0.0,0.0,0.0,0.0,5639,36.13388410008704,-23.044555530067726,13.089328570019312,0.0,0.0
7,3,0.0,0.0,1320,908-157963-0018_1320-122617-0014,24.713713272225668,23.86174777856105,0.0,0.0,0.0,0.0,908,23.015406209463215,-14.375027593191525,8.64037861627169,0.0,0.0
7,3,0.0,0.0,908,908-157963-0018_1320-122617-0014,28.781735632666102,27.811682033444487,0.0,0.0,0.0,0.0,1320,29.618428690659563,-19.430344036917035,10.18808465374253,0.0,0.0
11,5,0.0,0.0,1221,61-70968-0011_1221-135767-0013,32.58799035205818,33.44591967257071,0.0,0.0,0.0,0.0,61,32.762886089552,-21.222556943210797,11.540329146341204,0.0,0.0
11,5,0.0,0.0,61,61-70968-0011_1221-135767-0013,25.193023358194885,25.515943230996932,0.0,0.0,0.0,0.0,1221,25.939572578346045,-18.601147362375823,7.338425215970224,0.0,0.0
6,2,0.0,0.0,3570,4970-29095-0016_3570-5694-0019,35.58920669751961,38.402035796733884,0.0,0.0,0.0,0.0,4970,37.406788598239075,-23.231789773475473,14.174998824763602,0.16666666666666666,0.0
6,2,0.0,0.0,4970,4970-29095-0016_3570-5694-0019,33.040419803143074,32.43061754610797,0.0,0.0,0.0,0.0,3570,32.24585879063324,-20.757083660311885,11.488775130321358,0.16666666666666666,0.0
7,3,0.0,0.0,5105,4970-29095-0037_5105-28240-0016,33.03738779133127,34.30896186314233,0.0,0.0,0.0,0.0,4970,34.4570772727306,-22.358465387711274,12.098611885019325,0.0,0.0
7,3,0.14285714285714285,0.0,4970,4970-29095-0037_5105-28240-0016,34.96778131955829,36.0560314365406,0.0,0.0,0.0,0.0,5105,35.340819041239655,-24.023584640556304,11.31723440068335,0.14285714285714285,0.0
8,3,0.0,0.0,6930,4446-2275-0019_6930-81414-0024,33.85956038913049,33.67823648159955,0.0,0.0,0.0,0.0,4446,32.85433618786237,-20.08056758078878,12.773768607073595,0.125,0.0
8,3,0.0,0.0,4446,4446-2275-0019_6930-81414-0024,20.584054516697385,20.32444188622704,0.0,0.0,0.0,0.0,6930,18.122285982350547,-14.103755981317184,4.018530001033363,0.0,0.0
7,3,0.0,0.0,61,7729-102255-0024_61-70970-0002,23.99637087543854,22.9847836128491,0.0,0.0,0.0,0.0,7729,25.12475947252606,-18.34300308665521,6.781756385870849,0.0,0.0
7,3,0.0,0.0,7729,7729-102255-0024_61-70970-0002,16.81325313885042,15.923029713544572,0.0,0.0,0.0,0.0,61,16.993565010854105,-10.014638322960053,6.978926687894051,0.14285714285714285,0.0
12,5,0.0,0.0,1284,6930-81414-0006_1284-134647-0000,36.400319532904355,37.095623716752755,0.0,0.0,0.0,0.0,6930,37.24730770891054,-25.602782769960918,11.64452493894962,0.0,0.0
12,5,0.0,0.0,6930,6930-81414-0006_1284-134647-0000,41.20486816716876,40.11300076521443,0.0,0.0,0.0,0.0,1284,40.66461612884646,-25.014545754346273,15.650070374500189,0.8333333333333334,1.0
10,4,0.1,0.0,8555,1580-141083-0044_8555-284449-0016,33.86748023012199,34.75797152720065,0.0,0.0,0.0,0.0,1580,28.008536010251134,-18.33426559568478,9.674270414566353,0.1,0.0
10,4,0.1,0.0,1580,1580-141083-0044_8555-284449-0016,30.43128909993492,30.320915512044138,0.1,0.0,0.0,0.0,8555,23.681922058689775,-14.998688189424493,8.683233869265282,0.5,0.5
8,3,0.0,0.0,4446,61-70970-0001_4446-2275-0038,33.74754196175333,32.4805479537811,0.0,0.0,0.0,0.0,61,34.405371714111645,-23.652776662098105,10.752595052013538,0.0,0.0
8,3,0.0,0.0,61,61-70970-0001_4446-2275-0038,33.56534555017548,32.87506068736579,0.0,0.0,0.0,0.0,4446,33.58372488072082,-23.10069197267792,10.483032908042905,0.0,0.0
11,5,0.09090909090909091,0.0,2961,4970-29095-0007_2961-961-0020,23.190314029841122,25.685708160185015,0.09090909090909091,0.0,0.09090909090909091,0.0,4970,25.408374358039826,-15.816594312471196,9.59178004556863,0.45454545454545453,0.6
11,5,0.0,0.0,4970,4970-29095-0007_2961-961-0020,24.533821420753426,25.735864458955593,0.0,0.0,0.0,0.0,2961,24.8410446627778,-16.379724548445914,8.461320114331887,0.09090909090909091,0.0
5,2,0.0,0.0,4992,237-134500-0011_4992-41797-0010,29.3492478558641,30.753220338507496,0.0,0.0,0.0,0.0,237,31.232077573264352,-19.67427932558967,11.557798247674683,0.0,0.0
5,2,0.0,0.0,237,237-134500-0011_4992-41797-0010,21.015445798827322,20.981702754725383,0.0,0.0,0.0,0.0,4992,21.762542091706983,-13.303886861261889,8.458655230445096,0.6,1.0
6,2,0.0,0.0,4446,7176-88083-0017_4446-2271-0004,28.555471953486602,26.782636559264176,0.0,0.0,0.0,0.0,7176,29.09341161441299,-19.908134423099813,9.185277191313176,0.0,0.0
6,2,0.0,0.0,7176,7176-88083-0017_4446-2271-0004,32.26361618356183,30.6963182857408,0.0,0.0,0.0,0.0,4446,32.62086784182498,-20.291210630663148,12.329657211161836,0.5,0.0
17,8,0.11764705882352941,0.0,1580,8555-284449-0012_1580-141084-0004,21.093032474328304,20.73398929397967,0.058823529411764705,0.0,0.0,0.0,8555,19.8852622260249,-13.316633724820722,6.568628501204179,0.5294117647058824,0.25
17,8,0.0,0.0,8555,8555-284449-0012_1580-141084-0004,30.876088262422453,28.968886132358328,0.0,0.0,0.0,0.0,1580,27.805553001598525,-17.65033180171074,10.155221199887787,0.0,0.0
6,2,0.3333333333333333,0.0,5105,5142-36377-0010_5105-28241-0003,20.69353481546874,19.54510593062949,0.0,0.0,0.0,0.0,5142,22.193234309525053,-13.202187276218144,8.991047033306907,0.5,0.0
6,2,0.0,0.0,5142,5142-36377-0010_5105-28241-0003,25.245137777891355,26.58211587076402,0.0,0.0,0.0,0.0,5105,13.943504791186522,-10.199515902788395,3.7439888883981265,0.0,0.0
7,3,0.0,0.0,4992,237-134493-0013_4992-23283-0009,23.37815969290866,26.993886322798392,0.0,0.0,0.0,0.0,237,17.06045910056532,-9.889829901669968,7.170629198895354,0.42857142857142855,0.0
7,3,0.14285714285714285,0.0,237,237-134493-0013_4992-23283-0009,17.2982681394349,15.387860251647131,0.0,0.0,0.0,0.0,4992,19.781609320598918,-11.890638898925802,7.890970421673114,0.42857142857142855,0.3333333333333333
7,3,0.0,0.0,672,7176-88083-0013_672-122797-0058,36.40533593953664,36.3531776442979,0.0,0.0,0.0,0.0,7176,37.839402953001624,-22.857887160273936,14.981515792727691,0.0,0.0
7,3,1.0,1.0,7176,7176-88083-0013_672-122797-0058,-29.73109645332735,-29.54961221428349,1.0,1.0,1.0,1.0,672,-31.150398374418295,13.035593924033064,-18.114804450385233,0.0,0.0
7,3,0.0,0.0,8555,1580-141084-0021_8555-284447-0007,37.78546104899086,36.96017851561472,0.0,0.0,0.0,0.0,1580,37.610039305381044,-24.47558324407787,13.134456061303174,0.14285714285714285,0.0
7,3,0.14285714285714285,0.3333333333333333,1580,1580-141084-0021_8555-284447-0007,8.616992095345097,9.458053629293342,0.14285714285714285,0.3333333333333333,0.14285714285714285,0.0,8555,7.172401503874713,-3.9953164644303345,3.1770850394443784,0.7142857142857143,0.3333333333333333
10,5,0.0,0.0,1995,1188-133604-0001_1995-1826-0012,38.10068604119572,33.57917154678081,0.0,0.0,0.0,0.0,1188,33.880611681863925,-22.324933002673653,11.555678679190269,0.1,0.0
10,5,0.0,0.0,1188,1188-133604-0001_1995-1826-0012,39.730190630962035,39.645563713895385,0.0,0.0,0.0,0.0,1995,38.49398791084799,-24.246081374831732,14.247906536016261,0.0,0.0
6,2,0.0,0.0,6829,3729-6852-0042_6829-68769-0007,33.48845051158868,30.86864997750733,0.0,0.0,0.0,0.0,3729,35.197571948425086,-25.13196986625796,10.065602082167125,0.5,0.0
6,2,0.0,0.0,3729,3729-6852-0042_6829-68769-0007,35.766098374920645,31.829610094708045,0.0,0.0,0.0,0.0,6829,33.3854026455208,-21.944287524099657,11.441115121421143,0.0,0.0
15,7,0.26666666666666666,0.14285714285714285,1995,2094-142345-0029_1995-1837-0012,5.191090542758505,4.200374021048985,0.06666666666666667,0.0,0.06666666666666667,0.0,2094,4.57010320073945,-3.708868494477406,0.8612347062620446,0.26666666666666666,0.2857142857142857
15,7,0.3333333333333333,0.42857142857142855,2094,2094-142345-0029_1995-1837-0012,12.1576169777811,11.953542832818751,0.26666666666666666,0.42857142857142855,0.2,0.14285714285714285,1995,9.36185655263958,-6.855087168548193,2.5067693840913856,0.26666666666666666,0.14285714285714285
8,3,0.0,0.0,1995,1580-141083-0015_1995-1836-0008,33.54757258414241,35.576239106616285,0.0,0.0,0.0,0.0,1580,35.60424901944451,-22.88887502681549,12.715373992629015,0.125,0.0
8,3,0.0,0.0,1580,1580-141083-0015_1995-1836-0008,31.47342903708507,31.479258172946217,0.0,0.0,0.0,0.0,1995,35.972051380633474,-23.324566543380936,12.647484837252534,0.125,0.0
8,3,0.0,0.0,61,3575-170457-0007_61-70970-0018,31.187479127139376,32.6156932399168,0.0,0.0,0.0,0.0,3575,34.20264285231177,-21.41347499198467,12.789167860327098,0.0,0.0
8,3,0.0,0.0,3575,3575-170457-0007_61-70970-0018,34.18665130025553,36.01664724664317,0.0,0.0,0.0,0.0,61,34.0867578540244,-22.41448381829649,11.67227403572791,0.0,0.0
7,3,0.0,0.0,1580,7127-75946-0007_1580-141084-0034,35.60458929528024,34.054912859475614,0.0,0.0,0.0,0.0,7127,34.3757484404742,-22.238507791013827,12.137240649460372,0.2857142857142857,0.0
7,3,0.0,0.0,7127,7127-75946-0007_1580-141084-0034,36.0815062182503,34.66606981907372,0.0,0.0,0.0,0.0,1580,34.20706794521147,-22.460399779887265,11.746668165324207,0.0,0.0
7,3,0.14285714285714285,0.0,6829,5683-32865-0009_6829-68769-0016,12.105652294014686,10.913509459141634,0.14285714285714285,0.0,0.14285714285714285,0.0,5683,12.212261611546474,-8.516817955758947,3.695443655787527,0.0,0.0
7,3,0.5714285714285714,0.6666666666666666,5683,5683-32865-0009_6829-68769-0016,0.24638198531930197,1.7583088231942832,0.5714285714285714,0.6666666666666666,0.5714285714285714,0.3333333333333333,6829,1.908891011245629,-3.165453622296856,-1.2565626110512271,0.14285714285714285,0.3333333333333333
10,4,0.0,0.0,4507,4992-23283-0013_4507-16021-0011,18.99909921440382,19.228005948603624,0.0,0.0,0.0,0.0,4992,15.6556758730294,-13.398309086702863,2.257366786326538,0.1,0.25
10,4,0.2,0.0,4992,4992-23283-0013_4507-16021-0011,22.91946605406687,22.06825956072944,0.1,0.0,0.0,0.0,4507,17.4309397903182,-10.745021707628768,6.685918082689431,0.3,0.0
7,3,0.0,0.0,3729,2961-961-0011_3729-6852-0043,22.89735220776788,22.8789854018565,0.0,0.0,0.0,0.0,2961,26.626855752550554,-18.65082999811626,7.9760257544342945,0.0,0.0
7,3,0.2857142857142857,0.0,2961,2961-961-0011_3729-6852-0043,35.48617137299577,35.95540068252608,0.2857142857142857,0.0,0.0,0.0,3729,35.707153710275506,-22.40661399313239,13.300539717143117,0.2857142857142857,0.3333333333333333
4,2,0.0,0.0,61,8455-210777-0052_61-70970-0014,38.6360735590993,37.51423331636475,0.0,0.0,0.0,0.0,8455,41.5846367828352,-28.250742843766652,13.333893939068544,0.25,0.0
4,2,0.0,0.0,8455,8455-210777-0052_61-70970-0014,22.130220225771566,24.366209360424975,0.0,0.0,0.0,0.0,61,22.35942669032088,-16.565929031984556,5.7934976583363245,0.0,0.0
9,4,1.0,1.0,2830,908-157963-0016_2830-3980-0039,-9.586242724692957,-8.035137239739724,0.5555555555555556,1.0,0.4444444444444444,0.5,908,-9.736903876513566,4.043754645649441,-5.693149230864125,0.4444444444444444,0.0
9,4,0.0,0.0,908,908-157963-0016_2830-3980-0039,26.59638063819654,27.08235904627131,0.0,0.0,0.0,0.0,2830,26.767828163342173,-15.60388406378894,11.163944099553236,0.0,0.0
5,2,1.0,1.0,3570,8555-284449-0009_3570-5694-0014,-35.67362303070946,-35.059957309387485,1.0,1.0,1.0,1.0,8555,-27.84992083383306,11.960117690020247,-15.889803143812811,0.0,0.0
5,2,0.0,0.0,8555,8555-284449-0009_3570-5694-0014,36.08059081215495,34.6298151346381,0.0,0.0,0.0,0.0,3570,29.856496046149356,-17.977905634590638,11.878590411558719,0.0,0.0
6,2,0.0,0.0,7176,61-70968-0056_7176-92135-0025,11.076926137378289,10.22635548668953,0.0,0.0,0.0,0.0,61,11.249342949483749,-7.144679732264844,4.104663217218905,0.0,0.0
6,2,0.6666666666666666,0.0,61,61-70968-0056_7176-92135-0025,10.16068808912429,9.052909957752014,0.3333333333333333,0.0,0.0,0.0,7176,10.809144797245859,-6.891544583061178,3.9176002141846804,0.3333333333333333,0.0
19,9,0.05263157894736842,0.0,237,1580-141083-0029_237-134500-0031,23.213966525865516,23.551797992004676,0.0,0.0,0.0,0.0,1580,22.699968358683478,-14.42734027769543,8.272628080988046,0.15789473684210525,0.1111111111111111
19,9,0.3157894736842105,0.2222222222222222,1580,1580-141083-0029_237-134500-0031,28.10093394641993,26.969962009801158,0.0,0.0,0.0,0.0,237,25.301134323870286,-15.482240280086215,9.81889404378407,0.47368421052631576,0.2222222222222222
5,2,0.0,0.0,5105,1580-141084-0015_5105-28233-0008,26.78249121449146,25.439162513648185,0.0,0.0,0.0,0.0,1580,25.181376083815376,-18.005419228060894,7.175956855754481,0.0,0.0
5,2,0.0,0.0,1580,1580-141084-0015_5105-28233-0008,34.503140626866426,33.86828428434636,0.0,0.0,0.0,0.0,5105,35.694360590518755,-21.803964858218066,13.890395732300691,0.0,0.0
6,2,0.0,0.0,4507,2830-3980-0052_4507-16021-0008,36.04259858354745,35.82286411392664,0.0,0.0,0.0,0.0,2830,33.93399399503003,-23.01042061744623,10.923573377583802,0.0,0.0
6,2,0.0,0.0,2830,2830-3980-0052_4507-16021-0008,29.09229403008136,27.709036264813722,0.0,0.0,0.0,0.0,4507,26.438411759095416,-17.17590087413282,9.262510884962593,0.16666666666666666,0.0
10,4,0.0,0.0,6829,7127-75946-0029_6829-68771-0011,40.643707084448366,36.639481474688694,0.0,0.0,0.0,0.0,7127,35.264365854951045,-22.78484154858691,12.479524306364132,0.0,0.0
10,4,0.0,0.0,7127,7127-75946-0029_6829-68771-0011,32.23720424155274,30.198305531654846,0.0,0.0,0.0,0.0,6829,29.71005621648284,-22.07800393080916,7.632052285673679,0.0,0.0
23,11,0.0,0.0,8455,7021-79740-0010_8455-210777-0051,28.079242519893366,27.743094303717044,0.0,0.0,0.0,0.0,7021,26.50064491622435,-18.00482632968397,8.49581858654038,0.13043478260869565,0.09090909090909091
23,11,0.043478260869565216,0.0,7021,7021-79740-0010_8455-210777-0051,26.47139880474251,26.78241167764046,0.0,0.0,0.0,0.0,8455,27.964586289433075,-18.684637140072923,9.279949149360153,0.17391304347826086,0.0
5,2,0.0,0.0,4446,8230-279154-0029_4446-2275-0022,36.62522644676052,33.89311280500431,0.0,0.0,0.0,0.0,8230,36.915436855165495,-24.200280267092364,12.715156588073134,0.0,0.0
5,2,0.0,0.0,8230,8230-279154-0029_4446-2275-0022,38.42331400650953,37.15433639397963,0.0,0.0,0.0,0.0,4446,39.27362445704771,-27.36078126243427,11.912843194613442,0.0,0.0
18,9,0.05555555555555555,0.0,260,121-123859-0003_260-123288-0025,31.973236890495652,31.65939756529023,0.05555555555555555,0.0,0.0,0.0,121,31.397972258496885,-20.887081108468763,10.510891150028122,0.8888888888888888,0.8888888888888888
18,9,0.1111111111111111,0.0,121,121-123859-0003_260-123288-0025,44.430896920908,44.30631970947919,0.05555555555555555,0.0,0.0,0.0,260,43.85399705611232,-27.31322049812196,16.54077655799036,0.05555555555555555,0.1111111111111111
7,3,0.0,0.0,4992,7021-85628-0003_4992-23283-0011,41.55567793008743,41.80598520141486,0.0,0.0,0.0,0.0,7021,42.464384227404665,-26.451380227990846,16.013003999413822,0.14285714285714285,0.0
7,3,0.0,0.0,7021,7021-85628-0003_4992-23283-0011,38.909800776633574,39.83880668050755,0.0,0.0,0.0,0.0,4992,38.05465041988701,-27.269686188202755,10.784964231684256,0.0,0.0
8,3,0.125,0.0,7021,2830-3980-0041_7021-79740-0004,23.176962266900922,22.378961176835535,0.0,0.0,0.0,0.0,2830,23.58135885738503,-15.862546783993185,7.718812073391845,0.125,0.0
8,3,0.0,0.0,2830,2830-3980-0041_7021-79740-0004,22.693230549381916,23.873693814164056,0.0,0.0,0.0,0.0,7021,25.35537741081772,-17.204431951931408,8.150945458886312,0.375,0.3333333333333333
8,3,0.0,0.0,4507,121-127105-0005_4507-16021-0046,31.59619166399497,29.188777223490224,0.0,0.0,0.0,0.0,121,25.87452720213964,-17.485361799322632,8.389165402817007,1.0,1.0
8,3,0.125,0.0,121,121-127105-0005_4507-16021-0046,37.02678600971234,35.29578468689641,0.0,0.0,0.0,0.0,4507,34.39694901253234,-22.876553244469335,11.520395768063006,0.125,0.0
11,5,0.0,0.0,6930,4992-41806-0008_6930-75918-0015,36.39114574169361,35.37284121255813,0.0,0.0,0.0,0.0,4992,37.25090789770505,-23.587463200994108,13.663444696710936,0.0,0.0
11,5,0.0,0.0,4992,4992-41806-0008_6930-75918-0015,43.18755346459683,42.25770036496281,0.0,0.0,0.0,0.0,6930,42.919958852742575,-29.61365958065141,13.306299272091165,0.0,0.0
15,7,0.0,0.0,908,260-123440-0010_908-31957-0023,32.6338279627836,30.665738541122654,0.0,0.0,0.0,0.0,260,30.335931693810906,-18.381211157679378,11.954720536131527,0.0,0.0
15,7,0.13333333333333333,0.0,260,260-123440-0010_908-31957-0023,21.512081308422278,20.93138523257437,0.0,0.0,0.0,0.0,908,22.12854317451729,-16.057030363411037,6.071512811106251,0.13333333333333333,0.0
9,4,0.0,0.0,7127,7729-102255-0018_7127-75946-0024,14.175451678918003,12.64886234813723,0.0,0.0,0.0,0.0,7729,13.139321349843723,-9.823887406813332,3.31543394303039,0.0,0.0
9,4,0.0,0.0,7729,7729-102255-0018_7127-75946-0024,13.870232377868042,13.37802403084972,0.0,0.0,0.0,0.0,7127,15.002891557069667,-10.372686243132783,4.630205313936885,0.0,0.0
10,4,0.0,0.0,4446,1995-1826-0007_4446-2275-0043,25.89192367628404,25.53222294735915,0.0,0.0,0.0,0.0,1995,24.87600651118014,-17.3568518839685,7.519154627211641,0.3,0.0
10,4,0.0,0.0,1995,1995-1826-0007_4446-2275-0043,32.195908342445605,30.70943084656691,0.0,0.0,0.0,0.0,4446,32.17193244975454,-19.916808202088966,12.255124247665577,0.0,0.0
8,3,0.0,0.0,3570,4446-2275-0042_3570-5696-0004,37.57934923283983,37.85833127390176,0.0,0.0,0.0,0.0,4446,39.05419729840925,-27.63752245279452,11.416674845614727,0.0,0.0
8,3,0.0,0.0,4446,4446-2275-0042_3570-5696-0004,42.4291150737516,38.26991066902985,0.0,0.0,0.0,0.0,3570,38.554910700383076,-24.011710569883583,14.543200130499494,0.125,0.0
9,4,0.1111111111111111,0.0,4970,8455-210777-0055_4970-29095-0002,33.9684994104804,32.932187206719846,0.1111111111111111,0.0,0.0,0.0,8455,31.5995864246597,-21.086161969016306,10.513424455643396,0.3333333333333333,0.0
9,4,0.0,0.0,8455,8455-210777-0055_4970-29095-0002,31.56782370282206,29.02959020557559,0.0,0.0,0.0,0.0,4970,27.367972378972738,-18.051325667485365,9.316646711487373,0.1111111111111111,0.0
6,2,0.0,0.0,8455,61-70968-0000_8455-210777-0012,30.865894464174882,29.124831922255094,0.0,0.0,0.0,0.0,61,30.083125329381943,-19.515611452566425,10.567513876815518,0.0,0.0
6,2,0.0,0.0,61,61-70968-0000_8455-210777-0012,24.068171790247305,26.33892662938159,0.0,0.0,0.0,0.0,8455,25.36401278098384,-17.993225711911574,7.370787069072263,0.0,0.0
13,6,0.0,0.0,8230,1995-1837-0016_8230-279154-0006,39.42678499336948,39.77269204089716,0.0,0.0,0.0,0.0,1995,36.35487849682259,-24.258163399510345,12.096715097312252,0.07692307692307693,0.0
13,6,0.0,0.0,1995,1995-1837-0016_8230-279154-0006,35.65445422618066,35.46245997964322,0.0,0.0,0.0,0.0,8230,34.28375081113131,-21.73457347067407,12.549177340457243,0.0,0.0
6,2,0.0,0.0,61,8463-294825-0004_61-70970-0024,38.33592744373386,39.63743643485942,0.0,0.0,0.0,0.0,8463,41.153159522380236,-27.731942633985387,13.421216888394852,0.0,0.0
6,2,0.0,0.0,8463,8463-294825-0004_61-70970-0024,40.041189523750795,39.58974597040965,0.0,0.0,0.0,0.0,61,41.72664826735715,-28.37398588158559,13.35266238577156,0.0,0.0
8,3,0.875,1.0,672,7176-92135-0041_672-122797-0045,1.725071670833957,4.371859437811959,0.625,0.6666666666666666,0.125,0.0,7176,-0.7114182996097098,-1.138584757331654,-1.850003056941364,0.375,0.3333333333333333
8,3,0.0,0.0,7176,7176-92135-0041_672-122797-0045,27.760899628074018,24.560261585969098,0.0,0.0,0.0,0.0,672,28.12740863680387,-17.159792218032447,10.967616418771422,0.125,0.0
9,4,0.0,0.0,121,1284-1180-0006_121-127105-0022,41.570230607111895,40.47313661903031,0.0,0.0,0.0,0.0,1284,41.01986197977534,-24.108244750188486,16.911617229586856,0.0,0.0
9,4,0.0,0.0,1284,1284-1180-0006_121-127105-0022,26.63137093554409,28.75193199804639,0.0,0.0,0.0,0.0,121,28.47442292167686,-20.157849244142135,8.316573677534729,1.0,1.0
14,6,0.0,0.0,908,3570-5694-0010_908-31957-0012,33.60659954707008,32.75078849696389,0.0,0.0,0.0,0.0,3570,33.18627889698354,-23.458779840437213,9.727499056546321,0.0,0.0
14,6,0.0,0.0,3570,3570-5694-0010_908-31957-0012,39.337540017909085,39.04386523929377,0.0,0.0,0.0,0.0,908,39.52151587115591,-25.28299260632144,14.238523264834475,0.07142857142857142,0.0
6,2,0.3333333333333333,0.5,61,2830-3980-0004_61-70968-0008,12.261440428963022,12.003027275807138,0.3333333333333333,0.5,0.0,0.0,2830,12.230180682872565,-6.910755648685953,5.319425034186612,0.3333333333333333,0.5
6,2,0.3333333333333333,0.0,2830,2830-3980-0004_61-70968-0008,-6.117961260316377,-6.324691342154056,0.3333333333333333,0.0,0.3333333333333333,0.0,61,-7.621760787719764,3.2093493876010237,-4.4124114001187404,0.3333333333333333,0.0
5,2,0.0,0.0,1089,7127-75947-0033_1089-134691-0007,22.06330707718217,16.56350689881342,0.0,0.0,0.0,0.0,7127,18.810850372007764,-11.499921920620446,7.3109284513873165,0.4,0.0
5,2,0.0,0.0,7127,7127-75947-0033_1089-134691-0007,15.862561807369241,12.950499398809422,0.0,0.0,0.0,0.0,1089,13.078762480209948,-10.398025189504867,2.6807372907050797,0.0,0.0
5,2,0.0,0.0,4507,5142-33396-0026_4507-16021-0043,38.53846443538494,38.90582385196639,0.0,0.0,0.0,0.0,5142,38.7558316364173,-24.84057191652274,13.915259719894557,0.2,0.0
5,2,0.0,0.0,5142,5142-33396-0026_4507-16021-0043,33.95336016968203,29.928853110709795,0.0,0.0,0.0,0.0,4507,32.333316663894664,-20.954964578671017,11.378352085223646,0.0,0.0
5,2,0.0,0.0,5683,4446-2275-0031_5683-32866-0016,42.23786510683991,37.70414630829764,0.0,0.0,0.0,0.0,4446,33.3335388862283,-21.091145833491332,12.242393052736965,0.0,0.0
5,2,1.0,1.0,4446,4446-2275-0031_5683-32866-0016,-20.342461217197695,-18.97261419841835,0.8,1.0,0.8,1.0,5683,-18.686350382975156,8.058410208622975,-10.62794017435218,0.2,0.0
20,9,0.05,0.0,5105,237-134493-0005_5105-28241-0017,29.28833904043546,28.6282466571203,0.05,0.0,0.05,0.0,237,27.868621095845608,-17.056124036411497,10.812497059434111,0.05,0.1111111111111111
20,9,0.0,0.0,237,237-134493-0005_5105-28241-0017,29.949632531772117,28.357590254013022,0.0,0.0,0.0,0.0,5105,27.191753450802302,-20.348827686487404,6.842925764314897,0.15,0.0
8,3,0.0,0.0,6829,260-123288-0011_6829-68769-0011,40.185065713006736,37.9605375188491,0.0,0.0,0.0,0.0,260,37.773487842013694,-24.78588878183701,12.987599060176686,0.0,0.0
8,3,0.0,0.0,260,260-123288-0011_6829-68769-0011,34.33922195678092,35.71038376229288,0.0,0.0,0.0,0.0,6829,32.957301550662876,-22.615496084596014,10.341805466066859,0.0,0.0
14,6,0.0,0.0,6829,1089-134686-0028_6829-68771-0025,36.30881855280229,36.07053044444159,0.0,0.0,0.0,0.0,1089,35.33181703321725,-22.481100928786354,12.850716104430894,0.0,0.0
14,6,0.0,0.0,1089,1089-134686-0028_6829-68771-0025,35.537102916617535,34.93993934106175,0.0,0.0,0.0,0.0,6829,34.08673325591046,-23.553527085808348,10.53320617010211,0.0,0.0
7,3,0.0,0.0,7127,5683-32866-0010_7127-75946-0004,38.4087408547149,37.363817151477015,0.0,0.0,0.0,0.0,5683,39.88285884244074,-24.133158198689237,15.7497006437515,0.14285714285714285,0.0
7,3,0.14285714285714285,0.0,5683,5683-32866-0010_7127-75946-0004,21.074624887409772,23.92376901162672,0.0,0.0,0.0,0.0,7127,19.10347236611522,-13.52777527432333,5.575697091791888,0.2857142857142857,0.0
8,3,0.0,0.0,8224,6829-68771-0016_8224-274384-0009,28.138354972177595,27.47560158652603,0.0,0.0,0.0,0.0,6829,28.373766611590135,-20.42988973252964,7.943876879060494,0.0,0.0
8,3,0.0,0.0,6829,6829-68771-0016_8224-274384-0009,38.848551104003995,37.113814352732405,0.0,0.0,0.0,0.0,8224,37.63244945544864,-23.692825281462394,13.939624173986251,0.125,0.0
14,6,0.0,0.0,3729,2830-3980-0047_3729-6852-0022,37.67341592890267,36.92938657793291,0.0,0.0,0.0,0.0,2830,35.89894902527522,-23.396661346826797,12.502287678448425,0.0,0.0
14,6,0.14285714285714285,0.0,2830,2830-3980-0047_3729-6852-0022,32.59750844169257,33.594554635681696,0.07142857142857142,0.0,0.0,0.0,3729,33.64801728588897,-23.450388419522383,10.197628866366585,0.14285714285714285,0.0
5,2,0.6,1.0,1580,237-126133-0005_1580-141083-0050,-2.327508701829547,-2.228009155353281,0.4,1.0,0.4,1.0,237,1.1100349211345688,-1.6386411946408082,-0.5286062735062392,0.4,0.0
5,2,0.2,0.0,237,237-126133-0005_1580-141083-0050,19.600141883719566,20.89014404014064,0.0,0.0,0.0,0.0,1580,12.04375447440776,-8.105922407714248,3.9378320666935105,0.2,0.0
5,2,0.0,0.0,260,4970-29093-0011_260-123286-0001,32.373716767167096,34.11489110291455,0.0,0.0,0.0,0.0,4970,27.496247717121822,-17.773692734654283,9.722554982467539,0.0,0.0
5,2,0.0,0.0,4970,4970-29093-0011_260-123286-0001,40.840724535927336,43.16794377141092,0.0,0.0,0.0,0.0,260,39.19724011351736,-23.796775630123218,15.40046448339414,0.4,0.0
6,2,0.16666666666666666,0.0,121,1580-141083-0046_121-127105-0007,26.95715335054034,30.903977811355812,0.0,0.0,0.0,0.0,1580,30.663860987250914,-19.154070366009424,11.509790621241487,0.16666666666666666,0.0
6,2,0.0,0.0,1580,1580-141083-0046_121-127105-0007,29.02486491113079,29.266335835114983,0.0,0.0,0.0,0.0,121,29.792671739157868,-19.328980565064192,10.463691174093675,1.0,1.0
17,9,0.8235294117647058,1.0,8455,672-122797-0064_8455-210777-0057,-20.59912839129227,-23.007805226253254,0.7058823529411765,0.8888888888888888,0.7058823529411765,0.8888888888888888,672,-19.39616703646472,7.918578138170731,-11.47758889829399,0.29411764705882354,0.1111111111111111
17,9,0.11764705882352941,0.0,672,672-122797-0064_8455-210777-0057,33.73158896047063,36.027092499719686,0.0,0.0,0.0,0.0,8455,34.7668124650698,-21.599880002016324,13.166932463053476,0.17647058823529413,0.0
5,2,0.4,0.5,3570,260-123440-0011_3570-5694-0012,4.796149734249266,6.129163898409448,0.2,0.0,0.0,0.0,260,6.758662955617959,-3.7151264059149285,3.043536549703031,0.4,1.0
5,2,0.0,0.0,260,260-123440-0011_3570-5694-0012,17.829430882345456,9.78555415441504,0.0,0.0,0.0,0.0,3570,14.062183919354943,-10.163948508596244,3.898235410758699,0.0,0.0
10,4,0.0,0.0,6829,1284-1181-0011_6829-68769-0031,32.52281760255617,30.56570314731351,0.0,0.0,0.0,0.0,1284,29.832840149842923,-19.132407122900588,10.700433026942335,0.3,0.0
10,4,0.0,0.0,1284,1284-1181-0011_6829-68769-0031,26.14519999814211,25.61588861878464,0.0,0.0,0.0,0.0,6829,25.130717444282734,-17.292449984951872,7.838267459330861,0.0,0.0
7,3,0.0,0.0,908,8455-210777-0060_908-157963-0009,34.71753841459573,33.74812978055821,0.0,0.0,0.0,0.0,8455,36.34286901205991,-22.571131076171955,13.771737935887948,0.0,0.0
7,3,0.42857142857142855,0.3333333333333333,8455,8455-210777-0060_908-157963-0009,7.590349932252129,8.342095680132884,0.0,0.0,0.0,0.0,908,10.065475501747448,-6.601917720110296,3.463557781637152,0.42857142857142855,0.3333333333333333
15,7,0.0,0.0,2094,8455-210777-0019_2094-142345-0059,35.192986211860294,34.33672306125652,0.0,0.0,0.0,0.0,8455,34.733648963847784,-22.469265963724723,12.264383000123063,0.06666666666666667,0.0
15,7,0.0,0.0,8455,8455-210777-0019_2094-142345-0059,38.94064798537362,38.63627971140698,0.0,0.0,0.0,0.0,2094,39.78515102853255,-26.700043272316304,13.085107756216246,0.0,0.0
9,4,0.0,0.0,2094,7729-102255-0023_2094-142345-0014,25.987173242436025,26.540496917454977,0.0,0.0,0.0,0.0,7729,27.075221193585104,-20.039773783466263,7.035447410118842,0.1111111111111111,0.0
9,4,0.0,0.0,7729,7729-102255-0023_2094-142345-0014,33.035381537452295,33.17601987209409,0.0,0.0,0.0,0.0,2094,33.59717663015243,-19.757048518014486,13.84012811213795,0.0,0.0
13,6,0.0,0.0,8455,5683-32879-0018_8455-210777-0061,31.266862915010556,32.111174078907375,0.0,0.0,0.0,0.0,5683,31.452937938589315,-23.05646812775237,8.396469810836942,0.07692307692307693,0.0
13,6,0.0,0.0,5683,5683-32879-0018_8455-210777-0061,39.78786171280596,40.01517443913562,0.0,0.0,0.0,0.0,8455,39.52552006343503,-24.485081479211665,15.040438584223367,0.0,0.0
7,3,0.14285714285714285,0.0,237,7021-79730-0009_237-126133-0021,37.34217433071232,37.18829445370273,0.0,0.0,0.0,0.0,7021,37.176584071564626,-25.016980737628096,12.159603333936532,0.14285714285714285,0.0
7,3,0.0,0.0,7021,7021-79730-0009_237-126133-0021,36.96802326176563,38.685544488070086,0.0,0.0,0.0,0.0,237,38.27067015693402,-25.675205615047254,12.595464541886761,0.0,0.0
11,5,0.0,0.0,1580,8463-294825-0005_1580-141083-0031,36.71369337664133,37.46094315780814,0.0,0.0,0.0,0.0,8463,32.77727147170286,-20.138146786472042,12.639124685230822,0.0,0.0
11,5,0.0,0.0,8463,8463-294825-0005_1580-141083-0031,14.548962780277128,16.3316659293362,0.0,0.0,0.0,0.0,1580,14.992082909230417,-11.619892521582402,3.3721903876480153,0.36363636363636365,0.0
9,4,0.0,0.0,4507,1284-1180-0010_4507-16021-0024,36.57512980860801,32.929099096218366,0.0,0.0,0.0,0.0,1284,33.59961789852079,-22.953837902138055,10.645779996382739,0.0,0.0
9,4,0.1111111111111111,0.0,1284,1284-1180-0010_4507-16021-0024,33.108505129565856,28.07382518271251,0.0,0.0,0.0,0.0,4507,27.380489960823652,-19.100552132361088,8.279937828462566,0.3333333333333333,0.0
23,11,0.0,0.0,3575,5105-28241-0011_3575-170457-0024,38.313943509226924,37.71614853133525,0.0,0.0,0.0,0.0,5105,36.02088889340995,-23.065699541145968,12.955189352263988,0.0,0.0
23,11,0.0,0.0,5105,5105-28241-0011_3575-170457-0024,36.40239471193852,36.49905035957585,0.0,0.0,0.0,0.0,3575,36.7897063655971,-25.05341706473333,11.736289300863767,0.0,0.0
8,3,0.0,0.0,260,7127-75947-0027_260-123440-0016,26.10033374974969,26.394877371340446,0.0,0.0,0.0,0.0,7127,22.457307760063784,-16.179858695269733,6.277449064794051,0.25,0.0
8,3,0.0,0.0,7127,7127-75947-0027_260-123440-0016,37.54965046784783,36.144935138247035,0.0,0.0,0.0,0.0,260,36.49945003103793,-22.42924150277168,14.070208528266248,0.0,0.0
7,3,0.0,0.0,1284,5105-28241-0008_1284-1180-0004,25.31129869172543,24.543506438210454,0.0,0.0,0.0,0.0,5105,25.67315512909785,-17.27741702455109,8.39573810454676,0.0,0.0
7,3,0.0,0.0,5105,5105-28241-0008_1284-1180-0004,25.874791466166204,23.25133811165702,0.0,0.0,0.0,0.0,1284,24.696002255497575,-16.29361878231872,8.402383473178853,0.14285714285714285,0.0
7,3,0.14285714285714285,0.0,8555,3570-5696-0006_8555-284449-0008,30.96549257925866,30.351479967562202,0.0,0.0,0.0,0.0,3570,29.02780108473667,-21.332388053289545,7.695413031447124,0.14285714285714285,0.0
7,3,0.7142857142857143,1.0,3570,3570-5696-0006_8555-284449-0008,-28.947370359877876,-28.338158013964897,0.7142857142857143,1.0,0.7142857142857143,1.0,8555,-27.473557591816856,7.520128718424248,-19.953428873392607,0.2857142857142857,0.0
11,5,0.0,0.0,8224,2300-131720-0007_8224-274384-0007,26.40722586158918,27.46839809565798,0.0,0.0,0.0,0.0,2300,25.41830887170015,-14.696012724555654,10.722296147144498,0.09090909090909091,0.0
11,5,0.45454545454545453,0.4,2300,2300-131720-0007_8224-274384-0007,6.129685140376171,7.161866658100243,0.45454545454545453,0.4,0.36363636363636365,0.4,8224,-0.7376964122234885,-0.9893261879927516,-1.72702260021624,0.2727272727272727,0.4
5,2,0.0,0.0,4446,1580-141083-0022_4446-2271-0017,34.496899462255286,39.927780305836166,0.0,0.0,0.0,0.0,1580,34.78081636946737,-25.078410766707503,9.702405602759864,0.2,0.0
5,2,1.0,1.0,1580,1580-141083-0022_4446-2271-0017,-34.154686925007404,-39.49275882534131,0.8,1.0,0.8,1.0,4446,-34.628815268159045,10.063462823872477,-24.565352444286567,0.2,0.0
15,7,0.06666666666666667,0.0,7021,61-70968-0049_7021-79740-0014,13.558846856866705,14.222575193067318,0.0,0.0,0.0,0.0,61,13.249319872466486,-8.197002862903332,5.052317009563154,0.13333333333333333,0.14285714285714285
15,7,0.06666666666666667,0.0,61,61-70968-0049_7021-79740-0014,24.27024450841548,24.187137540712893,0.06666666666666667,0.0,0.0,0.0,7021,24.85059125732829,-16.977592068344215,7.872999188984076,0.4666666666666667,0.42857142857142855
8,3,0.125,0.0,4446,121-121726-0008_4446-2273-0000,26.86376356793828,24.544083312636047,0.125,0.0,0.0,0.0,121,25.525675681235715,-16.469161605401133,9.056514075834581,0.875,1.0
8,3,0.0,0.0,121,121-121726-0008_4446-2273-0000,30.518017416095724,28.420909595472505,0.0,0.0,0.0,0.0,4446,24.663084419217117,-15.626715261851512,9.036369157365606,0.0,0.0
6,2,0.0,0.0,5142,6930-81414-0015_5142-36377-0025,18.618964528174264,21.13472223427113,0.0,0.0,0.0,0.0,6930,17.856826131574113,-10.622022942774956,7.234803188799156,0.0,0.0
6,2,0.16666666666666666,0.5,6930,6930-81414-0015_5142-36377-0025,1.550226776129235,-0.6181114501129082,0.16666666666666666,0.5,0.0,0.5,5142,1.3289535935297694,-2.832891547884209,-1.5039379543544398,0.5,0.5
5,2,0.0,0.0,5142,2961-961-0020_5142-33396-0003,22.941068268013016,21.196394505381654,0.0,0.0,0.0,0.0,2961,23.38203020573475,-15.372721395948474,8.009308809786274,0.2,0.0
5,2,0.2,0.0,2961,2961-961-0020_5142-33396-0003,29.203348956247783,30.3883413141841,0.2,0.0,0.0,0.0,5142,20.419407219950685,-12.442162442367353,7.977244777583331,0.2,0.0
10,4,0.2,0.0,2830,7021-79740-0006_2830-3980-0019,16.434887269594775,17.175238715480624,0.1,0.0,0.1,0.0,7021,13.255851426414457,-8.768873287486995,4.486978138927462,0.2,0.25
10,4,0.0,0.0,7021,7021-79740-0006_2830-3980-0019,18.2979012306606,18.52875865339527,0.0,0.0,0.0,0.0,2830,18.544730876028787,-11.964958254565229,6.57977262146356,0.0,0.0
7,3,0.0,0.0,7729,672-122797-0002_7729-102255-0012,29.87111613814171,29.736118731485515,0.0,0.0,0.0,0.0,672,30.5961094939124,-19.939898562371653,10.656210931540747,0.0,0.0
7,3,0.0,0.0,672,672-122797-0002_7729-102255-0012,29.779298923886696,29.953548988245945,0.0,0.0,0.0,0.0,7729,31.439408597019355,-19.904019312071974,11.535389284947382,0.0,0.0
