key,target_spk,interferer_spk,content_similarity,sisnr_i,num_chunks,content_mismatch_rate,waveform_interferer_rate,joint_content_waveform_rate,mean_content_gap,min_content_gap,mean_local_si_sdr_gap,content_segment_count,content_max_duration,content_mean_duration,content_first_position,bundle,layer_idx
1089-134686-0000_121-127105-0031__T1__NBASIC__1089,1089,121,normal_basic,10.99,18,0.0,0.0,0.0,0.43111504690620917,0.20285784792495976,40.71586159143084,0,0.0,0.0,-1.0,WAVLM_BASE_PLUS,9
1089-134686-0000_121-127105-0031__T2__NBASIC__121,121,1089,normal_basic,14.98,18,0.0,0.0,0.0,0.39634422161536237,0.14729432668146436,36.610188854745935,0,0.0,0.0,-1.0,WAVLM_BASE_PLUS,9
1089-134686-0002_7729-102255-0037__T1__NBASIC__1089,1089,7729,normal_basic,0.63,12,0.5833333333333334,0.5,0.4166666666666667,0.019575369796081665,-0.5092978137242523,2.0833479792489857,2,2.0,1.5,1.0,WAVLM_BASE_PLUS,9
1089-134686-0002_7729-102255-0037__T2__NBASIC__7729,7729,1089,normal_basic,6.22,12,0.08333333333333333,0.0,0.0,0.22799260930959234,-0.3661168144435634,17.939877785134822,0,0.0,0.0,-1.0,WAVLM_BASE_PLUS,9
1089-134686-0004_1284-1180-0027__T1__NBASIC__1089,1089,1284,normal_basic,12.09,5,0.0,0.0,0.0,0.3859336333035116,0.3068958825358499,37.11369682588126,0,0.0,0.0,-1.0,WAVLM_BASE_PLUS,9
1089-134686-0004_1284-1180-0027__T2__NBASIC__1284,1284,1089,normal_basic,12.13,5,0.0,0.0,0.0,0.4444556553875708,0.3090062356606329,33.516077225543384,0,0.0,0.0,-1.0,WAVLM_BASE_PLUS,9
1089-134686-0006_1580-141083-0022__T1__NBASIC__1089,1089,1580,normal_basic,12.44,5,0.0,0.0,0.0,0.4051501302568908,0.09195930129902852,49.1772583543833,0,0.0,0.0,-1.0,WAVLM_BASE_PLUS,9
1089-134686-0006_1580-141083-0022__T2__NBASIC__1580,1580,1089,normal_basic,15.88,5,0.0,0.0,0.0,0.4481281405860075,0.30356622944511813,43.91135191636924,0,0.0,0.0,-1.0,WAVLM_BASE_PLUS,9
1089-134686-0007_1995-1836-0000__T1__NBASIC__1089,1089,1995,normal_basic,13.65,7,0.0,0.0,0.0,0.41857359492762647,0.28507299360146354,39.587101821446105,0,0.0,0.0,-1.0,WAVLM_BASE_PLUS,9
1089-134686-0007_1995-1836-0000__T2__NBASIC__1995,1995,1089,normal_basic,12.75,7,0.14285714285714285,0.0,0.0,0.3777599770529073,-0.04309320620498225,37.08637293387712,0,0.0,0.0,-1.0,WAVLM_BASE_PLUS,9
1089-134686-0008_672-122797-0007__T1__NBASIC__1089,1089,672,normal_basic,8.54,11,0.0,0.0,0.0,0.3601265932247105,0.16926217749519445,29.745674881912134,0,0.0,0.0,-1.0,WAVLM_BASE_PLUS,9
1089-134686-0008_672-122797-0007__T2__NBASIC__672,672,1089,normal_basic,10.38,11,0.09090909090909091,0.0,0.0,0.2987789997055022,-0.2608547158522417,26.98585502238608,0,0.0,0.0,-1.0,WAVLM_BASE_PLUS,9
1089-134686-0015_4970-29093-0003__T1__NBASIC__1089,1089,4970,normal_basic,13.3,10,0.0,0.0,0.0,0.4615539760548226,0.18680429085009576,56.38105916464675,0,0.0,0.0,-1.0,WAVLM_BASE_PLUS,9
1089-134686-0015_4970-29093-0003__T2__NBASIC__4970,4970,1089,normal_basic,19.38,10,0.0,0.0,0.0,0.3605446214265454,0.09677824184457129,47.666241350688146,0,0.0,0.0,-1.0,WAVLM_BASE_PLUS,9
1089-134686-0019_5142-33396-0021__T1__NBASIC__1089,1089,5142,normal_basic,11.37,6,0.0,0.0,0.0,0.4626471394661192,0.35381136745762676,47.811758999575396,0,0.0,0.0,-1.0,WAVLM_BASE_PLUS,9
1089-134686-0019_5142-33396-0021__T2__NBASIC__5142,5142,1089,normal_basic,18.38,6,0.0,0.0,0.0,0.406612758301727,0.32121055675861965,43.95044404439659,0,0.0,0.0,-1.0,WAVLM_BASE_PLUS,9
1089-134686-0023_6829-68771-0020__T1__NBASIC__1089,1089,6829,normal_basic,12.68,8,0.0,0.0,0.0,0.4375811874212657,0.35604166272474785,40.455704710697624,0,0.0,0.0,-1.0,WAVLM_BASE_PLUS,9
1089-134686-0023_6829-68771-0020__T2__NBASIC__6829,6829,1089,normal_basic,14.5,8,0.0,0.0,0.0,0.44444531581925106,0.32623558584055323,42.76326016700254,0,0.0,0.0,-1.0,WAVLM_BASE_PLUS,9
1089-134686-0024_1995-1836-0013__T1__NBASIC__1089,1089,1995,normal_basic,14.62,9,0.0,0.0,0.0,0.44969348317722574,0.3392978127667249,43.07941753918823,0,0.0,0.0,-1.0,WAVLM_BASE_PLUS,9
1089-134686-0024_1995-1836-0013__T2__NBASIC__1995,1995,1089,normal_basic,11.86,9,0.0,0.0,0.0,0.4307996989606847,0.33235709102376826,41.43592204696999,0,0.0,0.0,-1.0,WAVLM_BASE_PLUS,9
1089-134686-0026_8224-274384-0010__T1__NBASIC__1089,1089,8224,normal_basic,13.06,7,0.0,0.0,0.0,0.3409874865715742,0.24388314494563235,33.23237423330776,0,0.0,0.0,-1.0,WAVLM_BASE_PLUS,9
1089-134686-0026_8224-274384-0010__T2__NBASIC__8224,8224,1089,normal_basic,9.7,7,0.14285714285714285,0.0,0.0,0.34379953085455106,-0.012240361760182727,33.59048750453065,0,0.0,0.0,-1.0,WAVLM_BASE_PLUS,9
1089-134686-0028_6829-68771-0025__T1__NBASIC__1089,1089,6829,normal_basic,11.94,14,0.0,0.0,0.0,0.4605079988353261,0.2945182264552165,39.85091945985137,0,0.0,0.0,-1.0,WAVLM_BASE_PLUS,9
1089-134686-0028_6829-68771-0025__T2__NBASIC__6829,6829,1089,normal_basic,13.95,14,0.0,0.0,0.0,0.4095594094491536,0.24641271215401628,40.55761262254475,0,0.0,0.0,-1.0,WAVLM_BASE_PLUS,9
1089-134686-0031_61-70968-0026__T1__NBASIC__1089,1089,61,normal_basic,8.08,8,0.0,0.0,0.0,0.2740118167337317,0.07201153325131382,20.303747513022458,0,0.0,0.0,-1.0,WAVLM_BASE_PLUS,9
1089-134686-0031_61-70968-0026__T2__NBASIC__61,61,1089,normal_basic,7.54,8,0.0,0.0,0.0,0.38872297444703147,0.3083847883288876,25.380960092410042,0,0.0,0.0,-1.0,WAVLM_BASE_PLUS,9
1089-134686-0032_4507-16021-0049__T1__NBASIC__1089,1089,4507,normal_basic,15.27,7,0.0,0.0,0.0,0.3834986109667615,0.2584411456851713,37.24260389245131,0,0.0,0.0,-1.0,WAVLM_BASE_PLUS,9
1089-134686-0032_4507-16021-0049__T2__NBASIC__4507,4507,1089,normal_basic,12.55,7,0.0,0.0,0.0,0.46059406119613505,0.4117516705843543,43.92463413024809,0,0.0,0.0,-1.0,WAVLM_BASE_PLUS,9
1089-134686-0033_1320-122612-0001__T1__NBASIC__1089,1089,1320,normal_basic,13.33,5,0.0,0.0,0.0,0.3555852766920018,0.19145851201005937,37.46609758081736,0,0.0,0.0,-1.0,WAVLM_BASE_PLUS,9
1089-134686-0033_1320-122612-0001__T2__NBASIC__1320,1320,1089,normal_basic,6.77,5,0.0,0.0,0.0,0.3870916101672178,0.243038531795585,24.757372751005306,0,0.0,0.0,-1.0,WAVLM_BASE_PLUS,9
1089-134686-0034_5639-40744-0005__T1__NBASIC__1089,1089,5639,normal_basic,13.78,10,0.0,0.0,0.0,0.2732031113380812,0.007834119059731304,27.00225783370498,0,0.0,0.0,-1.0,WAVLM_BASE_PLUS,9
1089-134686-0034_5639-40744-0005__T2__NBASIC__5639,5639,1089,normal_basic,8.47,10,0.0,0.0,0.0,0.3660664088687319,0.12130147699114413,32.32459440691862,0,0.0,0.0,-1.0,WAVLM_BASE_PLUS,9
1089-134686-0035_2300-131720-0025__T1__NBASIC__1089,1089,2300,normal_basic,5.97,5,0.0,0.0,0.0,0.2373090967855001,0.09639817283476237,20.51758044410116,0,0.0,0.0,-1.0,WAVLM_BASE_PLUS,9
1089-134686-0035_2300-131720-0025__T2__NBASIC__2300,2300,1089,normal_basic,9.34,5,0.2,0.0,0.0,0.23141229366570837,-0.03663706706205849,25.895018778510554,0,0.0,0.0,-1.0,WAVLM_BASE_PLUS,9
1089-134686-0036_6930-75918-0008__T1__NBASIC__1089,1089,6930,normal_basic,10.0,5,0.0,0.0,0.0,0.38724277684400865,0.2943508950201395,32.66924040270619,0,0.0,0.0,-1.0,WAVLM_BASE_PLUS,9
1089-134686-0036_6930-75918-0008__T2__NBASIC__6930,6930,1089,normal_basic,12.8,5,0.0,0.0,0.0,0.48295421075296385,0.3216122018706141,36.190832126142865,0,0.0,0.0,-1.0,WAVLM_BASE_PLUS,9
1089-134686-0037_4446-2271-0000__T1__NBASIC__1089,1089,4446,normal_basic,9.34,5,0.0,0.0,0.0,0.3915980193599211,0.23378854313986697,34.3713841168798,0,0.0,0.0,-1.0,WAVLM_BASE_PLUS,9
1089-134686-0037_4446-2271-0000__T2__NBASIC__4446,4446,1089,normal_basic,12.71,5,0.0,0.0,0.0,0.36519740860416733,0.18997980689910066,31.490738684402505,0,0.0,0.0,-1.0,WAVLM_BASE_PLUS,9
1089-134691-0002_8455-210777-0005__T1__NBASIC__1089,1089,8455,normal_basic,7.12,10,0.0,0.0,0.0,0.3091150594045663,0.07726710880240562,32.51458968093172,0,0.0,0.0,-1.0,WAVLM_BASE_PLUS,9
1089-134691-0002_8455-210777-0005__T2__NBASIC__8455,8455,1089,normal_basic,-4.42,10,0.6,1.0,0.6,-0.12280284100179828,-0.5041570850373565,-16.123908084970747,3,1.0,1.0,0.0,WAVLM_BASE_PLUS,9
1089-134691-0006_4446-2275-0012__T1__NBASIC__1089,1089,4446,normal_basic,11.04,10,0.0,0.0,0.0,0.41020830825431603,0.2654492960202274,38.51526050186588,0,0.0,0.0,-1.0,WAVLM_BASE_PLUS,9
1089-134691-0006_4446-2275-0012__T2__NBASIC__4446,4446,1089,normal_basic,13.95,10,0.0,0.0,0.0,0.3993423541989823,0.3223037847373833,36.06712338544549,0,0.0,0.0,-1.0,WAVLM_BASE_PLUS,9
1089-134691-0013_4992-23283-0007__T1__NBASIC__1089,1089,4992,normal_basic,13.65,7,0.0,0.0,0.0,0.3744128471509106,0.16004163660648918,34.14267152736082,0,0.0,0.0,-1.0,WAVLM_BASE_PLUS,9
1089-134691-0013_4992-23283-0007__T2__NBASIC__4992,4992,1089,normal_basic,10.78,7,0.0,0.0,0.0,0.43662762687687057,0.2538539867803291,41.529324766322866,0,0.0,0.0,-1.0,WAVLM_BASE_PLUS,9
1089-134691-0014_237-134500-0012__T1__NBASIC__1089,1089,237,normal_basic,15.92,8,0.0,0.0,0.0,0.40950698382397277,0.20261973945092182,38.00222458181037,0,0.0,0.0,-1.0,WAVLM_BASE_PLUS,9
1089-134691-0014_237-134500-0012__T2__NBASIC__237,237,1089,normal_basic,12.45,8,0.0,0.0,0.0,0.44952917472494136,0.3276404570163825,43.68231561022061,0,0.0,0.0,-1.0,WAVLM_BASE_PLUS,9
1089-134691-0015_3575-170457-0015__T1__NBASIC__1089,1089,3575,normal_basic,12.97,4,0.0,0.0,0.0,0.39952198894713953,0.36403830517393876,37.25270877542175,0,0.0,0.0,-1.0,WAVLM_BASE_PLUS,9
1089-134691-0015_3575-170457-0015__T2__NBASIC__3575,3575,1089,normal_basic,11.66,4,0.0,0.0,0.0,0.37216304978796366,0.23067443603429916,39.9864692153753,0,0.0,0.0,-1.0,WAVLM_BASE_PLUS,9
1089-134691-0020_7021-85628-0000__T1__NBASIC__1089,1089,7021,normal_basic,13.19,5,0.0,0.0,0.0,0.49015895944313115,0.3421863845098796,45.415572835510986,0,0.0,0.0,-1.0,WAVLM_BASE_PLUS,9
1089-134691-0020_7021-85628-0000__T2__NBASIC__7021,7021,1089,normal_basic,14.16,5,0.0,0.0,0.0,0.4604730978764956,0.24437500014164204,46.96575256567267,0,0.0,0.0,-1.0,WAVLM_BASE_PLUS,9
1089-134691-0023_1580-141083-0000__T1__NBASIC__1089,1089,1580,normal_basic,8.08,14,0.0,0.0,0.0,0.40110520911386216,0.08312290740660311,38.72998858865363,0,0.0,0.0,-1.0,WAVLM_BASE_PLUS,9
1089-134691-0023_1580-141083-0000__T2__NBASIC__1580,1580,1089,normal_basic,14.36,14,0.0,0.0,0.0,0.32478549202425694,0.2378094236583389,30.75279362791292,0,0.0,0.0,-1.0,WAVLM_BASE_PLUS,9
1089-134691-0025_4970-29095-0012__T1__NBASIC__1089,1089,4970,normal_basic,11.1,8,0.0,0.0,0.0,0.3908021913264245,0.26896255670494695,36.77625458021474,0,0.0,0.0,-1.0,WAVLM_BASE_PLUS,9
1089-134691-0025_4970-29095-0012__T2__NBASIC__4970,4970,1089,normal_basic,11.39,8,0.0,0.0,0.0,0.40478641688923844,0.2068948086667437,41.86377581613013,0,0.0,0.0,-1.0,WAVLM_BASE_PLUS,9
1188-133604-0001_1995-1826-0012__T1__NBASIC__1188,1188,1995,normal_basic,14.98,10,0.0,0.0,0.0,0.43601389204236946,0.33615188410744,41.99076394204822,0,0.0,0.0,-1.0,WAVLM_BASE_PLUS,9
1188-133604-0001_1995-1826-0012__T2__NBASIC__1995,1995,1188,normal_basic,12.54,10,0.0,0.0,0.0,0.3927322333561313,0.2631225533312989,44.51096500594135,0,0.0,0.0,-1.0,WAVLM_BASE_PLUS,9
1188-133604-0004_672-122797-0017__T1__NBASIC__1188,1188,672,normal_basic,9.07,8,0.0,0.0,0.0,0.37773317366834186,0.12598478542128333,33.58399283529009,0,0.0,0.0,-1.0,WAVLM_BASE_PLUS,9
1188-133604-0004_672-122797-0017__T2__NBASIC__672,672,1188,normal_basic,9.75,8,0.0,0.0,0.0,0.43414177742527393,0.23320513363423012,29.106383964583927,0,0.0,0.0,-1.0,WAVLM_BASE_PLUS,9
1188-133604-0005_4446-2271-0003__T1__NBASIC__1188,1188,4446,normal_basic,8.9,6,0.0,0.0,0.0,0.4298874289621469,0.3238389024243713,38.48091373048175,0,0.0,0.0,-1.0,WAVLM_BASE_PLUS,9
1188-133604-0005_4446-2271-0003__T2__NBASIC__4446,4446,1188,normal_basic,13.58,6,0.0,0.0,0.0,0.31099669434599064,0.20498770065412175,31.686758504712213,0,0.0,0.0,-1.0,WAVLM_BASE_PLUS,9
1188-133604-0011_4970-29095-0008__T1__NBASIC__1188,1188,4970,normal_basic,8.38,5,0.0,0.0,0.0,0.4054974789097141,0.23335384855863106,34.53972687504645,0,0.0,0.0,-1.0,WAVLM_BASE_PLUS,9
1188-133604-0011_4970-29095-0008__T2__NBASIC__4970,4970,1188,normal_basic,11.97,5,0.0,0.0,0.0,0.31038150167442513,0.19236809777141084,34.15999211308649,0,0.0,0.0,-1.0,WAVLM_BASE_PLUS,9
1188-133604-0012_5105-28241-0016__T1__NBASIC__1188,1188,5105,normal_basic,-12.16,11,0.9090909090909091,1.0,0.9090909090909091,-0.26085225857514155,-0.5540449838720762,-20.352002552741677,2,4.0,2.5,0.0,WAVLM_BASE_PLUS,9
1188-133604-0012_5105-28241-0016__T2__NBASIC__5105,5105,1188,normal_basic,11.98,11,0.0,0.0,0.0,0.3998040412611575,0.1672686281784055,36.89629707923031,0,0.0,0.0,-1.0,WAVLM_BASE_PLUS,9
1188-133604-0016_7176-88083-0018__T1__NBASIC__1188,1188,7176,normal_basic,1.75,19,0.42105263157894735,0.15789473684210525,0.15789473684210525,0.05283615122280988,-0.5011399586108527,11.176498336942654,2,1.5,1.25,4.5,WAVLM_BASE_PLUS,9
1188-133604-0016_7176-88083-0018__T2__NBASIC__7176,7176,1188,normal_basic,6.61,19,0.05263157894736842,0.10526315789473684,0.05263157894736842,0.2993808472057373,-0.02486640313402544,13.34860253274068,0,0.0,0.0,-1.0,WAVLM_BASE_PLUS,9
1188-133604-0017_6930-81414-0007__T1__NBASIC__1188,1188,6930,normal_basic,10.85,7,0.0,0.0,0.0,0.43951690082112715,0.3634039388931914,46.43466396714553,0,0.0,0.0,-1.0,WAVLM_BASE_PLUS,9
1188-133604-0017_6930-81414-0007__T2__NBASIC__6930,6930,1188,normal_basic,17.3,7,0.0,0.0,0.0,0.2875406887238626,0.1633715894926543,38.09830409435811,0,0.0,0.0,-1.0,WAVLM_BASE_PLUS,9
1188-133604-0019_8224-274384-0008__T1__NBASIC__1188,1188,8224,normal_basic,11.48,23,0.0,0.0,0.0,0.45715029072942237,0.24171811566247137,41.2015810243763,0,0.0,0.0,-1.0,WAVLM_BASE_PLUS,9
1188-133604-0019_8224-274384-0008__T2__NBASIC__8224,8224,1188,normal_basic,13.43,23,0.13043478260869565,0.0,0.0,0.2725167597039307,-0.11858597867459825,32.10756587204848,0,0.0,0.0,-1.0,WAVLM_BASE_PLUS,9
1188-133604-0020_3729-6852-0044__T1__NBASIC__1188,1188,3729,normal_basic,12.42,12,0.0,0.0,0.0,0.44466783638571017,0.38418477005296847,43.53599506414875,0,0.0,0.0,-1.0,WAVLM_BASE_PLUS,9
1188-133604-0020_3729-6852-0044__T2__NBASIC__3729,3729,1188,normal_basic,17.04,12,0.0,0.0,0.0,0.45009458859185725,0.341083628471937,39.83822030886697,0,0.0,0.0,-1.0,WAVLM_BASE_PLUS,9
1188-133604-0022_1221-135767-0019__T1__NBASIC__1188,1188,1221,normal_basic,13.85,6,0.0,0.0,0.0,0.37720384659955,0.23859740248545414,52.33186998489933,0,0.0,0.0,-1.0,WAVLM_BASE_PLUS,9
1188-133604-0022_1221-135767-0019__T2__NBASIC__1221,1221,1188,normal_basic,18.75,6,0.0,0.0,0.0,0.43622243685091117,0.29638434630240584,47.344705239205695,0,0.0,0.0,-1.0,WAVLM_BASE_PLUS,9
1188-133604-0025_4992-23283-0016__T1__NBASIC__1188,1188,4992,normal_basic,8.89,7,0.0,0.0,0.0,0.3563058868597218,0.21623014971287258,26.431751814909823,0,0.0,0.0,-1.0,WAVLM_BASE_PLUS,9
1188-133604-0025_4992-23283-0016__T2__NBASIC__4992,4992,1188,normal_basic,9.25,7,0.0,0.0,0.0,0.39830327859467446,0.11904799700105917,30.651345655755826,0,0.0,0.0,-1.0,WAVLM_BASE_PLUS,9
1188-133604-0029_8455-210777-0003__T1__NBASIC__1188,1188,8455,normal_basic,10.13,6,0.0,0.0,0.0,0.45055440646740813,0.25990002827596803,43.502428249097,0,0.0,0.0,-1.0,WAVLM_BASE_PLUS,9
1188-133604-0029_8455-210777-0003__T2__NBASIC__8455,8455,1188,normal_basic,16.55,6,0.0,0.0,0.0,0.2979145583307344,0.05602920277291079,45.5972759141467,0,0.0,0.0,-1.0,WAVLM_BASE_PLUS,9
1188-133604-0033_7127-75947-0027__T1__NBASIC__1188,1188,7127,normal_basic,-19.96,12,0.8333333333333334,1.0,0.8333333333333334,-0.33979167013668615,-0.6645397807095788,-31.02892876638091,2,4.0,2.5,0.0,WAVLM_BASE_PLUS,9
1188-133604-0033_7127-75947-0027__T2__NBASIC__7127,7127,1188,normal_basic,13.01,12,0.0,0.0,0.0,0.4617601499787831,0.21444314289360183,42.211406630896356,0,0.0,0.0,-1.0,WAVLM_BASE_PLUS,9
1188-133604-0036_2961-960-0007__T1__NBASIC__1188,1188,2961,normal_basic,11.87,14,0.07142857142857142,0.0,0.0,0.3108086110564584,-0.12525421877061593,37.63704720452218,0,0.0,0.0,-1.0,WAVLM_BASE_PLUS,9
1188-133604-0036_2961-960-0007__T2__NBASIC__2961,2961,1188,normal_basic,10.78,14,0.0,0.0,0.0,0.4623115780678062,0.28106285254679986,38.64103704889578,0,0.0,0.0,-1.0,WAVLM_BASE_PLUS,9
1188-133604-0038_5142-33396-0043__T1__NBASIC__1188,1188,5142,normal_basic,16.23,6,0.0,0.0,0.0,0.4310695199754094,0.4139885223560633,54.18828772269148,0,0.0,0.0,-1.0,WAVLM_BASE_PLUS,9
1188-133604-0038_5142-33396-0043__T2__NBASIC__5142,5142,1188,normal_basic,16.97,6,0.0,0.0,0.0,0.5334305459202865,0.4335974328581262,49.54963665160958,0,0.0,0.0,-1.0,WAVLM_BASE_PLUS,9
1188-133604-0040_4970-29093-0002__T1__NBASIC__1188,1188,4970,normal_basic,9.6,5,0.0,0.0,0.0,0.33793668093059626,0.14224558784188646,38.148900587447244,0,0.0,0.0,-1.0,WAVLM_BASE_PLUS,9
1188-133604-0040_4970-29093-0002__T2__NBASIC__4970,4970,1188,normal_basic,10.86,5,0.0,0.0,0.0,0.37573042758900055,0.0833590610044801,32.436173294651155,0,0.0,0.0,-1.0,WAVLM_BASE_PLUS,9
121-121726-0000_3570-5694-0022__T1__NBASIC__121,121,3570,normal_basic,1.0,7,0.2857142857142857,0.14285714285714285,0.14285714285714285,0.12662596986326063,-0.34368913678390156,6.132041578384074,1,1.0,1.0,1.5,WAVLM_BASE_PLUS,9
121-121726-0000_3570-5694-0022__T2__NBASIC__3570,3570,121,normal_basic,15.91,7,0.0,0.0,0.0,0.3484331576147843,0.26005701002669124,41.207624663455036,0,0.0,0.0,-1.0,WAVLM_BASE_PLUS,9
121-121726-0003_672-122797-0059__T1__NBASIC__121,121,672,normal_basic,10.01,6,0.16666666666666666,0.0,0.0,0.16740593670244489,-0.13685513084734502,29.164043618148963,0,0.0,0.0,-1.0,WAVLM_BASE_PLUS,9
121-121726-0003_672-122797-0059__T2__NBASIC__672,672,121,normal_basic,11.91,6,0.0,0.0,0.0,0.34104336440294675,0.21252501852592565,37.82856712963824,0,0.0,0.0,-1.0,WAVLM_BASE_PLUS,9
121-121726-0006_61-70970-0003__T1__NBASIC__121,121,61,normal_basic,10.34,6,0.16666666666666666,0.0,0.0,0.2674444014276531,-0.039775574233946176,35.42982043643931,0,0.0,0.0,-1.0,WAVLM_BASE_PLUS,9
121-121726-0006_61-70970-0003__T2__NBASIC__61,61,121,normal_basic,12.61,6,0.0,0.0,0.0,0.4770530083947128,0.2196389634227084,32.30087403596133,0,0.0,0.0,-1.0,WAVLM_BASE_PLUS,9
121-121726-0008_4446-2273-0000__T1__NBASIC__121,121,4446,normal_basic,10.62,8,0.25,0.0,0.0,0.16573528890097494,-0.5899178484980803,26.20914259777205,1,1.0,1.0,1.0,WAVLM_BASE_PLUS,9
121-121726-0008_4446-2273-0000__T2__NBASIC__4446,4446,121,normal_basic,11.33,8,0.0,0.0,0.0,0.5160372161210641,0.2547302195147706,43.207680457827124,0,0.0,0.0,-1.0,WAVLM_BASE_PLUS,9
121-121726-0010_260-123286-0031__T1__NBASIC__121,121,260,normal_basic,13.54,8,0.0,0.0,0.0,0.3336081266615697,0.07900679981987457,39.06709403714506,0,0.0,0.0,-1.0,WAVLM_BASE_PLUS,9
121-121726-0010_260-123286-0031__T2__NBASIC__260,260,121,normal_basic,13.56,8,0.0,0.0,0.0,0.3531168433497543,0.05739516856384108,43.04109318368283,0,0.0,0.0,-1.0,WAVLM_BASE_PLUS,9
121-121726-0011_237-126133-0017__T1__NBASIC__121,121,237,normal_basic,1.18,7,0.7142857142857143,0.42857142857142855,0.42857142857142855,-0.1507493291372462,-0.5129799536091303,-0.35047983561883356,1,2.0,2.0,1.0,WAVLM_BASE_PLUS,9
121-121726-0011_237-126133-0017__T2__NBASIC__237,237,121,normal_basic,0.6,7,0.0,0.0,0.0,0.39037757921447486,0.1672177281314755,25.006651062805037,0,0.0,0.0,-1.0,WAVLM_BASE_PLUS,9
121-121726-0014_7021-79740-0000__T1__NBASIC__121,121,7021,normal_basic,16.61,5,0.2,0.0,0.0,0.1992138030210578,-0.11911469459722879,35.49897156260242,0,0.0,0.0,-1.0,WAVLM_BASE_PLUS,9
121-121726-0014_7021-79740-0000__T2__NBASIC__7021,7021,121,normal_basic,10.98,5,0.0,0.0,0.0,0.45927389621391546,0.36032044166901844,44.04251976432069,0,0.0,0.0,-1.0,WAVLM_BASE_PLUS,9
121-123852-0002_1188-133604-0003__T2__NBASIC__1188,1188,121,normal_basic,10.86,23,0.0,0.0,0.0,0.42505356989928844,0.21953659810636883,40.38990160004889,0,0.0,0.0,-1.0,WAVLM_BASE_PLUS,9
121-123852-0002_1188-133604-0003__T1__NBASIC__121,121,1188,normal_basic,15.12,23,0.0,0.0,0.0,0.3177878042348358,0.043384551134262095,36.403081141875425,0,0.0,0.0,-1.0,WAVLM_BASE_PLUS,9
121-123852-0004_7176-92135-0002__T1__NBASIC__121,121,7176,normal_basic,14.92,5,0.0,0.0,0.0,0.22873954985524653,0.05257263953672153,34.537492961330514,0,0.0,0.0,-1.0,WAVLM_BASE_PLUS,9
121-123852-0004_7176-92135-0002__T2__NBASIC__7176,7176,121,normal_basic,12.03,5,0.0,0.0,0.0,0.5024439087474469,0.3197809393822743,43.163609231373606,0,0.0,0.0,-1.0,WAVLM_BASE_PLUS,9
121-123859-0003_260-123288-0025__T1__NBASIC__121,121,260,normal_basic,17.23,18,0.05555555555555555,0.0,0.0,0.3482204378171833,-0.12257223668667094,41.60464648870355,0,0.0,0.0,-1.0,WAVLM_BASE_PLUS,9
121-123859-0003_260-123288-0025__T2__NBASIC__260,260,121,normal_basic,12.24,18,0.0,0.0,0.0,0.4531857475947445,0.18668806179510844,50.201243131243004,0,0.0,0.0,-1.0,WAVLM_BASE_PLUS,9
121-123859-0004_2830-3980-0075__T1__NBASIC__121,121,2830,normal_basic,13.53,9,0.0,0.0,0.0,0.368712376223075,0.1530537542020507,35.9284685255773,0,0.0,0.0,-1.0,WAVLM_BASE_PLUS,9
121-123859-0004_2830-3980-0075__T2__NBASIC__2830,2830,121,normal_basic,14.01,9,0.0,0.0,0.0,0.4472389691759069,0.15807988783758098,38.070347223562905,0,0.0,0.0,-1.0,WAVLM_BASE_PLUS,9
121-127105-0000_5142-33396-0044__T1__NBASIC__121,121,5142,normal_basic,10.32,8,0.0,0.0,0.0,0.31914657374592137,0.08317506642735872,31.380952756545767,0,0.0,0.0,-1.0,WAVLM_BASE_PLUS,9
121-127105-0000_5142-33396-0044__T2__NBASIC__5142,5142,121,normal_basic,11.8,8,0.0,0.0,0.0,0.3782604794435603,0.1457075298921109,32.26818406789606,0,0.0,0.0,-1.0,WAVLM_BASE_PLUS,9
121-127105-0002_4446-2273-0036__T1__NBASIC__121,121,4446,normal_basic,-16.83,5,1.0,1.0,1.0,-0.3436313521027188,-0.4838479064492932,-26.154007965489665,1,2.5,2.5,0.0,WAVLM_BASE_PLUS,9
121-127105-0002_4446-2273-0036__T2__NBASIC__4446,4446,121,normal_basic,9.78,5,0.0,0.0,0.0,0.38487362475484377,0.23245791407085586,32.36181791099865,0,0.0,0.0,-1.0,WAVLM_BASE_PLUS,9
121-127105-0005_4507-16021-0046__T1__NBASIC__121,121,4507,normal_basic,13.09,8,0.0,0.0,0.0,0.3949447441648793,0.23424299770379786,42.04547959249496,0,0.0,0.0,-1.0,WAVLM_BASE_PLUS,9
121-127105-0005_4507-16021-0046__T2__NBASIC__4507,4507,121,normal_basic,11.46,8,0.0,0.0,0.0,0.3943710435691887,0.22491529503733476,44.03163103443905,0,0.0,0.0,-1.0,WAVLM_BASE_PLUS,9
121-127105-0019_4446-2275-0029__T1__NBASIC__121,121,4446,normal_basic,3.54,6,0.3333333333333333,0.3333333333333333,0.0,0.18638490710436129,-0.16412564872500246,7.354773242433665,0,0.0,0.0,-1.0,WAVLM_BASE_PLUS,9
121-127105-0019_4446-2275-0029__T2__NBASIC__4446,4446,121,normal_basic,7.47,6,0.16666666666666666,0.0,0.0,0.19340909298258704,-0.032935976740589235,27.580051761962157,0,0.0,0.0,-1.0,WAVLM_BASE_PLUS,9
121-127105-0020_5683-32866-0030__T1__NBASIC__121,121,5683,normal_basic,2.85,8,0.25,0.625,0.25,0.20235397283021997,-0.24892170222982413,-0.5905863060439374,1,1.0,1.0,0.0,WAVLM_BASE_PLUS,9
121-127105-0020_5683-32866-0030__T2__NBASIC__5683,5683,121,normal_basic,-11.8,8,0.75,0.625,0.625,-0.18771020836220265,-0.418244765872068,-8.424657541419165,1,3.0,3.0,1.0,WAVLM_BASE_PLUS,9
121-127105-0023_1580-141083-0021__T1__NBASIC__121,121,1580,normal_basic,11.61,6,0.0,0.0,0.0,0.3905726663448397,0.18678331200680837,30.0511625181113,0,0.0,0.0,-1.0,WAVLM_BASE_PLUS,9
121-127105-0023_1580-141083-0021__T2__NBASIC__1580,1580,121,normal_basic,9.35,6,0.0,0.0,0.0,0.44119981968292743,0.2926939071290626,33.56367883217167,0,0.0,0.0,-1.0,WAVLM_BASE_PLUS,9
121-127105-0026_7127-75946-0017__T1__NBASIC__121,121,7127,normal_basic,8.02,14,0.0,0.0,0.0,0.42254718270865543,0.28500088881796787,32.42098811757709,0,0.0,0.0,-1.0,WAVLM_BASE_PLUS,9
121-127105-0026_7127-75946-0017__T2__NBASIC__7127,7127,121,normal_basic,11.15,14,0.0,0.0,0.0,0.40061634231089605,0.27199929408622875,31.331786107971848,0,0.0,0.0,-1.0,WAVLM_BASE_PLUS,9
121-127105-0035_1995-1826-0013__T1__NBASIC__121,121,1995,normal_basic,8.58,16,0.125,0.0,0.0,0.22549222745206926,-0.7204235946098541,35.30243303640123,0,0.0,0.0,-1.0,WAVLM_BASE_PLUS,9
121-127105-0035_1995-1826-0013__T2__NBASIC__1995,1995,121,normal_basic,14.24,16,0.0,0.0,0.0,0.3257144136939292,0.005648148493097804,38.75707117053816,0,0.0,0.0,-1.0,WAVLM_BASE_PLUS,9
121-127105-0036_5683-32865-0005__T1__NBASIC__121,121,5683,normal_basic,14.76,7,0.14285714285714285,0.0,0.0,0.27248751294175777,-0.06163370853381567,28.10757215026238,0,0.0,0.0,-1.0,WAVLM_BASE_PLUS,9
121-127105-0036_5683-32865-0005__T2__NBASIC__5683,5683,121,normal_basic,-8.82,7,0.42857142857142855,0.42857142857142855,0.42857142857142855,-0.022552177653154315,-0.28578513289132257,-0.32783828269885823,1,1.0,1.0,1.0,WAVLM_BASE_PLUS,9
1221-135766-0003_908-31957-0002__T1__NBASIC__1221,1221,908,normal_basic,8.7,8,0.0,0.0,0.0,0.5242546289775142,0.3805729670703949,33.28351176928995,0,0.0,0.0,-1.0,WAVLM_BASE_PLUS,9
1221-135766-0003_908-31957-0002__T2__NBASIC__908,908,1221,normal_basic,12.59,8,0.0,0.0,0.0,0.3792474375212055,0.10733973765270477,31.971537713737305,0,0.0,0.0,-1.0,WAVLM_BASE_PLUS,9
1221-135766-0006_7176-92135-0040__T1__NBASIC__1221,1221,7176,normal_basic,15.56,19,0.0,0.0,0.0,0.40562339061403596,0.1954828232286966,42.32716674002974,0,0.0,0.0,-1.0,WAVLM_BASE_PLUS,9
1221-135766-0006_7176-92135-0040__T2__NBASIC__7176,7176,1221,normal_basic,12.36,19,0.0,0.0,0.0,0.39377657449407427,0.2304141510203579,41.37066645747342,0,0.0,0.0,-1.0,WAVLM_BASE_PLUS,9
1221-135766-0009_5142-33396-0058__T1__NBASIC__1221,1221,5142,normal_basic,10.49,5,0.0,0.0,0.0,0.50151642054787,0.48061300864016016,36.23527529280145,0,0.0,0.0,-1.0,WAVLM_BASE_PLUS,9
1221-135766-0009_5142-33396-0058__T2__NBASIC__5142,5142,1221,normal_basic,12.44,5,0.0,0.0,0.0,0.37491533065638993,0.25542453085934164,35.828024982298864,0,0.0,0.0,-1.0,WAVLM_BASE_PLUS,9
1221-135766-0012_6930-76324-0003__T1__NBASIC__1221,1221,6930,normal_basic,9.91,5,0.0,0.0,0.0,0.4400271899985181,0.37954653812598327,35.64560707014116,0,0.0,0.0,-1.0,WAVLM_BASE_PLUS,9
1221-135766-0012_6930-76324-0003__T2__NBASIC__6930,6930,1221,normal_basic,13.63,5,0.0,0.0,0.0,0.3873276662701994,0.31652788581363883,36.32332478892861,0,0.0,0.0,-1.0,WAVLM_BASE_PLUS,9
1221-135766-0013_1284-1181-0013__T1__NBASIC__1221,1221,1284,normal_basic,13.66,6,0.0,0.0,0.0,0.45193908486500384,0.3402157336527425,39.22066661391216,0,0.0,0.0,-1.0,WAVLM_BASE_PLUS,9
1221-135766-0013_1284-1181-0013__T2__NBASIC__1284,1284,1221,normal_basic,13.2,6,0.0,0.0,0.0,0.30752503271301956,0.19209887053465025,41.082286092226845,0,0.0,0.0,-1.0,WAVLM_BASE_PLUS,9
1221-135766-0014_3729-6852-0011__T1__NBASIC__1221,1221,3729,normal_basic,13.62,8,0.0,0.0,0.0,0.4196030672498569,0.1572547523518838,26.773386057613614,0,0.0,0.0,-1.0,WAVLM_BASE_PLUS,9
1221-135766-0014_3729-6852-0011__T2__NBASIC__3729,3729,1221,normal_basic,9.39,8,0.0,0.0,0.0,0.46480624537441406,0.3796604298416836,35.15136124830595,0,0.0,0.0,-1.0,WAVLM_BASE_PLUS,9
1221-135767-0001_7127-75947-0008__T1__NBASIC__1221,1221,7127,normal_basic,8.55,7,0.0,0.0,0.0,0.44856156834101746,0.24052440639098893,38.29067402414962,0,0.0,0.0,-1.0,WAVLM_BASE_PLUS,9
1221-135767-0001_7127-75947-0008__T2__NBASIC__7127,7127,1221,normal_basic,15.71,7,0.0,0.0,0.0,0.2946819197192882,0.06316411745367989,34.869457347014695,0,0.0,0.0,-1.0,WAVLM_BASE_PLUS,9
1221-135767-0008_260-123286-0027__T1__NBASIC__1221,1221,260,normal_basic,13.89,5,0.0,0.0,0.0,0.3975481147648962,0.2716216092621631,36.47479361953755,0,0.0,0.0,-1.0,WAVLM_BASE_PLUS,9
1221-135767-0008_260-123286-0027__T2__NBASIC__260,260,1221,normal_basic,12.12,5,0.0,0.0,0.0,0.42838232110546437,0.3498888490614419,41.10615537994457,0,0.0,0.0,-1.0,WAVLM_BASE_PLUS,9
1221-135767-0010_1995-1837-0021__T1__NBASIC__1221,1221,1995,normal_basic,15.35,5,0.0,0.0,0.0,0.45541924242438414,0.3650007392482052,42.40954546203919,0,0.0,0.0,-1.0,WAVLM_BASE_PLUS,9
1221-135767-0010_1995-1837-0021__T2__NBASIC__1995,1995,1221,normal_basic,14.51,5,0.0,0.0,0.0,0.35736697410555773,0.2042832333716107,46.28530852162836,0,0.0,0.0,-1.0,WAVLM_BASE_PLUS,9
1221-135767-0014_2300-131720-0034__T1__NBASIC__1221,1221,2300,normal_basic,14.18,13,0.0,0.0,0.0,0.41653536937513913,0.2776450757287605,38.04927211646345,0,0.0,0.0,-1.0,WAVLM_BASE_PLUS,9
1221-135767-0014_2300-131720-0034__T2__NBASIC__2300,2300,1221,normal_basic,10.79,13,0.0,0.0,0.0,0.4208721267039739,0.24039915457721195,39.32527053164328,0,0.0,0.0,-1.0,WAVLM_BASE_PLUS,9
1221-135767-0016_4970-29093-0012__T1__NBASIC__1221,1221,4970,normal_basic,9.02,16,0.0,0.0,0.0,0.36737900846644234,0.04803264045017486,25.99165441954313,0,0.0,0.0,-1.0,WAVLM_BASE_PLUS,9
1221-135767-0016_4970-29093-0012__T2__NBASIC__4970,4970,1221,normal_basic,12.49,16,0.0,0.0,0.0,0.3054019306806911,0.1824822687369056,33.62448108636154,0,0.0,0.0,-1.0,WAVLM_BASE_PLUS,9
1221-135767-0020_61-70968-0009__T1__NBASIC__1221,1221,61,normal_basic,11.99,5,0.0,0.0,0.0,0.42236007568317424,0.2286006513277482,32.08910949138183,0,0.0,0.0,-1.0,WAVLM_BASE_PLUS,9
1221-135767-0020_61-70968-0009__T2__NBASIC__61,61,1221,normal_basic,9.96,5,0.0,0.0,0.0,0.369610053126164,0.2587100369871471,35.33377569183132,0,0.0,0.0,-1.0,WAVLM_BASE_PLUS,9
1221-135767-0024_8555-284449-0015__T1__NBASIC__1221,1221,8555,normal_basic,2.6,9,0.1111111111111111,0.1111111111111111,0.1111111111111111,0.2636122272840138,-0.18673866613751067,10.1464219778407,0,0.0,0.0,-1.0,WAVLM_BASE_PLUS,9
1221-135767-0024_8555-284449-0015__T2__NBASIC__8555,8555,1221,normal_basic,13.44,9,0.0,0.0,0.0,0.3620375070545206,0.18306527888500856,35.01154123009448,0,0.0,0.0,-1.0,WAVLM_BASE_PLUS,9
1284-1180-0002_61-70970-0009__T1__NBASIC__1284,1284,61,normal_basic,9.42,5,0.0,0.0,0.0,0.3721176821611176,0.31617736184051526,34.497960644291425,0,0.0,0.0,-1.0,WAVLM_BASE_PLUS,9
1284-1180-0002_61-70970-0009__T2__NBASIC__61,61,1284,normal_basic,11.92,5,0.0,0.0,0.0,0.41929013330940884,0.3543118167586734,34.86733770434954,0,0.0,0.0,-1.0,WAVLM_BASE_PLUS,9
1284-1180-0004_8455-210777-0031__T1__NBASIC__1284,1284,8455,normal_basic,10.29,7,0.0,0.0,0.0,0.3897643411349932,0.2690431876282456,33.16291256128502,0,0.0,0.0,-1.0,WAVLM_BASE_PLUS,9
1284-1180-0004_8455-210777-0031__T2__NBASIC__8455,8455,1284,normal_basic,9.75,7,0.0,0.0,0.0,0.3804025241656018,0.1449806151588675,28.583942084476018,0,0.0,0.0,-1.0,WAVLM_BASE_PLUS,9
1284-1180-0005_6829-68771-0000__T1__NBASIC__1284,1284,6829,normal_basic,9.64,12,0.0,0.0,0.0,0.38353054127211356,0.2545941336275245,37.41881926096749,0,0.0,0.0,-1.0,WAVLM_BASE_PLUS,9
1284-1180-0005_6829-68771-0000__T2__NBASIC__6829,6829,1284,normal_basic,12.66,12,0.0,0.0,0.0,0.4081530558234603,0.32211171936495553,35.22340596477622,0,0.0,0.0,-1.0,WAVLM_BASE_PLUS,9
1284-1180-0006_121-127105-0022__T2__NBASIC__121,121,1284,normal_basic,17.23,9,0.0,0.0,0.0,0.31760676832568197,0.03066423656791606,31.47634509168796,0,0.0,0.0,-1.0,WAVLM_BASE_PLUS,9
1284-1180-0006_121-127105-0022__T1__NBASIC__1284,1284,121,normal_basic,9.98,9,0.0,0.0,0.0,0.49251266528303145,0.33619387650731014,45.44404626931911,0,0.0,0.0,-1.0,WAVLM_BASE_PLUS,9
1284-1180-0007_2094-142345-0002__T1__NBASIC__1284,1284,2094,normal_basic,12.67,11,0.0,0.0,0.0,0.4578762185614496,0.3695835397236552,48.24427818110732,0,0.0,0.0,-1.0,WAVLM_BASE_PLUS,9
1284-1180-0007_2094-142345-0002__T2__NBASIC__2094,2094,1284,normal_basic,-20.67,11,1.0,1.0,1.0,-0.44228669293415235,-0.579732301200107,-44.2277579378404,1,5.5,5.5,0.0,WAVLM_BASE_PLUS,9
1284-1180-0009_1580-141083-0045__T1__NBASIC__1284,1284,1580,normal_basic,11.81,7,0.0,0.0,0.0,0.3638171124150263,0.19639862943354724,45.505077093528314,0,0.0,0.0,-1.0,WAVLM_BASE_PLUS,9
1284-1180-0009_1580-141083-0045__T2__NBASIC__1580,1580,1284,normal_basic,16.83,7,0.0,0.0,0.0,0.3730024504797297,0.260105066470954,39.10278746092122,0,0.0,0.0,-1.0,WAVLM_BASE_PLUS,9
1284-1180-0010_1580-141084-0008__T1__NBASIC__1284,1284,1580,normal_basic,15.28,12,0.08333333333333333,0.0,0.0,0.24541629358078176,-0.04655203130124391,43.44348118793295,0,0.0,0.0,-1.0,WAVLM_BASE_PLUS,9
1284-1180-0010_1580-141084-0008__T2__NBASIC__1580,1580,1284,normal_basic,13.93,12,0.0,0.0,0.0,0.4634263083727,0.33361529636724485,44.459618965270714,0,0.0,0.0,-1.0,WAVLM_BASE_PLUS,9
1284-1180-0010_4507-16021-0024__T1__NBASIC__1284,1284,4507,normal_basic,11.67,9,0.0,0.0,0.0,0.433320650895405,0.15852808635275373,43.5510045119635,0,0.0,0.0,-1.0,WAVLM_BASE_PLUS,9
1284-1180-0010_4507-16021-0024__T2__NBASIC__4507,4507,1284,normal_basic,11.92,9,0.0,0.0,0.0,0.4157275090760191,0.19553029146140355,36.11903907988969,0,0.0,0.0,-1.0,WAVLM_BASE_PLUS,9
1284-1180-0011_3570-5695-0007__T1__NBASIC__1284,1284,3570,normal_basic,13.01,7,0.0,0.0,0.0,0.44261116681694784,0.25015967584015986,36.61974457931114,0,0.0,0.0,-1.0,WAVLM_BASE_PLUS,9
1284-1180-0011_3570-5695-0007__T2__NBASIC__3570,3570,1284,normal_basic,12.46,7,0.0,0.0,0.0,0.4050223968561487,0.3212124343048926,34.889999260913086,0,0.0,0.0,-1.0,WAVLM_BASE_PLUS,9
1284-1180-0014_4077-13754-0002__T1__NBASIC__1284,1284,4077,normal_basic,12.49,6,0.0,0.0,0.0,0.27793070909163453,0.11298752278537771,39.28296295534593,0,0.0,0.0,-1.0,WAVLM_BASE_PLUS,9
1284-1180-0014_4077-13754-0002__T2__NBASIC__4077,4077,1284,normal_basic,12.07,6,0.0,0.0,0.0,0.3878141027764616,0.2702726071662642,39.06182263205371,0,0.0,0.0,-1.0,WAVLM_BASE_PLUS,9
1284-1180-0015_260-123288-0001__T1__NBASIC__1284,1284,260,normal_basic,15.98,8,0.0,0.0,0.0,0.49047682723796737,0.2804293414119508,45.59462453145784,0,0.0,0.0,-1.0,WAVLM_BASE_PLUS,9
1284-1180-0015_260-123288-0001__T2__NBASIC__260,260,1284,normal_basic,15.91,8,0.125,0.0,0.0,0.37996665244947525,-0.04929475533049943,47.766803162502896,0,0.0,0.0,-1.0,WAVLM_BASE_PLUS,9
1284-1180-0017_1580-141084-0031__T1__NBASIC__1284,1284,1580,normal_basic,10.89,11,0.0,0.0,0.0,0.3738940395849239,0.21337632802331785,45.79432540537175,0,0.0,0.0,-1.0,WAVLM_BASE_PLUS,9
1284-1180-0017_1580-141084-0031__T2__NBASIC__1580,1580,1284,normal_basic,16.12,11,0.0,0.0,0.0,0.4500479498165435,0.31541665338173774,37.485111154118755,0,0.0,0.0,-1.0,WAVLM_BASE_PLUS,9
1284-1180-0018_1320-122617-0019__T1__NBASIC__1284,1284,1320,normal_basic,12.25,15,0.0,0.0,0.0,0.48330223151158813,0.407493314937826,46.514431373902994,0,0.0,0.0,-1.0,WAVLM_BASE_PLUS,9
1284-1180-0018_1320-122617-0019__T2__NBASIC__1320,1320,1284,normal_basic,15.66,15,0.0,0.0,0.0,0.4158473102035414,0.32206888282302026,41.40415778020565,0,0.0,0.0,-1.0,WAVLM_BASE_PLUS,9
1284-1180-0019_672-122797-0057__T1__NBASIC__1284,1284,672,normal_basic,8.09,12,0.08333333333333333,0.0,0.0,0.3256105998606066,-0.06741305462980696,29.155905330034397,0,0.0,0.0,-1.0,WAVLM_BASE_PLUS,9
1284-1180-0019_672-122797-0057__T2__NBASIC__672,672,1284,normal_basic,-9.1,12,0.75,0.75,0.6666666666666666,-0.15665277468738606,-0.5504739770467034,-8.75607203121664,1,4.0,4.0,0.5,WAVLM_BASE_PLUS,9
1284-1180-0020_3570-5696-0005__T1__NBASIC__1284,1284,3570,normal_basic,12.66,10,0.0,0.0,0.0,0.4096794447889451,0.2998502774241236,35.122738713593904,0,0.0,0.0,-1.0,WAVLM_BASE_PLUS,9
1284-1180-0020_3570-5696-0005__T2__NBASIC__3570,3570,1284,normal_basic,9.99,10,0.0,0.0,0.0,0.37556087984509434,0.24459759526033964,36.3681757747787,0,0.0,0.0,-1.0,WAVLM_BASE_PLUS,9
1284-1180-0026_1580-141084-0009__T1__NBASIC__1284,1284,1580,normal_basic,11.45,8,0.0,0.0,0.0,0.35653037947269106,0.1713683382913037,34.8849850125061,0,0.0,0.0,-1.0,WAVLM_BASE_PLUS,9
1284-1180-0026_1580-141084-0009__T2__NBASIC__1580,1580,1284,normal_basic,11.13,8,0.0,0.0,0.0,0.36783253770609414,0.2181087283365688,30.890039542680583,0,0.0,0.0,-1.0,WAVLM_BASE_PLUS,9
1284-1180-0028_3570-5696-0000__T1__NBASIC__1284,1284,3570,normal_basic,14.51,11,0.0,0.0,0.0,0.24310364900470002,0.04256990153276641,32.8211473872893,0,0.0,0.0,-1.0,WAVLM_BASE_PLUS,9
1284-1180-0028_3570-5696-0000__T2__NBASIC__3570,3570,1284,normal_basic,8.76,11,0.0,0.0,0.0,0.4463924745811743,0.32510506456570876,43.8150820885536,0,0.0,0.0,-1.0,WAVLM_BASE_PLUS,9
1284-1180-0031_7127-75947-0007__T1__NBASIC__1284,1284,7127,normal_basic,9.12,8,0.0,0.0,0.0,0.44779302156012507,0.22813180992504828,32.17921740783527,0,0.0,0.0,-1.0,WAVLM_BASE_PLUS,9
1284-1180-0031_7127-75947-0007__T2__NBASIC__7127,7127,1284,normal_basic,11.37,8,0.0,0.0,0.0,0.4456437470567613,0.25889256184787657,31.15694395305352,0,0.0,0.0,-1.0,WAVLM_BASE_PLUS,9
1284-1180-0032_260-123440-0008__T1__NBASIC__1284,1284,260,normal_basic,12.12,6,0.0,0.0,0.0,0.27141577723173155,0.13192355368934872,26.915151938980898,0,0.0,0.0,-1.0,WAVLM_BASE_PLUS,9
1284-1180-0032_260-123440-0008__T2__NBASIC__260,260,1284,normal_basic,7.36,6,0.0,0.0,0.0,0.4563190663577478,0.3586901354577281,33.525951283309304,0,0.0,0.0,-1.0,WAVLM_BASE_PLUS,9
1284-1181-0000_121-121726-0008__T2__NBASIC__121,121,1284,normal_basic,18.36,5,0.2,0.0,0.0,0.2855346124640929,-0.05908690752526591,39.311821085917515,0,0.0,0.0,-1.0,WAVLM_BASE_PLUS,9
1284-1181-0000_121-121726-0008__T1__NBASIC__1284,1284,121,normal_basic,12.2,5,0.0,0.0,0.0,0.4824898324425858,0.30670941992257106,55.277677057851555,0,0.0,0.0,-1.0,WAVLM_BASE_PLUS,9
1284-1181-0002_3570-5694-0002__T1__NBASIC__1284,1284,3570,normal_basic,8.87,6,0.0,0.0,0.0,0.28083334160332724,0.10181474482039454,29.425313955523993,0,0.0,0.0,-1.0,WAVLM_BASE_PLUS,9
1284-1181-0002_3570-5694-0002__T2__NBASIC__3570,3570,1284,normal_basic,8.12,6,0.0,0.0,0.0,0.39749960669432616,0.30357302437489164,25.209999751090077,0,0.0,0.0,-1.0,WAVLM_BASE_PLUS,9
1284-1181-0004_61-70970-0038__T1__NBASIC__1284,1284,61,normal_basic,11.12,13,0.0,0.0,0.0,0.3331672104670878,0.11564824950935482,31.09364510728395,0,0.0,0.0,-1.0,WAVLM_BASE_PLUS,9
1284-1181-0004_61-70970-0038__T2__NBASIC__61,61,1284,normal_basic,10.14,13,0.0,0.0,0.0,0.43328012520324655,0.17523408630104576,31.173436999174633,0,0.0,0.0,-1.0,WAVLM_BASE_PLUS,9
1284-1181-0007_1580-141084-0045__T1__NBASIC__1284,1284,1580,normal_basic,12.7,6,0.0,0.0,0.0,0.3660925736927862,0.2695217479888255,42.85654812973075,0,0.0,0.0,-1.0,WAVLM_BASE_PLUS,9
1284-1181-0007_1580-141084-0045__T2__NBASIC__1580,1580,1284,normal_basic,14.33,6,0.0,0.0,0.0,0.4426893365522386,0.28595134927418564,41.40218910049627,0,0.0,0.0,-1.0,WAVLM_BASE_PLUS,9
1284-1181-0011_6829-68769-0031__T1__NBASIC__1284,1284,6829,normal_basic,8.43,10,0.0,0.0,0.0,0.3289405152934124,0.0815297348882652,36.803155437341545,0,0.0,0.0,-1.0,WAVLM_BASE_PLUS,9
1284-1181-0011_6829-68769-0031__T2__NBASIC__6829,6829,1284,normal_basic,11.69,10,0.0,0.0,0.0,0.3551326282390083,0.16942226547904748,27.895486004832048,0,0.0,0.0,-1.0,WAVLM_BASE_PLUS,9
1284-1181-0012_3729-6852-0023__T1__NBASIC__1284,1284,3729,normal_basic,9.46,15,0.0,0.0,0.0,0.32721536465052437,0.10605498881767905,33.04277902101305,0,0.0,0.0,-1.0,WAVLM_BASE_PLUS,9
1284-1181-0012_3729-6852-0023__T2__NBASIC__3729,3729,1284,normal_basic,13.76,15,0.0,0.0,0.0,0.3827427300837541,0.15813982170445218,35.08398792950369,0,0.0,0.0,-1.0,WAVLM_BASE_PLUS,9
1284-1181-0016_1188-133604-0031__T2__NBASIC__1188,1188,1284,normal_basic,11.45,7,0.0,0.0,0.0,0.2874193411941457,0.026869415699489085,38.11403864814878,0,0.0,0.0,-1.0,WAVLM_BASE_PLUS,9
1284-1181-0016_1188-133604-0031__T1__NBASIC__1284,1284,1188,normal_basic,13.11,7,0.0,0.0,0.0,0.39969999955649216,0.2384309267060033,38.79142652938502,0,0.0,0.0,-1.0,WAVLM_BASE_PLUS,9
1284-1181-0017_7176-88083-0012__T1__NBASIC__1284,1284,7176,normal_basic,6.2,9,0.0,0.0,0.0,0.4746571391982399,0.32808887302348866,37.21243259083178,0,0.0,0.0,-1.0,WAVLM_BASE_PLUS,9
1284-1181-0017_7176-88083-0012__T2__NBASIC__7176,7176,1284,normal_basic,12.91,9,0.0,0.0,0.0,0.3285489627347807,0.12089186665030849,24.335988975142996,0,0.0,0.0,-1.0,WAVLM_BASE_PLUS,9
1284-1181-0018_8555-284447-0008__T1__NBASIC__1284,1284,8555,normal_basic,17.29,5,0.0,0.0,0.0,0.3197962985390495,0.22346907407142058,38.88310287861377,0,0.0,0.0,-1.0,WAVLM_BASE_PLUS,9
1284-1181-0018_8555-284447-0008__T2__NBASIC__8555,8555,1284,normal_basic,15.06,5,0.0,0.0,0.0,0.36905023067524756,0.24519194866218386,61.68919233291115,0,0.0,0.0,-1.0,WAVLM_BASE_PLUS,9
1284-134647-0001_2961-960-0015__T1__NBASIC__1284,1284,2961,normal_basic,11.0,14,0.0,0.0,0.0,0.34276753435554574,0.06831245614408388,43.43350697134348,0,0.0,0.0,-1.0,WAVLM_BASE_PLUS,9
1284-134647-0001_2961-960-0015__T2__NBASIC__2961,2961,1284,normal_basic,15.45,14,0.0,0.0,0.0,0.4004947142194695,0.15625794903607726,36.96442525933777,0,0.0,0.0,-1.0,WAVLM_BASE_PLUS,9
1320-122612-0000_6829-68769-0000__T1__NBASIC__1320,1320,6829,normal_basic,12.72,22,0.0,0.0,0.0,0.43403481054436666,0.2850017192583854,40.817560259474654,0,0.0,0.0,-1.0,WAVLM_BASE_PLUS,9
1320-122612-0000_6829-68769-0000__T2__NBASIC__6829,6829,1320,normal_basic,13.9,22,0.0,0.0,0.0,0.444456725832041,0.30042637584328735,39.8380793626447,0,0.0,0.0,-1.0,WAVLM_BASE_PLUS,9
1320-122612-0002_4507-16021-0038__T1__NBASIC__1320,1320,4507,normal_basic,14.32,6,0.0,0.0,0.0,0.5128168602630104,0.39980942536062913,55.45674278155837,0,0.0,0.0,-1.0,WAVLM_BASE_PLUS,9
1320-122612-0002_4507-16021-0038__T2__NBASIC__4507,4507,1320,normal_basic,22.79,6,0.0,0.0,0.0,0.37029793984100845,0.26991749878813126,45.35494150854404,0,0.0,0.0,-1.0,WAVLM_BASE_PLUS,9
1320-122612-0003_7176-88083-0025__T1__NBASIC__1320,1320,7176,normal_basic,13.61,13,0.0,0.0,0.0,0.2640126879229625,0.08249178737159185,27.81809033848993,0,0.0,0.0,-1.0,WAVLM_BASE_PLUS,9
1320-122612-0003_7176-88083-0025__T2__NBASIC__7176,7176,1320,normal_basic,7.04,13,0.0,0.0,0.0,0.4365531541453735,0.2608994193349291,36.35421568929,0,0.0,0.0,-1.0,WAVLM_BASE_PLUS,9
1320-122612-0006_4446-2271-0018__T1__NBASIC__1320,1320,4446,normal_basic,14.84,8,0.0,0.0,0.0,0.5372907244421594,0.4485912527946937,40.255885074010905,0,0.0,0.0,-1.0,WAVLM_BASE_PLUS,9
1320-122612-0006_4446-2271-0018__T2__NBASIC__4446,4446,1320,normal_basic,14.58,8,0.0,0.0,0.0,0.42343092946227406,0.19651348177042605,39.59830790656132,0,0.0,0.0,-1.0,WAVLM_BASE_PLUS,9
1320-122612-0007_2300-131720-0005__T1__NBASIC__1320,1320,2300,normal_basic,-7.55,10,0.7,0.8,0.7,-0.12095346871385985,-0.513500568267469,-6.5881595731009215,2,2.0,1.75,0.5,WAVLM_BASE_PLUS,9
1320-122612-0007_2300-131720-0005__T2__NBASIC__2300,2300,1320,normal_basic,8.29,10,0.2,0.1,0.1,0.2020350304632926,-0.1293750456550113,15.857754252162195,0,0.0,0.0,-1.0,WAVLM_BASE_PLUS,9
1320-122612-0010_3570-5695-0003__T1__NBASIC__1320,1320,3570,normal_basic,13.85,9,0.0,0.0,0.0,0.37198709157336424,0.2612742289069383,38.62664430689042,0,0.0,0.0,-1.0,WAVLM_BASE_PLUS,9
1320-122612-0010_3570-5695-0003__T2__NBASIC__3570,3570,1320,normal_basic,13.21,9,0.0,0.0,0.0,0.387662253033849,0.32236958826782147,44.31448505351667,0,0.0,0.0,-1.0,WAVLM_BASE_PLUS,9
1320-122612-0013_908-157963-0025__T1__NBASIC__1320,1320,908,normal_basic,6.32,12,0.08333333333333333,0.08333333333333333,0.08333333333333333,0.36006773166403233,-0.22735639951895786,16.25344489370868,0,0.0,0.0,-1.0,WAVLM_BASE_PLUS,9
1320-122612-0013_908-157963-0025__T2__NBASIC__908,908,1320,normal_basic,5.03,12,0.25,0.08333333333333333,0.08333333333333333,0.1488814151749178,-0.5015197892926739,16.69427126156363,1,1.0,1.0,2.5,WAVLM_BASE_PLUS,9
1320-122612-0014_908-31957-0016__T1__NBASIC__1320,1320,908,normal_basic,12.32,6,0.16666666666666666,0.0,0.0,0.40000250536046095,-0.11825997105708785,31.424900700199647,0,0.0,0.0,-1.0,WAVLM_BASE_PLUS,9
1320-122612-0014_908-31957-0016__T2__NBASIC__908,908,1320,normal_basic,8.05,6,0.0,0.0,0.0,0.42532553385532124,0.07287452984648313,36.00692805752157,0,0.0,0.0,-1.0,WAVLM_BASE_PLUS,9
1320-122612-0015_6829-68771-0018__T1__NBASIC__1320,1320,6829,normal_basic,14.73,11,0.0,0.0,0.0,0.38766977103564765,0.2401011538169039,40.679620451891985,0,0.0,0.0,-1.0,WAVLM_BASE_PLUS,9
1320-122612-0015_6829-68771-0018__T2__NBASIC__6829,6829,1320,normal_basic,12.12,11,0.0,0.0,0.0,0.44754801523621435,0.3782828898043762,47.95165016782496,0,0.0,0.0,-1.0,WAVLM_BASE_PLUS,9
1320-122617-0003_1580-141084-0014__T1__NBASIC__1320,1320,1580,normal_basic,9.47,6,0.0,0.0,0.0,0.443324421759879,0.34468121701630317,45.30983369308709,0,0.0,0.0,-1.0,WAVLM_BASE_PLUS,9
1320-122617-0003_1580-141084-0014__T2__NBASIC__1580,1580,1320,normal_basic,17.02,6,0.0,0.0,0.0,0.39934030937685533,0.2171922878695942,36.27942922825874,0,0.0,0.0,-1.0,WAVLM_BASE_PLUS,9
1320-122617-0004_7127-75946-0003__T1__NBASIC__1320,1320,7127,normal_basic,8.28,8,0.0,0.0,0.0,0.3549499774520857,0.08997595130259273,34.91558868020239,0,0.0,0.0,-1.0,WAVLM_BASE_PLUS,9
1320-122617-0004_7127-75946-0003__T2__NBASIC__7127,7127,1320,normal_basic,12.15,8,0.0,0.0,0.0,0.39351048242262776,0.1735100115406335,29.428802530453464,0,0.0,0.0,-1.0,WAVLM_BASE_PLUS,9
1320-122617-0005_3729-6852-0014__T1__NBASIC__1320,1320,3729,normal_basic,13.15,7,0.0,0.0,0.0,0.5182077464466611,0.32648356061779615,42.5566178347519,0,0.0,0.0,-1.0,WAVLM_BASE_PLUS,9
1320-122617-0005_3729-6852-0014__T2__NBASIC__3729,3729,1320,normal_basic,14.04,7,0.0,0.0,0.0,0.4508866864011347,0.003637117205702811,38.25622464142782,0,0.0,0.0,-1.0,WAVLM_BASE_PLUS,9
1320-122617-0006_5105-28240-0001__T1__NBASIC__1320,1320,5105,normal_basic,8.26,10,0.0,0.0,0.0,0.34891122023520715,0.1342368775126015,27.952202335188854,0,0.0,0.0,-1.0,WAVLM_BASE_PLUS,9
1320-122617-0006_5105-28240-0001__T2__NBASIC__5105,5105,1320,normal_basic,12.44,10,0.0,0.0,0.0,0.3777569172461936,0.14756637516528015,33.13732906696396,0,0.0,0.0,-1.0,WAVLM_BASE_PLUS,9
1320-122617-0008_1221-135767-0021__T2__NBASIC__1221,1221,1320,normal_basic,12.94,7,0.0,0.0,0.0,0.4348241285212424,0.37778807180778773,43.98960547757707,0,0.0,0.0,-1.0,WAVLM_BASE_PLUS,9
1320-122617-0008_1221-135767-0021__T1__NBASIC__1320,1320,1221,normal_basic,14.57,7,0.0,0.0,0.0,0.33292722638727934,0.039920868070462245,41.996947552962034,0,0.0,0.0,-1.0,WAVLM_BASE_PLUS,9
1320-122617-0011_7127-75947-0003__T1__NBASIC__1320,1320,7127,normal_basic,12.76,10,0.0,0.0,0.0,0.32844990566454013,0.10245464355571288,33.00457257975666,0,0.0,0.0,-1.0,WAVLM_BASE_PLUS,9
1320-122617-0011_7127-75947-0003__T2__NBASIC__7127,7127,1320,normal_basic,11.27,10,0.0,0.0,0.0,0.38026701752527253,0.23274786202017317,34.950139942590006,0,0.0,0.0,-1.0,WAVLM_BASE_PLUS,9
1320-122617-0012_4446-2273-0007__T1__NBASIC__1320,1320,4446,normal_basic,11.0,5,0.0,0.0,0.0,0.3577004732240893,0.25819941278476255,38.11084260594939,0,0.0,0.0,-1.0,WAVLM_BASE_PLUS,9
1320-122617-0012_4446-2273-0007__T2__NBASIC__4446,4446,1320,normal_basic,14.76,5,0.0,0.0,0.0,0.3682900135626418,0.3053066851414896,38.047088323616634,0,0.0,0.0,-1.0,WAVLM_BASE_PLUS,9
1320-122617-0015_672-122797-0051__T1__NBASIC__1320,1320,672,normal_basic,10.52,8,0.125,0.0,0.0,0.25023932520081116,-0.008354366654483747,26.392513316716723,0,0.0,0.0,-1.0,WAVLM_BASE_PLUS,9
1320-122617-0015_672-122797-0051__T2__NBASIC__672,672,1320,normal_basic,-18.67,8,1.0,1.0,1.0,-0.303965462369957,-0.47292288030602325,-28.67189740883537,1,4.0,4.0,0.0,WAVLM_BASE_PLUS,9
1320-122617-0020_6930-76324-0028__T1__NBASIC__1320,1320,6930,normal_basic,13.05,16,0.0,0.0,0.0,0.3731779014339382,0.19451996295034474,42.447692166208526,0,0.0,0.0,-1.0,WAVLM_BASE_PLUS,9
1320-122617-0020_6930-76324-0028__T2__NBASIC__6930,6930,1320,normal_basic,15.3,16,0.0,0.0,0.0,0.367387706251338,0.2849407478732606,38.279850207499955,0,0.0,0.0,-1.0,WAVLM_BASE_PLUS,9
1320-122617-0025_260-123440-0019__T1__NBASIC__1320,1320,260,normal_basic,10.76,11,0.0,0.0,0.0,0.2373971132361044,0.0945792179265309,20.366877317071364,0,0.0,0.0,-1.0,WAVLM_BASE_PLUS,9
1320-122617-0025_260-123440-0019__T2__NBASIC__260,260,1320,normal_basic,1.66,11,0.09090909090909091,0.18181818181818182,0.09090909090909091,0.23646611774542056,-0.19294021548619777,11.000095179011161,0,0.0,0.0,-1.0,WAVLM_BASE_PLUS,9
1320-122617-0027_1580-141084-0048__T1__NBASIC__1320,1320,1580,normal_basic,16.58,10,0.0,0.0,0.0,0.2722403474326096,0.14653418282365094,40.96898834069293,0,0.0,0.0,-1.0,WAVLM_BASE_PLUS,9
1320-122617-0027_1580-141084-0048__T2__NBASIC__1580,1580,1320,normal_basic,12.15,10,0.0,0.0,0.0,0.4428049233330279,0.3527117301016798,47.16655523117756,0,0.0,0.0,-1.0,WAVLM_BASE_PLUS,9
1320-122617-0030_1089-134686-0013__T2__NBASIC__1089,1089,1320,normal_basic,7.86,6,0.16666666666666666,0.0,0.0,0.2733479809970783,-0.2884836735249128,23.060805025379253,0,0.0,0.0,-1.0,WAVLM_BASE_PLUS,9
1320-122617-0030_1089-134686-0013__T1__NBASIC__1320,1320,1089,normal_basic,5.85,6,0.0,0.16666666666666666,0.0,0.23434821345828852,0.091896477487528,12.259250365429487,0,0.0,0.0,-1.0,WAVLM_BASE_PLUS,9
1320-122617-0033_4507-16021-0018__T1__NBASIC__1320,1320,4507,normal_basic,13.35,5,0.0,0.0,0.0,0.436151457122388,0.23875881991557735,42.80426410825644,0,0.0,0.0,-1.0,WAVLM_BASE_PLUS,9
1320-122617-0033_4507-16021-0018__T2__NBASIC__4507,4507,1320,normal_basic,14.87,5,0.0,0.0,0.0,0.4731708806729946,0.381815719473079,47.210413663669115,0,0.0,0.0,-1.0,WAVLM_BASE_PLUS,9
1320-122617-0035_121-121726-0009__T2__NBASIC__121,121,1320,normal_basic,18.69,13,0.07692307692307693,0.0,0.0,0.3692478164751899,-0.1435761508584017,40.23069656007143,0,0.0,0.0,-1.0,WAVLM_BASE_PLUS,9
1320-122617-0035_121-121726-0009__T1__NBASIC__1320,1320,121,normal_basic,9.5,13,0.0,0.0,0.0,0.4989152780520776,0.34108282486405506,49.15634822208377,0,0.0,0.0,-1.0,WAVLM_BASE_PLUS,9
1320-122617-0036_237-134493-0012__T1__NBASIC__1320,1320,237,normal_basic,11.57,6,0.0,0.0,0.0,0.46184774235781373,0.2583395191023137,41.984107713407596,0,0.0,0.0,-1.0,WAVLM_BASE_PLUS,9
1320-122617-0036_237-134493-0012__T2__NBASIC__237,237,1320,normal_basic,13.99,6,0.0,0.0,0.0,0.462825349086948,0.37520676100859063,39.07860990669535,0,0.0,0.0,-1.0,WAVLM_BASE_PLUS,9
1320-122617-0037_3570-5695-0009__T1__NBASIC__1320,1320,3570,normal_basic,12.31,9,0.0,0.0,0.0,0.45229902921103615,0.3947057645057872,51.362828768208914,0,0.0,0.0,-1.0,WAVLM_BASE_PLUS,9
1320-122617-0037_3570-5695-0009__T2__NBASIC__3570,3570,1320,normal_basic,18.57,9,0.1111111111111111,0.0,0.0,0.39777180043560256,-0.01603466240284801,44.311692499708705,0,0.0,0.0,-1.0,WAVLM_BASE_PLUS,9
1320-122617-0040_8224-274381-0007__T1__NBASIC__1320,1320,8224,normal_basic,6.24,14,0.14285714285714285,0.0,0.0,0.16528783699605354,-0.2590385778021607,9.668137109606926,1,1.0,1.0,2.5,WAVLM_BASE_PLUS,9
1320-122617-0040_8224-274381-0007__T2__NBASIC__8224,8224,1320,normal_basic,-0.01,14,0.35714285714285715,0.2857142857142857,0.2857142857142857,0.029640095723713983,-0.4565303970802017,7.31082741056683,2,1.0,1.0,1.0,WAVLM_BASE_PLUS,9
1580-141083-0006_7176-88083-0024__T1__NBASIC__1580,1580,7176,normal_basic,13.48,15,0.0,0.0,0.0,0.4292829018023453,0.2192264976506359,38.97713516019665,0,0.0,0.0,-1.0,WAVLM_BASE_PLUS,9
1580-141083-0006_7176-88083-0024__T2__NBASIC__7176,7176,1580,normal_basic,12.18,15,0.0,0.0,0.0,0.36981450969246055,0.2094213010141085,40.1086213349993,0,0.0,0.0,-1.0,WAVLM_BASE_PLUS,9
1580-141083-0008_5142-33396-0056__T1__NBASIC__1580,1580,5142,normal_basic,12.8,5,0.0,0.0,0.0,0.27904074486081565,0.06658160553329706,32.044107808223856,0,0.0,0.0,-1.0,WAVLM_BASE_PLUS,9
1580-141083-0008_5142-33396-0056__T2__NBASIC__5142,5142,1580,normal_basic,14.35,5,0.0,0.0,0.0,0.44313114177921503,0.3179928190286242,35.571453488648594,0,0.0,0.0,-1.0,WAVLM_BASE_PLUS,9
1580-141083-0015_1995-1836-0008__T1__NBASIC__1580,1580,1995,normal_basic,14.46,8,0.0,0.0,0.0,0.40613384887051096,0.1365982125916847,37.562693145616215,0,0.0,0.0,-1.0,WAVLM_BASE_PLUS,9
1580-141083-0015_1995-1836-0008__T2__NBASIC__1995,1995,1580,normal_basic,13.04,8,0.0,0.0,0.0,0.34118231021471956,0.08248910142906013,35.27770747153162,0,0.0,0.0,-1.0,WAVLM_BASE_PLUS,9
1580-141083-0016_61-70968-0024__T1__NBASIC__1580,1580,61,normal_basic,10.09,7,0.0,0.0,0.0,0.3137619990478981,0.028290697837671797,36.039042586408875,0,0.0,0.0,-1.0,WAVLM_BASE_PLUS,9
1580-141083-0016_61-70968-0024__T2__NBASIC__61,61,1580,normal_basic,13.09,7,0.0,0.0,0.0,0.2951372612944792,0.12253766684911582,30.191585900546478,0,0.0,0.0,-1.0,WAVLM_BASE_PLUS,9
1580-141083-0020_5105-28241-0008__T1__NBASIC__1580,1580,5105,normal_basic,14.75,9,0.0,0.0,0.0,0.38400884500077,0.2634070180910416,35.169831257340114,0,0.0,0.0,-1.0,WAVLM_BASE_PLUS,9
1580-141083-0020_5105-28241-0008__T2__NBASIC__5105,5105,1580,normal_basic,8.85,9,0.0,0.0,0.0,0.46641023721784325,0.29326801905605693,40.82684359078721,0,0.0,0.0,-1.0,WAVLM_BASE_PLUS,9
1580-141083-0022_4446-2271-0017__T1__NBASIC__1580,1580,4446,normal_basic,18.49,5,0.0,0.0,0.0,0.354309806213708,0.16656183863348495,40.06030708114172,0,0.0,0.0,-1.0,WAVLM_BASE_PLUS,9
1580-141083-0022_4446-2271-0017__T2__NBASIC__4446,4446,1580,normal_basic,-36.5,5,1.0,1.0,1.0,-0.35959931304079984,-0.4623913682637918,-37.98713621126534,1,2.5,2.5,0.0,WAVLM_BASE_PLUS,9
1580-141083-0023_8455-210777-0048__T1__NBASIC__1580,1580,8455,normal_basic,12.48,5,0.0,0.0,0.0,0.4013288328241787,0.3439046280687682,33.250506404871416,0,0.0,0.0,-1.0,WAVLM_BASE_PLUS,9
1580-141083-0023_8455-210777-0048__T2__NBASIC__8455,8455,1580,normal_basic,11.53,5,0.0,0.0,0.0,0.34939441477060024,0.17773496749174844,38.16382507931527,0,0.0,0.0,-1.0,WAVLM_BASE_PLUS,9
1580-141083-0025_4446-2275-0035__T1__NBASIC__1580,1580,4446,normal_basic,17.13,6,0.0,0.0,0.0,0.32470338153600575,0.18042090174322079,31.28140143960448,0,0.0,0.0,-1.0,WAVLM_BASE_PLUS,9
1580-141083-0025_4446-2275-0035__T2__NBASIC__4446,4446,1580,normal_basic,8.15,6,0.0,0.0,0.0,0.4582091899238953,0.3187695867901006,40.607183807089484,0,0.0,0.0,-1.0,WAVLM_BASE_PLUS,9
1580-141083-0026_1188-133604-0037__T2__NBASIC__1188,1188,1580,normal_basic,13.21,8,0.0,0.0,0.0,0.34676791866879886,0.19844097684951034,53.96829371604593,0,0.0,0.0,-1.0,WAVLM_BASE_PLUS,9
1580-141083-0026_1188-133604-0037__T1__NBASIC__1580,1580,1188,normal_basic,17.55,8,0.0,0.0,0.0,0.40795942054694334,0.13840166424569988,49.35056233529842,0,0.0,0.0,-1.0,WAVLM_BASE_PLUS,9
1580-141083-0027_4077-13751-0000__T1__NBASIC__1580,1580,4077,normal_basic,10.32,9,0.0,0.0,0.0,0.44230440039632246,0.2519030670749203,39.188217016602636,0,0.0,0.0,-1.0,WAVLM_BASE_PLUS,9
1580-141083-0027_4077-13751-0000__T2__NBASIC__4077,4077,1580,normal_basic,11.93,9,0.0,0.0,0.0,0.3916158883044822,0.23332136402787818,36.07796951416176,0,0.0,0.0,-1.0,WAVLM_BASE_PLUS,9
1580-141083-0029_237-134500-0031__T1__NBASIC__1580,1580,237,normal_basic,12.04,19,0.0,0.0,0.0,0.4562648730486867,0.27348756243186007,36.201521343459255,0,0.0,0.0,-1.0,WAVLM_BASE_PLUS,9
1580-141083-0029_237-134500-0031__T2__NBASIC__237,237,1580,normal_basic,10.52,19,0.0,0.0,0.0,0.35127495535597114,0.15577453991802215,33.684807212483165,0,0.0,0.0,-1.0,WAVLM_BASE_PLUS,9
1580-141083-0030_1995-1837-0014__T1__NBASIC__1580,1580,1995,normal_basic,12.94,5,0.0,0.0,0.0,0.4959496966129363,0.31184102339771635,50.567698441622824,0,0.0,0.0,-1.0,WAVLM_BASE_PLUS,9
1580-141083-0030_1995-1837-0014__T2__NBASIC__1995,1995,1580,normal_basic,16.01,5,0.0,0.0,0.0,0.1809962588923392,0.13495472608038395,48.19991982110194,0,0.0,0.0,-1.0,WAVLM_BASE_PLUS,9
1580-141083-0032_672-122797-0065__T1__NBASIC__1580,1580,672,normal_basic,13.75,5,0.0,0.0,0.0,0.29308467818034717,0.12877458843976308,32.501549705930444,0,0.0,0.0,-1.0,WAVLM_BASE_PLUS,9
1580-141083-0032_672-122797-0065__T2__NBASIC__672,672,1580,normal_basic,9.51,5,0.0,0.0,0.0,0.3330686257678633,0.14793612832710035,33.15973160414574,0,0.0,0.0,-1.0,WAVLM_BASE_PLUS,9
1580-141083-0034_4507-16021-0017__T1__NBASIC__1580,1580,4507,normal_basic,16.5,12,0.0,0.0,0.0,0.4219428447027424,0.3053145347567464,37.58358391372527,0,0.0,0.0,-1.0,WAVLM_BASE_PLUS,9
1580-141083-0034_4507-16021-0017__T2__NBASIC__4507,4507,1580,normal_basic,10.59,12,0.0,0.0,0.0,0.3850122267056761,0.18971521413668113,43.49175588185863,0,0.0,0.0,-1.0,WAVLM_BASE_PLUS,9
1580-141083-0035_8463-294828-0006__T1__NBASIC__1580,1580,8463,normal_basic,12.71,7,0.14285714285714285,0.0,0.0,0.21120560258310997,-0.1591168425377652,22.01188180809331,0,0.0,0.0,-1.0,WAVLM_BASE_PLUS,9
1580-141083-0035_8463-294828-0006__T2__NBASIC__8463,8463,1580,normal_basic,8.3,7,0.0,0.0,0.0,0.4727873097489292,0.3024693549261977,32.30329575791146,0,0.0,0.0,-1.0,WAVLM_BASE_PLUS,9
1580-141083-0037_61-70968-0048__T1__NBASIC__1580,1580,61,normal_basic,10.69,5,0.0,0.0,0.0,0.4189988499573783,0.38150710841333024,31.203993150696427,0,0.0,0.0,-1.0,WAVLM_BASE_PLUS,9
1580-141083-0037_61-70968-0048__T2__NBASIC__61,61,1580,normal_basic,11.96,5,0.0,0.0,0.0,0.43339228816879716,0.3598973679088642,36.22223307065251,0,0.0,0.0,-1.0,WAVLM_BASE_PLUS,9
1580-141083-0038_4077-13754-0009__T1__NBASIC__1580,1580,4077,normal_basic,12.33,14,0.0,0.0,0.0,0.3897306146987437,0.21161916719945728,34.50191860733013,0,0.0,0.0,-1.0,WAVLM_BASE_PLUS,9
1580-141083-0038_4077-13754-0009__T2__NBASIC__4077,4077,1580,normal_basic,10.5,14,0.0,0.0,0.0,0.42011363156742804,0.36575084193196195,37.47896538292774,0,0.0,0.0,-1.0,WAVLM_BASE_PLUS,9
1580-141083-0039_3729-6852-0041__T1__NBASIC__1580,1580,3729,normal_basic,11.85,6,0.0,0.0,0.0,0.3732177017462089,0.1696303452897967,37.57814332765782,0,0.0,0.0,-1.0,WAVLM_BASE_PLUS,9
1580-141083-0039_3729-6852-0041__T2__NBASIC__3729,3729,1580,normal_basic,14.47,6,0.0,0.0,0.0,0.37807593002752754,0.028235494525774674,39.38997005021384,0,0.0,0.0,-1.0,WAVLM_BASE_PLUS,9
1580-141083-0040_6930-81414-0012__T1__NBASIC__1580,1580,6930,normal_basic,8.69,6,0.0,0.0,0.0,0.4374099873145454,0.3842500967423357,36.722528127070156,0,0.0,0.0,-1.0,WAVLM_BASE_PLUS,9
1580-141083-0040_6930-81414-0012__T2__NBASIC__6930,6930,1580,normal_basic,13.95,6,0.0,0.0,0.0,0.3792266752586264,0.2967278898021366,30.904094728294936,0,0.0,0.0,-1.0,WAVLM_BASE_PLUS,9
1580-141083-0041_8463-294828-0011__T1__NBASIC__1580,1580,8463,normal_basic,10.16,6,0.0,0.0,0.0,0.414765596370636,0.3694451840418001,23.944983125131063,0,0.0,0.0,-1.0,WAVLM_BASE_PLUS,9
1580-141083-0041_8463-294828-0011__T2__NBASIC__8463,8463,1580,normal_basic,8.03,6,0.0,0.0,0.0,0.4288544258093756,0.3240868980440189,30.41090281706001,0,0.0,0.0,-1.0,WAVLM_BASE_PLUS,9
1580-141083-0044_8555-284449-0016__T1__NBASIC__1580,1580,8555,normal_basic,10.69,10,0.0,0.0,0.0,0.4381889785376577,0.31184259170580864,39.02412804103005,0,0.0,0.0,-1.0,WAVLM_BASE_PLUS,9
1580-141083-0044_8555-284449-0016__T2__NBASIC__8555,8555,1580,normal_basic,11.05,10,0.1,0.0,0.0,0.24350383465299416,-0.11845541469504683,38.159335156604,0,0.0,0.0,-1.0,WAVLM_BASE_PLUS,9
1580-141083-0046_121-127105-0007__T2__NBASIC__121,121,1580,normal_basic,10.56,6,0.0,0.0,0.0,0.4280238444999677,0.12933975970390665,29.346345638247957,0,0.0,0.0,-1.0,WAVLM_BASE_PLUS,9
1580-141083-0046_121-127105-0007__T1__NBASIC__1580,1580,121,normal_basic,11.08,6,0.0,0.0,0.0,0.4703322994100245,0.24626442053321734,28.948804541514296,0,0.0,0.0,-1.0,WAVLM_BASE_PLUS,9
1580-141083-0046_908-157963-0012__T1__NBASIC__1580,1580,908,normal_basic,14.28,6,0.16666666666666666,0.0,0.0,0.3074438855056963,-0.060132263888297066,28.445408621733307,0,0.0,0.0,-1.0,WAVLM_BASE_PLUS,9
1580-141083-0046_908-157963-0012__T2__NBASIC__908,908,1580,normal_basic,9.85,6,0.0,0.0,0.0,0.3891865470452321,0.15818167359260993,38.851842061546996,0,0.0,0.0,-1.0,WAVLM_BASE_PLUS,9
1580-141083-0052_1320-122617-0022__T2__NBASIC__1320,1320,1580,normal_basic,8.82,5,0.0,0.0,0.0,0.39258950312750324,0.21804970066753993,34.244549890626985,0,0.0,0.0,-1.0,WAVLM_BASE_PLUS,9
1580-141083-0052_1320-122617-0022__T1__NBASIC__1580,1580,1320,normal_basic,14.46,5,0.0,0.0,0.0,0.4753710607906335,0.4050105857388172,40.42203935185953,0,0.0,0.0,-1.0,WAVLM_BASE_PLUS,9
1580-141084-0001_260-123286-0029__T1__NBASIC__1580,1580,260,normal_basic,16.44,5,0.0,0.0,0.0,0.32361418844227,0.25313837920252213,34.187744601362034,0,0.0,0.0,-1.0,WAVLM_BASE_PLUS,9
1580-141084-0001_260-123286-0029__T2__NBASIC__260,260,1580,normal_basic,7.44,5,0.0,0.0,0.0,0.42639027425709575,0.1754349453237536,38.86393771879084,0,0.0,0.0,-1.0,WAVLM_BASE_PLUS,9
1580-141084-0002_4992-41797-0004__T1__NBASIC__1580,1580,4992,normal_basic,7.43,10,0.0,0.0,0.0,0.4217980370539429,0.30294414240897416,30.329349007350224,0,0.0,0.0,-1.0,WAVLM_BASE_PLUS,9
1580-141084-0002_4992-41797-0004__T2__NBASIC__4992,4992,1580,normal_basic,5.91,10,0.0,0.1,0.0,0.40621797882796234,0.2508813092600228,33.339282627480166,0,0.0,0.0,-1.0,WAVLM_BASE_PLUS,9
1580-141084-0015_5105-28233-0008__T1__NBASIC__1580,1580,5105,normal_basic,14.23,5,0.0,0.0,0.0,0.3608644200370324,0.18387671149102613,32.02693711167505,0,0.0,0.0,-1.0,WAVLM_BASE_PLUS,9
1580-141084-0015_5105-28233-0008__T2__NBASIC__5105,5105,1580,normal_basic,8.1,5,0.0,0.0,0.0,0.4318986854388404,0.2520696174835382,36.53536310721388,0,0.0,0.0,-1.0,WAVLM_BASE_PLUS,9
1580-141084-0016_61-70970-0026__T1__NBASIC__1580,1580,61,normal_basic,15.49,9,0.0,0.0,0.0,0.35318455259603304,0.19136465782634826,30.775279858910935,0,0.0,0.0,-1.0,WAVLM_BASE_PLUS,9
1580-141084-0016_61-70970-0026__T2__NBASIC__61,61,1580,normal_basic,9.21,9,0.0,0.0,0.0,0.4060797192189029,0.284344811891431,44.08704643847429,0,0.0,0.0,-1.0,WAVLM_BASE_PLUS,9
1580-141084-0018_5142-33396-0068__T1__NBASIC__1580,1580,5142,normal_basic,1.09,5,0.4,0.6,0.2,-0.1036187571077634,-0.6087181659588459,-4.405768523878367,1,1.0,1.0,0.5,WAVLM_BASE_PLUS,9
1580-141084-0018_5142-33396-0068__T2__NBASIC__5142,5142,1580,normal_basic,4.36,5,0.0,0.0,0.0,0.5163380504034176,0.3800039441881049,31.97886240191235,0,0.0,0.0,-1.0,WAVLM_BASE_PLUS,9
1580-141084-0021_8555-284447-0007__T1__NBASIC__1580,1580,8555,normal_basic,18.0,7,0.0,0.0,0.0,0.4474822193439049,0.29250161368584016,45.33900488257223,0,0.0,0.0,-1.0,WAVLM_BASE_PLUS,9
1580-141084-0021_8555-284447-0007__T2__NBASIC__8555,8555,1580,normal_basic,13.89,7,0.0,0.0,0.0,0.32704550002700966,0.10856583621074323,48.67657245069057,0,0.0,0.0,-1.0,WAVLM_BASE_PLUS,9
1580-141084-0024_2094-142345-0025__T1__NBASIC__1580,1580,2094,normal_basic,12.83,6,0.0,0.0,0.0,0.4785399479551622,0.3676525166398775,36.56107440510419,0,0.0,0.0,-1.0,WAVLM_BASE_PLUS,9
1580-141084-0024_2094-142345-0025__T2__NBASIC__2094,2094,1580,normal_basic,9.1,6,0.0,0.0,0.0,0.21764097026593532,0.11422294830656565,39.872038300013585,0,0.0,0.0,-1.0,WAVLM_BASE_PLUS,9
1580-141084-0029_2094-142345-0044__T1__NBASIC__1580,1580,2094,normal_basic,12.17,6,0.0,0.0,0.0,0.4911734903041353,0.366095024745966,40.66064328422459,0,0.0,0.0,-1.0,WAVLM_BASE_PLUS,9
1580-141084-0029_2094-142345-0044__T2__NBASIC__2094,2094,1580,normal_basic,13.14,6,0.0,0.0,0.0,0.44681649666595363,0.29489838132794843,51.52955287298959,0,0.0,0.0,-1.0,WAVLM_BASE_PLUS,9
1580-141084-0032_260-123440-0016__T1__NBASIC__1580,1580,260,normal_basic,15.34,8,0.0,0.0,0.0,0.4004875944572856,0.15603770373569936,39.28968998947218,0,0.0,0.0,-1.0,WAVLM_BASE_PLUS,9
1580-141084-0032_260-123440-0016__T2__NBASIC__260,260,1580,normal_basic,12.81,8,0.0,0.0,0.0,0.377802581343365,0.25545270262581116,42.96106502013178,0,0.0,0.0,-1.0,WAVLM_BASE_PLUS,9
1580-141084-0033_7127-75946-0013__T1__NBASIC__1580,1580,7127,normal_basic,9.82,13,0.0,0.0,0.0,0.38547124960135687,0.23931549064694746,34.1738993549496,0,0.0,0.0,-1.0,WAVLM_BASE_PLUS,9
1580-141084-0033_7127-75946-0013__T2__NBASIC__7127,7127,1580,normal_basic,11.19,13,0.0,0.0,0.0,0.37763956111578556,0.1410491522384233,36.489969243997606,0,0.0,0.0,-1.0,WAVLM_BASE_PLUS,9
1580-141084-0040_5639-40744-0022__T1__NBASIC__1580,1580,5639,normal_basic,14.65,10,0.0,0.0,0.0,0.48737017644616704,0.34896885591333326,45.78626787466474,0,0.0,0.0,-1.0,WAVLM_BASE_PLUS,9
1580-141084-0040_5639-40744-0022__T2__NBASIC__5639,5639,1580,normal_basic,15.34,10,0.0,0.0,0.0,0.341633923740546,0.024190486435503145,45.25090351952874,0,0.0,0.0,-1.0,WAVLM_BASE_PLUS,9
1580-141084-0042_2830-3980-0010__T1__NBASIC__1580,1580,2830,normal_basic,14.14,9,0.0,0.0,0.0,0.3981715696055998,0.2755609892333305,42.14148699095108,0,0.0,0.0,-1.0,WAVLM_BASE_PLUS,9
1580-141084-0042_2830-3980-0010__T2__NBASIC__2830,2830,1580,normal_basic,14.61,9,0.0,0.0,0.0,0.3873973054601288,0.26893488637777063,42.16565904286218,0,0.0,0.0,-1.0,WAVLM_BASE_PLUS,9
1995-1826-0003_8230-279154-0036__T1__NBASIC__1995,1995,8230,normal_basic,15.57,5,0.0,0.0,0.0,0.298069172979051,0.11750412452675596,39.08849302621719,0,0.0,0.0,-1.0,WAVLM_BASE_PLUS,9
1995-1826-0003_8230-279154-0036__T2__NBASIC__8230,8230,1995,normal_basic,13.54,5,0.0,0.0,0.0,0.4215474447293487,0.27533459112721936,45.72413168520456,0,0.0,0.0,-1.0,WAVLM_BASE_PLUS,9
1995-1826-0007_4446-2275-0043__T1__NBASIC__1995,1995,4446,normal_basic,12.67,10,0.1,0.0,0.0,0.2383501091454689,-0.0206902896800103,30.450275434156612,0,0.0,0.0,-1.0,WAVLM_BASE_PLUS,9
1995-1826-0007_4446-2275-0043__T2__NBASIC__4446,4446,1995,normal_basic,10.06,10,0.0,0.0,0.0,0.45941525935592764,0.1939435788848991,37.51707436606672,0,0.0,0.0,-1.0,WAVLM_BASE_PLUS,9
1995-1826-0011_8463-287645-0014__T1__NBASIC__1995,1995,8463,normal_basic,13.56,5,0.0,0.0,0.0,0.4170116017529878,0.23890841953420994,41.38274581892947,0,0.0,0.0,-1.0,WAVLM_BASE_PLUS,9
1995-1826-0011_8463-287645-0014__T2__NBASIC__8463,8463,1995,normal_basic,16.53,5,0.0,0.0,0.0,0.42240915569867,0.35066182810063634,44.18528158965525,0,0.0,0.0,-1.0,WAVLM_BASE_PLUS,9
1995-1826-0015_2830-3980-0020__T1__NBASIC__1995,1995,2830,normal_basic,14.65,5,0.0,0.0,0.0,0.3433258716823184,0.3225340182647433,38.13731298382393,0,0.0,0.0,-1.0,WAVLM_BASE_PLUS,9
1995-1826-0015_2830-3980-0020__T2__NBASIC__2830,2830,1995,normal_basic,10.07,5,0.0,0.0,0.0,0.34652541979541596,0.28882377762119904,36.99260903549784,0,0.0,0.0,-1.0,WAVLM_BASE_PLUS,9
1995-1826-0017_5639-40744-0001__T1__NBASIC__1995,1995,5639,normal_basic,15.65,11,0.0,0.0,0.0,0.3648841873366129,0.1287540171621634,46.20930803183048,0,0.0,0.0,-1.0,WAVLM_BASE_PLUS,9
1995-1826-0017_5639-40744-0001__T2__NBASIC__5639,5639,1995,normal_basic,12.99,11,0.0,0.0,0.0,0.4307638633213777,0.2888770548736993,43.67053191133512,0,0.0,0.0,-1.0,WAVLM_BASE_PLUS,9
1995-1826-0020_61-70970-0027__T1__NBASIC__1995,1995,61,normal_basic,11.63,9,0.0,0.0,0.0,0.31215537625095047,0.18794536214685453,34.02851623126479,0,0.0,0.0,-1.0,WAVLM_BASE_PLUS,9
1995-1826-0020_61-70970-0027__T2__NBASIC__61,61,1995,normal_basic,11.61,9,0.0,0.0,0.0,0.467372530291585,0.30649923665260803,35.47196960459101,0,0.0,0.0,-1.0,WAVLM_BASE_PLUS,9
1995-1826-0024_6829-68769-0033__T1__NBASIC__1995,1995,6829,normal_basic,12.49,7,0.2857142857142857,0.0,0.0,0.04406202912980375,-0.3818542214468246,25.332825191258497,1,1.0,1.0,1.5,WAVLM_BASE_PLUS,9
1995-1826-0024_6829-68769-0033__T2__NBASIC__6829,6829,1995,normal_basic,10.02,7,0.0,0.0,0.0,0.5035528441573277,0.3137311537928519,40.77190655900946,0,0.0,0.0,-1.0,WAVLM_BASE_PLUS,9
1995-1826-0025_7021-85628-0007__T1__NBASIC__1995,1995,7021,normal_basic,14.69,5,0.0,0.0,0.0,0.36697295688636994,0.25154178831556934,51.91994478276979,0,0.0,0.0,-1.0,WAVLM_BASE_PLUS,9
1995-1826-0025_7021-85628-0007__T2__NBASIC__7021,7021,1995,normal_basic,17.25,5,0.0,0.0,0.0,0.3412631834137347,0.22270533276539117,49.033774332101885,0,0.0,0.0,-1.0,WAVLM_BASE_PLUS,9
1995-1836-0001_8455-210777-0049__T1__NBASIC__1995,1995,8455,normal_basic,12.75,7,0.0,0.0,0.0,0.48085176310450184,0.2918298721159991,42.212170366164365,0,0.0,0.0,-1.0,WAVLM_BASE_PLUS,9
1995-1836-0001_8455-210777-0049__T2__NBASIC__8455,8455,1995,normal_basic,15.09,7,0.0,0.0,0.0,0.39892967128473383,0.23872170343846266,40.19357913258398,0,0.0,0.0,-1.0,WAVLM_BASE_PLUS,9
1995-1836-0003_4992-41806-0011__T1__NBASIC__1995,1995,4992,normal_basic,12.49,14,0.0,0.0,0.0,0.43313225879355327,0.2078941546759876,46.7484007819745,0,0.0,0.0,-1.0,WAVLM_BASE_PLUS,9
1995-1836-0003_4992-41806-0011__T2__NBASIC__4992,4992,1995,normal_basic,14.95,14,0.0,0.0,0.0,0.3517428023068484,0.1391886772568543,40.81429156817901,0,0.0,0.0,-1.0,WAVLM_BASE_PLUS,9
1995-1836-0005_2300-131720-0012__T1__NBASIC__1995,1995,2300,normal_basic,13.47,20,0.0,0.0,0.0,0.3891091959240306,0.023619596139252408,39.062009944168395,0,0.0,0.0,-1.0,WAVLM_BASE_PLUS,9
1995-1836-0005_2300-131720-0012__T2__NBASIC__2300,2300,1995,normal_basic,11.24,20,0.0,0.0,0.0,0.4110426211646711,0.1799491011869372,34.913381594317244,0,0.0,0.0,-1.0,WAVLM_BASE_PLUS,9
1995-1836-0006_2094-142345-0036__T1__NBASIC__1995,1995,2094,normal_basic,13.66,12,0.0,0.0,0.0,0.38543278669113934,0.16478187498392194,30.408286141035344,0,0.0,0.0,-1.0,WAVLM_BASE_PLUS,9
1995-1836-0006_2094-142345-0036__T2__NBASIC__2094,2094,1995,normal_basic,-22.6,12,1.0,1.0,1.0,-0.3613382499766185,-0.6459954663218768,-25.759693297781215,1,6.0,6.0,0.0,WAVLM_BASE_PLUS,9
1995-1836-0009_7729-102255-0020__T1__NBASIC__1995,1995,7729,normal_basic,10.87,12,0.0,0.0,0.0,0.40362544014417884,0.24632829235148057,37.19645782855778,0,0.0,0.0,-1.0,WAVLM_BASE_PLUS,9
1995-1836-0009_7729-102255-0020__T2__NBASIC__7729,7729,1995,normal_basic,12.61,12,0.0,0.0,0.0,0.368772645746619,0.1651486019586117,33.80825759340049,0,0.0,0.0,-1.0,WAVLM_BASE_PLUS,9
1995-1836-0011_8463-294825-0015__T1__NBASIC__1995,1995,8463,normal_basic,12.37,5,0.0,0.0,0.0,0.40530801130421334,0.31871150253219716,46.837317850871706,0,0.0,0.0,-1.0,WAVLM_BASE_PLUS,9
1995-1836-0011_8463-294825-0015__T2__NBASIC__8463,8463,1995,normal_basic,15.03,5,0.0,0.0,0.0,0.40910213097894166,0.34435583979163387,40.538798346004185,0,0.0,0.0,-1.0,WAVLM_BASE_PLUS,9
1995-1836-0012_4446-2275-0034__T1__NBASIC__1995,1995,4446,normal_basic,12.96,5,0.0,0.0,0.0,0.3225605721929025,0.21387274468486311,48.946254957974475,0,0.0,0.0,-1.0,WAVLM_BASE_PLUS,9
1995-1836-0012_4446-2275-0034__T2__NBASIC__4446,4446,1995,normal_basic,16.31,5,0.0,0.0,0.0,0.5091120891292171,0.3227625617063892,44.77938097863332,0,0.0,0.0,-1.0,WAVLM_BASE_PLUS,9
1995-1836-0014_3570-5695-0002__T1__NBASIC__1995,1995,3570,normal_basic,10.02,14,0.0,0.0,0.0,0.3545963678562646,0.10033033881628772,31.697931609571583,0,0.0,0.0,-1.0,WAVLM_BASE_PLUS,9
1995-1836-0014_3570-5695-0002__T2__NBASIC__3570,3570,1995,normal_basic,8.85,14,0.0,0.0,0.0,0.3866722318381465,0.17973751541540706,30.045677909981965,0,0.0,0.0,-1.0,WAVLM_BASE_PLUS,9
1995-1837-0000_8224-274384-0013__T1__NBASIC__1995,1995,8224,normal_basic,13.38,6,0.0,0.0,0.0,0.4281111900244534,0.29441647557609685,36.11481408993401,0,0.0,0.0,-1.0,WAVLM_BASE_PLUS,9
1995-1837-0000_8224-274384-0013__T2__NBASIC__8224,8224,1995,normal_basic,10.13,6,0.3333333333333333,0.0,0.0,0.127101182170777,-0.24216594807759473,26.42327838202469,0,0.0,0.0,-1.0,WAVLM_BASE_PLUS,9
1995-1837-0001_672-122797-0001__T1__NBASIC__1995,1995,672,normal_basic,14.93,14,0.0,0.0,0.0,0.47494085961137245,0.3522019849303596,49.240185444749294,0,0.0,0.0,-1.0,WAVLM_BASE_PLUS,9
1995-1837-0001_672-122797-0001__T2__NBASIC__672,672,1995,normal_basic,16.27,14,0.0,0.0,0.0,0.4729102760287306,0.3378734498956644,49.02365957069956,0,0.0,0.0,-1.0,WAVLM_BASE_PLUS,9
1995-1837-0004_5639-40744-0007__T1__NBASIC__1995,1995,5639,normal_basic,15.28,9,0.0,0.0,0.0,0.4856450207033465,0.34517668987381,54.76566169408951,0,0.0,0.0,-1.0,WAVLM_BASE_PLUS,9
1995-1837-0004_5639-40744-0007__T2__NBASIC__5639,5639,1995,normal_basic,18.04,9,0.0,0.0,0.0,0.4388104421085573,0.290328407441494,47.54147587219979,0,0.0,0.0,-1.0,WAVLM_BASE_PLUS,9
1995-1837-0009_6829-68769-0017__T1__NBASIC__1995,1995,6829,normal_basic,12.71,6,0.0,0.0,0.0,0.31676894565170954,0.2016717275382237,34.57247625237059,0,0.0,0.0,-1.0,WAVLM_BASE_PLUS,9
1995-1837-0009_6829-68769-0017__T2__NBASIC__6829,6829,1995,normal_basic,11.69,6,0.0,0.0,0.0,0.3930609845752742,0.2877305536121623,29.286129099699455,0,0.0,0.0,-1.0,WAVLM_BASE_PLUS,9
1995-1837-0013_260-123288-0016__T1__NBASIC__1995,1995,260,normal_basic,16.73,5,0.0,0.0,0.0,0.34197771956581763,0.0941672958475348,42.899759070802936,0,0.0,0.0,-1.0,WAVLM_BASE_PLUS,9
1995-1837-0013_260-123288-0016__T2__NBASIC__260,260,1995,normal_basic,15.49,5,0.0,0.0,0.0,0.6278877772862207,0.5459879527566938,44.62717850181134,0,0.0,0.0,-1.0,WAVLM_BASE_PLUS,9
1995-1837-0015_4077-13751-0001__T1__NBASIC__1995,1995,4077,normal_basic,14.44,7,0.0,0.0,0.0,0.47450691000205,0.2913534344083959,45.425403775299436,0,0.0,0.0,-1.0,WAVLM_BASE_PLUS,9
1995-1837-0015_4077-13751-0001__T2__NBASIC__4077,4077,1995,normal_basic,13.53,7,0.0,0.0,0.0,0.4715876821762362,0.4027054775457931,42.79847356215165,0,0.0,0.0,-1.0,WAVLM_BASE_PLUS,9
1995-1837-0016_8230-279154-0006__T1__NBASIC__1995,1995,8230,normal_basic,14.48,13,0.0,0.0,0.0,0.41924633176576387,0.28032261381588963,43.84393391492186,0,0.0,0.0,-1.0,WAVLM_BASE_PLUS,9
1995-1837-0016_8230-279154-0006__T2__NBASIC__8230,8230,1995,normal_basic,13.7,13,0.0,0.0,0.0,0.4403031663450522,0.19018065549051533,41.46247281665306,0,0.0,0.0,-1.0,WAVLM_BASE_PLUS,9
1995-1837-0019_672-122797-0023__T1__NBASIC__1995,1995,672,normal_basic,17.64,9,0.0,0.0,0.0,0.2942331779400205,0.1717050406690071,46.714880477865876,0,0.0,0.0,-1.0,WAVLM_BASE_PLUS,9
1995-1837-0019_672-122797-0023__T2__NBASIC__672,672,1995,normal_basic,12.98,9,0.0,0.0,0.0,0.4530510682623141,0.2962915667683885,54.20580380452797,0,0.0,0.0,-1.0,WAVLM_BASE_PLUS,9
1995-1837-0020_5142-33396-0032__T1__NBASIC__1995,1995,5142,normal_basic,10.8,5,0.0,0.0,0.0,0.31499968356171915,0.05460494647488717,28.512660914217612,0,0.0,0.0,-1.0,WAVLM_BASE_PLUS,9
1995-1837-0020_5142-33396-0032__T2__NBASIC__5142,5142,1995,normal_basic,10.0,5,0.0,0.0,0.0,0.5184557927944742,0.48324485546915485,34.754793874800235,0,0.0,0.0,-1.0,WAVLM_BASE_PLUS,9
1995-1837-0025_5142-36377-0017__T1__NBASIC__1995,1995,5142,normal_basic,14.3,8,0.0,0.0,0.0,0.3510663778431178,0.20263588023225554,38.39540314772671,0,0.0,0.0,-1.0,WAVLM_BASE_PLUS,9
1995-1837-0025_5142-36377-0017__T2__NBASIC__5142,5142,1995,normal_basic,14.2,8,0.0,0.0,0.0,0.49098130424393865,0.4499122403346192,47.52406701371461,0,0.0,0.0,-1.0,WAVLM_BASE_PLUS,9
1995-1837-0027_4970-29095-0022__T1__NBASIC__1995,1995,4970,normal_basic,16.61,8,0.0,0.0,0.0,0.35005688466078155,0.13351002657724048,46.30544152086407,0,0.0,0.0,-1.0,WAVLM_BASE_PLUS,9
1995-1837-0027_4970-29095-0022__T2__NBASIC__4970,4970,1995,normal_basic,14.39,8,0.0,0.0,0.0,0.4066781881604448,0.3279050420450193,48.82147885010755,0,0.0,0.0,-1.0,WAVLM_BASE_PLUS,9
2094-142345-0001_1089-134691-0008__T2__NBASIC__1089,1089,2094,normal_basic,6.2,15,0.0,0.06666666666666667,0.0,0.40892310596633613,0.17068349989203202,26.974299101890903,0,0.0,0.0,-1.0,WAVLM_BASE_PLUS,9
2094-142345-0001_1089-134691-0008__T1__NBASIC__2094,2094,1089,normal_basic,5.18,15,0.06666666666666667,0.0,0.0,0.30170285073309716,-0.11068709645847918,31.76431234399206,0,0.0,0.0,-1.0,WAVLM_BASE_PLUS,9
2094-142345-0003_6930-81414-0004__T1__NBASIC__2094,2094,6930,normal_basic,9.62,17,0.0,0.0,0.0,0.4470490258364548,0.17200935568169318,46.33652167141153,0,0.0,0.0,-1.0,WAVLM_BASE_PLUS,9
2094-142345-0003_6930-81414-0004__T2__NBASIC__6930,6930,2094,normal_basic,16.81,17,0.0,0.0,0.0,0.3577328234511179,0.24660199387395998,31.92438203391251,0,0.0,0.0,-1.0,WAVLM_BASE_PLUS,9
2094-142345-0009_8455-210777-0035__T1__NBASIC__2094,2094,8455,normal_basic,12.05,8,0.0,0.0,0.0,0.3933719149276849,0.21164269944951153,43.12849992735763,0,0.0,0.0,-1.0,WAVLM_BASE_PLUS,9
2094-142345-0009_8455-210777-0035__T2__NBASIC__8455,8455,2094,normal_basic,12.71,8,0.0,0.0,0.0,0.4034787802134461,0.24925490963794694,30.826344213296004,0,0.0,0.0,-1.0,WAVLM_BASE_PLUS,9
2094-142345-0011_1580-141083-0001__T2__NBASIC__1580,1580,2094,normal_basic,12.41,19,0.0,0.0,0.0,0.5231174657475876,0.3475819756609704,42.353263581179114,0,0.0,0.0,-1.0,WAVLM_BASE_PLUS,9
2094-142345-0011_1580-141083-0001__T1__NBASIC__2094,2094,1580,normal_basic,14.75,19,0.0,0.0,0.0,0.3733247926978295,0.08861367000229448,42.03992893797405,0,0.0,0.0,-1.0,WAVLM_BASE_PLUS,9
2094-142345-0012_4446-2275-0026__T1__NBASIC__2094,2094,4446,normal_basic,10.38,9,0.0,0.0,0.0,0.32101673577088474,0.046457378967661334,33.99421422048751,0,0.0,0.0,-1.0,WAVLM_BASE_PLUS,9
2094-142345-0012_4446-2275-0026__T2__NBASIC__4446,4446,2094,normal_basic,10.6,9,0.0,0.0,0.0,0.3502038468528173,0.1067203921622617,31.936790227131205,0,0.0,0.0,-1.0,WAVLM_BASE_PLUS,9
2094-142345-0018_1320-122617-0018__T2__NBASIC__1320,1320,2094,normal_basic,14.28,5,0.0,0.0,0.0,0.4430221908976555,0.37916074685746337,45.86992463184043,0,0.0,0.0,-1.0,WAVLM_BASE_PLUS,9
2094-142345-0018_1320-122617-0018__T1__NBASIC__2094,2094,1320,normal_basic,10.53,5,0.0,0.0,0.0,0.4559033373116247,0.40953873685299924,32.53394769871111,0,0.0,0.0,-1.0,WAVLM_BASE_PLUS,9
2094-142345-0023_4507-16021-0002__T1__NBASIC__2094,2094,4507,normal_basic,12.74,5,0.0,0.0,0.0,0.46919051034686976,0.209707555005057,32.91333974242743,0,0.0,0.0,-1.0,WAVLM_BASE_PLUS,9
2094-142345-0023_4507-16021-0002__T2__NBASIC__4507,4507,2094,normal_basic,9.49,5,0.0,0.0,0.0,0.382919410365448,0.25984073714331724,35.857504389807524,0,0.0,0.0,-1.0,WAVLM_BASE_PLUS,9
2094-142345-0027_260-123288-0007__T1__NBASIC__2094,2094,260,normal_basic,13.02,10,0.0,0.0,0.0,0.47320297788595156,0.3391459122507232,41.98331027812012,0,0.0,0.0,-1.0,WAVLM_BASE_PLUS,9
2094-142345-0027_260-123288-0007__T2__NBASIC__260,260,2094,normal_basic,12.74,10,0.0,0.0,0.0,0.3857838441797708,0.13836682390800858,41.88821004027305,0,0.0,0.0,-1.0,WAVLM_BASE_PLUS,9
2094-142345-0028_8455-210777-0038__T1__NBASIC__2094,2094,8455,normal_basic,11.81,12,0.0,0.0,0.0,0.45989782886204167,0.33268614152898857,46.59413490856368,0,0.0,0.0,-1.0,WAVLM_BASE_PLUS,9
2094-142345-0028_8455-210777-0038__T2__NBASIC__8455,8455,2094,normal_basic,16.56,12,0.0,0.0,0.0,0.4216683794982006,0.2792103155700272,40.60289287543969,0,0.0,0.0,-1.0,WAVLM_BASE_PLUS,9
2094-142345-0029_1995-1837-0012__T2__NBASIC__1995,1995,2094,normal_basic,12.43,15,0.0,0.0,0.0,0.43771113979596843,0.20552476976670436,31.3266213956631,0,0.0,0.0,-1.0,WAVLM_BASE_PLUS,9
2094-142345-0029_1995-1837-0012__T1__NBASIC__2094,2094,1995,normal_basic,-16.96,15,1.0,1.0,1.0,-0.4065368599273447,-0.6531276586794479,-27.439052104530436,1,7.5,7.5,0.0,WAVLM_BASE_PLUS,9
2094-142345-0030_5142-36377-0009__T1__NBASIC__2094,2094,5142,normal_basic,9.02,9,0.0,0.0,0.0,0.2383961680739912,0.001361166165231964,26.04856183631288,0,0.0,0.0,-1.0,WAVLM_BASE_PLUS,9
2094-142345-0030_5142-36377-0009__T2__NBASIC__5142,5142,2094,normal_basic,2.54,9,0.0,0.0,0.0,0.39765986389019375,0.24857369561034315,21.38194380060592,0,0.0,0.0,-1.0,WAVLM_BASE_PLUS,9
2094-142345-0032_1284-1180-0025__T2__NBASIC__1284,1284,2094,normal_basic,9.25,5,0.0,0.0,0.0,0.3866110680635863,0.24593466028440136,43.0427703809893,0,0.0,0.0,-1.0,WAVLM_BASE_PLUS,9
2094-142345-0032_1284-1180-0025__T1__NBASIC__2094,2094,1284,normal_basic,-11.47,5,1.0,1.0,1.0,-0.3842106705852685,-0.45878453879606707,-31.91828487644674,1,2.5,2.5,0.0,WAVLM_BASE_PLUS,9
2094-142345-0034_4507-16021-0051__T1__NBASIC__2094,2094,4507,normal_basic,16.13,11,0.0,0.0,0.0,0.35066029806310295,0.07449062134152673,34.816827940109754,0,0.0,0.0,-1.0,WAVLM_BASE_PLUS,9
2094-142345-0034_4507-16021-0051__T2__NBASIC__4507,4507,2094,normal_basic,11.81,11,0.0,0.0,0.0,0.3301543342164413,0.10447379254347455,43.3011728357289,0,0.0,0.0,-1.0,WAVLM_BASE_PLUS,9
2094-142345-0035_4507-16021-0022__T1__NBASIC__2094,2094,4507,normal_basic,9.03,6,0.0,0.0,0.0,0.3467739231324481,0.1452932924775875,36.94720468626979,0,0.0,0.0,-1.0,WAVLM_BASE_PLUS,9
2094-142345-0035_4507-16021-0022__T2__NBASIC__4507,4507,2094,normal_basic,13.88,6,0.0,0.0,0.0,0.2270810371518068,0.11597383481618606,33.498447889233866,0,0.0,0.0,-1.0,WAVLM_BASE_PLUS,9
2094-142345-0039_6930-75918-0001__T1__NBASIC__2094,2094,6930,normal_basic,13.89,11,0.0,0.0,0.0,0.37320423145194054,0.24775301914619696,41.98751479461068,0,0.0,0.0,-1.0,WAVLM_BASE_PLUS,9
2094-142345-0039_6930-75918-0001__T2__NBASIC__6930,6930,2094,normal_basic,11.0,11,0.0,0.0,0.0,0.4674371929443026,0.3746256049419565,41.68145695452534,0,0.0,0.0,-1.0,WAVLM_BASE_PLUS,9
2094-142345-0050_8463-287645-0006__T1__NBASIC__2094,2094,8463,normal_basic,11.88,7,0.0,0.0,0.0,0.312628518605238,0.07352213918848272,30.904335684951324,0,0.0,0.0,-1.0,WAVLM_BASE_PLUS,9
2094-142345-0050_8463-287645-0006__T2__NBASIC__8463,8463,2094,normal_basic,-18.11,7,0.8571428571428571,1.0,0.8571428571428571,-0.18291374341510275,-0.45790403225148074,-25.21124190694874,1,3.0,3.0,0.0,WAVLM_BASE_PLUS,9
2094-142345-0053_4992-23283-0008__T1__NBASIC__2094,2094,4992,normal_basic,6.71,5,0.0,0.0,0.0,0.37893487879096116,0.2988011715191434,27.25071038001205,0,0.0,0.0,-1.0,WAVLM_BASE_PLUS,9
2094-142345-0053_4992-23283-0008__T2__NBASIC__4992,4992,2094,normal_basic,12.44,5,0.2,0.0,0.0,0.24912159430134,-0.0021672035700256442,26.067136748918074,0,0.0,0.0,-1.0,WAVLM_BASE_PLUS,9
2094-142345-0059_237-126133-0024__T1__NBASIC__2094,2094,237,normal_basic,11.36,18,0.0,0.0,0.0,0.43951181736464773,0.1806859249805275,45.52717909974927,0,0.0,0.0,-1.0,WAVLM_BASE_PLUS,9
2094-142345-0059_237-126133-0024__T2__NBASIC__237,237,2094,normal_basic,15.0,18,0.0,0.0,0.0,0.34948244085826663,0.16809340731273836,32.01575224782848,0,0.0,0.0,-1.0,WAVLM_BASE_PLUS,9
2300-131720-0000_3570-5694-0000__T1__NBASIC__2300,2300,3570,normal_basic,10.2,9,0.0,0.0,0.0,0.3850868457380337,0.3231886753287645,39.95826588685822,0,0.0,0.0,-1.0,WAVLM_BASE_PLUS,9
2300-131720-0000_3570-5694-0000__T2__NBASIC__3570,3570,2300,normal_basic,15.71,9,0.0,0.0,0.0,0.40062078532172085,0.32206188988291995,38.05514876144873,0,0.0,0.0,-1.0,WAVLM_BASE_PLUS,9
2300-131720-0001_5683-32879-0012__T1__NBASIC__2300,2300,5683,normal_basic,13.02,7,0.0,0.0,0.0,0.3956742218492593,0.14667236511617432,41.14135003499761,0,0.0,0.0,-1.0,WAVLM_BASE_PLUS,9
2300-131720-0001_5683-32879-0012__T2__NBASIC__5683,5683,2300,normal_basic,15.41,7,0.0,0.0,0.0,0.4094865648366618,0.27929741752622966,36.47801231058505,0,0.0,0.0,-1.0,WAVLM_BASE_PLUS,9
2300-131720-0002_8455-210777-0036__T1__NBASIC__2300,2300,8455,normal_basic,10.47,24,0.0,0.0,0.0,0.41615099592057153,0.029519271679738113,39.57791307121303,0,0.0,0.0,-1.0,WAVLM_BASE_PLUS,9
2300-131720-0002_8455-210777-0036__T2__NBASIC__8455,8455,2300,normal_basic,15.08,24,0.0,0.0,0.0,0.4086446134348239,0.22935681748141912,39.706820055108494,0,0.0,0.0,-1.0,WAVLM_BASE_PLUS,9
2300-131720-0003_672-122797-0055__T1__NBASIC__2300,2300,672,normal_basic,11.11,14,0.07142857142857142,0.0,0.0,0.34450357257270187,-0.013510037270229258,34.52300772644874,0,0.0,0.0,-1.0,WAVLM_BASE_PLUS,9
2300-131720-0003_672-122797-0055__T2__NBASIC__672,672,2300,normal_basic,11.21,14,0.21428571428571427,0.0,0.0,0.2214915298857827,-0.23272650968491682,24.532495379787573,1,1.0,1.0,5.0,WAVLM_BASE_PLUS,9
2300-131720-0006_8455-210777-0043__T1__NBASIC__2300,2300,8455,normal_basic,4.43,5,0.0,0.0,0.0,0.3803610540061067,0.12460994471239095,26.92543449671741,0,0.0,0.0,-1.0,WAVLM_BASE_PLUS,9
2300-131720-0006_8455-210777-0043__T2__NBASIC__8455,8455,2300,normal_basic,13.95,5,0.2,0.0,0.0,0.24956436150303687,-0.12265741579788925,25.009034133342553,0,0.0,0.0,-1.0,WAVLM_BASE_PLUS,9
2300-131720-0007_8224-274384-0007__T1__NBASIC__2300,2300,8224,normal_basic,9.38,11,0.0,0.0,0.0,0.38575776651089017,0.1793666615266465,33.72752660597038,0,0.0,0.0,-1.0,WAVLM_BASE_PLUS,9
2300-131720-0007_8224-274384-0007__T2__NBASIC__8224,8224,2300,normal_basic,0.84,11,0.36363636363636365,0.2727272727272727,0.2727272727272727,0.08275742689972009,-0.3519276906199851,13.806034771756147,1,1.0,1.0,0.0,WAVLM_BASE_PLUS,9
2300-131720-0009_908-157963-0010__T1__NBASIC__2300,2300,908,normal_basic,9.59,11,0.0,0.0,0.0,0.4554455685291495,0.18563845944760643,29.282874695943757,0,0.0,0.0,-1.0,WAVLM_BASE_PLUS,9
2300-131720-0009_908-157963-0010__T2__NBASIC__908,908,2300,normal_basic,9.73,11,0.0,0.0,0.0,0.3896307478994311,0.0962381114628601,26.902822218797645,0,0.0,0.0,-1.0,WAVLM_BASE_PLUS,9
2300-131720-0010_8230-279154-0013__T1__NBASIC__2300,2300,8230,normal_basic,7.99,20,0.0,0.0,0.0,0.3821519927810352,0.20113631680666516,32.91027789737687,0,0.0,0.0,-1.0,WAVLM_BASE_PLUS,9
2300-131720-0010_8230-279154-0013__T2__NBASIC__8230,8230,2300,normal_basic,11.14,20,0.0,0.0,0.0,0.3494989344288087,0.14420374756844245,29.030696366597635,0,0.0,0.0,-1.0,WAVLM_BASE_PLUS,9
2300-131720-0018_1188-133604-0018__T2__NBASIC__1188,1188,2300,normal_basic,9.63,22,0.0,0.0,0.0,0.28082755760680356,0.10374370697620827,23.519495711445938,0,0.0,0.0,-1.0,WAVLM_BASE_PLUS,9
2300-131720-0018_1188-133604-0018__T1__NBASIC__2300,2300,1188,normal_basic,3.57,22,0.0,0.0,0.0,0.35809849016179385,0.036990723707874484,26.20551953340654,0,0.0,0.0,-1.0,WAVLM_BASE_PLUS,9
2300-131720-0020_61-70968-0061__T1__NBASIC__2300,2300,61,normal_basic,7.59,10,0.1,0.0,0.0,0.23934591690212761,-0.04790961646581893,30.272149268499128,0,0.0,0.0,-1.0,WAVLM_BASE_PLUS,9
2300-131720-0020_61-70968-0061__T2__NBASIC__61,61,2300,normal_basic,11.17,10,0.0,0.0,0.0,0.3515156479826977,0.016168858955524,25.169252863524424,0,0.0,0.0,-1.0,WAVLM_BASE_PLUS,9
2300-131720-0021_121-121726-0004__T2__NBASIC__121,121,2300,normal_basic,15.82,7,0.14285714285714285,0.0,0.0,0.3643819110445396,-0.11364625702578857,38.13795088446078,0,0.0,0.0,-1.0,WAVLM_BASE_PLUS,9
2300-131720-0021_121-121726-0004__T1__NBASIC__2300,2300,121,normal_basic,11.4,7,0.0,0.0,0.0,0.47300335495116513,0.24648319687487563,45.4941792015995,0,0.0,0.0,-1.0,WAVLM_BASE_PLUS,9
2300-131720-0022_8555-284447-0019__T1__NBASIC__2300,2300,8555,normal_basic,13.0,19,0.0,0.0,0.0,0.43085160699382286,0.2801001015909912,42.47176703597108,0,0.0,0.0,-1.0,WAVLM_BASE_PLUS,9
2300-131720-0022_8555-284447-0019__T2__NBASIC__8555,8555,2300,normal_basic,13.09,19,0.0,0.0,0.0,0.4305423153970598,0.28776757556452726,42.12206687357333,0,0.0,0.0,-1.0,WAVLM_BASE_PLUS,9
2300-131720-0024_7176-92135-0003__T1__NBASIC__2300,2300,7176,normal_basic,5.42,6,0.16666666666666666,0.0,0.0,0.25787662049005394,-0.018285811671621355,25.585110258360032,0,0.0,0.0,-1.0,WAVLM_BASE_PLUS,9
2300-131720-0024_7176-92135-0003__T2__NBASIC__7176,7176,2300,normal_basic,8.4,6,0.0,0.0,0.0,0.36022814320496804,0.3015717207675769,23.773939166097534,0,0.0,0.0,-1.0,WAVLM_BASE_PLUS,9
2300-131720-0026_4446-2273-0008__T1__NBASIC__2300,2300,4446,normal_basic,8.92,14,0.0,0.0,0.0,0.4660691387520037,0.30741466309210186,42.8880513252144,0,0.0,0.0,-1.0,WAVLM_BASE_PLUS,9
2300-131720-0026_4446-2273-0008__T2__NBASIC__4446,4446,2300,normal_basic,14.96,14,0.0,0.0,0.0,0.4073877470207249,0.25413175517551195,33.91705312356354,0,0.0,0.0,-1.0,WAVLM_BASE_PLUS,9
2300-131720-0030_1089-134686-0025__T2__NBASIC__1089,1089,2300,normal_basic,12.43,12,0.3333333333333333,0.0,0.0,0.046317493327370486,-0.3833923112741182,14.54009805109527,1,1.5,1.5,4.5,WAVLM_BASE_PLUS,9
2300-131720-0030_1089-134686-0025__T1__NBASIC__2300,2300,1089,normal_basic,6.25,12,0.0,0.0,0.0,0.3849681551440929,0.13040167609728182,32.95360900824036,0,0.0,0.0,-1.0,WAVLM_BASE_PLUS,9
2300-131720-0031_7176-88083-0020__T1__NBASIC__2300,2300,7176,normal_basic,10.94,9,0.1111111111111111,0.0,0.0,0.3462248103902058,-0.03466206719692588,27.579112385350026,0,0.0,0.0,-1.0,WAVLM_BASE_PLUS,9
2300-131720-0031_7176-88083-0020__T2__NBASIC__7176,7176,2300,normal_basic,8.31,9,0.0,0.0,0.0,0.43765542935122614,0.3573865222979178,30.763525382009796,0,0.0,0.0,-1.0,WAVLM_BASE_PLUS,9
2300-131720-0036_7176-92135-0006__T1__NBASIC__2300,2300,7176,normal_basic,8.26,13,0.15384615384615385,0.0,0.0,0.3120515491413923,-0.0644891732124181,32.441460498428555,1,1.0,1.0,3.5,WAVLM_BASE_PLUS,9
2300-131720-0036_7176-92135-0006__T2__NBASIC__7176,7176,2300,normal_basic,8.3,13,0.0,0.0,0.0,0.3751587936327502,0.18605890707866773,23.604983545397634,0,0.0,0.0,-1.0,WAVLM_BASE_PLUS,9
2300-131720-0041_1284-1180-0023__T2__NBASIC__1284,1284,2300,normal_basic,10.0,6,0.0,0.0,0.0,0.4829666705249363,0.3794487894780929,46.07653199897595,0,0.0,0.0,-1.0,WAVLM_BASE_PLUS,9
2300-131720-0041_1284-1180-0023__T1__NBASIC__2300,2300,1284,normal_basic,16.66,6,0.0,0.0,0.0,0.32969522575187576,0.051223857804618356,36.17406639961944,0,0.0,0.0,-1.0,WAVLM_BASE_PLUS,9
237-126133-0001_7729-102255-0000__T1__NBASIC__237,237,7729,normal_basic,12.74,5,0.0,0.0,0.0,0.43487710054406153,0.40630852363499903,41.39431682823336,0,0.0,0.0,-1.0,WAVLM_BASE_PLUS,9
237-126133-0001_7729-102255-0000__T2__NBASIC__7729,7729,237,normal_basic,14.43,5,0.0,0.0,0.0,0.3751436356392219,0.30792911134520495,38.42277555865016,0,0.0,0.0,-1.0,WAVLM_BASE_PLUS,9
237-126133-0003_2830-3980-0028__T1__NBASIC__237,237,2830,normal_basic,6.73,6,0.0,0.0,0.0,0.42134645070098803,0.285346502319193,34.526161878570285,0,0.0,0.0,-1.0,WAVLM_BASE_PLUS,9
237-126133-0003_2830-3980-0028__T2__NBASIC__2830,2830,237,normal_basic,15.71,6,0.0,0.0,0.0,0.3725252798913943,0.2751769368449416,33.52714122615827,0,0.0,0.0,-1.0,WAVLM_BASE_PLUS,9
237-126133-0005_1580-141083-0050__T2__NBASIC__1580,1580,237,normal_basic,5.03,5,0.2,0.0,0.0,0.35472656531824065,-0.05602854712179228,26.048694045054624,0,0.0,0.0,-1.0,WAVLM_BASE_PLUS,9
237-126133-0005_1580-141083-0050__T1__NBASIC__237,237,1580,normal_basic,11.52,5,0.0,0.0,0.0,0.3203443571094013,0.2710863620764747,35.21357987573619,0,0.0,0.0,-1.0,WAVLM_BASE_PLUS,9
237-126133-0006_5639-40744-0018__T1__NBASIC__237,237,5639,normal_basic,11.42,11,0.0,0.0,0.0,0.4080674092020354,0.2432656118308677,41.13194061630176,0,0.0,0.0,-1.0,WAVLM_BASE_PLUS,9
237-126133-0006_5639-40744-0018__T2__NBASIC__5639,5639,237,normal_basic,11.03,11,0.0,0.0,0.0,0.4245522162165189,0.1438371510348475,36.90326139170448,0,0.0,0.0,-1.0,WAVLM_BASE_PLUS,9
237-126133-0010_6829-68769-0003__T1__NBASIC__237,237,6829,normal_basic,11.06,7,0.0,0.0,0.0,0.2949328170487835,0.11759102810228028,43.92085744273033,0,0.0,0.0,-1.0,WAVLM_BASE_PLUS,9
237-126133-0010_6829-68769-0003__T2__NBASIC__6829,6829,237,normal_basic,12.74,7,0.0,0.0,0.0,0.43572000313226106,0.40444432880228776,37.510504757019866,0,0.0,0.0,-1.0,WAVLM_BASE_PLUS,9
237-126133-0014_3729-6852-0037__T1__NBASIC__237,237,3729,normal_basic,10.88,10,0.0,0.0,0.0,0.33030207133038825,0.1515154808258915,30.49869713447378,0,0.0,0.0,-1.0,WAVLM_BASE_PLUS,9
237-126133-0014_3729-6852-0037__T2__NBASIC__3729,3729,237,normal_basic,9.6,10,0.0,0.0,0.0,0.39900994973958737,0.2033800144050712,33.26501716386051,0,0.0,0.0,-1.0,WAVLM_BASE_PLUS,9
237-126133-0015_1320-122612-0008__T2__NBASIC__1320,1320,237,normal_basic,16.51,14,0.0,0.0,0.0,0.40141968959913055,0.27077553722258274,41.81463546650556,0,0.0,0.0,-1.0,WAVLM_BASE_PLUS,9
237-126133-0015_1320-122612-0008__T1__NBASIC__237,237,1320,normal_basic,12.9,14,0.0,0.0,0.0,0.45605184981357993,0.3983825346014934,49.19487131690653,0,0.0,0.0,-1.0,WAVLM_BASE_PLUS,9
237-126133-0019_5639-40744-0024__T1__NBASIC__237,237,5639,normal_basic,14.06,13,0.0,0.0,0.0,0.3570688159293578,0.20027805167888946,43.666709226501865,0,0.0,0.0,-1.0,WAVLM_BASE_PLUS,9
237-126133-0019_5639-40744-0024__T2__NBASIC__5639,5639,237,normal_basic,13.31,13,0.0,0.0,0.0,0.3945647727652616,0.13305903008054676,40.739193713005164,0,0.0,0.0,-1.0,WAVLM_BASE_PLUS,9
237-126133-0022_3575-170457-0054__T1__NBASIC__237,237,3575,normal_basic,-27.33,9,1.0,1.0,1.0,-0.2789712600288513,-0.4220534478653886,-35.35636097754816,1,4.5,4.5,0.0,WAVLM_BASE_PLUS,9
237-126133-0022_3575-170457-0054__T2__NBASIC__3575,3575,237,normal_basic,15.33,9,0.0,0.0,0.0,0.35342759023628445,0.09285770860301035,44.342017553732454,0,0.0,0.0,-1.0,WAVLM_BASE_PLUS,9
237-126133-0023_672-122797-0005__T1__NBASIC__237,237,672,normal_basic,11.27,5,0.0,0.0,0.0,0.4374221539907947,0.27021443303412684,36.6293774937139,0,0.0,0.0,-1.0,WAVLM_BASE_PLUS,9
237-126133-0023_672-122797-0005__T2__NBASIC__672,672,237,normal_basic,15.12,5,0.0,0.0,0.0,0.4238338533345377,0.3086895582926853,34.530583271971004,0,0.0,0.0,-1.0,WAVLM_BASE_PLUS,9
237-126133-0025_1995-1826-0016__T2__NBASIC__1995,1995,237,normal_basic,15.16,6,0.0,0.0,0.0,0.2935909789692255,0.17745905759660136,37.96968756024438,0,0.0,0.0,-1.0,WAVLM_BASE_PLUS,9
237-126133-0025_1995-1826-0016__T1__NBASIC__237,237,1995,normal_basic,14.43,6,0.0,0.0,0.0,0.42778041755612234,0.29864143727973474,41.912357707633724,0,0.0,0.0,-1.0,WAVLM_BASE_PLUS,9
237-134493-0000_260-123286-0017__T1__NBASIC__237,237,260,normal_basic,11.78,6,0.0,0.0,0.0,0.36054183599555983,0.2459789534275294,35.590957211361626,0,0.0,0.0,-1.0,WAVLM_BASE_PLUS,9
237-134493-0000_260-123286-0017__T2__NBASIC__260,260,237,normal_basic,12.97,6,0.0,0.0,0.0,0.3996825141107239,0.030325605206554362,39.52332955566817,0,0.0,0.0,-1.0,WAVLM_BASE_PLUS,9
237-134493-0002_4992-41797-0002__T1__NBASIC__237,237,4992,normal_basic,12.86,10,0.0,0.0,0.0,0.2596529785163288,0.13393854827032575,27.976071714763197,0,0.0,0.0,-1.0,WAVLM_BASE_PLUS,9
237-134493-0002_4992-41797-0002__T2__NBASIC__4992,4992,237,normal_basic,10.12,10,0.0,0.0,0.0,0.427441211526524,0.26725126371244334,39.73822106504765,0,0.0,0.0,-1.0,WAVLM_BASE_PLUS,9
237-134493-0005_5105-28241-0017__T1__NBASIC__237,237,5105,normal_basic,10.06,20,0.0,0.0,0.0,0.43009521796113576,0.2204308979335643,38.125268465566656,0,0.0,0.0,-1.0,WAVLM_BASE_PLUS,9
237-134493-0005_5105-28241-0017__T2__NBASIC__5105,5105,237,normal_basic,15.25,20,0.0,0.0,0.0,0.3321241031143941,0.051760076441299985,37.599517941034,0,0.0,0.0,-1.0,WAVLM_BASE_PLUS,9
237-134493-0006_2961-961-0008__T1__NBASIC__237,237,2961,normal_basic,15.35,7,0.0,0.0,0.0,0.26619423910927065,0.07688508476296302,28.53233078203806,0,0.0,0.0,-1.0,WAVLM_BASE_PLUS,9
237-134493-0006_2961-961-0008__T2__NBASIC__2961,2961,237,normal_basic,7.23,7,0.0,0.0,0.0,0.5032549474174918,0.3983113090007844,46.617761829811265,0,0.0,0.0,-1.0,WAVLM_BASE_PLUS,9
237-134493-0013_4992-23283-0009__T1__NBASIC__237,237,4992,normal_basic,-4.56,7,0.2857142857142857,0.5714285714285714,0.2857142857142857,0.04282914553248272,-0.3558852969952612,-4.900053491734025,0,0.0,0.0,-1.0,WAVLM_BASE_PLUS,9
237-134493-0013_4992-23283-0009__T2__NBASIC__4992,4992,237,normal_basic,-1.07,7,0.42857142857142855,0.5714285714285714,0.42857142857142855,0.026875188512712065,-0.4275345120753779,-0.7677656681367664,1,1.0,1.0,1.0,WAVLM_BASE_PLUS,9
237-134493-0014_3570-5694-0009__T1__NBASIC__237,237,3570,normal_basic,13.35,6,0.0,0.0,0.0,0.5090442482844705,0.3743116184712567,45.19338655825448,0,0.0,0.0,-1.0,WAVLM_BASE_PLUS,9
237-134493-0014_3570-5694-0009__T2__NBASIC__3570,3570,237,normal_basic,14.63,6,0.0,0.0,0.0,0.43276710926497536,0.25392108647812744,38.972926876920454,0,0.0,0.0,-1.0,WAVLM_BASE_PLUS,9
237-134493-0015_5105-28240-0008__T1__NBASIC__237,237,5105,normal_basic,13.55,12,0.0,0.0,0.0,0.4403075478259229,0.20262735721407849,40.38277133240446,0,0.0,0.0,-1.0,WAVLM_BASE_PLUS,9
237-134493-0015_5105-28240-0008__T2__NBASIC__5105,5105,237,normal_basic,13.89,12,0.0,0.0,0.0,0.4600060933686569,0.25591748022851624,40.26707778701167,0,0.0,0.0,-1.0,WAVLM_BASE_PLUS,9
237-134493-0016_7176-92135-0005__T1__NBASIC__237,237,7176,normal_basic,14.5,9,0.0,0.0,0.0,0.37734021340390667,0.19612981834705961,37.057302956865115,0,0.0,0.0,-1.0,WAVLM_BASE_PLUS,9
237-134493-0016_7176-92135-0005__T2__NBASIC__7176,7176,237,normal_basic,11.85,9,0.0,0.0,0.0,0.42626767535759796,0.2658234343903001,41.23134175187009,0,0.0,0.0,-1.0,WAVLM_BASE_PLUS,9
237-134493-0018_1284-1181-0019__T2__NBASIC__1284,1284,237,normal_basic,10.54,5,0.0,0.0,0.0,0.3996114719077391,0.33325638431304916,34.96727078966404,0,0.0,0.0,-1.0,WAVLM_BASE_PLUS,9
237-134493-0018_1284-1181-0019__T1__NBASIC__237,237,1284,normal_basic,12.25,5,0.0,0.0,0.0,0.3000693709882777,0.14399627666830228,34.606083153618336,0,0.0,0.0,-1.0,WAVLM_BASE_PLUS,9
237-134500-0000_8463-294828-0029__T1__NBASIC__237,237,8463,normal_basic,9.11,9,0.0,0.0,0.0,0.3611429013231857,0.1559268699378379,36.34089393827345,0,0.0,0.0,-1.0,WAVLM_BASE_PLUS,9
237-134500-0000_8463-294828-0029__T2__NBASIC__8463,8463,237,normal_basic,11.08,9,0.0,0.0,0.0,0.35559614651526306,0.20019509394263346,28.385667051880954,0,0.0,0.0,-1.0,WAVLM_BASE_PLUS,9
237-134500-0002_4970-29093-0019__T1__NBASIC__237,237,4970,normal_basic,12.21,9,0.0,0.0,0.0,0.4431097385280845,0.34723754112267247,44.13933976592845,0,0.0,0.0,-1.0,WAVLM_BASE_PLUS,9
237-134500-0002_4970-29093-0019__T2__NBASIC__4970,4970,237,normal_basic,16.39,9,0.1111111111111111,0.0,0.0,0.28462501447076083,-0.0595973504440267,43.066131083988644,0,0.0,0.0,-1.0,WAVLM_BASE_PLUS,9
237-134500-0006_908-157963-0000__T1__NBASIC__237,237,908,normal_basic,12.0,7,0.0,0.0,0.0,0.4815971128777082,0.4036022343977429,41.14488551920539,0,0.0,0.0,-1.0,WAVLM_BASE_PLUS,9
237-134500-0006_908-157963-0000__T2__NBASIC__908,908,237,normal_basic,14.48,7,0.0,0.0,0.0,0.40968270001176815,0.2514295878744715,38.719454843765675,0,0.0,0.0,-1.0,WAVLM_BASE_PLUS,9
237-134500-0011_4992-41797-0010__T1__NBASIC__237,237,4992,normal_basic,0.7,5,0.0,0.4,0.0,0.30008765638595836,0.05408611785481632,10.952565087979465,0,0.0,0.0,-1.0,WAVLM_BASE_PLUS,9
237-134500-0011_4992-41797-0010__T2__NBASIC__4992,4992,237,normal_basic,6.42,5,0.8,0.2,0.2,-0.07172109443663358,-0.3751694485017075,11.860969819560273,1,1.5,1.5,1.0,WAVLM_BASE_PLUS,9
237-134500-0018_1580-141083-0007__T2__NBASIC__1580,1580,237,normal_basic,12.54,8,0.0,0.0,0.0,0.4540007203950822,0.3739623575497517,37.5854308568336,0,0.0,0.0,-1.0,WAVLM_BASE_PLUS,9
237-134500-0018_1580-141083-0007__T1__NBASIC__237,237,1580,normal_basic,13.39,8,0.0,0.0,0.0,0.33513665879976934,0.266090030116737,35.27342991881878,0,0.0,0.0,-1.0,WAVLM_BASE_PLUS,9
237-134500-0023_4992-41806-0006__T1__NBASIC__237,237,4992,normal_basic,1.54,5,0.6,0.2,0.2,0.0376288324963706,-0.2309713615476413,5.473180279741923,1,1.5,1.5,1.0,WAVLM_BASE_PLUS,9
237-134500-0023_4992-41806-0006__T2__NBASIC__4992,4992,237,normal_basic,12.22,5,0.0,0.0,0.0,0.3873254278569102,0.14688608190026275,31.914418429880232,0,0.0,0.0,-1.0,WAVLM_BASE_PLUS,9
237-134500-0024_1089-134686-0011__T2__NBASIC__1089,1089,237,normal_basic,11.71,7,0.0,0.0,0.0,0.39426700173853846,0.08887624562848095,35.25125501586968,0,0.0,0.0,-1.0,WAVLM_BASE_PLUS,9
237-134500-0024_1089-134686-0011__T1__NBASIC__237,237,1089,normal_basic,12.5,7,0.0,0.0,0.0,0.37572227805951997,0.23404287823845404,36.73219144588628,0,0.0,0.0,-1.0,WAVLM_BASE_PLUS,9
237-134500-0026_260-123286-0016__T1__NBASIC__237,237,260,normal_basic,13.84,5,0.0,0.0,0.0,0.424196056132119,0.36091746329150565,29.01594084517631,0,0.0,0.0,-1.0,WAVLM_BASE_PLUS,9
237-134500-0026_260-123286-0016__T2__NBASIC__260,260,237,normal_basic,9.06,5,0.0,0.0,0.0,0.4727016814089849,0.3907462215205163,37.22531185037873,0,0.0,0.0,-1.0,WAVLM_BASE_PLUS,9
237-134500-0028_2830-3980-0023__T1__NBASIC__237,237,2830,normal_basic,12.11,8,0.0,0.0,0.0,0.3159249819972622,0.05067407983521233,30.116187912785136,0,0.0,0.0,-1.0,WAVLM_BASE_PLUS,9
237-134500-0028_2830-3980-0023__T2__NBASIC__2830,2830,237,normal_basic,9.72,8,0.0,0.0,0.0,0.43552488176348314,0.2642322287303571,39.77853079883756,0,0.0,0.0,-1.0,WAVLM_BASE_PLUS,9
237-134500-0034_4077-13751-0011__T1__NBASIC__237,237,4077,normal_basic,15.89,5,0.0,0.0,0.0,0.3254395374361028,0.11852485410896019,31.630139559785295,0,0.0,0.0,-1.0,WAVLM_BASE_PLUS,9
237-134500-0034_4077-13751-0011__T2__NBASIC__4077,4077,237,normal_basic,4.23,5,0.0,0.0,0.0,0.45364835370931667,0.3744334130760677,39.333116878672854,0,0.0,0.0,-1.0,WAVLM_BASE_PLUS,9
237-134500-0036_6829-68771-0035__T1__NBASIC__237,237,6829,normal_basic,9.95,7,0.14285714285714285,0.0,0.0,0.15538219384314372,-0.24495509614302302,23.61712578550581,0,0.0,0.0,-1.0,WAVLM_BASE_PLUS,9
237-134500-0036_6829-68771-0035__T2__NBASIC__6829,6829,237,normal_basic,10.63,7,0.0,0.0,0.0,0.4007568588630856,0.2464125518344928,32.14494136281864,0,0.0,0.0,-1.0,WAVLM_BASE_PLUS,9
237-134500-0037_2830-3980-0042__T1__NBASIC__237,237,2830,normal_basic,16.4,5,0.0,0.0,0.0,0.3098584772171132,0.1072461392966183,40.09163626354358,0,0.0,0.0,-1.0,WAVLM_BASE_PLUS,9
237-134500-0037_2830-3980-0042__T2__NBASIC__2830,2830,237,normal_basic,12.91,5,0.0,0.0,0.0,0.47183775019551366,0.2613746095174295,43.246816794221544,0,0.0,0.0,-1.0,WAVLM_BASE_PLUS,9
237-134500-0040_1284-134647-0007__T2__NBASIC__1284,1284,237,normal_basic,9.07,7,0.0,0.0,0.0,0.42739360029561346,0.29854839443110115,35.547928963575835,0,0.0,0.0,-1.0,WAVLM_BASE_PLUS,9
237-134500-0040_1284-134647-0007__T1__NBASIC__237,237,1284,normal_basic,13.43,7,0.0,0.0,0.0,0.33284259467011956,0.22055607593021764,30.690220308290765,0,0.0,0.0,-1.0,WAVLM_BASE_PLUS,9
237-134500-0041_6930-75918-0011__T1__NBASIC__237,237,6930,normal_basic,9.34,5,0.0,0.0,0.0,0.36838872662239697,0.2513397547815279,27.949290849035577,0,0.0,0.0,-1.0,WAVLM_BASE_PLUS,9
237-134500-0041_6930-75918-0011__T2__NBASIC__6930,6930,237,normal_basic,12.75,5,0.0,0.0,0.0,0.4019921087702788,0.28900097123207596,43.8830013943929,0,0.0,0.0,-1.0,WAVLM_BASE_PLUS,9
260-123286-0003_2094-142345-0048__T2__NBASIC__2094,2094,260,normal_basic,14.17,11,0.0,0.0,0.0,0.4141779226459745,0.270306161537402,38.91147810321682,0,0.0,0.0,-1.0,WAVLM_BASE_PLUS,9
260-123286-0003_2094-142345-0048__T1__NBASIC__260,260,2094,normal_basic,13.3,11,0.0,0.0,0.0,0.42150265989064617,0.1405953406328535,39.60358786123401,0,0.0,0.0,-1.0,WAVLM_BASE_PLUS,9
260-123286-0005_237-126133-0000__T2__NBASIC__237,237,260,normal_basic,14.96,8,0.0,0.0,0.0,0.3640855359062692,0.14338625045262632,33.630433803729424,0,0.0,0.0,-1.0,WAVLM_BASE_PLUS,9
260-123286-0005_237-126133-0000__T1__NBASIC__260,260,237,normal_basic,11.13,8,0.0,0.0,0.0,0.42805236287475174,0.25275164337102307,41.95172184285803,0,0.0,0.0,-1.0,WAVLM_BASE_PLUS,9
260-123286-0008_3570-5695-0013__T1__NBASIC__260,260,3570,normal_basic,9.39,6,0.0,0.0,0.0,0.48411789758273943,0.32980582967916816,42.17394369166937,0,0.0,0.0,-1.0,WAVLM_BASE_PLUS,9
260-123286-0008_3570-5695-0013__T2__NBASIC__3570,3570,260,normal_basic,12.68,6,0.0,0.0,0.0,0.39323008797738773,0.15652296287599127,39.28528494982761,0,0.0,0.0,-1.0,WAVLM_BASE_PLUS,9
260-123286-0015_237-134493-0001__T2__NBASIC__237,237,260,normal_basic,13.42,9,0.0,0.0,0.0,0.4200097145031342,0.17328128521186492,42.542181103674075,0,0.0,0.0,-1.0,WAVLM_BASE_PLUS,9
260-123286-0015_237-134493-0001__T1__NBASIC__260,260,237,normal_basic,13.2,9,0.0,0.0,0.0,0.34799744300858576,0.13588516886294122,46.24951679222215,0,0.0,0.0,-1.0,WAVLM_BASE_PLUS,9
260-123286-0019_1580-141083-0024__T2__NBASIC__1580,1580,260,normal_basic,12.5,7,0.0,0.0,0.0,0.3970106233449623,0.20129106632551919,34.715691788960804,0,0.0,0.0,-1.0,WAVLM_BASE_PLUS,9
260-123286-0019_1580-141083-0024__T1__NBASIC__260,260,1580,normal_basic,9.9,7,0.0,0.0,0.0,0.3326705186199521,0.20444545959502153,35.0005678959862,0,0.0,0.0,-1.0,WAVLM_BASE_PLUS,9
260-123286-0020_2830-3979-0008__T1__NBASIC__260,260,2830,normal_basic,-7.87,5,1.0,1.0,1.0,-0.44842179795512627,-0.6001953064565584,-28.740286580659678,1,2.5,2.5,0.0,WAVLM_BASE_PLUS,9
260-123286-0020_2830-3979-0008__T2__NBASIC__2830,2830,260,normal_basic,4.64,5,0.0,0.0,0.0,0.4434044225037427,0.215094800461898,29.826122407004952,0,0.0,0.0,-1.0,WAVLM_BASE_PLUS,9
260-123286-0024_61-70970-0032__T1__NBASIC__260,260,61,normal_basic,-14.8,5,1.0,1.0,1.0,-0.3929200375031859,-0.4288121314585957,-19.593846715166592,1,2.5,2.5,0.0,WAVLM_BASE_PLUS,9
260-123286-0024_61-70970-0032__T2__NBASIC__61,61,260,normal_basic,12.53,5,0.0,0.0,0.0,0.4767214252065979,0.38634084701295324,31.982024861847567,0,0.0,0.0,-1.0,WAVLM_BASE_PLUS,9
260-123286-0025_5142-33396-0003__T1__NBASIC__260,260,5142,normal_basic,13.35,5,0.0,0.0,0.0,0.4110904175110338,0.3503137756856801,43.97394708040254,0,0.0,0.0,-1.0,WAVLM_BASE_PLUS,9
260-123286-0025_5142-33396-0003__T2__NBASIC__5142,5142,260,normal_basic,14.55,5,0.0,0.0,0.0,0.43819531383923555,0.3478084415442031,48.44127962516741,0,0.0,0.0,-1.0,WAVLM_BASE_PLUS,9
260-123286-0028_5683-32866-0014__T1__NBASIC__260,260,5683,normal_basic,12.09,6,0.0,0.0,0.0,0.3876987984057063,0.2788067404298772,39.57202467114008,0,0.0,0.0,-1.0,WAVLM_BASE_PLUS,9
260-123286-0028_5683-32866-0014__T2__NBASIC__5683,5683,260,normal_basic,14.3,6,0.0,0.0,0.0,0.31994532943874193,0.08754515994607681,38.79107355654026,0,0.0,0.0,-1.0,WAVLM_BASE_PLUS,9
260-123286-0030_3729-6852-0004__T1__NBASIC__260,260,3729,normal_basic,11.2,14,0.0,0.0,0.0,0.4039555031467759,0.1306880686371542,42.544072541098195,0,0.0,0.0,-1.0,WAVLM_BASE_PLUS,9
260-123286-0030_3729-6852-0004__T2__NBASIC__3729,3729,260,normal_basic,15.63,14,0.0,0.0,0.0,0.3989564823533402,0.2568457671294726,36.26342231074585,0,0.0,0.0,-1.0,WAVLM_BASE_PLUS,9
260-123288-0002_1580-141084-0019__T2__NBASIC__1580,1580,260,normal_basic,14.67,5,0.0,0.0,0.0,0.4179830385549799,0.227855258926701,42.687167258065216,0,0.0,0.0,-1.0,WAVLM_BASE_PLUS,9
260-123288-0002_1580-141084-0019__T1__NBASIC__260,260,1580,normal_basic,12.09,5,0.0,0.0,0.0,0.34542771681706946,0.12506969463608797,39.44049106516743,0,0.0,0.0,-1.0,WAVLM_BASE_PLUS,9
260-123288-0004_672-122797-0056__T1__NBASIC__260,260,672,normal_basic,-0.96,7,1.0,0.7142857142857143,0.7142857142857143,-0.2441091110916148,-0.465481180506445,-4.9087121623092855,1,3.5,3.5,0.0,WAVLM_BASE_PLUS,9
260-123288-0004_672-122797-0056__T2__NBASIC__672,672,260,normal_basic,-0.8,7,0.2857142857142857,0.14285714285714285,0.14285714285714285,0.27483310563335345,-0.10312830275911267,10.12965349669564,1,1.0,1.0,0.5,WAVLM_BASE_PLUS,9
260-123288-0005_5683-32879-0014__T1__NBASIC__260,260,5683,normal_basic,12.91,15,0.0,0.0,0.0,0.41506638132183,0.21165920142162808,44.70922336141919,0,0.0,0.0,-1.0,WAVLM_BASE_PLUS,9
260-123288-0005_5683-32879-0014__T2__NBASIC__5683,5683,260,normal_basic,16.18,15,0.0,0.0,0.0,0.3667777769059567,0.2580602713471259,41.958773852197815,0,0.0,0.0,-1.0,WAVLM_BASE_PLUS,9
260-123288-0008_237-134500-0033__T2__NBASIC__237,237,260,normal_basic,11.86,10,0.0,0.0,0.0,0.410800422304202,0.14694249336089382,42.615980584412924,0,0.0,0.0,-1.0,WAVLM_BASE_PLUS,9
260-123288-0008_237-134500-0033__T1__NBASIC__260,260,237,normal_basic,12.78,10,0.0,0.0,0.0,0.4495542701704697,0.2290288300621217,38.99070177031086,0,0.0,0.0,-1.0,WAVLM_BASE_PLUS,9
260-123288-0009_1320-122617-0023__T2__NBASIC__1320,1320,260,normal_basic,9.32,5,0.0,0.0,0.0,0.4075892343037009,0.32943456706166885,40.74592368896766,0,0.0,0.0,-1.0,WAVLM_BASE_PLUS,9
260-123288-0009_1320-122617-0023__T1__NBASIC__260,260,1320,normal_basic,-13.75,5,1.0,1.0,1.0,-0.37892647218714887,-0.486710419457381,-35.66506248043026,1,2.5,2.5,0.0,WAVLM_BASE_PLUS,9
260-123288-0011_6829-68769-0011__T1__NBASIC__260,260,6829,normal_basic,12.37,8,0.0,0.0,0.0,0.46642788086772213,0.25550541071100275,45.04112558939735,0,0.0,0.0,-1.0,WAVLM_BASE_PLUS,9
260-123288-0011_6829-68769-0011__T2__NBASIC__6829,6829,260,normal_basic,13.54,8,0.0,0.0,0.0,0.4272234683265902,0.14279567909751656,36.22604112460784,0,0.0,0.0,-1.0,WAVLM_BASE_PLUS,9
260-123288-0012_7021-85628-0010__T1__NBASIC__260,260,7021,normal_basic,12.3,6,0.0,0.0,0.0,0.325314465331188,0.01820290052247764,38.60172528172299,0,0.0,0.0,-1.0,WAVLM_BASE_PLUS,9
260-123288-0012_7021-85628-0010__T2__NBASIC__7021,7021,260,normal_basic,13.38,6,0.0,0.0,0.0,0.2691086744164641,0.014147070362528269,36.55972931790652,0,0.0,0.0,-1.0,WAVLM_BASE_PLUS,9
260-123288-0017_1580-141084-0049__T2__NBASIC__1580,1580,260,normal_basic,12.44,9,0.0,0.0,0.0,0.38303935173447,0.1438606352644194,36.43217268683193,0,0.0,0.0,-1.0,WAVLM_BASE_PLUS,9
260-123288-0017_1580-141084-0049__T1__NBASIC__260,260,1580,normal_basic,11.28,9,0.0,0.0,0.0,0.3912633335126808,0.2680441605607988,37.457723089381844,0,0.0,0.0,-1.0,WAVLM_BASE_PLUS,9
260-123288-0018_2830-3979-0003__T1__NBASIC__260,260,2830,normal_basic,14.83,5,0.0,0.0,0.0,0.3716336737120565,0.20641695333057353,37.83854714926135,0,0.0,0.0,-1.0,WAVLM_BASE_PLUS,9
260-123288-0018_2830-3979-0003__T2__NBASIC__2830,2830,260,normal_basic,9.87,5,0.0,0.0,0.0,0.48735284241177423,0.29058884736839896,40.40497934351926,0,0.0,0.0,-1.0,WAVLM_BASE_PLUS,9
260-123440-0003_2961-960-0009__T1__NBASIC__260,260,2961,normal_basic,16.78,6,0.0,0.0,0.0,0.3599265005165153,0.25171087279009563,40.86702516223737,0,0.0,0.0,-1.0,WAVLM_BASE_PLUS,9
260-123440-0003_2961-960-0009__T2__NBASIC__2961,2961,260,normal_basic,15.05,6,0.0,0.0,0.0,0.3985474598368661,0.32701826485459984,47.41159533075773,0,0.0,0.0,-1.0,WAVLM_BASE_PLUS,9
260-123440-0004_8455-210777-0061__T1__NBASIC__260,260,8455,normal_basic,9.87,23,0.13043478260869565,0.043478260869565216,0.043478260869565216,0.30155472953586443,-0.18512931337802835,28.662559357800014,1,1.0,1.0,2.0,WAVLM_BASE_PLUS,9
260-123440-0004_8455-210777-0061__T2__NBASIC__8455,8455,260,normal_basic,10.53,23,0.08695652173913043,0.0,0.0,0.35479213743691257,-0.03671183755827667,33.42727607520519,0,0.0,0.0,-1.0,WAVLM_BASE_PLUS,9
260-123440-0005_8555-284447-0014__T1__NBASIC__260,260,8555,normal_basic,14.72,5,0.0,0.0,0.0,0.2967848379946293,0.1666717273995888,33.00244215624539,0,0.0,0.0,-1.0,WAVLM_BASE_PLUS,9
260-123440-0005_8555-284447-0014__T2__NBASIC__8555,8555,260,normal_basic,10.14,5,0.0,0.0,0.0,0.41107533733344004,0.3431931273959056,33.791215811416464,0,0.0,0.0,-1.0,WAVLM_BASE_PLUS,9
260-123440-0007_1320-122612-0005__T2__NBASIC__1320,1320,260,normal_basic,12.5,5,0.0,0.0,0.0,0.38924292545940753,0.2134792762022163,34.32688309563285,0,0.0,0.0,-1.0,WAVLM_BASE_PLUS,9
260-123440-0007_1320-122612-0005__T1__NBASIC__260,260,1320,normal_basic,-21.43,5,1.0,1.0,1.0,-0.37079044891808166,-0.49862383959007583,-32.4505321022643,1,2.5,2.5,0.0,WAVLM_BASE_PLUS,9
260-123440-0009_5105-28240-0011__T1__NBASIC__260,260,5105,normal_basic,-29.71,5,1.0,1.0,1.0,-0.3665723622260254,-0.4407561403867299,-37.13915387045586,1,2.5,2.5,0.0,WAVLM_BASE_PLUS,9
260-123440-0009_5105-28240-0011__T2__NBASIC__5105,5105,260,normal_basic,14.63,5,0.0,0.0,0.0,0.32560073762178154,0.2642586476403185,35.96263607513306,0,0.0,0.0,-1.0,WAVLM_BASE_PLUS,9
260-123440-0010_908-31957-0023__T1__NBASIC__260,260,908,normal_basic,0.44,15,0.06666666666666667,0.06666666666666667,0.06666666666666667,0.35569265784419035,-0.05634158737033018,15.007759706446315,0,0.0,0.0,-1.0,WAVLM_BASE_PLUS,9
260-123440-0010_908-31957-0023__T2__NBASIC__908,908,260,normal_basic,12.89,15,0.3333333333333333,0.0,0.0,0.12777842286709698,-0.14526785569887352,24.748425329272763,1,1.0,1.0,1.0,WAVLM_BASE_PLUS,9
260-123440-0011_1320-122617-0016__T2__NBASIC__1320,1320,260,normal_basic,9.65,8,0.0,0.0,0.0,0.4109971035200373,0.29059159196928375,33.68412963517896,0,0.0,0.0,-1.0,WAVLM_BASE_PLUS,9
260-123440-0011_1320-122617-0016__T1__NBASIC__260,260,1320,normal_basic,-18.03,8,1.0,1.0,1.0,-0.39799743691467604,-0.4928071738396757,-32.237363794975245,1,4.0,4.0,0.0,WAVLM_BASE_PLUS,9
260-123440-0011_3570-5694-0012__T1__NBASIC__260,260,3570,normal_basic,5.16,5,0.0,0.0,0.0,0.3279557782843255,0.13960009975131144,29.08920864048281,0,0.0,0.0,-1.0,WAVLM_BASE_PLUS,9
260-123440-0011_3570-5694-0012__T2__NBASIC__3570,3570,260,normal_basic,11.22,5,0.0,0.0,0.0,0.325530184722621,0.1699867947600056,28.670060267659146,0,0.0,0.0,-1.0,WAVLM_BASE_PLUS,9
260-123440-0012_8455-210777-0010__T1__NBASIC__260,260,8455,normal_basic,-25.2,5,1.0,1.0,1.0,-0.3238155025691547,-0.4699587099009449,-30.314677503714854,1,2.5,2.5,0.0,WAVLM_BASE_PLUS,9
260-123440-0012_8455-210777-0010__T2__NBASIC__8455,8455,260,normal_basic,16.65,5,0.0,0.0,0.0,0.3553310482557278,0.31021775043761424,36.85228266042296,0,0.0,0.0,-1.0,WAVLM_BASE_PLUS,9
260-123440-0013_8230-279154-0016__T1__NBASIC__260,260,8230,normal_basic,-23.32,5,1.0,1.0,1.0,-0.32153166768882413,-0.37144320460345404,-26.056885065219042,1,2.5,2.5,0.0,WAVLM_BASE_PLUS,9
260-123440-0013_8230-279154-0016__T2__NBASIC__8230,8230,260,normal_basic,13.0,5,0.0,0.0,0.0,0.31063699858425936,0.22731060689913185,29.256106640831455,0,0.0,0.0,-1.0,WAVLM_BASE_PLUS,9
260-123440-0014_4970-29095-0030__T1__NBASIC__260,260,4970,normal_basic,12.63,6,0.0,0.0,0.0,0.2839557942956374,0.045106174348059636,27.47746189602638,0,0.0,0.0,-1.0,WAVLM_BASE_PLUS,9
260-123440-0014_4970-29095-0030__T2__NBASIC__4970,4970,260,normal_basic,11.67,6,0.0,0.0,0.0,0.2949322638178024,0.02473875505031753,38.50682293519296,0,0.0,0.0,-1.0,WAVLM_BASE_PLUS,9
260-123440-0017_7729-102255-0008__T1__NBASIC__260,260,7729,normal_basic,1.66,5,0.6,0.2,0.2,-0.04312236595385873,-0.2659773931938524,3.0408224473532774,1,1.0,1.0,0.0,WAVLM_BASE_PLUS,9
260-123440-0017_7729-102255-0008__T2__NBASIC__7729,7729,260,normal_basic,5.77,5,0.0,0.0,0.0,0.38755449673620046,0.3029216169331296,22.12719076268881,0,0.0,0.0,-1.0,WAVLM_BASE_PLUS,9
2830-3979-0000_1188-133604-0015__T2__NBASIC__1188,1188,2830,normal_basic,0.73,11,0.5454545454545454,0.6363636363636364,0.5454545454545454,0.028633918364040202,-0.3418792685321941,-1.3723874216943144,2,1.5,1.5,0.0,WAVLM_BASE_PLUS,9
2830-3979-0000_1188-133604-0015__T1__NBASIC__2830,2830,1188,normal_basic,6.2,11,0.18181818181818182,0.0,0.0,0.3002719560991008,-0.3171174055761375,25.752405012742667,1,1.0,1.0,4.0,WAVLM_BASE_PLUS,9
2830-3979-0002_237-126133-0018__T2__NBASIC__237,237,2830,normal_basic,11.48,7,0.0,0.0,0.0,0.3535195596845572,0.07049095489663837,34.15037568484076,0,0.0,0.0,-1.0,WAVLM_BASE_PLUS,9
2830-3979-0002_237-126133-0018__T1__NBASIC__2830,2830,237,normal_basic,11.88,7,0.0,0.0,0.0,0.42802867749394785,0.2594513995882247,33.69442260877176,0,0.0,0.0,-1.0,WAVLM_BASE_PLUS,9
2830-3979-0007_3575-170457-0045__T1__NBASIC__2830,2830,3575,normal_basic,15.96,12,0.0,0.0,0.0,0.3787480399827408,0.12301190059167766,39.7617825179858,0,0.0,0.0,-1.0,WAVLM_BASE_PLUS,9
2830-3979-0007_3575-170457-0045__T2__NBASIC__3575,3575,2830,normal_basic,13.69,12,0.0,0.0,0.0,0.4345311865325933,0.17071729165974792,42.22627483794988,0,0.0,0.0,-1.0,WAVLM_BASE_PLUS,9
2830-3979-0011_1580-141084-0010__T2__NBASIC__1580,1580,2830,normal_basic,14.73,7,0.0,0.0,0.0,0.4154568237133577,0.31884118054088373,50.92259611179617,0,0.0,0.0,-1.0,WAVLM_BASE_PLUS,9
2830-3979-0011_1580-141084-0010__T1__NBASIC__2830,2830,1580,normal_basic,18.22,7,0.0,0.0,0.0,0.3177403746378277,0.15822652894033373,44.53191840827963,0,0.0,0.0,-1.0,WAVLM_BASE_PLUS,9
2830-3980-0000_3575-170457-0028__T1__NBASIC__2830,2830,3575,normal_basic,9.72,6,0.0,0.0,0.0,0.3634947037881055,0.14045422988363399,40.42007360600231,0,0.0,0.0,-1.0,WAVLM_BASE_PLUS,9
2830-3980-0000_3575-170457-0028__T2__NBASIC__3575,3575,2830,normal_basic,14.6,6,0.0,0.0,0.0,0.374252263533011,0.19586330260510343,30.38623342866963,0,0.0,0.0,-1.0,WAVLM_BASE_PLUS,9
2830-3980-0004_61-70968-0008__T1__NBASIC__2830,2830,61,normal_basic,7.43,6,0.0,0.0,0.0,0.2920081505006396,0.1615743604770089,23.961022014678957,0,0.0,0.0,-1.0,WAVLM_BASE_PLUS,9
2830-3980-0004_61-70968-0008__T2__NBASIC__61,61,2830,normal_basic,10.51,6,0.0,0.0,0.0,0.43183809603736095,0.3090594533298201,28.85002325364273,0,0.0,0.0,-1.0,WAVLM_BASE_PLUS,9
2830-3980-0007_6829-68769-0014__T1__NBASIC__2830,2830,6829,normal_basic,14.27,6,0.0,0.0,0.0,0.2940139712173835,0.18391021103007477,40.18459176847358,0,0.0,0.0,-1.0,WAVLM_BASE_PLUS,9
2830-3980-0007_6829-68769-0014__T2__NBASIC__6829,6829,2830,normal_basic,14.55,6,0.0,0.0,0.0,0.42438283672902255,0.352461807831135,40.60673482994156,0,0.0,0.0,-1.0,WAVLM_BASE_PLUS,9
2830-3980-0018_5105-28233-0003__T1__NBASIC__2830,2830,5105,normal_basic,1.67,5,0.0,0.0,0.0,0.34185424605667236,0.20658595188064643,25.229906868586518,0,0.0,0.0,-1.0,WAVLM_BASE_PLUS,9
2830-3980-0018_5105-28233-0003__T2__NBASIC__5105,5105,2830,normal_basic,14.64,5,0.0,0.0,0.0,0.2656333452980662,0.1554051606568505,31.527050180770175,0,0.0,0.0,-1.0,WAVLM_BASE_PLUS,9
2830-3980-0022_8555-292519-0010__T1__NBASIC__2830,2830,8555,normal_basic,14.81,5,0.0,0.0,0.0,0.34023010481625127,0.08733796898688317,36.245347445143004,0,0.0,0.0,-1.0,WAVLM_BASE_PLUS,9
2830-3980-0022_8555-292519-0010__T2__NBASIC__8555,8555,2830,normal_basic,13.46,5,0.0,0.0,0.0,0.3405605333572172,0.14665766548888626,43.08646059666563,0,0.0,0.0,-1.0,WAVLM_BASE_PLUS,9
2830-3980-0024_1188-133604-0000__T2__NBASIC__1188,1188,2830,normal_basic,7.82,6,0.16666666666666666,0.16666666666666666,0.16666666666666666,0.1831637121037143,-0.04027128139061931,12.582827061135264,0,0.0,0.0,-1.0,WAVLM_BASE_PLUS,9
2830-3980-0024_1188-133604-0000__T1__NBASIC__2830,2830,1188,normal_basic,6.25,6,0.0,0.0,0.0,0.4417929862252869,0.12466066826408029,33.3970738101769,0,0.0,0.0,-1.0,WAVLM_BASE_PLUS,9
2830-3980-0025_1995-1826-0001__T2__NBASIC__1995,1995,2830,normal_basic,14.56,16,0.0,0.0,0.0,0.4026040134345029,0.2148921872846089,38.7131178970689,0,0.0,0.0,-1.0,WAVLM_BASE_PLUS,9
2830-3980-0025_1995-1826-0001__T1__NBASIC__2830,2830,1995,normal_basic,11.23,16,0.0,0.0,0.0,0.4569987202782709,0.28958266394330157,41.05353615041253,0,0.0,0.0,-1.0,WAVLM_BASE_PLUS,9
2830-3980-0032_237-134500-0010__T2__NBASIC__237,237,2830,normal_basic,11.5,6,0.0,0.0,0.0,0.4464502370460106,0.35506015305886174,43.73083540426509,0,0.0,0.0,-1.0,WAVLM_BASE_PLUS,9
2830-3980-0032_237-134500-0010__T1__NBASIC__2830,2830,237,normal_basic,15.07,6,0.0,0.0,0.0,0.41956541876545916,0.20973027583101234,38.85633497925824,0,0.0,0.0,-1.0,WAVLM_BASE_PLUS,9
2830-3980-0035_6930-75918-0020__T1__NBASIC__2830,2830,6930,normal_basic,14.32,5,0.0,0.0,0.0,0.2521820027782703,0.1656793541212973,30.927587757700945,0,0.0,0.0,-1.0,WAVLM_BASE_PLUS,9
2830-3980-0035_6930-75918-0020__T2__NBASIC__6930,6930,2830,normal_basic,11.7,5,0.0,0.0,0.0,0.36382475909818845,0.13266515298343928,40.39843171587561,0,0.0,0.0,-1.0,WAVLM_BASE_PLUS,9
2830-3980-0036_6930-76324-0002__T1__NBASIC__2830,2830,6930,normal_basic,5.37,10,0.0,0.0,0.0,0.40145551367264043,0.04129535123341865,38.65762386947948,0,0.0,0.0,-1.0,WAVLM_BASE_PLUS,9
2830-3980-0036_6930-76324-0002__T2__NBASIC__6930,6930,2830,normal_basic,12.31,10,0.0,0.0,0.0,0.23653936281843882,0.03943732301992359,18.65197307830636,0,0.0,0.0,-1.0,WAVLM_BASE_PLUS,9
2830-3980-0037_4970-29095-0020__T1__NBASIC__2830,2830,4970,normal_basic,11.55,11,0.0,0.0,0.0,0.4426794485772281,0.3082535205225516,41.286489602962845,0,0.0,0.0,-1.0,WAVLM_BASE_PLUS,9
2830-3980-0037_4970-29095-0020__T2__NBASIC__4970,4970,2830,normal_basic,12.81,11,0.0,0.0,0.0,0.40738723791967857,0.05265166219742745,32.27507938133917,0,0.0,0.0,-1.0,WAVLM_BASE_PLUS,9
2830-3980-0038_121-127105-0007__T2__NBASIC__121,121,2830,normal_basic,5.74,10,0.0,0.0,0.0,0.3445456461667258,0.005728034566959028,27.147878856447658,0,0.0,0.0,-1.0,WAVLM_BASE_PLUS,9
2830-3980-0038_121-127105-0007__T1__NBASIC__2830,2830,121,normal_basic,4.3,10,0.2,0.0,0.0,0.12924089719559798,-0.19607343502895802,19.818508272717292,1,1.0,1.0,2.5,WAVLM_BASE_PLUS,9
2830-3980-0041_7021-79740-0004__T1__NBASIC__2830,2830,7021,normal_basic,6.79,8,0.0,0.0,0.0,0.3842812145522514,0.15147170160101014,24.048095985311207,0,0.0,0.0,-1.0,WAVLM_BASE_PLUS,9
2830-3980-0041_7021-79740-0004__T2__NBASIC__7021,7021,2830,normal_basic,8.85,8,0.0,0.0,0.0,0.35478883090489866,0.09851320981772993,24.567961443496664,0,0.0,0.0,-1.0,WAVLM_BASE_PLUS,9
2830-3980-0045_260-123288-0010__T2__NBASIC__260,260,2830,normal_basic,12.06,6,0.0,0.0,0.0,0.3085867953148816,0.12308269492985613,28.26075349348308,0,0.0,0.0,-1.0,WAVLM_BASE_PLUS,9
2830-3980-0045_260-123288-0010__T1__NBASIC__2830,2830,260,normal_basic,9.9,6,0.0,0.0,0.0,0.3623643053109156,0.27295708110396877,34.863923220692136,0,0.0,0.0,-1.0,WAVLM_BASE_PLUS,9
2830-3980-0047_3729-6852-0022__T1__NBASIC__2830,2830,3729,normal_basic,11.29,14,0.0,0.0,0.0,0.44044691762552496,0.17835917478723817,40.26668077062718,0,0.0,0.0,-1.0,WAVLM_BASE_PLUS,9
2830-3980-0047_3729-6852-0022__T2__NBASIC__3729,3729,2830,normal_basic,14.01,14,0.0,0.0,0.0,0.3887329296506297,0.2321800271284149,37.00400971720051,0,0.0,0.0,-1.0,WAVLM_BASE_PLUS,9
2830-3980-0049_672-122797-0069__T1__NBASIC__2830,2830,672,normal_basic,10.2,5,0.0,0.0,0.0,0.3549621863285783,0.09850594684637409,29.17398217455576,0,0.0,0.0,-1.0,WAVLM_BASE_PLUS,9
2830-3980-0049_672-122797-0069__T2__NBASIC__672,672,2830,normal_basic,9.15,5,0.0,0.0,0.0,0.23609600491401111,0.019243303700028136,19.437103730308642,0,0.0,0.0,-1.0,WAVLM_BASE_PLUS,9
2830-3980-0050_260-123286-0000__T2__NBASIC__260,260,2830,normal_basic,10.04,13,0.23076923076923078,0.0,0.0,0.2579432297645849,-0.505392280535688,32.60012979656795,1,1.0,1.0,2.0,WAVLM_BASE_PLUS,9
2830-3980-0050_260-123286-0000__T1__NBASIC__2830,2830,260,normal_basic,12.81,13,0.0,0.0,0.0,0.4106651240828253,0.09717070862024557,32.2785667660608,0,0.0,0.0,-1.0,WAVLM_BASE_PLUS,9
2830-3980-0051_7176-92135-0032__T1__NBASIC__2830,2830,7176,normal_basic,5.99,5,0.2,0.0,0.0,0.17287780201441816,-0.10495364456077827,21.967405085545142,0,0.0,0.0,-1.0,WAVLM_BASE_PLUS,9
2830-3980-0051_7176-92135-0032__T2__NBASIC__7176,7176,2830,normal_basic,4.72,5,0.2,0.0,0.0,0.21518490997772388,-0.025115191434189055,17.27456184662748,0,0.0,0.0,-1.0,WAVLM_BASE_PLUS,9
2830-3980-0052_4507-16021-0008__T1__NBASIC__2830,2830,4507,normal_basic,11.34,6,0.0,0.0,0.0,0.4189236304062316,0.15325738939796552,42.80744809414719,0,0.0,0.0,-1.0,WAVLM_BASE_PLUS,9
2830-3980-0052_4507-16021-0008__T2__NBASIC__4507,4507,2830,normal_basic,14.65,6,0.0,0.0,0.0,0.3815391837320495,0.14912896449803714,38.7538986023942,0,0.0,0.0,-1.0,WAVLM_BASE_PLUS,9
2830-3980-0053_1995-1837-0007__T2__NBASIC__1995,1995,2830,normal_basic,14.45,9,0.0,0.0,0.0,0.40440607726815764,0.28336933388075347,39.18502280197109,0,0.0,0.0,-1.0,WAVLM_BASE_PLUS,9
2830-3980-0053_1995-1837-0007__T1__NBASIC__2830,2830,1995,normal_basic,11.3,9,0.0,0.0,0.0,0.4949629122496011,0.17056208507829074,43.005581536310686,0,0.0,0.0,-1.0,WAVLM_BASE_PLUS,9
2830-3980-0056_2961-961-0012__T1__NBASIC__2830,2830,2961,normal_basic,12.94,9,0.0,0.0,0.0,0.3895832253664469,0.22964137333304535,40.37184512518919,0,0.0,0.0,-1.0,WAVLM_BASE_PLUS,9
2830-3980-0056_2961-961-0012__T2__NBASIC__2961,2961,2830,normal_basic,13.58,9,0.0,0.0,0.0,0.35442485741052276,0.2609581454631761,37.38147602678996,0,0.0,0.0,-1.0,WAVLM_BASE_PLUS,9
2830-3980-0061_5639-40744-0019__T1__NBASIC__2830,2830,5639,normal_basic,6.61,13,0.15384615384615385,0.07692307692307693,0.0,0.10743246146611211,-0.5465004141802792,15.855804656246026,1,1.0,1.0,5.0,WAVLM_BASE_PLUS,9
2830-3980-0061_5639-40744-0019__T2__NBASIC__5639,5639,2830,normal_basic,2.89,13,0.15384615384615385,0.23076923076923078,0.15384615384615385,0.23961479072903608,-0.013658199197421172,18.04985630762405,1,1.0,1.0,3.0,WAVLM_BASE_PLUS,9
2830-3980-0062_7021-79730-0009__T1__NBASIC__2830,2830,7021,normal_basic,1.85,9,0.0,0.0,0.0,0.33510555350983307,0.16735059576879646,24.261613208288093,0,0.0,0.0,-1.0,WAVLM_BASE_PLUS,9
2830-3980-0062_7021-79730-0009__T2__NBASIC__7021,7021,2830,normal_basic,4.67,9,0.4444444444444444,0.3333333333333333,0.3333333333333333,0.0898747861629804,-0.16137749595810147,11.813332447423912,1,2.0,2.0,1.5,WAVLM_BASE_PLUS,9
2830-3980-0065_1320-122612-0011__T2__NBASIC__1320,1320,2830,normal_basic,9.71,12,0.0,0.0,0.0,0.3629565888473116,0.22350407531908473,23.844085749378664,0,0.0,0.0,-1.0,WAVLM_BASE_PLUS,9
2830-3980-0065_1320-122612-0011__T1__NBASIC__2830,2830,1320,normal_basic,6.42,12,0.0,0.0,0.0,0.41921458889262814,0.17613690739263665,31.728520458465926,0,0.0,0.0,-1.0,WAVLM_BASE_PLUS,9
2830-3980-0066_260-123286-0009__T2__NBASIC__260,260,2830,normal_basic,2.19,10,0.8,0.8,0.7,-0.16614415365402965,-0.39118860877742145,-4.6410203095914815,2,2.5,1.75,1.0,WAVLM_BASE_PLUS,9
2830-3980-0066_260-123286-0009__T1__NBASIC__2830,2830,260,normal_basic,6.19,10,0.0,0.0,0.0,0.3983683720954588,0.23472117009086424,29.741628178860942,0,0.0,0.0,-1.0,WAVLM_BASE_PLUS,9
2830-3980-0070_3570-5694-0005__T1__NBASIC__2830,2830,3570,normal_basic,14.12,6,0.0,0.0,0.0,0.3698157555518935,0.27219549359582984,37.637797939892685,0,0.0,0.0,-1.0,WAVLM_BASE_PLUS,9
2830-3980-0070_3570-5694-0005__T2__NBASIC__3570,3570,2830,normal_basic,9.65,6,0.0,0.0,0.0,0.44684286853275196,0.24965720481349363,34.73991746749865,0,0.0,0.0,-1.0,WAVLM_BASE_PLUS,9
2830-3980-0071_5142-33396-0024__T1__NBASIC__2830,2830,5142,normal_basic,14.93,6,0.0,0.0,0.0,0.320345159948109,0.07448542413069392,46.015471015306254,0,0.0,0.0,-1.0,WAVLM_BASE_PLUS,9
2830-3980-0071_5142-33396-0024__T2__NBASIC__5142,5142,2830,normal_basic,13.36,6,0.0,0.0,0.0,0.4081032564017595,0.3438275089639803,45.55217473909357,0,0.0,0.0,-1.0,WAVLM_BASE_PLUS,9
2830-3980-0072_3575-170457-0021__T1__NBASIC__2830,2830,3575,normal_basic,14.15,7,0.0,0.0,0.0,0.34680339514832825,0.14787633030116487,39.88059212193109,0,0.0,0.0,-1.0,WAVLM_BASE_PLUS,9
2830-3980-0072_3575-170457-0021__T2__NBASIC__3575,3575,2830,normal_basic,12.84,7,0.0,0.0,0.0,0.4115244949139412,0.16276567668650255,39.97125399829097,0,0.0,0.0,-1.0,WAVLM_BASE_PLUS,9
2830-3980-0073_2300-131720-0015__T2__NBASIC__2300,2300,2830,normal_basic,12.73,16,0.0,0.0,0.0,0.29475817504750035,0.07339038824077154,23.938453548778057,0,0.0,0.0,-1.0,WAVLM_BASE_PLUS,9
2830-3980-0073_2300-131720-0015__T1__NBASIC__2830,2830,2300,normal_basic,8.01,16,0.0,0.0,0.0,0.44762068463519433,0.21678602261893043,35.34544938911577,0,0.0,0.0,-1.0,WAVLM_BASE_PLUS,9
2830-3980-0076_237-126133-0009__T2__NBASIC__237,237,2830,normal_basic,12.18,6,0.0,0.0,0.0,0.49365852258672466,0.3316315908715909,34.89895369710699,0,0.0,0.0,-1.0,WAVLM_BASE_PLUS,9
2830-3980-0076_237-126133-0009__T1__NBASIC__2830,2830,237,normal_basic,13.58,6,0.0,0.0,0.0,0.4562478329107977,0.26699502954160126,35.825917042126825,0,0.0,0.0,-1.0,WAVLM_BASE_PLUS,9
2961-960-0006_5683-32866-0028__T1__NBASIC__2961,2961,5683,normal_basic,5.66,10,0.0,0.0,0.0,0.39899778884558473,0.2662410682835771,40.16904161636784,0,0.0,0.0,-1.0,WAVLM_BASE_PLUS,9
2961-960-0006_5683-32866-0028__T2__NBASIC__5683,5683,2961,normal_basic,16.1,10,0.1,0.0,0.0,0.26317266804627887,-0.0687431720302577,36.3487638619967,0,0.0,0.0,-1.0,WAVLM_BASE_PLUS,9
2961-960-0008_7176-92135-0015__T1__NBASIC__2961,2961,7176,normal_basic,15.01,12,0.0,0.0,0.0,0.4120528340632244,0.25561412625723545,41.61157414689628,0,0.0,0.0,-1.0,WAVLM_BASE_PLUS,9
2961-960-0008_7176-92135-0015__T2__NBASIC__7176,7176,2961,normal_basic,13.82,12,0.0,0.0,0.0,0.3894264424257858,0.23904889343908442,43.45180990457999,0,0.0,0.0,-1.0,WAVLM_BASE_PLUS,9
2961-960-0012_6829-68771-0015__T1__NBASIC__2961,2961,6829,normal_basic,15.66,8,0.0,0.0,0.0,0.3155112198245141,0.13986065608505927,37.89309990693669,0,0.0,0.0,-1.0,WAVLM_BASE_PLUS,9
2961-960-0012_6829-68771-0015__T2__NBASIC__6829,6829,2961,normal_basic,10.98,8,0.0,0.0,0.0,0.49236399803459846,0.4499359662701105,43.31601086664633,0,0.0,0.0,-1.0,WAVLM_BASE_PLUS,9
2961-960-0014_7176-92135-0000__T1__NBASIC__2961,2961,7176,normal_basic,13.89,16,0.0,0.0,0.0,0.43593212757859123,0.27259373119668495,39.895274797773595,0,0.0,0.0,-1.0,WAVLM_BASE_PLUS,9
2961-960-0014_7176-92135-0000__T2__NBASIC__7176,7176,2961,normal_basic,12.61,16,0.0,0.0,0.0,0.4084338019360658,0.22216000099760058,44.45514620280983,0,0.0,0.0,-1.0,WAVLM_BASE_PLUS,9
2961-960-0016_6829-68769-0005__T1__NBASIC__2961,2961,6829,normal_basic,11.26,12,0.0,0.0,0.0,0.38481305206698324,0.11246854512276439,34.504697343699824,0,0.0,0.0,-1.0,WAVLM_BASE_PLUS,9
2961-960-0016_6829-68769-0005__T2__NBASIC__6829,6829,2961,normal_basic,10.89,12,0.0,0.0,0.0,0.3414351108276394,0.09630433936095684,32.44561209635156,0,0.0,0.0,-1.0,WAVLM_BASE_PLUS,9
2961-960-0017_6829-68769-0004__T1__NBASIC__2961,2961,6829,normal_basic,13.59,13,0.0,0.0,0.0,0.3470702115065606,0.23959338185821788,38.30613495347433,0,0.0,0.0,-1.0,WAVLM_BASE_PLUS,9
2961-960-0017_6829-68769-0004__T2__NBASIC__6829,6829,2961,normal_basic,12.78,13,0.0,0.0,0.0,0.4039811415812879,0.2218228534202935,36.618083050378566,0,0.0,0.0,-1.0,WAVLM_BASE_PLUS,9
2961-960-0020_2094-142345-0006__T2__NBASIC__2094,2094,2961,normal_basic,10.56,18,0.0,0.0,0.0,0.41809015637981334,0.14098042808027544,39.556774969689315,0,0.0,0.0,-1.0,WAVLM_BASE_PLUS,9
2961-960-0020_2094-142345-0006__T1__NBASIC__2961,2961,2094,normal_basic,10.49,18,0.0,0.05555555555555555,0.0,0.4167555590782441,0.14309346389685873,35.66864037249546,0,0.0,0.0,-1.0,WAVLM_BASE_PLUS,9
2961-961-0001_61-70968-0016__T1__NBASIC__2961,2961,61,normal_basic,11.95,6,0.0,0.0,0.0,0.35407750498234325,0.037924946856465636,27.65342293706594,0,0.0,0.0,-1.0,WAVLM_BASE_PLUS,9
2961-961-0001_61-70968-0016__T2__NBASIC__61,61,2961,normal_basic,11.07,6,0.0,0.0,0.0,0.4130501138010641,0.3177002794204805,34.72764712715979,0,0.0,0.0,-1.0,WAVLM_BASE_PLUS,9
2961-961-0004_7729-102255-0040__T1__NBASIC__2961,2961,7729,normal_basic,11.37,21,0.0,0.0,0.0,0.4131346967229207,0.19393485441503866,35.979370211540996,0,0.0,0.0,-1.0,WAVLM_BASE_PLUS,9
2961-961-0004_7729-102255-0040__T2__NBASIC__7729,7729,2961,normal_basic,11.11,21,0.0,0.0,0.0,0.45174164088014507,0.07851855952881148,34.43964833848451,0,0.0,0.0,-1.0,WAVLM_BASE_PLUS,9
2961-961-0005_1995-1837-0026__T2__NBASIC__1995,1995,2961,normal_basic,13.69,6,0.0,0.0,0.0,0.35728855961628786,0.2528035740838511,45.58627740600239,0,0.0,0.0,-1.0,WAVLM_BASE_PLUS,9
2961-961-0005_1995-1837-0026__T1__NBASIC__2961,2961,1995,normal_basic,16.08,6,0.0,0.0,0.0,0.4235309381260897,0.25315832585419185,43.63220420477571,0,0.0,0.0,-1.0,WAVLM_BASE_PLUS,9
2961-961-0006_8555-292519-0005__T1__NBASIC__2961,2961,8555,normal_basic,18.01,8,0.0,0.0,0.0,0.4214273387877626,0.19061016277723608,44.03397845085961,0,0.0,0.0,-1.0,WAVLM_BASE_PLUS,9
2961-961-0006_8555-292519-0005__T2__NBASIC__8555,8555,2961,normal_basic,13.99,8,0.0,0.0,0.0,0.39374258963193753,0.1408197463470059,42.80082417762108,0,0.0,0.0,-1.0,WAVLM_BASE_PLUS,9
2961-961-0007_6930-76324-0016__T1__NBASIC__2961,2961,6930,normal_basic,-21.96,16,1.0,1.0,1.0,-0.30555392379770124,-0.5625955387246493,-23.740526039590467,1,8.0,8.0,0.0,WAVLM_BASE_PLUS,9
2961-961-0007_6930-76324-0016__T2__NBASIC__6930,6930,2961,normal_basic,14.02,16,0.0,0.0,0.0,0.3601474048481498,0.18583426615468474,30.095795417266814,0,0.0,0.0,-1.0,WAVLM_BASE_PLUS,9
2961-961-0009_4446-2275-0005__T1__NBASIC__2961,2961,4446,normal_basic,13.61,7,0.2857142857142857,0.0,0.0,0.14396960988129948,-0.045798335175852745,28.626012572125322,0,0.0,0.0,-1.0,WAVLM_BASE_PLUS,9
2961-961-0009_4446-2275-0005__T2__NBASIC__4446,4446,2961,normal_basic,8.29,7,0.0,0.0,0.0,0.5582528021059213,0.44857441282491906,38.458946627427004,0,0.0,0.0,-1.0,WAVLM_BASE_PLUS,9
2961-961-0011_3729-6852-0043__T1__NBASIC__2961,2961,3729,normal_basic,14.32,7,0.14285714285714285,0.0,0.0,0.18369186307347893,-0.1122533838026567,28.194669033921702,0,0.0,0.0,-1.0,WAVLM_BASE_PLUS,9
2961-961-0011_3729-6852-0043__T2__NBASIC__3729,3729,2961,normal_basic,9.94,7,0.0,0.0,0.0,0.43814121079785595,0.301695442283733,43.14277647641302,0,0.0,0.0,-1.0,WAVLM_BASE_PLUS,9
2961-961-0013_4077-13751-0007__T1__NBASIC__2961,2961,4077,normal_basic,11.76,9,0.0,0.0,0.0,0.31037278347770164,0.0457729146592013,32.786918060299755,0,0.0,0.0,-1.0,WAVLM_BASE_PLUS,9
2961-961-0013_4077-13751-0007__T2__NBASIC__4077,4077,2961,normal_basic,10.93,9,0.0,0.0,0.0,0.39731007210053776,0.2171835855916311,36.164238018614704,0,0.0,0.0,-1.0,WAVLM_BASE_PLUS,9
2961-961-0014_237-126133-0008__T2__NBASIC__237,237,2961,normal_basic,7.91,6,0.0,0.0,0.0,0.2974449666034252,0.10044950433526262,24.720385323004574,0,0.0,0.0,-1.0,WAVLM_BASE_PLUS,9
2961-961-0014_237-126133-0008__T1__NBASIC__2961,2961,237,normal_basic,9.95,6,0.16666666666666666,0.0,0.0,0.36986966613987865,-0.034512042309026714,31.102786156154366,0,0.0,0.0,-1.0,WAVLM_BASE_PLUS,9
2961-961-0015_5683-32865-0015__T1__NBASIC__2961,2961,5683,normal_basic,2.63,6,0.5,0.16666666666666666,0.16666666666666666,-0.06667739340621283,-0.22516015264530764,4.215634820493964,0,0.0,0.0,-1.0,WAVLM_BASE_PLUS,9
2961-961-0015_5683-32865-0015__T2__NBASIC__5683,5683,2961,normal_basic,-14.05,6,0.6666666666666666,1.0,0.6666666666666666,-0.0989739321538411,-0.3296880278482981,-13.781148727806391,2,1.0,1.0,0.5,WAVLM_BASE_PLUS,9
2961-961-0020_5142-33396-0003__T1__NBASIC__2961,2961,5142,normal_basic,-9.41,5,0.8,0.8,0.8,-0.1448643986011372,-0.4989197208475243,-20.99206589160347,1,1.5,1.5,0.0,WAVLM_BASE_PLUS,9
2961-961-0020_5142-33396-0003__T2__NBASIC__5142,5142,2961,normal_basic,6.26,5,0.2,0.0,0.0,0.22639644341119416,-0.12356839840590439,32.681594047645405,0,0.0,0.0,-1.0,WAVLM_BASE_PLUS,9
3570-5694-0007_5142-36377-0003__T1__NBASIC__3570,3570,5142,normal_basic,8.0,6,0.0,0.0,0.0,0.3540052304101189,0.14066474281133357,35.69541700731231,0,0.0,0.0,-1.0,WAVLM_BASE_PLUS,9
3570-5694-0007_5142-36377-0003__T2__NBASIC__5142,5142,3570,normal_basic,14.1,6,0.0,0.0,0.0,0.36819579690782955,0.3254796395460843,32.24468883514997,0,0.0,0.0,-1.0,WAVLM_BASE_PLUS,9
3570-5694-0008_7021-79740-0002__T1__NBASIC__3570,3570,7021,normal_basic,11.94,17,0.0,0.0,0.0,0.44246046289067537,0.2225327994657299,45.417787794661756,0,0.0,0.0,-1.0,WAVLM_BASE_PLUS,9
3570-5694-0008_7021-79740-0002__T2__NBASIC__7021,7021,3570,normal_basic,16.07,17,0.0,0.0,0.0,0.38258811530713455,0.1640292053149981,43.23528609067352,0,0.0,0.0,-1.0,WAVLM_BASE_PLUS,9
3570-5694-0010_908-31957-0012__T1__NBASIC__3570,3570,908,normal_basic,16.22,14,0.0,0.0,0.0,0.4599404471518909,0.30238549310833085,39.39230127453873,0,0.0,0.0,-1.0,WAVLM_BASE_PLUS,9
3570-5694-0010_908-31957-0012__T2__NBASIC__908,908,3570,normal_basic,10.91,14,0.0,0.0,0.0,0.4828964148656727,0.37113311144521194,45.68379854434692,0,0.0,0.0,-1.0,WAVLM_BASE_PLUS,9
3570-5694-0011_672-122797-0074__T1__NBASIC__3570,3570,672,normal_basic,16.31,15,0.0,0.0,0.0,0.46843375846233903,0.23094352617908787,56.8264331300658,0,0.0,0.0,-1.0,WAVLM_BASE_PLUS,9
3570-5694-0011_672-122797-0074__T2__NBASIC__672,672,3570,normal_basic,18.35,15,0.0,0.0,0.0,0.48062621824286733,0.34475093390469447,55.267356937532206,0,0.0,0.0,-1.0,WAVLM_BASE_PLUS,9
3570-5694-0017_61-70970-0016__T1__NBASIC__3570,3570,61,normal_basic,15.16,7,0.0,0.0,0.0,0.35810891616480545,0.27716224831341396,40.91785649386866,0,0.0,0.0,-1.0,WAVLM_BASE_PLUS,9
3570-5694-0017_61-70970-0016__T2__NBASIC__61,61,3570,normal_basic,12.13,7,0.0,0.0,0.0,0.4469352772730126,0.37275808304090163,45.82929365173765,0,0.0,0.0,-1.0,WAVLM_BASE_PLUS,9
3570-5694-0018_1188-133604-0041__T2__NBASIC__1188,1188,3570,normal_basic,12.22,14,0.0,0.0,0.0,0.4608594973651549,0.30576701183132116,46.68098210671007,0,0.0,0.0,-1.0,WAVLM_BASE_PLUS,9
3570-5694-0018_1188-133604-0041__T1__NBASIC__3570,3570,1188,normal_basic,16.8,14,0.0,0.0,0.0,0.39272358138742675,0.2284346909394699,41.99951280771768,0,0.0,0.0,-1.0,WAVLM_BASE_PLUS,9
3570-5694-0020_4446-2273-0000__T1__NBASIC__3570,3570,4446,normal_basic,13.31,16,0.0,0.0,0.0,0.33718386297949415,0.07364808487842267,41.83636097537143,0,0.0,0.0,-1.0,WAVLM_BASE_PLUS,9
3570-5694-0020_4446-2273-0000__T2__NBASIC__4446,4446,3570,normal_basic,14.39,16,0.0,0.0,0.0,0.39505606466764476,0.1556813480522249,45.378087737744856,0,0.0,0.0,-1.0,WAVLM_BASE_PLUS,9
3570-5694-0021_237-134500-0014__T2__NBASIC__237,237,3570,normal_basic,-20.15,7,1.0,1.0,1.0,-0.28927806535935163,-0.5350794387136182,-25.805702234859147,1,3.5,3.5,0.0,WAVLM_BASE_PLUS,9
3570-5694-0021_237-134500-0014__T1__NBASIC__3570,3570,237,normal_basic,7.91,7,0.2857142857142857,0.0,0.0,0.24190276298974847,-0.038424433799465474,22.38458774874992,1,1.0,1.0,0.0,WAVLM_BASE_PLUS,9
3570-5695-0001_672-122797-0050__T1__NBASIC__3570,3570,672,normal_basic,7.36,8,0.0,0.0,0.0,0.4361553464661344,0.2042001444984557,43.59855607351513,0,0.0,0.0,-1.0,WAVLM_BASE_PLUS,9
3570-5695-0001_672-122797-0050__T2__NBASIC__672,672,3570,normal_basic,13.99,8,0.0,0.0,0.0,0.27198333892960314,0.08180630043449161,43.41628124075042,0,0.0,0.0,-1.0,WAVLM_BASE_PLUS,9
3570-5695-0011_4507-16021-0056__T1__NBASIC__3570,3570,4507,normal_basic,11.1,11,0.0,0.0,0.0,0.43223233682280005,0.26423695087393106,48.04678202486492,0,0.0,0.0,-1.0,WAVLM_BASE_PLUS,9
3570-5695-0011_4507-16021-0056__T2__NBASIC__4507,4507,3570,normal_basic,16.46,11,0.2727272727272727,0.0,0.0,0.11423261776075964,-0.33682685416815655,28.013208772870872,1,1.5,1.5,0.0,WAVLM_BASE_PLUS,9
3570-5695-0012_5142-33396-0022__T1__NBASIC__3570,3570,5142,normal_basic,17.58,8,0.0,0.0,0.0,0.3846217751450088,0.23694971412436122,53.90826779229502,0,0.0,0.0,-1.0,WAVLM_BASE_PLUS,9
3570-5695-0012_5142-33396-0022__T2__NBASIC__5142,5142,3570,normal_basic,16.43,8,0.0,0.0,0.0,0.4570084486036503,0.3345934979754122,55.20002697066872,0,0.0,0.0,-1.0,WAVLM_BASE_PLUS,9
3570-5695-0015_1580-141084-0000__T2__NBASIC__1580,1580,3570,normal_basic,19.04,8,0.0,0.0,0.0,0.420972149992286,0.24567044754249612,48.85640727480435,0,0.0,0.0,-1.0,WAVLM_BASE_PLUS,9
3570-5695-0015_1580-141084-0000__T1__NBASIC__3570,3570,1580,normal_basic,15.33,8,0.0,0.0,0.0,0.36322884957920964,0.23559915548241395,51.00804679205113,0,0.0,0.0,-1.0,WAVLM_BASE_PLUS,9
3570-5696-0002_237-134500-0016__T2__NBASIC__237,237,3570,normal_basic,18.17,5,0.0,0.0,0.0,0.4380979969454529,0.28816230022753697,49.30730836298638,0,0.0,0.0,-1.0,WAVLM_BASE_PLUS,9
3570-5696-0002_237-134500-0016__T1__NBASIC__3570,3570,237,normal_basic,16.82,5,0.0,0.0,0.0,0.41964947157181054,0.3758045061767657,48.14080317023463,0,0.0,0.0,-1.0,WAVLM_BASE_PLUS,9
3570-5696-0006_4507-16021-0021__T1__NBASIC__3570,3570,4507,normal_basic,13.5,7,0.0,0.0,0.0,0.4518222671344964,0.2804092279863064,47.22670936945575,0,0.0,0.0,-1.0,WAVLM_BASE_PLUS,9
3570-5696-0006_4507-16021-0021__T2__NBASIC__4507,4507,3570,normal_basic,16.86,7,0.0,0.0,0.0,0.38850204172394437,0.27227975016342576,45.11163747444094,0,0.0,0.0,-1.0,WAVLM_BASE_PLUS,9
3570-5696-0006_8555-284449-0008__T1__NBASIC__3570,3570,8555,normal_basic,14.55,7,0.0,0.0,0.0,0.24158691092340034,0.02948323223510685,35.65291624641923,0,0.0,0.0,-1.0,WAVLM_BASE_PLUS,9
3570-5696-0006_8555-284449-0008__T2__NBASIC__8555,8555,3570,normal_basic,2.43,7,0.2857142857142857,0.0,0.0,0.19007724922111832,-0.08811502461994059,20.022620687534953,1,1.0,1.0,2.0,WAVLM_BASE_PLUS,9
3575-170457-0003_7127-75947-0025__T1__NBASIC__3575,3575,7127,normal_basic,10.27,10,0.0,0.0,0.0,0.4652400606506677,0.22629288732222674,42.61987020045393,0,0.0,0.0,-1.0,WAVLM_BASE_PLUS,9
3575-170457-0003_7127-75947-0025__T2__NBASIC__7127,7127,3575,normal_basic,14.37,10,0.0,0.0,0.0,0.4720035846288983,0.26308468789370004,41.233036113582784,0,0.0,0.0,-1.0,WAVLM_BASE_PLUS,9
3575-170457-0005_7127-75947-0024__T1__NBASIC__3575,3575,7127,normal_basic,12.32,13,0.0,0.0,0.0,0.42367100543914227,0.3118663963887097,41.94811970338275,0,0.0,0.0,-1.0,WAVLM_BASE_PLUS,9
3575-170457-0005_7127-75947-0024__T2__NBASIC__7127,7127,3575,normal_basic,15.29,13,0.0,0.0,0.0,0.3622749055155125,0.11542135934188247,41.16749314954085,0,0.0,0.0,-1.0,WAVLM_BASE_PLUS,9
3575-170457-0006_5639-40744-0025__T1__NBASIC__3575,3575,5639,normal_basic,14.77,15,0.0,0.0,0.0,0.4270965236930408,0.263029265088216,44.8613091420118,0,0.0,0.0,-1.0,WAVLM_BASE_PLUS,9
3575-170457-0006_5639-40744-0025__T2__NBASIC__5639,5639,3575,normal_basic,14.09,15,0.0,0.0,0.0,0.39430469255861883,0.04929579807485063,41.59105061314499,0,0.0,0.0,-1.0,WAVLM_BASE_PLUS,9
3575-170457-0007_61-70970-0018__T1__NBASIC__3575,3575,61,normal_basic,12.26,8,0.0,0.0,0.0,0.35472903689457247,0.07908638019100334,31.617626168646844,0,0.0,0.0,-1.0,WAVLM_BASE_PLUS,9
3575-170457-0007_61-70970-0018__T2__NBASIC__61,61,3575,normal_basic,12.98,8,0.0,0.0,0.0,0.46511300018027013,0.3025605021999802,36.16073363022392,0,0.0,0.0,-1.0,WAVLM_BASE_PLUS,9
3575-170457-0008_1089-134691-0017__T2__NBASIC__1089,1089,3575,normal_basic,11.21,22,0.0,0.0,0.0,0.4596010950122951,0.18542277332903134,40.230037180555854,0,0.0,0.0,-1.0,WAVLM_BASE_PLUS,9
3575-170457-0008_1089-134691-0017__T1__NBASIC__3575,3575,1089,normal_basic,14.77,22,0.0,0.0,0.0,0.4052724012732185,0.10111523603185624,40.06292393541868,0,0.0,0.0,-1.0,WAVLM_BASE_PLUS,9
3575-170457-0009_8555-284447-0023__T1__NBASIC__3575,3575,8555,normal_basic,8.06,12,0.0,0.0,0.0,0.2936271163397396,0.0034409365295858807,23.853879988316255,0,0.0,0.0,-1.0,WAVLM_BASE_PLUS,9
3575-170457-0009_8555-284447-0023__T2__NBASIC__8555,8555,3575,normal_basic,1.53,12,0.3333333333333333,0.16666666666666666,0.08333333333333333,0.10541622097073011,-0.37577151500654243,8.478348349756848,2,1.0,1.0,0.5,WAVLM_BASE_PLUS,9
3575-170457-0011_121-127105-0027__T2__NBASIC__121,121,3575,normal_basic,10.78,13,0.0,0.0,0.0,0.4269762271902709,0.2697046461053806,32.74919930672839,0,0.0,0.0,-1.0,WAVLM_BASE_PLUS,9
3575-170457-0011_121-127105-0027__T1__NBASIC__3575,3575,121,normal_basic,8.64,13,0.07692307692307693,0.07692307692307693,0.07692307692307693,0.29049916823007,-0.11404312108615633,25.398253856642608,0,0.0,0.0,-1.0,WAVLM_BASE_PLUS,9
3575-170457-0012_2830-3980-0031__T2__NBASIC__2830,2830,3575,normal_basic,13.43,10,0.1,0.0,0.0,0.4013054552292812,-0.0006453991191887054,42.425033199277124,0,0.0,0.0,-1.0,WAVLM_BASE_PLUS,9
3575-170457-0012_2830-3980-0031__T1__NBASIC__3575,3575,2830,normal_basic,12.98,10,0.0,0.0,0.0,0.39047129513920326,0.19754100628240379,37.03290672188533,0,0.0,0.0,-1.0,WAVLM_BASE_PLUS,9
3575-170457-0013_908-31957-0014__T1__NBASIC__3575,3575,908,normal_basic,12.96,14,0.0,0.0,0.0,0.38874633052174684,0.09809033926022404,41.15060371307202,0,0.0,0.0,-1.0,WAVLM_BASE_PLUS,9
3575-170457-0013_908-31957-0014__T2__NBASIC__908,908,3575,normal_basic,12.9,14,0.0,0.0,0.0,0.391674890342685,0.11505093570635128,40.189436188091,0,0.0,0.0,-1.0,WAVLM_BASE_PLUS,9
3575-170457-0017_237-126133-0011__T2__NBASIC__237,237,3575,normal_basic,14.22,12,0.0,0.0,0.0,0.3403408931790271,0.12110470612591862,38.57215526378149,0,0.0,0.0,-1.0,WAVLM_BASE_PLUS,9
3575-170457-0017_237-126133-0011__T1__NBASIC__3575,3575,237,normal_basic,13.78,12,0.0,0.0,0.0,0.4013944638556806,0.11277485989193325,45.18838100029996,0,0.0,0.0,-1.0,WAVLM_BASE_PLUS,9
3575-170457-0019_2961-960-0018__T2__NBASIC__2961,2961,3575,normal_basic,11.39,11,0.0,0.0,0.0,0.3811394941045569,0.21432764186926012,39.420094827929795,0,0.0,0.0,-1.0,WAVLM_BASE_PLUS,9
3575-170457-0019_2961-960-0018__T1__NBASIC__3575,3575,2961,normal_basic,13.36,11,0.0,0.0,0.0,0.3780370142817738,0.2461775042756822,38.10566335107968,0,0.0,0.0,-1.0,WAVLM_BASE_PLUS,9
3575-170457-0022_2094-142345-0045__T2__NBASIC__2094,2094,3575,normal_basic,11.75,5,0.0,0.0,0.0,0.37237269762090186,0.2942302764220657,38.37859579128782,0,0.0,0.0,-1.0,WAVLM_BASE_PLUS,9
3575-170457-0022_2094-142345-0045__T1__NBASIC__3575,3575,2094,normal_basic,9.91,5,0.2,0.0,0.0,0.28545323499860964,-0.03570619832013633,26.869651381552092,0,0.0,0.0,-1.0,WAVLM_BASE_PLUS,9
3575-170457-0023_4970-29095-0029__T1__NBASIC__3575,3575,4970,normal_basic,10.76,6,0.0,0.0,0.0,0.22166351194982373,0.08586526257119553,26.2303953704871,0,0.0,0.0,-1.0,WAVLM_BASE_PLUS,9
3575-170457-0023_4970-29095-0029__T2__NBASIC__4970,4970,3575,normal_basic,3.52,6,0.16666666666666666,0.16666666666666666,0.16666666666666666,0.18125625054383798,-0.21869267943864862,13.007938454405755,0,0.0,0.0,-1.0,WAVLM_BASE_PLUS,9
3575-170457-0024_61-70968-0041__T1__NBASIC__3575,3575,61,normal_basic,9.47,12,0.0,0.0,0.0,0.3591586746176971,0.018297505172532147,33.99722454576513,0,0.0,0.0,-1.0,WAVLM_BASE_PLUS,9
3575-170457-0024_61-70968-0041__T2__NBASIC__61,61,3575,normal_basic,11.52,12,0.0,0.0,0.0,0.3762390170849519,0.19248099849592326,35.08588678562088,0,0.0,0.0,-1.0,WAVLM_BASE_PLUS,9
3575-170457-0026_1995-1826-0018__T2__NBASIC__1995,1995,3575,normal_basic,14.57,9,0.0,0.0,0.0,0.4068527958956185,0.17665364145977558,36.27281528209769,0,0.0,0.0,-1.0,WAVLM_BASE_PLUS,9
3575-170457-0026_1995-1826-0018__T1__NBASIC__3575,3575,1995,normal_basic,7.42,9,0.0,0.0,0.0,0.3504425814842136,0.19736179390176833,30.279990438299656,0,0.0,0.0,-1.0,WAVLM_BASE_PLUS,9
3575-170457-0027_61-70970-0021__T1__NBASIC__3575,3575,61,normal_basic,9.86,8,0.0,0.0,0.0,0.35462790963433843,0.17961957270875661,32.355533160146734,0,0.0,0.0,-1.0,WAVLM_BASE_PLUS,9
3575-170457-0027_61-70970-0021__T2__NBASIC__61,61,3575,normal_basic,11.28,8,0.0,0.0,0.0,0.4022771654348303,0.2519681105287988,32.901536838735595,0,0.0,0.0,-1.0,WAVLM_BASE_PLUS,9
3575-170457-0029_8463-287645-0004__T1__NBASIC__3575,3575,8463,normal_basic,14.87,11,0.0,0.0,0.0,0.44060774068025876,0.38718735397347703,36.983938116283156,0,0.0,0.0,-1.0,WAVLM_BASE_PLUS,9
3575-170457-0029_8463-287645-0004__T2__NBASIC__8463,8463,3575,normal_basic,11.7,11,0.0,0.0,0.0,0.44060646010139926,0.2409902454088672,40.74927052575999,0,0.0,0.0,-1.0,WAVLM_BASE_PLUS,9
3575-170457-0030_672-122797-0036__T1__NBASIC__3575,3575,672,normal_basic,-3.08,9,0.2222222222222222,0.5555555555555556,0.2222222222222222,0.11219379679531159,-0.15993068403753985,2.253759123499305,1,1.0,1.0,2.5,WAVLM_BASE_PLUS,9
3575-170457-0030_672-122797-0036__T2__NBASIC__672,672,3575,normal_basic,10.23,9,0.0,0.0,0.0,0.33693425648528996,0.106626475935506,28.699753386933725,0,0.0,0.0,-1.0,WAVLM_BASE_PLUS,9
3575-170457-0031_7729-102255-0045__T1__NBASIC__3575,3575,7729,normal_basic,9.57,7,0.0,0.0,0.0,0.5275549688152175,0.424270229453371,38.86342027017353,0,0.0,0.0,-1.0,WAVLM_BASE_PLUS,9
3575-170457-0031_7729-102255-0045__T2__NBASIC__7729,7729,3575,normal_basic,14.15,7,0.0,0.0,0.0,0.41815203731584855,0.32813494741297855,34.33124249199607,0,0.0,0.0,-1.0,WAVLM_BASE_PLUS,9
3575-170457-0033_1320-122617-0002__T2__NBASIC__1320,1320,3575,normal_basic,12.37,15,0.0,0.0,0.0,0.4629502747817442,0.342169596395286,49.692670209679626,0,0.0,0.0,-1.0,WAVLM_BASE_PLUS,9
3575-170457-0033_1320-122617-0002__T1__NBASIC__3575,3575,1320,normal_basic,16.08,15,0.0,0.0,0.0,0.4571137293834492,0.22750365279093043,43.285089890292745,0,0.0,0.0,-1.0,WAVLM_BASE_PLUS,9
3575-170457-0038_6829-68769-0009__T1__NBASIC__3575,3575,6829,normal_basic,9.92,7,0.2857142857142857,0.0,0.0,0.16618505645724874,-0.0982882694043733,25.241394911373952,0,0.0,0.0,-1.0,WAVLM_BASE_PLUS,9
3575-170457-0038_6829-68769-0009__T2__NBASIC__6829,6829,3575,normal_basic,7.42,7,0.0,0.0,0.0,0.48491841619867404,0.29077315317660757,25.40717048213573,0,0.0,0.0,-1.0,WAVLM_BASE_PLUS,9
3575-170457-0040_8455-210777-0002__T1__NBASIC__3575,3575,8455,normal_basic,13.21,11,0.0,0.0,0.0,0.3801839391112724,0.28013688208844634,33.22726264114985,0,0.0,0.0,-1.0,WAVLM_BASE_PLUS,9
3575-170457-0040_8455-210777-0002__T2__NBASIC__8455,8455,3575,normal_basic,10.22,11,0.0,0.0,0.0,0.4012950883712621,0.313015002208469,39.63563744896867,0,0.0,0.0,-1.0,WAVLM_BASE_PLUS,9
3575-170457-0041_3570-5695-0010__T2__NBASIC__3570,3570,3575,normal_basic,11.31,8,0.0,0.0,0.0,0.36223776244572575,0.18687843902671342,37.0948713789405,0,0.0,0.0,-1.0,WAVLM_BASE_PLUS,9
3575-170457-0041_3570-5695-0010__T1__NBASIC__3575,3575,3570,normal_basic,13.75,8,0.0,0.0,0.0,0.390649800517388,0.29276884761642963,37.1744334451475,0,0.0,0.0,-1.0,WAVLM_BASE_PLUS,9
3575-170457-0042_260-123288-0003__T2__NBASIC__260,260,3575,normal_basic,12.79,16,0.0,0.0,0.0,0.4312438772233995,0.11435777401838731,42.6296657362891,0,0.0,0.0,-1.0,WAVLM_BASE_PLUS,9
3575-170457-0042_260-123288-0003__T1__NBASIC__3575,3575,260,normal_basic,14.22,16,0.0,0.0,0.0,0.3121683619843816,0.14531320042854434,35.99084876160765,0,0.0,0.0,-1.0,WAVLM_BASE_PLUS,9
3575-170457-0044_1089-134686-0017__T2__NBASIC__1089,1089,3575,normal_basic,13.6,16,0.0,0.0,0.0,0.3846802197645004,0.092542011485368,37.083209340269306,0,0.0,0.0,-1.0,WAVLM_BASE_PLUS,9
3575-170457-0044_1089-134686-0017__T1__NBASIC__3575,3575,1089,normal_basic,11.68,16,0.0,0.0,0.0,0.47163151753946847,0.2351510647079027,45.343891947254455,0,0.0,0.0,-1.0,WAVLM_BASE_PLUS,9
3575-170457-0047_5105-28240-0009__T1__NBASIC__3575,3575,5105,normal_basic,14.55,12,0.0,0.0,0.0,0.37025123977158964,0.07606709304709502,38.651076946865274,0,0.0,0.0,-1.0,WAVLM_BASE_PLUS,9
3575-170457-0047_5105-28240-0009__T2__NBASIC__5105,5105,3575,normal_basic,12.0,12,0.0,0.0,0.0,0.4497752906562669,0.24569428940135052,42.37406556435692,0,0.0,0.0,-1.0,WAVLM_BASE_PLUS,9
3575-170457-0051_1284-1181-0006__T2__NBASIC__1284,1284,3575,normal_basic,5.1,8,0.875,0.125,0.125,-0.2867685812203754,-0.4886987707626762,6.013076019064542,1,3.0,3.0,1.0,WAVLM_BASE_PLUS,9
3575-170457-0051_1284-1181-0006__T1__NBASIC__3575,3575,1284,normal_basic,6.53,8,0.0,0.125,0.0,0.4471492176502683,0.28325332129775704,28.533336816599757,0,0.0,0.0,-1.0,WAVLM_BASE_PLUS,9
3575-170457-0053_8230-279154-0021__T1__NBASIC__3575,3575,8230,normal_basic,12.38,12,0.0,0.0,0.0,0.4284675210816218,0.30050718183317915,44.464437953576486,0,0.0,0.0,-1.0,WAVLM_BASE_PLUS,9
3575-170457-0053_8230-279154-0021__T2__NBASIC__8230,8230,3575,normal_basic,15.85,12,0.0,0.0,0.0,0.2725097121661732,0.14012920576217414,40.39548732463759,0,0.0,0.0,-1.0,WAVLM_BASE_PLUS,9
3575-170457-0056_1320-122617-0024__T2__NBASIC__1320,1320,3575,normal_basic,12.13,5,0.0,0.0,0.0,0.4019125865256152,0.352089419004191,39.94456703442256,0,0.0,0.0,-1.0,WAVLM_BASE_PLUS,9
3575-170457-0056_1320-122617-0024__T1__NBASIC__3575,3575,1320,normal_basic,14.23,5,0.0,0.0,0.0,0.4318071635726534,0.36102979653230327,40.679880969840234,0,0.0,0.0,-1.0,WAVLM_BASE_PLUS,9
3729-6852-0001_8463-294825-0001__T1__NBASIC__3729,3729,8463,normal_basic,11.16,14,0.0,0.0,0.0,0.3799258174394104,0.21811057990943683,35.07333770245971,0,0.0,0.0,-1.0,WAVLM_BASE_PLUS,9
3729-6852-0001_8463-294825-0001__T2__NBASIC__8463,8463,3729,normal_basic,12.46,14,0.0,0.0,0.0,0.40328229287735323,0.2549495138377532,32.41536140670463,0,0.0,0.0,-1.0,WAVLM_BASE_PLUS,9
3729-6852-0007_8555-284447-0021__T1__NBASIC__3729,3729,8555,normal_basic,15.22,23,0.0,0.0,0.0,0.4377507662093682,0.2956684348856552,39.016931280064064,0,0.0,0.0,-1.0,WAVLM_BASE_PLUS,9
3729-6852-0007_8555-284447-0021__T2__NBASIC__8555,8555,3729,normal_basic,11.12,23,0.0,0.0,0.0,0.38489897511743326,0.075805185709238,38.39224342100994,0,0.0,0.0,-1.0,WAVLM_BASE_PLUS,9
3729-6852-0009_8455-210777-0059__T1__NBASIC__3729,3729,8455,normal_basic,15.24,10,0.0,0.0,0.0,0.3557762545798114,0.13845251720303253,35.19571374735629,0,0.0,0.0,-1.0,WAVLM_BASE_PLUS,9
3729-6852-0009_8455-210777-0059__T2__NBASIC__8455,8455,3729,normal_basic,10.18,10,0.0,0.0,0.0,0.40005632620879483,0.1907457338326486,38.159667186246196,0,0.0,0.0,-1.0,WAVLM_BASE_PLUS,9
3729-6852-0013_4992-41797-0014__T1__NBASIC__3729,3729,4992,normal_basic,7.0,5,0.0,0.0,0.0,0.37222907043037723,0.20662253114676066,18.671326150596478,0,0.0,0.0,-1.0,WAVLM_BASE_PLUS,9
3729-6852-0013_4992-41797-0014__T2__NBASIC__4992,4992,3729,normal_basic,8.11,5,0.0,0.0,0.0,0.1973385949349893,0.01769603238530082,23.715491755001267,0,0.0,0.0,-1.0,WAVLM_BASE_PLUS,9
3729-6852-0016_5683-32879-0022__T1__NBASIC__3729,3729,5683,normal_basic,-26.82,7,1.0,1.0,1.0,-0.30424366914974976,-0.45643433015621027,-38.58242699545432,1,3.5,3.5,0.0,WAVLM_BASE_PLUS,9
3729-6852-0016_5683-32879-0022__T2__NBASIC__5683,5683,3729,normal_basic,14.51,7,0.0,0.0,0.0,0.35762983211334376,0.26301497063446533,41.55185365363259,0,0.0,0.0,-1.0,WAVLM_BASE_PLUS,9
3729-6852-0018_61-70970-0013__T1__NBASIC__3729,3729,61,normal_basic,12.2,7,0.0,0.0,0.0,0.3919421059753481,0.2861111148103739,26.443901793830005,0,0.0,0.0,-1.0,WAVLM_BASE_PLUS,9
3729-6852-0018_61-70970-0013__T2__NBASIC__61,61,3729,normal_basic,7.68,7,0.0,0.0,0.0,0.48830442514408834,0.2934704364256657,32.72813774221224,0,0.0,0.0,-1.0,WAVLM_BASE_PLUS,9
3729-6852-0020_7176-92135-0016__T1__NBASIC__3729,3729,7176,normal_basic,16.7,14,0.0,0.0,0.0,0.39849625883376155,0.2298456846891257,46.48594822729448,0,0.0,0.0,-1.0,WAVLM_BASE_PLUS,9
3729-6852-0020_7176-92135-0016__T2__NBASIC__7176,7176,3729,normal_basic,13.0,14,0.0,0.0,0.0,0.3961261808560374,0.2701299858179778,48.421336887248444,0,0.0,0.0,-1.0,WAVLM_BASE_PLUS,9
3729-6852-0025_7176-88083-0014__T1__NBASIC__3729,3729,7176,normal_basic,10.43,5,0.0,0.0,0.0,0.42595041617281926,0.24557066936319039,39.12241321333842,0,0.0,0.0,-1.0,WAVLM_BASE_PLUS,9
3729-6852-0025_7176-88083-0014__T2__NBASIC__7176,7176,3729,normal_basic,14.29,5,0.2,0.0,0.0,0.2259995519644825,-0.06912261521392549,34.38084648293382,0,0.0,0.0,-1.0,WAVLM_BASE_PLUS,9
3729-6852-0028_3575-170457-0055__T2__NBASIC__3575,3575,3729,normal_basic,6.32,8,0.125,0.0,0.0,0.2720101880306199,-0.08979970037151697,30.40823100017036,0,0.0,0.0,-1.0,WAVLM_BASE_PLUS,9
3729-6852-0028_3575-170457-0055__T1__NBASIC__3729,3729,3575,normal_basic,5.34,8,0.0,0.125,0.0,0.3353597027014016,0.14032245517499609,21.84633511687305,0,0.0,0.0,-1.0,WAVLM_BASE_PLUS,9
3729-6852-0031_121-127105-0034__T2__NBASIC__121,121,3729,normal_basic,-17.44,7,1.0,1.0,1.0,-0.5234012115129475,-0.7274529164555471,-32.28817578302972,1,3.5,3.5,0.0,WAVLM_BASE_PLUS,9
3729-6852-0031_121-127105-0034__T1__NBASIC__3729,3729,121,normal_basic,4.23,7,0.0,0.0,0.0,0.45389124934318115,0.09191120034878975,15.624179538076849,0,0.0,0.0,-1.0,WAVLM_BASE_PLUS,9
3729-6852-0038_8463-294828-0003__T1__NBASIC__3729,3729,8463,normal_basic,11.33,10,0.0,0.0,0.0,0.38539633415456914,0.2561084874695291,26.405115492543853,0,0.0,0.0,-1.0,WAVLM_BASE_PLUS,9
3729-6852-0038_8463-294828-0003__T2__NBASIC__8463,8463,3729,normal_basic,7.97,10,0.0,0.0,0.0,0.42006334545186375,0.31032116450039526,31.5012954566663,0,0.0,0.0,-1.0,WAVLM_BASE_PLUS,9
3729-6852-0039_672-122797-0067__T1__NBASIC__3729,3729,672,normal_basic,12.22,16,0.0,0.0,0.0,0.45545557242470813,0.24547108462904277,43.99859071492425,0,0.0,0.0,-1.0,WAVLM_BASE_PLUS,9
3729-6852-0039_672-122797-0067__T2__NBASIC__672,672,3729,normal_basic,13.78,16,0.0,0.0,0.0,0.4300414778314656,0.28805195709143894,37.981855987595694,0,0.0,0.0,-1.0,WAVLM_BASE_PLUS,9
3729-6852-0042_6829-68769-0007__T1__NBASIC__3729,3729,6829,normal_basic,13.37,6,0.0,0.0,0.0,0.3415910025582236,0.26817959010683673,37.12416567505105,0,0.0,0.0,-1.0,WAVLM_BASE_PLUS,9
3729-6852-0042_6829-68769-0007__T2__NBASIC__6829,6829,3729,normal_basic,10.7,6,0.0,0.0,0.0,0.484965452235985,0.2893126442151379,38.26410958795099,0,0.0,0.0,-1.0,WAVLM_BASE_PLUS,9
3729-6852-0046_672-122797-0044__T1__NBASIC__3729,3729,672,normal_basic,12.9,6,0.0,0.0,0.0,0.4442312413355221,0.173483497814661,44.635252657452014,0,0.0,0.0,-1.0,WAVLM_BASE_PLUS,9
3729-6852-0046_672-122797-0044__T2__NBASIC__672,672,3729,normal_basic,-25.52,6,1.0,1.0,1.0,-0.45084637779310155,-0.6825124928576651,-44.15568703859049,1,3.0,3.0,0.0,WAVLM_BASE_PLUS,9
4077-13751-0006_8555-292519-0011__T1__NBASIC__4077,4077,8555,normal_basic,15.12,5,0.0,0.0,0.0,0.38511762054149334,0.3167792508919316,43.573307985033786,0,0.0,0.0,-1.0,WAVLM_BASE_PLUS,9
4077-13751-0006_8555-292519-0011__T2__NBASIC__8555,8555,4077,normal_basic,17.61,5,0.0,0.0,0.0,0.33315882401314145,0.22935187357916131,48.09130655320824,0,0.0,0.0,-1.0,WAVLM_BASE_PLUS,9
4077-13751-0008_1089-134691-0016__T2__NBASIC__1089,1089,4077,normal_basic,9.75,17,0.0,0.0,0.0,0.36620292292351303,0.15562579367242013,37.51136653077151,0,0.0,0.0,-1.0,WAVLM_BASE_PLUS,9
4077-13751-0008_1089-134691-0016__T1__NBASIC__4077,4077,1089,normal_basic,12.27,17,0.0,0.0,0.0,0.3913034332051842,0.27646898670389675,32.46899040264856,0,0.0,0.0,-1.0,WAVLM_BASE_PLUS,9
4077-13751-0009_908-31957-0007__T1__NBASIC__4077,4077,908,normal_basic,8.51,10,0.0,0.0,0.0,0.42505434175521045,0.25543760742481725,34.67941788167285,0,0.0,0.0,-1.0,WAVLM_BASE_PLUS,9
4077-13751-0009_908-31957-0007__T2__NBASIC__908,908,4077,normal_basic,10.66,10,0.3,0.0,0.0,0.0683387565202435,-0.21467140000235246,14.787777056181488,1,1.5,1.5,0.5,WAVLM_BASE_PLUS,9
4077-13751-0010_8463-294825-0002__T1__NBASIC__4077,4077,8463,normal_basic,12.35,12,0.0,0.0,0.0,0.40149666561352243,0.13901102264855147,40.948808843804855,0,0.0,0.0,-1.0,WAVLM_BASE_PLUS,9
4077-13751-0010_8463-294825-0002__T2__NBASIC__8463,8463,4077,normal_basic,12.64,12,0.0,0.0,0.0,0.37888465855504583,0.12965643146601447,38.819905917275314,0,0.0,0.0,-1.0,WAVLM_BASE_PLUS,9
4077-13751-0013_1284-1181-0005__T2__NBASIC__1284,1284,4077,normal_basic,10.13,6,0.0,0.0,0.0,0.4178305439949013,0.3128552560733827,36.164436905133584,0,0.0,0.0,-1.0,WAVLM_BASE_PLUS,9
4077-13751-0013_1284-1181-0005__T1__NBASIC__4077,4077,1284,normal_basic,11.34,6,0.0,0.0,0.0,0.33726126761641595,0.17854831225080248,32.02554899302166,0,0.0,0.0,-1.0,WAVLM_BASE_PLUS,9
4077-13751-0015_1284-1180-0029__T2__NBASIC__1284,1284,4077,normal_basic,10.63,9,0.0,0.0,0.0,0.4874341711198292,0.3911777020138203,37.875632305060115,0,0.0,0.0,-1.0,WAVLM_BASE_PLUS,9
4077-13751-0015_1284-1180-0029__T1__NBASIC__4077,4077,1284,normal_basic,14.54,9,0.0,0.0,0.0,0.40844202224875564,0.2941350254829928,37.625462619951364,0,0.0,0.0,-1.0,WAVLM_BASE_PLUS,9
4077-13751-0016_5142-33396-0006__T1__NBASIC__4077,4077,5142,normal_basic,14.6,11,0.0,0.0,0.0,0.4110493906755181,0.2714923997701706,45.9500073660934,0,0.0,0.0,-1.0,WAVLM_BASE_PLUS,9
4077-13751-0016_5142-33396-0006__T2__NBASIC__5142,5142,4077,normal_basic,13.83,11,0.0,0.0,0.0,0.47792481904260886,0.3673200533835794,45.717278288098065,0,0.0,0.0,-1.0,WAVLM_BASE_PLUS,9
4077-13751-0017_5105-28241-0009__T1__NBASIC__4077,4077,5105,normal_basic,9.12,9,0.0,0.0,0.0,0.38501620655018653,0.24935276377526716,36.24208641014958,0,0.0,0.0,-1.0,WAVLM_BASE_PLUS,9
4077-13751-0017_5105-28241-0009__T2__NBASIC__5105,5105,4077,normal_basic,12.19,9,0.0,0.0,0.0,0.2965046124156311,0.030184089653541968,30.75789660322644,0,0.0,0.0,-1.0,WAVLM_BASE_PLUS,9
4077-13754-0000_2830-3980-0074__T2__NBASIC__2830,2830,4077,normal_basic,10.61,8,0.0,0.0,0.0,0.2911015887229097,0.09012260444613573,31.12578829327707,0,0.0,0.0,-1.0,WAVLM_BASE_PLUS,9
4077-13754-0000_2830-3980-0074__T1__NBASIC__4077,4077,2830,normal_basic,8.46,8,0.0,0.0,0.0,0.30587862126777976,0.20971327600669276,24.474128780944636,0,0.0,0.0,-1.0,WAVLM_BASE_PLUS,9
4077-13754-0001_5142-33396-0065__T1__NBASIC__4077,4077,5142,normal_basic,11.86,6,0.0,0.0,0.0,0.40817093438664037,0.21981238879222886,38.529382059953996,0,0.0,0.0,-1.0,WAVLM_BASE_PLUS,9
4077-13754-0001_5142-33396-0065__T2__NBASIC__5142,5142,4077,normal_basic,12.42,6,0.0,0.0,0.0,0.38696952293546544,0.2987751900999357,40.954652603398245,0,0.0,0.0,-1.0,WAVLM_BASE_PLUS,9
4077-13754-0003_2961-961-0017__T2__NBASIC__2961,2961,4077,normal_basic,14.97,10,0.1,0.0,0.0,0.19783901369034876,-0.0335069699019217,31.41121959965998,0,0.0,0.0,-1.0,WAVLM_BASE_PLUS,9
4077-13754-0003_2961-961-0017__T1__NBASIC__4077,4077,2961,normal_basic,9.79,10,0.0,0.0,0.0,0.47470637082088174,0.36703740816370745,40.62280551238702,0,0.0,0.0,-1.0,WAVLM_BASE_PLUS,9
4077-13754-0004_3575-170457-0025__T2__NBASIC__3575,3575,4077,normal_basic,12.1,8,0.0,0.0,0.0,0.4311110024470803,0.12001932142660143,42.97287511682754,0,0.0,0.0,-1.0,WAVLM_BASE_PLUS,9
4077-13754-0004_3575-170457-0025__T1__NBASIC__4077,4077,3575,normal_basic,15.9,8,0.0,0.0,0.0,0.4860752807648159,0.3480625679021826,42.78770132605488,0,0.0,0.0,-1.0,WAVLM_BASE_PLUS,9
4077-13754-0005_1221-135767-0005__T2__NBASIC__1221,1221,4077,normal_basic,11.5,10,0.0,0.0,0.0,0.4432297062791063,0.17159350468718404,41.57068203792175,0,0.0,0.0,-1.0,WAVLM_BASE_PLUS,9
4077-13754-0005_1221-135767-0005__T1__NBASIC__4077,4077,1221,normal_basic,13.61,10,0.0,0.0,0.0,0.3524393753155971,0.23647575160874557,34.16244287365165,0,0.0,0.0,-1.0,WAVLM_BASE_PLUS,9
4077-13754-0006_3575-170457-0000__T2__NBASIC__3575,3575,4077,normal_basic,8.65,15,0.0,0.0,0.0,0.438170812858422,0.06762397154028177,45.20945490030192,0,0.0,0.0,-1.0,WAVLM_BASE_PLUS,9
4077-13754-0006_3575-170457-0000__T1__NBASIC__4077,4077,3575,normal_basic,13.82,15,0.0,0.0,0.0,0.38779840036987967,0.21300057624504354,32.03292349691933,0,0.0,0.0,-1.0,WAVLM_BASE_PLUS,9
4077-13754-0007_237-126133-0004__T2__NBASIC__237,237,4077,normal_basic,12.1,5,0.0,0.0,0.0,0.373532113636467,0.3410460835742154,39.445102164242996,0,0.0,0.0,-1.0,WAVLM_BASE_PLUS,9
4077-13754-0007_237-126133-0004__T1__NBASIC__4077,4077,237,normal_basic,12.52,5,0.0,0.0,0.0,0.42771108165125415,0.21018814213949177,35.803993855330674,0,0.0,0.0,-1.0,WAVLM_BASE_PLUS,9
4077-13754-0010_4507-16021-0010__T1__NBASIC__4077,4077,4507,normal_basic,12.62,22,0.0,0.0,0.0,0.44759035833169825,0.20757723676716544,51.92095150530843,0,0.0,0.0,-1.0,WAVLM_BASE_PLUS,9
4077-13754-0010_4507-16021-0010__T2__NBASIC__4507,4507,4077,normal_basic,16.74,22,0.045454545454545456,0.0,0.0,0.2503858751118896,-0.008777255537302742,44.75497200485533,0,0.0,0.0,-1.0,WAVLM_BASE_PLUS,9
4077-13754-0011_2300-131720-0008__T2__NBASIC__2300,2300,4077,normal_basic,11.78,17,0.0,0.0,0.0,0.3544347145768621,0.1878688297844936,38.33418282085646,0,0.0,0.0,-1.0,WAVLM_BASE_PLUS,9
4077-13754-0011_2300-131720-0008__T1__NBASIC__4077,4077,2300,normal_basic,9.88,17,0.0,0.0,0.0,0.3813902139598946,0.08071980795383527,26.532936153507997,0,0.0,0.0,-1.0,WAVLM_BASE_PLUS,9
4077-13754-0013_2961-960-0002__T2__NBASIC__2961,2961,4077,normal_basic,13.2,24,0.0,0.0,0.0,0.35197065680306117,0.05441141668351823,33.44453914602664,0,0.0,0.0,-1.0,WAVLM_BASE_PLUS,9
4077-13754-0013_2961-960-0002__T1__NBASIC__4077,4077,2961,normal_basic,10.73,24,0.0,0.0,0.0,0.4155198312437102,0.09070342232854767,36.4565997444764,0,0.0,0.0,-1.0,WAVLM_BASE_PLUS,9
4446-2271-0001_8463-294828-0007__T1__NBASIC__4446,4446,8463,normal_basic,-22.75,11,1.0,1.0,1.0,-0.3325386293586576,-0.5099080102982083,-37.29000587264016,1,5.5,5.5,0.0,WAVLM_BASE_PLUS,9
4446-2271-0001_8463-294828-0007__T2__NBASIC__8463,8463,4446,normal_basic,12.75,11,0.0,0.0,0.0,0.33968522121644523,0.1372067213352376,38.59588794622883,0,0.0,0.0,-1.0,WAVLM_BASE_PLUS,9
4446-2271-0005_1320-122617-0041__T2__NBASIC__1320,1320,4446,normal_basic,13.31,5,0.0,0.0,0.0,0.440651535977225,0.3612399194424243,46.10056372784177,0,0.0,0.0,-1.0,WAVLM_BASE_PLUS,9
4446-2271-0005_1320-122617-0041__T1__NBASIC__4446,4446,1320,normal_basic,16.0,5,0.0,0.0,0.0,0.3090517241067179,0.17105681381581261,47.57613243441242,0,0.0,0.0,-1.0,WAVLM_BASE_PLUS,9
4446-2271-0008_1580-141083-0012__T2__NBASIC__1580,1580,4446,normal_basic,16.59,9,0.0,0.0,0.0,0.33952025340708375,0.18130315068172875,33.383045225303235,0,0.0,0.0,-1.0,WAVLM_BASE_PLUS,9
4446-2271-0008_1580-141083-0012__T1__NBASIC__4446,4446,1580,normal_basic,-31.95,9,1.0,1.0,1.0,-0.3338963585461885,-0.42458872407650244,-33.041935390317356,1,4.5,4.5,0.0,WAVLM_BASE_PLUS,9
4446-2271-0012_6930-76324-0011__T1__NBASIC__4446,4446,6930,normal_basic,-11.35,6,1.0,1.0,1.0,-0.21673668125326975,-0.37000381736937565,-20.011760612036593,1,3.0,3.0,0.0,WAVLM_BASE_PLUS,9
4446-2271-0012_6930-76324-0011__T2__NBASIC__6930,6930,4446,normal_basic,8.19,6,0.0,0.0,0.0,0.32050358158422815,0.19076442336977018,28.759250298027894,0,0.0,0.0,-1.0,WAVLM_BASE_PLUS,9
4446-2271-0013_1284-1180-0024__T2__NBASIC__1284,1284,4446,normal_basic,11.65,7,0.0,0.0,0.0,0.446563844082818,0.16986339944620732,30.52124419256213,0,0.0,0.0,-1.0,WAVLM_BASE_PLUS,9
4446-2271-0013_1284-1180-0024__T1__NBASIC__4446,4446,1284,normal_basic,-12.21,7,1.0,0.8571428571428571,0.8571428571428571,-0.27411337530894303,-0.46599354205322624,-18.05160924803523,1,3.5,3.5,0.0,WAVLM_BASE_PLUS,9
4446-2271-0014_3570-5694-0003__T2__NBASIC__3570,3570,4446,normal_basic,-5.95,9,0.5555555555555556,0.7777777777777778,0.4444444444444444,-0.023837255087624527,-0.20774234163973215,-4.709794728588747,1,1.5,1.5,1.0,WAVLM_BASE_PLUS,9
4446-2271-0014_3570-5694-0003__T1__NBASIC__4446,4446,3570,normal_basic,9.52,9,0.0,0.0,0.0,0.30376540923921946,0.18303566805025462,26.578927967856888,0,0.0,0.0,-1.0,WAVLM_BASE_PLUS,9
4446-2271-0019_7176-88083-0010__T1__NBASIC__4446,4446,7176,normal_basic,11.4,6,0.0,0.0,0.0,0.3567114779080411,0.18812960010017044,30.116813009755777,0,0.0,0.0,-1.0,WAVLM_BASE_PLUS,9
4446-2271-0019_7176-88083-0010__T2__NBASIC__7176,7176,4446,normal_basic,9.32,6,0.0,0.0,0.0,0.36948407861021487,0.30092943906511527,30.882774675190618,0,0.0,0.0,-1.0,WAVLM_BASE_PLUS,9
4446-2271-0021_4970-29093-0013__T1__NBASIC__4446,4446,4970,normal_basic,-18.71,6,1.0,1.0,1.0,-0.3899306733258118,-0.5215915082465746,-34.04607186020625,1,3.0,3.0,0.0,WAVLM_BASE_PLUS,9
4446-2271-0021_4970-29093-0013__T2__NBASIC__4970,4970,4446,normal_basic,8.13,6,0.0,0.0,0.0,0.3916924315240891,0.23744542347025654,32.74037512449969,0,0.0,0.0,-1.0,WAVLM_BASE_PLUS,9
4446-2271-0024_61-70970-0025__T1__NBASIC__4446,4446,61,normal_basic,10.23,5,0.0,0.0,0.0,0.3873177517769619,0.17896972106703612,41.87783084946788,0,0.0,0.0,-1.0,WAVLM_BASE_PLUS,9
4446-2271-0024_61-70970-0025__T2__NBASIC__61,61,4446,normal_basic,13.48,5,0.0,0.0,0.0,0.4169497842583881,0.3415907206069937,34.1753760821371,0,0.0,0.0,-1.0,WAVLM_BASE_PLUS,9
4446-2273-0003_4992-41797-0006__T1__NBASIC__4446,4446,4992,normal_basic,11.98,8,0.0,0.0,0.0,0.4006898343259083,0.2291675164165582,37.98970456213504,0,0.0,0.0,-1.0,WAVLM_BASE_PLUS,9
4446-2273-0003_4992-41797-0006__T2__NBASIC__4992,4992,4446,normal_basic,9.27,8,0.0,0.0,0.0,0.44092168388627406,0.31444592547778477,30.606872094767258,0,0.0,0.0,-1.0,WAVLM_BASE_PLUS,9
4446-2273-0005_1284-1181-0003__T2__NBASIC__1284,1284,4446,normal_basic,8.17,7,0.0,0.0,0.0,0.4983525331087421,0.3207789714239282,40.49749943537406,0,0.0,0.0,-1.0,WAVLM_BASE_PLUS,9
4446-2273-0005_1284-1181-0003__T1__NBASIC__4446,4446,1284,normal_basic,15.61,7,0.0,0.0,0.0,0.40734053559906397,0.1274862859977901,34.982575882032194,0,0.0,0.0,-1.0,WAVLM_BASE_PLUS,9
4446-2273-0009_8463-287645-0001__T1__NBASIC__4446,4446,8463,normal_basic,12.77,6,0.0,0.0,0.0,0.3645864292627898,0.21988921917780768,38.26618075128038,0,0.0,0.0,-1.0,WAVLM_BASE_PLUS,9
4446-2273-0009_8463-287645-0001__T2__NBASIC__8463,8463,4446,normal_basic,-22.39,6,1.0,1.0,1.0,-0.3533443809786026,-0.649855788457416,-36.935526480285624,1,3.0,3.0,0.0,WAVLM_BASE_PLUS,9
4446-2273-0015_672-122797-0071__T1__NBASIC__4446,4446,672,normal_basic,12.16,8,0.0,0.0,0.0,0.4015697129008594,0.11693035575292499,37.57101623481773,0,0.0,0.0,-1.0,WAVLM_BASE_PLUS,9
4446-2273-0015_672-122797-0071__T2__NBASIC__672,672,4446,normal_basic,11.77,8,0.0,0.0,0.0,0.3895826835047056,0.3033131546604484,29.383854542632804,0,0.0,0.0,-1.0,WAVLM_BASE_PLUS,9
4446-2273-0016_8230-279154-0000__T1__NBASIC__4446,4446,8230,normal_basic,15.21,16,0.0,0.0,0.0,0.3857913402459612,0.22150572496090326,35.119725630264696,0,0.0,0.0,-1.0,WAVLM_BASE_PLUS,9
4446-2273-0016_8230-279154-0000__T2__NBASIC__8230,8230,4446,normal_basic,8.49,16,0.0,0.0,0.0,0.4092472162034757,0.24706692482024561,44.043347092585265,0,0.0,0.0,-1.0,WAVLM_BASE_PLUS,9
4446-2273-0019_8555-284447-0022__T1__NBASIC__4446,4446,8555,normal_basic,10.67,5,0.0,0.0,0.0,0.29797499581505993,0.12620451793985316,30.66513724267016,0,0.0,0.0,-1.0,WAVLM_BASE_PLUS,9
4446-2273-0019_8555-284447-0022__T2__NBASIC__8555,8555,4446,normal_basic,-2.99,5,0.4,0.4,0.4,0.09824142188276581,-0.16236524911355732,-2.003000593706113,1,1.0,1.0,0.5,WAVLM_BASE_PLUS,9
4446-2273-0021_7176-92135-0024__T1__NBASIC__4446,4446,7176,normal_basic,12.37,7,0.0,0.0,0.0,0.40588549485373215,0.24003394552471702,39.16886439431915,0,0.0,0.0,-1.0,WAVLM_BASE_PLUS,9
4446-2273-0021_7176-92135-0024__T2__NBASIC__7176,7176,4446,normal_basic,14.06,7,0.0,0.0,0.0,0.3428987429567339,0.2764529695326536,37.237462740667624,0,0.0,0.0,-1.0,WAVLM_BASE_PLUS,9
4446-2273-0022_2094-142345-0057__T2__NBASIC__2094,2094,4446,normal_basic,11.41,10,0.1,0.0,0.0,0.33924833722762554,-0.08295839859031318,36.80296549241942,0,0.0,0.0,-1.0,WAVLM_BASE_PLUS,9
4446-2273-0022_2094-142345-0057__T1__NBASIC__4446,4446,2094,normal_basic,11.44,10,0.1,0.0,0.0,0.36277313513331544,-0.013709739810836896,36.95282793093895,0,0.0,0.0,-1.0,WAVLM_BASE_PLUS,9
4446-2273-0023_6829-68769-0002__T1__NBASIC__4446,4446,6829,normal_basic,9.36,5,0.0,0.0,0.0,0.38442386447355226,0.27667764200456246,36.14115815132594,0,0.0,0.0,-1.0,WAVLM_BASE_PLUS,9
4446-2273-0023_6829-68769-0002__T2__NBASIC__6829,6829,4446,normal_basic,11.52,5,0.0,0.0,0.0,0.30690750090505353,0.12467580784355053,23.418237735212443,0,0.0,0.0,-1.0,WAVLM_BASE_PLUS,9
4446-2273-0024_7176-92135-0036__T1__NBASIC__4446,4446,7176,normal_basic,13.78,8,0.0,0.0,0.0,0.44174101708188385,0.3243413099950808,42.56083891035101,0,0.0,0.0,-1.0,WAVLM_BASE_PLUS,9
4446-2273-0024_7176-92135-0036__T2__NBASIC__7176,7176,4446,normal_basic,13.06,8,0.0,0.0,0.0,0.3287404033921127,0.22668075108161934,41.930493870633235,0,0.0,0.0,-1.0,WAVLM_BASE_PLUS,9
4446-2273-0025_1284-1181-0010__T2__NBASIC__1284,1284,4446,normal_basic,11.87,8,0.0,0.0,0.0,0.40718052826308804,0.34944630313683,40.35817409438827,0,0.0,0.0,-1.0,WAVLM_BASE_PLUS,9
4446-2273-0025_1284-1181-0010__T1__NBASIC__4446,4446,1284,normal_basic,14.37,8,0.0,0.0,0.0,0.3825580193032764,0.22389576766887642,32.06306675792091,0,0.0,0.0,-1.0,WAVLM_BASE_PLUS,9
4446-2273-0028_5142-33396-0025__T1__NBASIC__4446,4446,5142,normal_basic,9.82,5,0.0,0.0,0.0,0.3861868377748001,0.2366089097179046,35.8995950372768,0,0.0,0.0,-1.0,WAVLM_BASE_PLUS,9
4446-2273-0028_5142-33396-0025__T2__NBASIC__5142,5142,4446,normal_basic,6.72,5,0.0,0.0,0.0,0.2841447897091487,0.21656448506698034,26.8348327684825,0,0.0,0.0,-1.0,WAVLM_BASE_PLUS,9
4446-2273-0032_8230-279154-0039__T1__NBASIC__4446,4446,8230,normal_basic,13.98,8,0.0,0.0,0.0,0.42639928811698186,0.23039965855038935,45.304049164032136,0,0.0,0.0,-1.0,WAVLM_BASE_PLUS,9
4446-2273-0032_8230-279154-0039__T2__NBASIC__8230,8230,4446,normal_basic,12.12,8,0.0,0.0,0.0,0.419646555263677,0.2070376449209419,51.04143092817512,0,0.0,0.0,-1.0,WAVLM_BASE_PLUS,9
4446-2273-0033_8230-279154-0028__T1__NBASIC__4446,4446,8230,normal_basic,14.46,5,0.0,0.0,0.0,0.42090672153772113,0.3601892439061789,40.31997546616892,0,0.0,0.0,-1.0,WAVLM_BASE_PLUS,9
4446-2273-0033_8230-279154-0028__T2__NBASIC__8230,8230,4446,normal_basic,11.91,5,0.0,0.0,0.0,0.41679308296715734,0.3143051045894927,39.41735336682525,0,0.0,0.0,-1.0,WAVLM_BASE_PLUS,9
4446-2275-0002_8455-210777-0045__T1__NBASIC__4446,4446,8455,normal_basic,16.35,14,0.0,0.0,0.0,0.3813929777523217,0.2207986668296017,39.21136849007099,0,0.0,0.0,-1.0,WAVLM_BASE_PLUS,9
4446-2275-0002_8455-210777-0045__T2__NBASIC__8455,8455,4446,normal_basic,12.13,14,0.0,0.0,0.0,0.3483560260294548,0.04514121918994907,44.64073652654537,0,0.0,0.0,-1.0,WAVLM_BASE_PLUS,9
4446-2275-0006_1284-134647-0002__T2__NBASIC__1284,1284,4446,normal_basic,-20.75,6,1.0,1.0,1.0,-0.41674583568298423,-0.5145529980608745,-28.680248801865275,1,3.0,3.0,0.0,WAVLM_BASE_PLUS,9
4446-2275-0006_1284-134647-0002__T1__NBASIC__4446,4446,1284,normal_basic,15.06,6,0.0,0.0,0.0,0.4506933493492509,0.3740618750146426,41.15205149127341,0,0.0,0.0,-1.0,WAVLM_BASE_PLUS,9
4446-2275-0007_121-121726-0012__T2__NBASIC__121,121,4446,normal_basic,-0.95,7,0.8571428571428571,0.7142857142857143,0.7142857142857143,-0.3142802865824886,-0.6245693303043115,-6.1937555655539756,1,3.0,3.0,0.0,WAVLM_BASE_PLUS,9
4446-2275-0007_121-121726-0012__T1__NBASIC__4446,4446,121,normal_basic,7.89,7,0.0,0.0,0.0,0.4690998296937013,0.13302985189703398,30.617414571721262,0,0.0,0.0,-1.0,WAVLM_BASE_PLUS,9
4446-2275-0008_2300-131720-0032__T2__NBASIC__2300,2300,4446,normal_basic,9.93,7,0.0,0.0,0.0,0.4535520110121801,0.1779929363891769,45.63179541856296,0,0.0,0.0,-1.0,WAVLM_BASE_PLUS,9
4446-2275-0008_2300-131720-0032__T1__NBASIC__4446,4446,2300,normal_basic,16.74,7,0.0,0.0,0.0,0.42990105454785243,0.3098943356222542,40.546809000200106,0,0.0,0.0,-1.0,WAVLM_BASE_PLUS,9
4446-2275-0019_6930-81414-0024__T1__NBASIC__4446,4446,6930,normal_basic,6.73,8,0.0,0.0,0.0,0.49957042664253,0.36500071464687656,35.464613032242454,0,0.0,0.0,-1.0,WAVLM_BASE_PLUS,9
4446-2275-0019_6930-81414-0024__T2__NBASIC__6930,6930,4446,normal_basic,13.64,8,0.0,0.0,0.0,0.3431984880227615,0.20691469577752136,25.362409881273976,0,0.0,0.0,-1.0,WAVLM_BASE_PLUS,9
4446-2275-0028_3570-5696-0009__T2__NBASIC__3570,3570,4446,normal_basic,10.52,6,0.0,0.0,0.0,0.3278448638007922,0.22702020013616325,37.324148408970494,0,0.0,0.0,-1.0,WAVLM_BASE_PLUS,9
4446-2275-0028_3570-5696-0009__T1__NBASIC__4446,4446,3570,normal_basic,12.88,6,0.0,0.0,0.0,0.35436745249842766,0.27634912176565063,32.334239935934086,0,0.0,0.0,-1.0,WAVLM_BASE_PLUS,9
4446-2275-0031_5683-32866-0016__T1__NBASIC__4446,4446,5683,normal_basic,14.38,5,0.0,0.0,0.0,0.3574318664518733,0.2783268479449664,47.15025901093884,0,0.0,0.0,-1.0,WAVLM_BASE_PLUS,9
4446-2275-0031_5683-32866-0016__T2__NBASIC__5683,5683,4446,normal_basic,14.32,5,0.0,0.0,0.0,0.44337815413626497,0.3473550607828488,43.443532966653876,0,0.0,0.0,-1.0,WAVLM_BASE_PLUS,9
4446-2275-0033_908-157963-0024__T1__NBASIC__4446,4446,908,normal_basic,10.61,5,0.0,0.0,0.0,0.4282301680267773,0.2986757099497952,34.064257443306175,0,0.0,0.0,-1.0,WAVLM_BASE_PLUS,9
4446-2275-0033_908-157963-0024__T2__NBASIC__908,908,4446,normal_basic,12.11,5,0.0,0.0,0.0,0.3222343430643139,0.18808596950106748,34.193799534351044,0,0.0,0.0,-1.0,WAVLM_BASE_PLUS,9
4446-2275-0042_3570-5696-0004__T2__NBASIC__3570,3570,4446,normal_basic,12.78,8,0.0,0.0,0.0,0.42653453544911896,0.25357758091754634,43.39656806690341,0,0.0,0.0,-1.0,WAVLM_BASE_PLUS,9
4446-2275-0042_3570-5696-0004__T1__NBASIC__4446,4446,3570,normal_basic,15.93,8,0.0,0.0,0.0,0.3732515896551112,0.15903945900819494,47.183353637271324,0,0.0,0.0,-1.0,WAVLM_BASE_PLUS,9
4507-16021-0003_237-134500-0039__T2__NBASIC__237,237,4507,normal_basic,8.13,8,0.0,0.0,0.0,0.36189182639875905,0.1240531563688354,37.85446422551098,0,0.0,0.0,-1.0,WAVLM_BASE_PLUS,9
4507-16021-0003_237-134500-0039__T1__NBASIC__4507,4507,237,normal_basic,-7.41,8,1.0,1.0,1.0,-0.29282316596913016,-0.5332142654831094,-22.953556240266277,1,4.0,4.0,0.0,WAVLM_BASE_PLUS,9
4507-16021-0005_8463-294825-0006__T1__NBASIC__4507,4507,8463,normal_basic,11.53,7,0.0,0.0,0.0,0.22404623427726272,0.0766662343904424,26.26658891891294,0,0.0,0.0,-1.0,WAVLM_BASE_PLUS,9
4507-16021-0005_8463-294825-0006__T2__NBASIC__8463,8463,4507,normal_basic,9.06,7,0.0,0.0,0.0,0.41415566413796895,0.3699259069519948,35.23951806556073,0,0.0,0.0,-1.0,WAVLM_BASE_PLUS,9
4507-16021-0009_2300-131720-0029__T2__NBASIC__2300,2300,4507,normal_basic,16.18,11,0.0,0.0,0.0,0.4692372110131162,0.34571125411978687,56.52976904961795,0,0.0,0.0,-1.0,WAVLM_BASE_PLUS,9
4507-16021-0009_2300-131720-0029__T1__NBASIC__4507,4507,2300,normal_basic,16.88,11,0.0,0.0,0.0,0.4113062434081701,0.30377345669690026,53.66698080344813,0,0.0,0.0,-1.0,WAVLM_BASE_PLUS,9
4507-16021-0013_1320-122617-0017__T2__NBASIC__1320,1320,4507,normal_basic,13.46,10,0.0,0.0,0.0,0.4353259668372984,0.32706003440581244,41.01255713095719,0,0.0,0.0,-1.0,WAVLM_BASE_PLUS,9
4507-16021-0013_1320-122617-0017__T1__NBASIC__4507,4507,1320,normal_basic,14.9,10,0.0,0.0,0.0,0.3972985528352563,0.32200841390850077,45.85389896360205,0,0.0,0.0,-1.0,WAVLM_BASE_PLUS,9
4507-16021-0016_1320-122617-0029__T2__NBASIC__1320,1320,4507,normal_basic,10.58,14,0.0,0.0,0.0,0.4768372273246849,0.3520400453731396,51.12919688558496,0,0.0,0.0,-1.0,WAVLM_BASE_PLUS,9
4507-16021-0016_1320-122617-0029__T1__NBASIC__4507,4507,1320,normal_basic,17.2,14,0.0,0.0,0.0,0.39629575674335177,0.2697108334004916,45.461957216295424,0,0.0,0.0,-1.0,WAVLM_BASE_PLUS,9
4507-16021-0024_61-70970-0033__T1__NBASIC__4507,4507,61,normal_basic,12.82,5,0.0,0.0,0.0,0.3387271702217387,0.2290462148265065,32.96446116164272,0,0.0,0.0,-1.0,WAVLM_BASE_PLUS,9
4507-16021-0024_61-70970-0033__T2__NBASIC__61,61,4507,normal_basic,10.57,5,0.0,0.0,0.0,0.48479972012834943,0.40718568984012893,37.616262534535316,0,0.0,0.0,-1.0,WAVLM_BASE_PLUS,9
4507-16021-0030_2830-3980-0017__T2__NBASIC__2830,2830,4507,normal_basic,15.24,6,0.0,0.0,0.0,0.49583452752012375,0.29400925246661447,40.307440737180535,0,0.0,0.0,-1.0,WAVLM_BASE_PLUS,9
4507-16021-0030_2830-3980-0017__T1__NBASIC__4507,4507,2830,normal_basic,12.85,6,0.0,0.0,0.0,0.37425329209026686,0.2296643509231467,44.042851058796465,0,0.0,0.0,-1.0,WAVLM_BASE_PLUS,9
4507-16021-0036_7021-85628-0027__T1__NBASIC__4507,4507,7021,normal_basic,16.37,9,0.0,0.0,0.0,0.41396341130218306,0.34281282301230953,51.42261921315023,0,0.0,0.0,-1.0,WAVLM_BASE_PLUS,9
4507-16021-0036_7021-85628-0027__T2__NBASIC__7021,7021,4507,normal_basic,15.07,9,0.0,0.0,0.0,0.3569231157532485,0.1573910285823984,52.511658488912886,0,0.0,0.0,-1.0,WAVLM_BASE_PLUS,9
4507-16021-0040_5142-33396-0023__T1__NBASIC__4507,4507,5142,normal_basic,14.89,5,0.0,0.0,0.0,0.4492144641606032,0.34270392225453683,44.22009953162612,0,0.0,0.0,-1.0,WAVLM_BASE_PLUS,9
4507-16021-0040_5142-33396-0023__T2__NBASIC__5142,5142,4507,normal_basic,14.2,5,0.0,0.0,0.0,0.463317789138556,0.44279672469012743,41.850124387006595,0,0.0,0.0,-1.0,WAVLM_BASE_PLUS,9
4507-16021-0042_260-123286-0011__T2__NBASIC__260,260,4507,normal_basic,13.81,7,0.0,0.0,0.0,0.348433331785717,0.11912601100803089,39.5168884205213,0,0.0,0.0,-1.0,WAVLM_BASE_PLUS,9
4507-16021-0042_260-123286-0011__T1__NBASIC__4507,4507,260,normal_basic,12.94,7,0.0,0.0,0.0,0.3339697749440135,0.21406592437345207,40.917774981904394,0,0.0,0.0,-1.0,WAVLM_BASE_PLUS,9
4507-16021-0050_2094-142345-0054__T2__NBASIC__2094,2094,4507,normal_basic,14.67,6,0.0,0.0,0.0,0.31413791177900324,0.10924079795747227,30.989448980721047,0,0.0,0.0,-1.0,WAVLM_BASE_PLUS,9
4507-16021-0050_2094-142345-0054__T1__NBASIC__4507,4507,2094,normal_basic,-10.91,6,0.3333333333333333,0.3333333333333333,0.3333333333333333,0.20414886297455603,-0.19559071675130368,5.925782412356585,1,1.0,1.0,2.0,WAVLM_BASE_PLUS,9
4507-16021-0053_260-123286-0004__T2__NBASIC__260,260,4507,normal_basic,8.98,5,0.2,0.0,0.0,0.36198230133248693,-0.010574936655261546,39.26793856966609,0,0.0,0.0,-1.0,WAVLM_BASE_PLUS,9
4507-16021-0053_260-123286-0004__T1__NBASIC__4507,4507,260,normal_basic,13.82,5,0.0,0.0,0.0,0.31906204952741285,0.21670469208276105,35.88857876706322,0,0.0,0.0,-1.0,WAVLM_BASE_PLUS,9
4507-16021-0055_1580-141083-0013__T2__NBASIC__1580,1580,4507,normal_basic,15.22,7,0.14285714285714285,0.0,0.0,0.3180714275158471,-0.0029819865822910963,34.4724022834283,0,0.0,0.0,-1.0,WAVLM_BASE_PLUS,9
4507-16021-0055_1580-141083-0013__T1__NBASIC__4507,4507,1580,normal_basic,10.5,7,0.0,0.0,0.0,0.3574043223018535,0.2649244720679226,39.87748840426384,0,0.0,0.0,-1.0,WAVLM_BASE_PLUS,9
4970-29093-0000_4446-2273-0002__T2__NBASIC__4446,4446,4970,normal_basic,10.63,5,0.0,0.0,0.0,0.4042322582168711,0.3314235715554612,37.34271363937503,0,0.0,0.0,-1.0,WAVLM_BASE_PLUS,9
4970-29093-0000_4446-2273-0002__T1__NBASIC__4970,4970,4446,normal_basic,11.89,5,0.0,0.0,0.0,0.2705811017804826,0.14634611909952117,29.391237524928727,0,0.0,0.0,-1.0,WAVLM_BASE_PLUS,9
4970-29093-0001_237-134500-0003__T2__NBASIC__237,237,4970,normal_basic,6.36,5,0.0,0.0,0.0,0.45996299485095893,0.3741943984410523,33.39220334165551,0,0.0,0.0,-1.0,WAVLM_BASE_PLUS,9
4970-29093-0001_237-134500-0003__T1__NBASIC__4970,4970,237,normal_basic,12.56,5,0.2,0.0,0.0,0.23445756499879583,-0.20939552365175018,18.716332911297677,0,0.0,0.0,-1.0,WAVLM_BASE_PLUS,9
4970-29093-0004_8455-210777-0070__T1__NBASIC__4970,4970,8455,normal_basic,13.78,6,0.0,0.0,0.0,0.38321124298182063,0.2097016184949303,40.004867314755494,0,0.0,0.0,-1.0,WAVLM_BASE_PLUS,9
4970-29093-0004_8455-210777-0070__T2__NBASIC__8455,8455,4970,normal_basic,11.74,6,0.0,0.0,0.0,0.38776281263449036,0.16687501137739713,38.02047557250453,0,0.0,0.0,-1.0,WAVLM_BASE_PLUS,9
4970-29093-0007_1995-1826-0002__T2__NBASIC__1995,1995,4970,normal_basic,15.31,8,0.0,0.0,0.0,0.3860588221208721,0.26227686847873666,53.900573585835474,0,0.0,0.0,-1.0,WAVLM_BASE_PLUS,9
4970-29093-0007_1995-1826-0002__T1__NBASIC__4970,4970,1995,normal_basic,17.53,8,0.0,0.0,0.0,0.39316102158526306,0.22616624379820838,47.91931618783768,0,0.0,0.0,-1.0,WAVLM_BASE_PLUS,9
4970-29093-0008_1995-1837-0003__T2__NBASIC__1995,1995,4970,normal_basic,13.94,6,0.0,0.0,0.0,0.4658584240707276,0.412102715600967,48.30757460248426,0,0.0,0.0,-1.0,WAVLM_BASE_PLUS,9
4970-29093-0008_1995-1837-0003__T1__NBASIC__4970,4970,1995,normal_basic,18.08,6,0.0,0.0,0.0,0.3493579195851753,0.2723926724497978,50.006529816997414,0,0.0,0.0,-1.0,WAVLM_BASE_PLUS,9
4970-29093-0009_672-122797-0032__T1__NBASIC__4970,4970,672,normal_basic,13.38,7,0.0,0.0,0.0,0.4158445043958802,0.09287986159718986,40.603129518153914,0,0.0,0.0,-1.0,WAVLM_BASE_PLUS,9
4970-29093-0009_672-122797-0032__T2__NBASIC__672,672,4970,normal_basic,14.66,7,0.0,0.0,0.0,0.3732048173160389,0.20819520533926972,42.31906202719872,0,0.0,0.0,-1.0,WAVLM_BASE_PLUS,9
4970-29093-0011_260-123286-0001__T2__NBASIC__260,260,4970,normal_basic,12.32,5,0.0,0.0,0.0,0.47417741290002374,0.2855256511168687,44.763713356463555,0,0.0,0.0,-1.0,WAVLM_BASE_PLUS,9
4970-29093-0011_260-123286-0001__T1__NBASIC__4970,4970,260,normal_basic,15.98,5,0.0,0.0,0.0,0.44865921575542256,0.31335521365821906,41.75577275071062,0,0.0,0.0,-1.0,WAVLM_BASE_PLUS,9
4970-29093-0015_2961-961-0016__T2__NBASIC__2961,2961,4970,normal_basic,7.73,5,0.0,0.0,0.0,0.40255290937213095,0.23409543948192446,41.5753516553314,0,0.0,0.0,-1.0,WAVLM_BASE_PLUS,9
4970-29093-0015_2961-961-0016__T1__NBASIC__4970,4970,2961,normal_basic,13.53,5,0.0,0.0,0.0,0.322063181266198,0.12505545131535079,31.242292388974146,0,0.0,0.0,-1.0,WAVLM_BASE_PLUS,9
4970-29093-0018_1284-1180-0012__T2__NBASIC__1284,1284,4970,normal_basic,13.2,8,0.0,0.0,0.0,0.45072246573470354,0.1591429082513155,46.398888957104475,0,0.0,0.0,-1.0,WAVLM_BASE_PLUS,9
4970-29093-0018_1284-1180-0012__T1__NBASIC__4970,4970,1284,normal_basic,16.71,8,0.0,0.0,0.0,0.355910106143482,0.12079471108126771,40.543168935993094,0,0.0,0.0,-1.0,WAVLM_BASE_PLUS,9
4970-29093-0020_5142-33396-0015__T1__NBASIC__4970,4970,5142,normal_basic,6.68,7,0.14285714285714285,0.0,0.0,0.12757076308382911,-0.2856856303723511,17.15607575373856,0,0.0,0.0,-1.0,WAVLM_BASE_PLUS,9
4970-29093-0020_5142-33396-0015__T2__NBASIC__5142,5142,4970,normal_basic,7.67,7,0.0,0.0,0.0,0.3386845005489127,0.16480481294993654,24.0749294216119,0,0.0,0.0,-1.0,WAVLM_BASE_PLUS,9
4970-29093-0022_6829-68771-0024__T1__NBASIC__4970,4970,6829,normal_basic,15.33,11,0.0,0.0,0.0,0.2459313447206764,0.05889896467887756,33.00171077010887,0,0.0,0.0,-1.0,WAVLM_BASE_PLUS,9
4970-29093-0022_6829-68771-0024__T2__NBASIC__6829,6829,4970,normal_basic,10.12,11,0.0,0.0,0.0,0.4176359184499154,0.28123932466279955,41.74847612625055,0,0.0,0.0,-1.0,WAVLM_BASE_PLUS,9
4970-29095-0001_61-70968-0015__T1__NBASIC__4970,4970,61,normal_basic,11.79,9,0.0,0.0,0.0,0.35455900009593244,0.11743384080380481,36.978547039940985,0,0.0,0.0,-1.0,WAVLM_BASE_PLUS,9
4970-29095-0001_61-70968-0015__T2__NBASIC__61,61,4970,normal_basic,12.08,9,0.0,0.0,0.0,0.43123052628557335,0.36066934748552393,35.71036607549681,0,0.0,0.0,-1.0,WAVLM_BASE_PLUS,9
4970-29095-0003_2094-142345-0021__T2__NBASIC__2094,2094,4970,normal_basic,6.83,9,0.0,0.0,0.0,0.4230775982521771,0.2334228707359005,42.33806327624626,0,0.0,0.0,-1.0,WAVLM_BASE_PLUS,9
4970-29095-0003_2094-142345-0021__T1__NBASIC__4970,4970,2094,normal_basic,13.99,9,0.0,0.0,0.0,0.33526496436612074,0.017918467163298146,29.74180438446308,0,0.0,0.0,-1.0,WAVLM_BASE_PLUS,9
4970-29095-0004_1089-134686-0012__T2__NBASIC__1089,1089,4970,normal_basic,15.11,18,0.0,0.0,0.0,0.3694835829846341,0.07001221039937733,43.87162024565262,0,0.0,0.0,-1.0,WAVLM_BASE_PLUS,9
4970-29095-0004_1089-134686-0012__T1__NBASIC__4970,4970,1089,normal_basic,14.01,18,0.0,0.0,0.0,0.4652573769112269,0.2935558077725665,45.21311331410179,0,0.0,0.0,-1.0,WAVLM_BASE_PLUS,9
4970-29095-0006_7127-75947-0026__T1__NBASIC__4970,4970,7127,normal_basic,11.08,7,0.0,0.0,0.0,0.4639828496351414,0.35853929870314527,36.61870613525125,0,0.0,0.0,-1.0,WAVLM_BASE_PLUS,9
4970-29095-0006_7127-75947-0026__T2__NBASIC__7127,7127,4970,normal_basic,13.39,7,0.0,0.0,0.0,0.44685397522641085,0.28094576732814724,35.31979545738337,0,0.0,0.0,-1.0,WAVLM_BASE_PLUS,9
4970-29095-0007_2961-961-0020__T2__NBASIC__2961,2961,4970,normal_basic,11.06,11,0.0,0.0,0.0,0.40367151481022573,0.10123134060285932,31.560899700264418,0,0.0,0.0,-1.0,WAVLM_BASE_PLUS,9
4970-29095-0007_2961-961-0020__T1__NBASIC__4970,4970,2961,normal_basic,4.77,11,0.5454545454545454,0.09090909090909091,0.09090909090909091,-0.004799988364477309,-0.6230268353788189,14.08574861490344,2,1.5,1.25,1.0,WAVLM_BASE_PLUS,9
4970-29095-0009_1188-133604-0007__T2__NBASIC__1188,1188,4970,normal_basic,12.31,10,0.0,0.0,0.0,0.4360685744669273,0.22453368599371215,42.09167754271441,0,0.0,0.0,-1.0,WAVLM_BASE_PLUS,9
4970-29095-0009_1188-133604-0007__T1__NBASIC__4970,4970,1188,normal_basic,14.6,10,0.0,0.0,0.0,0.35764683180669,0.018504380809721943,38.155997717531456,0,0.0,0.0,-1.0,WAVLM_BASE_PLUS,9
4970-29095-0011_6930-75918-0006__T1__NBASIC__4970,4970,6930,normal_basic,10.68,5,0.0,0.0,0.0,0.3861285830391084,0.21783113043952007,34.86486604235273,0,0.0,0.0,-1.0,WAVLM_BASE_PLUS,9
4970-29095-0011_6930-75918-0006__T2__NBASIC__6930,6930,4970,normal_basic,14.33,5,0.0,0.0,0.0,0.36241477807304867,0.2274339153579379,34.40445338353187,0,0.0,0.0,-1.0,WAVLM_BASE_PLUS,9
4970-29095-0014_7127-75947-0022__T1__NBASIC__4970,4970,7127,normal_basic,9.55,5,0.0,0.0,0.0,0.4196215052169441,0.199151392768376,29.300375724472634,0,0.0,0.0,-1.0,WAVLM_BASE_PLUS,9
4970-29095-0014_7127-75947-0022__T2__NBASIC__7127,7127,4970,normal_basic,12.09,5,0.0,0.0,0.0,0.3692265651988146,0.23456500776359968,35.971824510218354,0,0.0,0.0,-1.0,WAVLM_BASE_PLUS,9
4970-29095-0016_3570-5694-0019__T2__NBASIC__3570,3570,4970,normal_basic,16.03,6,0.0,0.0,0.0,0.3449355361847672,0.269166867664424,41.01078559604734,0,0.0,0.0,-1.0,WAVLM_BASE_PLUS,9
4970-29095-0016_3570-5694-0019__T1__NBASIC__4970,4970,3570,normal_basic,14.28,6,0.0,0.0,0.0,0.3125914703324272,0.08426475858629934,43.19632906578327,0,0.0,0.0,-1.0,WAVLM_BASE_PLUS,9
4970-29095-0017_3575-170457-0052__T2__NBASIC__3575,3575,4970,normal_basic,2.74,5,0.4,0.6,0.4,0.00326379798494465,-0.3725398608227396,0.7037629174895909,0,0.0,0.0,-1.0,WAVLM_BASE_PLUS,9
4970-29095-0017_3575-170457-0052__T1__NBASIC__4970,4970,3575,normal_basic,10.25,5,0.0,0.0,0.0,0.35240112382942773,0.004609389606763159,37.29870591980601,0,0.0,0.0,-1.0,WAVLM_BASE_PLUS,9
4970-29095-0023_908-157963-0021__T1__NBASIC__4970,4970,908,normal_basic,13.61,6,0.0,0.0,0.0,0.47301422380657954,0.28206523176797116,44.77043818370304,0,0.0,0.0,-1.0,WAVLM_BASE_PLUS,9
4970-29095-0023_908-157963-0021__T2__NBASIC__908,908,4970,normal_basic,17.49,6,0.0,0.0,0.0,0.39798952701128365,0.2715457785385929,44.67058682165746,0,0.0,0.0,-1.0,WAVLM_BASE_PLUS,9
4970-29095-0025_2830-3980-0005__T2__NBASIC__2830,2830,4970,normal_basic,14.85,6,0.0,0.0,0.0,0.5980032703170278,0.48263620421851605,53.968957046073434,0,0.0,0.0,-1.0,WAVLM_BASE_PLUS,9
4970-29095-0025_2830-3980-0005__T1__NBASIC__4970,4970,2830,normal_basic,17.32,6,0.0,0.0,0.0,0.4898745051612519,0.26573618715010483,45.68937817963777,0,0.0,0.0,-1.0,WAVLM_BASE_PLUS,9
4970-29095-0026_6829-68769-0044__T1__NBASIC__4970,4970,6829,normal_basic,-3.33,5,0.4,0.4,0.2,0.04893444842930088,-0.25064448514831983,11.588158994383969,0,0.0,0.0,-1.0,WAVLM_BASE_PLUS,9
4970-29095-0026_6829-68769-0044__T2__NBASIC__6829,6829,4970,normal_basic,2.45,5,0.6,0.2,0.2,0.06576710218834689,-0.1661598431875218,-0.5929215044346912,1,1.0,1.0,0.0,WAVLM_BASE_PLUS,9
4970-29095-0031_237-134493-0003__T2__NBASIC__237,237,4970,normal_basic,5.38,24,0.08333333333333333,0.16666666666666666,0.041666666666666664,0.2934422148846321,-0.07835283375943658,22.055653779112316,0,0.0,0.0,-1.0,WAVLM_BASE_PLUS,9
4970-29095-0031_237-134493-0003__T1__NBASIC__4970,4970,237,normal_basic,1.75,24,0.4583333333333333,0.2916666666666667,0.25,0.0514366844004309,-0.506407343376174,12.249445246664061,2,4.0,2.5,1.5,WAVLM_BASE_PLUS,9
4970-29095-0032_1580-141084-0026__T2__NBASIC__1580,1580,4970,normal_basic,13.18,12,0.0,0.0,0.0,0.4959691393099968,0.3515012789997902,39.757110680515005,0,0.0,0.0,-1.0,WAVLM_BASE_PLUS,9
4970-29095-0032_1580-141084-0026__T1__NBASIC__4970,4970,1580,normal_basic,-21.25,12,1.0,1.0,1.0,-0.48874502735938546,-0.7038110307702616,-37.45588898296525,1,6.0,6.0,0.0,WAVLM_BASE_PLUS,9
4970-29095-0034_4992-23283-0019__T1__NBASIC__4970,4970,4992,normal_basic,14.35,10,0.0,0.0,0.0,0.4075019406453847,0.17199126355526118,38.93314240486883,0,0.0,0.0,-1.0,WAVLM_BASE_PLUS,9
4970-29095-0034_4992-23283-0019__T2__NBASIC__4992,4992,4970,normal_basic,9.72,10,0.0,0.0,0.0,0.3835184862477554,0.16109895383978845,38.71714848115533,0,0.0,0.0,-1.0,WAVLM_BASE_PLUS,9
4970-29095-0036_1089-134686-0001__T2__NBASIC__1089,1089,4970,normal_basic,12.91,5,0.0,0.0,0.0,0.36700781902929014,0.2263667240981252,48.106596844415606,0,0.0,0.0,-1.0,WAVLM_BASE_PLUS,9
4970-29095-0036_1089-134686-0001__T1__NBASIC__4970,4970,1089,normal_basic,11.71,5,0.0,0.0,0.0,0.3625096502047024,0.21078332369562924,36.804056311237375,0,0.0,0.0,-1.0,WAVLM_BASE_PLUS,9
4970-29095-0037_5105-28240-0016__T1__NBASIC__4970,4970,5105,normal_basic,10.54,7,0.14285714285714285,0.0,0.0,0.321251994714399,-0.02979958175423747,36.29773437692829,0,0.0,0.0,-1.0,WAVLM_BASE_PLUS,9
4970-29095-0037_5105-28240-0016__T2__NBASIC__5105,5105,4970,normal_basic,12.62,7,0.0,0.0,0.0,0.3908025896889637,0.24409812200631276,38.85354435648362,0,0.0,0.0,-1.0,WAVLM_BASE_PLUS,9
4992-23283-0000_237-134493-0017__T2__NBASIC__237,237,4992,normal_basic,2.97,12,0.16666666666666666,0.0,0.0,0.24014683821007976,-0.10397771281458273,14.34597984747952,0,0.0,0.0,-1.0,WAVLM_BASE_PLUS,9
4992-23283-0000_237-134493-0017__T1__NBASIC__4992,4992,237,normal_basic,7.72,12,0.0,0.0,0.0,0.2572104260890551,0.11955270384362948,19.794125698336632,0,0.0,0.0,-1.0,WAVLM_BASE_PLUS,9
4992-23283-0002_672-122797-0073__T1__NBASIC__4992,4992,672,normal_basic,11.09,5,0.0,0.0,0.0,0.39780351434787165,0.333967975058542,33.39848452886508,0,0.0,0.0,-1.0,WAVLM_BASE_PLUS,9
4992-23283-0002_672-122797-0073__T2__NBASIC__672,672,4992,normal_basic,11.24,5,0.0,0.0,0.0,0.43962573771172453,0.3003729700794535,30.967337400733964,0,0.0,0.0,-1.0,WAVLM_BASE_PLUS,9
4992-23283-0003_1995-1837-0029__T2__NBASIC__1995,1995,4992,normal_basic,14.44,8,0.0,0.0,0.0,0.3990415780716291,0.191977937194035,43.321399234338394,0,0.0,0.0,-1.0,WAVLM_BASE_PLUS,9
4992-23283-0003_1995-1837-0029__T1__NBASIC__4992,4992,1995,normal_basic,15.48,8,0.125,0.0,0.0,0.3096513581882939,-0.10532528579139622,36.685837592162436,0,0.0,0.0,-1.0,WAVLM_BASE_PLUS,9
4992-23283-0004_1580-141083-0003__T2__NBASIC__1580,1580,4992,normal_basic,13.85,12,0.0,0.0,0.0,0.39476209138780033,0.26230114670742044,36.360800087308,0,0.0,0.0,-1.0,WAVLM_BASE_PLUS,9
4992-23283-0004_1580-141083-0003__T1__NBASIC__4992,4992,1580,normal_basic,11.22,12,0.0,0.0,0.0,0.41447602827874297,0.2716188660022011,39.21764591683924,0,0.0,0.0,-1.0,WAVLM_BASE_PLUS,9
4992-23283-0005_6829-68769-0034__T1__NBASIC__4992,4992,6829,normal_basic,0.94,11,0.45454545454545453,0.2727272727272727,0.18181818181818182,0.13797451041788508,-0.4192912196701296,6.555691131528187,2,1.5,1.25,0.0,WAVLM_BASE_PLUS,9
4992-23283-0005_6829-68769-0034__T2__NBASIC__6829,6829,4992,normal_basic,0.25,11,0.36363636363636365,0.36363636363636365,0.2727272727272727,-0.011436396316408486,-0.515320052330928,3.018587208391979,2,1.0,1.0,1.5,WAVLM_BASE_PLUS,9
4992-23283-0010_8455-210777-0060__T1__NBASIC__4992,4992,8455,normal_basic,10.11,9,0.0,0.0,0.0,0.4939872283027631,0.32602183493202797,35.333820101905324,0,0.0,0.0,-1.0,WAVLM_BASE_PLUS,9
4992-23283-0010_8455-210777-0060__T2__NBASIC__8455,8455,4992,normal_basic,10.69,9,0.0,0.0,0.0,0.44337589657235355,0.2855947556597175,32.01571570008118,0,0.0,0.0,-1.0,WAVLM_BASE_PLUS,9
4992-23283-0013_4507-16021-0011__T2__NBASIC__4507,4507,4992,normal_basic,8.17,10,0.0,0.0,0.0,0.37808670492604646,0.1374582674793785,32.33373111226098,0,0.0,0.0,-1.0,WAVLM_BASE_PLUS,9
4992-23283-0013_4507-16021-0011__T1__NBASIC__4992,4992,4507,normal_basic,-16.62,10,1.0,0.9,0.9,-0.37048415494260734,-0.5499822766017273,-30.47848970889486,1,5.0,5.0,0.0,WAVLM_BASE_PLUS,9
4992-23283-0017_5142-33396-0002__T1__NBASIC__4992,4992,5142,normal_basic,15.64,6,0.0,0.0,0.0,0.3553161350749548,0.23528500648374528,36.74412950041496,0,0.0,0.0,-1.0,WAVLM_BASE_PLUS,9
4992-23283-0017_5142-33396-0002__T2__NBASIC__5142,5142,4992,normal_basic,12.59,6,0.0,0.0,0.0,0.4129964557024904,0.31326840817137225,41.58967467261457,0,0.0,0.0,-1.0,WAVLM_BASE_PLUS,9
4992-23283-0018_1188-133604-0013__T2__NBASIC__1188,1188,4992,normal_basic,11.62,5,0.0,0.0,0.0,0.384653164768572,0.25746132989461445,36.14515577636397,0,0.0,0.0,-1.0,WAVLM_BASE_PLUS,9
4992-23283-0018_1188-133604-0013__T1__NBASIC__4992,4992,1188,normal_basic,10.48,5,0.0,0.0,0.0,0.45450762590242083,0.36152218579288486,36.0954367342542,0,0.0,0.0,-1.0,WAVLM_BASE_PLUS,9
4992-23283-0020_2300-131720-0014__T2__NBASIC__2300,2300,4992,normal_basic,10.34,6,0.0,0.0,0.0,0.3635983035387212,0.25329555084131183,37.43110299496413,0,0.0,0.0,-1.0,WAVLM_BASE_PLUS,9
4992-23283-0020_2300-131720-0014__T1__NBASIC__4992,4992,2300,normal_basic,12.27,6,0.0,0.0,0.0,0.323095315923424,0.08680012002884152,37.25675746356352,0,0.0,0.0,-1.0,WAVLM_BASE_PLUS,9
4992-41797-0005_1580-141083-0049__T2__NBASIC__1580,1580,4992,normal_basic,11.54,6,0.3333333333333333,0.0,0.0,0.2201039725020495,-0.23856310001102743,33.22715126391111,1,1.0,1.0,1.5,WAVLM_BASE_PLUS,9
4992-41797-0005_1580-141083-0049__T1__NBASIC__4992,4992,1580,normal_basic,11.32,6,0.0,0.0,0.0,0.42169224785881326,0.08514702149804831,37.87732326725652,0,0.0,0.0,-1.0,WAVLM_BASE_PLUS,9
4992-41797-0007_5142-36377-0020__T1__NBASIC__4992,4992,5142,normal_basic,11.95,8,0.0,0.0,0.0,0.3311477119887418,0.2518739204024708,35.76330702919735,0,0.0,0.0,-1.0,WAVLM_BASE_PLUS,9
4992-41797-0007_5142-36377-0020__T2__NBASIC__5142,5142,4992,normal_basic,11.37,8,0.0,0.0,0.0,0.36636726167278355,0.29298598734594616,35.24754061400306,0,0.0,0.0,-1.0,WAVLM_BASE_PLUS,9
4992-41797-0008_6930-76324-0009__T1__NBASIC__4992,4992,6930,normal_basic,13.36,5,0.0,0.0,0.0,0.34361520076987784,0.30385036968131385,50.10127511002226,0,0.0,0.0,-1.0,WAVLM_BASE_PLUS,9
4992-41797-0008_6930-76324-0009__T2__NBASIC__6930,6930,4992,normal_basic,18.86,5,0.0,0.0,0.0,0.3839168501605747,0.2600061783490909,45.64761304287559,0,0.0,0.0,-1.0,WAVLM_BASE_PLUS,9
4992-41797-0009_2094-142345-0051__T2__NBASIC__2094,2094,4992,normal_basic,12.28,9,0.0,0.0,0.0,0.44841128376245304,0.19711448717643731,33.00372045919818,0,0.0,0.0,-1.0,WAVLM_BASE_PLUS,9
4992-41797-0009_2094-142345-0051__T1__NBASIC__4992,4992,2094,normal_basic,11.5,9,0.0,0.0,0.0,0.4049373404718576,0.19012833394598083,37.46811177925835,0,0.0,0.0,-1.0,WAVLM_BASE_PLUS,9
4992-41797-0013_2094-142345-0033__T2__NBASIC__2094,2094,4992,normal_basic,4.79,18,0.5555555555555556,0.3888888888888889,0.3888888888888889,-0.055640900397669744,-0.4744443202497306,4.408089051998832,2,2.5,2.25,3.0,WAVLM_BASE_PLUS,9
4992-41797-0013_2094-142345-0033__T1__NBASIC__4992,4992,2094,normal_basic,6.29,18,0.0,0.0,0.0,0.37622557001587886,0.08966803371384147,31.963165818492225,0,0.0,0.0,-1.0,WAVLM_BASE_PLUS,9
4992-41797-0016_4446-2271-0017__T2__NBASIC__4446,4446,4992,normal_basic,7.04,5,0.0,0.0,0.0,0.26298314991499416,0.1384490700688482,24.363750920474025,0,0.0,0.0,-1.0,WAVLM_BASE_PLUS,9
4992-41797-0016_4446-2271-0017__T1__NBASIC__4992,4992,4446,normal_basic,-8.45,5,0.8,0.8,0.8,-0.1535030381134655,-0.3695531413554277,-9.101220699849046,1,2.0,2.0,0.5,WAVLM_BASE_PLUS,9
4992-41797-0017_8555-284447-0002__T1__NBASIC__4992,4992,8555,normal_basic,7.94,15,0.2,0.0,0.0,0.25151907168984183,-0.37718227634304674,29.316917728116845,1,1.0,1.0,4.0,WAVLM_BASE_PLUS,9
4992-41797-0017_8555-284447-0002__T2__NBASIC__8555,8555,4992,normal_basic,-1.96,15,0.7333333333333333,0.8666666666666667,0.7333333333333333,-0.07146815443760476,-0.3886835795390269,-10.382332428140355,2,3.5,2.5,0.0,WAVLM_BASE_PLUS,9
4992-41797-0018_6930-81414-0011__T1__NBASIC__4992,4992,6930,normal_basic,7.21,8,0.0,0.0,0.0,0.3811802992765703,0.3072136579105974,42.559121731610134,0,0.0,0.0,-1.0,WAVLM_BASE_PLUS,9
4992-41797-0018_6930-81414-0011__T2__NBASIC__6930,6930,4992,normal_basic,16.85,8,0.0,0.0,0.0,0.37442520209290087,0.2757529561205305,34.29026279584958,0,0.0,0.0,-1.0,WAVLM_BASE_PLUS,9
4992-41797-0020_4970-29095-0018__T2__NBASIC__4970,4970,4992,normal_basic,1.59,13,0.46153846153846156,0.3076923076923077,0.23076923076923078,0.07826395107943848,-0.39054444976950276,10.122510385406287,3,1.0,1.0,0.0,WAVLM_BASE_PLUS,9
4992-41797-0020_4970-29095-0018__T1__NBASIC__4992,4992,4970,normal_basic,-1.57,13,0.5384615384615384,0.5384615384615384,0.46153846153846156,0.010980606125490984,-0.4023732093555199,-1.8392815674316216,2,2.5,1.75,1.5,WAVLM_BASE_PLUS,9
4992-41797-0021_5142-33396-0064__T1__NBASIC__4992,4992,5142,normal_basic,8.94,5,0.0,0.0,0.0,0.34448026402452603,0.19372245093294238,42.44953139159581,0,0.0,0.0,-1.0,WAVLM_BASE_PLUS,9
4992-41797-0021_5142-33396-0064__T2__NBASIC__5142,5142,4992,normal_basic,17.16,5,0.0,0.0,0.0,0.2331357925559697,0.12013649700217732,33.541857249436966,0,0.0,0.0,-1.0,WAVLM_BASE_PLUS,9
4992-41797-0022_3729-6852-0000__T2__NBASIC__3729,3729,4992,normal_basic,14.5,11,0.0,0.0,0.0,0.3723665554696241,0.03656315730401516,34.86365882684675,0,0.0,0.0,-1.0,WAVLM_BASE_PLUS,9
4992-41797-0022_3729-6852-0000__T1__NBASIC__4992,4992,3729,normal_basic,-21.96,11,0.9090909090909091,1.0,0.9090909090909091,-0.33364285158907436,-0.5921428722354162,-31.436454880145167,1,5.0,5.0,0.5,WAVLM_BASE_PLUS,9
4992-41806-0001_7127-75947-0028__T1__NBASIC__4992,4992,7127,normal_basic,15.01,13,0.0,0.0,0.0,0.3526529819584061,0.13291562129953738,41.19495534101591,0,0.0,0.0,-1.0,WAVLM_BASE_PLUS,9
4992-41806-0001_7127-75947-0028__T2__NBASIC__7127,7127,4992,normal_basic,10.33,13,0.0,0.0,0.0,0.44331746948642103,0.33543448969405065,40.24770270962046,0,0.0,0.0,-1.0,WAVLM_BASE_PLUS,9
4992-41806-0003_5683-32879-0016__T1__NBASIC__4992,4992,5683,normal_basic,12.25,17,0.0,0.0,0.0,0.36743188448301295,0.039893688351368195,41.81164418200317,0,0.0,0.0,-1.0,WAVLM_BASE_PLUS,9
4992-41806-0003_5683-32879-0016__T2__NBASIC__5683,5683,4992,normal_basic,15.46,17,0.0,0.0,0.0,0.3888563906799746,0.16493883399103354,40.78436909644669,0,0.0,0.0,-1.0,WAVLM_BASE_PLUS,9
4992-41806-0005_8463-294828-0035__T1__NBASIC__4992,4992,8463,normal_basic,-19.28,6,1.0,1.0,1.0,-0.3492607493761379,-0.4397576959396484,-27.015689995491638,1,3.0,3.0,0.0,WAVLM_BASE_PLUS,9
4992-41806-0005_8463-294828-0035__T2__NBASIC__8463,8463,4992,normal_basic,11.91,6,0.0,0.0,0.0,0.37012267003543114,0.3144137796461727,33.079036349188435,0,0.0,0.0,-1.0,WAVLM_BASE_PLUS,9
4992-41806-0008_6930-75918-0015__T1__NBASIC__4992,4992,6930,normal_basic,14.54,11,0.0,0.0,0.0,0.4375203297538889,0.23588447667976853,49.20396150243637,0,0.0,0.0,-1.0,WAVLM_BASE_PLUS,9
4992-41806-0008_6930-75918-0015__T2__NBASIC__6930,6930,4992,normal_basic,17.1,11,0.0,0.0,0.0,0.3900108339331086,0.26040001033752613,48.349872448007254,0,0.0,0.0,-1.0,WAVLM_BASE_PLUS,9
4992-41806-0009_3570-5696-0001__T2__NBASIC__3570,3570,4992,normal_basic,8.25,7,0.0,0.0,0.0,0.35868171872877247,0.25047307705612076,24.34882414414935,0,0.0,0.0,-1.0,WAVLM_BASE_PLUS,9
4992-41806-0009_3570-5696-0001__T1__NBASIC__4992,4992,3570,normal_basic,8.77,7,0.0,0.0,0.0,0.420998468680683,0.28614790380791444,33.31542275508644,0,0.0,0.0,-1.0,WAVLM_BASE_PLUS,9
4992-41806-0013_672-122797-0021__T1__NBASIC__4992,4992,672,normal_basic,12.76,7,0.0,0.0,0.0,0.37808212295969096,0.14994089597568727,47.634239190402006,0,0.0,0.0,-1.0,WAVLM_BASE_PLUS,9
4992-41806-0013_672-122797-0021__T2__NBASIC__672,672,4992,normal_basic,16.96,7,0.0,0.0,0.0,0.43368029790702606,0.20528235266489803,41.486637802834885,0,0.0,0.0,-1.0,WAVLM_BASE_PLUS,9
4992-41806-0014_1580-141083-0004__T2__NBASIC__1580,1580,4992,normal_basic,12.22,8,0.0,0.0,0.0,0.32808017498640285,0.15738579205155778,26.60312322945782,0,0.0,0.0,-1.0,WAVLM_BASE_PLUS,9
4992-41806-0014_1580-141083-0004__T1__NBASIC__4992,4992,1580,normal_basic,6.35,8,0.0,0.0,0.0,0.43939541771376533,0.29764732477435707,38.4918197974212,0,0.0,0.0,-1.0,WAVLM_BASE_PLUS,9
4992-41806-0015_260-123440-0020__T2__NBASIC__260,260,4992,normal_basic,7.14,8,0.25,0.125,0.125,0.19293992343212046,-0.12496139835846676,17.388987031903852,0,0.0,0.0,-1.0,WAVLM_BASE_PLUS,9
4992-41806-0015_260-123440-0020__T1__NBASIC__4992,4992,260,normal_basic,8.58,8,0.0,0.0,0.0,0.358079225563027,0.03305673533129694,33.97821469649337,0,0.0,0.0,-1.0,WAVLM_BASE_PLUS,9
4992-41806-0016_8230-279154-0023__T1__NBASIC__4992,4992,8230,normal_basic,10.44,11,0.0,0.0,0.0,0.46918429247281085,0.3914158922442328,48.8335021934812,0,0.0,0.0,-1.0,WAVLM_BASE_PLUS,9
4992-41806-0016_8230-279154-0023__T2__NBASIC__8230,8230,4992,normal_basic,17.44,11,0.0,0.0,0.0,0.3622782024827259,0.22957336443471682,39.4887336888539,0,0.0,0.0,-1.0,WAVLM_BASE_PLUS,9
5105-28233-0000_1221-135767-0018__T2__NBASIC__1221,1221,5105,normal_basic,11.74,8,0.0,0.0,0.0,0.45999145568671684,0.27096700126400963,36.47609371590866,0,0.0,0.0,-1.0,WAVLM_BASE_PLUS,9
5105-28233-0000_1221-135767-0018__T1__NBASIC__5105,5105,1221,normal_basic,10.41,8,0.0,0.0,0.0,0.3859712784278539,0.08408075402898674,34.31357817802685,0,0.0,0.0,-1.0,WAVLM_BASE_PLUS,9
5105-28233-0002_1089-134686-0021__T2__NBASIC__1089,1089,5105,normal_basic,6.57,12,0.0,0.0,0.0,0.37162176060818747,0.06697672870773486,32.86425885428966,0,0.0,0.0,-1.0,WAVLM_BASE_PLUS,9
5105-28233-0002_1089-134686-0021__T1__NBASIC__5105,5105,1089,normal_basic,12.08,12,0.0,0.0,0.0,0.3582479042739523,0.25241142006544964,27.0257041715931,0,0.0,0.0,-1.0,WAVLM_BASE_PLUS,9
5105-28233-0005_4446-2275-0013__T2__NBASIC__4446,4446,5105,normal_basic,12.76,6,0.0,0.0,0.0,0.3379923085326462,0.09807444007194754,29.268865704531322,0,0.0,0.0,-1.0,WAVLM_BASE_PLUS,9
5105-28233-0005_4446-2275-0013__T1__NBASIC__5105,5105,4446,normal_basic,8.39,6,0.0,0.0,0.0,0.4029956356190245,0.28844719548303976,33.257818968411065,0,0.0,0.0,-1.0,WAVLM_BASE_PLUS,9
5105-28233-0006_7021-85628-0012__T1__NBASIC__5105,5105,7021,normal_basic,11.67,9,0.0,0.0,0.0,0.42511114892482577,0.3049260912945141,43.32023830654362,0,0.0,0.0,-1.0,WAVLM_BASE_PLUS,9
5105-28233-0006_7021-85628-0012__T2__NBASIC__7021,7021,5105,normal_basic,15.53,9,0.0,0.0,0.0,0.27327129838202524,0.0805530351246947,36.00616711838533,0,0.0,0.0,-1.0,WAVLM_BASE_PLUS,9
5105-28240-0003_1995-1826-0026__T2__NBASIC__1995,1995,5105,normal_basic,15.29,9,0.0,0.0,0.0,0.45191447035392307,0.2864158863014378,52.79563272449281,0,0.0,0.0,-1.0,WAVLM_BASE_PLUS,9
5105-28240-0003_1995-1826-0026__T1__NBASIC__5105,5105,1995,normal_basic,18.52,9,0.0,0.0,0.0,0.49243971394600183,0.3304794960683276,55.65472622635443,0,0.0,0.0,-1.0,WAVLM_BASE_PLUS,9
5105-28240-0004_2961-960-0021__T2__NBASIC__2961,2961,5105,normal_basic,15.86,11,0.0,0.0,0.0,0.39399128658906407,0.156576979172788,49.49836226697923,0,0.0,0.0,-1.0,WAVLM_BASE_PLUS,9
5105-28240-0004_2961-960-0021__T1__NBASIC__5105,5105,2961,normal_basic,15.52,11,0.0,0.0,0.0,0.457708238919798,0.2792316229591352,49.721216862418196,0,0.0,0.0,-1.0,WAVLM_BASE_PLUS,9
5105-28240-0005_6829-68769-0010__T1__NBASIC__5105,5105,6829,normal_basic,13.11,5,0.0,0.0,0.0,0.4377227771108293,0.1635093753722151,35.467014632891036,0,0.0,0.0,-1.0,WAVLM_BASE_PLUS,9
5105-28240-0005_6829-68769-0010__T2__NBASIC__6829,6829,5105,normal_basic,11.61,5,0.0,0.0,0.0,0.39213597728039035,0.2722635376994047,34.019276735041586,0,0.0,0.0,-1.0,WAVLM_BASE_PLUS,9
5105-28240-0006_2830-3979-0006__T2__NBASIC__2830,2830,5105,normal_basic,9.21,8,0.0,0.0,0.0,0.33098027472800406,0.038855800724379996,31.359919292543772,0,0.0,0.0,-1.0,WAVLM_BASE_PLUS,9
5105-28240-0006_2830-3979-0006__T1__NBASIC__5105,5105,2830,normal_basic,13.09,8,0.0,0.0,0.0,0.3473702555921996,0.1259252370270213,30.627704299011043,0,0.0,0.0,-1.0,WAVLM_BASE_PLUS,9
5105-28240-0007_61-70970-0035__T1__NBASIC__5105,5105,61,normal_basic,11.43,8,0.0,0.0,0.0,0.2841226387516703,0.18540033218955376,27.57671059573301,0,0.0,0.0,-1.0,WAVLM_BASE_PLUS,9
5105-28240-0007_61-70970-0035__T2__NBASIC__61,61,5105,normal_basic,10.12,8,0.0,0.0,0.0,0.35738620512046204,0.09583831212999294,32.201782883063274,0,0.0,0.0,-1.0,WAVLM_BASE_PLUS,9
5105-28240-0017_6930-81414-0015__T1__NBASIC__5105,5105,6930,normal_basic,-12.9,6,1.0,1.0,1.0,-0.4366530766832441,-0.545602075012231,-24.54055222319661,1,3.0,3.0,0.0,WAVLM_BASE_PLUS,9
5105-28240-0017_6930-81414-0015__T2__NBASIC__6930,6930,5105,normal_basic,-17.15,6,1.0,1.0,1.0,-0.38583449156676236,-0.5252373113488915,-22.621706949026205,1,3.0,3.0,0.0,WAVLM_BASE_PLUS,9
5105-28240-0019_1284-1181-0020__T2__NBASIC__1284,1284,5105,normal_basic,6.02,11,0.0,0.0,0.0,0.3085056271655337,0.07817203116070326,27.930915071965423,0,0.0,0.0,-1.0,WAVLM_BASE_PLUS,9
5105-28240-0019_1284-1181-0020__T1__NBASIC__5105,5105,1284,normal_basic,8.39,11,0.18181818181818182,0.09090909090909091,0.09090909090909091,0.335648990339743,-0.08491325208591471,27.986363603637344,1,1.0,1.0,2.0,WAVLM_BASE_PLUS,9
5105-28240-0022_4446-2275-0021__T2__NBASIC__4446,4446,5105,normal_basic,14.25,8,0.125,0.0,0.0,0.29306783681776144,-0.10714596934281284,33.076346182100096,0,0.0,0.0,-1.0,WAVLM_BASE_PLUS,9
5105-28240-0022_4446-2275-0021__T1__NBASIC__5105,5105,4446,normal_basic,9.43,8,0.0,0.0,0.0,0.49157028837374145,0.4013023535399217,35.76754293123443,0,0.0,0.0,-1.0,WAVLM_BASE_PLUS,9
5105-28240-0024_8230-279154-0014__T1__NBASIC__5105,5105,8230,normal_basic,12.9,14,0.0,0.0,0.0,0.3701558156148756,0.2666306442340375,32.06177590721051,0,0.0,0.0,-1.0,WAVLM_BASE_PLUS,9
5105-28240-0024_8230-279154-0014__T2__NBASIC__8230,8230,5105,normal_basic,10.91,14,0.07142857142857142,0.0,0.0,0.3763979631712367,-0.15596966499933795,37.961046284148914,0,0.0,0.0,-1.0,WAVLM_BASE_PLUS,9
5105-28241-0006_8463-294828-0019__T1__NBASIC__5105,5105,8463,normal_basic,11.41,8,0.0,0.0,0.0,0.3950857921791622,0.258485041052922,34.82901754003525,0,0.0,0.0,-1.0,WAVLM_BASE_PLUS,9
5105-28241-0006_8463-294828-0019__T2__NBASIC__8463,8463,5105,normal_basic,11.22,8,0.0,0.0,0.0,0.491858454949845,0.3899767837742879,35.21440916691873,0,0.0,0.0,-1.0,WAVLM_BASE_PLUS,9
5105-28241-0008_1284-1180-0004__T2__NBASIC__1284,1284,5105,normal_basic,8.0,7,0.0,0.0,0.0,0.3512279139400318,0.27109213957108313,29.62655175120795,0,0.0,0.0,-1.0,WAVLM_BASE_PLUS,9
5105-28241-0008_1284-1180-0004__T1__NBASIC__5105,5105,1284,normal_basic,10.0,7,0.0,0.0,0.0,0.3709127579718489,0.3260735804192938,28.64083297834397,0,0.0,0.0,-1.0,WAVLM_BASE_PLUS,9
5105-28241-0011_3575-170457-0024__T2__NBASIC__3575,3575,5105,normal_basic,13.93,23,0.0,0.0,0.0,0.3648619734514958,0.023938549552619093,38.516553944369065,0,0.0,0.0,-1.0,WAVLM_BASE_PLUS,9
5105-28241-0011_3575-170457-0024__T1__NBASIC__5105,5105,3575,normal_basic,12.33,23,0.0,0.0,0.0,0.44210392735647197,0.3041126521275734,41.650338285817604,0,0.0,0.0,-1.0,WAVLM_BASE_PLUS,9
5105-28241-0011_4446-2273-0004__T2__NBASIC__4446,4446,5105,normal_basic,17.57,9,0.0,0.0,0.0,0.3577516130163092,0.22607899607536053,37.09637146044399,0,0.0,0.0,-1.0,WAVLM_BASE_PLUS,9
5105-28241-0011_4446-2273-0004__T1__NBASIC__5105,5105,4446,normal_basic,9.85,9,0.0,0.0,0.0,0.42352294995469325,0.26603157381809894,47.034818728859946,0,0.0,0.0,-1.0,WAVLM_BASE_PLUS,9
5105-28241-0012_5683-32865-0016__T1__NBASIC__5105,5105,5683,normal_basic,7.65,5,0.2,0.0,0.0,0.2835155546987328,-0.1763787108700069,20.3466516027914,0,0.0,0.0,-1.0,WAVLM_BASE_PLUS,9
5105-28241-0012_5683-32865-0016__T2__NBASIC__5683,5683,5105,normal_basic,-0.43,5,0.0,0.0,0.0,0.4037787292242109,0.20919613428594297,23.155902567440243,0,0.0,0.0,-1.0,WAVLM_BASE_PLUS,9
5105-28241-0018_1320-122617-0009__T2__NBASIC__1320,1320,5105,normal_basic,12.72,14,0.0,0.0,0.0,0.4385601080313271,0.24165044209455366,40.9058948028188,0,0.0,0.0,-1.0,WAVLM_BASE_PLUS,9
5105-28241-0018_1320-122617-0009__T1__NBASIC__5105,5105,1320,normal_basic,14.36,14,0.0,0.0,0.0,0.39430650928573,0.08481550552583605,40.09070907749989,0,0.0,0.0,-1.0,WAVLM_BASE_PLUS,9
5105-28241-0019_2830-3980-0013__T2__NBASIC__2830,2830,5105,normal_basic,3.8,7,0.0,0.0,0.0,0.4222496155206167,0.07703044130599923,32.12770689345946,0,0.0,0.0,-1.0,WAVLM_BASE_PLUS,9
5105-28241-0019_2830-3980-0013__T1__NBASIC__5105,5105,2830,normal_basic,13.86,7,0.0,0.0,0.0,0.34263343507904087,0.2218910262825982,29.254620630869994,0,0.0,0.0,-1.0,WAVLM_BASE_PLUS,9
5142-33396-0009_2961-961-0021__T2__NBASIC__2961,2961,5142,normal_basic,9.13,5,0.0,0.0,0.0,0.16219470292680707,0.009476006971144257,23.63301609990671,0,0.0,0.0,-1.0,WAVLM_BASE_PLUS,9
5142-33396-0009_2961-961-0021__T1__NBASIC__5142,5142,2961,normal_basic,10.78,5,0.0,0.0,0.0,0.426896100958772,0.38534998123037834,30.2407251825694,0,0.0,0.0,-1.0,WAVLM_BASE_PLUS,9
5142-33396-0010_8555-292519-0012__T1__NBASIC__5142,5142,8555,normal_basic,15.83,5,0.0,0.0,0.0,0.5305198338602972,0.4596187313174416,41.47808393587388,0,0.0,0.0,-1.0,WAVLM_BASE_PLUS,9
5142-33396-0010_8555-292519-0012__T2__NBASIC__8555,8555,5142,normal_basic,14.19,5,0.0,0.0,0.0,0.42295881022821147,0.335471921410221,42.459347248496314,0,0.0,0.0,-1.0,WAVLM_BASE_PLUS,9
5142-33396-0011_260-123288-0006__T2__NBASIC__260,260,5142,normal_basic,9.49,6,0.0,0.0,0.0,0.4186004497662627,0.31055737771699526,35.87996978135494,0,0.0,0.0,-1.0,WAVLM_BASE_PLUS,9
5142-33396-0011_260-123288-0006__T1__NBASIC__5142,5142,260,normal_basic,13.57,6,0.0,0.0,0.0,0.447200911196804,0.3500299592363476,30.393765090099027,0,0.0,0.0,-1.0,WAVLM_BASE_PLUS,9
5142-33396-0018_2094-142345-0043__T2__NBASIC__2094,2094,5142,normal_basic,11.89,6,0.0,0.0,0.0,0.4651458583623762,0.352191321958554,36.14261228637321,0,0.0,0.0,-1.0,WAVLM_BASE_PLUS,9
5142-33396-0018_2094-142345-0043__T1__NBASIC__5142,5142,2094,normal_basic,12.15,6,0.0,0.0,0.0,0.430565008888268,0.3477313767056743,33.591246860407644,0,0.0,0.0,-1.0,WAVLM_BASE_PLUS,9
5142-33396-0026_4507-16021-0043__T2__NBASIC__4507,4507,5142,normal_basic,9.96,5,0.0,0.0,0.0,0.34096134911149406,0.24401208232610727,34.19287685422726,0,0.0,0.0,-1.0,WAVLM_BASE_PLUS,9
5142-33396-0026_4507-16021-0043__T1__NBASIC__5142,5142,4507,normal_basic,5.67,5,0.0,0.0,0.0,0.4316174457689961,0.37255696955644657,37.2398337569894,0,0.0,0.0,-1.0,WAVLM_BASE_PLUS,9
5142-33396-0028_5105-28233-0009__T2__NBASIC__5105,5105,5142,normal_basic,11.6,6,0.0,0.0,0.0,0.40738232165110966,0.27289902081514505,35.562743763854535,0,0.0,0.0,-1.0,WAVLM_BASE_PLUS,9
5142-33396-0028_5105-28233-0009__T1__NBASIC__5142,5142,5105,normal_basic,11.63,6,0.0,0.0,0.0,0.42738172768904653,0.2455101767593607,38.52846037372254,0,0.0,0.0,-1.0,WAVLM_BASE_PLUS,9
5142-33396-0033_1320-122612-0016__T2__NBASIC__1320,1320,5142,normal_basic,13.24,5,0.0,0.0,0.0,0.399118970815598,0.3429884245939363,38.67731655188829,0,0.0,0.0,-1.0,WAVLM_BASE_PLUS,9
5142-33396-0033_1320-122612-0016__T1__NBASIC__5142,5142,1320,normal_basic,12.64,5,0.0,0.0,0.0,0.41407321308215794,0.31031827829581027,37.77382141844482,0,0.0,0.0,-1.0,WAVLM_BASE_PLUS,9
5142-33396-0034_7021-85628-0006__T1__NBASIC__5142,5142,7021,normal_basic,12.8,6,0.0,0.0,0.0,0.39412360306336014,0.3078705882004593,41.954753395039994,0,0.0,0.0,-1.0,WAVLM_BASE_PLUS,9
5142-33396-0034_7021-85628-0006__T2__NBASIC__7021,7021,5142,normal_basic,12.75,6,0.0,0.0,0.0,0.29917214618513427,0.23558747297227156,37.91227682620677,0,0.0,0.0,-1.0,WAVLM_BASE_PLUS,9
5142-33396-0036_7127-75946-0011__T1__NBASIC__5142,5142,7127,normal_basic,10.92,5,0.0,0.0,0.0,0.3093081432144832,0.25883036334222215,40.133582212483944,0,0.0,0.0,-1.0,WAVLM_BASE_PLUS,9
5142-33396-0036_7127-75946-0011__T2__NBASIC__7127,7127,5142,normal_basic,11.06,5,0.0,0.0,0.0,0.3664560730660937,0.1418434897915961,39.67553526941644,0,0.0,0.0,-1.0,WAVLM_BASE_PLUS,9
5142-33396-0049_1089-134691-0022__T2__NBASIC__1089,1089,5142,normal_basic,13.6,5,0.0,0.0,0.0,0.4032246083506667,0.26506637996783744,40.67813026064951,0,0.0,0.0,-1.0,WAVLM_BASE_PLUS,9
5142-33396-0049_1089-134691-0022__T1__NBASIC__5142,5142,1089,normal_basic,14.23,5,0.0,0.0,0.0,0.4537478505012193,0.34675155463224905,39.5040903785369,0,0.0,0.0,-1.0,WAVLM_BASE_PLUS,9
5142-33396-0057_7729-102255-0010__T1__NBASIC__5142,5142,7729,normal_basic,13.57,5,0.0,0.0,0.0,0.42440785907503065,0.36452587526139035,32.833016581337745,0,0.0,0.0,-1.0,WAVLM_BASE_PLUS,9
5142-33396-0057_7729-102255-0010__T2__NBASIC__7729,7729,5142,normal_basic,10.34,5,0.0,0.0,0.0,0.3509198171406943,0.3016397560600933,36.92516011190734,0,0.0,0.0,-1.0,WAVLM_BASE_PLUS,9
5142-33396-0059_237-134500-0027__T2__NBASIC__237,237,5142,normal_basic,-23.35,5,1.0,1.0,1.0,-0.3672698893542795,-0.4410153241169341,-31.616880076524332,1,2.5,2.5,0.0,WAVLM_BASE_PLUS,9
5142-33396-0059_237-134500-0027__T1__NBASIC__5142,5142,237,normal_basic,13.08,5,0.0,0.0,0.0,0.37046593357362967,0.15890286419944594,37.45513988580161,0,0.0,0.0,-1.0,WAVLM_BASE_PLUS,9
5142-36377-0001_1221-135767-0007__T2__NBASIC__1221,1221,5142,normal_basic,4.7,9,0.1111111111111111,0.0,0.0,0.19511157992926834,-0.3259553546087464,18.091655351134268,0,0.0,0.0,-1.0,WAVLM_BASE_PLUS,9
5142-36377-0001_1221-135767-0007__T1__NBASIC__5142,5142,1221,normal_basic,6.85,9,0.0,0.0,0.0,0.3695818391111489,0.20579422729817387,23.47254696961427,0,0.0,0.0,-1.0,WAVLM_BASE_PLUS,9
5142-36377-0004_61-70968-0055__T1__NBASIC__5142,5142,61,normal_basic,13.64,6,0.0,0.0,0.0,0.4049576945950437,0.3568134132376233,41.05396370104955,0,0.0,0.0,-1.0,WAVLM_BASE_PLUS,9
5142-36377-0004_61-70968-0055__T2__NBASIC__61,61,5142,normal_basic,13.52,6,0.0,0.0,0.0,0.42838044804566017,0.27409690070321213,41.15145386736378,0,0.0,0.0,-1.0,WAVLM_BASE_PLUS,9
5142-36377-0005_1221-135767-0022__T2__NBASIC__1221,1221,5142,normal_basic,12.33,13,0.0,0.0,0.0,0.29770526899597755,0.17027648322217992,27.666150949819095,0,0.0,0.0,-1.0,WAVLM_BASE_PLUS,9
5142-36377-0005_1221-135767-0022__T1__NBASIC__5142,5142,1221,normal_basic,9.04,13,0.0,0.0,0.0,0.44657045509583687,0.35475415544614286,36.3557226365706,0,0.0,0.0,-1.0,WAVLM_BASE_PLUS,9
5142-36377-0006_8463-294828-0010__T1__NBASIC__5142,5142,8463,normal_basic,-19.07,8,1.0,1.0,1.0,-0.19043113609433399,-0.31039999309577493,-16.859196725272334,1,4.0,4.0,0.0,WAVLM_BASE_PLUS,9
5142-36377-0006_8463-294828-0010__T2__NBASIC__8463,8463,5142,normal_basic,-14.37,8,1.0,1.0,1.0,-0.4000540181663579,-0.47671641946080406,-32.40256080995492,1,4.0,4.0,0.0,WAVLM_BASE_PLUS,9
5142-36377-0010_5105-28241-0003__T2__NBASIC__5105,5105,5142,normal_basic,5.18,6,0.0,0.0,0.0,0.39108393733690416,0.2498835275264384,26.677290403593815,0,0.0,0.0,-1.0,WAVLM_BASE_PLUS,9
5142-36377-0010_5105-28241-0003__T1__NBASIC__5142,5142,5105,normal_basic,2.97,6,0.0,0.0,0.0,0.40608379066477474,0.32617991510344635,34.12496411909502,0,0.0,0.0,-1.0,WAVLM_BASE_PLUS,9
5142-36377-0013_3729-6852-0040__T2__NBASIC__3729,3729,5142,normal_basic,11.31,12,0.0,0.0,0.0,0.43069898887317537,0.356812836864257,40.64443310200112,0,0.0,0.0,-1.0,WAVLM_BASE_PLUS,9
5142-36377-0013_3729-6852-0040__T1__NBASIC__5142,5142,3729,normal_basic,14.74,12,0.0,0.0,0.0,0.4187806659162641,0.3093873200527932,36.61881847255993,0,0.0,0.0,-1.0,WAVLM_BASE_PLUS,9
5142-36377-0018_4970-29093-0010__T2__NBASIC__4970,4970,5142,normal_basic,-15.25,8,0.875,0.875,0.75,-0.19976140586500635,-0.4285666856883099,-15.888011944899278,2,2.5,1.75,0.0,WAVLM_BASE_PLUS,9
5142-36377-0018_4970-29093-0010__T1__NBASIC__5142,5142,4970,normal_basic,9.17,8,0.0,0.0,0.0,0.2815593019567592,0.05397153114448139,23.204513499401642,0,0.0,0.0,-1.0,WAVLM_BASE_PLUS,9
5142-36377-0022_4992-41797-0015__T2__NBASIC__4992,4992,5142,normal_basic,11.03,16,0.0,0.0,0.0,0.3887706845391269,0.11427416797635537,33.63214037454723,0,0.0,0.0,-1.0,WAVLM_BASE_PLUS,9
5142-36377-0022_4992-41797-0015__T1__NBASIC__5142,5142,4992,normal_basic,10.09,16,0.0,0.0,0.0,0.4197145473900039,0.226510891348508,29.506201087815757,0,0.0,0.0,-1.0,WAVLM_BASE_PLUS,9
5142-36377-0023_1580-141084-0023__T2__NBASIC__1580,1580,5142,normal_basic,2.51,10,0.0,0.2,0.0,0.3270684533506969,0.10111385984335419,20.140011925946,0,0.0,0.0,-1.0,WAVLM_BASE_PLUS,9
5142-36377-0023_1580-141084-0023__T1__NBASIC__5142,5142,1580,normal_basic,5.2,10,0.2,0.1,0.1,0.1679035334358401,-0.19239806744110116,16.11189065592348,0,0.0,0.0,-1.0,WAVLM_BASE_PLUS,9
5142-36377-0024_6930-81414-0026__T1__NBASIC__5142,5142,6930,normal_basic,3.81,5,0.6,0.0,0.0,-0.01055078900024089,-0.1291818306613542,9.085595450981014,1,1.5,1.5,1.0,WAVLM_BASE_PLUS,9
5142-36377-0024_6930-81414-0026__T2__NBASIC__6930,6930,5142,normal_basic,7.25,5,0.0,0.0,0.0,0.3499910053078862,0.2808368317248601,25.594629009233415,0,0.0,0.0,-1.0,WAVLM_BASE_PLUS,9
5142-36377-0025_1995-1836-0007__T2__NBASIC__1995,1995,5142,normal_basic,12.64,5,0.0,0.0,0.0,0.4592183511257947,0.34465375981693824,50.93203556372432,0,0.0,0.0,-1.0,WAVLM_BASE_PLUS,9
5142-36377-0025_1995-1836-0007__T1__NBASIC__5142,5142,1995,normal_basic,16.6,5,0.0,0.0,0.0,0.4862599107461013,0.40819855160891105,40.40599450639026,0,0.0,0.0,-1.0,WAVLM_BASE_PLUS,9
5142-36586-0003_5683-32879-0017__T1__NBASIC__5142,5142,5683,normal_basic,11.59,9,0.0,0.0,0.0,0.4607281713210636,0.2966206067962109,34.246201711926545,0,0.0,0.0,-1.0,WAVLM_BASE_PLUS,9
5142-36586-0003_5683-32879-0017__T2__NBASIC__5683,5683,5142,normal_basic,9.71,9,0.0,0.0,0.0,0.41088802807595326,0.30099399995452103,35.08569052281375,0,0.0,0.0,-1.0,WAVLM_BASE_PLUS,9
5142-36586-0004_8230-279154-0040__T1__NBASIC__5142,5142,8230,normal_basic,22.47,6,0.0,0.0,0.0,0.449731103013838,0.3171689085234467,47.842929845908024,0,0.0,0.0,-1.0,WAVLM_BASE_PLUS,9
5142-36586-0004_8230-279154-0040__T2__NBASIC__8230,8230,5142,normal_basic,10.49,6,0.0,0.0,0.0,0.3808105835859721,0.0285917647539089,54.27068094966702,0,0.0,0.0,-1.0,WAVLM_BASE_PLUS,9
5639-40744-0004_260-123286-0026__T2__NBASIC__260,260,5639,normal_basic,10.7,12,0.0,0.0,0.0,0.37330029605692366,0.18168366674904501,31.627992901799384,0,0.0,0.0,-1.0,WAVLM_BASE_PLUS,9
5639-40744-0004_260-123286-0026__T1__NBASIC__5639,5639,260,normal_basic,1.29,12,0.4166666666666667,0.25,0.16666666666666666,-0.007664081671419585,-0.5755024437244788,6.540114337829941,2,1.0,1.0,1.0,WAVLM_BASE_PLUS,9
5639-40744-0006_672-122797-0026__T1__NBASIC__5639,5639,672,normal_basic,-2.17,15,0.5333333333333333,0.6666666666666666,0.4666666666666667,0.004714997627813341,-0.27472704099517475,-4.9159229324742,2,1.5,1.25,3.0,WAVLM_BASE_PLUS,9
5639-40744-0006_672-122797-0026__T2__NBASIC__672,672,5639,normal_basic,-12.3,15,0.8666666666666667,1.0,0.8666666666666667,-0.27894619361645073,-0.6066641388200101,-23.293154057804852,1,6.5,6.5,0.5,WAVLM_BASE_PLUS,9
5639-40744-0012_5683-32879-0021__T1__NBASIC__5639,5639,5683,normal_basic,14.12,7,0.0,0.0,0.0,0.4931913095983887,0.3107004299228662,52.77827617678901,0,0.0,0.0,-1.0,WAVLM_BASE_PLUS,9
5639-40744-0012_5683-32879-0021__T2__NBASIC__5683,5683,5639,normal_basic,19.99,7,0.0,0.0,0.0,0.4628777266924042,0.3009705405957922,51.82768748709241,0,0.0,0.0,-1.0,WAVLM_BASE_PLUS,9
5639-40744-0013_3570-5695-0014__T2__NBASIC__3570,3570,5639,normal_basic,13.42,12,0.0,0.0,0.0,0.4279904439466498,0.33512027765777974,52.27152190227927,0,0.0,0.0,-1.0,WAVLM_BASE_PLUS,9
5639-40744-0013_3570-5695-0014__T1__NBASIC__5639,5639,3570,normal_basic,17.8,12,0.0,0.0,0.0,0.3615411513749454,0.22111334735408805,48.69984683020073,0,0.0,0.0,-1.0,WAVLM_BASE_PLUS,9
5639-40744-0014_1995-1837-0018__T2__NBASIC__1995,1995,5639,normal_basic,14.22,14,0.0,0.0,0.0,0.42487945271874905,0.20998474535589284,43.85607343552046,0,0.0,0.0,-1.0,WAVLM_BASE_PLUS,9
5639-40744-0014_1995-1837-0018__T1__NBASIC__5639,5639,1995,normal_basic,14.84,14,0.0,0.0,0.0,0.49025678217347396,0.3339388701812288,44.013104500869964,0,0.0,0.0,-1.0,WAVLM_BASE_PLUS,9
5639-40744-0015_5683-32866-0017__T1__NBASIC__5639,5639,5683,normal_basic,14.4,8,0.0,0.0,0.0,0.47288299563925507,0.2899913114569213,49.68080288909721,0,0.0,0.0,-1.0,WAVLM_BASE_PLUS,9
5639-40744-0015_5683-32866-0017__T2__NBASIC__5683,5683,5639,normal_basic,16.77,8,0.0,0.0,0.0,0.49092422373510747,0.42328901775221794,46.08554671354311,0,0.0,0.0,-1.0,WAVLM_BASE_PLUS,9
5639-40744-0016_2830-3980-0006__T2__NBASIC__2830,2830,5639,normal_basic,10.19,11,0.0,0.0,0.0,0.3497848038253198,0.2033995167107312,26.48073382576175,0,0.0,0.0,-1.0,WAVLM_BASE_PLUS,9
5639-40744-0016_2830-3980-0006__T1__NBASIC__5639,5639,2830,normal_basic,8.59,11,0.0,0.0,0.0,0.33191341589874707,0.10125408435313221,30.169444778996766,0,0.0,0.0,-1.0,WAVLM_BASE_PLUS,9
5639-40744-0020_7021-79740-0001__T1__NBASIC__5639,5639,7021,normal_basic,4.87,10,0.1,0.0,0.0,0.2876138493018714,-0.27113209248514536,16.437334651229996,0,0.0,0.0,-1.0,WAVLM_BASE_PLUS,9
5639-40744-0020_7021-79740-0001__T2__NBASIC__7021,7021,5639,normal_basic,6.76,10,0.0,0.2,0.0,0.2932840078676774,0.00829036108882808,21.346730979023402,0,0.0,0.0,-1.0,WAVLM_BASE_PLUS,9
5639-40744-0023_672-122797-0016__T1__NBASIC__5639,5639,672,normal_basic,11.36,17,0.0,0.0,0.0,0.4205199825749713,0.0433984219582223,42.274148868911254,0,0.0,0.0,-1.0,WAVLM_BASE_PLUS,9
5639-40744-0023_672-122797-0016__T2__NBASIC__672,672,5639,normal_basic,-17.99,17,1.0,1.0,1.0,-0.41705671448793746,-0.7003433564307551,-39.21765161772111,1,8.5,8.5,0.0,WAVLM_BASE_PLUS,9
5639-40744-0029_1221-135766-0010__T2__NBASIC__1221,1221,5639,normal_basic,13.66,13,0.0,0.0,0.0,0.4297736334777614,0.3109831747800924,41.56101666950477,0,0.0,0.0,-1.0,WAVLM_BASE_PLUS,9
5639-40744-0029_1221-135766-0010__T1__NBASIC__5639,5639,1221,normal_basic,12.86,13,0.0,0.0,0.0,0.3594954275448451,0.13678905124635699,40.74572341610738,0,0.0,0.0,-1.0,WAVLM_BASE_PLUS,9
5639-40744-0033_4446-2273-0035__T2__NBASIC__4446,4446,5639,normal_basic,12.07,11,0.0,0.0,0.0,0.38774066605470436,0.09862894025527635,41.57023255111185,0,0.0,0.0,-1.0,WAVLM_BASE_PLUS,9
5639-40744-0033_4446-2273-0035__T1__NBASIC__5639,5639,4446,normal_basic,14.8,11,0.09090909090909091,0.0,0.0,0.313261311335204,-0.03729528114114877,29.160008640172634,0,0.0,0.0,-1.0,WAVLM_BASE_PLUS,9
5639-40744-0034_4507-16021-0058__T2__NBASIC__4507,4507,5639,normal_basic,17.0,5,0.0,0.0,0.0,0.31999365167042004,0.07753306472207433,47.678519288890456,0,0.0,0.0,-1.0,WAVLM_BASE_PLUS,9
5639-40744-0034_4507-16021-0058__T1__NBASIC__5639,5639,4507,normal_basic,13.39,5,0.0,0.0,0.0,0.31152642583507306,0.2022073693712454,48.12272418387665,0,0.0,0.0,-1.0,WAVLM_BASE_PLUS,9
5639-40744-0036_8224-274381-0003__T1__NBASIC__5639,5639,8224,normal_basic,14.18,22,0.045454545454545456,0.0,0.0,0.30092283685710375,-0.04638078989060468,30.282346656845313,0,0.0,0.0,-1.0,WAVLM_BASE_PLUS,9
5639-40744-0036_8224-274381-0003__T2__NBASIC__8224,8224,5639,normal_basic,8.83,22,0.0,0.0,0.0,0.3959703379120538,0.24012168575765958,38.35993474168589,0,0.0,0.0,-1.0,WAVLM_BASE_PLUS,9
5639-40744-0039_6930-81414-0009__T1__NBASIC__5639,5639,6930,normal_basic,11.74,22,0.0,0.0,0.0,0.4155907720593209,0.27302812983912006,43.20333355497537,0,0.0,0.0,-1.0,WAVLM_BASE_PLUS,9
5639-40744-0039_6930-81414-0009__T2__NBASIC__6930,6930,5639,normal_basic,13.03,22,0.045454545454545456,0.0,0.0,0.35553290837569707,-0.14101952032337794,31.001968441315363,0,0.0,0.0,-1.0,WAVLM_BASE_PLUS,9
5639-40744-0040_908-31957-0024__T1__NBASIC__5639,5639,908,normal_basic,11.67,14,0.0,0.0,0.0,0.3410199824508044,0.02947187787298683,30.675135238011194,0,0.0,0.0,-1.0,WAVLM_BASE_PLUS,9
5639-40744-0040_908-31957-0024__T2__NBASIC__908,908,5639,normal_basic,7.97,14,0.07142857142857142,0.07142857142857142,0.07142857142857142,0.38200159434970216,-0.008254647581866226,33.61315792817076,0,0.0,0.0,-1.0,WAVLM_BASE_PLUS,9
5683-32865-0003_2961-961-0018__T2__NBASIC__2961,2961,5683,normal_basic,6.19,6,0.0,0.0,0.0,0.253200617292831,0.02337831212017183,27.783237373193206,0,0.0,0.0,-1.0,WAVLM_BASE_PLUS,9
5683-32865-0003_2961-961-0018__T1__NBASIC__5683,5683,2961,normal_basic,6.2,6,0.3333333333333333,0.0,0.0,0.06353721923403234,-0.1332109027214492,10.246296934371907,1,1.0,1.0,0.5,WAVLM_BASE_PLUS,9
5683-32865-0006_908-157963-0020__T1__NBASIC__5683,5683,908,normal_basic,16.98,5,0.0,0.0,0.0,0.35168108341209325,0.28529042489013023,41.90629601628901,0,0.0,0.0,-1.0,WAVLM_BASE_PLUS,9
5683-32865-0006_908-157963-0020__T2__NBASIC__908,908,5683,normal_basic,10.85,5,0.0,0.0,0.0,0.3511656233610818,0.25345035446975195,39.54569844281373,0,0.0,0.0,-1.0,WAVLM_BASE_PLUS,9
5683-32865-0007_7176-88083-0011__T1__NBASIC__5683,5683,7176,normal_basic,11.72,11,0.0,0.0,0.0,0.4062380176349991,0.31629909337560724,37.981921886611886,0,0.0,0.0,-1.0,WAVLM_BASE_PLUS,9
5683-32865-0007_7176-88083-0011__T2__NBASIC__7176,7176,5683,normal_basic,11.97,11,0.0,0.0,0.0,0.43544125234207287,0.3245504208711544,38.13767219322912,0,0.0,0.0,-1.0,WAVLM_BASE_PLUS,9
5683-32865-0009_6829-68769-0016__T1__NBASIC__5683,5683,6829,normal_basic,3.36,7,0.0,0.0,0.0,0.34716565964480683,0.0963726328954817,20.479268633847976,0,0.0,0.0,-1.0,WAVLM_BASE_PLUS,9
5683-32865-0009_6829-68769-0016__T2__NBASIC__6829,6829,5683,normal_basic,16.25,7,0.2857142857142857,0.0,0.0,0.13604821487318264,-0.2670114214151334,30.32866178243938,0,0.0,0.0,-1.0,WAVLM_BASE_PLUS,9
5683-32865-0011_4970-29095-0035__T2__NBASIC__4970,4970,5683,normal_basic,-0.55,8,0.5,0.75,0.375,-0.037309619545540074,-0.412157527309828,0.2084141314348802,1,1.0,1.0,1.0,WAVLM_BASE_PLUS,9
5683-32865-0011_4970-29095-0035__T1__NBASIC__5683,5683,4970,normal_basic,-0.9,8,0.5,0.375,0.125,0.01706714608937237,-0.34949420286556554,1.4159056688447589,1,1.5,1.5,2.0,WAVLM_BASE_PLUS,9
5683-32865-0013_3570-5694-0001__T2__NBASIC__3570,3570,5683,normal_basic,17.53,9,0.0,0.0,0.0,0.524238927459111,0.2915684522489228,48.00954382667782,0,0.0,0.0,-1.0,WAVLM_BASE_PLUS,9
5683-32865-0013_3570-5694-0001__T1__NBASIC__5683,5683,3570,normal_basic,15.73,9,0.0,0.0,0.0,0.48060118729955575,0.2924888969574578,51.55091359763432,0,0.0,0.0,-1.0,WAVLM_BASE_PLUS,9
5683-32866-0004_237-134500-0021__T2__NBASIC__237,237,5683,normal_basic,1.97,9,0.7777777777777778,0.1111111111111111,0.1111111111111111,-0.013321874215978247,-0.36246573200086857,6.141718504797378,2,2.0,1.5,1.0,WAVLM_BASE_PLUS,9
5683-32866-0004_237-134500-0021__T1__NBASIC__5683,5683,237,normal_basic,1.7,9,0.3333333333333333,0.3333333333333333,0.2222222222222222,0.03771428992068587,-0.3813574219819391,2.8122729888872677,1,1.0,1.0,0.0,WAVLM_BASE_PLUS,9
5683-32866-0006_8463-294828-0027__T1__NBASIC__5683,5683,8463,normal_basic,12.88,7,0.0,0.0,0.0,0.41271818139448074,0.2315159305640856,49.103400034724864,0,0.0,0.0,-1.0,WAVLM_BASE_PLUS,9
5683-32866-0006_8463-294828-0027__T2__NBASIC__8463,8463,5683,normal_basic,16.82,7,0.0,0.0,0.0,0.44185716211156023,0.33661313771112267,38.287618031755514,0,0.0,0.0,-1.0,WAVLM_BASE_PLUS,9
5683-32866-0009_6829-68769-0020__T1__NBASIC__5683,5683,6829,normal_basic,12.15,9,0.1111111111111111,0.0,0.0,0.3640900657707047,-0.007831499295299471,41.67546406977895,0,0.0,0.0,-1.0,WAVLM_BASE_PLUS,9
5683-32866-0009_6829-68769-0020__T2__NBASIC__6829,6829,5683,normal_basic,14.08,9,0.0,0.0,0.0,0.3463236097115338,0.16718726407232531,40.120613757057946,0,0.0,0.0,-1.0,WAVLM_BASE_PLUS,9
5683-32866-0010_7127-75946-0004__T1__NBASIC__5683,5683,7127,normal_basic,9.08,7,0.0,0.0,0.0,0.3899022950671337,0.2626915082065383,37.99544368343311,0,0.0,0.0,-1.0,WAVLM_BASE_PLUS,9
5683-32866-0010_7127-75946-0004__T2__NBASIC__7127,7127,5683,normal_basic,13.48,7,0.0,0.0,0.0,0.2925342261399956,0.010315724142924254,32.66850068299404,0,0.0,0.0,-1.0,WAVLM_BASE_PLUS,9
5683-32866-0011_3575-170457-0034__T2__NBASIC__3575,3575,5683,normal_basic,7.87,5,0.0,0.0,0.0,0.4571630556650644,0.32726260217613024,32.311455912473505,0,0.0,0.0,-1.0,WAVLM_BASE_PLUS,9
5683-32866-0011_3575-170457-0034__T1__NBASIC__5683,5683,3575,normal_basic,5.41,5,1.0,0.4,0.4,-0.25368576844701946,-0.31857448179150477,-1.1348027114660926,1,2.5,2.5,0.0,WAVLM_BASE_PLUS,9
5683-32866-0012_121-121726-0001__T2__NBASIC__121,121,5683,normal_basic,14.2,9,0.1111111111111111,0.0,0.0,0.2636998173511292,-0.16835404109143015,32.82153675332292,0,0.0,0.0,-1.0,WAVLM_BASE_PLUS,9
5683-32866-0012_121-121726-0001__T1__NBASIC__5683,5683,121,normal_basic,11.23,9,0.0,0.0,0.0,0.4788813392561255,0.30152999512609746,43.998265150434584,0,0.0,0.0,-1.0,WAVLM_BASE_PLUS,9
5683-32866-0013_6829-68771-0005__T1__NBASIC__5683,5683,6829,normal_basic,14.07,11,0.0,0.0,0.0,0.24311543951458814,0.06672402825448642,33.34140702503583,0,0.0,0.0,-1.0,WAVLM_BASE_PLUS,9
5683-32866-0013_6829-68771-0005__T2__NBASIC__6829,6829,5683,normal_basic,9.7,11,0.0,0.0,0.0,0.4865050966104677,0.3076272728684361,38.17762096159585,0,0.0,0.0,-1.0,WAVLM_BASE_PLUS,9
5683-32866-0018_8463-294825-0012__T1__NBASIC__5683,5683,8463,normal_basic,12.66,9,0.0,0.0,0.0,0.4193027819500858,0.2791717432925167,44.78052687226952,0,0.0,0.0,-1.0,WAVLM_BASE_PLUS,9
5683-32866-0018_8463-294825-0012__T2__NBASIC__8463,8463,5683,normal_basic,14.36,9,0.0,0.0,0.0,0.43864462818190153,0.27750915342070914,35.441734547922565,0,0.0,0.0,-1.0,WAVLM_BASE_PLUS,9
5683-32866-0020_8463-294828-0032__T1__NBASIC__5683,5683,8463,normal_basic,11.44,6,0.0,0.0,0.0,0.3505009216086213,0.22797810575385347,33.093638395270354,0,0.0,0.0,-1.0,WAVLM_BASE_PLUS,9
5683-32866-0020_8463-294828-0032__T2__NBASIC__8463,8463,5683,normal_basic,12.21,6,0.0,0.0,0.0,0.4423370849256318,0.41132994135084855,42.44234141783508,0,0.0,0.0,-1.0,WAVLM_BASE_PLUS,9
5683-32866-0021_8463-294828-0037__T1__NBASIC__5683,5683,8463,normal_basic,10.35,9,0.0,0.0,0.0,0.4417235121224784,0.1685269257296521,40.73243688753733,0,0.0,0.0,-1.0,WAVLM_BASE_PLUS,9
5683-32866-0021_8463-294828-0037__T2__NBASIC__8463,8463,5683,normal_basic,11.7,9,0.0,0.0,0.0,0.46186359491033635,0.333526412552258,37.50690840584842,0,0.0,0.0,-1.0,WAVLM_BASE_PLUS,9
5683-32866-0022_3729-6852-0027__T2__NBASIC__3729,3729,5683,normal_basic,10.68,5,0.0,0.0,0.0,0.3422253420113133,0.20259113326127498,33.05446673254046,0,0.0,0.0,-1.0,WAVLM_BASE_PLUS,9
5683-32866-0022_3729-6852-0027__T1__NBASIC__5683,5683,3729,normal_basic,11.47,5,0.0,0.0,0.0,0.34410857032601194,0.18982296302884694,33.32728870790205,0,0.0,0.0,-1.0,WAVLM_BASE_PLUS,9
5683-32866-0025_2830-3980-0063__T2__NBASIC__2830,2830,5683,normal_basic,6.96,5,0.0,0.0,0.0,0.41794873887701656,0.2920346971776555,44.646108533885936,0,0.0,0.0,-1.0,WAVLM_BASE_PLUS,9
5683-32866-0025_2830-3980-0063__T1__NBASIC__5683,5683,2830,normal_basic,14.78,5,0.0,0.0,0.0,0.415751436375817,0.3256782124280179,32.61318614730419,0,0.0,0.0,-1.0,WAVLM_BASE_PLUS,9
5683-32866-0027_5639-40744-0000__T2__NBASIC__5639,5639,5683,normal_basic,11.6,8,0.0,0.0,0.0,0.3545732568487716,0.04231530343302137,40.14476003067345,0,0.0,0.0,-1.0,WAVLM_BASE_PLUS,9
5683-32866-0027_5639-40744-0000__T1__NBASIC__5683,5683,5639,normal_basic,11.97,8,0.0,0.0,0.0,0.4097044229402555,0.17760443332230103,44.85197981831304,0,0.0,0.0,-1.0,WAVLM_BASE_PLUS,9
5683-32879-0000_3729-6852-0002__T2__NBASIC__3729,3729,5683,normal_basic,14.87,16,0.0,0.0,0.0,0.3237061659992746,0.034174739630988826,29.22187593098144,0,0.0,0.0,-1.0,WAVLM_BASE_PLUS,9
5683-32879-0000_3729-6852-0002__T1__NBASIC__5683,5683,3729,normal_basic,7.27,16,0.0,0.0,0.0,0.36215684603808257,0.10356938415258177,31.746187983940473,0,0.0,0.0,-1.0,WAVLM_BASE_PLUS,9
5683-32879-0002_2830-3980-0067__T2__NBASIC__2830,2830,5683,normal_basic,15.32,15,0.06666666666666667,0.0,0.0,0.3858784030170902,-0.05128586495382692,44.39290971203512,0,0.0,0.0,-1.0,WAVLM_BASE_PLUS,9
5683-32879-0002_2830-3980-0067__T1__NBASIC__5683,5683,2830,normal_basic,12.75,15,0.0,0.0,0.0,0.42503581489685877,0.2891923131324746,41.232943929056674,0,0.0,0.0,-1.0,WAVLM_BASE_PLUS,9
5683-32879-0003_5142-33396-0035__T2__NBASIC__5142,5142,5683,normal_basic,16.39,6,0.0,0.0,0.0,0.281471144085316,0.1920472439740899,31.138786246289992,0,0.0,0.0,-1.0,WAVLM_BASE_PLUS,9
5683-32879-0003_5142-33396-0035__T1__NBASIC__5683,5683,5142,normal_basic,-4.41,6,0.16666666666666666,0.16666666666666666,0.16666666666666666,0.16060981394044385,-0.4943269040500149,10.270420879660707,0,0.0,0.0,-1.0,WAVLM_BASE_PLUS,9
5683-32879-0004_3575-170457-0010__T2__NBASIC__3575,3575,5683,normal_basic,9.88,8,0.0,0.0,0.0,0.3423643694955846,0.11003327149623399,23.868799747098016,0,0.0,0.0,-1.0,WAVLM_BASE_PLUS,9
5683-32879-0004_3575-170457-0010__T1__NBASIC__5683,5683,3575,normal_basic,7.75,8,0.25,0.0,0.0,0.31393272578312015,-0.08507552963146481,27.474050897393127,1,1.0,1.0,1.0,WAVLM_BASE_PLUS,9
5683-32879-0005_1995-1826-0000__T2__NBASIC__1995,1995,5683,normal_basic,16.58,11,0.0,0.0,0.0,0.4100175544561406,0.19530555215277268,52.17702674337013,0,0.0,0.0,-1.0,WAVLM_BASE_PLUS,9
5683-32879-0005_1995-1826-0000__T1__NBASIC__5683,5683,1995,normal_basic,19.62,11,0.0,0.0,0.0,0.4668253991857764,0.39547361509649115,54.04474186261071,0,0.0,0.0,-1.0,WAVLM_BASE_PLUS,9
5683-32879-0006_3575-170457-0035__T2__NBASIC__3575,3575,5683,normal_basic,10.23,17,0.0,0.0,0.0,0.4493482926026111,0.12733864529563432,39.33480506924149,0,0.0,0.0,-1.0,WAVLM_BASE_PLUS,9
5683-32879-0006_3575-170457-0035__T1__NBASIC__5683,5683,3575,normal_basic,11.14,17,0.0,0.0,0.0,0.29578604897076266,0.032056777295460526,32.319011988898886,0,0.0,0.0,-1.0,WAVLM_BASE_PLUS,9
5683-32879-0007_5142-33396-0019__T2__NBASIC__5142,5142,5683,normal_basic,8.97,8,0.0,0.0,0.0,0.33797839280590747,0.14058595614595304,23.19166606507583,0,0.0,0.0,-1.0,WAVLM_BASE_PLUS,9
5683-32879-0007_5142-33396-0019__T1__NBASIC__5683,5683,5142,normal_basic,7.42,8,0.0,0.0,0.0,0.40101608450290516,0.31986918208185666,28.23041820195585,0,0.0,0.0,-1.0,WAVLM_BASE_PLUS,9
5683-32879-0010_8463-294828-0036__T1__NBASIC__5683,5683,8463,normal_basic,13.42,12,0.08333333333333333,0.0,0.0,0.3652448608381959,-0.055317419169061854,33.48781256406944,0,0.0,0.0,-1.0,WAVLM_BASE_PLUS,9
5683-32879-0010_8463-294828-0036__T2__NBASIC__8463,8463,5683,normal_basic,0.76,12,0.0,0.0,0.0,0.32212197019955185,0.15965464870441537,11.576998098174734,0,0.0,0.0,-1.0,WAVLM_BASE_PLUS,9
5683-32879-0013_121-127105-0003__T2__NBASIC__121,121,5683,normal_basic,11.81,14,0.0,0.0,0.0,0.4299742874638649,0.18174087637769476,39.474372362650925,0,0.0,0.0,-1.0,WAVLM_BASE_PLUS,9
5683-32879-0013_121-127105-0003__T1__NBASIC__5683,5683,121,normal_basic,13.94,14,0.0,0.0,0.0,0.3570168719404854,0.21108810111457,38.474543511953314,0,0.0,0.0,-1.0,WAVLM_BASE_PLUS,9
5683-32879-0018_260-123288-0022__T2__NBASIC__260,260,5683,normal_basic,14.68,6,0.0,0.0,0.0,0.4237804752155534,0.2536767225597466,41.03073209570483,0,0.0,0.0,-1.0,WAVLM_BASE_PLUS,9
5683-32879-0018_260-123288-0022__T1__NBASIC__5683,5683,260,normal_basic,13.06,6,0.0,0.0,0.0,0.4242462785557201,0.22101155703196823,39.570207170751836,0,0.0,0.0,-1.0,WAVLM_BASE_PLUS,9
5683-32879-0018_8455-210777-0061__T1__NBASIC__5683,5683,8455,normal_basic,16.54,13,0.0,0.0,0.0,0.31958348917364227,0.10364460737840187,38.47457392942508,0,0.0,0.0,-1.0,WAVLM_BASE_PLUS,9
5683-32879-0018_8455-210777-0061__T2__NBASIC__8455,8455,5683,normal_basic,10.09,13,0.0,0.0,0.0,0.4406303750036718,0.20355974121289633,43.73927812895701,0,0.0,0.0,-1.0,WAVLM_BASE_PLUS,9
5683-32879-0023_6829-68771-0003__T1__NBASIC__5683,5683,6829,normal_basic,15.15,7,0.0,0.0,0.0,0.29479043339494776,0.14893972575808295,33.091401663037615,0,0.0,0.0,-1.0,WAVLM_BASE_PLUS,9
5683-32879-0023_6829-68771-0003__T2__NBASIC__6829,6829,5683,normal_basic,8.8,7,0.0,0.0,0.0,0.4258173273126519,0.25825219222612394,43.430721904450216,0,0.0,0.0,-1.0,WAVLM_BASE_PLUS,9
61-70968-0000_8455-210777-0012__T1__NBASIC__61,61,8455,normal_basic,10.98,6,0.0,0.0,0.0,0.48448823913760464,0.4362598830387212,35.565605640981765,0,0.0,0.0,-1.0,WAVLM_BASE_PLUS,9
61-70968-0000_8455-210777-0012__T2__NBASIC__8455,8455,61,normal_basic,13.3,6,0.0,0.0,0.0,0.28222856723496575,0.11734053891547791,27.952496597347373,0,0.0,0.0,-1.0,WAVLM_BASE_PLUS,9
61-70968-0003_2830-3980-0008__T2__NBASIC__2830,2830,61,normal_basic,10.65,7,0.14285714285714285,0.0,0.0,0.14813595823518386,-0.07201626853016485,18.93900338191182,0,0.0,0.0,-1.0,WAVLM_BASE_PLUS,9
61-70968-0003_2830-3980-0008__T1__NBASIC__61,61,2830,normal_basic,7.86,7,0.0,0.0,0.0,0.3864843452509486,0.24369518773272147,31.060692193440747,0,0.0,0.0,-1.0,WAVLM_BASE_PLUS,9
61-70968-0004_1188-133604-0014__T2__NBASIC__1188,1188,61,normal_basic,4.99,6,0.6666666666666666,0.0,0.0,0.03668996010679599,-0.10961640315265908,11.83571467399583,1,2.0,2.0,0.0,WAVLM_BASE_PLUS,9
61-70968-0004_1188-133604-0014__T1__NBASIC__61,61,1188,normal_basic,2.75,6,0.0,0.0,0.0,0.34010203821885326,0.1526891856650121,11.558247127044195,0,0.0,0.0,-1.0,WAVLM_BASE_PLUS,9
61-70968-0007_7176-88083-0021__T1__NBASIC__61,61,7176,normal_basic,9.03,6,0.0,0.0,0.0,0.369310900630544,0.14499259569294187,21.705837949956248,0,0.0,0.0,-1.0,WAVLM_BASE_PLUS,9
61-70968-0007_7176-88083-0021__T2__NBASIC__7176,7176,61,normal_basic,7.44,6,0.16666666666666666,0.0,0.0,0.12791940141527636,-0.1910257570176277,26.676016168128687,0,0.0,0.0,-1.0,WAVLM_BASE_PLUS,9
61-70968-0011_1221-135767-0013__T2__NBASIC__1221,1221,61,normal_basic,11.84,11,0.0,0.0,0.0,0.34148698878653794,0.23169648183915392,27.99570236143453,0,0.0,0.0,-1.0,WAVLM_BASE_PLUS,9
61-70968-0011_1221-135767-0013__T1__NBASIC__61,61,1221,normal_basic,8.69,11,0.0,0.0,0.0,0.41142188906196375,0.13203686211680055,33.8833816320697,0,0.0,0.0,-1.0,WAVLM_BASE_PLUS,9
61-70968-0014_7176-92135-0009__T1__NBASIC__61,61,7176,normal_basic,7.89,7,0.0,0.0,0.0,0.391704834454738,0.05065222069713404,26.914295603616857,0,0.0,0.0,-1.0,WAVLM_BASE_PLUS,9
61-70968-0014_7176-92135-0009__T2__NBASIC__7176,7176,61,normal_basic,-0.8,7,0.7142857142857143,0.7142857142857143,0.5714285714285714,-0.16817165581969712,-0.7418460377250641,-7.260103210782716,2,1.5,1.25,0.5,WAVLM_BASE_PLUS,9
61-70968-0017_2961-960-0022__T2__NBASIC__2961,2961,61,normal_basic,11.55,9,0.0,0.0,0.0,0.25514277681335057,0.040409455691191254,31.46451031657368,0,0.0,0.0,-1.0,WAVLM_BASE_PLUS,9
61-70968-0017_2961-960-0022__T1__NBASIC__61,61,2961,normal_basic,10.53,9,0.0,0.0,0.0,0.4031649920830451,0.16318725950702673,34.04499833357405,0,0.0,0.0,-1.0,WAVLM_BASE_PLUS,9
61-70968-0020_1089-134691-0012__T2__NBASIC__1089,1089,61,normal_basic,6.37,9,0.0,0.0,0.0,0.31564359462281005,0.07882815441785218,24.432440806918525,0,0.0,0.0,-1.0,WAVLM_BASE_PLUS,9
61-70968-0020_1089-134691-0012__T1__NBASIC__61,61,1089,normal_basic,6.33,9,0.1111111111111111,0.0,0.0,0.27274047855016775,-0.355195276785865,10.241364272942452,0,0.0,0.0,-1.0,WAVLM_BASE_PLUS,9
61-70968-0022_1221-135767-0011__T2__NBASIC__1221,1221,61,normal_basic,9.22,8,0.0,0.0,0.0,0.4252670139053313,0.27058600838222524,31.660573775240035,0,0.0,0.0,-1.0,WAVLM_BASE_PLUS,9
61-70968-0022_1221-135767-0011__T1__NBASIC__61,61,1221,normal_basic,11.07,8,0.0,0.0,0.0,0.3918286140282824,0.010071278017277585,33.073288565599675,0,0.0,0.0,-1.0,WAVLM_BASE_PLUS,9
61-70968-0023_260-123286-0023__T2__NBASIC__260,260,61,normal_basic,-16.99,9,0.8888888888888888,1.0,0.8888888888888888,-0.23826293429637774,-0.38571722980952744,-18.634244158922257,2,2.5,2.0,0.0,WAVLM_BASE_PLUS,9
61-70968-0023_260-123286-0023__T1__NBASIC__61,61,260,normal_basic,10.44,9,0.1111111111111111,0.0,0.0,0.27070371081561145,-0.018182366722763244,23.740663501388294,0,0.0,0.0,-1.0,WAVLM_BASE_PLUS,9
61-70968-0025_6930-76324-0006__T1__NBASIC__61,61,6930,normal_basic,5.39,7,0.0,0.0,0.0,0.36971040418625895,0.2186565951485051,24.37878798977987,0,0.0,0.0,-1.0,WAVLM_BASE_PLUS,9
61-70968-0025_6930-76324-0006__T2__NBASIC__6930,6930,61,normal_basic,9.31,7,0.0,0.0,0.0,0.25172562314769975,0.07380312973492797,29.43464661328046,0,0.0,0.0,-1.0,WAVLM_BASE_PLUS,9
61-70968-0027_4446-2273-0018__T2__NBASIC__4446,4446,61,normal_basic,9.89,5,0.0,0.0,0.0,0.3619424390450157,0.28403112895665583,41.47862591038624,0,0.0,0.0,-1.0,WAVLM_BASE_PLUS,9
61-70968-0027_4446-2273-0018__T1__NBASIC__61,61,4446,normal_basic,14.54,5,0.0,0.0,0.0,0.2971011879405299,0.2603261299905706,35.53182112268337,0,0.0,0.0,-1.0,WAVLM_BASE_PLUS,9
61-70968-0035_672-122797-0025__T1__NBASIC__61,61,672,normal_basic,8.15,14,0.0,0.0,0.0,0.4530618663716651,0.34175782712251557,30.974610337238953,0,0.0,0.0,-1.0,WAVLM_BASE_PLUS,9
61-70968-0035_672-122797-0025__T2__NBASIC__672,672,61,normal_basic,11.21,14,0.07142857142857142,0.0,0.0,0.1662842183717062,-0.06457264278705743,18.914795340967494,0,0.0,0.0,-1.0,WAVLM_BASE_PLUS,9
61-70968-0037_1221-135766-0008__T2__NBASIC__1221,1221,61,normal_basic,11.26,7,0.0,0.0,0.0,0.2674156319765813,0.04187679456623039,18.813232787958572,0,0.0,0.0,-1.0,WAVLM_BASE_PLUS,9
61-70968-0037_1221-135766-0008__T1__NBASIC__61,61,1221,normal_basic,9.34,7,0.0,0.0,0.0,0.41974905551744074,0.242416344444489,37.31964719057233,0,0.0,0.0,-1.0,WAVLM_BASE_PLUS,9
61-70968-0039_8463-294828-0020__T1__NBASIC__61,61,8463,normal_basic,12.85,6,0.0,0.0,0.0,0.31905647506942875,0.17137654057327478,34.481412455944486,0,0.0,0.0,-1.0,WAVLM_BASE_PLUS,9
61-70968-0039_8463-294828-0020__T2__NBASIC__8463,8463,61,normal_basic,10.7,6,0.0,0.0,0.0,0.4277090882744435,0.2875322764485626,40.326065731535174,0,0.0,0.0,-1.0,WAVLM_BASE_PLUS,9
61-70968-0040_3570-5694-0012__T2__NBASIC__3570,3570,61,normal_basic,12.93,5,0.0,0.0,0.0,0.36314763449061516,0.3131735788235309,38.06546820319189,0,0.0,0.0,-1.0,WAVLM_BASE_PLUS,9
61-70968-0040_3570-5694-0012__T1__NBASIC__61,61,3570,normal_basic,11.39,5,0.0,0.0,0.0,0.4294812155487036,0.3807115149783452,40.26423104224148,0,0.0,0.0,-1.0,WAVLM_BASE_PLUS,9
61-70968-0043_7021-85628-0019__T1__NBASIC__61,61,7021,normal_basic,2.76,5,0.0,0.2,0.0,0.36802805047127535,0.25540889321016624,15.829386168720447,0,0.0,0.0,-1.0,WAVLM_BASE_PLUS,9
61-70968-0043_7021-85628-0019__T2__NBASIC__7021,7021,61,normal_basic,-1.12,5,1.0,1.0,1.0,-0.2843565132448433,-0.41988774767503695,-6.709401295712792,1,2.5,2.5,0.0,WAVLM_BASE_PLUS,9
61-70968-0045_2830-3980-0001__T2__NBASIC__2830,2830,61,normal_basic,7.24,5,0.0,0.0,0.0,0.39786009747170575,0.28173078222260595,32.35039853436049,0,0.0,0.0,-1.0,WAVLM_BASE_PLUS,9
61-70968-0045_2830-3980-0001__T1__NBASIC__61,61,2830,normal_basic,8.74,5,0.0,0.2,0.0,0.2923997264754906,0.12089330056011127,15.080431785773566,0,0.0,0.0,-1.0,WAVLM_BASE_PLUS,9
61-70968-0046_3570-5694-0004__T2__NBASIC__3570,3570,61,normal_basic,10.02,6,0.0,0.0,0.0,0.39625802994361986,0.15506839442060472,44.44438001858924,0,0.0,0.0,-1.0,WAVLM_BASE_PLUS,9
61-70968-0046_3570-5694-0004__T1__NBASIC__61,61,3570,normal_basic,15.14,6,0.0,0.0,0.0,0.38513756366913343,0.16971170562828786,43.11656975260876,0,0.0,0.0,-1.0,WAVLM_BASE_PLUS,9
61-70968-0049_7021-79740-0014__T1__NBASIC__61,61,7021,normal_basic,8.1,15,0.06666666666666667,0.0,0.0,0.4019148457056541,-0.035446285492551355,24.907901561087105,0,0.0,0.0,-1.0,WAVLM_BASE_PLUS,9
61-70968-0049_7021-79740-0014__T2__NBASIC__7021,7021,61,normal_basic,-5.65,15,0.9333333333333333,1.0,0.9333333333333333,-0.31515340834320327,-0.563009496754666,-10.26606625863256,1,7.0,7.0,0.5,WAVLM_BASE_PLUS,9
61-70968-0051_4992-41806-0000__T2__NBASIC__4992,4992,61,normal_basic,12.8,5,0.0,0.0,0.0,0.33680218573144166,0.11651505195701972,37.28401129270388,0,0.0,0.0,-1.0,WAVLM_BASE_PLUS,9
61-70968-0051_4992-41806-0000__T1__NBASIC__61,61,4992,normal_basic,12.13,5,0.0,0.0,0.0,0.4161412071580661,0.259177635443929,39.032448021559034,0,0.0,0.0,-1.0,WAVLM_BASE_PLUS,9
61-70968-0053_5683-32865-0008__T2__NBASIC__5683,5683,61,normal_basic,14.07,7,0.0,0.0,0.0,0.3236230875838473,0.18692985042959231,26.288721614617714,0,0.0,0.0,-1.0,WAVLM_BASE_PLUS,9
61-70968-0053_5683-32865-0008__T1__NBASIC__61,61,5683,normal_basic,9.45,7,0.0,0.0,0.0,0.46645236631314635,0.26806127488932385,38.8625456321467,0,0.0,0.0,-1.0,WAVLM_BASE_PLUS,9
61-70968-0056_7176-92135-0025__T1__NBASIC__61,61,7176,normal_basic,4.82,6,0.0,0.0,0.0,0.37033854157330043,0.29476111537781846,18.423933703597054,0,0.0,0.0,-1.0,WAVLM_BASE_PLUS,9
61-70968-0056_7176-92135-0025__T2__NBASIC__7176,7176,61,normal_basic,-5.77,6,1.0,1.0,1.0,-0.28781929536231177,-0.4785651468885055,-12.171959846465676,1,3.0,3.0,0.0,WAVLM_BASE_PLUS,9
61-70968-0057_2094-142345-0014__T2__NBASIC__2094,2094,61,normal_basic,10.37,9,0.0,0.0,0.0,0.2872141942975758,0.05582415945938357,30.121753489327677,0,0.0,0.0,-1.0,WAVLM_BASE_PLUS,9
61-70968-0057_2094-142345-0014__T1__NBASIC__61,61,2094,normal_basic,8.83,9,0.0,0.0,0.0,0.420126749520733,0.35882510845094673,29.998641936859322,0,0.0,0.0,-1.0,WAVLM_BASE_PLUS,9
61-70968-0060_3575-170457-0037__T2__NBASIC__3575,3575,61,normal_basic,10.58,6,0.0,0.0,0.0,0.3519175272709834,0.287674705886643,33.503444191095575,0,0.0,0.0,-1.0,WAVLM_BASE_PLUS,9
61-70968-0060_3575-170457-0037__T1__NBASIC__61,61,3575,normal_basic,9.48,6,0.0,0.0,0.0,0.4107938253589345,0.34867822108363056,34.39802306275555,0,0.0,0.0,-1.0,WAVLM_BASE_PLUS,9
61-70970-0000_121-121726-0002__T2__NBASIC__121,121,61,normal_basic,11.94,7,0.0,0.0,0.0,0.5168859197668949,0.444295245123774,39.75911798716714,0,0.0,0.0,-1.0,WAVLM_BASE_PLUS,9
61-70970-0000_121-121726-0002__T1__NBASIC__61,61,121,normal_basic,15.62,7,0.0,0.0,0.0,0.5124285240050201,0.38198223261345593,40.243472294537106,0,0.0,0.0,-1.0,WAVLM_BASE_PLUS,9
61-70970-0001_4446-2275-0038__T2__NBASIC__4446,4446,61,normal_basic,11.45,8,0.0,0.0,0.0,0.4378992483048072,0.22185183450047452,36.097278474031384,0,0.0,0.0,-1.0,WAVLM_BASE_PLUS,9
61-70970-0001_4446-2275-0038__T1__NBASIC__61,61,4446,normal_basic,11.96,8,0.0,0.0,0.0,0.3934606209609738,0.23309195964808938,37.04439300201469,0,0.0,0.0,-1.0,WAVLM_BASE_PLUS,9
61-70970-0004_237-134500-0008__T2__NBASIC__237,237,61,normal_basic,13.0,6,0.0,0.0,0.0,0.35321538767889854,0.2291056169941969,40.63540216479901,0,0.0,0.0,-1.0,WAVLM_BASE_PLUS,9
61-70970-0004_237-134500-0008__T1__NBASIC__61,61,237,normal_basic,13.29,6,0.0,0.0,0.0,0.4392386562160288,0.3838974389483235,39.10069916259908,0,0.0,0.0,-1.0,WAVLM_BASE_PLUS,9
61-70970-0007_4507-16021-0035__T2__NBASIC__4507,4507,61,normal_basic,11.75,7,0.0,0.0,0.0,0.33568289560069253,0.188789196338776,39.37494837109166,0,0.0,0.0,-1.0,WAVLM_BASE_PLUS,9
61-70970-0007_4507-16021-0035__T1__NBASIC__61,61,4507,normal_basic,13.81,7,0.0,0.0,0.0,0.40521209483524945,0.1447975606569053,36.792047962238065,0,0.0,0.0,-1.0,WAVLM_BASE_PLUS,9
61-70970-0010_7021-85628-0022__T1__NBASIC__61,61,7021,normal_basic,7.81,5,0.0,0.0,0.0,0.3821409106200302,0.08604809487625176,23.27291592784317,0,0.0,0.0,-1.0,WAVLM_BASE_PLUS,9
61-70970-0010_7021-85628-0022__T2__NBASIC__7021,7021,61,normal_basic,8.07,5,0.4,0.0,0.0,-0.0036640621703803,-0.18003564712942022,16.973496286109388,1,1.0,1.0,0.0,WAVLM_BASE_PLUS,9
61-70970-0011_1995-1826-0009__T2__NBASIC__1995,1995,61,normal_basic,12.48,11,0.0,0.0,0.0,0.3195735697935906,0.12600198784606276,34.793247389155084,0,0.0,0.0,-1.0,WAVLM_BASE_PLUS,9
61-70970-0011_1995-1826-0009__T1__NBASIC__61,61,1995,normal_basic,12.24,11,0.0,0.0,0.0,0.4333189701595097,0.22996677075573257,37.596329811811856,0,0.0,0.0,-1.0,WAVLM_BASE_PLUS,9
61-70970-0015_7127-75946-0018__T1__NBASIC__61,61,7127,normal_basic,10.35,15,0.0,0.0,0.0,0.3090604407148079,0.1266926843884138,21.816415067185083,0,0.0,0.0,-1.0,WAVLM_BASE_PLUS,9
61-70970-0015_7127-75946-0018__T2__NBASIC__7127,7127,61,normal_basic,9.1,15,0.0,0.0,0.0,0.44391052716668483,0.12540414100285424,32.36199561910214,0,0.0,0.0,-1.0,WAVLM_BASE_PLUS,9
61-70970-0020_4507-16021-0031__T2__NBASIC__4507,4507,61,normal_basic,13.2,9,0.0,0.0,0.0,0.33117275890144265,0.018405794729235203,35.685866749183596,0,0.0,0.0,-1.0,WAVLM_BASE_PLUS,9
61-70970-0020_4507-16021-0031__T1__NBASIC__61,61,4507,normal_basic,9.76,9,0.0,0.0,0.0,0.47249202455125033,0.4059033554616447,44.588347191824,0,0.0,0.0,-1.0,WAVLM_BASE_PLUS,9
61-70970-0022_1580-141083-0053__T2__NBASIC__1580,1580,61,normal_basic,14.4,5,0.0,0.0,0.0,0.3940683454818438,0.14822972407889856,31.380330486448344,0,0.0,0.0,-1.0,WAVLM_BASE_PLUS,9
61-70970-0022_1580-141083-0053__T1__NBASIC__61,61,1580,normal_basic,9.9,5,0.0,0.0,0.0,0.48814906048831136,0.33069882097444037,41.64555227154925,0,0.0,0.0,-1.0,WAVLM_BASE_PLUS,9
61-70970-0023_3570-5696-0007__T2__NBASIC__3570,3570,61,normal_basic,11.11,6,0.0,0.0,0.0,0.30079231458317673,0.1702208937121602,37.88606267822189,0,0.0,0.0,-1.0,WAVLM_BASE_PLUS,9
61-70970-0023_3570-5696-0007__T1__NBASIC__61,61,3570,normal_basic,13.66,6,0.0,0.0,0.0,0.4886559408533399,0.43806414181818704,37.55295710432736,0,0.0,0.0,-1.0,WAVLM_BASE_PLUS,9
61-70970-0028_2300-131720-0013__T2__NBASIC__2300,2300,61,normal_basic,7.11,12,0.0,0.0,0.0,0.30808840020774764,0.05913233638754367,28.735854311783953,0,0.0,0.0,-1.0,WAVLM_BASE_PLUS,9
61-70970-0028_2300-131720-0013__T1__NBASIC__61,61,2300,normal_basic,9.84,12,0.0,0.0,0.0,0.3568794335416077,0.14210896133102924,24.838409763819318,0,0.0,0.0,-1.0,WAVLM_BASE_PLUS,9
61-70970-0029_5142-36377-0000__T2__NBASIC__5142,5142,61,normal_basic,14.03,5,0.0,0.0,0.0,0.4199328306442009,0.2972004032565325,34.15215499649115,0,0.0,0.0,-1.0,WAVLM_BASE_PLUS,9
61-70970-0029_5142-36377-0000__T1__NBASIC__61,61,5142,normal_basic,10.62,5,0.0,0.0,0.0,0.43452810314765955,0.29507792424459633,37.99132409922842,0,0.0,0.0,-1.0,WAVLM_BASE_PLUS,9
61-70970-0034_908-31957-0020__T1__NBASIC__61,61,908,normal_basic,-15.27,7,0.7142857142857143,1.0,0.7142857142857143,-0.18763952019959174,-0.44054376197922496,-27.413764066474958,1,2.5,2.5,0.0,WAVLM_BASE_PLUS,9
61-70970-0034_908-31957-0020__T2__NBASIC__908,908,61,normal_basic,-17.36,7,1.0,1.0,1.0,-0.4245976118021276,-0.6258178128379259,-22.54335595398098,1,3.5,3.5,0.0,WAVLM_BASE_PLUS,9
61-70970-0036_1089-134686-0016__T2__NBASIC__1089,1089,61,normal_basic,2.74,6,0.5,0.16666666666666666,0.16666666666666666,-0.0715557927608995,-0.5076180296940598,3.9038595373626332,1,1.0,1.0,0.0,WAVLM_BASE_PLUS,9
61-70970-0036_1089-134686-0016__T1__NBASIC__61,61,1089,normal_basic,-1.8,6,0.0,0.5,0.0,0.24947283589881905,0.06788203520265612,3.127026477284137,0,0.0,0.0,-1.0,WAVLM_BASE_PLUS,9
61-70970-0039_5105-28233-0001__T2__NBASIC__5105,5105,61,normal_basic,9.34,7,0.0,0.0,0.0,0.3092567254277025,0.19666951618399764,28.479903417640774,0,0.0,0.0,-1.0,WAVLM_BASE_PLUS,9
61-70970-0039_5105-28233-0001__T1__NBASIC__61,61,5105,normal_basic,11.79,7,0.0,0.0,0.0,0.3350808201086478,0.17068537304919418,35.04447335711434,0,0.0,0.0,-1.0,WAVLM_BASE_PLUS,9
672-122797-0000_8455-210777-0019__T1__NBASIC__672,672,8455,normal_basic,-14.15,6,0.8333333333333334,1.0,0.8333333333333334,-0.34121923576804325,-0.5490960348611997,-28.224540801742403,1,2.5,2.5,0.5,WAVLM_BASE_PLUS,9
672-122797-0000_8455-210777-0019__T2__NBASIC__8455,8455,672,normal_basic,3.06,6,0.16666666666666666,0.0,0.0,0.22207565208661614,-0.2205709770911134,17.95860375481135,0,0.0,0.0,-1.0,WAVLM_BASE_PLUS,9
672-122797-0002_237-126133-0012__T2__NBASIC__237,237,672,normal_basic,11.42,7,0.0,0.0,0.0,0.45067565169580065,0.34531707076537377,38.46731130204858,0,0.0,0.0,-1.0,WAVLM_BASE_PLUS,9
672-122797-0002_237-126133-0012__T1__NBASIC__672,672,237,normal_basic,11.95,7,0.0,0.0,0.0,0.43224931772253716,0.15187781745423445,33.1217029117361,0,0.0,0.0,-1.0,WAVLM_BASE_PLUS,9
672-122797-0002_7729-102255-0012__T1__NBASIC__672,672,7729,normal_basic,13.06,7,0.0,0.0,0.0,0.34589416713933835,0.17335205923513786,35.14704094965212,0,0.0,0.0,-1.0,WAVLM_BASE_PLUS,9
672-122797-0002_7729-102255-0012__T2__NBASIC__7729,7729,672,normal_basic,11.08,7,0.0,0.0,0.0,0.38548113790499816,0.25503444161561983,32.594162894387225,0,0.0,0.0,-1.0,WAVLM_BASE_PLUS,9
672-122797-0003_4446-2275-0010__T2__NBASIC__4446,4446,672,normal_basic,12.01,6,0.0,0.0,0.0,0.4969257738346347,0.17639994268476966,44.62160552822187,0,0.0,0.0,-1.0,WAVLM_BASE_PLUS,9
672-122797-0003_4446-2275-0010__T1__NBASIC__672,672,4446,normal_basic,13.56,6,0.0,0.0,0.0,0.25379779484193116,0.03565928635674531,30.87827203363904,0,0.0,0.0,-1.0,WAVLM_BASE_PLUS,9
672-122797-0004_8455-210777-0013__T1__NBASIC__672,672,8455,normal_basic,-18.92,12,0.8333333333333334,0.8333333333333334,0.75,-0.1657588117660074,-0.6103889820091393,-17.37474581460329,2,2.5,2.5,0.0,WAVLM_BASE_PLUS,9
672-122797-0004_8455-210777-0013__T2__NBASIC__8455,8455,672,normal_basic,11.36,12,0.4166666666666667,0.16666666666666666,0.08333333333333333,0.029517725483277843,-0.4006543079354002,15.719974633038369,1,1.5,1.5,2.0,WAVLM_BASE_PLUS,9
672-122797-0006_5683-32865-0017__T2__NBASIC__5683,5683,672,normal_basic,1.94,9,0.2222222222222222,0.0,0.0,0.24547949389068716,-0.032388507672084565,15.470312989909562,0,0.0,0.0,-1.0,WAVLM_BASE_PLUS,9
672-122797-0006_5683-32865-0017__T1__NBASIC__672,672,5683,normal_basic,8.99,9,0.1111111111111111,0.0,0.0,0.18788853341253786,-0.09436070730315449,20.553818156817716,0,0.0,0.0,-1.0,WAVLM_BASE_PLUS,9
672-122797-0012_260-123440-0002__T2__NBASIC__260,260,672,normal_basic,3.2,14,0.2857142857142857,0.07142857142857142,0.07142857142857142,0.07339431200995607,-0.409045866891562,14.193681991107365,1,1.0,1.0,1.5,WAVLM_BASE_PLUS,9
672-122797-0012_260-123440-0002__T1__NBASIC__672,672,260,normal_basic,-10.74,14,0.8571428571428571,1.0,0.8571428571428571,-0.1517537867538377,-0.4901087186066391,-20.839975404151506,1,5.5,5.5,0.0,WAVLM_BASE_PLUS,9
672-122797-0018_8230-279154-0041__T1__NBASIC__672,672,8230,normal_basic,-18.36,8,0.625,1.0,0.625,-0.08713763600071123,-0.389496124073101,-27.527004408546293,1,2.5,2.5,0.0,WAVLM_BASE_PLUS,9
672-122797-0018_8230-279154-0041__T2__NBASIC__8230,8230,672,normal_basic,12.35,8,0.125,0.0,0.0,0.24167585882674283,-0.019274148121001478,33.74792285631089,0,0.0,0.0,-1.0,WAVLM_BASE_PLUS,9
672-122797-0019_4507-16021-0033__T2__NBASIC__4507,4507,672,normal_basic,5.35,7,0.0,0.0,0.0,0.19901912956585877,0.04630700944178745,19.150719453631677,0,0.0,0.0,-1.0,WAVLM_BASE_PLUS,9
672-122797-0019_4507-16021-0033__T1__NBASIC__672,672,4507,normal_basic,3.86,7,0.0,0.0,0.0,0.4118166000182008,0.23641721055524184,21.004285988318774,0,0.0,0.0,-1.0,WAVLM_BASE_PLUS,9
672-122797-0027_3575-170457-0050__T2__NBASIC__3575,3575,672,normal_basic,14.85,8,0.0,0.0,0.0,0.40067239685392575,0.007831812681895811,37.3552785102216,0,0.0,0.0,-1.0,WAVLM_BASE_PLUS,9
672-122797-0027_3575-170457-0050__T1__NBASIC__672,672,3575,normal_basic,13.81,8,0.0,0.0,0.0,0.46680412720200254,0.27359605919077734,44.56939494409488,0,0.0,0.0,-1.0,WAVLM_BASE_PLUS,9
672-122797-0029_4446-2273-0001__T2__NBASIC__4446,4446,672,normal_basic,14.25,5,0.0,0.0,0.0,0.5055903444592904,0.4444043473417687,39.137905771852175,0,0.0,0.0,-1.0,WAVLM_BASE_PLUS,9
672-122797-0029_4446-2273-0001__T1__NBASIC__672,672,4446,normal_basic,12.95,5,0.2,0.0,0.0,0.2852563712483577,-0.05402204562247925,27.206875694271154,0,0.0,0.0,-1.0,WAVLM_BASE_PLUS,9
672-122797-0031_908-31957-0013__T1__NBASIC__672,672,908,normal_basic,11.51,6,0.0,0.0,0.0,0.2629701843084201,0.05822202446841784,30.55150047873894,0,0.0,0.0,-1.0,WAVLM_BASE_PLUS,9
672-122797-0031_908-31957-0013__T2__NBASIC__908,908,672,normal_basic,-22.75,6,1.0,1.0,1.0,-0.2852193276868694,-0.39801077630880616,-27.834527810584703,1,3.0,3.0,0.0,WAVLM_BASE_PLUS,9
672-122797-0034_4992-41806-0007__T2__NBASIC__4992,4992,672,normal_basic,13.15,9,0.0,0.0,0.0,0.3699132343140422,0.20858645021975059,41.765870050176005,0,0.0,0.0,-1.0,WAVLM_BASE_PLUS,9
672-122797-0034_4992-41806-0007__T1__NBASIC__672,672,4992,normal_basic,6.32,9,0.0,0.0,0.0,0.40317919086526544,0.21966315185764018,29.74640808912079,0,0.0,0.0,-1.0,WAVLM_BASE_PLUS,9
672-122797-0038_5683-32866-0002__T2__NBASIC__5683,5683,672,normal_basic,16.57,9,0.0,0.0,0.0,0.5044442655586371,0.3476274999048021,49.77329882342149,0,0.0,0.0,-1.0,WAVLM_BASE_PLUS,9
672-122797-0038_5683-32866-0002__T1__NBASIC__672,672,5683,normal_basic,16.53,9,0.0,0.0,0.0,0.523513474969787,0.44197879837683113,48.54427140333932,0,0.0,0.0,-1.0,WAVLM_BASE_PLUS,9
672-122797-0039_5142-33396-0053__T2__NBASIC__5142,5142,672,normal_basic,6.67,6,0.0,0.0,0.0,0.3897019524108747,0.25507895455088114,23.525251667726863,0,0.0,0.0,-1.0,WAVLM_BASE_PLUS,9
672-122797-0039_5142-33396-0053__T1__NBASIC__672,672,5142,normal_basic,10.67,6,0.0,0.0,0.0,0.2768704586701964,0.1658536261440745,31.866523997615264,0,0.0,0.0,-1.0,WAVLM_BASE_PLUS,9
672-122797-0040_5683-32866-0024__T2__NBASIC__5683,5683,672,normal_basic,11.81,9,0.0,0.0,0.0,0.49289728692359763,0.23557658325706832,41.92492203012577,0,0.0,0.0,-1.0,WAVLM_BASE_PLUS,9
672-122797-0040_5683-32866-0024__T1__NBASIC__672,672,5683,normal_basic,15.59,9,0.0,0.0,0.0,0.3877058697389736,0.13152091823551804,40.42809407218598,0,0.0,0.0,-1.0,WAVLM_BASE_PLUS,9
672-122797-0046_2961-961-0003__T2__NBASIC__2961,2961,672,normal_basic,0.55,7,0.8571428571428571,0.42857142857142855,0.42857142857142855,-0.17927464010178149,-0.4856803013511324,2.7811069503096317,1,3.0,3.0,0.0,WAVLM_BASE_PLUS,9
672-122797-0046_2961-961-0003__T1__NBASIC__672,672,2961,normal_basic,-15.95,7,0.5714285714285714,0.7142857142857143,0.5714285714285714,-0.06061503780343263,-0.3345808319886508,-9.230972650649433,1,2.0,2.0,0.5,WAVLM_BASE_PLUS,9
672-122797-0047_1284-1181-0014__T2__NBASIC__1284,1284,672,normal_basic,9.25,5,0.0,0.0,0.0,0.3598550725099384,0.21263117440247492,35.48195703023282,0,0.0,0.0,-1.0,WAVLM_BASE_PLUS,9
672-122797-0047_1284-1181-0014__T1__NBASIC__672,672,1284,normal_basic,14.09,5,0.0,0.0,0.0,0.41524119576191126,0.2648265873193444,31.973009335971064,0,0.0,0.0,-1.0,WAVLM_BASE_PLUS,9
672-122797-0048_237-134500-0022__T2__NBASIC__237,237,672,normal_basic,11.63,8,0.0,0.0,0.0,0.30696886183317473,0.16055590569400768,23.943052316293127,0,0.0,0.0,-1.0,WAVLM_BASE_PLUS,9
672-122797-0048_237-134500-0022__T1__NBASIC__672,672,237,normal_basic,4.76,8,0.125,0.25,0.125,0.3165383600066329,-0.21442843677382434,19.98643090727385,0,0.0,0.0,-1.0,WAVLM_BASE_PLUS,9
672-122797-0052_2961-960-0004__T2__NBASIC__2961,2961,672,normal_basic,4.0,7,0.8571428571428571,0.42857142857142855,0.42857142857142855,-0.1306531660817726,-0.2853979581376491,0.9085278019349701,1,2.5,2.5,1.0,WAVLM_BASE_PLUS,9
672-122797-0052_2961-960-0004__T1__NBASIC__672,672,2961,normal_basic,-9.3,7,0.5714285714285714,0.7142857142857143,0.42857142857142855,-0.04864100754752697,-0.2620734319348665,-7.919762085315133,1,1.0,1.0,2.5,WAVLM_BASE_PLUS,9
672-122797-0060_237-134500-0015__T2__NBASIC__237,237,672,normal_basic,12.32,5,0.0,0.0,0.0,0.3569424024877731,0.15473776746264822,37.61687698191605,0,0.0,0.0,-1.0,WAVLM_BASE_PLUS,9
672-122797-0060_237-134500-0015__T1__NBASIC__672,672,237,normal_basic,5.56,5,0.2,0.2,0.2,0.343199906030975,-0.008358836006834514,27.411068537202084,0,0.0,0.0,-1.0,WAVLM_BASE_PLUS,9
672-122797-0061_260-123286-0018__T2__NBASIC__260,260,672,normal_basic,12.93,10,0.0,0.0,0.0,0.30615311796332784,0.02102518039614676,34.14102068337586,0,0.0,0.0,-1.0,WAVLM_BASE_PLUS,9
672-122797-0061_260-123286-0018__T1__NBASIC__672,672,260,normal_basic,-23.57,10,1.0,1.0,1.0,-0.30623104279729263,-0.5672938710241178,-30.786917614068678,1,5.0,5.0,0.0,WAVLM_BASE_PLUS,9
672-122797-0064_8455-210777-0057__T1__NBASIC__672,672,8455,normal_basic,-18.42,17,1.0,1.0,1.0,-0.44987624502833556,-0.6658895875486208,-33.31479908825622,1,8.5,8.5,0.0,WAVLM_BASE_PLUS,9
672-122797-0064_8455-210777-0057__T2__NBASIC__8455,8455,672,normal_basic,9.57,17,0.0,0.0,0.0,0.3884908110301182,0.03003064550916068,31.009625475203954,0,0.0,0.0,-1.0,WAVLM_BASE_PLUS,9
672-122797-0066_1221-135766-0004__T2__NBASIC__1221,1221,672,normal_basic,10.56,8,0.0,0.0,0.0,0.3551683504311699,0.15746122283725628,23.850205648324035,0,0.0,0.0,-1.0,WAVLM_BASE_PLUS,9
672-122797-0066_1221-135766-0004__T1__NBASIC__672,672,1221,normal_basic,9.16,8,0.0,0.0,0.0,0.387970892879393,0.15718859119750628,34.51711488922217,0,0.0,0.0,-1.0,WAVLM_BASE_PLUS,9
672-122797-0068_2094-142345-0056__T2__NBASIC__2094,2094,672,normal_basic,12.92,6,0.0,0.0,0.0,0.4000697698208105,0.2504367778281785,45.576216992177415,0,0.0,0.0,-1.0,WAVLM_BASE_PLUS,9
672-122797-0068_2094-142345-0056__T1__NBASIC__672,672,2094,normal_basic,12.56,6,0.0,0.0,0.0,0.3800681045592987,0.1936761698134578,39.78418333913512,0,0.0,0.0,-1.0,WAVLM_BASE_PLUS,9
672-122797-0070_3570-5695-0006__T2__NBASIC__3570,3570,672,normal_basic,16.09,11,0.0,0.0,0.0,0.3668893116630337,0.2731209505484562,51.23948145860911,0,0.0,0.0,-1.0,WAVLM_BASE_PLUS,9
672-122797-0070_3570-5695-0006__T1__NBASIC__672,672,3570,normal_basic,17.21,11,0.0,0.0,0.0,0.42068537300874104,0.3004330873781812,57.00814267754789,0,0.0,0.0,-1.0,WAVLM_BASE_PLUS,9
672-122797-0072_237-134493-0011__T2__NBASIC__237,237,672,normal_basic,17.73,9,0.0,0.0,0.0,0.41873586024840853,0.3167067106801785,44.322759750235704,0,0.0,0.0,-1.0,WAVLM_BASE_PLUS,9
672-122797-0072_237-134493-0011__T1__NBASIC__672,672,237,normal_basic,13.59,9,0.0,0.0,0.0,0.4509656906249556,0.3635213004364069,46.741805114761014,0,0.0,0.0,-1.0,WAVLM_BASE_PLUS,9
6829-68769-0001_7729-102255-0022__T1__NBASIC__6829,6829,7729,normal_basic,11.33,17,0.0,0.0,0.0,0.4597658524924708,0.3519671102682679,41.17813450081432,0,0.0,0.0,-1.0,WAVLM_BASE_PLUS,9
6829-68769-0001_7729-102255-0022__T2__NBASIC__7729,7729,6829,normal_basic,13.1,17,0.0,0.0,0.0,0.3796283238832635,0.25775305457505476,37.212797025765056,0,0.0,0.0,-1.0,WAVLM_BASE_PLUS,9
6829-68769-0006_5683-32879-0020__T2__NBASIC__5683,5683,6829,normal_basic,17.68,12,0.0,0.0,0.0,0.29412979575241266,0.17192908455309885,38.28753973482085,0,0.0,0.0,-1.0,WAVLM_BASE_PLUS,9
6829-68769-0006_5683-32879-0020__T1__NBASIC__6829,6829,5683,normal_basic,10.2,12,0.0,0.0,0.0,0.44802793632489196,0.28657154874547175,47.50786814538029,0,0.0,0.0,-1.0,WAVLM_BASE_PLUS,9
6829-68769-0008_4992-41806-0004__T2__NBASIC__4992,4992,6829,normal_basic,7.68,6,0.0,0.0,0.0,0.33879846293684546,0.09598809860824575,28.415655897077908,0,0.0,0.0,-1.0,WAVLM_BASE_PLUS,9
6829-68769-0008_4992-41806-0004__T1__NBASIC__6829,6829,4992,normal_basic,7.14,6,0.16666666666666666,0.16666666666666666,0.16666666666666666,0.24544368595724028,-0.16667500180707084,17.087216602012333,0,0.0,0.0,-1.0,WAVLM_BASE_PLUS,9
6829-68769-0012_1284-1181-0001__T2__NBASIC__1284,1284,6829,normal_basic,7.81,7,0.0,0.0,0.0,0.24413899187056515,0.1298264316477723,25.70510886713819,0,0.0,0.0,-1.0,WAVLM_BASE_PLUS,9
6829-68769-0012_1284-1181-0001__T1__NBASIC__6829,6829,1284,normal_basic,6.37,7,0.0,0.0,0.0,0.3761569477390931,0.2825759231542212,31.010292593018672,0,0.0,0.0,-1.0,WAVLM_BASE_PLUS,9
6829-68769-0015_1580-141084-0011__T2__NBASIC__1580,1580,6829,normal_basic,17.06,9,0.0,0.0,0.0,0.28125723718688866,0.004590302613958708,37.33966316438514,0,0.0,0.0,-1.0,WAVLM_BASE_PLUS,9
6829-68769-0015_1580-141084-0011__T1__NBASIC__6829,6829,1580,normal_basic,11.7,9,0.0,0.0,0.0,0.4655006320921751,0.3395490755878813,44.68128870105599,0,0.0,0.0,-1.0,WAVLM_BASE_PLUS,9
6829-68769-0021_1188-133604-0024__T2__NBASIC__1188,1188,6829,normal_basic,10.56,14,0.07142857142857142,0.0,0.0,0.23811706906957306,-0.09808695704784609,28.9005594899134,0,0.0,0.0,-1.0,WAVLM_BASE_PLUS,9
6829-68769-0021_1188-133604-0024__T1__NBASIC__6829,6829,1188,normal_basic,10.62,14,0.0,0.0,0.0,0.4166522987171057,0.3173638518756844,37.364831182972274,0,0.0,0.0,-1.0,WAVLM_BASE_PLUS,9
6829-68769-0022_672-122797-0064__T2__NBASIC__672,672,6829,normal_basic,13.47,7,0.0,0.0,0.0,0.4272858416014543,0.25456371356306673,39.24361854852828,0,0.0,0.0,-1.0,WAVLM_BASE_PLUS,9
6829-68769-0022_672-122797-0064__T1__NBASIC__6829,6829,672,normal_basic,14.44,7,0.0,0.0,0.0,0.4362329637105726,0.30609361916348654,42.10913239858885,0,0.0,0.0,-1.0,WAVLM_BASE_PLUS,9
6829-68769-0024_672-122797-0013__T2__NBASIC__672,672,6829,normal_basic,16.69,8,0.0,0.0,0.0,0.31364479870869316,0.1782241657015714,34.36959481788447,0,0.0,0.0,-1.0,WAVLM_BASE_PLUS,9
6829-68769-0024_672-122797-0013__T1__NBASIC__6829,6829,672,normal_basic,9.03,8,0.0,0.0,0.0,0.4546837735486898,0.385674588119333,44.36377083268701,0,0.0,0.0,-1.0,WAVLM_BASE_PLUS,9
6829-68769-0026_1284-1180-0030__T2__NBASIC__1284,1284,6829,normal_basic,4.47,8,0.0,0.0,0.0,0.3106456364838911,0.05551940668177391,18.18349984902412,0,0.0,0.0,-1.0,WAVLM_BASE_PLUS,9
6829-68769-0026_1284-1180-0030__T1__NBASIC__6829,6829,1284,normal_basic,4.98,8,0.375,0.0,0.0,0.14683764970451385,-0.3029171581756619,18.482404717351933,1,1.5,1.5,0.0,WAVLM_BASE_PLUS,9
6829-68769-0027_1089-134686-0010__T2__NBASIC__1089,1089,6829,normal_basic,16.22,5,0.0,0.0,0.0,0.3801962425443457,0.2659176448229502,38.42958672149302,0,0.0,0.0,-1.0,WAVLM_BASE_PLUS,9
6829-68769-0027_1089-134686-0010__T1__NBASIC__6829,6829,1089,normal_basic,12.9,5,0.0,0.0,0.0,0.4177339362828093,0.3345311036692046,46.1138288234492,0,0.0,0.0,-1.0,WAVLM_BASE_PLUS,9
6829-68769-0028_5105-28240-0002__T2__NBASIC__5105,5105,6829,normal_basic,9.51,5,0.0,0.0,0.0,0.46860467983958287,0.4272984776867881,42.509766147286015,0,0.0,0.0,-1.0,WAVLM_BASE_PLUS,9
6829-68769-0028_5105-28240-0002__T1__NBASIC__6829,6829,5105,normal_basic,15.39,5,0.0,0.0,0.0,0.32232521116659874,0.19912660910551594,34.83392693079365,0,0.0,0.0,-1.0,WAVLM_BASE_PLUS,9
6829-68769-0030_2094-142345-0037__T2__NBASIC__2094,2094,6829,normal_basic,7.72,8,0.0,0.0,0.0,0.3617782349286859,0.06491819259526371,30.03041958341109,0,0.0,0.0,-1.0,WAVLM_BASE_PLUS,9
6829-68769-0030_2094-142345-0037__T1__NBASIC__6829,6829,2094,normal_basic,3.47,8,0.25,0.125,0.125,0.13546099204557713,-0.4375481182772717,10.53651216928136,0,0.0,0.0,-1.0,WAVLM_BASE_PLUS,9
6829-68769-0031_260-123288-0000__T2__NBASIC__260,260,6829,normal_basic,10.87,5,0.0,0.0,0.0,0.2843120610157133,0.16966902870348222,39.34386539445673,0,0.0,0.0,-1.0,WAVLM_BASE_PLUS,9
6829-68769-0031_260-123288-0000__T1__NBASIC__6829,6829,260,normal_basic,15.59,5,0.0,0.0,0.0,0.3629278135879212,0.23379003534037368,35.12118161061808,0,0.0,0.0,-1.0,WAVLM_BASE_PLUS,9
6829-68769-0032_1995-1826-0005__T2__NBASIC__1995,1995,6829,normal_basic,10.86,9,0.0,0.0,0.0,0.3818673471956434,0.09378621232619094,40.89846514397547,0,0.0,0.0,-1.0,WAVLM_BASE_PLUS,9
6829-68769-0032_1995-1826-0005__T1__NBASIC__6829,6829,1995,normal_basic,14.46,9,0.0,0.0,0.0,0.4094926320172627,0.1438406313649906,34.10280774007316,0,0.0,0.0,-1.0,WAVLM_BASE_PLUS,9
6829-68769-0039_2300-131720-0037__T2__NBASIC__2300,2300,6829,normal_basic,15.65,7,0.0,0.0,0.0,0.26015040685782764,0.1091684380853371,38.23805560267815,0,0.0,0.0,-1.0,WAVLM_BASE_PLUS,9
6829-68769-0039_2300-131720-0037__T1__NBASIC__6829,6829,2300,normal_basic,9.83,7,0.0,0.0,0.0,0.45568052260083963,0.30546022671251216,47.80105997869537,0,0.0,0.0,-1.0,WAVLM_BASE_PLUS,9
6829-68769-0040_237-126133-0007__T2__NBASIC__237,237,6829,normal_basic,11.35,8,0.125,0.0,0.0,0.3010421147183141,-0.010947973112301779,38.71453431710656,0,0.0,0.0,-1.0,WAVLM_BASE_PLUS,9
6829-68769-0040_237-126133-0007__T1__NBASIC__6829,6829,237,normal_basic,12.02,8,0.0,0.0,0.0,0.35480181716424597,0.1287118540341825,34.24397043165086,0,0.0,0.0,-1.0,WAVLM_BASE_PLUS,9
6829-68769-0049_1320-122617-0001__T2__NBASIC__1320,1320,6829,normal_basic,14.29,13,0.0,0.0,0.0,0.3080045445170931,0.1390144797178794,41.58955690087203,0,0.0,0.0,-1.0,WAVLM_BASE_PLUS,9
6829-68769-0049_1320-122617-0001__T1__NBASIC__6829,6829,1320,normal_basic,12.33,13,0.0,0.0,0.0,0.4427480863430047,0.34160096806160845,44.5675937498449,0,0.0,0.0,-1.0,WAVLM_BASE_PLUS,9
6829-68769-0053_908-157963-0005__T1__NBASIC__6829,6829,908,normal_basic,8.82,11,0.0,0.0,0.0,0.42986993392695205,0.30697566995120884,38.868137425328186,0,0.0,0.0,-1.0,WAVLM_BASE_PLUS,9
6829-68769-0053_908-157963-0005__T2__NBASIC__908,908,6829,normal_basic,14.5,11,0.0,0.0,0.0,0.26263131233464454,0.1636267964429889,33.98299885101901,0,0.0,0.0,-1.0,WAVLM_BASE_PLUS,9
6829-68771-0002_61-70970-0040__T2__NBASIC__61,61,6829,normal_basic,11.59,7,0.0,0.0,0.0,0.36735071115258633,0.2697263902124669,30.87334974360016,0,0.0,0.0,-1.0,WAVLM_BASE_PLUS,9
6829-68771-0002_61-70970-0040__T1__NBASIC__6829,6829,61,normal_basic,10.61,7,0.0,0.0,0.0,0.398950030382188,0.2778926601795768,32.60312454268818,0,0.0,0.0,-1.0,WAVLM_BASE_PLUS,9
6829-68771-0004_121-127105-0029__T2__NBASIC__121,121,6829,normal_basic,11.76,13,0.07692307692307693,0.0,0.0,0.3707317707833997,-0.000610027423904147,28.059644331808997,0,0.0,0.0,-1.0,WAVLM_BASE_PLUS,9
6829-68771-0004_121-127105-0029__T1__NBASIC__6829,6829,121,normal_basic,9.12,13,0.0,0.0,0.0,0.41289486294579236,0.2813066005602557,31.578882116121406,0,0.0,0.0,-1.0,WAVLM_BASE_PLUS,9
6829-68771-0006_8463-294828-0016__T1__NBASIC__6829,6829,8463,normal_basic,3.58,5,0.0,0.0,0.0,0.3499213048639219,0.24101021296684788,29.369873223457226,0,0.0,0.0,-1.0,WAVLM_BASE_PLUS,9
6829-68771-0006_8463-294828-0016__T2__NBASIC__8463,8463,6829,normal_basic,4.52,5,0.0,0.4,0.0,0.16364810497503787,0.012991636727451294,15.72388747884762,0,0.0,0.0,-1.0,WAVLM_BASE_PLUS,9
6829-68771-0009_1089-134691-0010__T2__NBASIC__1089,1089,6829,normal_basic,15.86,5,0.0,0.0,0.0,0.2480426429679805,0.14815404332626403,38.73280507698283,0,0.0,0.0,-1.0,WAVLM_BASE_PLUS,9
6829-68771-0009_1089-134691-0010__T1__NBASIC__6829,6829,1089,normal_basic,13.68,5,0.0,0.0,0.0,0.4832535859671524,0.1763012286019715,46.83742560475859,0,0.0,0.0,-1.0,WAVLM_BASE_PLUS,9
6829-68771-0010_1995-1837-0010__T2__NBASIC__1995,1995,6829,normal_basic,15.17,5,0.0,0.0,0.0,0.3258910865553745,0.20975768146616236,49.4368823106705,0,0.0,0.0,-1.0,WAVLM_BASE_PLUS,9
6829-68771-0010_1995-1837-0010__T1__NBASIC__6829,6829,1995,normal_basic,12.82,5,0.0,0.0,0.0,0.4532858035986118,0.34583624442320593,46.91722032470339,0,0.0,0.0,-1.0,WAVLM_BASE_PLUS,9
6829-68771-0012_7127-75947-0038__T1__NBASIC__6829,6829,7127,normal_basic,11.25,21,0.0,0.0,0.0,0.4418839564707729,0.28245326978839236,38.18666330709392,0,0.0,0.0,-1.0,WAVLM_BASE_PLUS,9
6829-68771-0012_7127-75947-0038__T2__NBASIC__7127,7127,6829,normal_basic,12.52,21,0.0,0.0,0.0,0.3989782052895661,0.2678011040356004,35.749082420503136,0,0.0,0.0,-1.0,WAVLM_BASE_PLUS,9
6829-68771-0013_8455-210777-0011__T1__NBASIC__6829,6829,8455,normal_basic,11.21,12,0.0,0.0,0.0,0.36676647676216584,0.18671089037360078,32.5558392198075,0,0.0,0.0,-1.0,WAVLM_BASE_PLUS,9
6829-68771-0013_8455-210777-0011__T2__NBASIC__8455,8455,6829,normal_basic,7.79,12,0.0,0.0,0.0,0.4146794910913119,0.21738928121663703,35.44806648087793,0,0.0,0.0,-1.0,WAVLM_BASE_PLUS,9
6829-68771-0014_4446-2273-0027__T2__NBASIC__4446,4446,6829,normal_basic,12.28,6,0.0,0.0,0.0,0.25293987052350353,0.14012753683215384,31.134236350247516,0,0.0,0.0,-1.0,WAVLM_BASE_PLUS,9
6829-68771-0014_4446-2273-0027__T1__NBASIC__6829,6829,4446,normal_basic,7.79,6,0.0,0.0,0.0,0.39279268105213533,0.30773570518142185,37.29227144247638,0,0.0,0.0,-1.0,WAVLM_BASE_PLUS,9
6829-68771-0016_8224-274384-0009__T1__NBASIC__6829,6829,8224,normal_basic,14.1,8,0.0,0.0,0.0,0.4107255019402361,0.25111518103356106,30.71497354346767,0,0.0,0.0,-1.0,WAVLM_BASE_PLUS,9
6829-68771-0016_8224-274384-0009__T2__NBASIC__8224,8224,6829,normal_basic,8.68,8,0.0,0.0,0.0,0.3584758191959577,0.23838658972690885,40.65570032756026,0,0.0,0.0,-1.0,WAVLM_BASE_PLUS,9
6829-68771-0019_5105-28240-0015__T2__NBASIC__5105,5105,6829,normal_basic,12.76,13,0.0,0.0,0.0,0.42188349687274546,0.2779542144674624,42.51062684219941,0,0.0,0.0,-1.0,WAVLM_BASE_PLUS,9
6829-68771-0019_5105-28240-0015__T1__NBASIC__6829,6829,5105,normal_basic,12.76,13,0.0,0.0,0.0,0.42700786248890465,0.17479011475762063,43.261511767740785,0,0.0,0.0,-1.0,WAVLM_BASE_PLUS,9
6829-68771-0023_260-123288-0026__T2__NBASIC__260,260,6829,normal_basic,9.35,9,0.0,0.0,0.0,0.45314789796917826,0.37235867232425,39.67276523720453,0,0.0,0.0,-1.0,WAVLM_BASE_PLUS,9
6829-68771-0023_260-123288-0026__T1__NBASIC__6829,6829,260,normal_basic,15.74,9,0.0,0.0,0.0,0.44707622862447394,0.32006096199782863,37.57734129818084,0,0.0,0.0,-1.0,WAVLM_BASE_PLUS,9
6829-68771-0027_3570-5696-0010__T2__NBASIC__3570,3570,6829,normal_basic,15.77,9,0.1111111111111111,0.0,0.0,0.2517473978280518,-0.007476772188720893,37.631144626613185,0,0.0,0.0,-1.0,WAVLM_BASE_PLUS,9
6829-68771-0027_3570-5696-0010__T1__NBASIC__6829,6829,3570,normal_basic,11.35,9,0.0,0.0,0.0,0.4905710621415531,0.4245002471027869,45.21284127459799,0,0.0,0.0,-1.0,WAVLM_BASE_PLUS,9
6829-68771-0028_2300-131720-0007__T2__NBASIC__2300,2300,6829,normal_basic,13.29,6,0.0,0.0,0.0,0.4460248459362553,0.34403329864879206,44.45794406931632,0,0.0,0.0,-1.0,WAVLM_BASE_PLUS,9
6829-68771-0028_2300-131720-0007__T1__NBASIC__6829,6829,2300,normal_basic,15.29,6,0.0,0.0,0.0,0.4428980020777897,0.360746886644972,40.265683649623384,0,0.0,0.0,-1.0,WAVLM_BASE_PLUS,9
6829-68771-0029_4992-41797-0011__T2__NBASIC__4992,4992,6829,normal_basic,9.53,9,0.0,0.0,0.0,0.3810221196899249,0.2904312129604024,38.946051307958314,0,0.0,0.0,-1.0,WAVLM_BASE_PLUS,9
6829-68771-0029_4992-41797-0011__T1__NBASIC__6829,6829,4992,normal_basic,14.32,9,0.0,0.0,0.0,0.36673611242744325,0.28127723369711766,33.895007111467194,0,0.0,0.0,-1.0,WAVLM_BASE_PLUS,9
6829-68771-0032_7729-102255-0019__T1__NBASIC__6829,6829,7729,normal_basic,12.38,12,0.0,0.0,0.0,0.39141334900526453,0.15881229075930892,31.094241590224254,0,0.0,0.0,-1.0,WAVLM_BASE_PLUS,9
6829-68771-0032_7729-102255-0019__T2__NBASIC__7729,7729,6829,normal_basic,9.14,12,0.0,0.0,0.0,0.41779019675025614,0.3250122005310061,34.57752253832596,0,0.0,0.0,-1.0,WAVLM_BASE_PLUS,9
6829-68771-0033_4507-16021-0059__T2__NBASIC__4507,4507,6829,normal_basic,12.7,8,0.0,0.0,0.0,0.4419260829224084,0.3495831147567958,48.808941518908306,0,0.0,0.0,-1.0,WAVLM_BASE_PLUS,9
6829-68771-0033_4507-16021-0059__T1__NBASIC__6829,6829,4507,normal_basic,16.6,8,0.0,0.0,0.0,0.45938584607960725,0.39508543653567696,46.026591870945964,0,0.0,0.0,-1.0,WAVLM_BASE_PLUS,9
6829-68771-0036_908-157963-0013__T1__NBASIC__6829,6829,908,normal_basic,13.63,7,0.0,0.0,0.0,0.3079712260906441,0.12380245818264768,29.801809251529026,0,0.0,0.0,-1.0,WAVLM_BASE_PLUS,9
6829-68771-0036_908-157963-0013__T2__NBASIC__908,908,6829,normal_basic,9.36,7,0.0,0.0,0.0,0.39974166714614234,0.26529836124066375,37.621917840680744,0,0.0,0.0,-1.0,WAVLM_BASE_PLUS,9
6930-75918-0000_8463-294825-0008__T1__NBASIC__6930,6930,8463,normal_basic,10.2,6,0.0,0.0,0.0,0.36655244237862616,0.07728297179435684,32.462617274936996,0,0.0,0.0,-1.0,WAVLM_BASE_PLUS,9
6930-75918-0000_8463-294825-0008__T2__NBASIC__8463,8463,6930,normal_basic,-15.21,6,1.0,1.0,1.0,-0.3211200238534249,-0.41698219043410945,-26.9513458826796,1,3.0,3.0,0.0,WAVLM_BASE_PLUS,9
6930-75918-0002_2094-142345-0015__T2__NBASIC__2094,2094,6930,normal_basic,9.8,9,0.0,0.0,0.0,0.38719414519561624,0.31364684669718645,38.92260111525539,0,0.0,0.0,-1.0,WAVLM_BASE_PLUS,9
6930-75918-0002_2094-142345-0015__T1__NBASIC__6930,6930,2094,normal_basic,12.25,9,0.0,0.0,0.0,0.36659996713574305,0.15833323877287997,25.826964281634986,0,0.0,0.0,-1.0,WAVLM_BASE_PLUS,9
6930-75918-0004_8224-274384-0006__T1__NBASIC__6930,6930,8224,normal_basic,10.43,12,0.0,0.0,0.0,0.45520774995124746,0.21303823534716437,32.56461274082148,0,0.0,0.0,-1.0,WAVLM_BASE_PLUS,9
6930-75918-0004_8224-274384-0006__T2__NBASIC__8224,8224,6930,normal_basic,10.29,12,0.08333333333333333,0.0,0.0,0.3367718602529033,-0.07462501376628883,35.908444441985914,0,0.0,0.0,-1.0,WAVLM_BASE_PLUS,9
6930-75918-0005_237-134493-0004__T2__NBASIC__237,237,6930,normal_basic,11.34,12,0.0,0.0,0.0,0.34755444778311967,0.0645255135505694,37.6207175406547,0,0.0,0.0,-1.0,WAVLM_BASE_PLUS,9
6930-75918-0005_237-134493-0004__T1__NBASIC__6930,6930,237,normal_basic,11.58,12,0.0,0.0,0.0,0.36116942899459087,0.21994421754375315,38.37921257795225,0,0.0,0.0,-1.0,WAVLM_BASE_PLUS,9
6930-75918-0007_1089-134686-0022__T2__NBASIC__1089,1089,6930,normal_basic,13.0,5,0.0,0.0,0.0,0.33249622280914226,0.07990854818744308,43.96255156796369,0,0.0,0.0,-1.0,WAVLM_BASE_PLUS,9
6930-75918-0007_1089-134686-0022__T1__NBASIC__6930,6930,1089,normal_basic,16.0,5,0.0,0.0,0.0,0.4186675885675011,0.3780320396065713,42.61407068699464,0,0.0,0.0,-1.0,WAVLM_BASE_PLUS,9
6930-75918-0010_6829-68769-0018__T2__NBASIC__6829,6829,6930,normal_basic,8.56,5,0.0,0.0,0.0,0.34688516951719006,0.17508387215445054,42.56966170329879,0,0.0,0.0,-1.0,WAVLM_BASE_PLUS,9
6930-75918-0010_6829-68769-0018__T1__NBASIC__6930,6930,6829,normal_basic,16.74,5,0.0,0.0,0.0,0.2547497255531141,0.1143309323050139,32.637175190839244,0,0.0,0.0,-1.0,WAVLM_BASE_PLUS,9
6930-75918-0014_908-157963-0004__T1__NBASIC__6930,6930,908,normal_basic,10.91,26,0.0,0.0,0.0,0.3774449854197688,0.22152931375482154,32.45406623131372,0,0.0,0.0,-1.0,WAVLM_BASE_PLUS,9
6930-75918-0014_908-157963-0004__T2__NBASIC__908,908,6930,normal_basic,10.66,26,0.0,0.0,0.0,0.33764322322306667,0.20918574024321945,31.87776246035385,0,0.0,0.0,-1.0,WAVLM_BASE_PLUS,9
6930-75918-0016_4446-2271-0020__T2__NBASIC__4446,4446,6930,normal_basic,-32.99,14,1.0,1.0,1.0,-0.4053644055337365,-0.6619874837216708,-36.577628353279756,1,7.0,7.0,0.0,WAVLM_BASE_PLUS,9
6930-75918-0016_4446-2271-0020__T1__NBASIC__6930,6930,4446,normal_basic,16.83,14,0.0,0.0,0.0,0.40079754735960416,0.24090127110887888,38.11671610610591,0,0.0,0.0,-1.0,WAVLM_BASE_PLUS,9
6930-75918-0018_4446-2275-0000__T2__NBASIC__4446,4446,6930,normal_basic,9.58,11,0.0,0.0,0.0,0.340288562606721,0.12603205190364486,26.934039090068836,0,0.0,0.0,-1.0,WAVLM_BASE_PLUS,9
6930-75918-0018_4446-2275-0000__T1__NBASIC__6930,6930,4446,normal_basic,9.37,11,0.0,0.0,0.0,0.3816625201510432,0.22394397406917044,28.37974662343661,0,0.0,0.0,-1.0,WAVLM_BASE_PLUS,9
6930-76324-0000_7127-75946-0002__T1__NBASIC__6930,6930,7127,normal_basic,8.73,5,0.0,0.0,0.0,0.2887990467583395,0.13025212803761765,15.476736010811276,0,0.0,0.0,-1.0,WAVLM_BASE_PLUS,9
6930-76324-0000_7127-75946-0002__T2__NBASIC__7127,7127,6930,normal_basic,6.35,5,0.2,0.0,0.0,0.15757096595440787,-0.05202075735001155,30.179829346683952,0,0.0,0.0,-1.0,WAVLM_BASE_PLUS,9
6930-76324-0001_8455-210777-0030__T1__NBASIC__6930,6930,8455,normal_basic,16.07,5,0.0,0.0,0.0,0.391324913895717,0.26483880943863647,36.30767833491457,0,0.0,0.0,-1.0,WAVLM_BASE_PLUS,9
6930-76324-0001_8455-210777-0030__T2__NBASIC__8455,8455,6930,normal_basic,10.87,5,0.0,0.0,0.0,0.3212133350139423,0.20303943347163628,41.718972661298956,0,0.0,0.0,-1.0,WAVLM_BASE_PLUS,9
6930-76324-0004_61-70968-0047__T2__NBASIC__61,61,6930,normal_basic,8.41,8,0.0,0.0,0.0,0.3920206622069853,0.295921379369811,27.459091837273274,0,0.0,0.0,-1.0,WAVLM_BASE_PLUS,9
6930-76324-0004_61-70968-0047__T1__NBASIC__6930,6930,61,normal_basic,10.15,8,0.0,0.0,0.0,0.3455914590027366,0.28250015900783754,32.75255786838718,0,0.0,0.0,-1.0,WAVLM_BASE_PLUS,9
6930-76324-0005_4507-16021-0057__T2__NBASIC__4507,4507,6930,normal_basic,16.09,8,0.0,0.0,0.0,0.42749186093502445,0.16626496330713147,49.46699997247395,0,0.0,0.0,-1.0,WAVLM_BASE_PLUS,9
6930-76324-0005_4507-16021-0057__T1__NBASIC__6930,6930,4507,normal_basic,15.84,8,0.0,0.0,0.0,0.4663149828503647,0.1916987948962281,48.957539626319296,0,0.0,0.0,-1.0,WAVLM_BASE_PLUS,9
6930-76324-0008_5105-28233-0004__T2__NBASIC__5105,5105,6930,normal_basic,9.26,8,0.0,0.0,0.0,0.4046152600460179,0.30256299493914185,32.412142735425874,0,0.0,0.0,-1.0,WAVLM_BASE_PLUS,9
6930-76324-0008_5105-28233-0004__T1__NBASIC__6930,6930,5105,normal_basic,12.0,8,0.125,0.0,0.0,0.2527920551599037,-0.0142319795623147,28.088217414363633,0,0.0,0.0,-1.0,WAVLM_BASE_PLUS,9
6930-76324-0012_2300-131720-0027__T2__NBASIC__2300,2300,6930,normal_basic,8.86,8,0.0,0.0,0.0,0.33011902625795286,0.1509643192722956,33.40415258842252,0,0.0,0.0,-1.0,WAVLM_BASE_PLUS,9
6930-76324-0012_2300-131720-0027__T1__NBASIC__6930,6930,2300,normal_basic,13.11,8,0.0,0.0,0.0,0.3737524643084873,0.310555541264704,32.88645207398089,0,0.0,0.0,-1.0,WAVLM_BASE_PLUS,9
6930-76324-0013_5142-33396-0031__T2__NBASIC__5142,5142,6930,normal_basic,8.26,7,0.0,0.0,0.0,0.3541603136221391,0.14565414767150442,26.365846180491324,0,0.0,0.0,-1.0,WAVLM_BASE_PLUS,9
6930-76324-0013_5142-33396-0031__T1__NBASIC__6930,6930,5142,normal_basic,12.42,7,0.0,0.0,0.0,0.45058535420573825,0.4045398750459518,37.199134699149035,0,0.0,0.0,-1.0,WAVLM_BASE_PLUS,9
6930-76324-0014_1995-1837-0024__T2__NBASIC__1995,1995,6930,normal_basic,14.57,8,0.0,0.0,0.0,0.29304712731717886,0.07242390597037507,42.72097798661526,0,0.0,0.0,-1.0,WAVLM_BASE_PLUS,9
6930-76324-0014_1995-1837-0024__T1__NBASIC__6930,6930,1995,normal_basic,15.29,8,0.0,0.0,0.0,0.45387330243944346,0.3707912115081745,51.113522210582246,0,0.0,0.0,-1.0,WAVLM_BASE_PLUS,9
6930-76324-0015_5105-28241-0005__T2__NBASIC__5105,5105,6930,normal_basic,9.09,15,0.06666666666666667,0.0,0.0,0.24266637319405765,-0.05371981751767524,18.626377057992944,0,0.0,0.0,-1.0,WAVLM_BASE_PLUS,9
6930-76324-0015_5105-28241-0005__T1__NBASIC__6930,6930,5105,normal_basic,1.12,15,0.2,0.06666666666666667,0.0,0.13442931912122688,-0.4339714442595499,8.575425921617681,1,1.0,1.0,4.0,WAVLM_BASE_PLUS,9
6930-76324-0017_4077-13751-0004__T2__NBASIC__4077,4077,6930,normal_basic,8.3,9,0.0,0.0,0.0,0.3486892025255852,0.23948386203358185,29.26308635995587,0,0.0,0.0,-1.0,WAVLM_BASE_PLUS,9
6930-76324-0017_4077-13751-0004__T1__NBASIC__6930,6930,4077,normal_basic,9.39,9,0.0,0.0,0.0,0.41835855706842745,0.22341388017146235,23.72436491940908,0,0.0,0.0,-1.0,WAVLM_BASE_PLUS,9
6930-76324-0020_7127-75946-0015__T1__NBASIC__6930,6930,7127,normal_basic,-0.78,11,0.36363636363636365,0.36363636363636365,0.2727272727272727,0.09067294615534617,-0.14671298568077634,4.58936403869017,2,1.0,1.0,1.5,WAVLM_BASE_PLUS,9
6930-76324-0020_7127-75946-0015__T2__NBASIC__7127,7127,6930,normal_basic,2.6,11,0.5454545454545454,0.18181818181818182,0.18181818181818182,-0.09040156998734754,-0.507267912450853,4.431921209067462,2,1.5,1.25,0.5,WAVLM_BASE_PLUS,9
6930-76324-0023_2094-142345-0058__T2__NBASIC__2094,2094,6930,normal_basic,7.24,8,0.0,0.0,0.0,0.3875745999585404,0.29104507289823434,38.493795146413646,0,0.0,0.0,-1.0,WAVLM_BASE_PLUS,9
6930-76324-0023_2094-142345-0058__T1__NBASIC__6930,6930,2094,normal_basic,13.6,8,0.0,0.0,0.0,0.36625776227910767,0.147420498910875,28.747479362440664,0,0.0,0.0,-1.0,WAVLM_BASE_PLUS,9
6930-76324-0025_4970-29095-0038__T2__NBASIC__4970,4970,6930,normal_basic,2.96,7,0.42857142857142855,0.14285714285714285,0.14285714285714285,0.02093557471000878,-0.304061585543982,6.875557378917833,1,1.5,1.5,0.0,WAVLM_BASE_PLUS,9
6930-76324-0025_4970-29095-0038__T1__NBASIC__6930,6930,4970,normal_basic,5.27,7,0.0,0.0,0.0,0.3686942652275696,0.24727910262506614,32.87561580150806,0,0.0,0.0,-1.0,WAVLM_BASE_PLUS,9
6930-76324-0026_8455-210777-0062__T1__NBASIC__6930,6930,8455,normal_basic,10.12,5,0.2,0.0,0.0,0.15285195829883985,-0.09489369202607634,11.99708393459893,0,0.0,0.0,-1.0,WAVLM_BASE_PLUS,9
6930-76324-0026_8455-210777-0062__T2__NBASIC__8455,8455,6930,normal_basic,7.64,5,0.0,0.0,0.0,0.36624333850126317,0.26600259010460037,36.71513710029329,0,0.0,0.0,-1.0,WAVLM_BASE_PLUS,9
6930-76324-0027_5683-32879-0011__T2__NBASIC__5683,5683,6930,normal_basic,8.88,15,0.06666666666666667,0.0,0.0,0.2287485035964657,-0.04031497159436581,22.147121585731686,0,0.0,0.0,-1.0,WAVLM_BASE_PLUS,9
6930-76324-0027_5683-32879-0011__T1__NBASIC__6930,6930,5683,normal_basic,9.38,15,0.0,0.0,0.0,0.39183018617349824,0.24237220994671482,32.17198068220068,0,0.0,0.0,-1.0,WAVLM_BASE_PLUS,9
6930-81414-0000_1320-122612-0012__T2__NBASIC__1320,1320,6930,normal_basic,11.91,19,0.0,0.0,0.0,0.3909997990465592,0.2387334202902185,36.22431019208541,0,0.0,0.0,-1.0,WAVLM_BASE_PLUS,9
6930-81414-0000_1320-122612-0012__T1__NBASIC__6930,6930,1320,normal_basic,12.19,19,0.0,0.0,0.0,0.43153671266291727,0.23811926454408294,37.49815822282412,0,0.0,0.0,-1.0,WAVLM_BASE_PLUS,9
6930-81414-0002_7021-85628-0023__T1__NBASIC__6930,6930,7021,normal_basic,16.94,5,0.0,0.0,0.0,0.42194355272253875,0.34588419699314377,39.38802830751704,0,0.0,0.0,-1.0,WAVLM_BASE_PLUS,9
6930-81414-0002_7021-85628-0023__T2__NBASIC__7021,7021,6930,normal_basic,12.33,5,0.2,0.0,0.0,0.269528013441131,-0.01543533771161798,39.34236971546486,0,0.0,0.0,-1.0,WAVLM_BASE_PLUS,9
6930-81414-0003_2830-3980-0012__T2__NBASIC__2830,2830,6930,normal_basic,8.51,5,0.2,0.0,0.0,0.31654025010991516,-0.06500447053865133,28.310501281911865,0,0.0,0.0,-1.0,WAVLM_BASE_PLUS,9
6930-81414-0003_2830-3980-0012__T1__NBASIC__6930,6930,2830,normal_basic,10.97,5,0.0,0.0,0.0,0.3608298964688589,0.3092612871610476,32.05988823386299,0,0.0,0.0,-1.0,WAVLM_BASE_PLUS,9
6930-81414-0006_1284-134647-0000__T2__NBASIC__1284,1284,6930,normal_basic,12.64,12,0.0,0.0,0.0,0.36048385812909595,0.26084877030424475,48.35628227661436,0,0.0,0.0,-1.0,WAVLM_BASE_PLUS,9
6930-81414-0006_1284-134647-0000__T1__NBASIC__6930,6930,1284,normal_basic,17.02,12,0.0,0.0,0.0,0.39527411024545067,0.2851896528370141,40.33250742635175,0,0.0,0.0,-1.0,WAVLM_BASE_PLUS,9
6930-81414-0008_3570-5696-0008__T2__NBASIC__3570,3570,6930,normal_basic,11.4,11,0.0,0.0,0.0,0.45601393910678484,0.328728057629454,46.986266136439845,0,0.0,0.0,-1.0,WAVLM_BASE_PLUS,9
6930-81414-0008_3570-5696-0008__T1__NBASIC__6930,6930,3570,normal_basic,15.48,11,0.0,0.0,0.0,0.4384161142138198,0.34886656593122334,40.84750941957736,0,0.0,0.0,-1.0,WAVLM_BASE_PLUS,9
6930-81414-0010_3729-6852-0036__T2__NBASIC__3729,3729,6930,normal_basic,14.17,6,0.0,0.0,0.0,0.41868206823801174,0.26359257171442285,39.23934028656131,0,0.0,0.0,-1.0,WAVLM_BASE_PLUS,9
6930-81414-0010_3729-6852-0036__T1__NBASIC__6930,6930,3729,normal_basic,11.38,6,0.0,0.0,0.0,0.4745691598977544,0.31553132222282276,43.671586727491785,0,0.0,0.0,-1.0,WAVLM_BASE_PLUS,9
6930-81414-0015_5142-36377-0025__T2__NBASIC__5142,5142,6930,normal_basic,1.52,6,0.3333333333333333,0.3333333333333333,0.3333333333333333,0.07156551726265784,-0.27685784739863406,-0.0586636445876391,1,1.0,1.0,1.5,WAVLM_BASE_PLUS,9
6930-81414-0015_5142-36377-0025__T1__NBASIC__6930,6930,5142,normal_basic,6.75,6,0.0,0.0,0.0,0.45206965062690546,0.3788054193042131,25.503144566813916,0,0.0,0.0,-1.0,WAVLM_BASE_PLUS,9
6930-81414-0019_8463-287645-0005__T1__NBASIC__6930,6930,8463,normal_basic,13.0,5,0.0,0.0,0.0,0.4536367828309307,0.37059654273062825,43.303211032613454,0,0.0,0.0,-1.0,WAVLM_BASE_PLUS,9
6930-81414-0019_8463-287645-0005__T2__NBASIC__8463,8463,6930,normal_basic,-26.68,5,1.0,1.0,1.0,-0.46224341538060865,-0.5521444896981447,-41.917671865776555,1,2.5,2.5,0.0,WAVLM_BASE_PLUS,9
6930-81414-0020_260-123286-0002__T2__NBASIC__260,260,6930,normal_basic,15.23,9,0.0,0.0,0.0,0.3954561004357744,0.18531685623363514,47.76086023738796,0,0.0,0.0,-1.0,WAVLM_BASE_PLUS,9
6930-81414-0020_260-123286-0002__T1__NBASIC__6930,6930,260,normal_basic,15.61,9,0.0,0.0,0.0,0.451581814152258,0.32251455562154896,45.659453923167845,0,0.0,0.0,-1.0,WAVLM_BASE_PLUS,9
6930-81414-0021_61-70968-0032__T2__NBASIC__61,61,6930,normal_basic,15.44,5,0.0,0.0,0.0,0.30771165368338743,0.14544315506293964,40.09807637563471,0,0.0,0.0,-1.0,WAVLM_BASE_PLUS,9
6930-81414-0021_61-70968-0032__T1__NBASIC__6930,6930,61,normal_basic,12.73,5,0.0,0.0,0.0,0.4631461907680425,0.3407214811845328,42.45689479798881,0,0.0,0.0,-1.0,WAVLM_BASE_PLUS,9
6930-81414-0022_908-157963-0006__T1__NBASIC__6930,6930,908,normal_basic,13.52,7,0.0,0.0,0.0,0.49301591378088533,0.3329287329164977,41.16702671543583,0,0.0,0.0,-1.0,WAVLM_BASE_PLUS,9
6930-81414-0022_908-157963-0006__T2__NBASIC__908,908,6930,normal_basic,13.91,7,0.0,0.0,0.0,0.32908056419220616,0.1459247527695019,34.629452588929716,0,0.0,0.0,-1.0,WAVLM_BASE_PLUS,9
6930-81414-0023_5142-33396-0012__T2__NBASIC__5142,5142,6930,normal_basic,-18.79,8,1.0,1.0,1.0,-0.5073910431826854,-0.6439735741597865,-34.99849072102766,1,4.0,4.0,0.0,WAVLM_BASE_PLUS,9
6930-81414-0023_5142-33396-0012__T1__NBASIC__6930,6930,5142,normal_basic,11.69,8,0.0,0.0,0.0,0.5256964754721343,0.42741732426614043,41.05937134984431,0,0.0,0.0,-1.0,WAVLM_BASE_PLUS,9
7021-79730-0004_2830-3980-0009__T2__NBASIC__2830,2830,7021,normal_basic,8.66,6,0.0,0.0,0.0,0.297709367069472,0.150039550641482,31.232041139280984,0,0.0,0.0,-1.0,WAVLM_BASE_PLUS,9
7021-79730-0004_2830-3980-0009__T1__NBASIC__7021,7021,2830,normal_basic,8.9,6,0.0,0.0,0.0,0.23702691500297654,0.03891051147400992,29.98400285694326,0,0.0,0.0,-1.0,WAVLM_BASE_PLUS,9
7021-79730-0005_5142-36377-0007__T2__NBASIC__5142,5142,7021,normal_basic,16.29,11,0.0,0.0,0.0,0.49802751146648955,0.3801422819425687,45.12916910922648,0,0.0,0.0,-1.0,WAVLM_BASE_PLUS,9
7021-79730-0005_5142-36377-0007__T1__NBASIC__7021,7021,5142,normal_basic,14.38,11,0.0,0.0,0.0,0.39588578038521427,0.32551225562969166,46.56408855191562,0,0.0,0.0,-1.0,WAVLM_BASE_PLUS,9
7021-79730-0006_8455-210777-0037__T1__NBASIC__7021,7021,8455,normal_basic,11.85,8,0.0,0.0,0.0,0.258276353772495,0.10756024982068702,32.518847279583035,0,0.0,0.0,-1.0,WAVLM_BASE_PLUS,9
7021-79730-0006_8455-210777-0037__T2__NBASIC__8455,8455,7021,normal_basic,10.63,8,0.0,0.0,0.0,0.4083839826414344,0.19453459754314584,32.49278306242093,0,0.0,0.0,-1.0,WAVLM_BASE_PLUS,9
7021-79730-0007_908-157963-0028__T1__NBASIC__7021,7021,908,normal_basic,12.79,8,0.125,0.0,0.0,0.3104723970323355,-0.07465759799718164,29.41112358545323,0,0.0,0.0,-1.0,WAVLM_BASE_PLUS,9
7021-79730-0007_908-157963-0028__T2__NBASIC__908,908,7021,normal_basic,6.94,8,0.0,0.0,0.0,0.30381435234175647,0.1296469265283275,21.075829295523782,0,0.0,0.0,-1.0,WAVLM_BASE_PLUS,9
7021-79730-0008_260-123288-0027__T2__NBASIC__260,260,7021,normal_basic,6.99,11,0.0,0.0,0.0,0.3649179876874525,0.1993594546595528,32.38076356244787,0,0.0,0.0,-1.0,WAVLM_BASE_PLUS,9
7021-79730-0008_260-123288-0027__T1__NBASIC__7021,7021,260,normal_basic,11.39,11,0.0,0.0,0.0,0.34201427241417104,0.1995816905863994,32.1628022394081,0,0.0,0.0,-1.0,WAVLM_BASE_PLUS,9
7021-79730-0009_237-126133-0021__T2__NBASIC__237,237,7021,normal_basic,12.9,7,0.0,0.0,0.0,0.42163560623879537,0.18591735375189533,41.01893837797454,0,0.0,0.0,-1.0,WAVLM_BASE_PLUS,9
7021-79730-0009_237-126133-0021__T1__NBASIC__7021,7021,237,normal_basic,12.71,7,0.0,0.0,0.0,0.4033453542529412,0.30364529505825133,37.98642417524692,0,0.0,0.0,-1.0,WAVLM_BASE_PLUS,9
7021-79740-0003_1320-122617-0010__T2__NBASIC__1320,1320,7021,normal_basic,7.05,8,0.0,0.0,0.0,0.3932334632337692,0.1535045565364942,32.06837682156516,0,0.0,0.0,-1.0,WAVLM_BASE_PLUS,9
7021-79740-0003_1320-122617-0010__T1__NBASIC__7021,7021,1320,normal_basic,8.64,8,0.375,0.25,0.25,-0.018256826459722472,-0.5419542291364854,5.622308826525227,1,1.5,1.5,2.0,WAVLM_BASE_PLUS,9
7021-79740-0006_2830-3980-0019__T2__NBASIC__2830,2830,7021,normal_basic,5.38,10,0.0,0.0,0.0,0.35609042320943163,0.18056589003873713,17.447178205795723,0,0.0,0.0,-1.0,WAVLM_BASE_PLUS,9
7021-79740-0006_2830-3980-0019__T1__NBASIC__7021,7021,2830,normal_basic,4.29,10,0.2,0.2,0.2,0.11570599812396158,-0.11842032972736471,18.134281739289705,1,1.0,1.0,0.0,WAVLM_BASE_PLUS,9
7021-79740-0006_4446-2273-0034__T2__NBASIC__4446,4446,7021,normal_basic,11.74,6,0.0,0.0,0.0,0.41540017853198746,0.25265325116377413,29.660124366272083,0,0.0,0.0,-1.0,WAVLM_BASE_PLUS,9
7021-79740-0006_4446-2273-0034__T1__NBASIC__7021,7021,4446,normal_basic,8.48,6,0.0,0.0,0.0,0.32143233122356046,0.2563548142438429,40.04702283683885,0,0.0,0.0,-1.0,WAVLM_BASE_PLUS,9
7021-79740-0007_4077-13751-0020__T2__NBASIC__4077,4077,7021,normal_basic,2.63,12,0.08333333333333333,0.08333333333333333,0.08333333333333333,0.379135656960564,-0.352707712157936,22.23607097322126,0,0.0,0.0,-1.0,WAVLM_BASE_PLUS,9
7021-79740-0007_4077-13751-0020__T1__NBASIC__7021,7021,4077,normal_basic,11.62,12,0.75,0.0,0.0,-0.08862435463234315,-0.51706000128409,14.02441333968244,2,3.5,2.25,0.0,WAVLM_BASE_PLUS,9
7021-79740-0009_8463-294828-0014__T1__NBASIC__7021,7021,8463,normal_basic,11.9,6,0.0,0.0,0.0,0.4195953268464409,0.24476881407276563,43.58265630709974,0,0.0,0.0,-1.0,WAVLM_BASE_PLUS,9
7021-79740-0009_8463-294828-0014__T2__NBASIC__8463,8463,7021,normal_basic,14.11,6,0.0,0.0,0.0,0.4463503148449291,0.3017992449384337,38.90975325361301,0,0.0,0.0,-1.0,WAVLM_BASE_PLUS,9
7021-79740-0010_8455-210777-0051__T1__NBASIC__7021,7021,8455,normal_basic,10.08,23,0.0,0.0,0.0,0.28761574806562884,0.03251418600107647,30.66375439094376,0,0.0,0.0,-1.0,WAVLM_BASE_PLUS,9
7021-79740-0010_8455-210777-0051__T2__NBASIC__8455,8455,7021,normal_basic,9.83,23,0.0,0.0,0.0,0.3829819080324324,0.14670407478656067,30.30069709961466,0,0.0,0.0,-1.0,WAVLM_BASE_PLUS,9
7021-79740-0011_3575-170457-0014__T2__NBASIC__3575,3575,7021,normal_basic,9.27,12,0.0,0.0,0.0,0.4491635510062737,0.11544990308650971,33.54758913324904,0,0.0,0.0,-1.0,WAVLM_BASE_PLUS,9
7021-79740-0011_3575-170457-0014__T1__NBASIC__7021,7021,3575,normal_basic,10.39,12,0.0,0.0,0.0,0.35592235196143934,0.0016910433431017724,37.99416107451044,0,0.0,0.0,-1.0,WAVLM_BASE_PLUS,9
7021-79740-0012_2830-3980-0057__T2__NBASIC__2830,2830,7021,normal_basic,8.27,5,0.0,0.0,0.0,0.44496368460225194,0.22129693184763616,36.6149145407352,0,0.0,0.0,-1.0,WAVLM_BASE_PLUS,9
7021-79740-0012_2830-3980-0057__T1__NBASIC__7021,7021,2830,normal_basic,8.52,5,0.0,0.0,0.0,0.25044466245359015,0.08213405168079413,24.35707536210101,0,0.0,0.0,-1.0,WAVLM_BASE_PLUS,9
7021-79740-0013_7127-75946-0006__T1__NBASIC__7021,7021,7127,normal_basic,8.14,13,0.0,0.0,0.0,0.24125011766491852,0.052166732231526514,34.5004924230491,0,0.0,0.0,-1.0,WAVLM_BASE_PLUS,9
7021-79740-0013_7127-75946-0006__T2__NBASIC__7127,7127,7021,normal_basic,-15.88,13,0.9230769230769231,0.9230769230769231,0.8461538461538461,-0.2535526079878257,-0.5395267454050738,-29.78898951729009,2,4.0,3.0,0.0,WAVLM_BASE_PLUS,9
7021-79740-0014_2300-131720-0023__T2__NBASIC__2300,2300,7021,normal_basic,3.27,21,0.19047619047619047,0.14285714285714285,0.14285714285714285,0.29945187325076045,-0.4694572295234378,21.885102807967673,2,1.0,1.0,0.0,WAVLM_BASE_PLUS,9
7021-79740-0014_2300-131720-0023__T1__NBASIC__7021,7021,2300,normal_basic,10.18,21,0.0,0.0,0.0,0.28931068339595023,0.0012248995487488257,24.957758196213177,0,0.0,0.0,-1.0,WAVLM_BASE_PLUS,9
7021-79759-0000_7729-102255-0016__T1__NBASIC__7021,7021,7729,normal_basic,9.45,8,0.0,0.0,0.0,0.4004019672006969,0.288211357087116,35.3895369018376,0,0.0,0.0,-1.0,WAVLM_BASE_PLUS,9
7021-79759-0000_7729-102255-0016__T2__NBASIC__7729,7729,7021,normal_basic,13.48,8,0.0,0.0,0.0,0.3868866933321361,0.28040898956771776,28.668830814207016,0,0.0,0.0,-1.0,WAVLM_BASE_PLUS,9
7021-79759-0002_1188-133604-0039__T2__NBASIC__1188,1188,7021,normal_basic,8.62,9,0.0,0.0,0.0,0.34141279214406256,0.058981806157343164,26.856778546062074,0,0.0,0.0,-1.0,WAVLM_BASE_PLUS,9
7021-79759-0002_1188-133604-0039__T1__NBASIC__7021,7021,1188,normal_basic,-13.0,9,1.0,1.0,1.0,-0.3419493025315252,-0.5568655362533279,-24.955841064774177,1,4.5,4.5,0.0,WAVLM_BASE_PLUS,9
7021-79759-0003_260-123286-0022__T2__NBASIC__260,260,7021,normal_basic,13.99,5,0.0,0.0,0.0,0.3337006329806248,0.06148243193938452,29.114677507719467,0,0.0,0.0,-1.0,WAVLM_BASE_PLUS,9
7021-79759-0003_260-123286-0022__T1__NBASIC__7021,7021,260,normal_basic,8.47,5,0.0,0.0,0.0,0.30364857065091705,0.15829474360822693,42.3991712961691,0,0.0,0.0,-1.0,WAVLM_BASE_PLUS,9
7021-79759-0005_2094-142345-0049__T2__NBASIC__2094,2094,7021,normal_basic,11.68,11,0.0,0.0,0.0,0.41731661592879465,0.24370383728900924,34.234319907011496,0,0.0,0.0,-1.0,WAVLM_BASE_PLUS,9
7021-79759-0005_2094-142345-0049__T1__NBASIC__7021,7021,2094,normal_basic,11.55,11,0.0,0.0,0.0,0.37796293223253746,0.02979355990904209,41.34092345681899,0,0.0,0.0,-1.0,WAVLM_BASE_PLUS,9
7021-85628-0001_5683-32866-0008__T2__NBASIC__5683,5683,7021,normal_basic,18.36,5,0.0,0.0,0.0,0.449894386126657,0.29172457419860676,59.48432966881228,0,0.0,0.0,-1.0,WAVLM_BASE_PLUS,9
7021-85628-0001_5683-32866-0008__T1__NBASIC__7021,7021,5683,normal_basic,18.07,5,0.0,0.0,0.0,0.3975157226832812,0.2905873598155416,51.90284392282122,0,0.0,0.0,-1.0,WAVLM_BASE_PLUS,9
7021-85628-0003_4992-23283-0011__T2__NBASIC__4992,4992,7021,normal_basic,16.76,7,0.0,0.0,0.0,0.46053565422496245,0.3625958705502086,44.13563619840004,0,0.0,0.0,-1.0,WAVLM_BASE_PLUS,9
7021-85628-0003_4992-23283-0011__T1__NBASIC__7021,7021,4992,normal_basic,11.69,7,0.0,0.0,0.0,0.3579742638026631,0.2960534143971333,44.64971639803798,0,0.0,0.0,-1.0,WAVLM_BASE_PLUS,9
7021-85628-0005_1089-134691-0001__T2__NBASIC__1089,1089,7021,normal_basic,7.43,9,0.0,0.0,0.0,0.4407697712681753,0.2536901818597874,29.89871857243248,0,0.0,0.0,-1.0,WAVLM_BASE_PLUS,9
7021-85628-0005_1089-134691-0001__T1__NBASIC__7021,7021,1089,normal_basic,1.46,9,0.7777777777777778,0.6666666666666666,0.6666666666666666,-0.17316216050948083,-0.5453298327432694,-6.848170898271648,2,2.5,1.75,0.0,WAVLM_BASE_PLUS,9
7021-85628-0008_237-134500-0013__T2__NBASIC__237,237,7021,normal_basic,13.82,13,0.0,0.0,0.0,0.4728519664222658,0.3208947117522718,48.589167760090895,0,0.0,0.0,-1.0,WAVLM_BASE_PLUS,9
7021-85628-0008_237-134500-0013__T1__NBASIC__7021,7021,237,normal_basic,14.97,13,0.0,0.0,0.0,0.3956094780733326,0.2899185361098934,40.94553537572399,0,0.0,0.0,-1.0,WAVLM_BASE_PLUS,9
7021-85628-0013_5683-32866-0007__T2__NBASIC__5683,5683,7021,normal_basic,17.46,7,0.0,0.0,0.0,0.42703962506991255,0.26410918899653324,55.42594530697992,0,0.0,0.0,-1.0,WAVLM_BASE_PLUS,9
7021-85628-0013_5683-32866-0007__T1__NBASIC__7021,7021,5683,normal_basic,16.64,7,0.0,0.0,0.0,0.437933861043175,0.324143855408796,55.91361648668778,0,0.0,0.0,-1.0,WAVLM_BASE_PLUS,9
7021-85628-0015_1284-134647-0006__T2__NBASIC__1284,1284,7021,normal_basic,16.57,19,0.0,0.0,0.0,0.3545987316508094,0.22147976909182798,42.73006361481845,0,0.0,0.0,-1.0,WAVLM_BASE_PLUS,9
7021-85628-0015_1284-134647-0006__T1__NBASIC__7021,7021,1284,normal_basic,11.27,19,0.0,0.0,0.0,0.4187599410537132,0.282971197667755,44.288931649469916,0,0.0,0.0,-1.0,WAVLM_BASE_PLUS,9
7021-85628-0016_8555-284449-0002__T1__NBASIC__7021,7021,8555,normal_basic,17.12,7,0.0,0.0,0.0,0.39159736572014436,0.21881043473359363,48.41613198121767,0,0.0,0.0,-1.0,WAVLM_BASE_PLUS,9
7021-85628-0016_8555-284449-0002__T2__NBASIC__8555,8555,7021,normal_basic,13.32,7,0.0,0.0,0.0,0.39823359451620227,0.3329507560135828,50.23553467190454,0,0.0,0.0,-1.0,WAVLM_BASE_PLUS,9
7021-85628-0018_4507-16021-0039__T2__NBASIC__4507,4507,7021,normal_basic,16.14,15,0.0,0.0,0.0,0.36222623025324113,0.10848033211231478,41.16662685946107,0,0.0,0.0,-1.0,WAVLM_BASE_PLUS,9
7021-85628-0018_4507-16021-0039__T1__NBASIC__7021,7021,4507,normal_basic,11.67,15,0.0,0.0,0.0,0.3724026217690868,0.10094643038954909,44.73346852866072,0,0.0,0.0,-1.0,WAVLM_BASE_PLUS,9
7021-85628-0020_5142-33396-0046__T2__NBASIC__5142,5142,7021,normal_basic,18.87,6,0.0,0.0,0.0,0.4585015212958741,0.2853873485104589,48.46337989794918,0,0.0,0.0,-1.0,WAVLM_BASE_PLUS,9
7021-85628-0020_5142-33396-0046__T1__NBASIC__7021,7021,5142,normal_basic,15.78,6,0.0,0.0,0.0,0.39135011390422475,0.3459565868327757,52.433490188399254,0,0.0,0.0,-1.0,WAVLM_BASE_PLUS,9
7127-75946-0007_1580-141084-0034__T2__NBASIC__1580,1580,7127,normal_basic,12.84,7,0.0,0.0,0.0,0.4970619714959116,0.3730361387032176,37.46735192142363,0,0.0,0.0,-1.0,WAVLM_BASE_PLUS,9
7127-75946-0007_1580-141084-0034__T1__NBASIC__7127,7127,1580,normal_basic,12.04,7,0.0,0.0,0.0,0.47174405013770027,0.2577784009876205,39.60154861250131,0,0.0,0.0,-1.0,WAVLM_BASE_PLUS,9
7127-75946-0008_5142-33396-0020__T2__NBASIC__5142,5142,7127,normal_basic,10.65,5,0.0,0.0,0.0,0.3711989671688031,0.11788098325899665,33.97906950299099,0,0.0,0.0,-1.0,WAVLM_BASE_PLUS,9
7127-75946-0008_5142-33396-0020__T1__NBASIC__7127,7127,5142,normal_basic,10.19,5,0.0,0.0,0.0,0.4342608030046676,0.3654609422662025,33.77837055710581,0,0.0,0.0,-1.0,WAVLM_BASE_PLUS,9
7127-75946-0009_1580-141083-0010__T2__NBASIC__1580,1580,7127,normal_basic,10.12,8,0.0,0.0,0.0,0.43120966367690033,0.3269769483974423,29.496444702742416,0,0.0,0.0,-1.0,WAVLM_BASE_PLUS,9
7127-75946-0009_1580-141083-0010__T1__NBASIC__7127,7127,1580,normal_basic,10.26,8,0.0,0.0,0.0,0.3906530434898936,0.22765862486424704,31.983379900161232,0,0.0,0.0,-1.0,WAVLM_BASE_PLUS,9
7127-75946-0016_5639-40744-0002__T2__NBASIC__5639,5639,7127,normal_basic,7.09,16,0.0625,0.0,0.0,0.30563186387739866,-0.11730850207485566,29.74634505104145,0,0.0,0.0,-1.0,WAVLM_BASE_PLUS,9
7127-75946-0016_5639-40744-0002__T1__NBASIC__7127,7127,5639,normal_basic,13.0,16,0.0,0.0,0.0,0.3267940440717774,0.13193196580785183,29.42407626703129,0,0.0,0.0,-1.0,WAVLM_BASE_PLUS,9
7127-75946-0020_672-122797-0054__T2__NBASIC__672,672,7127,normal_basic,-1.49,7,0.5714285714285714,0.5714285714285714,0.5714285714285714,-0.040635980901915496,-0.4763966391411099,-1.0938177758799839,1,2.0,2.0,1.5,WAVLM_BASE_PLUS,9
7127-75946-0020_672-122797-0054__T1__NBASIC__7127,7127,672,normal_basic,-0.12,7,0.42857142857142855,0.42857142857142855,0.42857142857142855,0.07478186156470959,-0.4504749059272178,3.7901530047696617,1,1.5,1.5,0.0,WAVLM_BASE_PLUS,9
7127-75946-0022_5105-28240-0012__T2__NBASIC__5105,5105,7127,normal_basic,10.8,8,0.0,0.0,0.0,0.3000815660819961,0.10413707253090737,26.763304456070927,0,0.0,0.0,-1.0,WAVLM_BASE_PLUS,9
7127-75946-0022_5105-28240-0012__T1__NBASIC__7127,7127,5105,normal_basic,-20.01,8,1.0,1.0,1.0,-0.27137001921047893,-0.492316534209608,-24.13821347814648,1,4.0,4.0,0.0,WAVLM_BASE_PLUS,9
7127-75946-0023_1320-122612-0004__T2__NBASIC__1320,1320,7127,normal_basic,9.8,6,0.0,0.0,0.0,0.36746318292303143,0.16679089927877555,35.58946719493932,0,0.0,0.0,-1.0,WAVLM_BASE_PLUS,9
7127-75946-0023_1320-122612-0004__T1__NBASIC__7127,7127,1320,normal_basic,9.67,6,0.16666666666666666,0.0,0.0,0.22284333214232332,-0.33886908807125116,19.53441637944159,0,0.0,0.0,-1.0,WAVLM_BASE_PLUS,9
7127-75946-0025_7021-85628-0002__T2__NBASIC__7021,7021,7127,normal_basic,9.12,6,0.0,0.0,0.0,0.26552920877762226,0.10710592432366783,30.0192828470356,0,0.0,0.0,-1.0,WAVLM_BASE_PLUS,9
7127-75946-0025_7021-85628-0002__T1__NBASIC__7127,7127,7021,normal_basic,10.03,6,0.0,0.0,0.0,0.3551659321352356,0.17383217003480522,33.12241678428345,0,0.0,0.0,-1.0,WAVLM_BASE_PLUS,9
7127-75946-0029_6829-68771-0011__T2__NBASIC__6829,6829,7127,normal_basic,14.5,10,0.0,0.0,0.0,0.3490044416431005,0.09747097282201905,35.10860641299148,0,0.0,0.0,-1.0,WAVLM_BASE_PLUS,9
7127-75946-0029_6829-68771-0011__T1__NBASIC__7127,7127,6829,normal_basic,10.35,10,0.0,0.0,0.0,0.44751746683618404,0.28431644876194795,43.25930548626577,0,0.0,0.0,-1.0,WAVLM_BASE_PLUS,9
7127-75947-0000_5683-32879-0009__T2__NBASIC__5683,5683,7127,normal_basic,12.71,9,0.0,0.0,0.0,0.3610057196230938,0.20993509468778798,30.385804469707352,0,0.0,0.0,-1.0,WAVLM_BASE_PLUS,9
7127-75947-0000_5683-32879-0009__T1__NBASIC__7127,7127,5683,normal_basic,8.72,9,0.0,0.0,0.0,0.4765833035134249,0.3473598589566573,33.42917126700391,0,0.0,0.0,-1.0,WAVLM_BASE_PLUS,9
7127-75947-0001_7176-92135-0039__T1__NBASIC__7127,7127,7176,normal_basic,8.66,5,0.0,0.0,0.0,0.43914264879338083,0.33456503675810123,34.314942931548,0,0.0,0.0,-1.0,WAVLM_BASE_PLUS,9
7127-75947-0001_7176-92135-0039__T2__NBASIC__7176,7176,7127,normal_basic,12.71,5,0.0,0.0,0.0,0.22818138040092856,0.12834239514337986,29.127155851817236,0,0.0,0.0,-1.0,WAVLM_BASE_PLUS,9
7127-75947-0002_5639-40744-0028__T2__NBASIC__5639,5639,7127,normal_basic,10.72,5,0.0,0.0,0.0,0.13514610198456656,0.011087503524483622,18.08200242409179,0,0.0,0.0,-1.0,WAVLM_BASE_PLUS,9
7127-75947-0002_5639-40744-0028__T1__NBASIC__7127,7127,5639,normal_basic,6.79,5,0.0,0.0,0.0,0.40714908462843774,0.2691363202827668,36.86314248111533,0,0.0,0.0,-1.0,WAVLM_BASE_PLUS,9
7127-75947-0006_1580-141084-0027__T2__NBASIC__1580,1580,7127,normal_basic,15.23,5,0.0,0.0,0.0,0.46121968514502426,0.23741998310405377,45.71161778708955,0,0.0,0.0,-1.0,WAVLM_BASE_PLUS,9
7127-75947-0006_1580-141084-0027__T1__NBASIC__7127,7127,1580,normal_basic,10.27,5,0.0,0.0,0.0,0.37956826532369925,0.20385294691901212,40.40886908819901,0,0.0,0.0,-1.0,WAVLM_BASE_PLUS,9
7127-75947-0011_1284-1181-0011__T2__NBASIC__1284,1284,7127,normal_basic,10.92,6,0.0,0.0,0.0,0.35681307046812627,0.2809298146626146,33.512980353632486,0,0.0,0.0,-1.0,WAVLM_BASE_PLUS,9
7127-75947-0011_1284-1181-0011__T1__NBASIC__7127,7127,1284,normal_basic,6.54,6,0.0,0.0,0.0,0.34308732255887014,0.28380457690808564,27.601373079714097,0,0.0,0.0,-1.0,WAVLM_BASE_PLUS,9
7127-75947-0013_1320-122617-0039__T2__NBASIC__1320,1320,7127,normal_basic,13.02,8,0.0,0.0,0.0,0.4426203689817859,0.25762737289668297,40.389703286253535,0,0.0,0.0,-1.0,WAVLM_BASE_PLUS,9
7127-75947-0013_1320-122617-0039__T1__NBASIC__7127,7127,1320,normal_basic,14.39,8,0.0,0.0,0.0,0.3811802629895584,0.06752407415763617,38.72134289591867,0,0.0,0.0,-1.0,WAVLM_BASE_PLUS,9
7127-75947-0014_1580-141083-0002__T2__NBASIC__1580,1580,7127,normal_basic,10.55,11,0.0,0.0,0.0,0.42388805268891744,0.24560111269890916,35.64753071584197,0,0.0,0.0,-1.0,WAVLM_BASE_PLUS,9
7127-75947-0014_1580-141083-0002__T1__NBASIC__7127,7127,1580,normal_basic,12.59,11,0.0,0.0,0.0,0.42525092472088205,0.21975552596225034,33.53772882016421,0,0.0,0.0,-1.0,WAVLM_BASE_PLUS,9
7127-75947-0015_8555-284447-0003__T1__NBASIC__7127,7127,8555,normal_basic,15.34,7,0.0,0.0,0.0,0.4118280796845231,0.19480165792244264,42.908197240970296,0,0.0,0.0,-1.0,WAVLM_BASE_PLUS,9
7127-75947-0015_8555-284447-0003__T2__NBASIC__8555,8555,7127,normal_basic,11.45,7,0.0,0.0,0.0,0.3602016965989212,0.2664661051988261,43.118941915746646,0,0.0,0.0,-1.0,WAVLM_BASE_PLUS,9
7127-75947-0016_7176-92135-0017__T1__NBASIC__7127,7127,7176,normal_basic,11.48,13,0.0,0.0,0.0,0.4216563898890588,0.34390669373298066,37.81063348485744,0,0.0,0.0,-1.0,WAVLM_BASE_PLUS,9
7127-75947-0016_7176-92135-0017__T2__NBASIC__7176,7176,7127,normal_basic,11.43,13,0.0,0.0,0.0,0.3279109010579236,0.11517127832507401,35.064153929926235,0,0.0,0.0,-1.0,WAVLM_BASE_PLUS,9
7127-75947-0018_5142-36377-0002__T2__NBASIC__5142,5142,7127,normal_basic,10.66,7,0.0,0.0,0.0,0.3809760616316021,0.3115963764708346,30.912978905664158,0,0.0,0.0,-1.0,WAVLM_BASE_PLUS,9
7127-75947-0018_5142-36377-0002__T1__NBASIC__7127,7127,5142,normal_basic,9.39,7,0.0,0.0,0.0,0.3739605933463382,0.30036939380062533,29.876363189702897,0,0.0,0.0,-1.0,WAVLM_BASE_PLUS,9
7127-75947-0019_1089-134691-0018__T2__NBASIC__1089,1089,7127,normal_basic,-0.93,5,0.4,0.6,0.4,-0.073221426905232,-0.6392054331726209,-2.946582331064215,1,1.0,1.0,0.5,WAVLM_BASE_PLUS,9
7127-75947-0019_1089-134691-0018__T1__NBASIC__7127,7127,1089,normal_basic,12.13,5,0.0,0.0,0.0,0.4316356620782734,0.12612729914219079,46.03152211126291,0,0.0,0.0,-1.0,WAVLM_BASE_PLUS,9
7127-75947-0021_4507-16021-0048__T2__NBASIC__4507,4507,7127,normal_basic,11.16,6,0.0,0.0,0.0,0.3696934434801038,0.20607436519427802,45.85905675802127,0,0.0,0.0,-1.0,WAVLM_BASE_PLUS,9
7127-75947-0021_4507-16021-0048__T1__NBASIC__7127,7127,4507,normal_basic,15.28,6,0.0,0.0,0.0,0.453333606144513,0.24493625209841285,38.77711470315254,0,0.0,0.0,-1.0,WAVLM_BASE_PLUS,9
7127-75947-0027_260-123440-0016__T2__NBASIC__260,260,7127,normal_basic,-15.87,8,0.75,0.875,0.75,-0.21467277259437398,-0.4711190963935056,-15.09222855414982,2,2.0,1.5,0.0,WAVLM_BASE_PLUS,9
7127-75947-0027_260-123440-0016__T1__NBASIC__7127,7127,260,normal_basic,14.44,8,0.0,0.0,0.0,0.35880106272657175,0.20853950662045223,31.620961608956016,0,0.0,0.0,-1.0,WAVLM_BASE_PLUS,9
7127-75947-0029_6829-68769-0036__T2__NBASIC__6829,6829,7127,normal_basic,10.21,9,0.0,0.0,0.0,0.4446144049552701,0.25009905791763554,36.39875711164328,0,0.0,0.0,-1.0,WAVLM_BASE_PLUS,9
7127-75947-0029_6829-68769-0036__T1__NBASIC__7127,7127,6829,normal_basic,13.01,9,0.0,0.0,0.0,0.3739481461270371,0.15581172393073212,37.84421472903889,0,0.0,0.0,-1.0,WAVLM_BASE_PLUS,9
7127-75947-0032_1188-133604-0010__T2__NBASIC__1188,1188,7127,normal_basic,12.1,7,0.0,0.0,0.0,0.3792650974760216,0.1795977255238248,45.31123657528019,0,0.0,0.0,-1.0,WAVLM_BASE_PLUS,9
7127-75947-0032_1188-133604-0010__T1__NBASIC__7127,7127,1188,normal_basic,16.48,7,0.0,0.0,0.0,0.27020015516963547,0.05327095356669842,40.73768272753007,0,0.0,0.0,-1.0,WAVLM_BASE_PLUS,9
7127-75947-0033_1089-134691-0007__T2__NBASIC__1089,1089,7127,normal_basic,0.05,5,0.8,1.0,0.8,-0.10916178249124933,-0.39141645244732104,-7.072918735989331,1,2.0,2.0,0.5,WAVLM_BASE_PLUS,9
7127-75947-0033_1089-134691-0007__T1__NBASIC__7127,7127,1089,normal_basic,-4.07,5,0.6,0.6,0.4,0.0255325065274286,-0.21695491517534238,-0.09015939326469961,1,1.0,1.0,1.5,WAVLM_BASE_PLUS,9
7127-75947-0035_1320-122617-0031__T2__NBASIC__1320,1320,7127,normal_basic,12.79,7,0.0,0.0,0.0,0.2701291945553657,0.16803425463621618,32.027854467730926,0,0.0,0.0,-1.0,WAVLM_BASE_PLUS,9
7127-75947-0035_1320-122617-0031__T1__NBASIC__7127,7127,1320,normal_basic,11.25,7,0.0,0.0,0.0,0.3911017068428159,0.20861517965795762,39.265255112384644,0,0.0,0.0,-1.0,WAVLM_BASE_PLUS,9
7127-75947-0039_3570-5694-0006__T2__NBASIC__3570,3570,7127,normal_basic,11.58,19,0.0,0.0,0.0,0.36848592688821524,0.20310797056483054,39.0128116499446,0,0.0,0.0,-1.0,WAVLM_BASE_PLUS,9
7127-75947-0039_3570-5694-0006__T1__NBASIC__7127,7127,3570,normal_basic,14.03,19,0.0,0.0,0.0,0.39215728696749336,0.17320688136778073,39.98971202041134,0,0.0,0.0,-1.0,WAVLM_BASE_PLUS,9
7127-75947-0040_237-126133-0002__T2__NBASIC__237,237,7127,normal_basic,14.28,16,0.0,0.0,0.0,0.3688233086293734,0.0849377375464494,39.28033459829848,0,0.0,0.0,-1.0,WAVLM_BASE_PLUS,9
7127-75947-0040_237-126133-0002__T1__NBASIC__7127,7127,237,normal_basic,9.59,16,0.0,0.0,0.0,0.4920142620159305,0.25060446205829745,40.03773294503344,0,0.0,0.0,-1.0,WAVLM_BASE_PLUS,9
7176-88083-0000_1089-134686-0009__T2__NBASIC__1089,1089,7176,normal_basic,9.55,10,0.0,0.0,0.0,0.2657497390376239,0.14053565820334657,26.017316324419703,0,0.0,0.0,-1.0,WAVLM_BASE_PLUS,9
7176-88083-0000_1089-134686-0009__T1__NBASIC__7176,7176,1089,normal_basic,8.56,10,0.0,0.0,0.0,0.38910745892084553,0.17094144388837296,29.95323707222053,0,0.0,0.0,-1.0,WAVLM_BASE_PLUS,9
7176-88083-0001_1221-135767-0009__T2__NBASIC__1221,1221,7176,normal_basic,12.13,25,0.0,0.0,0.0,0.4791157885023862,0.2947612892785939,42.97545879185084,0,0.0,0.0,-1.0,WAVLM_BASE_PLUS,9
7176-88083-0001_1221-135767-0009__T1__NBASIC__7176,7176,1221,normal_basic,15.18,25,0.0,0.0,0.0,0.346382660908809,0.11272896757399942,38.160979682910806,0,0.0,0.0,-1.0,WAVLM_BASE_PLUS,9
7176-88083-0002_8455-210777-0023__T1__NBASIC__7176,7176,8455,normal_basic,4.56,8,0.375,0.25,0.25,0.11462678462683071,-0.14794862856300517,10.450008773052385,1,1.0,1.0,1.0,WAVLM_BASE_PLUS,9
7176-88083-0002_8455-210777-0023__T2__NBASIC__8455,8455,7176,normal_basic,4.04,8,0.0,0.0,0.0,0.33249607603043463,0.07673007096372009,23.270018348617867,0,0.0,0.0,-1.0,WAVLM_BASE_PLUS,9
7176-88083-0003_8230-279154-0010__T1__NBASIC__7176,7176,8230,normal_basic,3.0,14,0.5714285714285714,0.5714285714285714,0.5,-0.006443255464218768,-0.4387385635179232,0.19429963859649063,4,1.0,1.0,0.0,WAVLM_BASE_PLUS,9
7176-88083-0003_8230-279154-0010__T2__NBASIC__8230,8230,7176,normal_basic,7.61,14,0.14285714285714285,0.0,0.0,0.28882006842055163,-0.47408406978391315,28.929121151366576,1,1.0,1.0,6.0,WAVLM_BASE_PLUS,9
7176-88083-0005_672-122797-0022__T2__NBASIC__672,672,7176,normal_basic,3.9,8,0.5,0.375,0.25,-0.027511555967782375,-0.37880874367209566,12.525900640234923,2,1.0,1.0,1.5,WAVLM_BASE_PLUS,9
7176-88083-0005_672-122797-0022__T1__NBASIC__7176,7176,672,normal_basic,1.75,8,0.0,0.25,0.0,0.26226292683771124,0.01344400697546877,9.913324822856978,0,0.0,0.0,-1.0,WAVLM_BASE_PLUS,9
7176-88083-0008_2830-3980-0048__T2__NBASIC__2830,2830,7176,normal_basic,9.93,5,0.0,0.0,0.0,0.3152104744102636,0.19443711033110123,26.267020244879046,0,0.0,0.0,-1.0,WAVLM_BASE_PLUS,9
7176-88083-0008_2830-3980-0048__T1__NBASIC__7176,7176,2830,normal_basic,8.51,5,0.0,0.0,0.0,0.38692164845179733,0.28508805658461583,27.038042637869854,0,0.0,0.0,-1.0,WAVLM_BASE_PLUS,9
7176-88083-0009_5105-28241-0002__T2__NBASIC__5105,5105,7176,normal_basic,14.18,7,0.0,0.0,0.0,0.3949154489380284,0.20199764574876333,39.52338158240538,0,0.0,0.0,-1.0,WAVLM_BASE_PLUS,9
7176-88083-0009_5105-28241-0002__T1__NBASIC__7176,7176,5105,normal_basic,12.31,7,0.0,0.0,0.0,0.38159834412776006,0.3024618096264075,40.42748727644399,0,0.0,0.0,-1.0,WAVLM_BASE_PLUS,9
7176-88083-0013_672-122797-0058__T2__NBASIC__672,672,7176,normal_basic,14.35,7,0.0,0.0,0.0,0.23450125630443588,0.11557224161746443,22.89864870367949,0,0.0,0.0,-1.0,WAVLM_BASE_PLUS,9
7176-88083-0013_672-122797-0058__T1__NBASIC__7176,7176,672,normal_basic,8.91,7,0.0,0.0,0.0,0.41352985196214676,0.2006529649093749,37.00444460654719,0,0.0,0.0,-1.0,WAVLM_BASE_PLUS,9
7176-88083-0016_121-127105-0013__T2__NBASIC__121,121,7176,normal_basic,10.64,6,0.0,0.0,0.0,0.42402121649035834,0.3127465558381538,38.19295413500936,0,0.0,0.0,-1.0,WAVLM_BASE_PLUS,9
7176-88083-0016_121-127105-0013__T1__NBASIC__7176,7176,121,normal_basic,13.66,6,0.0,0.0,0.0,0.2939470195943646,0.18342661490751755,33.482617831130234,0,0.0,0.0,-1.0,WAVLM_BASE_PLUS,9
7176-88083-0017_4446-2271-0004__T2__NBASIC__4446,4446,7176,normal_basic,10.19,6,0.0,0.0,0.0,0.34399627845407954,0.13894815631348145,36.30872150578076,0,0.0,0.0,-1.0,WAVLM_BASE_PLUS,9
7176-88083-0017_4446-2271-0004__T1__NBASIC__7176,7176,4446,normal_basic,12.95,6,0.0,0.0,0.0,0.4660803409774217,0.4018761940221206,32.01039781696898,0,0.0,0.0,-1.0,WAVLM_BASE_PLUS,9
7176-88083-0019_61-70968-0019__T2__NBASIC__61,61,7176,normal_basic,7.81,9,0.0,0.0,0.0,0.2658433254844742,0.1262060726422597,16.849511152573385,0,0.0,0.0,-1.0,WAVLM_BASE_PLUS,9
7176-88083-0019_61-70968-0019__T1__NBASIC__7176,7176,61,normal_basic,5.52,9,0.0,0.0,0.0,0.30410290326742795,0.08651745146331546,27.459370479287813,0,0.0,0.0,-1.0,WAVLM_BASE_PLUS,9
7176-88083-0022_908-31957-0001__T1__NBASIC__7176,7176,908,normal_basic,8.29,17,0.0,0.0,0.0,0.4166955937400884,0.27467111884629025,34.73557471058122,0,0.0,0.0,-1.0,WAVLM_BASE_PLUS,9
7176-88083-0022_908-31957-0001__T2__NBASIC__908,908,7176,normal_basic,-14.35,17,1.0,1.0,1.0,-0.4189301363265814,-0.589045927380937,-33.256769956234436,1,8.5,8.5,0.0,WAVLM_BASE_PLUS,9
7176-88083-0023_2300-131720-0040__T2__NBASIC__2300,2300,7176,normal_basic,7.57,9,0.0,0.0,0.0,0.37294831114981003,0.23560235715882483,25.418242969161447,0,0.0,0.0,-1.0,WAVLM_BASE_PLUS,9
7176-88083-0023_2300-131720-0040__T1__NBASIC__7176,7176,2300,normal_basic,5.04,9,0.1111111111111111,0.0,0.0,0.3519399982291438,-0.2294513537293018,18.822911391156286,0,0.0,0.0,-1.0,WAVLM_BASE_PLUS,9
7176-92135-0012_4992-41797-0000__T2__NBASIC__4992,4992,7176,normal_basic,14.6,9,0.0,0.0,0.0,0.4180592051228349,0.34204077036560554,46.96512094009347,0,0.0,0.0,-1.0,WAVLM_BASE_PLUS,9
7176-92135-0012_4992-41797-0000__T1__NBASIC__7176,7176,4992,normal_basic,14.83,9,0.0,0.0,0.0,0.4219744178251903,0.2468778588795303,42.861660794512765,0,0.0,0.0,-1.0,WAVLM_BASE_PLUS,9
7176-92135-0013_61-70970-0031__T2__NBASIC__61,61,7176,normal_basic,4.32,5,0.0,0.0,0.0,0.19101423477884194,0.07953145940981332,9.595466636575503,0,0.0,0.0,-1.0,WAVLM_BASE_PLUS,9
7176-92135-0013_61-70970-0031__T1__NBASIC__7176,7176,61,normal_basic,-4.31,5,1.0,0.8,0.8,-0.09736006461944266,-0.13594815273413946,-4.283873270834905,1,2.5,2.5,0.0,WAVLM_BASE_PLUS,9
7176-92135-0014_1089-134691-0004__T2__NBASIC__1089,1089,7176,normal_basic,7.41,9,0.0,0.0,0.0,0.4323145277984596,0.15009180811487827,32.181884639633815,0,0.0,0.0,-1.0,WAVLM_BASE_PLUS,9
7176-92135-0014_1089-134691-0004__T1__NBASIC__7176,7176,1089,normal_basic,11.26,9,0.0,0.0,0.0,0.31041562579817983,0.14784583946365137,21.520492266573445,0,0.0,0.0,-1.0,WAVLM_BASE_PLUS,9
7176-92135-0020_2830-3980-0029__T2__NBASIC__2830,2830,7176,normal_basic,7.92,13,0.38461538461538464,0.07692307692307693,0.07692307692307693,0.141994873742814,-0.4639457967475429,25.51173147278971,1,1.5,1.5,5.0,WAVLM_BASE_PLUS,9
7176-92135-0020_2830-3980-0029__T1__NBASIC__7176,7176,2830,normal_basic,4.83,13,0.15384615384615385,0.07692307692307693,0.0,0.3131070352906623,-0.07245435720424998,19.98459000629075,1,1.0,1.0,2.0,WAVLM_BASE_PLUS,9
7176-92135-0022_1995-1837-0017__T2__NBASIC__1995,1995,7176,normal_basic,6.33,5,0.0,0.0,0.0,0.3068524954339956,0.016077160513722988,32.70533598276677,0,0.0,0.0,-1.0,WAVLM_BASE_PLUS,9
7176-92135-0022_1995-1837-0017__T1__NBASIC__7176,7176,1995,normal_basic,9.09,5,0.0,0.0,0.0,0.3830398104113935,0.26846690970243703,34.715560649531575,0,0.0,0.0,-1.0,WAVLM_BASE_PLUS,9
7176-92135-0023_1188-133604-0032__T2__NBASIC__1188,1188,7176,normal_basic,4.92,11,0.18181818181818182,0.09090909090909091,0.09090909090909091,0.1975750131047387,-0.2795066348147257,27.10774605149862,1,1.0,1.0,0.5,WAVLM_BASE_PLUS,9
7176-92135-0023_1188-133604-0032__T1__NBASIC__7176,7176,1188,normal_basic,-13.98,11,0.8181818181818182,1.0,0.8181818181818182,-0.204097828584967,-0.6544566321611878,-26.249878503221876,3,1.5,1.5,0.0,WAVLM_BASE_PLUS,9
7176-92135-0028_8455-210777-0024__T1__NBASIC__7176,7176,8455,normal_basic,-4.5,5,0.0,0.8,0.0,0.2799986821265879,0.05272886925589526,-8.0929854781954,0,0.0,0.0,-1.0,WAVLM_BASE_PLUS,9
7176-92135-0028_8455-210777-0024__T2__NBASIC__8455,8455,7176,normal_basic,15.32,5,0.0,0.0,0.0,0.38300772544607836,0.22064237018578037,47.19874529994716,0,0.0,0.0,-1.0,WAVLM_BASE_PLUS,9
7176-92135-0031_8224-274384-0002__T1__NBASIC__7176,7176,8224,normal_basic,9.68,18,0.0,0.0,0.0,0.41702776354284826,0.2611754044019867,36.02211872190953,0,0.0,0.0,-1.0,WAVLM_BASE_PLUS,9
7176-92135-0031_8224-274384-0002__T2__NBASIC__8224,8224,7176,normal_basic,9.59,18,0.2222222222222222,0.0,0.0,0.09593097726154633,-0.2711023957275099,20.94528477786101,1,1.0,1.0,2.0,WAVLM_BASE_PLUS,9
7176-92135-0034_4992-41806-0012__T2__NBASIC__4992,4992,7176,normal_basic,11.76,7,0.0,0.0,0.0,0.4463130422935984,0.34268801719027664,36.83337505769783,0,0.0,0.0,-1.0,WAVLM_BASE_PLUS,9
7176-92135-0034_4992-41806-0012__T1__NBASIC__7176,7176,4992,normal_basic,11.58,7,0.0,0.0,0.0,0.4364446488327142,0.3276495444544261,32.29977177958788,0,0.0,0.0,-1.0,WAVLM_BASE_PLUS,9
7176-92135-0035_7729-102255-0029__T1__NBASIC__7176,7176,7729,normal_basic,10.35,5,0.0,0.0,0.0,0.45266726737517154,0.3054054480261526,39.3580948587131,0,0.0,0.0,-1.0,WAVLM_BASE_PLUS,9
7176-92135-0035_7729-102255-0029__T2__NBASIC__7729,7729,7176,normal_basic,9.3,5,0.2,0.0,0.0,0.258866638949114,-0.046699764748432515,14.861287167222178,0,0.0,0.0,-1.0,WAVLM_BASE_PLUS,9
7176-92135-0041_672-122797-0045__T2__NBASIC__672,672,7176,normal_basic,6.37,8,0.0,0.0,0.0,0.36818486533502737,0.04378247173482419,27.30846650226408,0,0.0,0.0,-1.0,WAVLM_BASE_PLUS,9
7176-92135-0041_672-122797-0045__T1__NBASIC__7176,7176,672,normal_basic,-5.53,8,0.875,0.875,0.75,-0.2534609741184822,-0.5669191068275877,-15.97576562527476,1,3.5,3.5,0.5,WAVLM_BASE_PLUS,9
7176-92135-0042_7021-79730-0001__T2__NBASIC__7021,7021,7176,normal_basic,-0.58,13,0.6923076923076923,0.15384615384615385,0.15384615384615385,-0.05017447793246492,-0.43545481734828356,11.106144472884303,2,3.0,2.25,0.0,WAVLM_BASE_PLUS,9
7176-92135-0042_7021-79730-0001__T1__NBASIC__7176,7176,7021,normal_basic,-8.46,13,0.6923076923076923,0.9230769230769231,0.6923076923076923,-0.08638958429664058,-0.45469488411250264,-22.14917454301404,2,3.5,2.25,1.5,WAVLM_BASE_PLUS,9
7176-92135-0043_2830-3979-0001__T2__NBASIC__2830,2830,7176,normal_basic,10.44,25,0.04,0.0,0.0,0.24552485070122254,-0.13071462320613514,27.903631580415322,0,0.0,0.0,-1.0,WAVLM_BASE_PLUS,9
7176-92135-0043_2830-3979-0001__T1__NBASIC__7176,7176,2830,normal_basic,6.76,25,0.0,0.0,0.0,0.38325657308636835,0.18654825153954557,29.850686637588137,0,0.0,0.0,-1.0,WAVLM_BASE_PLUS,9
7176-92135-0045_4970-29095-0033__T2__NBASIC__4970,4970,7176,normal_basic,16.23,9,0.0,0.0,0.0,0.3891737185067748,0.20757019174491143,44.743389995298095,0,0.0,0.0,-1.0,WAVLM_BASE_PLUS,9
7176-92135-0045_4970-29095-0033__T1__NBASIC__7176,7176,4970,normal_basic,14.04,9,0.0,0.0,0.0,0.43206122912292033,0.34857626470069514,48.84571679702583,0,0.0,0.0,-1.0,WAVLM_BASE_PLUS,9
7729-102255-0001_260-123286-0006__T2__NBASIC__260,260,7729,normal_basic,9.57,5,0.0,0.0,0.0,0.3699665814010745,0.22631000205560936,26.738839956302808,0,0.0,0.0,-1.0,WAVLM_BASE_PLUS,9
7729-102255-0001_260-123286-0006__T1__NBASIC__7729,7729,260,normal_basic,10.87,5,0.0,0.0,0.0,0.4054305832376506,0.3229622776288893,28.661857796026062,0,0.0,0.0,-1.0,WAVLM_BASE_PLUS,9
7729-102255-0002_1221-135766-0001__T2__NBASIC__1221,1221,7729,normal_basic,14.4,15,0.0,0.0,0.0,0.4058189189386719,0.31816571314581055,34.546175637103964,0,0.0,0.0,-1.0,WAVLM_BASE_PLUS,9
7729-102255-0002_1221-135766-0001__T1__NBASIC__7729,7729,1221,normal_basic,10.94,15,0.0,0.0,0.0,0.4353414907462169,0.26261883448837653,41.51462298240359,0,0.0,0.0,-1.0,WAVLM_BASE_PLUS,9
7729-102255-0007_1320-122612-0009__T2__NBASIC__1320,1320,7729,normal_basic,12.06,6,0.0,0.0,0.0,0.3029149195148259,0.0426926629762282,26.371872721971034,0,0.0,0.0,-1.0,WAVLM_BASE_PLUS,9
7729-102255-0007_1320-122612-0009__T1__NBASIC__7729,7729,1320,normal_basic,7.56,6,0.0,0.0,0.0,0.4264252139616866,0.3389377430206007,30.26635440282701,0,0.0,0.0,-1.0,WAVLM_BASE_PLUS,9
7729-102255-0012_1320-122617-0000__T2__NBASIC__1320,1320,7729,normal_basic,10.82,7,0.0,0.0,0.0,0.41470663124624974,0.371623769978209,35.14518605652908,0,0.0,0.0,-1.0,WAVLM_BASE_PLUS,9
7729-102255-0012_1320-122617-0000__T1__NBASIC__7729,7729,1320,normal_basic,12.83,7,0.0,0.0,0.0,0.35067731438590233,0.24408671583008978,32.320360951795244,0,0.0,0.0,-1.0,WAVLM_BASE_PLUS,9
7729-102255-0014_4446-2271-0011__T2__NBASIC__4446,4446,7729,normal_basic,14.34,6,0.0,0.0,0.0,0.3110551613218338,0.2272081106147522,29.8790732787588,0,0.0,0.0,-1.0,WAVLM_BASE_PLUS,9
7729-102255-0014_4446-2271-0011__T1__NBASIC__7729,7729,4446,normal_basic,7.0,6,0.0,0.0,0.0,0.48708701642972235,0.4701362438431204,35.84620153359288,0,0.0,0.0,-1.0,WAVLM_BASE_PLUS,9
7729-102255-0015_7127-75946-0012__T2__NBASIC__7127,7127,7729,normal_basic,11.96,18,0.0,0.0,0.0,0.3771729929420506,0.24784297732595661,31.79239964575932,0,0.0,0.0,-1.0,WAVLM_BASE_PLUS,9
7729-102255-0015_7127-75946-0012__T1__NBASIC__7729,7729,7127,normal_basic,9.98,18,0.0,0.0,0.0,0.37446707935685497,0.2201105574586546,34.77719627858797,0,0.0,0.0,-1.0,WAVLM_BASE_PLUS,9
7729-102255-0017_672-122797-0063__T2__NBASIC__672,672,7729,normal_basic,14.53,9,0.1111111111111111,0.0,0.0,0.275435817942592,-0.0043441652382814055,29.218282638188256,0,0.0,0.0,-1.0,WAVLM_BASE_PLUS,9
7729-102255-0017_672-122797-0063__T1__NBASIC__7729,7729,672,normal_basic,10.79,9,0.0,0.0,0.0,0.4705008095129543,0.3565380203941878,37.746935325066744,0,0.0,0.0,-1.0,WAVLM_BASE_PLUS,9
7729-102255-0018_7127-75946-0024__T2__NBASIC__7127,7127,7729,normal_basic,4.82,9,0.0,0.0,0.0,0.3462485051543181,0.14037564089995413,17.66720987895675,0,0.0,0.0,-1.0,WAVLM_BASE_PLUS,9
7729-102255-0018_7127-75946-0024__T1__NBASIC__7729,7729,7127,normal_basic,4.75,9,0.0,0.0,0.0,0.26860084441622195,0.11672955517959954,13.947154440248982,0,0.0,0.0,-1.0,WAVLM_BASE_PLUS,9
7729-102255-0021_61-70968-0050__T2__NBASIC__61,61,7729,normal_basic,4.19,10,0.0,0.0,0.0,0.372514341369507,0.14953271044797195,17.788203292578245,0,0.0,0.0,-1.0,WAVLM_BASE_PLUS,9
7729-102255-0021_61-70968-0050__T1__NBASIC__7729,7729,61,normal_basic,5.81,10,0.0,0.0,0.0,0.30391376233728573,0.04755139255788321,21.07872957100588,0,0.0,0.0,-1.0,WAVLM_BASE_PLUS,9
7729-102255-0023_2094-142345-0014__T2__NBASIC__2094,2094,7729,normal_basic,7.47,9,0.0,0.0,0.0,0.4170053426870018,0.32947032984781877,35.09400813987978,0,0.0,0.0,-1.0,WAVLM_BASE_PLUS,9
7729-102255-0023_2094-142345-0014__T1__NBASIC__7729,7729,2094,normal_basic,14.79,9,0.0,0.0,0.0,0.2509859476272005,0.05010759798635234,29.274019763595657,0,0.0,0.0,-1.0,WAVLM_BASE_PLUS,9
7729-102255-0023_61-70968-0033__T2__NBASIC__61,61,7729,normal_basic,4.54,9,0.0,0.0,0.0,0.4061065200381167,0.292144872904479,20.368140178629417,0,0.0,0.0,-1.0,WAVLM_BASE_PLUS,9
7729-102255-0023_61-70968-0033__T1__NBASIC__7729,7729,61,normal_basic,8.18,9,0.1111111111111111,0.0,0.0,0.2602575942677461,-0.024939975274292925,19.219883281714644,0,0.0,0.0,-1.0,WAVLM_BASE_PLUS,9
7729-102255-0024_61-70970-0002__T2__NBASIC__61,61,7729,normal_basic,7.17,7,0.0,0.0,0.0,0.4254773697892163,0.3062473048985003,22.733158239819154,0,0.0,0.0,-1.0,WAVLM_BASE_PLUS,9
7729-102255-0024_61-70970-0002__T1__NBASIC__7729,7729,61,normal_basic,-1.37,7,0.5714285714285714,0.7142857142857143,0.42857142857142855,-0.0053711893671247336,-0.3660748825768026,-2.790511072882744,1,1.5,1.5,0.5,WAVLM_BASE_PLUS,9
7729-102255-0025_5639-40744-0026__T2__NBASIC__5639,5639,7729,normal_basic,14.0,9,0.0,0.0,0.0,0.3067833748506469,0.1211037767624033,37.5560241673473,0,0.0,0.0,-1.0,WAVLM_BASE_PLUS,9
7729-102255-0025_5639-40744-0026__T1__NBASIC__7729,7729,5639,normal_basic,11.89,9,0.0,0.0,0.0,0.39762196736714206,0.26352537721997116,38.705413273891025,0,0.0,0.0,-1.0,WAVLM_BASE_PLUS,9
7729-102255-0026_2961-961-0000__T2__NBASIC__2961,2961,7729,normal_basic,12.12,8,0.0,0.0,0.0,0.42807348213431357,0.2342956341235043,43.073224236339335,0,0.0,0.0,-1.0,WAVLM_BASE_PLUS,9
7729-102255-0026_2961-961-0000__T1__NBASIC__7729,7729,2961,normal_basic,15.65,8,0.0,0.0,0.0,0.31800720537074395,0.02495066744225327,34.670823094173016,0,0.0,0.0,-1.0,WAVLM_BASE_PLUS,9
7729-102255-0027_8463-294828-0017__T1__NBASIC__7729,7729,8463,normal_basic,11.65,10,0.0,0.0,0.0,0.49338581958653577,0.35471750053501183,47.21535794140259,0,0.0,0.0,-1.0,WAVLM_BASE_PLUS,9
7729-102255-0027_8463-294828-0017__T2__NBASIC__8463,8463,7729,normal_basic,16.94,10,0.0,0.0,0.0,0.4237126729880295,0.098145608020628,34.74308370358828,0,0.0,0.0,-1.0,WAVLM_BASE_PLUS,9
7729-102255-0028_6930-75918-0019__T2__NBASIC__6930,6930,7729,normal_basic,12.98,18,0.0,0.0,0.0,0.40844524083324074,0.1879620514470579,32.28869096355172,0,0.0,0.0,-1.0,WAVLM_BASE_PLUS,9
7729-102255-0028_6930-75918-0019__T1__NBASIC__7729,7729,6930,normal_basic,10.22,18,0.0,0.0,0.0,0.3669066667367454,0.11751174691734323,35.25166380419227,0,0.0,0.0,-1.0,WAVLM_BASE_PLUS,9
7729-102255-0030_5142-33396-0001__T2__NBASIC__5142,5142,7729,normal_basic,13.91,9,0.0,0.0,0.0,0.3953930599885788,0.19920719385642982,39.288290338164856,0,0.0,0.0,-1.0,WAVLM_BASE_PLUS,9
7729-102255-0030_5142-33396-0001__T1__NBASIC__7729,7729,5142,normal_basic,10.64,9,0.0,0.0,0.0,0.41481706534175,0.2841816657081917,45.19419224052489,0,0.0,0.0,-1.0,WAVLM_BASE_PLUS,9
7729-102255-0033_61-70968-0010__T2__NBASIC__61,61,7729,normal_basic,8.18,12,0.0,0.0,0.0,0.43070158983597384,0.28709636797946747,25.649389754806844,0,0.0,0.0,-1.0,WAVLM_BASE_PLUS,9
7729-102255-0033_61-70968-0010__T1__NBASIC__7729,7729,61,normal_basic,7.49,12,0.08333333333333333,0.08333333333333333,0.0,0.23870050660954847,-0.004884273007236928,15.838357985636241,0,0.0,0.0,-1.0,WAVLM_BASE_PLUS,9
7729-102255-0035_61-70968-0005__T2__NBASIC__61,61,7729,normal_basic,6.36,9,0.1111111111111111,0.0,0.0,0.23852690607676497,-0.0009050965128124533,15.41421946146435,0,0.0,0.0,-1.0,WAVLM_BASE_PLUS,9
7729-102255-0035_61-70968-0005__T1__NBASIC__7729,7729,61,normal_basic,7.02,9,0.0,0.0,0.0,0.3529719956615527,0.1983173449907149,25.680284657137317,0,0.0,0.0,-1.0,WAVLM_BASE_PLUS,9
7729-102255-0036_1580-141083-0031__T2__NBASIC__1580,1580,7729,normal_basic,16.28,11,0.0,0.0,0.0,0.25651514057800767,0.13049999912334032,30.6913713636955,0,0.0,0.0,-1.0,WAVLM_BASE_PLUS,9
7729-102255-0036_1580-141083-0031__T1__NBASIC__7729,7729,1580,normal_basic,10.24,11,0.0,0.0,0.0,0.42774507443267934,0.32534109895429864,44.65989498378237,0,0.0,0.0,-1.0,WAVLM_BASE_PLUS,9
7729-102255-0038_1284-1180-0000__T2__NBASIC__1284,1284,7729,normal_basic,10.38,14,0.0,0.0,0.0,0.4151666937555497,0.06593353210350511,36.959604614011944,0,0.0,0.0,-1.0,WAVLM_BASE_PLUS,9
7729-102255-0038_1284-1180-0000__T1__NBASIC__7729,7729,1284,normal_basic,12.36,14,0.0,0.0,0.0,0.4947778840128848,0.3546933252847791,32.02318170657462,0,0.0,0.0,-1.0,WAVLM_BASE_PLUS,9
7729-102255-0039_121-127105-0006__T2__NBASIC__121,121,7729,normal_basic,15.17,8,0.0,0.0,0.0,0.4010701701769791,0.25653914829889,31.868944123099762,0,0.0,0.0,-1.0,WAVLM_BASE_PLUS,9
7729-102255-0039_121-127105-0006__T1__NBASIC__7729,7729,121,normal_basic,10.6,8,0.0,0.0,0.0,0.36726833005840265,0.22606880368070026,42.9586526731026,0,0.0,0.0,-1.0,WAVLM_BASE_PLUS,9
7729-102255-0042_121-121726-0005__T2__NBASIC__121,121,7729,normal_basic,16.22,5,0.4,0.0,0.0,0.16196637169310138,-0.03015172421233414,43.381678704339116,0,0.0,0.0,-1.0,WAVLM_BASE_PLUS,9
7729-102255-0042_121-121726-0005__T1__NBASIC__7729,7729,121,normal_basic,7.23,5,0.0,0.0,0.0,0.4824915041021363,0.20126759603415734,63.766182237357874,0,0.0,0.0,-1.0,WAVLM_BASE_PLUS,9
7729-102255-0043_1284-1180-0003__T2__NBASIC__1284,1284,7729,normal_basic,14.62,8,0.0,0.0,0.0,0.2389602862713646,0.00115340945798037,30.263536436876777,0,0.0,0.0,-1.0,WAVLM_BASE_PLUS,9
7729-102255-0043_1284-1180-0003__T1__NBASIC__7729,7729,1284,normal_basic,9.07,8,0.0,0.0,0.0,0.4722184343296999,0.405234833294416,35.83174574279619,0,0.0,0.0,-1.0,WAVLM_BASE_PLUS,9
8224-274381-0010_5105-28240-0000__T2__NBASIC__5105,5105,8224,normal_basic,9.32,9,0.0,0.0,0.0,0.38233582630497276,0.2104922490936828,35.029620462842836,0,0.0,0.0,-1.0,WAVLM_BASE_PLUS,9
8224-274381-0010_5105-28240-0000__T1__NBASIC__8224,8224,5105,normal_basic,8.81,9,0.0,0.0,0.0,0.3370792279414461,0.018574834605583845,34.11242322202634,0,0.0,0.0,-1.0,WAVLM_BASE_PLUS,9
8224-274381-0011_5683-32865-0010__T2__NBASIC__5683,5683,8224,normal_basic,12.72,11,0.0,0.0,0.0,0.4980536227913792,0.21730261466462075,43.60898910265477,0,0.0,0.0,-1.0,WAVLM_BASE_PLUS,9
8224-274381-0011_5683-32865-0010__T1__NBASIC__8224,8224,5683,normal_basic,12.54,11,0.0,0.0,0.0,0.3714283133060036,0.02366347484089837,39.434910727748985,0,0.0,0.0,-1.0,WAVLM_BASE_PLUS,9
8224-274381-0013_1320-122617-0013__T2__NBASIC__1320,1320,8224,normal_basic,10.09,20,0.05,0.0,0.0,0.2622945353247121,-0.03699848332187894,18.262935185454552,0,0.0,0.0,-1.0,WAVLM_BASE_PLUS,9
8224-274381-0013_1320-122617-0013__T1__NBASIC__8224,8224,1320,normal_basic,2.51,20,0.25,0.0,0.0,0.11749781829653042,-0.46860039206446497,16.508096188828677,1,1.5,1.5,3.5,WAVLM_BASE_PLUS,9
8224-274384-0000_5683-32865-0004__T2__NBASIC__5683,5683,8224,normal_basic,10.27,13,0.0,0.0,0.0,0.45640434958385867,0.2513149330420912,39.43048368671521,0,0.0,0.0,-1.0,WAVLM_BASE_PLUS,9
8224-274384-0000_5683-32865-0004__T1__NBASIC__8224,8224,5683,normal_basic,13.7,13,0.0,0.0,0.0,0.28078522518993965,0.04346667095049994,34.91164860278763,0,0.0,0.0,-1.0,WAVLM_BASE_PLUS,9
8224-274384-0003_3570-5694-0016__T2__NBASIC__3570,3570,8224,normal_basic,11.03,6,0.0,0.0,0.0,0.40305891642892283,0.31989189326305967,37.32797760513878,0,0.0,0.0,-1.0,WAVLM_BASE_PLUS,9
8224-274384-0003_3570-5694-0016__T1__NBASIC__8224,8224,3570,normal_basic,13.23,6,0.0,0.0,0.0,0.3769347280786199,0.1796948980927049,37.248118847860646,0,0.0,0.0,-1.0,WAVLM_BASE_PLUS,9
8224-274384-0005_5639-40744-0021__T2__NBASIC__5639,5639,8224,normal_basic,7.03,16,0.0,0.0,0.0,0.35092323770280637,0.022301638437558502,25.61990402086789,0,0.0,0.0,-1.0,WAVLM_BASE_PLUS,9
8224-274384-0005_5639-40744-0021__T1__NBASIC__8224,8224,5639,normal_basic,6.38,16,0.25,0.0625,0.0625,0.22951244480406768,-0.2108881855086001,24.925519367693248,1,1.0,1.0,5.0,WAVLM_BASE_PLUS,9
8224-274384-0007_2961-961-0019__T2__NBASIC__2961,2961,8224,normal_basic,15.8,11,0.0,0.0,0.0,0.3781322074342478,0.2633228845383824,43.18851088031984,0,0.0,0.0,-1.0,WAVLM_BASE_PLUS,9
8224-274384-0007_2961-961-0019__T1__NBASIC__8224,8224,2961,normal_basic,15.49,11,0.0,0.0,0.0,0.37514751216649933,0.16552436020727412,48.33794139559102,0,0.0,0.0,-1.0,WAVLM_BASE_PLUS,9
8230-279154-0001_8555-284447-0005__T1__NBASIC__8230,8230,8555,normal_basic,15.31,12,0.0,0.0,0.0,0.45527738230167486,0.30487053976669454,50.070404894100385,0,0.0,0.0,-1.0,WAVLM_BASE_PLUS,9
8230-279154-0001_8555-284447-0005__T2__NBASIC__8555,8555,8230,normal_basic,16.35,12,0.0,0.0,0.0,0.4210394367193455,0.24787899083093357,49.2898614678588,0,0.0,0.0,-1.0,WAVLM_BASE_PLUS,9
8230-279154-0003_2300-131720-0011__T2__NBASIC__2300,2300,8230,normal_basic,2.86,5,0.2,0.0,0.0,0.2294532173124873,-0.02474874208543898,11.85891239052232,0,0.0,0.0,-1.0,WAVLM_BASE_PLUS,9
8230-279154-0003_2300-131720-0011__T1__NBASIC__8230,8230,2300,normal_basic,3.49,5,0.2,0.0,0.0,0.18130172229725958,-0.09249108844787718,17.618320075261607,0,0.0,0.0,-1.0,WAVLM_BASE_PLUS,9
8230-279154-0004_7127-75947-0023__T2__NBASIC__7127,7127,8230,normal_basic,11.55,9,0.0,0.0,0.0,0.33628665420359566,0.087405083815558,32.12649608329244,0,0.0,0.0,-1.0,WAVLM_BASE_PLUS,9
8230-279154-0004_7127-75947-0023__T1__NBASIC__8230,8230,7127,normal_basic,10.82,9,0.0,0.0,0.0,0.30993488139329456,0.1690434779690756,34.36397843361911,0,0.0,0.0,-1.0,WAVLM_BASE_PLUS,9
8230-279154-0005_2300-131720-0038__T2__NBASIC__2300,2300,8230,normal_basic,5.75,10,0.1,0.0,0.0,0.2720005613990368,-0.1489806830281652,21.807947308313686,0,0.0,0.0,-1.0,WAVLM_BASE_PLUS,9
8230-279154-0005_2300-131720-0038__T1__NBASIC__8230,8230,2300,normal_basic,10.13,10,0.0,0.0,0.0,0.3664870822089224,0.19939503760117194,26.785800179141916,0,0.0,0.0,-1.0,WAVLM_BASE_PLUS,9
8230-279154-0007_8555-292519-0007__T1__NBASIC__8230,8230,8555,normal_basic,13.52,15,0.0,0.0,0.0,0.413583643189405,0.14303987103202254,42.62320198071382,0,0.0,0.0,-1.0,WAVLM_BASE_PLUS,9
8230-279154-0007_8555-292519-0007__T2__NBASIC__8555,8555,8230,normal_basic,13.48,15,0.0,0.0,0.0,0.41728273217566786,0.24296497812715068,41.56617293972193,0,0.0,0.0,-1.0,WAVLM_BASE_PLUS,9
8230-279154-0008_8555-284447-0017__T1__NBASIC__8230,8230,8555,normal_basic,13.96,6,0.0,0.0,0.0,0.3411856341361601,0.14376970887033075,33.63262234723565,0,0.0,0.0,-1.0,WAVLM_BASE_PLUS,9
8230-279154-0008_8555-284447-0017__T2__NBASIC__8555,8555,8230,normal_basic,9.57,6,0.0,0.0,0.0,0.4246078689635513,0.22329481496253756,45.61147533005453,0,0.0,0.0,-1.0,WAVLM_BASE_PLUS,9
8230-279154-0012_260-123288-0024__T2__NBASIC__260,260,8230,normal_basic,-2.64,6,0.3333333333333333,0.16666666666666666,0.16666666666666666,0.1895121552031992,-0.2556470137754745,6.9846965098788445,1,1.0,1.0,0.0,WAVLM_BASE_PLUS,9
8230-279154-0012_260-123288-0024__T1__NBASIC__8230,8230,260,normal_basic,10.33,6,0.5,0.0,0.0,0.0709706782273538,-0.23790756404606128,16.213817566097763,1,1.5,1.5,1.5,WAVLM_BASE_PLUS,9
8230-279154-0015_1221-135767-0002__T2__NBASIC__1221,1221,8230,normal_basic,14.68,15,0.0,0.0,0.0,0.41791600917323124,0.3343419894125277,40.3877266659019,0,0.0,0.0,-1.0,WAVLM_BASE_PLUS,9
8230-279154-0015_1221-135767-0002__T1__NBASIC__8230,8230,1221,normal_basic,14.57,15,0.0,0.0,0.0,0.3658042862143523,0.1704555134635174,44.7940913355594,0,0.0,0.0,-1.0,WAVLM_BASE_PLUS,9
8230-279154-0017_8224-274384-0004__T2__NBASIC__8224,8224,8230,normal_basic,8.71,14,0.35714285714285715,0.0,0.0,0.09914511763611554,-0.4973281595210948,27.65576822154762,2,1.5,1.25,3.5,WAVLM_BASE_PLUS,9
8230-279154-0017_8224-274384-0004__T1__NBASIC__8230,8230,8224,normal_basic,12.86,14,0.0,0.0,0.0,0.4655936206932485,0.2945630196447775,37.43927607012815,0,0.0,0.0,-1.0,WAVLM_BASE_PLUS,9
8230-279154-0018_1284-1181-0008__T2__NBASIC__1284,1284,8230,normal_basic,12.28,11,0.0,0.0,0.0,0.3754198362887237,0.2716749418089366,46.04044117958088,0,0.0,0.0,-1.0,WAVLM_BASE_PLUS,9
8230-279154-0018_1284-1181-0008__T1__NBASIC__8230,8230,1284,normal_basic,16.23,11,0.0,0.0,0.0,0.36430254122696315,0.18171996597915085,38.65986684029621,0,0.0,0.0,-1.0,WAVLM_BASE_PLUS,9
8230-279154-0022_4446-2271-0009__T2__NBASIC__4446,4446,8230,normal_basic,12.12,11,0.0,0.0,0.0,0.447484765904241,0.2955512719854393,42.464194068514416,0,0.0,0.0,-1.0,WAVLM_BASE_PLUS,9
8230-279154-0022_4446-2271-0009__T1__NBASIC__8230,8230,4446,normal_basic,15.18,11,0.0,0.0,0.0,0.3818232901613086,0.09091591653190145,37.467829554195895,0,0.0,0.0,-1.0,WAVLM_BASE_PLUS,9
8230-279154-0026_672-122797-0020__T2__NBASIC__672,672,8230,normal_basic,-12.74,16,0.5625,0.75,0.5,-0.06583586457844437,-0.5680602627062922,-10.995925678721395,3,1.5,1.5,1.0,WAVLM_BASE_PLUS,9
8230-279154-0026_672-122797-0020__T1__NBASIC__8230,8230,672,normal_basic,9.67,16,0.1875,0.0,0.0,0.19484677283786084,-0.21125767133035311,23.817696711814975,1,1.0,1.0,5.0,WAVLM_BASE_PLUS,9
8230-279154-0027_7127-75946-0021__T2__NBASIC__7127,7127,8230,normal_basic,17.83,5,0.0,0.0,0.0,0.2534992552852181,0.07320836288517168,32.11553148791771,0,0.0,0.0,-1.0,WAVLM_BASE_PLUS,9
8230-279154-0027_7127-75946-0021__T1__NBASIC__8230,8230,7127,normal_basic,7.39,5,0.0,0.0,0.0,0.3991102632422373,0.20142752729890734,44.65330218078208,0,0.0,0.0,-1.0,WAVLM_BASE_PLUS,9
8230-279154-0029_4446-2275-0022__T2__NBASIC__4446,4446,8230,normal_basic,13.84,5,0.0,0.0,0.0,0.41737571493340847,0.29929827233164075,44.438106978628376,0,0.0,0.0,-1.0,WAVLM_BASE_PLUS,9
8230-279154-0029_4446-2275-0022__T1__NBASIC__8230,8230,4446,normal_basic,13.33,5,0.0,0.0,0.0,0.3479710002424674,0.3196397252320947,38.696568835063985,0,0.0,0.0,-1.0,WAVLM_BASE_PLUS,9
8230-279154-0030_61-70970-0030__T2__NBASIC__61,61,8230,normal_basic,-21.94,5,0.2,1.0,0.2,0.03089410498260884,-0.06163851221201533,-21.606822628898335,0,0.0,0.0,-1.0,WAVLM_BASE_PLUS,9
8230-279154-0030_61-70970-0030__T1__NBASIC__8230,8230,61,normal_basic,11.53,5,0.8,0.0,0.0,-0.13017717003359253,-0.34742767994703644,15.797044726688052,1,2.0,2.0,0.5,WAVLM_BASE_PLUS,9
8230-279154-0031_237-126133-0016__T2__NBASIC__237,237,8230,normal_basic,18.15,7,0.0,0.0,0.0,0.3644214720930779,0.3011060476345793,36.74013797888993,0,0.0,0.0,-1.0,WAVLM_BASE_PLUS,9
8230-279154-0031_237-126133-0016__T1__NBASIC__8230,8230,237,normal_basic,10.47,7,0.0,0.0,0.0,0.49268735993282214,0.3753923908242469,45.899377652475565,0,0.0,0.0,-1.0,WAVLM_BASE_PLUS,9
8230-279154-0032_3570-5695-0000__T2__NBASIC__3570,3570,8230,normal_basic,13.71,6,0.0,0.0,0.0,0.42638455843385065,0.3639519639644494,41.72907592565034,0,0.0,0.0,-1.0,WAVLM_BASE_PLUS,9
8230-279154-0032_3570-5695-0000__T1__NBASIC__8230,8230,3570,normal_basic,13.72,6,0.0,0.0,0.0,0.4560394015978433,0.36127798424975477,42.89233987393326,0,0.0,0.0,-1.0,WAVLM_BASE_PLUS,9
8230-279154-0034_5142-33396-0014__T2__NBASIC__5142,5142,8230,normal_basic,12.55,5,0.0,0.0,0.0,0.4422744030411132,0.42175466776973036,36.72290496706662,0,0.0,0.0,-1.0,WAVLM_BASE_PLUS,9
8230-279154-0034_5142-33396-0014__T1__NBASIC__8230,8230,5142,normal_basic,12.18,5,0.0,0.0,0.0,0.274324125008209,0.08964041997109662,38.43192034654341,0,0.0,0.0,-1.0,WAVLM_BASE_PLUS,9
8230-279154-0035_1580-141084-0047__T2__NBASIC__1580,1580,8230,normal_basic,12.97,9,0.0,0.0,0.0,0.4575864174701921,0.36236160268852846,35.60464575204557,0,0.0,0.0,-1.0,WAVLM_BASE_PLUS,9
8230-279154-0035_1580-141084-0047__T1__NBASIC__8230,8230,1580,normal_basic,12.91,9,0.0,0.0,0.0,0.3951088884806451,0.33430104779167075,38.15299567340747,0,0.0,0.0,-1.0,WAVLM_BASE_PLUS,9
8455-210777-0000_5142-33396-0051__T2__NBASIC__5142,5142,8455,normal_basic,13.27,10,0.0,0.0,0.0,0.42460760761987154,0.28368470342826435,37.69875931616655,0,0.0,0.0,-1.0,WAVLM_BASE_PLUS,9
8455-210777-0000_5142-33396-0051__T1__NBASIC__8455,8455,5142,normal_basic,10.7,10,0.0,0.0,0.0,0.3913960510140596,0.24688064558271183,46.62526345149032,0,0.0,0.0,-1.0,WAVLM_BASE_PLUS,9
8455-210777-0001_237-126133-0021__T2__NBASIC__237,237,8455,normal_basic,15.46,7,0.0,0.0,0.0,0.46170795303700896,0.34023296152572413,43.652328910199536,0,0.0,0.0,-1.0,WAVLM_BASE_PLUS,9
8455-210777-0001_237-126133-0021__T1__NBASIC__8455,8455,237,normal_basic,13.8,7,0.0,0.0,0.0,0.47242842894132403,0.3405447534163083,45.730321308306934,0,0.0,0.0,-1.0,WAVLM_BASE_PLUS,9
8455-210777-0004_4507-16021-0034__T2__NBASIC__4507,4507,8455,normal_basic,14.26,14,0.0,0.0,0.0,0.3892950598650148,0.16335302152825504,42.80849687513588,0,0.0,0.0,-1.0,WAVLM_BASE_PLUS,9
8455-210777-0004_4507-16021-0034__T1__NBASIC__8455,8455,4507,normal_basic,15.28,14,0.0,0.0,0.0,0.38889738391854445,0.24014021383964224,43.6554198442506,0,0.0,0.0,-1.0,WAVLM_BASE_PLUS,9
8455-210777-0006_1995-1826-0022__T2__NBASIC__1995,1995,8455,normal_basic,12.72,8,0.0,0.0,0.0,0.37738059563441473,0.30453990881752546,42.727434793426454,0,0.0,0.0,-1.0,WAVLM_BASE_PLUS,9
8455-210777-0006_1995-1826-0022__T1__NBASIC__8455,8455,1995,normal_basic,12.14,8,0.0,0.0,0.0,0.508436287167064,0.31558966005478395,36.07633022034369,0,0.0,0.0,-1.0,WAVLM_BASE_PLUS,9
8455-210777-0008_8555-292519-0000__T1__NBASIC__8455,8455,8555,normal_basic,17.82,22,0.0,0.0,0.0,0.41117582928963914,0.13592427697130327,51.43966786683155,0,0.0,0.0,-1.0,WAVLM_BASE_PLUS,9
8455-210777-0008_8555-292519-0000__T2__NBASIC__8555,8555,8455,normal_basic,14.47,22,0.0,0.0,0.0,0.40987019021340737,0.08855825080231516,51.803578053852696,0,0.0,0.0,-1.0,WAVLM_BASE_PLUS,9
8455-210777-0009_2830-3980-0068__T2__NBASIC__2830,2830,8455,normal_basic,15.25,8,0.0,0.0,0.0,0.403798367785983,0.1366339419650966,36.9852091539982,0,0.0,0.0,-1.0,WAVLM_BASE_PLUS,9
8455-210777-0009_2830-3980-0068__T1__NBASIC__8455,8455,2830,normal_basic,11.86,8,0.0,0.0,0.0,0.3845601309039508,0.15129207938779754,43.74829908874921,0,0.0,0.0,-1.0,WAVLM_BASE_PLUS,9
8455-210777-0015_1284-1180-0021__T2__NBASIC__1284,1284,8455,normal_basic,14.51,16,0.0,0.0,0.0,0.45610949182896543,0.2202605803313621,43.833870584164245,0,0.0,0.0,-1.0,WAVLM_BASE_PLUS,9
8455-210777-0015_1284-1180-0021__T1__NBASIC__8455,8455,1284,normal_basic,14.25,16,0.0,0.0,0.0,0.43677769872689165,0.2442824341246398,44.61241250911548,0,0.0,0.0,-1.0,WAVLM_BASE_PLUS,9
8455-210777-0016_2830-3980-0030__T2__NBASIC__2830,2830,8455,normal_basic,15.07,9,0.0,0.0,0.0,0.4178001141690569,0.13154697939200033,34.90949906781249,0,0.0,0.0,-1.0,WAVLM_BASE_PLUS,9
8455-210777-0016_2830-3980-0030__T1__NBASIC__8455,8455,2830,normal_basic,11.13,9,0.0,0.0,0.0,0.42219962265313354,0.24156689160726086,39.61586992324521,0,0.0,0.0,-1.0,WAVLM_BASE_PLUS,9
8455-210777-0017_260-123286-0013__T2__NBASIC__260,260,8455,normal_basic,3.36,8,0.25,0.25,0.25,0.05435753568566085,-0.5761318389583967,3.580600489162883,1,1.0,1.0,3.0,WAVLM_BASE_PLUS,9
8455-210777-0017_260-123286-0013__T1__NBASIC__8455,8455,260,normal_basic,2.98,8,0.125,0.125,0.125,0.2270995354219274,-0.49864692771177505,19.036629125694375,0,0.0,0.0,-1.0,WAVLM_BASE_PLUS,9
8455-210777-0018_5142-36377-0015__T2__NBASIC__5142,5142,8455,normal_basic,13.96,6,0.0,0.0,0.0,0.4548421129424917,0.3802221937429072,39.242285823476585,0,0.0,0.0,-1.0,WAVLM_BASE_PLUS,9
8455-210777-0018_5142-36377-0015__T1__NBASIC__8455,8455,5142,normal_basic,12.74,6,0.0,0.0,0.0,0.4558490948692049,0.37593930207822934,39.17866050038834,0,0.0,0.0,-1.0,WAVLM_BASE_PLUS,9
8455-210777-0019_2094-142345-0059__T2__NBASIC__2094,2094,8455,normal_basic,12.44,15,0.0,0.0,0.0,0.4675242510983937,0.26689107489525654,42.01707401890936,0,0.0,0.0,-1.0,WAVLM_BASE_PLUS,9
8455-210777-0019_2094-142345-0059__T1__NBASIC__8455,8455,2094,normal_basic,14.72,15,0.0,0.0,0.0,0.4241002800259929,0.1974047344640114,40.769358231855826,0,0.0,0.0,-1.0,WAVLM_BASE_PLUS,9
8455-210777-0020_61-70968-0054__T2__NBASIC__61,61,8455,normal_basic,10.99,5,0.0,0.0,0.0,0.44560050118304934,0.2633883287020008,39.313549806977775,0,0.0,0.0,-1.0,WAVLM_BASE_PLUS,9
8455-210777-0020_61-70968-0054__T1__NBASIC__8455,8455,61,normal_basic,13.78,5,0.0,0.0,0.0,0.34005338150464703,0.15510017774350993,35.790961763792154,0,0.0,0.0,-1.0,WAVLM_BASE_PLUS,9
8455-210777-0022_121-127105-0011__T2__NBASIC__121,121,8455,normal_basic,14.22,10,0.0,0.0,0.0,0.42467873738093614,0.2948085606741109,34.23596126117276,0,0.0,0.0,-1.0,WAVLM_BASE_PLUS,9
8455-210777-0022_121-127105-0011__T1__NBASIC__8455,8455,121,normal_basic,9.83,10,0.0,0.0,0.0,0.40349640483859683,0.1672721471710671,38.10302990149857,0,0.0,0.0,-1.0,WAVLM_BASE_PLUS,9
8455-210777-0025_8555-292519-0008__T1__NBASIC__8455,8455,8555,normal_basic,15.05,6,0.0,0.0,0.0,0.4140182975132891,0.1165038323943497,35.22963601921495,0,0.0,0.0,-1.0,WAVLM_BASE_PLUS,9
8455-210777-0025_8555-292519-0008__T2__NBASIC__8555,8555,8455,normal_basic,12.53,6,0.0,0.0,0.0,0.4300568901288477,0.19574784841048254,38.2321450653084,0,0.0,0.0,-1.0,WAVLM_BASE_PLUS,9
8455-210777-0026_4077-13754-0014__T2__NBASIC__4077,4077,8455,normal_basic,-1.11,5,0.2,0.4,0.2,0.16040205850073544,-0.09856405067900742,1.6345109534918225,0,0.0,0.0,-1.0,WAVLM_BASE_PLUS,9
8455-210777-0026_4077-13754-0014__T1__NBASIC__8455,8455,4077,normal_basic,2.19,5,0.2,0.2,0.2,0.07550201764154066,-0.1610436830091258,11.945391534883587,0,0.0,0.0,-1.0,WAVLM_BASE_PLUS,9
8455-210777-0027_6930-76324-0021__T2__NBASIC__6930,6930,8455,normal_basic,15.27,13,0.0,0.0,0.0,0.3480084858586693,0.1392986233566858,33.46434072897924,0,0.0,0.0,-1.0,WAVLM_BASE_PLUS,9
8455-210777-0027_6930-76324-0021__T1__NBASIC__8455,8455,6930,normal_basic,9.26,13,0.0,0.0,0.0,0.41921304353500677,0.1941466273727216,35.650145090620065,0,0.0,0.0,-1.0,WAVLM_BASE_PLUS,9
8455-210777-0028_6930-76324-0024__T2__NBASIC__6930,6930,8455,normal_basic,-3.28,6,0.5,0.8333333333333334,0.5,0.15370576455629337,-0.3375185265699687,-3.132219498414697,1,1.5,1.5,0.5,WAVLM_BASE_PLUS,9
8455-210777-0028_6930-76324-0024__T1__NBASIC__8455,8455,6930,normal_basic,10.91,6,0.0,0.0,0.0,0.41479622912218145,0.3560826111148896,27.9969772226398,0,0.0,0.0,-1.0,WAVLM_BASE_PLUS,9
8455-210777-0029_1089-134686-0020__T2__NBASIC__1089,1089,8455,normal_basic,11.05,5,0.0,0.0,0.0,0.37731104694042394,0.27561657635469783,29.809857576524546,0,0.0,0.0,-1.0,WAVLM_BASE_PLUS,9
8455-210777-0029_1089-134686-0020__T1__NBASIC__8455,8455,1089,normal_basic,11.58,5,0.0,0.0,0.0,0.2408276085269832,0.06407633388235234,26.37927930925297,0,0.0,0.0,-1.0,WAVLM_BASE_PLUS,9
8455-210777-0033_1284-1180-0008__T2__NBASIC__1284,1284,8455,normal_basic,11.51,14,0.0,0.0,0.0,0.4074897947719819,0.2254402470814897,36.937712950758545,0,0.0,0.0,-1.0,WAVLM_BASE_PLUS,9
8455-210777-0033_1284-1180-0008__T1__NBASIC__8455,8455,1284,normal_basic,10.86,14,0.0,0.0,0.0,0.42656830221354686,0.28991733717390455,32.426665682746105,0,0.0,0.0,-1.0,WAVLM_BASE_PLUS,9
8455-210777-0034_8555-284449-0004__T1__NBASIC__8455,8455,8555,normal_basic,10.07,14,0.0,0.0,0.0,0.4309196487555293,0.15320712934728553,45.64768065816215,0,0.0,0.0,-1.0,WAVLM_BASE_PLUS,9
8455-210777-0034_8555-284449-0004__T2__NBASIC__8555,8555,8455,normal_basic,14.03,14,0.0,0.0,0.0,0.3713929419035434,0.1189468316544493,37.17530088833176,0,0.0,0.0,-1.0,WAVLM_BASE_PLUS,9
8455-210777-0039_1580-141083-0033__T2__NBASIC__1580,1580,8455,normal_basic,12.1,10,0.0,0.0,0.0,0.4814758733273541,0.35584608324976275,38.81741627667045,0,0.0,0.0,-1.0,WAVLM_BASE_PLUS,9
8455-210777-0039_1580-141083-0033__T1__NBASIC__8455,8455,1580,normal_basic,14.67,10,0.0,0.0,0.0,0.3582240521831904,0.13061880991593977,36.14802340233699,0,0.0,0.0,-1.0,WAVLM_BASE_PLUS,9
8455-210777-0040_7127-75946-0028__T2__NBASIC__7127,7127,8455,normal_basic,-4.8,11,0.5454545454545454,0.7272727272727273,0.5454545454545454,0.019201454736605242,-0.5962945459014953,-7.623221662170135,2,1.5,1.25,1.5,WAVLM_BASE_PLUS,9
8455-210777-0040_7127-75946-0028__T1__NBASIC__8455,8455,7127,normal_basic,-17.51,11,1.0,1.0,1.0,-0.33768837112728123,-0.6241552480890455,-25.84576694674682,1,5.5,5.5,0.0,WAVLM_BASE_PLUS,9
8455-210777-0041_5683-32879-0019__T2__NBASIC__5683,5683,8455,normal_basic,16.08,11,0.0,0.0,0.0,0.37222557239136633,0.25376265733548303,41.70666529660688,0,0.0,0.0,-1.0,WAVLM_BASE_PLUS,9
8455-210777-0041_5683-32879-0019__T1__NBASIC__8455,8455,5683,normal_basic,11.53,11,0.0,0.0,0.0,0.45586887271260235,0.3120398139928846,45.89312894237275,0,0.0,0.0,-1.0,WAVLM_BASE_PLUS,9
8455-210777-0042_5639-40744-0037__T2__NBASIC__5639,5639,8455,normal_basic,-12.17,8,0.625,0.875,0.625,-0.17755770110408606,-0.4703339840282264,-20.05923604845787,1,2.0,2.0,1.5,WAVLM_BASE_PLUS,9
8455-210777-0042_5639-40744-0037__T1__NBASIC__8455,8455,5639,normal_basic,10.64,8,0.125,0.0,0.0,0.2933838403617103,-0.028982161895942604,27.40889094165612,0,0.0,0.0,-1.0,WAVLM_BASE_PLUS,9
8455-210777-0044_4507-16021-0015__T2__NBASIC__4507,4507,8455,normal_basic,13.79,6,0.0,0.0,0.0,0.30109220058788516,0.17974765046857744,30.424907631632326,0,0.0,0.0,-1.0,WAVLM_BASE_PLUS,9
8455-210777-0044_4507-16021-0015__T1__NBASIC__8455,8455,4507,normal_basic,6.73,6,0.0,0.0,0.0,0.38350679014512035,0.16254240360657735,33.559633580134836,0,0.0,0.0,-1.0,WAVLM_BASE_PLUS,9
8455-210777-0046_3575-170457-0020__T2__NBASIC__3575,3575,8455,normal_basic,12.27,16,0.0,0.0,0.0,0.39148406256051366,0.22844308157844673,41.82547676391167,0,0.0,0.0,-1.0,WAVLM_BASE_PLUS,9
8455-210777-0046_3575-170457-0020__T1__NBASIC__8455,8455,3575,normal_basic,15.12,16,0.0,0.0,0.0,0.3809915779460924,0.22816744725835725,38.105680130160636,0,0.0,0.0,-1.0,WAVLM_BASE_PLUS,9
8455-210777-0050_4992-23283-0015__T2__NBASIC__4992,4992,8455,normal_basic,13.2,6,0.0,0.0,0.0,0.36555695863498183,0.25068112647963514,28.534940704146095,0,0.0,0.0,-1.0,WAVLM_BASE_PLUS,9
8455-210777-0050_4992-23283-0015__T1__NBASIC__8455,8455,4992,normal_basic,8.35,6,0.0,0.0,0.0,0.4205425500676272,0.30837906358565514,36.03960750780302,0,0.0,0.0,-1.0,WAVLM_BASE_PLUS,9
8455-210777-0052_61-70970-0014__T2__NBASIC__61,61,8455,normal_basic,15.04,4,0.0,0.0,0.0,0.42494808649664273,0.37802238769406826,31.25810593090273,0,0.0,0.0,-1.0,WAVLM_BASE_PLUS,9
8455-210777-0052_61-70970-0014__T1__NBASIC__8455,8455,61,normal_basic,11.47,4,0.0,0.0,0.0,0.32413814730109863,0.09259358070671875,35.299325773266595,0,0.0,0.0,-1.0,WAVLM_BASE_PLUS,9
8455-210777-0053_1580-141084-0041__T2__NBASIC__1580,1580,8455,normal_basic,13.03,12,0.0,0.0,0.0,0.4284599635661006,0.262256385887744,35.822432216698076,0,0.0,0.0,-1.0,WAVLM_BASE_PLUS,9
8455-210777-0053_1580-141084-0041__T1__NBASIC__8455,8455,1580,normal_basic,10.27,12,0.0,0.0,0.0,0.42150207308399534,0.23206841481511364,39.970480967668315,0,0.0,0.0,-1.0,WAVLM_BASE_PLUS,9
8455-210777-0055_4970-29095-0002__T2__NBASIC__4970,4970,8455,normal_basic,11.37,9,0.0,0.0,0.0,0.3249176985828219,0.057050286582535525,35.70029464068054,0,0.0,0.0,-1.0,WAVLM_BASE_PLUS,9
8455-210777-0055_4970-29095-0002__T1__NBASIC__8455,8455,4970,normal_basic,10.32,9,0.0,0.0,0.0,0.3994449164983854,0.2476525257171155,37.96405932763092,0,0.0,0.0,-1.0,WAVLM_BASE_PLUS,9
8455-210777-0056_6829-68771-0008__T2__NBASIC__6829,6829,8455,normal_basic,8.5,10,0.0,0.0,0.0,0.3903473449672744,0.27880858158441735,36.712375348016025,0,0.0,0.0,-1.0,WAVLM_BASE_PLUS,9
8455-210777-0056_6829-68771-0008__T1__NBASIC__8455,8455,6829,normal_basic,10.8,10,0.0,0.0,0.0,0.3466425060373562,0.2128966535008187,32.15490354185512,0,0.0,0.0,-1.0,WAVLM_BASE_PLUS,9
8455-210777-0057_1284-1181-0015__T2__NBASIC__1284,1284,8455,normal_basic,13.0,9,0.0,0.0,0.0,0.3592735111308196,0.11508500345849276,33.32317665868167,0,0.0,0.0,-1.0,WAVLM_BASE_PLUS,9
8455-210777-0057_1284-1181-0015__T1__NBASIC__8455,8455,1284,normal_basic,-1.34,9,0.4444444444444444,0.2222222222222222,0.1111111111111111,0.10184184190548111,-0.558098722263166,5.302345936296882,1,1.0,1.0,2.0,WAVLM_BASE_PLUS,9
8455-210777-0058_7176-88083-0006__T2__NBASIC__7176,7176,8455,normal_basic,11.14,7,0.0,0.0,0.0,0.3954840209609473,0.2976383748562561,35.43779694058778,0,0.0,0.0,-1.0,WAVLM_BASE_PLUS,9
8455-210777-0058_7176-88083-0006__T1__NBASIC__8455,8455,7176,normal_basic,11.1,7,0.0,0.0,0.0,0.3174774151240029,0.210997470629124,35.848583442846184,0,0.0,0.0,-1.0,WAVLM_BASE_PLUS,9
8455-210777-0060_908-157963-0009__T1__NBASIC__8455,8455,908,normal_basic,7.44,7,0.0,0.0,0.0,0.407377563562963,0.23127663797729237,33.280181696456104,0,0.0,0.0,-1.0,WAVLM_BASE_PLUS,9
8455-210777-0060_908-157963-0009__T2__NBASIC__908,908,8455,normal_basic,14.5,7,0.0,0.0,0.0,0.2675046525471914,0.11252047643784224,25.36680824449331,0,0.0,0.0,-1.0,WAVLM_BASE_PLUS,9
8455-210777-0064_6829-68769-0048__T2__NBASIC__6829,6829,8455,normal_basic,14.43,6,0.0,0.0,0.0,0.3907668232226717,0.2626841851717112,39.83959658553744,0,0.0,0.0,-1.0,WAVLM_BASE_PLUS,9
8455-210777-0064_6829-68769-0048__T1__NBASIC__8455,8455,6829,normal_basic,13.97,6,0.0,0.0,0.0,0.37848459461886025,0.2868917089217832,40.12475743624366,0,0.0,0.0,-1.0,WAVLM_BASE_PLUS,9
8455-210777-0065_1284-1181-0009__T2__NBASIC__1284,1284,8455,normal_basic,8.61,6,0.0,0.0,0.0,0.37993053055761433,0.1490078538656987,28.160358743738374,0,0.0,0.0,-1.0,WAVLM_BASE_PLUS,9
8455-210777-0065_1284-1181-0009__T1__NBASIC__8455,8455,1284,normal_basic,10.46,6,0.0,0.0,0.0,0.3732979896406004,0.20195495678396003,28.642448702427533,0,0.0,0.0,-1.0,WAVLM_BASE_PLUS,9
8455-210777-0067_2830-3979-0009__T2__NBASIC__2830,2830,8455,normal_basic,9.04,6,0.0,0.0,0.0,0.42713418401413716,0.3368711637324129,36.11954686163413,0,0.0,0.0,-1.0,WAVLM_BASE_PLUS,9
8455-210777-0067_2830-3979-0009__T1__NBASIC__8455,8455,2830,normal_basic,14.18,6,0.0,0.0,0.0,0.3121694963742692,0.240415270288588,29.775990668682237,0,0.0,0.0,-1.0,WAVLM_BASE_PLUS,9
8463-287645-0002_260-123440-0015__T2__NBASIC__260,260,8463,normal_basic,11.77,11,0.0,0.0,0.0,0.41866148024715666,0.19579678382286436,36.237211758116956,0,0.0,0.0,-1.0,WAVLM_BASE_PLUS,9
8463-287645-0002_260-123440-0015__T1__NBASIC__8463,8463,260,normal_basic,-15.32,11,1.0,1.0,1.0,-0.39157638503644704,-0.6121700648522306,-29.993411395976008,1,5.5,5.5,0.0,WAVLM_BASE_PLUS,9
8463-287645-0003_5105-28233-0010__T2__NBASIC__5105,5105,8463,normal_basic,10.63,14,0.0,0.0,0.0,0.4352106541904365,0.13227665159793622,40.45139459053702,0,0.0,0.0,-1.0,WAVLM_BASE_PLUS,9
8463-287645-0003_5105-28233-0010__T1__NBASIC__8463,8463,5105,normal_basic,14.12,14,0.0,0.0,0.0,0.3304687810002373,0.09886002342868339,31.339158273260526,0,0.0,0.0,-1.0,WAVLM_BASE_PLUS,9
8463-287645-0008_4507-16021-0001__T2__NBASIC__4507,4507,8463,normal_basic,13.44,5,0.0,0.0,0.0,0.20425048720358116,0.07938757312706213,30.6857447776696,0,0.0,0.0,-1.0,WAVLM_BASE_PLUS,9
8463-287645-0008_4507-16021-0001__T1__NBASIC__8463,8463,4507,normal_basic,14.19,5,0.0,0.0,0.0,0.43987706968588436,0.3458389180776259,40.55882852703119,0,0.0,0.0,-1.0,WAVLM_BASE_PLUS,9
8463-287645-0009_5683-32866-0001__T2__NBASIC__5683,5683,8463,normal_basic,11.2,5,0.0,0.0,0.0,0.3130209486056718,0.27402740737043474,23.118042593379336,0,0.0,0.0,-1.0,WAVLM_BASE_PLUS,9
8463-287645-0009_5683-32866-0001__T1__NBASIC__8463,8463,5683,normal_basic,-2.08,5,0.0,0.0,0.0,0.25661697053358895,0.08981153194566005,10.40874319696782,0,0.0,0.0,-1.0,WAVLM_BASE_PLUS,9
8463-287645-0010_3575-170457-0039__T2__NBASIC__3575,3575,8463,normal_basic,16.76,7,0.14285714285714285,0.0,0.0,0.32824766817561457,-0.06529358811412422,30.03972349947469,0,0.0,0.0,-1.0,WAVLM_BASE_PLUS,9
8463-287645-0010_3575-170457-0039__T1__NBASIC__8463,8463,3575,normal_basic,-5.08,7,0.42857142857142855,0.0,0.0,0.07991021142167251,-0.28220048437388523,11.883446951180046,1,1.5,1.5,1.0,WAVLM_BASE_PLUS,9
8463-287645-0011_2961-960-0005__T2__NBASIC__2961,2961,8463,normal_basic,11.49,11,0.09090909090909091,0.09090909090909091,0.09090909090909091,0.31435351001705697,-0.021019878088632482,33.75180475367535,0,0.0,0.0,-1.0,WAVLM_BASE_PLUS,9
8463-287645-0011_2961-960-0005__T1__NBASIC__8463,8463,2961,normal_basic,-15.21,11,0.8181818181818182,0.9090909090909091,0.8181818181818182,-0.19701434833803907,-0.4392646049586223,-23.858511702896216,1,4.5,4.5,0.0,WAVLM_BASE_PLUS,9
8463-287645-0012_121-127105-0032__T2__NBASIC__121,121,8463,normal_basic,7.37,5,0.2,0.2,0.2,0.050524815869418725,-0.4068441011599167,7.12288589243295,0,0.0,0.0,-1.0,WAVLM_BASE_PLUS,9
8463-287645-0012_121-127105-0032__T1__NBASIC__8463,8463,121,normal_basic,-15.6,5,1.0,1.0,1.0,-0.24733670181491774,-0.34604965030757534,-12.382608105620562,1,2.5,2.5,0.0,WAVLM_BASE_PLUS,9
8463-287645-0013_5142-33396-0037__T2__NBASIC__5142,5142,8463,normal_basic,12.6,6,0.0,0.0,0.0,0.35146089370287786,0.2560141187971853,39.44971865011603,0,0.0,0.0,-1.0,WAVLM_BASE_PLUS,9
8463-287645-0013_5142-33396-0037__T1__NBASIC__8463,8463,5142,normal_basic,-20.3,6,1.0,1.0,1.0,-0.3648778982458743,-0.41872628685757085,-37.02693761818006,1,3.0,3.0,0.0,WAVLM_BASE_PLUS,9
8463-294825-0003_6930-81414-0013__T2__NBASIC__6930,6930,8463,normal_basic,10.97,13,0.0,0.0,0.0,0.3718202606707477,0.2114747250387421,33.055610832719395,0,0.0,0.0,-1.0,WAVLM_BASE_PLUS,9
8463-294825-0003_6930-81414-0013__T1__NBASIC__8463,8463,6930,normal_basic,10.39,13,0.0,0.0,0.0,0.3774173149569655,0.23322718869101655,29.314862816799458,0,0.0,0.0,-1.0,WAVLM_BASE_PLUS,9
8463-294825-0004_61-70970-0024__T2__NBASIC__61,61,8463,normal_basic,14.2,6,0.0,0.0,0.0,0.37320911076067276,0.25746118507447013,44.001628368462995,0,0.0,0.0,-1.0,WAVLM_BASE_PLUS,9
8463-294825-0004_61-70970-0024__T1__NBASIC__8463,8463,61,normal_basic,13.73,6,0.0,0.0,0.0,0.41486024290172135,0.31403620294708856,38.894629639522186,0,0.0,0.0,-1.0,WAVLM_BASE_PLUS,9
8463-294825-0005_1089-134691-0019__T2__NBASIC__1089,1089,8463,normal_basic,12.69,5,0.2,0.0,0.0,0.4059979363438849,-0.0341020239984563,44.75108018561883,0,0.0,0.0,-1.0,WAVLM_BASE_PLUS,9
8463-294825-0005_1089-134691-0019__T1__NBASIC__8463,8463,1089,normal_basic,16.12,5,0.0,0.0,0.0,0.5085754069414531,0.4047374644394305,37.60683504406349,0,0.0,0.0,-1.0,WAVLM_BASE_PLUS,9
8463-294825-0005_1580-141083-0031__T2__NBASIC__1580,1580,8463,normal_basic,11.31,11,0.09090909090909091,0.0,0.0,0.1953390503386845,-0.11096000449466703,24.407031276401998,0,0.0,0.0,-1.0,WAVLM_BASE_PLUS,9
8463-294825-0005_1580-141083-0031__T1__NBASIC__8463,8463,1580,normal_basic,4.75,11,0.0,0.0,0.0,0.41362805586408036,0.22174305601945132,37.44099628474981,0,0.0,0.0,-1.0,WAVLM_BASE_PLUS,9
8463-294825-0010_61-70968-0034__T2__NBASIC__61,61,8463,normal_basic,0.21,7,0.14285714285714285,0.14285714285714285,0.14285714285714285,0.21553911166277015,-0.04363083752154828,22.95187904459635,0,0.0,0.0,-1.0,WAVLM_BASE_PLUS,9
8463-294825-0010_61-70968-0034__T1__NBASIC__8463,8463,61,normal_basic,13.8,7,0.0,0.0,0.0,0.4581344093617891,0.32136916471519494,37.42822279733304,0,0.0,0.0,-1.0,WAVLM_BASE_PLUS,9
8463-294825-0013_61-70970-0037__T2__NBASIC__61,61,8463,normal_basic,14.77,10,0.1,0.0,0.0,0.3428451777705589,-0.032443345877955276,39.72286142230327,0,0.0,0.0,-1.0,WAVLM_BASE_PLUS,9
8463-294825-0013_61-70970-0037__T1__NBASIC__8463,8463,61,normal_basic,11.23,10,0.0,0.0,0.0,0.4388872711221194,0.35881728441238214,37.93988899044656,0,0.0,0.0,-1.0,WAVLM_BASE_PLUS,9
8463-294825-0016_3575-170457-0032__T2__NBASIC__3575,3575,8463,normal_basic,16.22,4,0.0,0.0,0.0,0.21797497460219645,0.16459570967926124,31.76474369881882,0,0.0,0.0,-1.0,WAVLM_BASE_PLUS,9
8463-294825-0016_3575-170457-0032__T1__NBASIC__8463,8463,3575,normal_basic,8.19,4,0.0,0.0,0.0,0.43441155084523697,0.3996657909593154,37.75670086280766,0,0.0,0.0,-1.0,WAVLM_BASE_PLUS,9
8463-294825-0019_5639-40744-0038__T2__NBASIC__5639,5639,8463,normal_basic,10.96,5,0.0,0.0,0.0,0.43296517251915745,0.36606619407789903,46.377994454623604,0,0.0,0.0,-1.0,WAVLM_BASE_PLUS,9
8463-294825-0019_5639-40744-0038__T1__NBASIC__8463,8463,5639,normal_basic,14.58,5,0.0,0.0,0.0,0.4700873644690663,0.3398253551705797,31.76726129096202,0,0.0,0.0,-1.0,WAVLM_BASE_PLUS,9
8463-294828-0000_7176-92135-0008__T2__NBASIC__7176,7176,8463,normal_basic,10.8,6,0.0,0.0,0.0,0.4546798253772677,0.36897148163111215,51.45971987547093,0,0.0,0.0,-1.0,WAVLM_BASE_PLUS,9
8463-294828-0000_7176-92135-0008__T1__NBASIC__8463,8463,7176,normal_basic,19.68,6,0.0,0.0,0.0,0.40587623696387004,0.26740368814710075,41.35143709297231,0,0.0,0.0,-1.0,WAVLM_BASE_PLUS,9
8463-294828-0001_4507-16021-0028__T2__NBASIC__4507,4507,8463,normal_basic,10.68,5,0.0,0.0,0.0,0.3735993669580976,0.1732268402040934,36.42519111008026,0,0.0,0.0,-1.0,WAVLM_BASE_PLUS,9
8463-294828-0001_4507-16021-0028__T1__NBASIC__8463,8463,4507,normal_basic,9.35,5,0.0,0.0,0.0,0.43345850543307585,0.30280191125756983,23.235215963750925,0,0.0,0.0,-1.0,WAVLM_BASE_PLUS,9
8463-294828-0002_7176-92135-0044__T2__NBASIC__7176,7176,8463,normal_basic,11.58,9,0.0,0.0,0.0,0.3831401949874011,0.18731921536601193,42.89473935904766,0,0.0,0.0,-1.0,WAVLM_BASE_PLUS,9
8463-294828-0002_7176-92135-0044__T1__NBASIC__8463,8463,7176,normal_basic,15.08,9,0.0,0.0,0.0,0.37734562239587405,0.30615317209196347,38.55378420047339,0,0.0,0.0,-1.0,WAVLM_BASE_PLUS,9
8463-294828-0009_3570-5694-0015__T2__NBASIC__3570,3570,8463,normal_basic,14.1,7,0.0,0.0,0.0,0.35439472570797664,0.24340929029043934,40.18544985790642,0,0.0,0.0,-1.0,WAVLM_BASE_PLUS,9
8463-294828-0009_3570-5694-0015__T1__NBASIC__8463,8463,3570,normal_basic,13.15,7,0.0,0.0,0.0,0.38756840821946753,0.31967841939531094,42.48357395879966,0,0.0,0.0,-1.0,WAVLM_BASE_PLUS,9
8463-294828-0012_8555-284447-0009__T1__NBASIC__8463,8463,8555,normal_basic,11.31,5,0.0,0.0,0.0,0.4097354177681803,0.23077588811900984,25.830326658088985,0,0.0,0.0,-1.0,WAVLM_BASE_PLUS,9
8463-294828-0012_8555-284447-0009__T2__NBASIC__8555,8555,8463,normal_basic,9.05,5,0.0,0.0,0.0,0.3907320803102232,0.3093360784971784,34.41627726114336,0,0.0,0.0,-1.0,WAVLM_BASE_PLUS,9
8463-294828-0013_8224-274381-0004__T2__NBASIC__8224,8224,8463,normal_basic,14.14,12,0.0,0.0,0.0,0.2795852599162027,0.16958981413216,40.75607495443416,0,0.0,0.0,-1.0,WAVLM_BASE_PLUS,9
8463-294828-0013_8224-274381-0004__T1__NBASIC__8463,8463,8224,normal_basic,11.45,12,0.0,0.0,0.0,0.4036749861244027,0.21393544329110514,39.13062083285429,0,0.0,0.0,-1.0,WAVLM_BASE_PLUS,9
8463-294828-0015_2830-3980-0044__T2__NBASIC__2830,2830,8463,normal_basic,13.87,5,0.0,0.0,0.0,0.4045640553765534,0.17480546320368795,43.44404673635107,0,0.0,0.0,-1.0,WAVLM_BASE_PLUS,9
8463-294828-0015_2830-3980-0044__T1__NBASIC__8463,8463,2830,normal_basic,-25.2,5,1.0,1.0,1.0,-0.3779674481844678,-0.5925641890604881,-38.83608750807407,1,2.5,2.5,0.0,WAVLM_BASE_PLUS,9
8463-294828-0023_1580-141083-0036__T2__NBASIC__1580,1580,8463,normal_basic,11.12,6,0.0,0.0,0.0,0.29657503875786473,0.15615604534528127,25.38709056346998,0,0.0,0.0,-1.0,WAVLM_BASE_PLUS,9
8463-294828-0023_1580-141083-0036__T1__NBASIC__8463,8463,1580,normal_basic,8.42,6,0.0,0.0,0.0,0.44575902201002227,0.3075889470803276,31.971152965833962,0,0.0,0.0,-1.0,WAVLM_BASE_PLUS,9
8463-294828-0031_6829-68769-0051__T2__NBASIC__6829,6829,8463,normal_basic,14.53,6,0.0,0.0,0.0,0.2748988411615293,0.20312111559404566,32.00396067210064,0,0.0,0.0,-1.0,WAVLM_BASE_PLUS,9
8463-294828-0031_6829-68769-0051__T1__NBASIC__8463,8463,6829,normal_basic,10.64,6,0.0,0.0,0.0,0.4002178832537833,0.28771111446295594,40.56833391587315,0,0.0,0.0,-1.0,WAVLM_BASE_PLUS,9
8463-294828-0033_61-70968-0029__T2__NBASIC__61,61,8463,normal_basic,7.27,5,0.0,0.0,0.0,0.4086459685060972,0.3331909709095754,32.57613450986816,0,0.0,0.0,-1.0,WAVLM_BASE_PLUS,9
8463-294828-0033_61-70968-0029__T1__NBASIC__8463,8463,61,normal_basic,10.86,5,0.0,0.0,0.0,0.27606389286584343,0.20844329587767685,23.434278324527362,0,0.0,0.0,-1.0,WAVLM_BASE_PLUS,9
8463-294828-0034_4992-41806-0017__T2__NBASIC__4992,4992,8463,normal_basic,-9.61,6,0.8333333333333334,0.8333333333333334,0.8333333333333334,-0.27588836759227603,-0.44896466092490583,-4.757139363155804,1,2.5,2.5,0.0,WAVLM_BASE_PLUS,9
8463-294828-0034_4992-41806-0017__T1__NBASIC__8463,8463,4992,normal_basic,14.21,6,0.0,0.0,0.0,0.37193272632212043,0.28181083126370965,27.4160878458528,0,0.0,0.0,-1.0,WAVLM_BASE_PLUS,9
8463-294828-0038_4077-13754-0016__T2__NBASIC__4077,4077,8463,normal_basic,10.36,22,0.0,0.0,0.0,0.40479266377913153,0.178136821998787,36.18279683611264,0,0.0,0.0,-1.0,WAVLM_BASE_PLUS,9
8463-294828-0038_4077-13754-0016__T1__NBASIC__8463,8463,4077,normal_basic,11.7,22,0.0,0.0,0.0,0.369873121188491,0.12928706148972874,33.82294883627715,0,0.0,0.0,-1.0,WAVLM_BASE_PLUS,9
8555-284447-0000_7021-85628-0009__T2__NBASIC__7021,7021,8555,normal_basic,14.75,16,0.0,0.0,0.0,0.4288641331899835,0.2229296425916243,46.20382279132596,0,0.0,0.0,-1.0,WAVLM_BASE_PLUS,9
8555-284447-0000_7021-85628-0009__T1__NBASIC__8555,8555,7021,normal_basic,15.02,16,0.0,0.0,0.0,0.44638440992802086,0.23577600245992547,46.033365706220955,0,0.0,0.0,-1.0,WAVLM_BASE_PLUS,9
8555-284447-0001_4077-13751-0003__T2__NBASIC__4077,4077,8555,normal_basic,13.58,16,0.0,0.0,0.0,0.425966086454912,0.29682417773708647,43.28753367325276,0,0.0,0.0,-1.0,WAVLM_BASE_PLUS,9
8555-284447-0001_4077-13751-0003__T1__NBASIC__8555,8555,4077,normal_basic,14.38,16,0.0,0.0,0.0,0.34461647546197727,0.12645137057125344,41.02647150945113,0,0.0,0.0,-1.0,WAVLM_BASE_PLUS,9
8555-284447-0004_7176-92135-0001__T2__NBASIC__7176,7176,8555,normal_basic,12.41,9,0.0,0.0,0.0,0.4520115447090583,0.25714798226728797,49.03794142392512,0,0.0,0.0,-1.0,WAVLM_BASE_PLUS,9
8555-284447-0004_7176-92135-0001__T1__NBASIC__8555,8555,7176,normal_basic,14.76,9,0.0,0.0,0.0,0.378134969230267,0.14777574839411767,47.07416656683814,0,0.0,0.0,-1.0,WAVLM_BASE_PLUS,9
8555-284447-0006_908-31957-0021__T1__NBASIC__8555,8555,908,normal_basic,11.7,19,0.0,0.0,0.0,0.47369981205569966,0.15537687825347013,41.438761525410065,0,0.0,0.0,-1.0,WAVLM_BASE_PLUS,9
8555-284447-0006_908-31957-0021__T2__NBASIC__908,908,8555,normal_basic,15.06,19,0.0,0.0,0.0,0.4399870875808208,0.29287684928968893,38.609702789772705,0,0.0,0.0,-1.0,WAVLM_BASE_PLUS,9
8555-284447-0010_7729-102255-0005__T2__NBASIC__7729,7729,8555,normal_basic,12.39,9,0.0,0.0,0.0,0.42942899362066383,0.27624308510471596,42.943014226809765,0,0.0,0.0,-1.0,WAVLM_BASE_PLUS,9
8555-284447-0010_7729-102255-0005__T1__NBASIC__8555,8555,7729,normal_basic,11.59,9,0.0,0.0,0.0,0.3728894130488774,0.18645891174285245,37.50311689397787,0,0.0,0.0,-1.0,WAVLM_BASE_PLUS,9
8555-284447-0013_3575-170457-0004__T2__NBASIC__3575,3575,8555,normal_basic,0.61,5,0.2,0.2,0.2,0.15951886746760555,-0.07390115190171176,5.881229219887435,0,0.0,0.0,-1.0,WAVLM_BASE_PLUS,9
8555-284447-0013_3575-170457-0004__T1__NBASIC__8555,8555,3575,normal_basic,6.93,5,0.0,0.0,0.0,0.17350910438134606,0.008786643416389794,23.731269601546252,0,0.0,0.0,-1.0,WAVLM_BASE_PLUS,9
8555-284447-0020_908-157963-0014__T1__NBASIC__8555,8555,908,normal_basic,14.38,7,0.0,0.0,0.0,0.31449308019244254,0.17925927703091993,36.42226009744892,0,0.0,0.0,-1.0,WAVLM_BASE_PLUS,9
8555-284447-0020_908-157963-0014__T2__NBASIC__908,908,8555,normal_basic,11.56,7,0.0,0.0,0.0,0.399025385300731,0.3103781462752302,44.50949357110876,0,0.0,0.0,-1.0,WAVLM_BASE_PLUS,9
8555-284447-0024_1320-122617-0026__T2__NBASIC__1320,1320,8555,normal_basic,15.65,8,0.0,0.0,0.0,0.4950196297265529,0.24073673721292055,47.80415952361173,0,0.0,0.0,-1.0,WAVLM_BASE_PLUS,9
8555-284447-0024_1320-122617-0026__T1__NBASIC__8555,8555,1320,normal_basic,16.39,8,0.0,0.0,0.0,0.46045527177937423,0.26477830332029606,46.285743361019385,0,0.0,0.0,-1.0,WAVLM_BASE_PLUS,9
8555-284449-0000_6829-68771-0001__T2__NBASIC__6829,6829,8555,normal_basic,11.41,19,0.0,0.0,0.0,0.44521227620041187,0.17492150910532955,40.64774656507354,0,0.0,0.0,-1.0,WAVLM_BASE_PLUS,9
8555-284449-0000_6829-68771-0001__T1__NBASIC__8555,8555,6829,normal_basic,11.81,19,0.0,0.0,0.0,0.3193316385635401,0.09569299600027525,29.931693063143694,0,0.0,0.0,-1.0,WAVLM_BASE_PLUS,9
8555-284449-0001_4446-2275-0041__T2__NBASIC__4446,4446,8555,normal_basic,11.19,8,0.0,0.0,0.0,0.3503801913652287,0.15711533761367996,35.95843211809296,0,0.0,0.0,-1.0,WAVLM_BASE_PLUS,9
8555-284449-0001_4446-2275-0041__T1__NBASIC__8555,8555,4446,normal_basic,-7.02,8,0.75,1.0,0.75,-0.17510367417670403,-0.4160675919288923,-14.540649724842906,1,2.0,2.0,1.0,WAVLM_BASE_PLUS,9
8555-284449-0003_6930-81414-0027__T2__NBASIC__6930,6930,8555,normal_basic,17.29,6,0.0,0.0,0.0,0.4734878246113585,0.37251038834551853,49.46086054962592,0,0.0,0.0,-1.0,WAVLM_BASE_PLUS,9
8555-284449-0003_6930-81414-0027__T1__NBASIC__8555,8555,6930,normal_basic,12.5,6,0.0,0.0,0.0,0.3700335540911501,0.22127504033013934,41.62327032828606,0,0.0,0.0,-1.0,WAVLM_BASE_PLUS,9
8555-284449-0006_2830-3980-0011__T2__NBASIC__2830,2830,8555,normal_basic,10.25,6,0.0,0.0,0.0,0.4378109152264659,0.2600908227400781,39.22505791962518,0,0.0,0.0,-1.0,WAVLM_BASE_PLUS,9
8555-284449-0006_2830-3980-0011__T1__NBASIC__8555,8555,2830,normal_basic,12.79,6,0.0,0.0,0.0,0.34610106487465914,0.17296760928402555,34.99700376353569,0,0.0,0.0,-1.0,WAVLM_BASE_PLUS,9
8555-284449-0007_5683-32866-0005__T2__NBASIC__5683,5683,8555,normal_basic,9.52,8,0.0,0.0,0.0,0.43774213472307333,0.3576606098362033,42.90950702519209,0,0.0,0.0,-1.0,WAVLM_BASE_PLUS,9
8555-284449-0007_5683-32866-0005__T1__NBASIC__8555,8555,5683,normal_basic,0.43,8,0.25,0.5,0.25,0.06632776351209553,-0.38301791277518454,-0.9235711375308693,1,1.0,1.0,2.0,WAVLM_BASE_PLUS,9
8555-284449-0008_4077-13751-0012__T2__NBASIC__4077,4077,8555,normal_basic,14.35,11,0.0,0.0,0.0,0.417195020568375,0.28746091744566693,41.898848046989364,0,0.0,0.0,-1.0,WAVLM_BASE_PLUS,9
8555-284449-0008_4077-13751-0012__T1__NBASIC__8555,8555,4077,normal_basic,13.2,11,0.0,0.0,0.0,0.39312701912224407,0.2689311610873245,41.11629274621495,0,0.0,0.0,-1.0,WAVLM_BASE_PLUS,9
8555-284449-0009_3570-5694-0014__T2__NBASIC__3570,3570,8555,normal_basic,12.01,5,0.0,0.0,0.0,0.4945733924654613,0.4093000210918011,45.573540229157494,0,0.0,0.0,-1.0,WAVLM_BASE_PLUS,9
8555-284449-0009_3570-5694-0014__T1__NBASIC__8555,8555,3570,normal_basic,15.77,5,0.2,0.0,0.0,0.2282362477120099,-0.004924655155671531,29.635483572048905,0,0.0,0.0,-1.0,WAVLM_BASE_PLUS,9
8555-284449-0011_2830-3979-0010__T2__NBASIC__2830,2830,8555,normal_basic,13.87,5,0.0,0.0,0.0,0.3822504870868673,0.2053341946861431,43.2829816822309,0,0.0,0.0,-1.0,WAVLM_BASE_PLUS,9
8555-284449-0011_2830-3979-0010__T1__NBASIC__8555,8555,2830,normal_basic,15.76,5,0.0,0.0,0.0,0.37639992878861733,0.2642685122088314,41.16967487963974,0,0.0,0.0,-1.0,WAVLM_BASE_PLUS,9
8555-284449-0012_1580-141084-0004__T2__NBASIC__1580,1580,8555,normal_basic,3.62,17,0.058823529411764705,0.0,0.0,0.3776332382626028,-0.03436275384033538,33.07409750494597,0,0.0,0.0,-1.0,WAVLM_BASE_PLUS,9
8555-284449-0012_1580-141084-0004__T1__NBASIC__8555,8555,1580,normal_basic,3.82,17,0.47058823529411764,0.23529411764705882,0.17647058823529413,-0.00381421889965999,-0.41099478972512676,8.2659010715198,1,3.5,3.5,1.5,WAVLM_BASE_PLUS,9
8555-284449-0017_6829-68771-0022__T2__NBASIC__6829,6829,8555,normal_basic,4.73,6,0.16666666666666666,0.0,0.0,0.24676288211589825,-0.09289992777274936,13.877849867506251,0,0.0,0.0,-1.0,WAVLM_BASE_PLUS,9
8555-284449-0017_6829-68771-0022__T1__NBASIC__8555,8555,6829,normal_basic,4.99,6,0.16666666666666666,0.0,0.0,0.18709274031618017,-0.11924025000059635,13.345521613656667,0,0.0,0.0,-1.0,WAVLM_BASE_PLUS,9
8555-284449-0018_8463-287645-0000__T2__NBASIC__8463,8463,8555,normal_basic,11.68,8,0.0,0.0,0.0,0.38736871000608897,0.32422371718252063,42.84068786103562,0,0.0,0.0,-1.0,WAVLM_BASE_PLUS,9
8555-284449-0018_8463-287645-0000__T1__NBASIC__8555,8555,8463,normal_basic,13.51,8,0.0,0.0,0.0,0.265128455958073,0.07791865180572821,34.71548297407942,0,0.0,0.0,-1.0,WAVLM_BASE_PLUS,9
8555-284449-0019_5142-33396-0054__T2__NBASIC__5142,5142,8555,normal_basic,17.0,10,0.0,0.0,0.0,0.39990796980257587,0.16440738962738577,47.568625341805884,0,0.0,0.0,-1.0,WAVLM_BASE_PLUS,9
8555-284449-0019_5142-33396-0054__T1__NBASIC__8555,8555,5142,normal_basic,15.86,10,0.0,0.0,0.0,0.3254732446146734,0.13191265390217982,49.473609650132,0,0.0,0.0,-1.0,WAVLM_BASE_PLUS,9
8555-284449-0020_1580-141084-0003__T2__NBASIC__1580,1580,8555,normal_basic,10.19,7,0.0,0.0,0.0,0.3731573015724754,0.2475299337191983,37.55329605557718,0,0.0,0.0,-1.0,WAVLM_BASE_PLUS,9
8555-284449-0020_1580-141084-0003__T1__NBASIC__8555,8555,1580,normal_basic,-13.68,7,0.7142857142857143,1.0,0.7142857142857143,-0.1474966742596366,-0.4151095664925781,-21.505298730821046,1,2.5,2.5,0.5,WAVLM_BASE_PLUS,9
8555-292519-0003_4446-2271-0010__T2__NBASIC__4446,4446,8555,normal_basic,12.26,5,0.0,0.0,0.0,0.3534550288503497,0.2732596938794411,41.96120899481797,0,0.0,0.0,-1.0,WAVLM_BASE_PLUS,9
8555-292519-0003_4446-2271-0010__T1__NBASIC__8555,8555,4446,normal_basic,14.4,5,0.0,0.0,0.0,0.3770011550361735,0.33124591231931627,41.48840602963321,0,0.0,0.0,-1.0,WAVLM_BASE_PLUS,9
8555-292519-0013_5105-28241-0013__T2__NBASIC__5105,5105,8555,normal_basic,16.82,7,0.0,0.0,0.0,0.30864605879468826,0.2209044782388948,39.67194748677009,0,0.0,0.0,-1.0,WAVLM_BASE_PLUS,9
8555-292519-0013_5105-28241-0013__T1__NBASIC__8555,8555,5105,normal_basic,9.77,7,0.0,0.0,0.0,0.3456745148379497,0.1087848587204645,46.44540384102893,0,0.0,0.0,-1.0,WAVLM_BASE_PLUS,9
908-157963-0003_1221-135766-0005__T2__NBASIC__1221,1221,908,normal_basic,14.98,5,0.0,0.0,0.0,0.42233136151872036,0.1888539865902129,39.163985214148354,0,0.0,0.0,-1.0,WAVLM_BASE_PLUS,9
908-157963-0003_1221-135766-0005__T1__NBASIC__908,908,1221,normal_basic,12.92,5,0.0,0.0,0.0,0.349565758196798,0.2141075219073868,41.6023004343415,0,0.0,0.0,-1.0,WAVLM_BASE_PLUS,9
908-157963-0009_61-70968-0013__T2__NBASIC__61,61,908,normal_basic,10.07,7,0.14285714285714285,0.0,0.0,0.2971994319868646,-0.32829957267631926,26.693281388144612,0,0.0,0.0,-1.0,WAVLM_BASE_PLUS,9
908-157963-0009_61-70968-0013__T1__NBASIC__908,908,61,normal_basic,-17.13,7,0.8571428571428571,1.0,0.8571428571428571,-0.31102635928661065,-0.4972044112688421,-27.309144944156163,1,3.0,3.0,0.5,WAVLM_BASE_PLUS,9
908-157963-0011_8230-279154-0024__T2__NBASIC__8230,8230,908,normal_basic,8.5,11,0.0,0.0,0.0,0.4046913225385822,0.25321832893586105,42.855598105326486,0,0.0,0.0,-1.0,WAVLM_BASE_PLUS,9
908-157963-0011_8230-279154-0024__T1__NBASIC__908,908,8230,normal_basic,14.9,11,0.0,0.0,0.0,0.32870789470612805,0.1732760428889048,29.508438063321492,0,0.0,0.0,-1.0,WAVLM_BASE_PLUS,9
908-157963-0015_672-122797-0030__T2__NBASIC__672,672,908,normal_basic,-16.01,8,0.875,1.0,0.875,-0.17233543376445928,-0.46060740026508595,-23.348432367137068,2,2.5,1.75,0.0,WAVLM_BASE_PLUS,9
908-157963-0015_672-122797-0030__T1__NBASIC__908,908,672,normal_basic,9.06,8,0.0,0.0,0.0,0.28503754856528496,0.09134281043370063,28.3282094917826,0,0.0,0.0,-1.0,WAVLM_BASE_PLUS,9
908-157963-0016_2830-3980-0039__T2__NBASIC__2830,2830,908,normal_basic,5.23,9,0.0,0.0,0.0,0.4233890307738822,0.2771525923611535,27.538220944911068,0,0.0,0.0,-1.0,WAVLM_BASE_PLUS,9
908-157963-0016_2830-3980-0039__T1__NBASIC__908,908,2830,normal_basic,10.82,9,0.1111111111111111,0.0,0.0,0.22722606825062672,-0.013695689398875166,19.862479496280834,0,0.0,0.0,-1.0,WAVLM_BASE_PLUS,9
908-157963-0017_7729-102255-0041__T2__NBASIC__7729,7729,908,normal_basic,10.24,8,0.0,0.0,0.0,0.30424881453571295,0.16379765026994403,21.03300043415081,0,0.0,0.0,-1.0,WAVLM_BASE_PLUS,9
908-157963-0017_7729-102255-0041__T1__NBASIC__908,908,7729,normal_basic,6.94,8,0.25,0.0,0.0,0.23740265668887642,-0.07633254744387741,28.046990036004253,1,1.0,1.0,2.0,WAVLM_BASE_PLUS,9
908-157963-0018_1320-122617-0014__T2__NBASIC__1320,1320,908,normal_basic,11.84,7,0.0,0.0,0.0,0.31642624044392786,0.11501535287878795,32.95856367877418,0,0.0,0.0,-1.0,WAVLM_BASE_PLUS,9
908-157963-0018_1320-122617-0014__T1__NBASIC__908,908,1320,normal_basic,10.25,7,0.0,0.0,0.0,0.4393814719599799,0.24641002200415973,31.561129403024886,0,0.0,0.0,-1.0,WAVLM_BASE_PLUS,9
908-157963-0022_4970-29093-0014__T2__NBASIC__4970,4970,908,normal_basic,13.02,7,0.0,0.0,0.0,0.2640465768109483,0.05936071872392623,28.564951426491593,0,0.0,0.0,-1.0,WAVLM_BASE_PLUS,9
908-157963-0022_4970-29093-0014__T1__NBASIC__908,908,4970,normal_basic,10.42,7,0.0,0.0,0.0,0.4460289381216804,0.31731592974224343,37.90636688916839,0,0.0,0.0,-1.0,WAVLM_BASE_PLUS,9
908-157963-0023_61-70968-0049__T2__NBASIC__61,61,908,normal_basic,5.96,15,0.06666666666666667,0.0,0.0,0.29782702512148607,-0.0833313498121494,14.880062901930943,0,0.0,0.0,-1.0,WAVLM_BASE_PLUS,9
908-157963-0023_61-70968-0049__T1__NBASIC__908,908,61,normal_basic,-8.56,15,0.9333333333333333,1.0,0.9333333333333333,-0.3081795102907336,-0.5551216253463906,-15.067104297452026,2,4.0,3.5,0.0,WAVLM_BASE_PLUS,9
908-157963-0026_61-70970-0012__T2__NBASIC__61,61,908,normal_basic,-2.18,5,0.6,0.6,0.4,0.06950296605898029,-0.44467974966437246,-6.338028166177843,1,1.0,1.0,1.5,WAVLM_BASE_PLUS,9
908-157963-0026_61-70970-0012__T1__NBASIC__908,908,61,normal_basic,-16.35,5,1.0,1.0,1.0,-0.40258258226998367,-0.5621389518844448,-18.88042200624756,1,2.5,2.5,0.0,WAVLM_BASE_PLUS,9
908-157963-0027_7127-75947-0037__T2__NBASIC__7127,7127,908,normal_basic,10.74,9,0.0,0.0,0.0,0.37553706284228183,0.27341533790066097,27.628670719325218,0,0.0,0.0,-1.0,WAVLM_BASE_PLUS,9
908-157963-0027_7127-75947-0037__T1__NBASIC__908,908,7127,normal_basic,-4.36,9,0.7777777777777778,0.7777777777777778,0.7777777777777778,-0.2041204653318095,-0.5816077431097184,-11.060206829104727,1,3.5,3.5,1.0,WAVLM_BASE_PLUS,9
908-157963-0029_3729-6852-0024__T2__NBASIC__3729,3729,908,normal_basic,16.26,6,0.0,0.0,0.0,0.2870579405880183,0.1177266812621045,32.01399689578161,0,0.0,0.0,-1.0,WAVLM_BASE_PLUS,9
908-157963-0029_3729-6852-0024__T1__NBASIC__908,908,3729,normal_basic,11.36,6,0.0,0.0,0.0,0.3733367091199258,0.2147485698873346,46.84103523244054,0,0.0,0.0,-1.0,WAVLM_BASE_PLUS,9
908-157963-0030_2961-960-0019__T2__NBASIC__2961,2961,908,normal_basic,14.78,8,0.0,0.0,0.0,0.3542925232458248,0.23414196177566077,40.416265464026445,0,0.0,0.0,-1.0,WAVLM_BASE_PLUS,9
908-157963-0030_2961-960-0019__T1__NBASIC__908,908,2961,normal_basic,12.21,8,0.0,0.0,0.0,0.3882671905367041,0.2229541032399608,37.58851385895715,0,0.0,0.0,-1.0,WAVLM_BASE_PLUS,9
908-31957-0004_4446-2275-0016__T2__NBASIC__4446,4446,908,normal_basic,8.87,12,0.08333333333333333,0.0,0.0,0.39918064070037357,-0.02649998769808215,36.14634188691573,0,0.0,0.0,-1.0,WAVLM_BASE_PLUS,9
908-31957-0004_4446-2275-0016__T1__NBASIC__908,908,4446,normal_basic,7.17,12,0.0,0.0,0.0,0.4238661913374509,0.24029619453347767,37.0173166005541,0,0.0,0.0,-1.0,WAVLM_BASE_PLUS,9
908-31957-0005_2830-3979-0012__T2__NBASIC__2830,2830,908,normal_basic,16.14,6,0.0,0.0,0.0,0.43347165217594474,0.18197297685980812,40.99640992291412,0,0.0,0.0,-1.0,WAVLM_BASE_PLUS,9
908-31957-0005_2830-3979-0012__T1__NBASIC__908,908,2830,normal_basic,13.92,6,0.0,0.0,0.0,0.39225962679298854,0.2535611681130739,40.727742037084774,0,0.0,0.0,-1.0,WAVLM_BASE_PLUS,9
908-31957-0006_8224-274381-0015__T2__NBASIC__8224,8224,908,normal_basic,5.3,10,0.1,0.0,0.0,0.3646370128697404,-0.014241695119218911,20.67277180286235,0,0.0,0.0,-1.0,WAVLM_BASE_PLUS,9
908-31957-0006_8224-274381-0015__T1__NBASIC__908,908,8224,normal_basic,11.94,10,0.0,0.0,0.0,0.37151522613776533,0.2765857522006764,26.488225924762663,0,0.0,0.0,-1.0,WAVLM_BASE_PLUS,9
908-31957-0008_2961-961-0010__T2__NBASIC__2961,2961,908,normal_basic,11.28,14,0.0,0.0,0.0,0.4294713395852739,0.2029386718216587,40.88742290852843,0,0.0,0.0,-1.0,WAVLM_BASE_PLUS,9
908-31957-0008_2961-961-0010__T1__NBASIC__908,908,2961,normal_basic,15.13,14,0.0,0.0,0.0,0.3369026111183927,0.09786433369079306,39.24290658115672,0,0.0,0.0,-1.0,WAVLM_BASE_PLUS,9
908-31957-0009_2094-142345-0024__T2__NBASIC__2094,2094,908,normal_basic,12.88,9,0.0,0.0,0.0,0.4890085548981334,0.2628054566274358,46.409371552289436,0,0.0,0.0,-1.0,WAVLM_BASE_PLUS,9
908-31957-0009_2094-142345-0024__T1__NBASIC__908,908,2094,normal_basic,18.48,9,0.0,0.0,0.0,0.3637848743939172,0.10481214313691145,39.24551499298316,0,0.0,0.0,-1.0,WAVLM_BASE_PLUS,9
908-31957-0017_2094-142345-0005__T2__NBASIC__2094,2094,908,normal_basic,11.89,14,0.0,0.0,0.0,0.3994357440186954,0.13865960746051165,41.37726564457374,0,0.0,0.0,-1.0,WAVLM_BASE_PLUS,9
908-31957-0017_2094-142345-0005__T1__NBASIC__908,908,2094,normal_basic,17.56,14,0.0,0.0,0.0,0.36645346904629944,0.127282616930666,41.58601406768053,0,0.0,0.0,-1.0,WAVLM_BASE_PLUS,9
908-31957-0018_7021-85628-0011__T2__NBASIC__7021,7021,908,normal_basic,8.38,6,0.0,0.0,0.0,0.20612484398497455,0.027216016701926082,22.129727374710768,0,0.0,0.0,-1.0,WAVLM_BASE_PLUS,9
908-31957-0018_7021-85628-0011__T1__NBASIC__908,908,7021,normal_basic,2.48,6,0.0,0.5,0.0,0.1590876325340747,0.0600612675979284,2.2286436707270796,0,0.0,0.0,-1.0,WAVLM_BASE_PLUS,9
908-31957-0019_4970-29095-0028__T2__NBASIC__4970,4970,908,normal_basic,11.96,17,0.0,0.0,0.0,0.44187518347746535,0.15455388713719376,49.24874230963044,0,0.0,0.0,-1.0,WAVLM_BASE_PLUS,9
908-31957-0019_4970-29095-0028__T1__NBASIC__908,908,4970,normal_basic,18.23,17,0.0,0.0,0.0,0.33869596550102626,0.06847199976061563,42.502877521082326,0,0.0,0.0,-1.0,WAVLM_BASE_PLUS,9
908-31957-0022_1221-135766-0007__T2__NBASIC__1221,1221,908,normal_basic,13.98,16,0.0,0.0,0.0,0.4514995351170733,0.19713159371118572,37.61480201707585,0,0.0,0.0,-1.0,WAVLM_BASE_PLUS,9
908-31957-0022_1221-135766-0007__T1__NBASIC__908,908,1221,normal_basic,11.5,16,0.0,0.0,0.0,0.38426825509784823,0.2025413593399381,40.8225815126976,0,0.0,0.0,-1.0,WAVLM_BASE_PLUS,9
