key,target_spk,interferer_spk,num_chunks,waveform_interferer_rate,wav2vec2_content_mismatch_rate,wavlm_content_mismatch_rate,hubert_content_mismatch_rate,two_verifier_content_mismatch_rate,two_verifier_true_drift_rate,tri_verifier_content_mismatch_rate,tri_verifier_true_drift_rate,mean_local_target_interferer_si_sdr_gap,sisnr_i
1089-134686-0000_121-127105-0031__T1__NORMAL__1089,1089,121,18,0.0,0.0,0.0,0.0,0.0,0.0,0.0,0.0,51.89849004595596,19.39455456378132
1089-134686-0000_121-127105-0031__T2__NORMAL__121,121,1089,18,0.0,0.05555555555555555,0.0,0.0,0.0,0.0,0.0,0.0,54.77056608302174,24.28779611039138
1089-134686-0000_260-123440-0016__T1__NORMAL__1089,1089,260,8,0.0,0.0,0.0,0.0,0.0,0.0,0.0,0.0,54.73659299654925,17.662583329836515
1089-134686-0000_260-123440-0016__T2__NORMAL__260,260,1089,8,0.0,0.0,0.0,0.0,0.0,0.0,0.0,0.0,57.97681269778673,24.48537083485875
1089-134686-0000_61-70968-0047__T1__NORMAL__1089,1089,61,8,0.0,0.125,0.0,0.0,0.0,0.0,0.0,0.0,53.47249243596223,19.71119116971418
1089-134686-0000_61-70968-0047__T2__NORMAL__61,61,1089,8,0.0,0.125,0.0,0.0,0.0,0.0,0.0,0.0,60.46511875350707,18.08777459277311
1089-134686-0002_7729-102255-0037__T1__NORMAL__1089,1089,7729,12,0.0,0.0,0.08333333333333333,0.0,0.0,0.0,0.0,0.0,49.88279167997237,19.078757227538432
1089-134686-0002_7729-102255-0037__T2__NORMAL__7729,7729,1089,12,0.0,0.0,0.0,0.0,0.0,0.0,0.0,0.0,53.995862634651665,18.103280578878643
1089-134686-0004_1284-1180-0027__T1__NORMAL__1089,1089,1284,5,0.0,0.0,0.0,0.0,0.0,0.0,0.0,0.0,60.30671681176818,21.0787469567756
1089-134686-0004_1284-1180-0027__T2__NORMAL__1284,1284,1089,5,0.0,0.0,0.0,0.0,0.0,0.0,0.0,0.0,61.834280313060674,21.995520497321618
1089-134686-0004_6829-68771-0005__T1__NORMAL__1089,1089,6829,9,0.0,0.0,0.0,0.0,0.0,0.0,0.0,0.0,53.45361200527491,23.26702524161852
1089-134686-0004_6829-68771-0005__T2__NORMAL__6829,6829,1089,9,0.0,0.0,0.0,0.0,0.0,0.0,0.0,0.0,51.747669623725706,16.53312254986635
1089-134686-0004_8463-294828-0016__T1__NORMAL__1089,1089,8463,5,0.0,0.2,0.0,0.0,0.0,0.0,0.0,0.0,65.34581420014574,24.01324141396508
1089-134686-0004_8463-294828-0016__T2__NORMAL__8463,8463,1089,5,1.0,0.8,1.0,1.0,0.8,0.8,0.8,0.8,-65.3040788408995,-44.645498923883935
1089-134686-0005_7176-92135-0020__T1__NORMAL__1089,1089,7176,13,0.0,0.0,0.0,0.0,0.0,0.0,0.0,0.0,60.69389890925425,23.49063511420985
1089-134686-0005_7176-92135-0020__T2__NORMAL__7176,7176,1089,13,0.0,0.0,0.0,0.0,0.0,0.0,0.0,0.0,66.66131951709305,22.36481347529722
1089-134686-0006_1580-141083-0022__T1__NORMAL__1089,1089,1580,5,0.0,0.0,0.0,0.0,0.0,0.0,0.0,0.0,57.9728438181922,22.486344684956308
1089-134686-0006_1580-141083-0022__T2__NORMAL__1580,1580,1089,5,0.0,0.0,0.0,0.0,0.0,0.0,0.0,0.0,61.38172933002736,26.65253282823751
1089-134686-0006_4446-2271-0018__T1__NORMAL__1089,1089,4446,10,0.0,0.0,0.0,0.0,0.0,0.0,0.0,0.0,52.079631521126146,21.320422168242644
1089-134686-0006_4446-2271-0018__T2__NORMAL__4446,4446,1089,10,0.0,0.0,0.0,0.0,0.0,0.0,0.0,0.0,58.70621375003084,22.42076111594515
1089-134686-0007_1995-1836-0000__T1__NORMAL__1089,1089,1995,7,0.0,0.2857142857142857,0.0,0.0,0.0,0.0,0.0,0.0,50.28347171714218,24.74064677637196
1089-134686-0007_1995-1836-0000__T2__NORMAL__1995,1995,1089,7,0.0,0.14285714285714285,0.0,0.0,0.0,0.0,0.0,0.0,56.750542733465856,24.291886163457026
1089-134686-0007_7021-85628-0018__T1__NORMAL__1089,1089,7021,7,0.0,0.0,0.0,0.0,0.0,0.0,0.0,0.0,61.89219985936701,21.43161997245078
1089-134686-0007_7021-85628-0018__T2__NORMAL__7021,7021,1089,7,0.0,0.0,0.0,0.0,0.0,0.0,0.0,0.0,54.7351839593104,20.3358972978312
1089-134686-0007_8455-210777-0052__T1__NORMAL__1089,1089,8455,6,0.0,0.0,0.0,0.0,0.0,0.0,0.0,0.0,56.92994351041352,18.20456781119292
1089-134686-0007_8455-210777-0052__T2__NORMAL__8455,8455,1089,6,0.0,0.0,0.0,0.0,0.0,0.0,0.0,0.0,66.10933481598659,21.5922290155086
1089-134686-0008_672-122797-0007__T1__NORMAL__1089,1089,672,11,0.0,0.18181818181818182,0.09090909090909091,0.0,0.09090909090909091,0.0,0.0,0.0,45.87688696524028,16.857736466291602
1089-134686-0008_672-122797-0007__T2__NORMAL__672,672,1089,11,0.0,0.18181818181818182,0.09090909090909091,0.0,0.0,0.0,0.0,0.0,53.321015859346225,18.59716398773783
1089-134686-0008_8230-279154-0012__T1__NORMAL__1089,1089,8230,6,0.0,0.16666666666666666,0.0,0.0,0.0,0.0,0.0,0.0,50.69171047872975,21.467287866831512
1089-134686-0008_8230-279154-0012__T2__NORMAL__8230,8230,1089,6,0.0,0.0,0.0,0.0,0.0,0.0,0.0,0.0,50.97541004385823,21.79500755226786
1089-134686-0010_4507-16021-0023__T1__NORMAL__1089,1089,4507,7,0.0,0.14285714285714285,0.0,0.0,0.0,0.0,0.0,0.0,56.73917086429794,22.66637133648729
1089-134686-0010_4507-16021-0023__T2__NORMAL__4507,4507,1089,7,0.0,0.0,0.0,0.0,0.0,0.0,0.0,0.0,56.393724744473616,25.943855743978112
1089-134686-0011_1320-122612-0004__T1__NORMAL__1089,1089,1320,11,0.0,0.0,0.09090909090909091,0.0,0.0,0.0,0.0,0.0,56.48562170840606,25.06545564552059
1089-134686-0011_1320-122612-0004__T2__NORMAL__1320,1320,1089,11,0.0,0.0,0.0,0.0,0.0,0.0,0.0,0.0,58.74372362347878,19.92067717735974
1089-134686-0013_3570-5695-0000__T1__NORMAL__1089,1089,3570,8,0.0,0.0,0.0,0.0,0.0,0.0,0.0,0.0,64.8766166801157,23.90834347047231
1089-134686-0013_3570-5695-0000__T2__NORMAL__3570,3570,1089,8,0.0,0.0,0.0,0.0,0.0,0.0,0.0,0.0,70.71555703516538,22.327217436001128
1089-134686-0013_7127-75946-0007__T1__NORMAL__1089,1089,7127,8,0.0,0.0,0.0,0.0,0.0,0.0,0.0,0.0,46.98560083192182,14.106349351161086
1089-134686-0013_7127-75946-0007__T2__NORMAL__7127,7127,1089,8,0.0,0.0,0.0,0.0,0.0,0.0,0.0,0.0,54.55034242325763,17.648846945756265
1089-134686-0015_4970-29093-0003__T1__NORMAL__1089,1089,4970,10,0.0,0.0,0.0,0.0,0.0,0.0,0.0,0.0,62.29293324773023,21.493427555795336
1089-134686-0015_4970-29093-0003__T2__NORMAL__4970,4970,1089,10,0.0,0.0,0.0,0.0,0.0,0.0,0.0,0.0,67.29193557154942,28.362342125821588
1089-134686-0015_5142-33396-0067__T1__NORMAL__1089,1089,5142,10,0.0,0.2,0.0,0.0,0.0,0.0,0.0,0.0,66.2343241434526,23.641841251134267
1089-134686-0015_5142-33396-0067__T2__NORMAL__5142,5142,1089,10,0.0,0.0,0.0,0.0,0.0,0.0,0.0,0.0,65.53529699985452,27.619615433695746
1089-134686-0016_672-122797-0004__T1__NORMAL__1089,1089,672,5,0.0,0.2,0.0,0.0,0.0,0.0,0.0,0.0,50.432968116408816,18.436787739179007
1089-134686-0016_672-122797-0004__T2__NORMAL__672,672,1089,5,0.0,0.2,0.0,0.0,0.0,0.0,0.0,0.0,52.777345621933385,23.36662285685702
1089-134686-0017_1580-141084-0045__T1__NORMAL__1089,1089,1580,6,0.0,0.0,0.0,0.0,0.0,0.0,0.0,0.0,63.860477361378685,22.27992432278551
1089-134686-0017_1580-141084-0045__T2__NORMAL__1580,1580,1089,6,0.0,0.0,0.0,0.0,0.0,0.0,0.0,0.0,65.00943295110638,24.52560969352204
1089-134686-0019_5142-33396-0021__T1__NORMAL__1089,1089,5142,6,0.0,0.16666666666666666,0.0,0.0,0.0,0.0,0.0,0.0,59.87447498270392,20.992426757171444
1089-134686-0019_5142-33396-0021__T2__NORMAL__5142,5142,1089,6,0.0,0.0,0.0,0.0,0.0,0.0,0.0,0.0,65.72427421718574,28.227426339668924
1089-134686-0021_4992-41797-0018__T1__NORMAL__1089,1089,4992,12,0.0,0.08333333333333333,0.0,0.0,0.0,0.0,0.0,0.0,61.05935264726787,21.135975712851085
1089-134686-0021_4992-41797-0018__T2__NORMAL__4992,4992,1089,12,0.0,0.0,0.0,0.0,0.0,0.0,0.0,0.0,66.37899165573167,20.31696748984327
1089-134686-0022_1580-141083-0044__T1__NORMAL__1089,1089,1580,10,0.0,0.0,0.0,0.0,0.0,0.0,0.0,0.0,57.62614675723209,22.88963002049411
1089-134686-0022_1580-141083-0044__T2__NORMAL__1580,1580,1089,10,0.0,0.0,0.0,0.0,0.0,0.0,0.0,0.0,60.23774081325875,22.59297171463576
1089-134686-0022_8455-210777-0023__T1__NORMAL__1089,1089,8455,8,0.0,0.0,0.0,0.0,0.0,0.0,0.0,0.0,58.64586038078524,20.169671690184
1089-134686-0022_8455-210777-0023__T2__NORMAL__8455,8455,1089,8,0.0,0.0,0.0,0.0,0.0,0.0,0.0,0.0,73.53758897185632,20.888627003713907
1089-134686-0023_6829-68771-0020__T1__NORMAL__1089,1089,6829,8,0.0,0.25,0.0,0.0,0.0,0.0,0.0,0.0,63.79420748309923,21.232052106124105
1089-134686-0023_6829-68771-0020__T2__NORMAL__6829,6829,1089,8,0.0,0.0,0.0,0.0,0.0,0.0,0.0,0.0,68.29306180816255,22.72364903882672
1089-134686-0024_1995-1836-0013__T1__NORMAL__1089,1089,1995,9,0.0,0.1111111111111111,0.0,0.0,0.0,0.0,0.0,0.0,53.271666831106295,26.787410999480592
1089-134686-0024_1995-1836-0013__T2__NORMAL__1995,1995,1089,9,0.0,0.0,0.0,0.0,0.0,0.0,0.0,0.0,61.561649659334954,23.69759342741088
1089-134686-0024_5683-32865-0016__T1__NORMAL__1089,1089,5683,5,0.0,0.0,0.0,0.0,0.0,0.0,0.0,0.0,52.65829432543124,21.128522926229124
1089-134686-0024_5683-32865-0016__T2__NORMAL__5683,5683,1089,5,0.0,0.0,0.0,0.0,0.0,0.0,0.0,0.0,51.75521582988805,25.698776509833927
1089-134686-0024_7176-92135-0042__T1__NORMAL__1089,1089,7176,13,0.0,0.23076923076923078,0.0,0.0,0.0,0.0,0.0,0.0,58.51342530346387,23.967860215568663
1089-134686-0024_7176-92135-0042__T2__NORMAL__7176,7176,1089,13,0.0,0.07692307692307693,0.0,0.0,0.0,0.0,0.0,0.0,66.34081518412974,16.108080170822085
1089-134686-0025_7127-75947-0035__T1__NORMAL__1089,1089,7127,7,0.0,0.0,0.0,0.0,0.0,0.0,0.0,0.0,57.01176213270833,19.021757308141787
1089-134686-0025_7127-75947-0035__T2__NORMAL__7127,7127,1089,7,0.0,0.0,0.0,0.0,0.0,0.0,0.0,0.0,59.68438039579923,23.64097162583457
1089-134686-0026_8224-274384-0010__T1__NORMAL__1089,1089,8224,7,0.0,0.0,0.0,0.0,0.0,0.0,0.0,0.0,53.388175624845836,19.338965226654608
1089-134686-0026_8224-274384-0010__T2__NORMAL__8224,8224,1089,7,0.0,0.14285714285714285,0.0,0.0,0.0,0.0,0.0,0.0,56.8483568360017,16.104934358185773
1089-134686-0028_6829-68771-0025__T1__NORMAL__1089,1089,6829,14,0.0,0.0,0.0,0.0,0.0,0.0,0.0,0.0,64.80468017068873,20.940639392304263
1089-134686-0028_6829-68771-0025__T2__NORMAL__6829,6829,1089,14,0.0,0.0,0.0,0.0,0.0,0.0,0.0,0.0,61.20956539972435,23.2098488718452
1089-134686-0028_8224-274384-0005__T1__NORMAL__1089,1089,8224,14,0.0,0.0,0.0,0.0,0.0,0.0,0.0,0.0,54.64846209508822,20.184093847899536
1089-134686-0028_8224-274384-0005__T2__NORMAL__8224,8224,1089,14,0.0,0.0,0.0,0.0,0.0,0.0,0.0,0.0,53.568367744732065,17.403903481640164
1089-134686-0029_121-127105-0007__T1__NORMAL__1089,1089,121,8,0.0,0.0,0.0,0.0,0.0,0.0,0.0,0.0,59.77984180255672,22.606927885318825
1089-134686-0029_121-127105-0007__T2__NORMAL__121,121,1089,8,0.0,0.125,0.0,0.0,0.0,0.0,0.0,0.0,58.62699464523524,18.292257037576885
1089-134686-0031_1320-122612-0008__T1__NORMAL__1089,1089,1320,12,0.0,0.0,0.0,0.0,0.0,0.0,0.0,0.0,62.21844899008686,19.75402614285564
1089-134686-0031_1320-122612-0008__T2__NORMAL__1320,1320,1089,12,0.0,0.08333333333333333,0.0,0.0,0.0,0.0,0.0,0.0,68.02016891249686,24.315746101182693
1089-134686-0031_61-70968-0026__T1__NORMAL__1089,1089,61,8,0.0,0.0,0.0,0.0,0.0,0.0,0.0,0.0,57.42985333836941,20.147760231482
1089-134686-0031_61-70968-0026__T2__NORMAL__61,61,1089,8,0.0,0.0,0.0,0.0,0.0,0.0,0.0,0.0,57.85978291622047,19.11827295929769
1089-134686-0032_4507-16021-0049__T1__NORMAL__1089,1089,4507,7,0.0,0.0,0.0,0.0,0.0,0.0,0.0,0.0,55.397014511198144,23.608018473899367
1089-134686-0032_4507-16021-0049__T2__NORMAL__4507,4507,1089,7,0.0,0.0,0.0,0.0,0.0,0.0,0.0,0.0,58.4064890455381,19.46216403487376
1089-134686-0032_6829-68771-0030__T1__NORMAL__1089,1089,6829,7,0.0,0.0,0.0,0.0,0.0,0.0,0.0,0.0,58.031747212764415,21.935562445022512
1089-134686-0032_6829-68771-0030__T2__NORMAL__6829,6829,1089,7,0.0,0.0,0.0,0.0,0.0,0.0,0.0,0.0,58.772850545291966,25.90810002580494
1089-134686-0033_1320-122612-0001__T1__NORMAL__1089,1089,1320,5,0.0,0.0,0.0,0.0,0.0,0.0,0.0,0.0,51.637564187706495,23.797554278233747
1089-134686-0033_1320-122612-0001__T2__NORMAL__1320,1320,1089,5,0.0,0.0,0.0,0.0,0.0,0.0,0.0,0.0,62.72407901016322,19.86937831093473
1089-134686-0034_5639-40744-0005__T1__NORMAL__1089,1089,5639,10,0.0,0.2,0.0,0.0,0.0,0.0,0.0,0.0,57.20718855341985,24.28772108973134
1089-134686-0034_5639-40744-0005__T2__NORMAL__5639,5639,1089,10,0.0,0.0,0.0,0.0,0.0,0.0,0.0,0.0,50.79572440159235,18.58632718590556
1089-134686-0034_8455-210777-0067__T1__NORMAL__1089,1089,8455,6,0.0,0.0,0.0,0.0,0.0,0.0,0.0,0.0,56.17757583282537,19.74266548999244
1089-134686-0034_8455-210777-0067__T2__NORMAL__8455,8455,1089,6,0.0,0.16666666666666666,0.0,0.0,0.0,0.0,0.0,0.0,60.535698554600735,19.16114743193507
1089-134686-0034_8463-294828-0036__T1__NORMAL__1089,1089,8463,10,0.0,0.1,0.0,0.0,0.0,0.0,0.0,0.0,58.36545305030662,25.270528937933967
1089-134686-0034_8463-294828-0036__T2__NORMAL__8463,8463,1089,10,0.0,0.0,0.0,0.0,0.0,0.0,0.0,0.0,59.1639502406568,21.662981523649588
1089-134686-0035_2300-131720-0025__T1__NORMAL__1089,1089,2300,5,0.0,0.2,0.0,0.0,0.0,0.0,0.0,0.0,50.1933209390211,17.64679208231036
1089-134686-0035_2300-131720-0025__T2__NORMAL__2300,2300,1089,5,0.0,0.2,0.0,0.0,0.0,0.0,0.0,0.0,56.45876972757408,21.206660521125496
1089-134686-0035_5683-32866-0010__T1__NORMAL__1089,1089,5683,5,0.0,0.0,0.0,0.0,0.0,0.0,0.0,0.0,63.287063048726885,27.02344986354435
1089-134686-0035_5683-32866-0010__T2__NORMAL__5683,5683,1089,5,0.0,0.0,0.0,0.0,0.0,0.0,0.0,0.0,68.33062987152444,19.28315295161332
1089-134686-0036_6930-75918-0008__T1__NORMAL__1089,1089,6930,5,0.0,0.0,0.0,0.0,0.0,0.0,0.0,0.0,45.052873820645196,10.831574131554907
1089-134686-0036_6930-75918-0008__T2__NORMAL__6930,6930,1089,5,0.0,0.0,0.0,0.0,0.0,0.0,0.0,0.0,54.20537977627637,12.314599107860468
1089-134686-0037_2094-142345-0001__T1__NORMAL__1089,1089,2094,9,0.0,0.0,0.0,0.0,0.0,0.0,0.0,0.0,36.14133786171931,9.251720104867706
1089-134686-0037_2094-142345-0001__T2__NORMAL__2094,2094,1089,9,0.0,0.0,0.0,0.0,0.0,0.0,0.0,0.0,49.46506479036405,9.942269408999255
1089-134686-0037_4446-2271-0000__T1__NORMAL__1089,1089,4446,5,0.0,0.0,0.0,0.0,0.0,0.0,0.0,0.0,55.48435651273189,17.183166831612233
1089-134686-0037_4446-2271-0000__T2__NORMAL__4446,4446,1089,5,0.0,0.0,0.0,0.0,0.0,0.0,0.0,0.0,59.64294795544563,21.105954642844303
1089-134691-0001_1320-122617-0013__T1__NORMAL__1089,1089,1320,9,0.0,0.0,0.0,0.0,0.0,0.0,0.0,0.0,55.592653727738735,22.939472616460645
1089-134691-0001_1320-122617-0013__T2__NORMAL__1320,1320,1089,9,0.0,0.0,0.0,0.0,0.0,0.0,0.0,0.0,60.29618976477296,19.10644346982574
1089-134691-0002_4507-16021-0036__T1__NORMAL__1089,1089,4507,9,0.0,0.0,0.0,0.0,0.0,0.0,0.0,0.0,52.14826841063143,19.882980291253904
1089-134691-0002_4507-16021-0036__T2__NORMAL__4507,4507,1089,9,0.0,0.0,0.0,0.0,0.0,0.0,0.0,0.0,57.64048312455506,21.375128635346567
1089-134691-0002_8455-210777-0005__T1__NORMAL__1089,1089,8455,10,0.0,0.1,0.0,0.0,0.0,0.0,0.0,0.0,46.6765431369747,18.827535225971303
1089-134691-0002_8455-210777-0005__T2__NORMAL__8455,8455,1089,10,0.0,0.0,0.0,0.0,0.0,0.0,0.0,0.0,52.944292659580526,22.12337234747044
1089-134691-0005_908-157963-0011__T1__NORMAL__1089,1089,908,9,0.0,0.0,0.0,0.0,0.0,0.0,0.0,0.0,49.405847190083826,19.84351111756453
1089-134691-0005_908-157963-0011__T2__NORMAL__908,908,1089,9,0.0,0.0,0.0,0.0,0.0,0.0,0.0,0.0,57.417204538374826,16.097125774235156
1089-134691-0006_4446-2275-0012__T1__NORMAL__1089,1089,4446,10,0.0,0.1,0.0,0.0,0.0,0.0,0.0,0.0,51.978830473744516,18.8490779143934
1089-134691-0006_4446-2275-0012__T2__NORMAL__4446,4446,1089,10,1.0,0.9,1.0,1.0,0.9,0.9,0.9,0.9,-52.29983237257777,-30.321131902520705
1089-134691-0006_4446-2275-0026__T1__NORMAL__1089,1089,4446,9,0.0,0.1111111111111111,0.0,0.0,0.0,0.0,0.0,0.0,56.799235270233446,21.56845605049976
1089-134691-0006_4446-2275-0026__T2__NORMAL__4446,4446,1089,9,1.0,0.8888888888888888,1.0,1.0,0.8888888888888888,0.8888888888888888,0.8888888888888888,0.8888888888888888,-57.84767609388065,-52.960020279611925
1089-134691-0012_1320-122612-0015__T1__NORMAL__1089,1089,1320,11,0.0,0.18181818181818182,0.0,0.0,0.0,0.0,0.0,0.0,56.456011091390536,23.511012219468967
1089-134691-0012_1320-122612-0015__T2__NORMAL__1320,1320,1089,11,0.0,0.0,0.0,0.0,0.0,0.0,0.0,0.0,60.657576492471215,21.887681603943665
1089-134691-0013_4992-23283-0007__T1__NORMAL__1089,1089,4992,7,0.0,0.2857142857142857,0.0,0.0,0.0,0.0,0.0,0.0,48.38713613684206,18.840362213772536
1089-134691-0013_4992-23283-0007__T2__NORMAL__4992,4992,1089,7,0.0,0.0,0.0,0.0,0.0,0.0,0.0,0.0,60.63506096725876,15.98002176707208
1089-134691-0014_237-134500-0012__T1__NORMAL__1089,1089,237,8,0.0,0.0,0.0,0.0,0.0,0.0,0.0,0.0,54.35713649031517,25.58092293605421
1089-134691-0014_237-134500-0012__T2__NORMAL__237,237,1089,8,0.0,0.0,0.0,0.0,0.0,0.0,0.0,0.0,55.207051959030316,21.894941215975823
1089-134691-0014_2830-3980-0041__T1__NORMAL__1089,1089,2830,8,0.0,0.0,0.0,0.0,0.0,0.0,0.0,0.0,45.50309462995033,16.253580975251765
1089-134691-0014_2830-3980-0041__T2__NORMAL__2830,2830,1089,8,0.0,0.0,0.0,0.0,0.0,0.0,0.0,0.0,63.617889438006635,19.81884017305136
1089-134691-0014_7127-75947-0023__T1__NORMAL__1089,1089,7127,8,0.0,0.0,0.0,0.0,0.0,0.0,0.0,0.0,54.183734778394275,20.724553473343
1089-134691-0014_7127-75947-0023__T2__NORMAL__7127,7127,1089,8,0.0,0.125,0.0,0.0,0.0,0.0,0.0,0.0,53.79297320993839,20.81043341964705
1089-134691-0015_3575-170457-0015__T1__NORMAL__1089,1089,3575,4,0.0,0.0,0.0,0.0,0.0,0.0,0.0,0.0,47.45677991691987,22.021315508167792
1089-134691-0015_3575-170457-0015__T2__NORMAL__3575,3575,1089,4,0.0,0.0,0.0,0.0,0.0,0.0,0.0,0.0,52.69381203380051,22.28763350805508
1089-134691-0015_5683-32879-0011__T1__NORMAL__1089,1089,5683,4,0.0,0.0,0.0,0.0,0.0,0.0,0.0,0.0,64.29979250655508,19.22657849109386
1089-134691-0015_5683-32879-0011__T2__NORMAL__5683,5683,1089,4,0.0,0.0,0.0,0.0,0.0,0.0,0.0,0.0,51.743878228789406,23.08130356373391
1089-134691-0015_672-122797-0050__T1__NORMAL__1089,1089,672,4,0.0,0.0,0.0,0.0,0.0,0.0,0.0,0.0,52.566018084001925,13.64343795137317
1089-134691-0015_672-122797-0050__T2__NORMAL__672,672,1089,4,0.0,0.25,0.0,0.0,0.0,0.0,0.0,0.0,56.40729999195281,19.173996102701665
1089-134691-0016_260-123286-0009__T1__NORMAL__1089,1089,260,10,0.0,0.3,0.0,0.0,0.0,0.0,0.0,0.0,51.28783507925759,22.181307810584897
1089-134691-0016_260-123286-0009__T2__NORMAL__260,260,1089,10,0.0,0.0,0.0,0.0,0.0,0.0,0.0,0.0,50.74308399302771,16.357955300503647
1089-134691-0017_5142-36586-0004__T1__NORMAL__1089,1089,5142,6,0.0,0.0,0.0,0.0,0.0,0.0,0.0,0.0,53.900177281125224,17.613599546932733
1089-134691-0017_5142-36586-0004__T2__NORMAL__5142,5142,1089,6,0.0,0.0,0.0,0.0,0.0,0.0,0.0,0.0,52.16785183419545,25.348393424778425
1089-134691-0018_4970-29095-0024__T1__NORMAL__1089,1089,4970,5,0.0,0.2,0.0,0.0,0.0,0.0,0.0,0.0,62.026284542252355,26.56814680609988
1089-134691-0018_4970-29095-0024__T2__NORMAL__4970,4970,1089,5,0.0,0.0,0.0,0.0,0.0,0.0,0.0,0.0,71.65175224693853,18.388494780791056
1089-134691-0019_2830-3980-0011__T1__NORMAL__1089,1089,2830,5,0.0,0.2,0.0,0.0,0.0,0.0,0.0,0.0,51.76082274233355,19.38635155876513
1089-134691-0019_2830-3980-0011__T2__NORMAL__2830,2830,1089,5,0.0,0.0,0.0,0.0,0.0,0.0,0.0,0.0,53.22985071397725,20.98210713760924
1089-134691-0019_672-122797-0023__T1__NORMAL__1089,1089,672,5,0.0,0.0,0.0,0.0,0.0,0.0,0.0,0.0,53.75422777725187,15.677448725885364
1089-134691-0019_672-122797-0023__T2__NORMAL__672,672,1089,5,0.0,0.0,0.0,0.0,0.0,0.0,0.0,0.0,58.570489986380515,22.469303088345608
1089-134691-0020_7021-85628-0000__T1__NORMAL__1089,1089,7021,5,0.0,0.2,0.0,0.0,0.0,0.0,0.0,0.0,58.82675919377542,22.825670458641728
1089-134691-0020_7021-85628-0000__T2__NORMAL__7021,7021,1089,5,0.0,0.0,0.0,0.0,0.0,0.0,0.0,0.0,66.47024215430132,24.49099903336389
1089-134691-0020_908-31957-0004__T1__NORMAL__1089,1089,908,6,0.0,0.0,0.0,0.0,0.0,0.0,0.0,0.0,54.99447665353591,21.642387857402348
1089-134691-0020_908-31957-0004__T2__NORMAL__908,908,1089,6,0.0,0.0,0.0,0.0,0.0,0.0,0.0,0.0,62.420841837575495,18.931282918900177
1089-134691-0022_2830-3979-0000__T1__NORMAL__1089,1089,2830,10,0.0,0.0,0.0,0.0,0.0,0.0,0.0,0.0,55.28939926721051,24.761650334744694
1089-134691-0022_2830-3979-0000__T2__NORMAL__2830,2830,1089,10,0.0,0.0,0.0,0.0,0.0,0.0,0.0,0.0,53.75138192321852,19.29810895382483
1089-134691-0023_1580-141083-0000__T1__NORMAL__1089,1089,1580,14,0.0,0.07142857142857142,0.0,0.0,0.0,0.0,0.0,0.0,57.07909716528694,17.346258685437533
1089-134691-0023_1580-141083-0000__T2__NORMAL__1580,1580,1089,14,0.0,0.07142857142857142,0.0,0.0,0.0,0.0,0.0,0.0,57.44550697850145,24.807520286714123
1089-134691-0023_8224-274381-0011__T1__NORMAL__1089,1089,8224,11,0.0,0.09090909090909091,0.0,0.0,0.0,0.0,0.0,0.0,52.614706023375064,21.14208045569716
1089-134691-0023_8224-274381-0011__T2__NORMAL__8224,8224,1089,11,0.0,0.0,0.0,0.0,0.0,0.0,0.0,0.0,57.85964513667045,18.22665860505124
1089-134691-0025_4970-29095-0012__T1__NORMAL__1089,1089,4970,8,0.0,0.125,0.0,0.0,0.0,0.0,0.0,0.0,62.64563070154862,21.71228495630717
1089-134691-0025_4970-29095-0012__T2__NORMAL__4970,4970,1089,8,0.0,0.0,0.0,0.0,0.0,0.0,0.0,0.0,59.72669965885592,22.969640353901227
1089-134691-0025_5105-28233-0004__T1__NORMAL__1089,1089,5105,8,0.0,0.125,0.0,0.0,0.0,0.0,0.0,0.0,48.72599561590728,15.797761767966431
1089-134691-0025_5105-28233-0004__T2__NORMAL__5105,5105,1089,8,0.0,0.0,0.0,0.0,0.0,0.0,0.0,0.0,45.88049109336861,23.07760336892007
1089-134691-0025_8224-274384-0005__T1__NORMAL__1089,1089,8224,15,0.0,0.0,0.0,0.0,0.0,0.0,0.0,0.0,41.21253493730058,18.63498934010438
1089-134691-0025_8224-274384-0005__T2__NORMAL__8224,8224,1089,15,0.0,0.0,0.0,0.0,0.0,0.0,0.0,0.0,47.968540246818904,16.91885314158977
1188-133604-0001_1995-1826-0012__T1__NORMAL__1188,1188,1995,10,0.0,0.0,0.0,0.0,0.0,0.0,0.0,0.0,49.820001705785145,23.7987573846038
1188-133604-0001_1995-1826-0012__T2__NORMAL__1995,1995,1188,10,0.0,0.0,0.0,0.0,0.0,0.0,0.0,0.0,57.095801078572684,21.48037715956584
1188-133604-0003_672-122797-0056__T1__NORMAL__1188,1188,672,9,0.0,0.1111111111111111,0.0,0.0,0.0,0.0,0.0,0.0,44.501040658351684,15.885213177838004
1188-133604-0003_672-122797-0056__T2__NORMAL__672,672,1188,9,0.0,0.0,0.0,0.0,0.0,0.0,0.0,0.0,49.953419160360546,17.80665032022925
1188-133604-0003_8230-279154-0014__T1__NORMAL__1188,1188,8230,13,0.0,0.07692307692307693,0.0,0.0,0.0,0.0,0.0,0.0,57.06843650155759,20.35478955206064
1188-133604-0003_8230-279154-0014__T2__NORMAL__8230,8230,1188,13,0.0,0.0,0.0,0.0,0.0,0.0,0.0,0.0,56.93110707663738,19.145138137624144
1188-133604-0004_672-122797-0017__T1__NORMAL__1188,1188,672,8,0.0,0.0,0.0,0.0,0.0,0.0,0.0,0.0,42.39957135310071,11.32835254878704
1188-133604-0004_672-122797-0017__T2__NORMAL__672,672,1188,8,0.0,0.125,0.0,0.0,0.0,0.0,0.0,0.0,50.76386847485065,12.585546304389304
1188-133604-0005_1580-141083-0020__T1__NORMAL__1188,1188,1580,9,0.0,0.1111111111111111,0.0,0.0,0.0,0.0,0.0,0.0,60.26863426484369,21.28354131635021
1188-133604-0005_1580-141083-0020__T2__NORMAL__1580,1580,1188,9,0.0,0.0,0.0,0.0,0.0,0.0,0.0,0.0,56.44549940099568,21.601152142761133
1188-133604-0005_4446-2271-0003__T1__NORMAL__1188,1188,4446,6,0.0,0.0,0.0,0.0,0.0,0.0,0.0,0.0,47.02599731851824,14.50472815142428
1188-133604-0005_4446-2271-0003__T2__NORMAL__4446,4446,1188,6,0.0,0.0,0.0,0.0,0.0,0.0,0.0,0.0,47.73840146784604,20.192681788527626
1188-133604-0005_6829-68769-0036__T1__NORMAL__1188,1188,6829,9,0.0,0.0,0.1111111111111111,0.0,0.0,0.0,0.0,0.0,48.19388994195944,22.389393039428167
1188-133604-0005_6829-68769-0036__T2__NORMAL__6829,6829,1188,9,0.0,0.0,0.2222222222222222,0.0,0.0,0.0,0.0,0.0,54.25920915479504,15.104479499092596
1188-133604-0010_5105-28240-0024__T1__NORMAL__1188,1188,5105,11,0.0,0.0,0.0,0.0,0.0,0.0,0.0,0.0,60.724111180393315,22.06958514446373
1188-133604-0010_5105-28240-0024__T2__NORMAL__5105,5105,1188,11,0.0,0.09090909090909091,0.0,0.0,0.0,0.0,0.0,0.0,58.1781068468154,18.16941673810276
1188-133604-0010_61-70970-0014__T1__NORMAL__1188,1188,61,5,0.0,0.0,0.0,0.0,0.0,0.0,0.0,0.0,69.79852617448054,18.92908892320568
1188-133604-0010_61-70970-0014__T2__NORMAL__61,61,1188,5,0.0,0.0,0.0,0.0,0.0,0.0,0.0,0.0,70.14547912899351,16.39462558099913
1188-133604-0011_4970-29095-0008__T1__NORMAL__1188,1188,4970,5,0.0,0.0,0.0,0.0,0.0,0.0,0.0,0.0,59.32239899062482,18.096713942797884
1188-133604-0011_4970-29095-0008__T2__NORMAL__4970,4970,1188,5,0.0,0.0,0.0,0.0,0.0,0.0,0.0,0.0,58.03583615927342,21.64845263331385
1188-133604-0012_5105-28241-0016__T1__NORMAL__1188,1188,5105,11,0.0,0.0,0.0,0.0,0.0,0.0,0.0,0.0,57.44579902004987,20.854271585399463
1188-133604-0012_5105-28241-0016__T2__NORMAL__5105,5105,1188,11,0.0,0.0,0.0,0.0,0.0,0.0,0.0,0.0,53.68232818170086,22.028709596098203
1188-133604-0013_2830-3980-0004__T1__NORMAL__1188,1188,2830,5,0.0,0.2,0.0,0.0,0.0,0.0,0.0,0.0,38.24447919216379,14.80863971247949
1188-133604-0013_2830-3980-0004__T2__NORMAL__2830,2830,1188,5,0.0,0.0,0.0,0.0,0.0,0.0,0.0,0.0,39.942323578022226,5.483580044818435
1188-133604-0014_4992-23283-0016__T1__NORMAL__1188,1188,4992,7,0.0,0.0,0.14285714285714285,0.0,0.0,0.0,0.0,0.0,49.17027542694999,15.54765440833593
1188-133604-0014_4992-23283-0016__T2__NORMAL__4992,4992,1188,7,0.0,0.0,0.0,0.0,0.0,0.0,0.0,0.0,47.521438466767805,18.02493071341745
1188-133604-0016_7176-88083-0018__T1__NORMAL__1188,1188,7176,19,0.0,0.21052631578947367,0.0,0.0,0.0,0.0,0.0,0.0,51.88779744740854,16.94339650976149
1188-133604-0016_7176-88083-0018__T2__NORMAL__7176,7176,1188,19,0.0,0.15789473684210525,0.0,0.0,0.0,0.0,0.0,0.0,48.716958364306784,19.532547440164148
1188-133604-0017_5142-33396-0001__T1__NORMAL__1188,1188,5142,8,0.0,0.0,0.0,0.0,0.0,0.0,0.0,0.0,70.2603751014301,20.66539797963868
1188-133604-0017_5142-33396-0001__T2__NORMAL__5142,5142,1188,8,0.0,0.0,0.0,0.0,0.0,0.0,0.0,0.0,65.23654271739727,25.76816551461783
1188-133604-0017_6930-81414-0007__T1__NORMAL__1188,1188,6930,7,0.0,0.14285714285714285,0.0,0.0,0.0,0.0,0.0,0.0,53.868989389653514,13.570639464255745
1188-133604-0017_6930-81414-0007__T2__NORMAL__6930,6930,1188,7,0.0,0.0,0.0,0.0,0.0,0.0,0.0,0.0,60.13145673386558,21.598466263812032
1188-133604-0018_1089-134686-0026__T1__NORMAL__1188,1188,1089,7,0.0,0.0,0.0,0.0,0.0,0.0,0.0,0.0,60.64691703643512,18.22221768491044
1188-133604-0018_1089-134686-0026__T2__NORMAL__1089,1089,1188,7,0.0,0.0,0.0,0.0,0.0,0.0,0.0,0.0,56.32756385214794,20.3135252783095
1188-133604-0019_7127-75947-0006__T1__NORMAL__1188,1188,7127,5,0.0,0.0,0.0,0.0,0.0,0.0,0.0,0.0,68.24078892120356,18.854230119250698
1188-133604-0019_7127-75947-0006__T2__NORMAL__7127,7127,1188,5,0.0,0.0,0.0,0.0,0.0,0.0,0.0,0.0,58.4636073347916,20.458408615439712
1188-133604-0019_8224-274384-0008__T1__NORMAL__1188,1188,8224,23,0.0,0.0,0.0,0.0,0.0,0.0,0.0,0.0,53.07380809589816,17.804315182753037
1188-133604-0019_8224-274384-0008__T2__NORMAL__8224,8224,1188,23,0.0,0.0,0.0,0.0,0.0,0.0,0.0,0.0,51.64517017700344,21.786209087544293
1188-133604-0020_1320-122617-0025__T1__NORMAL__1188,1188,1320,11,0.0,0.0,0.09090909090909091,0.0,0.0,0.0,0.0,0.0,51.69724899220369,19.875250868022807
1188-133604-0020_1320-122617-0025__T2__NORMAL__1320,1320,1188,11,0.0,0.09090909090909091,0.0,0.0,0.0,0.0,0.0,0.0,54.979590729486034,21.24054150490993
1188-133604-0020_3729-6852-0044__T1__NORMAL__1188,1188,3729,12,0.0,0.0,0.08333333333333333,0.0,0.0,0.0,0.0,0.0,59.42072558970707,18.750615556446
1188-133604-0020_3729-6852-0044__T2__NORMAL__3729,3729,1188,12,0.0,0.0,0.0,0.0,0.0,0.0,0.0,0.0,55.932259062706606,22.99325728561807
1188-133604-0022_1221-135767-0019__T1__NORMAL__1188,1188,1221,6,0.0,0.0,0.0,0.0,0.0,0.0,0.0,0.0,62.143112188642135,17.141080446889156
1188-133604-0022_1221-135767-0019__T2__NORMAL__1221,1221,1188,6,0.0,0.16666666666666666,0.0,0.0,0.0,0.0,0.0,0.0,63.285131016534315,23.27043259999963
1188-133604-0022_1320-122617-0034__T1__NORMAL__1188,1188,1320,17,0.0,0.058823529411764705,0.0,0.0,0.0,0.0,0.0,0.0,47.86952911760613,22.543854871024543
1188-133604-0022_1320-122617-0034__T2__NORMAL__1320,1320,1188,17,0.0,0.058823529411764705,0.0,0.0,0.0,0.0,0.0,0.0,53.14572526676295,15.34405420020244
1188-133604-0025_121-121726-0010__T1__NORMAL__1188,1188,121,12,0.0,0.08333333333333333,0.0,0.0,0.0,0.0,0.0,0.0,63.539511190867614,22.74098837125308
1188-133604-0025_121-121726-0010__T2__NORMAL__121,121,1188,12,0.0,0.0,0.0,0.0,0.0,0.0,0.0,0.0,58.423214192914486,23.954372164670097
1188-133604-0025_4992-23283-0016__T1__NORMAL__1188,1188,4992,7,0.0,0.0,0.0,0.0,0.0,0.0,0.0,0.0,42.98205557376678,16.42735401492309
1188-133604-0025_4992-23283-0016__T2__NORMAL__4992,4992,1188,7,0.0,0.14285714285714285,0.0,0.0,0.0,0.0,0.0,0.0,47.985907515975065,16.945121475683372
1188-133604-0025_6829-68769-0005__T1__NORMAL__1188,1188,6829,12,0.0,0.0,0.0,0.0,0.0,0.0,0.0,0.0,56.63301426288718,19.058588390610723
1188-133604-0025_6829-68769-0005__T2__NORMAL__6829,6829,1188,12,0.0,0.08333333333333333,0.0,0.0,0.0,0.0,0.0,0.0,56.807015563800924,22.94225662481308
1188-133604-0027_4446-2275-0032__T1__NORMAL__1188,1188,4446,5,0.0,0.2,0.0,0.0,0.0,0.0,0.0,0.0,66.34792481702263,21.404651278568565
1188-133604-0027_4446-2275-0032__T2__NORMAL__4446,4446,1188,5,1.0,0.8,1.0,1.0,0.8,0.8,0.8,0.8,-66.64499016669251,-33.705093998771986
1188-133604-0029_1284-1180-0013__T1__NORMAL__1188,1188,1284,6,0.0,0.0,0.0,0.0,0.0,0.0,0.0,0.0,56.773697814200055,18.3289439563124
1188-133604-0029_1284-1180-0013__T2__NORMAL__1284,1284,1188,6,0.0,0.0,0.0,0.0,0.0,0.0,0.0,0.0,57.21985208548566,20.8362335097856
1188-133604-0029_4077-13751-0006__T1__NORMAL__1188,1188,4077,6,0.0,0.0,0.0,0.0,0.0,0.0,0.0,0.0,43.79127467851891,16.144185030025895
1188-133604-0029_4077-13751-0006__T2__NORMAL__4077,4077,1188,6,0.0,0.0,0.0,0.0,0.0,0.0,0.0,0.0,42.06912210963634,17.53452556005979
1188-133604-0029_8455-210777-0003__T1__NORMAL__1188,1188,8455,6,0.0,0.0,0.0,0.0,0.0,0.0,0.0,0.0,53.48449708455565,14.681936234666374
1188-133604-0029_8455-210777-0003__T2__NORMAL__8455,8455,1188,6,0.0,0.0,0.0,0.0,0.0,0.0,0.0,0.0,61.78260468552523,21.40275375376381
1188-133604-0031_5142-33396-0054__T1__NORMAL__1188,1188,5142,7,0.0,0.0,0.0,0.0,0.0,0.0,0.0,0.0,65.25083286371714,22.71987320828587
1188-133604-0031_5142-33396-0054__T2__NORMAL__5142,5142,1188,7,0.0,0.0,0.0,0.0,0.0,0.0,0.0,0.0,62.003692883812846,22.940890715637288
1188-133604-0032_8224-274384-0000__T1__NORMAL__1188,1188,8224,13,0.0,0.0,0.0,0.0,0.0,0.0,0.0,0.0,54.51288581023572,19.141413358105737
1188-133604-0032_8224-274384-0000__T2__NORMAL__8224,8224,1188,13,0.0,0.07692307692307693,0.07692307692307693,0.0,0.0,0.0,0.0,0.0,56.36121099103734,17.200610607317984
1188-133604-0033_7127-75947-0027__T1__NORMAL__1188,1188,7127,12,0.0,0.0,0.0,0.0,0.0,0.0,0.0,0.0,63.39306820696307,21.679015801702985
1188-133604-0033_7127-75947-0027__T2__NORMAL__7127,7127,1188,12,0.0,0.0,0.0,0.0,0.0,0.0,0.0,0.0,66.28195031522914,22.33643198091033
1188-133604-0036_2961-960-0007__T1__NORMAL__1188,1188,2961,14,0.0,0.0,0.07142857142857142,0.0,0.0,0.0,0.0,0.0,57.346122851401226,18.77067886059126
1188-133604-0036_2961-960-0007__T2__NORMAL__2961,2961,1188,14,0.0,0.0,0.0,0.0,0.0,0.0,0.0,0.0,55.092971501113546,18.825512158257023
1188-133604-0036_4507-16021-0015__T1__NORMAL__1188,1188,4507,6,0.0,0.0,0.0,0.0,0.0,0.0,0.0,0.0,75.87016772582068,17.20542401251644
1188-133604-0036_4507-16021-0015__T2__NORMAL__4507,4507,1188,6,0.0,0.0,0.0,0.0,0.0,0.0,0.0,0.0,65.5711052199127,23.997108050141915
1188-133604-0038_1995-1837-0012__T1__NORMAL__1188,1188,1995,9,0.0,0.0,0.0,0.0,0.0,0.0,0.0,0.0,51.236606832640945,22.8388058559214
1188-133604-0038_1995-1837-0012__T2__NORMAL__1995,1995,1188,9,0.0,0.0,0.0,0.0,0.0,0.0,0.0,0.0,53.44540232152069,25.969208190378925
1188-133604-0038_5142-33396-0043__T1__NORMAL__1188,1188,5142,6,0.0,0.16666666666666666,0.0,0.0,0.0,0.0,0.0,0.0,70.91798732874663,23.89468202088828
1188-133604-0038_5142-33396-0043__T2__NORMAL__5142,5142,1188,6,0.0,0.0,0.0,0.0,0.0,0.0,0.0,0.0,63.78738375495087,25.33140824176335
1188-133604-0038_61-70970-0012__T1__NORMAL__1188,1188,61,5,0.0,0.2,0.0,0.0,0.0,0.0,0.0,0.0,27.910702265141936,8.665248664870225
1188-133604-0038_61-70970-0012__T2__NORMAL__61,61,1188,5,0.6,0.4,0.6,0.6,0.4,0.4,0.4,0.4,-7.131163034875895,-10.28342792964473
1188-133604-0040_2094-142345-0057__T1__NORMAL__1188,1188,2094,5,0.0,0.2,0.0,0.0,0.0,0.0,0.0,0.0,46.30560897972215,16.920823814948662
1188-133604-0040_2094-142345-0057__T2__NORMAL__2094,2094,1188,5,0.0,0.0,0.0,0.0,0.0,0.0,0.0,0.0,51.1771745443828,14.072598744872929
1188-133604-0040_4970-29093-0002__T1__NORMAL__1188,1188,4970,5,0.0,0.0,0.0,0.0,0.0,0.0,0.0,0.0,60.721889097577915,19.91188780792711
1188-133604-0040_4970-29093-0002__T2__NORMAL__4970,4970,1188,5,0.0,0.0,0.0,0.0,0.0,0.0,0.0,0.0,57.632714591417745,21.23403254687219
1188-133604-0041_61-70968-0003__T1__NORMAL__1188,1188,61,7,0.0,0.0,0.0,0.0,0.0,0.0,0.0,0.0,46.99441536400967,15.897033042186912
1188-133604-0041_61-70968-0003__T2__NORMAL__61,61,1188,7,1.0,1.0,1.0,1.0,1.0,1.0,1.0,1.0,-42.15466030379366,-22.74514418234337
121-121726-0000_3570-5694-0022__T1__NORMAL__121,121,3570,7,0.0,0.0,0.0,0.0,0.0,0.0,0.0,0.0,58.22883623153708,22.45822676645828
121-121726-0000_3570-5694-0022__T2__NORMAL__3570,3570,121,7,0.0,0.0,0.0,0.0,0.0,0.0,0.0,0.0,61.83519182707861,24.35572618637138
121-121726-0001_3729-6852-0018__T1__NORMAL__121,121,3729,9,0.0,0.2222222222222222,0.1111111111111111,0.1111111111111111,0.1111111111111111,0.0,0.0,0.0,49.46588785043172,17.655425469378056
121-121726-0001_3729-6852-0018__T2__NORMAL__3729,3729,121,9,0.0,0.0,0.0,0.0,0.0,0.0,0.0,0.0,61.46373346036866,17.68533064314103
121-121726-0001_672-122797-0015__T1__NORMAL__121,121,672,6,0.0,0.0,0.0,0.0,0.0,0.0,0.0,0.0,46.01258739693972,18.95890628600783
121-121726-0001_672-122797-0015__T2__NORMAL__672,672,121,6,0.5,0.6666666666666666,0.6666666666666666,0.6666666666666666,0.6666666666666666,0.5,0.6666666666666666,0.5,-17.656826563785646,-19.44192908539585
121-121726-0002_260-123286-0011__T1__NORMAL__121,121,260,7,0.0,0.14285714285714285,0.0,0.0,0.0,0.0,0.0,0.0,53.166453294828386,22.47987954332736
121-121726-0002_260-123286-0011__T2__NORMAL__260,260,121,7,0.0,0.0,0.0,0.0,0.0,0.0,0.0,0.0,54.15089250348071,21.28502021438303
121-121726-0002_8455-210777-0041__T1__NORMAL__121,121,8455,6,0.0,0.0,0.0,0.16666666666666666,0.0,0.0,0.0,0.0,46.3679431806307,17.704280068845478
121-121726-0002_8455-210777-0041__T2__NORMAL__8455,8455,121,6,0.0,0.0,0.0,0.0,0.0,0.0,0.0,0.0,53.89599167943549,19.655098280825428
121-121726-0003_1089-134691-0014__T1__NORMAL__121,121,1089,8,0.0,0.25,0.0,0.0,0.0,0.0,0.0,0.0,59.17928419397347,22.584366221310265
121-121726-0003_1089-134691-0014__T2__NORMAL__1089,1089,121,8,0.0,0.0,0.0,0.0,0.0,0.0,0.0,0.0,63.20514770483237,26.00289135468397
121-121726-0003_672-122797-0059__T1__NORMAL__121,121,672,6,0.0,0.3333333333333333,0.0,0.0,0.0,0.0,0.0,0.0,52.12709935599984,19.11744787031578
121-121726-0003_672-122797-0059__T2__NORMAL__672,672,121,6,0.0,0.0,0.0,0.0,0.0,0.0,0.0,0.0,54.04336575696616,16.9349718953362
121-121726-0004_2830-3980-0020__T1__NORMAL__121,121,2830,5,0.0,0.2,0.0,0.0,0.0,0.0,0.0,0.0,29.30051025480379,12.131616411953113
121-121726-0004_2830-3980-0020__T2__NORMAL__2830,2830,121,5,0.0,0.0,0.0,0.0,0.0,0.0,0.0,0.0,49.8842289914853,8.136902474716553
121-121726-0004_6930-81414-0003__T1__NORMAL__121,121,6930,5,0.0,0.2,0.0,0.0,0.0,0.0,0.0,0.0,50.38357517467538,15.47456161294007
121-121726-0004_6930-81414-0003__T2__NORMAL__6930,6930,121,5,0.0,0.2,0.0,0.0,0.0,0.0,0.0,0.0,55.492165136789126,18.0190170833115
121-121726-0005_8455-210777-0005__T1__NORMAL__121,121,8455,5,0.0,0.2,0.6,0.4,0.2,0.0,0.0,0.0,45.773331270765894,18.03236561447505
121-121726-0005_8455-210777-0005__T2__NORMAL__8455,8455,121,5,0.0,0.0,0.0,0.0,0.0,0.0,0.0,0.0,54.81712404166154,14.417212174266783
121-121726-0006_260-123286-0027__T1__NORMAL__121,121,260,6,0.0,0.16666666666666666,0.16666666666666666,0.0,0.16666666666666666,0.0,0.0,0.0,74.13395187134243,22.870071958411373
121-121726-0006_260-123286-0027__T2__NORMAL__260,260,121,6,0.0,0.0,0.0,0.0,0.0,0.0,0.0,0.0,64.00507696942816,21.25719710320084
121-121726-0006_4507-16021-0056__T1__NORMAL__121,121,4507,6,0.0,0.16666666666666666,0.3333333333333333,0.0,0.16666666666666666,0.0,0.0,0.0,50.11296271379664,19.40531038956364
121-121726-0006_4507-16021-0056__T2__NORMAL__4507,4507,121,6,0.0,0.0,0.0,0.0,0.0,0.0,0.0,0.0,50.61151721691402,17.875704760058184
121-121726-0006_61-70970-0003__T1__NORMAL__121,121,61,6,0.0,0.16666666666666666,0.0,0.0,0.0,0.0,0.0,0.0,58.45595544047151,20.5851266894038
121-121726-0006_61-70970-0003__T2__NORMAL__61,61,121,6,0.0,0.0,0.0,0.0,0.0,0.0,0.0,0.0,56.9802505139705,21.96239403508093
121-121726-0007_1995-1826-0023__T1__NORMAL__121,121,1995,11,0.0,0.09090909090909091,0.0,0.0,0.0,0.0,0.0,0.0,63.56478252631076,27.40373718372328
121-121726-0007_1995-1826-0023__T2__NORMAL__1995,1995,121,11,0.0,0.0,0.0,0.0,0.0,0.0,0.0,0.0,67.3441709782421,19.64988822724437
121-121726-0008_4446-2273-0000__T1__NORMAL__121,121,4446,7,0.0,0.0,0.0,0.0,0.0,0.0,0.0,0.0,56.1747707070947,23.925337294485928
121-121726-0008_4446-2273-0000__T2__NORMAL__4446,4446,121,7,1.0,1.0,1.0,1.0,1.0,1.0,1.0,1.0,-56.04225535422047,-40.29247117083121
121-121726-0008_5105-28240-0008__T1__NORMAL__121,121,5105,7,0.0,0.14285714285714285,0.0,0.0,0.0,0.0,0.0,0.0,69.91824110892837,24.70390949434604
121-121726-0008_5105-28240-0008__T2__NORMAL__5105,5105,121,7,1.0,0.8571428571428571,1.0,1.0,0.8571428571428571,0.8571428571428571,0.8571428571428571,0.8571428571428571,-69.14503708871575,-52.07690719186619
121-121726-0009_1284-1181-0019__T1__NORMAL__121,121,1284,5,0.0,0.0,0.0,0.0,0.0,0.0,0.0,0.0,53.13980508089067,20.553629834232297
121-121726-0009_1284-1181-0019__T2__NORMAL__1284,1284,121,5,0.0,0.0,0.0,0.0,0.0,0.0,0.0,0.0,54.388202128270436,25.260354957466927
121-121726-0009_7176-92135-0006__T1__NORMAL__121,121,7176,13,0.0,0.0,0.0,0.0,0.0,0.0,0.0,0.0,57.99174678512506,23.635090899439746
121-121726-0009_7176-92135-0006__T2__NORMAL__7176,7176,121,13,0.0,0.0,0.0,0.0,0.0,0.0,0.0,0.0,60.98213503140168,23.004000632593016
121-121726-0010_2300-131720-0001__T1__NORMAL__121,121,2300,17,0.0,0.058823529411764705,0.0,0.0,0.0,0.0,0.0,0.0,58.92625269285878,25.058661419460165
121-121726-0010_2300-131720-0001__T2__NORMAL__2300,2300,121,17,0.0,0.0,0.0,0.0,0.0,0.0,0.0,0.0,64.6918249271673,22.317828056066663
121-121726-0010_260-123286-0031__T1__NORMAL__121,121,260,8,0.0,0.125,0.0,0.0,0.0,0.0,0.0,0.0,60.082212363539014,21.26656127072508
121-121726-0010_260-123286-0031__T2__NORMAL__260,260,121,8,0.0,0.0,0.125,0.0,0.0,0.0,0.0,0.0,59.923538131763564,21.72744051030569
121-121726-0011_237-126133-0017__T1__NORMAL__121,121,237,7,0.0,0.14285714285714285,0.0,0.0,0.0,0.0,0.0,0.0,68.2822336427924,27.37792083014692
121-121726-0011_237-126133-0017__T2__NORMAL__237,237,121,7,0.0,0.0,0.0,0.0,0.0,0.0,0.0,0.0,53.87326316816968,22.26273273769976
121-121726-0011_4507-16021-0038__T1__NORMAL__121,121,4507,6,0.0,0.3333333333333333,0.16666666666666666,0.16666666666666666,0.16666666666666666,0.0,0.16666666666666666,0.0,52.60744694547606,15.21487159349402
121-121726-0011_4507-16021-0038__T2__NORMAL__4507,4507,121,6,0.0,0.0,0.0,0.0,0.0,0.0,0.0,0.0,66.83264001663856,9.615413162577054
121-121726-0012_2830-3980-0020__T1__NORMAL__121,121,2830,5,0.0,0.0,0.0,0.0,0.0,0.0,0.0,0.0,32.79169852422855,10.53889108534454
121-121726-0012_2830-3980-0020__T2__NORMAL__2830,2830,121,5,0.0,0.0,0.0,0.0,0.0,0.0,0.0,0.0,52.1899031661437,13.622737373516909
121-121726-0014_7021-79740-0000__T1__NORMAL__121,121,7021,5,0.0,0.0,0.0,0.0,0.0,0.0,0.0,0.0,60.82771765843813,21.599471249974865
121-121726-0014_7021-79740-0000__T2__NORMAL__7021,7021,121,5,0.0,0.0,0.2,0.0,0.0,0.0,0.0,0.0,57.32877540862863,15.074242408614536
121-121726-0014_7127-75946-0012__T1__NORMAL__121,121,7127,5,0.0,0.0,0.0,0.0,0.0,0.0,0.0,0.0,53.186487483449945,22.053239357472048
121-121726-0014_7127-75946-0012__T2__NORMAL__7127,7127,121,5,0.0,0.0,0.0,0.0,0.0,0.0,0.0,0.0,56.951282053365276,20.28176656930084
121-123852-0002_1188-133604-0003__T1__NORMAL__121,121,1188,22,0.0,0.09090909090909091,0.0,0.0,0.0,0.0,0.0,0.0,56.809965643205345,21.0333192426298
121-123852-0002_1188-133604-0003__T2__NORMAL__1188,1188,121,22,0.0,0.0,0.0,0.0,0.0,0.0,0.0,0.0,58.65031905403512,17.053761782164443
121-123852-0004_7176-92135-0002__T1__NORMAL__121,121,7176,5,0.0,0.0,0.0,0.0,0.0,0.0,0.0,0.0,52.27612747298108,23.01507724168141
121-123852-0004_7176-92135-0002__T2__NORMAL__7176,7176,121,5,0.0,0.0,0.0,0.0,0.0,0.0,0.0,0.0,61.71487721079757,18.680727998648848
121-123859-0003_260-123288-0025__T1__NORMAL__121,121,260,18,0.0,0.05555555555555555,0.0,0.0,0.0,0.0,0.0,0.0,62.030139726257026,22.983419650312022
121-123859-0003_260-123288-0025__T2__NORMAL__260,260,121,18,0.0,0.0,0.0,0.0,0.0,0.0,0.0,0.0,65.16482885219013,17.58501948816731
121-123859-0004_2830-3980-0075__T1__NORMAL__121,121,2830,9,0.0,0.0,0.0,0.0,0.0,0.0,0.0,0.0,41.25101322797114,13.37553148106432
121-123859-0004_2830-3980-0075__T2__NORMAL__2830,2830,121,9,0.0,0.0,0.0,0.0,0.0,0.0,0.0,0.0,51.282851978445855,15.164938619172649
121-127105-0000_2961-961-0016__T1__NORMAL__121,121,2961,14,0.0,0.07142857142857142,0.07142857142857142,0.07142857142857142,0.0,0.0,0.0,0.0,44.85778268067084,16.458953997437927
121-127105-0000_2961-961-0016__T2__NORMAL__2961,2961,121,14,0.0,0.07142857142857142,0.0,0.0,0.0,0.0,0.0,0.0,48.71470365735079,17.345216355395447
121-127105-0000_5142-33396-0044__T1__NORMAL__121,121,5142,8,0.0,0.125,0.0,0.0,0.0,0.0,0.0,0.0,52.676213947438654,18.705403801592457
121-127105-0000_5142-33396-0044__T2__NORMAL__5142,5142,121,8,0.0,0.0,0.0,0.0,0.0,0.0,0.0,0.0,59.483009163994566,19.843730565443217
121-127105-0001_260-123440-0019__T1__NORMAL__121,121,260,9,0.0,0.0,0.0,0.0,0.0,0.0,0.0,0.0,63.96340771133694,18.05261880411239
121-127105-0001_260-123440-0019__T2__NORMAL__260,260,121,9,0.0,0.0,0.1111111111111111,0.0,0.0,0.0,0.0,0.0,56.262292533241755,19.437715282331453
121-127105-0002_2961-960-0015__T1__NORMAL__121,121,2961,13,0.0,0.0,0.0,0.0,0.0,0.0,0.0,0.0,56.60624313626105,17.98484090825053
121-127105-0002_2961-960-0015__T2__NORMAL__2961,2961,121,13,0.0,0.0,0.0,0.0,0.0,0.0,0.0,0.0,53.83426341153246,19.8586203416939
121-127105-0002_4446-2273-0036__T1__NORMAL__121,121,4446,5,0.0,0.2,0.0,0.0,0.0,0.0,0.0,0.0,59.53688428680515,19.89970617863149
121-127105-0002_4446-2273-0036__T2__NORMAL__4446,4446,121,5,0.0,0.2,0.4,0.6,0.2,0.0,0.2,0.0,12.724096635429834,1.7176974879802538
121-127105-0002_7729-102255-0007__T1__NORMAL__121,121,7729,13,0.0,0.0,0.0,0.0,0.0,0.0,0.0,0.0,40.55628657230823,18.001016237218412
121-127105-0002_7729-102255-0007__T2__NORMAL__7729,7729,121,13,0.0,0.0,0.0,0.0,0.0,0.0,0.0,0.0,56.54430541430074,13.99387267531474
121-127105-0005_237-134493-0003__T1__NORMAL__121,121,237,10,0.0,0.0,0.0,0.0,0.0,0.0,0.0,0.0,61.77701905554294,22.30566983851172
121-127105-0005_237-134493-0003__T2__NORMAL__237,237,121,10,0.0,0.0,0.0,0.0,0.0,0.0,0.0,0.0,62.99531387309486,20.41135728851832
121-127105-0005_4507-16021-0046__T1__NORMAL__121,121,4507,8,0.0,0.0,0.0,0.0,0.0,0.0,0.0,0.0,51.512132686398466,21.03052087272432
121-127105-0005_4507-16021-0046__T2__NORMAL__4507,4507,121,8,0.0,0.0,0.0,0.0,0.0,0.0,0.0,0.0,58.05295281391825,18.47301477102296
121-127105-0005_8455-210777-0039__T1__NORMAL__121,121,8455,10,0.0,0.0,0.0,0.0,0.0,0.0,0.0,0.0,53.810134630163724,17.610396159471406
121-127105-0005_8455-210777-0039__T2__NORMAL__8455,8455,121,10,0.0,0.0,0.0,0.0,0.0,0.0,0.0,0.0,53.05030635646019,18.20773437686627
121-127105-0006_8455-210777-0045__T1__NORMAL__121,121,8455,8,0.0,0.125,0.0,0.0,0.0,0.0,0.0,0.0,49.77856702006348,17.703798132762017
121-127105-0006_8455-210777-0045__T2__NORMAL__8455,8455,121,8,0.0,0.125,0.0,0.0,0.0,0.0,0.0,0.0,52.082696507804386,16.573174730274122
121-127105-0011_4970-29095-0009__T1__NORMAL__121,121,4970,10,0.0,0.0,0.0,0.0,0.0,0.0,0.0,0.0,64.27871812122277,18.23983779151306
121-127105-0011_4970-29095-0009__T2__NORMAL__4970,4970,121,10,0.0,0.1,0.0,0.0,0.0,0.0,0.0,0.0,59.718666310173674,23.27458725649409
121-127105-0012_61-70968-0028__T1__NORMAL__121,121,61,8,0.0,0.0,0.0,0.0,0.0,0.0,0.0,0.0,48.15940605609017,17.236171087847087
121-127105-0012_61-70968-0028__T2__NORMAL__61,61,121,8,0.0,0.0,0.0,0.0,0.0,0.0,0.0,0.0,54.0885872211375,13.81893248876951
121-127105-0012_6829-68771-0035__T1__NORMAL__121,121,6829,7,0.0,0.0,0.0,0.0,0.0,0.0,0.0,0.0,48.03285369883345,18.607440006279496
121-127105-0012_6829-68771-0035__T2__NORMAL__6829,6829,121,7,0.0,0.0,0.0,0.0,0.0,0.0,0.0,0.0,56.995236397835285,13.811381847066375
121-127105-0013_260-123288-0009__T1__NORMAL__121,121,260,5,0.0,0.0,0.0,0.0,0.0,0.0,0.0,0.0,55.74314219974896,14.51949685472352
121-127105-0013_260-123288-0009__T2__NORMAL__260,260,121,5,0.0,0.0,0.0,0.0,0.0,0.0,0.0,0.0,53.86787394192529,20.45951301914976
121-127105-0019_1284-1181-0017__T1__NORMAL__121,121,1284,6,0.0,0.0,0.0,0.0,0.0,0.0,0.0,0.0,37.101940145573394,14.861498701681668
121-127105-0019_1284-1181-0017__T2__NORMAL__1284,1284,121,6,0.0,0.0,0.16666666666666666,0.0,0.0,0.0,0.0,0.0,33.366306792199204,11.252247729566532
121-127105-0019_4446-2275-0029__T1__NORMAL__121,121,4446,6,0.0,0.0,0.0,0.0,0.0,0.0,0.0,0.0,44.79265394833745,5.6111099462800365
121-127105-0019_4446-2275-0029__T2__NORMAL__4446,4446,121,6,1.0,0.5,0.5,0.6666666666666666,0.3333333333333333,0.3333333333333333,0.3333333333333333,0.3333333333333333,-18.028784993206774,-20.432075565382
121-127105-0019_7176-88083-0026__T1__NORMAL__121,121,7176,6,0.0,0.0,0.0,0.0,0.0,0.0,0.0,0.0,53.990322353667274,21.36718460067627
121-127105-0019_7176-88083-0026__T2__NORMAL__7176,7176,121,6,0.0,0.0,0.0,0.0,0.0,0.0,0.0,0.0,53.67632161952224,17.048152958222314
121-127105-0020_2830-3980-0039__T1__NORMAL__121,121,2830,9,0.0,0.0,0.0,0.0,0.0,0.0,0.0,0.0,53.32902530837916,18.51595943821357
121-127105-0020_2830-3980-0039__T2__NORMAL__2830,2830,121,9,0.0,0.0,0.0,0.0,0.0,0.0,0.0,0.0,57.70829338093833,15.657477536638911
121-127105-0020_5683-32866-0030__T1__NORMAL__121,121,5683,8,0.0,0.0,0.0,0.0,0.0,0.0,0.0,0.0,48.757355903481795,22.320569425242056
121-127105-0020_5683-32866-0030__T2__NORMAL__5683,5683,121,8,0.0,0.0,0.0,0.0,0.0,0.0,0.0,0.0,39.331077095066014,7.518320144639739
121-127105-0023_1580-141083-0021__T1__NORMAL__121,121,1580,6,0.0,0.16666666666666666,0.0,0.0,0.0,0.0,0.0,0.0,51.724359821766114,18.96408594924744
121-127105-0023_1580-141083-0021__T2__NORMAL__1580,1580,121,6,0.0,0.0,0.0,0.0,0.0,0.0,0.0,0.0,47.13473804759261,16.730173532679608
121-127105-0023_5142-33396-0058__T1__NORMAL__121,121,5142,5,0.0,0.0,0.0,0.0,0.0,0.0,0.0,0.0,50.202307551027125,12.505284614722864
121-127105-0023_5142-33396-0058__T2__NORMAL__5142,5142,121,5,0.0,0.0,0.0,0.0,0.0,0.0,0.0,0.0,50.09861100096754,20.6417897390943
121-127105-0026_4446-2273-0033__T1__NORMAL__121,121,4446,5,0.0,0.0,0.0,0.0,0.0,0.0,0.0,0.0,58.73213021222747,19.057550886596527
121-127105-0026_4446-2273-0033__T2__NORMAL__4446,4446,121,5,0.0,0.2,0.2,0.2,0.0,0.0,0.0,0.0,36.37022404065736,3.869972015808627
121-127105-0026_4446-2275-0029__T1__NORMAL__121,121,4446,11,0.0,0.0,0.0,0.0,0.0,0.0,0.0,0.0,58.534254817432746,19.545950433930784
121-127105-0026_4446-2275-0029__T2__NORMAL__4446,4446,121,11,0.9090909090909091,0.7272727272727273,0.9090909090909091,0.9090909090909091,0.6363636363636364,0.6363636363636364,0.6363636363636364,0.6363636363636364,-24.534305945370605,-18.841223002909608
121-127105-0026_5683-32879-0020__T1__NORMAL__121,121,5683,12,0.0,0.08333333333333333,0.0,0.0,0.0,0.0,0.0,0.0,54.43754017532252,11.508955797806712
121-127105-0026_5683-32879-0020__T2__NORMAL__5683,5683,121,12,0.0,0.0,0.08333333333333333,0.16666666666666666,0.0,0.0,0.0,0.0,49.07261957805426,11.287704663925735
121-127105-0026_7127-75946-0017__T1__NORMAL__121,121,7127,14,0.0,0.0,0.0,0.0,0.0,0.0,0.0,0.0,54.89625711412072,15.954601664234174
121-127105-0026_7127-75946-0017__T2__NORMAL__7127,7127,121,14,0.0,0.0,0.0,0.0,0.0,0.0,0.0,0.0,53.30399627277531,18.26201960002786
121-127105-0028_4507-16021-0025__T1__NORMAL__121,121,4507,12,0.0,0.08333333333333333,0.0,0.16666666666666666,0.0,0.0,0.0,0.0,53.45178228903097,18.682346909480547
121-127105-0028_4507-16021-0025__T2__NORMAL__4507,4507,121,12,0.0,0.0,0.0,0.0,0.0,0.0,0.0,0.0,55.466399054677915,15.76860045497453
121-127105-0029_5142-33396-0065__T1__NORMAL__121,121,5142,9,0.0,0.0,0.0,0.0,0.0,0.0,0.0,0.0,58.38054282548952,20.088675540274394
121-127105-0029_5142-33396-0065__T2__NORMAL__5142,5142,121,9,0.0,0.0,0.0,0.0,0.0,0.0,0.0,0.0,58.407847397888595,20.36601220531624
121-127105-0029_8455-210777-0048__T1__NORMAL__121,121,8455,5,0.0,0.0,0.0,0.0,0.0,0.0,0.0,0.0,50.93424219021578,19.557148457236096
121-127105-0029_8455-210777-0048__T2__NORMAL__8455,8455,121,5,0.0,0.0,0.0,0.0,0.0,0.0,0.0,0.0,58.26072676736972,18.428619291497096
121-127105-0031_260-123288-0009__T1__NORMAL__121,121,260,5,0.0,0.0,0.0,0.0,0.0,0.0,0.0,0.0,62.55587481635788,20.63313542805893
121-127105-0031_260-123288-0009__T2__NORMAL__260,260,121,5,0.0,0.0,0.0,0.0,0.0,0.0,0.0,0.0,58.03541905907823,18.8726540095328
121-127105-0031_5142-33396-0046__T1__NORMAL__121,121,5142,6,0.0,0.0,0.0,0.0,0.0,0.0,0.0,0.0,59.027838017705484,21.246982314243542
121-127105-0031_5142-33396-0046__T2__NORMAL__5142,5142,121,6,0.0,0.0,0.0,0.0,0.0,0.0,0.0,0.0,70.22440653281099,17.8038451226123
121-127105-0032_7127-75947-0037__T1__NORMAL__121,121,7127,5,0.0,0.0,0.0,0.0,0.0,0.0,0.0,0.0,45.47897021498714,16.213908065664167
121-127105-0032_7127-75947-0037__T2__NORMAL__7127,7127,121,5,0.0,0.2,0.0,0.0,0.0,0.0,0.0,0.0,47.373149357447744,14.870801767929429
121-127105-0034_2830-3980-0000__T1__NORMAL__121,121,2830,6,0.0,0.0,0.0,0.0,0.0,0.0,0.0,0.0,51.991531159507254,16.278360502166986
121-127105-0034_2830-3980-0000__T2__NORMAL__2830,2830,121,6,0.0,0.0,0.0,0.0,0.0,0.0,0.0,0.0,55.3857203061944,18.16517288883248
121-127105-0035_1995-1826-0013__T1__NORMAL__121,121,1995,16,0.0,0.0,0.0,0.0,0.0,0.0,0.0,0.0,55.63899424323438,17.704221705137655
121-127105-0035_1995-1826-0013__T2__NORMAL__1995,1995,121,16,0.0,0.0,0.0,0.0,0.0,0.0,0.0,0.0,54.46240104317845,22.312507067464427
121-127105-0035_2961-961-0004__T1__NORMAL__121,121,2961,21,0.0,0.047619047619047616,0.19047619047619047,0.14285714285714285,0.047619047619047616,0.0,0.0,0.0,48.04500148586449,18.5536115801032
121-127105-0035_2961-961-0004__T2__NORMAL__2961,2961,121,21,0.0,0.0,0.0,0.0,0.0,0.0,0.0,0.0,55.54845454536228,17.114381215654365
121-127105-0036_2961-960-0012__T1__NORMAL__121,121,2961,7,0.0,0.14285714285714285,0.14285714285714285,0.2857142857142857,0.0,0.0,0.0,0.0,50.66920318282248,21.967368742437507
121-127105-0036_2961-960-0012__T2__NORMAL__2961,2961,121,7,0.0,0.0,0.0,0.0,0.0,0.0,0.0,0.0,57.82520563142763,13.992100064632517
121-127105-0036_5683-32865-0005__T1__NORMAL__121,121,5683,7,0.0,0.42857142857142855,0.14285714285714285,0.0,0.14285714285714285,0.0,0.0,0.0,59.21037956253729,22.508402847789803
121-127105-0036_5683-32865-0005__T2__NORMAL__5683,5683,121,7,0.0,0.0,0.0,0.0,0.0,0.0,0.0,0.0,59.37341607021607,14.381516985467645
1221-135766-0000_1580-141083-0013__T1__NORMAL__1221,1221,1580,7,0.0,0.0,0.0,0.0,0.0,0.0,0.0,0.0,60.73128454185142,23.16435824079037
1221-135766-0000_1580-141083-0013__T2__NORMAL__1580,1580,1221,7,0.0,0.0,0.0,0.0,0.0,0.0,0.0,0.0,59.42406866558975,19.54999253861372
1221-135766-0002_121-127105-0005__T1__NORMAL__1221,1221,121,8,0.0,0.0,0.0,0.0,0.0,0.0,0.0,0.0,47.16685880619163,17.332467170266668
1221-135766-0002_121-127105-0005__T2__NORMAL__121,121,1221,8,0.0,0.0,0.0,0.0,0.0,0.0,0.0,0.0,48.57691941058272,15.839562648294356
1221-135766-0003_1320-122617-0009__T1__NORMAL__1221,1221,1320,14,0.0,0.0,0.0,0.0,0.0,0.0,0.0,0.0,56.783143823258285,21.25498550160028
1221-135766-0003_1320-122617-0009__T2__NORMAL__1320,1320,1221,14,0.0,0.0,0.0,0.0,0.0,0.0,0.0,0.0,57.01194491583601,18.01683733132324
1221-135766-0003_908-31957-0002__T1__NORMAL__1221,1221,908,8,0.0,0.0,0.0,0.0,0.0,0.0,0.0,0.0,58.748129487010466,17.026117451638132
1221-135766-0003_908-31957-0002__T2__NORMAL__908,908,1221,8,0.0,0.0,0.0,0.0,0.0,0.0,0.0,0.0,56.66649504074167,19.72024842650541
1221-135766-0004_237-126133-0022__T1__NORMAL__1221,1221,237,9,0.0,0.0,0.0,0.0,0.0,0.0,0.0,0.0,74.49344323212452,20.283570358090884
1221-135766-0004_237-126133-0022__T2__NORMAL__237,237,1221,9,0.0,0.0,0.0,0.0,0.0,0.0,0.0,0.0,62.28690319978232,23.76579090987712
1221-135766-0004_5105-28240-0011__T1__NORMAL__1221,1221,5105,11,0.0,0.0,0.0,0.0,0.0,0.0,0.0,0.0,57.711238686275756,19.089569963249303
1221-135766-0004_5105-28240-0011__T2__NORMAL__5105,5105,1221,11,0.0,0.0,0.0,0.0,0.0,0.0,0.0,0.0,59.33302568196762,19.70787275015092
1221-135766-0006_7176-92135-0040__T1__NORMAL__1221,1221,7176,19,0.0,0.0,0.0,0.0,0.0,0.0,0.0,0.0,54.27133272681707,23.045963961509127
1221-135766-0006_7176-92135-0040__T2__NORMAL__7176,7176,1221,19,0.0,0.0,0.0,0.0,0.0,0.0,0.0,0.0,55.845872797148644,17.799754665448322
1221-135766-0007_121-121726-0005__T1__NORMAL__1221,1221,121,5,0.0,0.0,0.0,0.0,0.0,0.0,0.0,0.0,66.39134200524408,19.82065557832524
1221-135766-0007_121-121726-0005__T2__NORMAL__121,121,1221,5,0.0,0.4,0.4,0.0,0.2,0.0,0.0,0.0,51.94640715047594,22.421286958506816
1221-135766-0008_7127-75946-0003__T1__NORMAL__1221,1221,7127,7,0.0,0.0,0.0,0.0,0.0,0.0,0.0,0.0,49.0929954799607,21.32846207519107
1221-135766-0008_7127-75946-0003__T2__NORMAL__7127,7127,1221,7,0.0,0.0,0.0,0.0,0.0,0.0,0.0,0.0,53.65801445504126,17.185185307951258
1221-135766-0009_5142-33396-0058__T1__NORMAL__1221,1221,5142,5,0.0,0.0,0.0,0.0,0.0,0.0,0.0,0.0,55.489776787411245,18.29036299732344
1221-135766-0009_5142-33396-0058__T2__NORMAL__5142,5142,1221,5,0.0,0.0,0.0,0.0,0.0,0.0,0.0,0.0,55.065875594954704,17.405355876493545
1221-135766-0012_6930-76324-0003__T1__NORMAL__1221,1221,6930,5,0.0,0.0,0.0,0.0,0.0,0.0,0.0,0.0,55.19207417610903,15.861705792815243
1221-135766-0012_6930-76324-0003__T2__NORMAL__6930,6930,1221,5,0.0,0.0,0.2,0.0,0.0,0.0,0.0,0.0,52.32147456907428,20.08651956570657
1221-135766-0013_121-127105-0028__T1__NORMAL__1221,1221,121,6,0.0,0.0,0.0,0.0,0.0,0.0,0.0,0.0,59.50697390070704,15.441426157306386
1221-135766-0013_121-127105-0028__T2__NORMAL__121,121,1221,6,0.0,0.0,0.0,0.0,0.0,0.0,0.0,0.0,57.397701355350385,21.98504219868085
1221-135766-0013_1284-1181-0013__T1__NORMAL__1221,1221,1284,6,0.0,0.16666666666666666,0.0,0.0,0.0,0.0,0.0,0.0,54.322526368572454,18.327094516243907
1221-135766-0013_1284-1181-0013__T2__NORMAL__1284,1284,1221,6,0.0,0.0,0.0,0.0,0.0,0.0,0.0,0.0,51.83537812222375,17.92459283386722
1221-135766-0014_3729-6852-0011__T1__NORMAL__1221,1221,3729,8,0.0,0.0,0.0,0.0,0.0,0.0,0.0,0.0,46.32806301301132,18.658576033704826
1221-135766-0014_3729-6852-0011__T2__NORMAL__3729,3729,1221,8,0.0,0.0,0.0,0.0,0.0,0.0,0.0,0.0,46.320011712279765,13.259376453249656
1221-135766-0014_61-70968-0049__T1__NORMAL__1221,1221,61,8,0.0,0.0,0.0,0.0,0.0,0.0,0.0,0.0,46.21923791989339,21.55963823819525
1221-135766-0014_61-70968-0049__T2__NORMAL__61,61,1221,8,0.0,0.0,0.0,0.0,0.0,0.0,0.0,0.0,48.33310798672024,14.402513167771447
1221-135766-0014_7127-75946-0004__T1__NORMAL__1221,1221,7127,7,0.0,0.0,0.0,0.0,0.0,0.0,0.0,0.0,58.18918688851788,18.477053482425056
1221-135766-0014_7127-75946-0004__T2__NORMAL__7127,7127,1221,7,0.0,0.0,0.0,0.0,0.0,0.0,0.0,0.0,55.896702480103905,19.271479235351496
1221-135767-0001_7127-75947-0008__T1__NORMAL__1221,1221,7127,7,0.0,0.0,0.0,0.0,0.0,0.0,0.0,0.0,52.63598147116956,15.04197323701013
1221-135767-0001_7127-75947-0008__T2__NORMAL__7127,7127,1221,7,0.0,0.14285714285714285,0.0,0.0,0.0,0.0,0.0,0.0,49.490675802599824,21.950433071342506
1221-135767-0005_61-70970-0020__T1__NORMAL__1221,1221,61,9,0.0,0.0,0.0,0.0,0.0,0.0,0.0,0.0,50.96030882942333,17.47841966895634
1221-135767-0005_61-70970-0020__T2__NORMAL__61,61,1221,9,0.0,0.0,0.0,0.0,0.0,0.0,0.0,0.0,54.50679540181889,15.381683882192558
1221-135767-0008_260-123286-0027__T1__NORMAL__1221,1221,260,5,0.0,0.0,0.0,0.0,0.0,0.0,0.0,0.0,60.20766724292078,19.887870744721926
1221-135767-0008_260-123286-0027__T2__NORMAL__260,260,1221,5,0.0,0.0,0.0,0.0,0.0,0.0,0.0,0.0,57.1236525215642,17.38047458232949
1221-135767-0008_3570-5695-0015__T1__NORMAL__1221,1221,3570,5,0.0,0.0,0.0,0.0,0.0,0.0,0.0,0.0,53.92616709457907,25.31871073849432
1221-135767-0008_3570-5695-0015__T2__NORMAL__3570,3570,1221,5,0.0,0.0,0.2,0.0,0.0,0.0,0.0,0.0,61.98927029228058,16.215205569062533
1221-135767-0008_5683-32865-0011__T1__NORMAL__1221,1221,5683,5,0.0,0.2,0.0,0.0,0.0,0.0,0.0,0.0,65.34129887493623,23.55213668763429
1221-135767-0008_5683-32865-0011__T2__NORMAL__5683,5683,1221,5,0.0,0.0,0.0,0.0,0.0,0.0,0.0,0.0,62.60668865082081,17.986448186647188
1221-135767-0009_237-134500-0033__T1__NORMAL__1221,1221,237,10,0.0,0.0,0.0,0.0,0.0,0.0,0.0,0.0,56.31701613842002,14.842726872274504
1221-135767-0009_237-134500-0033__T2__NORMAL__237,237,1221,10,0.0,0.0,0.0,0.0,0.0,0.0,0.0,0.0,44.99498587867258,21.15688068488392
1221-135767-0010_1995-1837-0021__T1__NORMAL__1221,1221,1995,5,0.0,0.0,0.0,0.0,0.0,0.0,0.0,0.0,57.40245168730534,22.538107119970302
1221-135767-0010_1995-1837-0021__T2__NORMAL__1995,1995,1221,5,0.0,0.0,0.0,0.0,0.0,0.0,0.0,0.0,59.418953683985066,21.804482467876262
1221-135767-0010_2830-3980-0039__T1__NORMAL__1221,1221,2830,9,0.0,0.0,0.0,0.0,0.0,0.0,0.0,0.0,49.63356664168986,18.343871718948684
1221-135767-0010_2830-3980-0039__T2__NORMAL__2830,2830,1221,9,0.0,0.0,0.0,0.0,0.0,0.0,0.0,0.0,53.725361735878664,14.304510346523678
1221-135767-0013_5683-32865-0007__T1__NORMAL__1221,1221,5683,11,0.0,0.0,0.0,0.0,0.0,0.0,0.0,0.0,52.18932768760212,10.882463013701004
1221-135767-0013_5683-32865-0007__T2__NORMAL__5683,5683,1221,11,0.0,0.0,0.0,0.0,0.0,0.0,0.0,0.0,48.94982948812116,11.065432779631458
1221-135767-0014_1089-134691-0023__T1__NORMAL__1221,1221,1089,13,0.0,0.0,0.0,0.0,0.0,0.0,0.0,0.0,57.51896240058296,23.333293840313672
1221-135767-0014_1089-134691-0023__T2__NORMAL__1089,1089,1221,13,0.0,0.07692307692307693,0.0,0.0,0.0,0.0,0.0,0.0,56.520152988526874,17.543831994393592
1221-135767-0014_2300-131720-0034__T1__NORMAL__1221,1221,2300,13,0.0,0.07692307692307693,0.0,0.0,0.0,0.0,0.0,0.0,58.732198868924755,21.77599695249149
1221-135767-0014_2300-131720-0034__T2__NORMAL__2300,2300,1221,13,0.0,0.0,0.0,0.0,0.0,0.0,0.0,0.0,56.67057404166825,17.435712571834756
1221-135767-0014_61-70968-0014__T1__NORMAL__1221,1221,61,13,0.0,0.0,0.0,0.0,0.0,0.0,0.0,0.0,55.61806010999168,19.17477113546503
1221-135767-0014_61-70968-0014__T2__NORMAL__61,61,1221,13,0.0,0.0,0.07692307692307693,0.0,0.0,0.0,0.0,0.0,52.75104245260024,18.031186038289828
1221-135767-0014_672-122797-0074__T1__NORMAL__1221,1221,672,12,0.0,0.0,0.0,0.0,0.0,0.0,0.0,0.0,50.6734046512116,18.28166852303832
1221-135767-0014_672-122797-0074__T2__NORMAL__672,672,1221,12,0.0,0.0,0.0,0.0,0.0,0.0,0.0,0.0,50.1056811953757,17.681036828114106
1221-135767-0016_4970-29093-0012__T1__NORMAL__1221,1221,4970,16,0.0,0.0,0.0,0.0,0.0,0.0,0.0,0.0,55.530735580037074,20.12264612502541
1221-135767-0016_4970-29093-0012__T2__NORMAL__4970,4970,1221,16,0.0,0.1875,0.0,0.0,0.0,0.0,0.0,0.0,48.620823608678904,20.226126600846232
1221-135767-0020_61-70968-0009__T1__NORMAL__1221,1221,61,5,0.0,0.0,0.0,0.0,0.0,0.0,0.0,0.0,52.17355479199737,16.46482477005601
1221-135767-0020_61-70968-0009__T2__NORMAL__61,61,1221,5,0.0,0.0,0.0,0.0,0.0,0.0,0.0,0.0,51.67294075973357,14.21183842102813
1221-135767-0022_7176-92135-0032__T1__NORMAL__1221,1221,7176,5,0.0,0.0,0.0,0.0,0.0,0.0,0.0,0.0,59.379279415721406,18.314638499029765
1221-135767-0022_7176-92135-0032__T2__NORMAL__7176,7176,1221,5,0.0,0.0,0.0,0.0,0.0,0.0,0.0,0.0,51.06809583585092,21.003522100311283
1221-135767-0024_2094-142345-0028__T1__NORMAL__1221,1221,2094,10,0.0,0.0,0.0,0.0,0.0,0.0,0.0,0.0,54.573563799954776,18.135845147247323
1221-135767-0024_2094-142345-0028__T2__NORMAL__2094,2094,1221,10,0.0,0.0,0.0,0.0,0.0,0.0,0.0,0.0,50.08720799566488,15.441799533542712
1221-135767-0024_8555-284449-0015__T1__NORMAL__1221,1221,8555,9,0.0,0.0,0.0,0.0,0.0,0.0,0.0,0.0,56.728671978408805,20.62890397996573
1221-135767-0024_8555-284449-0015__T2__NORMAL__8555,8555,1221,9,0.0,0.0,0.0,0.0,0.0,0.0,0.0,0.0,58.452334142278836,21.357729988262736
1284-1180-0001_1580-141083-0003__T1__NORMAL__1284,1284,1580,12,0.0,0.0,0.0,0.0,0.0,0.0,0.0,0.0,61.02543247037869,15.845989946875411
1284-1180-0001_1580-141083-0003__T2__NORMAL__1580,1580,1284,12,0.0,0.0,0.0,0.0,0.0,0.0,0.0,0.0,59.77681888537149,23.36438433506361
1284-1180-0002_61-70970-0009__T1__NORMAL__1284,1284,61,5,0.0,0.0,0.0,0.0,0.0,0.0,0.0,0.0,57.505852722206576,17.11798339452991
1284-1180-0002_61-70970-0009__T2__NORMAL__61,61,1284,5,0.0,0.0,0.0,0.0,0.0,0.0,0.0,0.0,51.768124420594646,20.064423818467205
1284-1180-0002_7021-79759-0003__T1__NORMAL__1284,1284,7021,8,0.0,0.0,0.0,0.0,0.0,0.0,0.0,0.0,49.55610504731797,18.36749081939831
1284-1180-0002_7021-79759-0003__T2__NORMAL__7021,7021,1284,8,0.0,0.0,0.0,0.0,0.0,0.0,0.0,0.0,55.35510563648862,18.92820361156452
1284-1180-0003_237-134493-0014__T1__NORMAL__1284,1284,237,6,0.0,0.0,0.0,0.0,0.0,0.0,0.0,0.0,59.77588274093182,22.579628811777173
1284-1180-0003_237-134493-0014__T2__NORMAL__237,237,1284,6,0.0,0.0,0.0,0.0,0.0,0.0,0.0,0.0,62.91571607976554,21.98968857303825
1284-1180-0004_8455-210777-0031__T1__NORMAL__1284,1284,8455,7,0.0,0.0,0.0,0.0,0.0,0.0,0.0,0.0,55.94843170797396,18.499629168649264
1284-1180-0004_8455-210777-0031__T2__NORMAL__8455,8455,1284,7,0.0,0.0,0.0,0.0,0.0,0.0,0.0,0.0,49.357525024463676,18.58927597292581
1284-1180-0005_6829-68771-0000__T1__NORMAL__1284,1284,6829,12,0.0,0.0,0.08333333333333333,0.0,0.0,0.0,0.0,0.0,60.70861039169228,17.92749133067921
1284-1180-0005_6829-68771-0000__T2__NORMAL__6829,6829,1284,12,0.0,0.0,0.0,0.0,0.0,0.0,0.0,0.0,53.51198081138458,20.353620952486125
1284-1180-0006_121-127105-0022__T1__NORMAL__1284,1284,121,9,0.0,0.0,0.0,0.0,0.0,0.0,0.0,0.0,62.41160223282506,15.779884274546047
1284-1180-0006_121-127105-0022__T2__NORMAL__121,121,1284,9,0.0,0.0,0.0,0.0,0.0,0.0,0.0,0.0,53.951914098531724,23.88483619551553
1284-1180-0006_1320-122612-0004__T1__NORMAL__1284,1284,1320,11,0.0,0.0,0.0,0.0,0.0,0.0,0.0,0.0,59.96669418591978,20.328114671001444
1284-1180-0006_1320-122612-0004__T2__NORMAL__1320,1320,1284,11,0.0,0.0,0.0,0.0,0.0,0.0,0.0,0.0,57.040255139223056,23.53255585783387
1284-1180-0006_6829-68769-0002__T1__NORMAL__1284,1284,6829,5,0.0,0.0,0.0,0.0,0.0,0.0,0.0,0.0,47.09737633902964,14.218212854361548
1284-1180-0006_6829-68769-0002__T2__NORMAL__6829,6829,1284,5,0.0,0.0,0.4,0.0,0.0,0.0,0.0,0.0,41.57159211499784,18.512392983405
1284-1180-0007_2094-142345-0002__T1__NORMAL__1284,1284,2094,11,0.0,0.0,0.0,0.0,0.0,0.0,0.0,0.0,60.809466301625555,17.932679608066664
1284-1180-0007_2094-142345-0002__T2__NORMAL__2094,2094,1284,11,0.0,0.0,0.0,0.0,0.0,0.0,0.0,0.0,63.0881206649661,21.61484313287684
1284-1180-0007_260-123286-0015__T1__NORMAL__1284,1284,260,9,0.0,0.1111111111111111,0.0,0.0,0.0,0.0,0.0,0.0,52.12837079570115,17.795843567400183
1284-1180-0007_260-123286-0015__T2__NORMAL__260,260,1284,9,0.0,0.0,0.0,0.0,0.0,0.0,0.0,0.0,58.60627465801727,18.91478186542755
1284-1180-0008_2830-3980-0008__T1__NORMAL__1284,1284,2830,8,0.0,0.0,0.0,0.0,0.0,0.0,0.0,0.0,53.80130671298879,18.42311192829993
1284-1180-0008_2830-3980-0008__T2__NORMAL__2830,2830,1284,8,0.0,0.0,0.0,0.0,0.0,0.0,0.0,0.0,49.363075883780944,17.166076187263826
1284-1180-0009_1580-141083-0045__T1__NORMAL__1284,1284,1580,7,0.0,0.0,0.0,0.0,0.0,0.0,0.0,0.0,62.977198185658644,17.30319846236609
1284-1180-0009_1580-141083-0045__T2__NORMAL__1580,1580,1284,7,0.0,0.0,0.0,0.0,0.0,0.0,0.0,0.0,54.64061674562851,23.38449278855955
1284-1180-0009_2830-3980-0022__T1__NORMAL__1284,1284,2830,5,0.0,0.0,0.0,0.0,0.0,0.0,0.0,0.0,51.2261890984617,16.55510909786256
1284-1180-0009_2830-3980-0022__T2__NORMAL__2830,2830,1284,5,0.0,0.0,0.0,0.0,0.0,0.0,0.0,0.0,52.152900703209596,20.04761942739866
1284-1180-0010_1580-141084-0008__T1__NORMAL__1284,1284,1580,12,0.0,0.0,0.0,0.0,0.0,0.0,0.0,0.0,67.79503983799088,21.623462808665305
1284-1180-0010_1580-141084-0008__T2__NORMAL__1580,1580,1284,12,0.0,0.0,0.0,0.0,0.0,0.0,0.0,0.0,61.147956714620086,22.388126646819163
1284-1180-0010_4507-16021-0024__T1__NORMAL__1284,1284,4507,9,0.0,0.0,0.0,0.0,0.0,0.0,0.0,0.0,56.36088423520144,16.787902801323064
1284-1180-0010_4507-16021-0024__T2__NORMAL__4507,4507,1284,9,0.0,0.0,0.0,0.0,0.0,0.0,0.0,0.0,54.78866799591525,19.96703585791328
1284-1180-0010_4992-41806-0003__T1__NORMAL__1284,1284,4992,16,0.0,0.0,0.0,0.0,0.0,0.0,0.0,0.0,59.27744302930693,19.24615524994444
1284-1180-0010_4992-41806-0003__T2__NORMAL__4992,4992,1284,16,0.0,0.0,0.0,0.0,0.0,0.0,0.0,0.0,58.763781173210724,20.299322296553427
1284-1180-0011_3570-5695-0007__T1__NORMAL__1284,1284,3570,7,0.0,0.0,0.0,0.0,0.0,0.0,0.0,0.0,58.86003414044561,21.35525024490458
1284-1180-0011_3570-5695-0007__T2__NORMAL__3570,3570,1284,7,0.0,0.0,0.0,0.0,0.0,0.0,0.0,0.0,57.79799434067655,21.00314815064431
1284-1180-0011_4446-2275-0043__T1__NORMAL__1284,1284,4446,7,0.0,0.0,0.14285714285714285,0.0,0.0,0.0,0.0,0.0,70.77109274864527,17.79675452375935
1284-1180-0011_4446-2275-0043__T2__NORMAL__4446,4446,1284,7,1.0,1.0,0.8571428571428571,1.0,0.8571428571428571,0.8571428571428571,0.8571428571428571,0.8571428571428571,-68.5389286850726,-45.83469919714168
1284-1180-0012_5683-32866-0008__T1__NORMAL__1284,1284,5683,5,0.0,0.0,0.0,0.0,0.0,0.0,0.0,0.0,61.47089452159181,19.076759999860347
1284-1180-0012_5683-32866-0008__T2__NORMAL__5683,5683,1284,5,1.0,1.0,1.0,1.0,1.0,1.0,1.0,1.0,-59.2319703155538,-38.97686337810276
1284-1180-0013_1089-134691-0006__T1__NORMAL__1284,1284,1089,6,0.0,0.0,0.0,0.0,0.0,0.0,0.0,0.0,52.778581406539836,22.706163303068184
1284-1180-0013_1089-134691-0006__T2__NORMAL__1089,1089,1284,6,0.0,0.16666666666666666,0.0,0.0,0.0,0.0,0.0,0.0,53.417992360653216,18.950150989216624
1284-1180-0014_1320-122612-0003__T1__NORMAL__1284,1284,1320,6,0.0,0.0,0.0,0.0,0.0,0.0,0.0,0.0,56.535364420413515,23.5626436389694
1284-1180-0014_1320-122612-0003__T2__NORMAL__1320,1320,1284,6,0.0,0.16666666666666666,0.0,0.0,0.0,0.0,0.0,0.0,59.8778389451657,19.787929570625863
1284-1180-0014_260-123440-0008__T1__NORMAL__1284,1284,260,6,0.0,0.16666666666666666,0.0,0.0,0.0,0.0,0.0,0.0,55.400143588501635,16.53679932364612
1284-1180-0014_260-123440-0008__T2__NORMAL__260,260,1284,6,0.0,0.16666666666666666,0.0,0.0,0.0,0.0,0.0,0.0,51.98297643820877,19.25608866607948
1284-1180-0014_4077-13754-0002__T1__NORMAL__1284,1284,4077,6,0.0,0.0,0.0,0.0,0.0,0.0,0.0,0.0,66.84923878350497,18.404548854750605
1284-1180-0014_4077-13754-0002__T2__NORMAL__4077,4077,1284,6,1.0,1.0,1.0,1.0,1.0,1.0,1.0,1.0,-66.55018138926884,-48.89516294887342
1284-1180-0014_6829-68769-0006__T1__NORMAL__1284,1284,6829,6,0.0,0.0,0.0,0.0,0.0,0.0,0.0,0.0,58.98023894852471,20.18048303988928
1284-1180-0014_6829-68769-0006__T2__NORMAL__6829,6829,1284,6,0.0,0.0,0.0,0.0,0.0,0.0,0.0,0.0,63.89096355049248,20.533882677049807
1284-1180-0015_260-123288-0001__T1__NORMAL__1284,1284,260,8,0.0,0.0,0.0,0.0,0.0,0.0,0.0,0.0,66.2746914204796,21.505522738219334
1284-1180-0015_260-123288-0001__T2__NORMAL__260,260,1284,8,0.0,0.0,0.0,0.0,0.0,0.0,0.0,0.0,64.57438200527612,21.58572751149377
1284-1180-0015_6829-68771-0023__T1__NORMAL__1284,1284,6829,9,0.0,0.0,0.0,0.0,0.0,0.0,0.0,0.0,55.6319309731783,14.50872311686686
1284-1180-0015_6829-68771-0023__T2__NORMAL__6829,6829,1284,9,0.0,0.0,0.0,0.0,0.0,0.0,0.0,0.0,45.45468745738919,20.530346609549184
1284-1180-0017_1580-141084-0031__T1__NORMAL__1284,1284,1580,11,0.0,0.09090909090909091,0.0,0.0,0.0,0.0,0.0,0.0,65.45178686858785,18.96802653287094
1284-1180-0017_1580-141084-0031__T2__NORMAL__1580,1580,1284,11,0.0,0.0,0.0,0.0,0.0,0.0,0.0,0.0,58.03565118106945,24.921737350934983
1284-1180-0017_2094-142345-0001__T1__NORMAL__1284,1284,2094,15,0.0,0.0,0.0,0.0,0.0,0.0,0.0,0.0,49.6942467331998,17.12879395653684
1284-1180-0017_2094-142345-0001__T2__NORMAL__2094,2094,1284,15,0.0,0.0,0.0,0.0,0.0,0.0,0.0,0.0,50.720301042243804,16.78460615566191
1284-1180-0017_7127-75947-0016__T1__NORMAL__1284,1284,7127,13,0.0,0.0,0.0,0.0,0.0,0.0,0.0,0.0,56.01376146485754,21.49040428859484
1284-1180-0017_7127-75947-0016__T2__NORMAL__7127,7127,1284,13,0.0,0.0,0.0,0.0,0.0,0.0,0.0,0.0,58.91795316994072,17.744524269373812
1284-1180-0018_1320-122617-0019__T1__NORMAL__1284,1284,1320,15,0.0,0.0,0.0,0.0,0.0,0.0,0.0,0.0,59.94868975723117,19.315513050533003
1284-1180-0018_1320-122617-0019__T2__NORMAL__1320,1320,1284,15,0.0,0.13333333333333333,0.06666666666666667,0.0,0.0,0.0,0.0,0.0,58.830701524570586,22.59165875251545
1284-1180-0018_4446-2275-0035__T1__NORMAL__1284,1284,4446,7,0.0,0.0,0.0,0.0,0.0,0.0,0.0,0.0,55.723561706196406,11.836176142401143
1284-1180-0018_4446-2275-0035__T2__NORMAL__4446,4446,1284,7,0.0,0.14285714285714285,0.0,0.0,0.0,0.0,0.0,0.0,37.43713134504237,19.099875418153623
1284-1180-0019_672-122797-0057__T1__NORMAL__1284,1284,672,11,0.0,0.0,0.0,0.0,0.0,0.0,0.0,0.0,42.91953049945474,14.670074772762309
1284-1180-0019_672-122797-0057__T2__NORMAL__672,672,1284,11,1.0,1.0,1.0,1.0,1.0,1.0,1.0,1.0,-39.155725011742454,-20.136165297747937
1284-1180-0020_3570-5696-0005__T1__NORMAL__1284,1284,3570,10,0.0,0.0,0.0,0.0,0.0,0.0,0.0,0.0,51.17962964338795,16.070134114633152
1284-1180-0020_3570-5696-0005__T2__NORMAL__3570,3570,1284,10,0.0,0.0,0.0,0.0,0.0,0.0,0.0,0.0,56.47348436288214,16.35428719646123
1284-1180-0020_8555-284447-0005__T1__NORMAL__1284,1284,8555,10,0.0,0.1,0.0,0.0,0.0,0.0,0.0,0.0,53.13363069878841,19.55236152668057
1284-1180-0020_8555-284447-0005__T2__NORMAL__8555,8555,1284,10,0.0,0.1,0.0,0.0,0.0,0.0,0.0,0.0,53.07028210848593,19.24232865381181
1284-1180-0021_2961-961-0007__T1__NORMAL__1284,1284,2961,16,0.0,0.0625,0.0,0.0,0.0,0.0,0.0,0.0,47.86889869070124,16.628260083306632
1284-1180-0021_2961-961-0007__T2__NORMAL__2961,2961,1284,16,0.5,0.5625,0.375,0.6875,0.3125,0.3125,0.3125,0.3125,-4.39071629246968,-4.513965196069308
1284-1180-0021_8455-210777-0062__T1__NORMAL__1284,1284,8455,5,0.0,0.2,0.0,0.0,0.0,0.0,0.0,0.0,63.531768399964676,15.921595336420392
1284-1180-0021_8455-210777-0062__T2__NORMAL__8455,8455,1284,5,0.0,0.2,0.0,0.0,0.0,0.0,0.0,0.0,55.71428091506233,17.097215193435396
1284-1180-0023_5142-36377-0013__T1__NORMAL__1284,1284,5142,10,0.0,0.0,0.0,0.0,0.0,0.0,0.0,0.0,63.0641650419383,20.56893227315144
1284-1180-0023_5142-36377-0013__T2__NORMAL__5142,5142,1284,10,0.0,0.0,0.0,0.0,0.0,0.0,0.0,0.0,62.83320478479292,21.90657620513725
1284-1180-0024_6930-81414-0006__T1__NORMAL__1284,1284,6930,9,0.0,0.1111111111111111,0.0,0.0,0.0,0.0,0.0,0.0,49.74291953781339,16.513050060227634
1284-1180-0024_6930-81414-0006__T2__NORMAL__6930,6930,1284,9,0.0,0.1111111111111111,0.0,0.0,0.0,0.0,0.0,0.0,61.148754898672074,17.657926489242037
1284-1180-0026_1580-141084-0009__T1__NORMAL__1284,1284,1580,8,0.0,0.0,0.0,0.0,0.0,0.0,0.0,0.0,57.906472833517775,18.23080039000025
1284-1180-0026_1580-141084-0009__T2__NORMAL__1580,1580,1284,8,0.0,0.0,0.0,0.0,0.0,0.0,0.0,0.0,48.34245875941474,19.200762323408693
1284-1180-0027_8230-279154-0013__T1__NORMAL__1284,1284,8230,5,0.0,0.0,0.0,0.0,0.0,0.0,0.0,0.0,56.82933081462041,20.53912801378668
1284-1180-0027_8230-279154-0013__T2__NORMAL__8230,8230,1284,5,0.0,0.2,0.0,0.0,0.0,0.0,0.0,0.0,54.13220387984693,20.44683478695601
1284-1180-0028_3570-5696-0000__T1__NORMAL__1284,1284,3570,11,0.0,0.09090909090909091,0.18181818181818182,0.0,0.0,0.0,0.0,0.0,53.99085416663065,18.136147747422644
1284-1180-0028_3570-5696-0000__T2__NORMAL__3570,3570,1284,11,0.0,0.09090909090909091,0.0,0.0,0.0,0.0,0.0,0.0,56.12998266746672,12.578551699136852
1284-1180-0028_4446-2273-0028__T1__NORMAL__1284,1284,4446,9,0.0,0.0,0.0,0.0,0.0,0.0,0.0,0.0,61.63088329419574,19.44688377465683
1284-1180-0028_4446-2273-0028__T2__NORMAL__4446,4446,1284,9,1.0,0.8888888888888888,1.0,1.0,0.8888888888888888,0.8888888888888888,0.8888888888888888,0.8888888888888888,-53.970529419368845,-31.396066131794576
1284-1180-0028_5683-32879-0001__T1__NORMAL__1284,1284,5683,6,0.0,0.0,0.0,0.0,0.0,0.0,0.0,0.0,58.3754746443695,16.235519703422913
1284-1180-0028_5683-32879-0001__T2__NORMAL__5683,5683,1284,6,0.0,0.3333333333333333,0.0,0.16666666666666666,0.0,0.0,0.0,0.0,54.33491141976501,18.76806370802779
1284-1180-0029_5683-32879-0010__T1__NORMAL__1284,1284,5683,9,0.0,0.0,0.0,0.0,0.0,0.0,0.0,0.0,57.24011477924611,20.63283685102173
1284-1180-0029_5683-32879-0010__T2__NORMAL__5683,5683,1284,9,0.0,0.0,0.0,0.0,0.0,0.0,0.0,0.0,56.21224609979789,10.236202294984398
1284-1180-0031_5142-33396-0048__T1__NORMAL__1284,1284,5142,6,0.0,0.0,0.0,0.0,0.0,0.0,0.0,0.0,61.975677940126864,21.79005719846977
1284-1180-0031_5142-33396-0048__T2__NORMAL__5142,5142,1284,6,0.0,0.0,0.0,0.0,0.0,0.0,0.0,0.0,59.08996836562746,23.28650757069444
1284-1180-0031_7127-75947-0007__T1__NORMAL__1284,1284,7127,8,0.0,0.0,0.0,0.0,0.0,0.0,0.0,0.0,66.18198970987153,18.615271298148294
1284-1180-0031_7127-75947-0007__T2__NORMAL__7127,7127,1284,8,0.0,0.0,0.0,0.0,0.0,0.0,0.0,0.0,59.17084817013573,20.97462092319364
1284-1180-0031_8230-279154-0021__T1__NORMAL__1284,1284,8230,8,0.0,0.0,0.0,0.0,0.0,0.0,0.0,0.0,62.42896317390995,18.44438287478169
1284-1180-0031_8230-279154-0021__T2__NORMAL__8230,8230,1284,8,0.0,0.0,0.0,0.0,0.0,0.0,0.0,0.0,56.52638232128647,24.475286109029007
1284-1180-0032_260-123440-0008__T1__NORMAL__1284,1284,260,6,0.0,0.0,0.0,0.0,0.0,0.0,0.0,0.0,48.18714502040768,18.59824206556812
1284-1180-0032_260-123440-0008__T2__NORMAL__260,260,1284,6,0.0,0.0,0.0,0.0,0.0,0.0,0.0,0.0,50.21583560813492,14.768781904033483
1284-1180-0032_2830-3979-0003__T1__NORMAL__1284,1284,2830,10,0.0,0.0,0.0,0.0,0.0,0.0,0.0,0.0,59.22074487915988,18.99756440718232
1284-1180-0032_2830-3979-0003__T2__NORMAL__2830,2830,1284,10,0.0,0.1,0.0,0.0,0.0,0.0,0.0,0.0,56.271019329793624,19.294161022485586
1284-1180-0032_4992-23283-0004__T1__NORMAL__1284,1284,4992,10,0.0,0.1,0.0,0.0,0.0,0.0,0.0,0.0,45.82886583894276,18.34122837287976
1284-1180-0032_4992-23283-0004__T2__NORMAL__4992,4992,1284,10,0.0,0.0,0.0,0.0,0.0,0.0,0.0,0.0,56.173374610282714,15.03580868657227
1284-1181-0000_121-121726-0008__T1__NORMAL__1284,1284,121,5,0.0,0.0,0.0,0.0,0.0,0.0,0.0,0.0,61.87855460827419,18.61611688363873
1284-1181-0000_121-121726-0008__T2__NORMAL__121,121,1284,5,0.0,0.0,0.0,0.0,0.0,0.0,0.0,0.0,49.411104051542985,24.94206444434808
1284-1181-0000_3570-5696-0008__T1__NORMAL__1284,1284,3570,6,0.0,0.0,0.16666666666666666,0.0,0.0,0.0,0.0,0.0,61.21656832853669,20.37271273071269
1284-1181-0000_3570-5696-0008__T2__NORMAL__3570,3570,1284,6,0.0,0.0,0.0,0.0,0.0,0.0,0.0,0.0,59.967908681614155,21.21520965470794
1284-1181-0001_61-70968-0026__T1__NORMAL__1284,1284,61,8,0.0,0.0,0.0,0.0,0.0,0.0,0.0,0.0,55.279820101128166,19.00673419556777
1284-1181-0001_61-70968-0026__T2__NORMAL__61,61,1284,8,0.0,0.0,0.0,0.0,0.0,0.0,0.0,0.0,48.16978271675033,18.467094669656547
1284-1181-0002_3570-5694-0002__T1__NORMAL__1284,1284,3570,6,0.0,0.0,0.0,0.0,0.0,0.0,0.0,0.0,48.19483149327217,19.358728482400124
1284-1181-0002_3570-5694-0002__T2__NORMAL__3570,3570,1284,6,0.0,0.0,0.0,0.0,0.0,0.0,0.0,0.0,47.70321080804169,18.105316368668035
1284-1181-0003_237-126133-0016__T1__NORMAL__1284,1284,237,7,0.0,0.0,0.0,0.0,0.0,0.0,0.0,0.0,64.83494426282667,24.021606685610863
1284-1181-0003_237-126133-0016__T2__NORMAL__237,237,1284,7,0.0,0.0,0.0,0.0,0.0,0.0,0.0,0.0,59.760159411349036,19.824381191305527
1284-1181-0003_8463-294825-0015__T1__NORMAL__1284,1284,8463,5,0.0,0.0,0.0,0.0,0.0,0.0,0.0,0.0,55.86557463616229,18.085455814689244
1284-1181-0003_8463-294825-0015__T2__NORMAL__8463,8463,1284,5,0.0,0.0,0.0,0.0,0.0,0.0,0.0,0.0,45.840377962992385,20.954600550830428
1284-1181-0004_2830-3980-0049__T1__NORMAL__1284,1284,2830,5,0.0,0.0,0.0,0.0,0.0,0.0,0.0,0.0,50.903721105619965,16.076965845771056
1284-1181-0004_2830-3980-0049__T2__NORMAL__2830,2830,1284,5,0.0,0.0,0.0,0.0,0.0,0.0,0.0,0.0,59.47044561253911,17.121463151908994
1284-1181-0004_61-70970-0038__T1__NORMAL__1284,1284,61,13,0.0,0.07692307692307693,0.0,0.0,0.0,0.0,0.0,0.0,49.44326033638675,18.17631137100045
1284-1181-0004_61-70970-0038__T2__NORMAL__61,61,1284,13,0.0,0.15384615384615385,0.0,0.0,0.0,0.0,0.0,0.0,50.049295923233075,17.149647592550238
1284-1181-0004_7176-92135-0016__T1__NORMAL__1284,1284,7176,13,0.0,0.0,0.0,0.0,0.0,0.0,0.0,0.0,59.93243236756235,19.535916841318645
1284-1181-0004_7176-92135-0016__T2__NORMAL__7176,7176,1284,13,0.0,0.07692307692307693,0.0,0.0,0.0,0.0,0.0,0.0,57.09443401578626,21.350179291113093
1284-1181-0006_61-70968-0004__T1__NORMAL__1284,1284,61,6,0.0,0.0,0.0,0.0,0.0,0.0,0.0,0.0,48.447621208893814,18.48399736241004
1284-1181-0006_61-70968-0004__T2__NORMAL__61,61,1284,6,0.0,0.0,0.0,0.0,0.0,0.0,0.0,0.0,52.41581969466662,16.609699692816378
1284-1181-0007_1089-134686-0007__T1__NORMAL__1284,1284,1089,7,0.0,0.0,0.0,0.0,0.0,0.0,0.0,0.0,60.190520256141724,19.8651187103394
1284-1181-0007_1089-134686-0007__T2__NORMAL__1089,1089,1284,7,0.0,0.2857142857142857,0.0,0.0,0.0,0.0,0.0,0.0,57.980032733841256,21.99889360328452
1284-1181-0007_1580-141084-0045__T1__NORMAL__1284,1284,1580,6,0.0,0.0,0.0,0.0,0.0,0.0,0.0,0.0,65.46948770720914,19.238515579206005
1284-1181-0007_1580-141084-0045__T2__NORMAL__1580,1580,1284,6,0.0,0.0,0.0,0.0,0.0,0.0,0.0,0.0,55.36680364555513,21.2447112417139
1284-1181-0008_2300-131720-0030__T1__NORMAL__1284,1284,2300,11,0.0,0.0,0.0,0.0,0.0,0.0,0.0,0.0,64.2877948731973,21.41031434602967
1284-1181-0008_2300-131720-0030__T2__NORMAL__2300,2300,1284,11,0.0,0.0,0.0,0.0,0.0,0.0,0.0,0.0,64.2352594832351,19.66877950106112
1284-1181-0008_4970-29095-0030__T1__NORMAL__1284,1284,4970,8,0.0,0.0,0.25,0.0,0.0,0.0,0.0,0.0,44.17026291226925,7.029463608516893
1284-1181-0008_4970-29095-0030__T2__NORMAL__4970,4970,1284,8,0.0,0.25,0.125,0.0,0.125,0.0,0.0,0.0,41.16980313692349,12.896108833136484
1284-1181-0009_2830-3980-0013__T1__NORMAL__1284,1284,2830,7,0.0,0.0,0.0,0.0,0.0,0.0,0.0,0.0,37.85232912575356,11.376703799695136
1284-1181-0009_2830-3980-0013__T2__NORMAL__2830,2830,1284,7,0.0,0.0,0.0,0.0,0.0,0.0,0.0,0.0,50.611240859999825,16.084862964090426
1284-1181-0009_4446-2271-0003__T1__NORMAL__1284,1284,4446,6,0.0,0.0,0.16666666666666666,0.0,0.0,0.0,0.0,0.0,47.60331189343925,16.12628611447366
1284-1181-0009_4446-2271-0003__T2__NORMAL__4446,4446,1284,6,0.0,0.16666666666666666,0.0,0.0,0.0,0.0,0.0,0.0,54.65066503259272,15.57721044134128
1284-1181-0011_4446-2273-0036__T1__NORMAL__1284,1284,4446,5,0.0,0.0,0.0,0.0,0.0,0.0,0.0,0.0,66.47407618128568,19.28616427244457
1284-1181-0011_4446-2273-0036__T2__NORMAL__4446,4446,1284,5,1.0,1.0,1.0,1.0,1.0,1.0,1.0,1.0,-63.36180193988755,-39.9581643714769
1284-1181-0011_6829-68769-0031__T1__NORMAL__1284,1284,6829,10,0.0,0.0,0.0,0.0,0.0,0.0,0.0,0.0,57.575726350430116,16.34728377461657
1284-1181-0011_6829-68769-0031__T2__NORMAL__6829,6829,1284,10,0.0,0.0,0.0,0.0,0.0,0.0,0.0,0.0,54.86609072198958,18.48702694556676
1284-1181-0012_3729-6852-0023__T1__NORMAL__1284,1284,3729,15,0.0,0.13333333333333333,0.0,0.0,0.0,0.0,0.0,0.0,57.25381301263489,16.214915194886643
1284-1181-0012_3729-6852-0023__T2__NORMAL__3729,3729,1284,15,0.0,0.0,0.06666666666666667,0.0,0.0,0.0,0.0,0.0,47.894623416444425,19.92530883881025
1284-1181-0012_672-122797-0040__T1__NORMAL__1284,1284,672,9,0.0,0.0,0.0,0.0,0.0,0.0,0.0,0.0,56.41992211208932,17.156497512844872
1284-1181-0012_672-122797-0040__T2__NORMAL__672,672,1284,9,0.0,0.0,0.0,0.0,0.0,0.0,0.0,0.0,55.41509146282903,21.521579916270483
1284-1181-0013_3575-170457-0034__T1__NORMAL__1284,1284,3575,5,0.0,0.0,0.0,0.0,0.0,0.0,0.0,0.0,63.770011783996665,22.17503725552303
1284-1181-0013_3575-170457-0034__T2__NORMAL__3575,3575,1284,5,0.0,0.0,0.0,0.0,0.0,0.0,0.0,0.0,56.12962324388106,22.439986515076622
1284-1181-0014_2094-142345-0001__T1__NORMAL__1284,1284,2094,14,0.0,0.0,0.0,0.0,0.0,0.0,0.0,0.0,36.40414154133579,11.763501779225368
1284-1181-0014_2094-142345-0001__T2__NORMAL__2094,2094,1284,14,0.0,0.07142857142857142,0.0,0.0,0.0,0.0,0.0,0.0,52.12155450889694,14.347990975213415
1284-1181-0014_6829-68771-0012__T1__NORMAL__1284,1284,6829,14,0.0,0.07142857142857142,0.0,0.0,0.0,0.0,0.0,0.0,53.77489094159914,15.64846879471563
1284-1181-0014_6829-68771-0012__T2__NORMAL__6829,6829,1284,14,0.0,0.07142857142857142,0.0,0.0,0.0,0.0,0.0,0.0,53.124974975568556,18.143543254871147
1284-1181-0015_8555-284447-0007__T1__NORMAL__1284,1284,8555,9,0.0,0.1111111111111111,0.0,0.0,0.0,0.0,0.0,0.0,55.44855035484635,21.91537861068715
1284-1181-0015_8555-284447-0007__T2__NORMAL__8555,8555,1284,9,0.0,0.0,0.0,0.0,0.0,0.0,0.0,0.0,61.01880135807684,18.852544497219988
1284-1181-0016_1089-134686-0028__T1__NORMAL__1284,1284,1089,14,0.0,0.0,0.0,0.0,0.0,0.0,0.0,0.0,62.456406932640675,20.986353071646267
1284-1181-0016_1089-134686-0028__T2__NORMAL__1089,1089,1284,14,0.0,0.0,0.0,0.0,0.0,0.0,0.0,0.0,61.287710616325775,20.184522399712563
1284-1181-0016_1188-133604-0031__T1__NORMAL__1284,1284,1188,7,0.0,0.0,0.0,0.0,0.0,0.0,0.0,0.0,56.79673188899124,22.00590226249276
1284-1181-0016_1188-133604-0031__T2__NORMAL__1188,1188,1284,7,0.0,0.0,0.0,0.0,0.0,0.0,0.0,0.0,57.2483494121715,20.433195434529008
1284-1181-0016_3729-6852-0044__T1__NORMAL__1284,1284,3729,12,0.0,0.0,0.0,0.0,0.0,0.0,0.0,0.0,56.724148302638675,16.36847091873801
1284-1181-0016_3729-6852-0044__T2__NORMAL__3729,3729,1284,12,0.0,0.0,0.0,0.0,0.0,0.0,0.0,0.0,53.077675851494284,19.192901392747604
1284-1181-0017_7176-88083-0012__T1__NORMAL__1284,1284,7176,9,0.0,0.0,0.1111111111111111,0.0,0.0,0.0,0.0,0.0,50.10738687051354,14.725165562008304
1284-1181-0017_7176-88083-0012__T2__NORMAL__7176,7176,1284,9,0.0,0.0,0.0,0.0,0.0,0.0,0.0,0.0,45.37091307038595,22.300373116154965
1284-1181-0018_6930-81414-0026__T1__NORMAL__1284,1284,6930,5,0.0,0.0,0.0,0.0,0.0,0.0,0.0,0.0,54.71348273477131,16.184772459675234
1284-1181-0018_6930-81414-0026__T2__NORMAL__6930,6930,1284,5,0.0,0.0,0.0,0.0,0.0,0.0,0.0,0.0,53.11414011022545,18.91349961610912
1284-1181-0018_8555-284447-0008__T1__NORMAL__1284,1284,8555,5,0.0,0.0,0.0,0.0,0.0,0.0,0.0,0.0,52.278660081212834,23.465954907159126
1284-1181-0018_8555-284447-0008__T2__NORMAL__8555,8555,1284,5,0.0,0.0,0.0,0.0,0.0,0.0,0.0,0.0,55.35471750747049,19.994637820425623
1284-1181-0020_2830-3980-0010__T1__NORMAL__1284,1284,2830,12,0.0,0.08333333333333333,0.0,0.0,0.0,0.0,0.0,0.0,53.82707410040782,15.519328310118016
1284-1181-0020_2830-3980-0010__T2__NORMAL__2830,2830,1284,12,0.0,0.0,0.0,0.0,0.0,0.0,0.0,0.0,52.00670276874655,21.26026264256369
1284-134647-0000_5142-36377-0018__T1__NORMAL__1284,1284,5142,8,0.0,0.0,0.0,0.0,0.0,0.0,0.0,0.0,58.85143094810827,18.23165705358786
1284-134647-0000_5142-36377-0018__T2__NORMAL__5142,5142,1284,8,0.0,0.125,0.0,0.0,0.0,0.0,0.0,0.0,50.75761891533577,18.046821662925463
1284-134647-0001_2961-960-0015__T1__NORMAL__1284,1284,2961,14,0.0,0.0,0.0,0.0,0.0,0.0,0.0,0.0,57.883312372524344,15.505650774404238
1284-134647-0001_2961-960-0015__T2__NORMAL__2961,2961,1284,14,0.0,0.0,0.0,0.0,0.0,0.0,0.0,0.0,49.046489520708214,20.676613004088225
1284-134647-0004_8230-279154-0021__T1__NORMAL__1284,1284,8230,12,0.0,0.0,0.0,0.0,0.0,0.0,0.0,0.0,56.82399701544076,20.03133826885353
1284-134647-0004_8230-279154-0021__T2__NORMAL__8230,8230,1284,12,0.0,0.0,0.0,0.0,0.0,0.0,0.0,0.0,56.08704294078988,19.59157414903941
1284-134647-0006_8455-210777-0067__T1__NORMAL__1284,1284,8455,6,0.0,0.0,0.0,0.0,0.0,0.0,0.0,0.0,48.62961822479436,15.054457245343196
1284-134647-0006_8455-210777-0067__T2__NORMAL__8455,8455,1284,6,0.0,0.0,0.0,0.0,0.0,0.0,0.0,0.0,42.80876668536222,14.789356113759736
1320-122612-0000_6829-68769-0000__T1__NORMAL__1320,1320,6829,22,0.0,0.045454545454545456,0.0,0.0,0.0,0.0,0.0,0.0,62.108877556339394,22.37260891080569
1320-122612-0000_6829-68769-0000__T2__NORMAL__6829,6829,1320,22,0.0,0.0,0.0,0.0,0.0,0.0,0.0,0.0,61.426906671481014,23.411752508644422
1320-122612-0001_2300-131720-0002__T1__NORMAL__1320,1320,2300,18,0.0,0.05555555555555555,0.0,0.0,0.0,0.0,0.0,0.0,53.55570671599232,21.264289722895946
1320-122612-0001_2300-131720-0002__T2__NORMAL__2300,2300,1320,18,0.0,0.05555555555555555,0.05555555555555555,0.0,0.0,0.0,0.0,0.0,35.97321187630315,4.33083870913853
1320-122612-0002_4507-16021-0038__T1__NORMAL__1320,1320,4507,6,0.0,0.16666666666666666,0.0,0.0,0.0,0.0,0.0,0.0,62.06366184484301,17.577786341881794
1320-122612-0002_4507-16021-0038__T2__NORMAL__4507,4507,1320,6,0.0,0.16666666666666666,0.0,0.0,0.0,0.0,0.0,0.0,60.01470952704968,25.948638651915456
1320-122612-0003_7176-88083-0025__T1__NORMAL__1320,1320,7176,13,0.0,0.0,0.0,0.0,0.0,0.0,0.0,0.0,50.884128519945584,23.65775683281564
1320-122612-0003_7176-88083-0025__T2__NORMAL__7176,7176,1320,13,0.0,0.07692307692307693,0.0,0.0,0.0,0.0,0.0,0.0,53.20812938241533,17.12201588396232
1320-122612-0005_8230-279154-0027__T1__NORMAL__1320,1320,8230,10,0.0,0.0,0.0,0.0,0.0,0.0,0.0,0.0,55.89334601028304,22.94555680402564
1320-122612-0005_8230-279154-0027__T2__NORMAL__8230,8230,1320,10,0.0,0.0,0.0,0.0,0.0,0.0,0.0,0.0,58.04726973228303,21.411604406727093
1320-122612-0005_908-157963-0028__T1__NORMAL__1320,1320,908,8,0.0,0.0,0.0,0.0,0.0,0.0,0.0,0.0,59.67187277835271,20.407895722012725
1320-122612-0005_908-157963-0028__T2__NORMAL__908,908,1320,8,0.0,0.0,0.0,0.0,0.0,0.0,0.0,0.0,69.2216419262491,19.62586286141852
1320-122612-0006_2094-142345-0034__T1__NORMAL__1320,1320,2094,8,0.0,0.0,0.0,0.0,0.0,0.0,0.0,0.0,60.231157021893566,22.45405045526111
1320-122612-0006_2094-142345-0034__T2__NORMAL__2094,2094,1320,8,0.0,0.0,0.0,0.0,0.0,0.0,0.0,0.0,57.29225296865512,21.760720583832114
1320-122612-0006_2830-3979-0010__T1__NORMAL__1320,1320,2830,5,0.0,0.0,0.0,0.0,0.0,0.0,0.0,0.0,57.383022134983904,23.36365686817539
1320-122612-0006_2830-3979-0010__T2__NORMAL__2830,2830,1320,5,0.0,0.0,0.0,0.0,0.0,0.0,0.0,0.0,55.47253753175869,20.516810888897385
1320-122612-0006_4446-2271-0018__T1__NORMAL__1320,1320,4446,8,0.0,0.0,0.0,0.0,0.0,0.0,0.0,0.0,51.988568509154305,21.82133280583144
1320-122612-0006_4446-2271-0018__T2__NORMAL__4446,4446,1320,8,0.0,0.0,0.0,0.0,0.0,0.0,0.0,0.0,49.82271293704483,21.547915556282074
1320-122612-0007_2300-131720-0005__T1__NORMAL__1320,1320,2300,10,0.0,0.1,0.0,0.0,0.0,0.0,0.0,0.0,55.90969982031167,18.62453411879154
1320-122612-0007_2300-131720-0005__T2__NORMAL__2300,2300,1320,10,0.0,0.0,0.0,0.0,0.0,0.0,0.0,0.0,55.30858804763223,21.71411219962569
1320-122612-0007_8463-287645-0013__T1__NORMAL__1320,1320,8463,10,0.0,0.0,0.0,0.0,0.0,0.0,0.0,0.0,62.10185056801398,20.68439929553616
1320-122612-0007_8463-287645-0013__T2__NORMAL__8463,8463,1320,10,0.0,0.0,0.0,0.0,0.0,0.0,0.0,0.0,57.71801000171814,21.8347613189018
1320-122612-0009_6930-81414-0011__T1__NORMAL__1320,1320,6930,6,0.0,0.0,0.0,0.0,0.0,0.0,0.0,0.0,69.90600483365017,18.375500136475203
1320-122612-0009_6930-81414-0011__T2__NORMAL__6930,6930,1320,6,0.0,0.0,0.0,0.0,0.0,0.0,0.0,0.0,67.92774985733206,22.92476296985095
1320-122612-0010_2094-142345-0048__T1__NORMAL__1320,1320,2094,11,0.0,0.0,0.0,0.0,0.0,0.0,0.0,0.0,57.9990772907809,23.718988223949424
1320-122612-0010_2094-142345-0048__T2__NORMAL__2094,2094,1320,11,0.0,0.0,0.0,0.0,0.0,0.0,0.0,0.0,64.84328514939914,19.621095919478627
1320-122612-0010_3570-5695-0003__T1__NORMAL__1320,1320,3570,9,0.0,0.0,0.0,0.0,0.0,0.0,0.0,0.0,60.46427906470303,24.4800544844061
1320-122612-0010_3570-5695-0003__T2__NORMAL__3570,3570,1320,9,0.0,0.0,0.0,0.0,0.0,0.0,0.0,0.0,63.72624733891031,22.58161915053744
1320-122612-0010_61-70968-0008__T1__NORMAL__1320,1320,61,6,0.0,0.0,0.0,0.0,0.0,0.0,0.0,0.0,52.50728372977608,18.98406949599002
1320-122612-0010_61-70968-0008__T2__NORMAL__61,61,1320,6,0.0,0.0,0.0,0.0,0.0,0.0,0.0,0.0,51.47025765460918,17.20588996950257
1320-122612-0012_4507-16021-0014__T1__NORMAL__1320,1320,4507,11,0.0,0.0,0.09090909090909091,0.0,0.0,0.0,0.0,0.0,58.09177757872235,23.227202503244733
1320-122612-0012_4507-16021-0014__T2__NORMAL__4507,4507,1320,11,0.0,0.0,0.0,0.0,0.0,0.0,0.0,0.0,55.19013701586402,21.62659938897757
1320-122612-0013_908-157963-0025__T1__NORMAL__1320,1320,908,12,0.0,0.0,0.0,0.0,0.0,0.0,0.0,0.0,59.24027368576276,19.954788464013458
1320-122612-0013_908-157963-0025__T2__NORMAL__908,908,1320,12,0.0,0.0,0.0,0.0,0.0,0.0,0.0,0.0,58.46349725546745,19.17258740044013
1320-122612-0014_1995-1826-0003__T1__NORMAL__1320,1320,1995,5,0.0,0.0,0.0,0.0,0.0,0.0,0.0,0.0,53.447205778670444,21.21443121986994
1320-122612-0014_1995-1826-0003__T2__NORMAL__1995,1995,1320,5,0.0,0.2,0.0,0.0,0.0,0.0,0.0,0.0,51.87766221309626,22.81467987807813
1320-122612-0014_908-31957-0016__T1__NORMAL__1320,1320,908,6,0.0,0.16666666666666666,0.16666666666666666,0.16666666666666666,0.16666666666666666,0.0,0.16666666666666666,0.0,48.3723889179721,17.00206943726131
1320-122612-0014_908-31957-0016__T2__NORMAL__908,908,1320,6,0.0,0.16666666666666666,0.0,0.0,0.0,0.0,0.0,0.0,50.79992567219198,12.731358233525237
1320-122612-0015_6829-68771-0018__T1__NORMAL__1320,1320,6829,11,0.0,0.09090909090909091,0.0,0.0,0.0,0.0,0.0,0.0,58.88511894252221,19.69608133966049
1320-122612-0015_6829-68771-0018__T2__NORMAL__6829,6829,1320,11,0.0,0.0,0.0,0.0,0.0,0.0,0.0,0.0,65.32147241027413,16.62397763263639
1320-122612-0016_7127-75946-0007__T1__NORMAL__1320,1320,7127,5,0.0,0.2,0.0,0.0,0.0,0.0,0.0,0.0,51.332570007490425,19.13098649333575
1320-122612-0016_7127-75946-0007__T2__NORMAL__7127,7127,1320,5,0.0,0.0,0.0,0.0,0.0,0.0,0.0,0.0,56.33499539937829,18.59713211507084
1320-122617-0002_8455-210777-0028__T1__NORMAL__1320,1320,8455,13,0.0,0.0,0.07692307692307693,0.0,0.0,0.0,0.0,0.0,50.552727600840996,20.213246230113704
1320-122617-0002_8455-210777-0028__T2__NORMAL__8455,8455,1320,13,0.0,0.0,0.0,0.0,0.0,0.0,0.0,0.0,60.42886397080208,16.232809842447185
1320-122617-0003_1580-141084-0014__T1__NORMAL__1320,1320,1580,6,0.0,0.0,0.16666666666666666,0.0,0.0,0.0,0.0,0.0,63.27031909599538,17.523200062476278
1320-122617-0003_1580-141084-0014__T2__NORMAL__1580,1580,1320,6,0.0,0.0,0.0,0.0,0.0,0.0,0.0,0.0,52.572617394967516,26.05406196502785
1320-122617-0003_8230-279154-0039__T1__NORMAL__1320,1320,8230,8,0.0,0.0,0.0,0.0,0.0,0.0,0.0,0.0,64.21697075744976,22.573053519892166
1320-122617-0003_8230-279154-0039__T2__NORMAL__8230,8230,1320,8,0.0,0.125,0.0,0.0,0.0,0.0,0.0,0.0,60.42735226744212,21.58630775966081
1320-122617-0004_4507-16021-0005__T1__NORMAL__1320,1320,4507,7,0.0,0.0,0.0,0.0,0.0,0.0,0.0,0.0,65.65041887836416,19.876540170284468
1320-122617-0004_4507-16021-0005__T2__NORMAL__4507,4507,1320,7,0.0,0.14285714285714285,0.0,0.0,0.0,0.0,0.0,0.0,65.61388616727237,24.50056795209237
1320-122617-0004_7127-75946-0003__T1__NORMAL__1320,1320,7127,8,0.0,0.0,0.0,0.0,0.0,0.0,0.0,0.0,59.111349435533924,16.684131191411247
1320-122617-0004_7127-75946-0003__T2__NORMAL__7127,7127,1320,8,0.0,0.0,0.0,0.0,0.0,0.0,0.0,0.0,51.407095042865095,20.38667916367852
1320-122617-0005_3729-6852-0014__T1__NORMAL__1320,1320,3729,7,0.0,0.0,0.0,0.0,0.0,0.0,0.0,0.0,64.38134563680623,21.00832060836412
1320-122617-0005_3729-6852-0014__T2__NORMAL__3729,3729,1320,7,0.0,0.0,0.0,0.0,0.0,0.0,0.0,0.0,66.23784358023416,22.29943709043169
1320-122617-0006_5105-28240-0001__T1__NORMAL__1320,1320,5105,10,1.0,1.0,1.0,1.0,1.0,1.0,1.0,1.0,-42.10969327691734,-30.91239181990196
1320-122617-0006_5105-28240-0001__T2__NORMAL__5105,5105,1320,10,0.0,0.0,0.0,0.0,0.0,0.0,0.0,0.0,49.38670306910437,20.93678708782593
1320-122617-0008_1221-135767-0021__T1__NORMAL__1320,1320,1221,7,0.0,0.0,0.0,0.0,0.0,0.0,0.0,0.0,55.480057762072086,18.51462812528658
1320-122617-0008_1221-135767-0021__T2__NORMAL__1221,1221,1320,7,0.0,0.0,0.0,0.0,0.0,0.0,0.0,0.0,70.43645844853337,17.1834907676607
1320-122617-0008_4970-29095-0014__T1__NORMAL__1320,1320,4970,5,0.0,0.0,0.0,0.0,0.0,0.0,0.0,0.0,64.09748899151943,22.25819082981016
1320-122617-0008_4970-29095-0014__T2__NORMAL__4970,4970,1320,5,0.0,0.0,0.0,0.0,0.0,0.0,0.0,0.0,56.96552593149805,23.264819467134537
1320-122617-0009_4992-23283-0019__T1__NORMAL__1320,1320,4992,12,0.0,0.0,0.0,0.0,0.0,0.0,0.0,0.0,57.57729163945192,18.44205517951267
1320-122617-0009_4992-23283-0019__T2__NORMAL__4992,4992,1320,12,0.0,0.08333333333333333,0.0,0.0,0.0,0.0,0.0,0.0,53.45101174568027,20.25122928038339
1320-122617-0011_61-70968-0000__T1__NORMAL__1320,1320,61,8,0.0,0.125,0.0,0.0,0.0,0.0,0.0,0.0,44.54732473341045,16.46817838590218
1320-122617-0011_61-70968-0000__T2__NORMAL__61,61,1320,8,0.0,0.0,0.0,0.0,0.0,0.0,0.0,0.0,45.251672807944225,17.162670009551814
1320-122617-0011_7127-75947-0003__T1__NORMAL__1320,1320,7127,10,0.0,0.0,0.0,0.0,0.0,0.0,0.0,0.0,53.74064461036811,20.2087945853966
1320-122617-0011_7127-75947-0003__T2__NORMAL__7127,7127,1320,10,0.0,0.1,0.0,0.0,0.0,0.0,0.0,0.0,50.55158679248761,19.49387669399277
1320-122617-0012_4446-2273-0007__T1__NORMAL__1320,1320,4446,5,0.0,0.0,0.0,0.0,0.0,0.0,0.0,0.0,54.53208834128884,21.99151589198029
1320-122617-0012_4446-2273-0007__T2__NORMAL__4446,4446,1320,5,0.0,0.0,0.0,0.0,0.0,0.0,0.0,0.0,51.68547983301028,24.84416354923462
1320-122617-0012_4446-2273-0029__T1__NORMAL__1320,1320,4446,5,0.0,0.0,0.0,0.0,0.0,0.0,0.0,0.0,55.7439765883306,18.9847934724479
1320-122617-0012_4446-2273-0029__T2__NORMAL__4446,4446,1320,5,0.0,0.0,0.0,0.0,0.0,0.0,0.0,0.0,49.10482585245459,23.97815563278517
1320-122617-0012_672-122797-0036__T1__NORMAL__1320,1320,672,9,0.0,0.0,0.0,0.0,0.0,0.0,0.0,0.0,56.2416623787166,14.912892992868912
1320-122617-0012_672-122797-0036__T2__NORMAL__672,672,1320,9,1.0,1.0,1.0,1.0,1.0,1.0,1.0,1.0,-56.72309034921245,-48.25573623484972
1320-122617-0012_8463-294828-0003__T1__NORMAL__1320,1320,8463,14,0.0,0.0,0.0,0.0,0.0,0.0,0.0,0.0,68.02556417742662,25.03984077685832
1320-122617-0012_8463-294828-0003__T2__NORMAL__8463,8463,1320,14,0.0,0.0,0.0,0.0,0.0,0.0,0.0,0.0,60.86990751304688,22.270031166827305
1320-122617-0013_2094-142345-0036__T1__NORMAL__1320,1320,2094,12,0.0,0.16666666666666666,0.0,0.0,0.0,0.0,0.0,0.0,49.38026136167906,17.08525308069133
1320-122617-0013_2094-142345-0036__T2__NORMAL__2094,2094,1320,12,0.0,0.08333333333333333,0.0,0.0,0.0,0.0,0.0,0.0,57.45161269410229,16.785053146436947
1320-122617-0014_1089-134686-0008__T1__NORMAL__1320,1320,1089,8,0.0,0.0,0.0,0.0,0.0,0.0,0.0,0.0,57.12617670846799,21.79421190822495
1320-122617-0014_1089-134686-0008__T2__NORMAL__1089,1089,1320,8,0.0,0.25,0.0,0.0,0.0,0.0,0.0,0.0,53.12995653996408,18.78204835016846
1320-122617-0015_672-122797-0051__T1__NORMAL__1320,1320,672,8,0.0,0.0,0.0,0.0,0.0,0.0,0.0,0.0,51.21936727596461,17.550429564787276
1320-122617-0015_672-122797-0051__T2__NORMAL__672,672,1320,8,1.0,1.0,1.0,1.0,1.0,1.0,1.0,1.0,-50.94855397616584,-35.037274509865895
1320-122617-0016_2961-960-0020__T1__NORMAL__1320,1320,2961,18,0.0,0.1111111111111111,0.0,0.0,0.0,0.0,0.0,0.0,58.41280707342995,20.868356543811903
1320-122617-0016_2961-960-0020__T2__NORMAL__2961,2961,1320,18,0.0,0.0,0.0,0.0,0.0,0.0,0.0,0.0,59.74216518322742,19.07120735809204
1320-122617-0017_4992-41797-0005__T1__NORMAL__1320,1320,4992,6,0.0,0.0,0.0,0.0,0.0,0.0,0.0,0.0,57.64903403541559,19.82795738274168
1320-122617-0017_4992-41797-0005__T2__NORMAL__4992,4992,1320,6,0.0,0.0,0.0,0.0,0.0,0.0,0.0,0.0,60.34824168072904,22.333587430856888
1320-122617-0017_6930-76324-0004__T1__NORMAL__1320,1320,6930,10,0.0,0.0,0.0,0.0,0.0,0.0,0.0,0.0,52.85661123919783,17.91476702427821
1320-122617-0017_6930-76324-0004__T2__NORMAL__6930,6930,1320,10,0.0,0.0,0.0,0.0,0.0,0.0,0.0,0.0,58.61308371187744,20.63319365012785
1320-122617-0018_1995-1826-0004__T1__NORMAL__1320,1320,1995,5,0.0,0.0,0.0,0.0,0.0,0.0,0.0,0.0,56.32024684384071,22.898142661460216
1320-122617-0018_1995-1826-0004__T2__NORMAL__1995,1995,1320,5,0.0,0.0,0.0,0.0,0.0,0.0,0.0,0.0,57.69414362501495,24.57984060336933
1320-122617-0018_672-122797-0007__T1__NORMAL__1320,1320,672,11,0.0,0.0,0.09090909090909091,0.0,0.0,0.0,0.0,0.0,38.50222624399784,7.616228920211879
1320-122617-0018_672-122797-0007__T2__NORMAL__672,672,1320,11,0.0,0.0,0.0,0.0,0.0,0.0,0.0,0.0,53.2452952481855,18.92666469397913
1320-122617-0020_61-70970-0019__T1__NORMAL__1320,1320,61,6,0.0,0.0,0.16666666666666666,0.0,0.0,0.0,0.0,0.0,54.24369079606697,19.239088011668912
1320-122617-0020_61-70970-0019__T2__NORMAL__61,61,1320,6,0.0,0.0,0.0,0.0,0.0,0.0,0.0,0.0,54.31974993986023,16.971656974156332
1320-122617-0020_6930-76324-0028__T1__NORMAL__1320,1320,6930,16,0.0,0.125,0.0625,0.0,0.0,0.0,0.0,0.0,52.391371343469814,15.753909005622347
1320-122617-0020_6930-76324-0028__T2__NORMAL__6930,6930,1320,16,0.0,0.125,0.0,0.0,0.0,0.0,0.0,0.0,54.54951832778104,18.6648922072952
1320-122617-0021_5105-28233-0002__T1__NORMAL__1320,1320,5105,9,0.0,0.1111111111111111,0.0,0.0,0.0,0.0,0.0,0.0,54.30479412749844,18.29660221447028
1320-122617-0021_5105-28233-0002__T2__NORMAL__5105,5105,1320,9,0.0,0.1111111111111111,0.0,0.0,0.0,0.0,0.0,0.0,50.36339683615484,19.95768321913724
1320-122617-0021_6829-68771-0018__T1__NORMAL__1320,1320,6829,9,0.0,0.0,0.0,0.0,0.0,0.0,0.0,0.0,60.389250497540125,23.134823653549507
1320-122617-0021_6829-68771-0018__T2__NORMAL__6829,6829,1320,9,0.0,0.0,0.0,0.0,0.0,0.0,0.0,0.0,62.048649491255254,18.93286114568348
1320-122617-0022_1284-1180-0025__T1__NORMAL__1320,1320,1284,6,0.0,0.16666666666666666,0.0,0.0,0.0,0.0,0.0,0.0,59.89318000273539,21.50454048751129
1320-122617-0022_1284-1180-0025__T2__NORMAL__1284,1284,1320,6,0.0,0.0,0.0,0.0,0.0,0.0,0.0,0.0,61.37888744425012,19.096870984882813
1320-122617-0023_6930-81414-0002__T1__NORMAL__1320,1320,6930,5,0.0,0.0,0.0,0.0,0.0,0.0,0.0,0.0,52.569618913060445,17.484349769878282
1320-122617-0023_6930-81414-0002__T2__NORMAL__6930,6930,1320,5,0.0,0.0,0.0,0.0,0.0,0.0,0.0,0.0,67.97491711053833,20.840327962680444
1320-122617-0025_260-123440-0019__T1__NORMAL__1320,1320,260,11,0.0,0.0,0.09090909090909091,0.0,0.0,0.0,0.0,0.0,57.55499662827535,21.813930824638025
1320-122617-0025_260-123440-0019__T2__NORMAL__260,260,1320,11,0.0,0.0,0.0,0.0,0.0,0.0,0.0,0.0,58.608504604652424,18.948407244404635
1320-122617-0025_2961-961-0001__T1__NORMAL__1320,1320,2961,11,0.0,0.0,0.0,0.0,0.0,0.0,0.0,0.0,69.26283920324568,19.96422967939396
1320-122617-0025_2961-961-0001__T2__NORMAL__2961,2961,1320,11,0.0,0.0,0.0,0.0,0.0,0.0,0.0,0.0,57.01251940786765,20.344973515452875
1320-122617-0026_6930-81414-0015__T1__NORMAL__1320,1320,6930,6,0.0,0.0,0.0,0.0,0.0,0.0,0.0,0.0,49.33917569445603,14.380954093797412
1320-122617-0026_6930-81414-0015__T2__NORMAL__6930,6930,1320,6,0.0,0.0,0.0,0.0,0.0,0.0,0.0,0.0,59.032367648727124,16.778802926041607
1320-122617-0027_1580-141084-0048__T1__NORMAL__1320,1320,1580,10,0.0,0.1,0.0,0.0,0.0,0.0,0.0,0.0,62.79271569483785,24.63850101919918
1320-122617-0027_1580-141084-0048__T2__NORMAL__1580,1580,1320,10,0.0,0.0,0.0,0.0,0.0,0.0,0.0,0.0,61.14240391479849,20.53364824397783
1320-122617-0027_4507-16021-0054__T1__NORMAL__1320,1320,4507,7,0.0,0.0,0.0,0.0,0.0,0.0,0.0,0.0,61.03204904548522,18.9910504394309
1320-122617-0027_4507-16021-0054__T2__NORMAL__4507,4507,1320,7,0.0,0.14285714285714285,0.0,0.0,0.0,0.0,0.0,0.0,67.59198251018574,21.827472740660696
1320-122617-0029_4507-16021-0046__T1__NORMAL__1320,1320,4507,8,0.0,0.0,0.0,0.0,0.0,0.0,0.0,0.0,55.85436793489393,23.9910122205263
1320-122617-0029_4507-16021-0046__T2__NORMAL__4507,4507,1320,8,0.0,0.0,0.125,0.0,0.0,0.0,0.0,0.0,59.90014709183501,21.27363162953239
1320-122617-0030_1089-134686-0013__T1__NORMAL__1320,1320,1089,6,0.0,0.16666666666666666,0.0,0.0,0.0,0.0,0.0,0.0,59.07200083339111,22.18058458871647
1320-122617-0030_1089-134686-0013__T2__NORMAL__1089,1089,1320,6,0.0,0.3333333333333333,0.0,0.0,0.0,0.0,0.0,0.0,49.25869704192092,20.4331278137022
1320-122617-0030_8455-210777-0014__T1__NORMAL__1320,1320,8455,6,0.0,0.16666666666666666,0.0,0.0,0.0,0.0,0.0,0.0,53.17146500689618,16.825987318695702
1320-122617-0030_8455-210777-0014__T2__NORMAL__8455,8455,1320,6,0.0,0.0,0.0,0.0,0.0,0.0,0.0,0.0,53.463571196900496,22.342968994762685
1320-122617-0030_8455-210777-0056__T1__NORMAL__1320,1320,8455,6,0.0,0.16666666666666666,0.0,0.0,0.0,0.0,0.0,0.0,55.451196408754384,18.560742373077648
1320-122617-0030_8455-210777-0056__T2__NORMAL__8455,8455,1320,6,0.0,0.16666666666666666,0.0,0.0,0.0,0.0,0.0,0.0,51.717234388443956,21.804466010293776
1320-122617-0031_6829-68769-0010__T1__NORMAL__1320,1320,6829,5,0.0,0.0,0.0,0.0,0.0,0.0,0.0,0.0,56.810850107542215,23.763590397055623
1320-122617-0031_6829-68769-0010__T2__NORMAL__6829,6829,1320,5,0.0,0.0,0.0,0.0,0.0,0.0,0.0,0.0,56.07089135820634,19.74215059573743
1320-122617-0033_3575-170457-0045__T1__NORMAL__1320,1320,3575,12,0.0,0.0,0.0,0.0,0.0,0.0,0.0,0.0,55.780644080633216,20.891578732213382
1320-122617-0033_3575-170457-0045__T2__NORMAL__3575,3575,1320,12,0.0,0.0,0.0,0.0,0.0,0.0,0.0,0.0,54.456957000306836,22.20197703256818
1320-122617-0033_4507-16021-0018__T1__NORMAL__1320,1320,4507,5,0.0,0.0,0.0,0.0,0.0,0.0,0.0,0.0,52.94302765117351,20.17590848765701
1320-122617-0033_4507-16021-0018__T2__NORMAL__4507,4507,1320,5,0.0,0.0,0.0,0.0,0.0,0.0,0.0,0.0,53.82979523992351,21.303926271180494
1320-122617-0034_7127-75947-0007__T1__NORMAL__1320,1320,7127,9,0.0,0.0,0.0,0.0,0.0,0.0,0.0,0.0,63.91030011632199,21.610943604353512
1320-122617-0034_7127-75947-0007__T2__NORMAL__7127,7127,1320,9,0.0,0.1111111111111111,0.0,0.0,0.0,0.0,0.0,0.0,55.369208698561174,21.26708531971129
1320-122617-0035_121-121726-0009__T1__NORMAL__1320,1320,121,13,0.0,0.0,0.0,0.0,0.0,0.0,0.0,0.0,61.54667745060704,18.23386021225272
1320-122617-0035_121-121726-0009__T2__NORMAL__121,121,1320,13,0.0,0.0,0.0,0.0,0.0,0.0,0.0,0.0,57.866419124077325,28.874193123702124
1320-122617-0036_237-134493-0012__T1__NORMAL__1320,1320,237,6,0.0,0.0,0.0,0.0,0.0,0.0,0.0,0.0,62.330221473018504,19.90040907702356
1320-122617-0036_237-134493-0012__T2__NORMAL__237,237,1320,6,0.0,0.0,0.0,0.0,0.0,0.0,0.0,0.0,62.687707775065405,23.475300609119508
1320-122617-0037_1221-135767-0018__T1__NORMAL__1320,1320,1221,13,0.0,0.15384615384615385,0.0,0.0,0.0,0.0,0.0,0.0,49.297760300736655,17.352894182450367
1320-122617-0037_1221-135767-0018__T2__NORMAL__1221,1221,1320,13,0.0,0.0,0.0,0.0,0.0,0.0,0.0,0.0,57.56458190536538,20.063263363748007
1320-122617-0037_3570-5695-0009__T1__NORMAL__1320,1320,3570,9,0.0,0.0,0.0,0.0,0.0,0.0,0.0,0.0,62.48057892360839,20.79875886068536
1320-122617-0037_3570-5695-0009__T2__NORMAL__3570,3570,1320,9,0.0,0.0,0.0,0.0,0.0,0.0,0.0,0.0,59.52123788206883,26.951169453066687
1320-122617-0040_1580-141083-0023__T1__NORMAL__1320,1320,1580,5,0.0,0.0,0.0,0.0,0.0,0.0,0.0,0.0,69.18808582048604,22.869799389645884
1320-122617-0040_1580-141083-0023__T2__NORMAL__1580,1580,1320,5,0.0,0.0,0.0,0.0,0.0,0.0,0.0,0.0,70.51268389026251,23.225842456030232
1320-122617-0040_8224-274381-0007__T1__NORMAL__1320,1320,8224,14,0.0,0.0,0.0,0.0,0.0,0.0,0.0,0.0,48.2769642933293,19.7022118823364
1320-122617-0040_8224-274381-0007__T2__NORMAL__8224,8224,1320,14,0.0,0.0,0.0,0.0,0.0,0.0,0.0,0.0,49.09517793857976,15.822690288581311
1320-122617-0041_1580-141083-0003__T1__NORMAL__1320,1320,1580,7,0.0,0.2857142857142857,0.0,0.0,0.0,0.0,0.0,0.0,65.2683563364108,19.017268267649328
1320-122617-0041_1580-141083-0003__T2__NORMAL__1580,1580,1320,7,0.0,0.0,0.0,0.0,0.0,0.0,0.0,0.0,56.11178773033623,23.07522475263016
1580-141083-0000_7729-102255-0030__T1__NORMAL__1580,1580,7729,13,0.0,0.0,0.0,0.0,0.0,0.0,0.0,0.0,57.086155201004175,21.696097300591035
1580-141083-0000_7729-102255-0030__T2__NORMAL__7729,7729,1580,13,0.0,0.0,0.0,0.0,0.0,0.0,0.0,0.0,59.081036401068985,17.026655466753287
1580-141083-0001_3729-6852-0024__T1__NORMAL__1580,1580,3729,10,0.0,0.0,0.1,0.0,0.0,0.0,0.0,0.0,47.17110742540018,19.391165026305856
1580-141083-0001_3729-6852-0024__T2__NORMAL__3729,3729,1580,10,0.0,0.0,0.0,0.0,0.0,0.0,0.0,0.0,53.27413273101462,19.360520969802607
1580-141083-0002_1188-133604-0037__T1__NORMAL__1580,1580,1188,11,0.0,0.0,0.0,0.0,0.0,0.0,0.0,0.0,63.2851733727264,25.31477713357674
1580-141083-0002_1188-133604-0037__T2__NORMAL__1188,1188,1580,11,0.0,0.0,0.0,0.0,0.0,0.0,0.0,0.0,67.02112200090427,21.98403202456281
1580-141083-0004_260-123286-0019__T1__NORMAL__1580,1580,260,8,0.0,0.125,0.0,0.0,0.0,0.0,0.0,0.0,52.098767965746234,21.63164712038529
1580-141083-0004_260-123286-0019__T2__NORMAL__260,260,1580,8,0.0,0.0,0.0,0.125,0.0,0.0,0.0,0.0,58.83320206456899,14.157574561202052
1580-141083-0004_4446-2273-0007__T1__NORMAL__1580,1580,4446,5,1.0,0.8,1.0,1.0,0.8,0.8,0.8,0.8,-44.98468369380315,-33.25022090812096
1580-141083-0004_4446-2273-0007__T2__NORMAL__4446,4446,1580,5,0.8,0.8,0.6,0.6,0.6,0.6,0.4,0.4,-20.378184013484205,-9.056361456658534
1580-141083-0006_6829-68771-0014__T1__NORMAL__1580,1580,6829,8,0.0,0.0,0.0,0.0,0.0,0.0,0.0,0.0,55.76188564308326,19.89837268627571
1580-141083-0006_6829-68771-0014__T2__NORMAL__6829,6829,1580,8,0.0,0.0,0.0,0.0,0.0,0.0,0.0,0.0,60.02922670313299,17.86438236878548
1580-141083-0006_7176-88083-0024__T1__NORMAL__1580,1580,7176,15,0.0,0.0,0.0,0.0,0.0,0.0,0.0,0.0,55.19731258501825,22.40836690365492
1580-141083-0006_7176-88083-0024__T2__NORMAL__7176,7176,1580,15,0.0,0.06666666666666667,0.0,0.0,0.0,0.0,0.0,0.0,59.551343676035906,20.71309662460322
1580-141083-0008_1284-1181-0002__T1__NORMAL__1580,1580,1284,6,0.0,0.0,0.0,0.0,0.0,0.0,0.0,0.0,48.91133194911216,20.1432509812534
1580-141083-0008_1284-1181-0002__T2__NORMAL__1284,1284,1580,6,0.0,0.0,0.0,0.0,0.0,0.0,0.0,0.0,54.9899084372604,19.160630056886475
1580-141083-0008_4507-16021-0029__T1__NORMAL__1580,1580,4507,6,0.0,0.16666666666666666,0.16666666666666666,0.16666666666666666,0.16666666666666666,0.0,0.16666666666666666,0.0,47.471776961742385,17.881812984440742
1580-141083-0008_4507-16021-0029__T2__NORMAL__4507,4507,1580,6,0.0,0.0,0.0,0.0,0.0,0.0,0.0,0.0,62.823252833803174,12.032905214426126
1580-141083-0008_5142-33396-0056__T1__NORMAL__1580,1580,5142,5,0.0,0.0,0.0,0.0,0.0,0.0,0.0,0.0,66.0731844216929,21.36847942165143
1580-141083-0008_5142-33396-0056__T2__NORMAL__5142,5142,1580,5,0.0,0.0,0.0,0.0,0.0,0.0,0.0,0.0,65.19410502422299,22.89588119761384
1580-141083-0008_7729-102255-0020__T1__NORMAL__1580,1580,7729,7,0.0,0.0,0.0,0.0,0.0,0.0,0.0,0.0,43.79981932983657,20.19005904184327
1580-141083-0008_7729-102255-0020__T2__NORMAL__7729,7729,1580,7,0.0,0.0,0.0,0.0,0.0,0.0,0.0,0.0,53.770530984423885,15.802202978623768
1580-141083-0010_260-123440-0007__T1__NORMAL__1580,1580,260,5,0.0,0.0,0.2,0.0,0.0,0.0,0.0,0.0,58.79415537098648,21.96904200568209
1580-141083-0010_260-123440-0007__T2__NORMAL__260,260,1580,5,0.0,0.0,0.0,0.0,0.0,0.0,0.0,0.0,59.16616207826405,18.43339037013984
1580-141083-0013_237-134493-0004__T1__NORMAL__1580,1580,237,7,0.0,0.0,0.0,0.0,0.0,0.0,0.0,0.0,74.67313765580478,26.34751333369022
1580-141083-0013_237-134493-0004__T2__NORMAL__237,237,1580,7,0.0,0.0,0.0,0.0,0.0,0.0,0.0,0.0,78.54444884178785,22.03549449518631
1580-141083-0015_1995-1836-0008__T1__NORMAL__1580,1580,1995,8,0.0,0.0,0.0,0.0,0.0,0.0,0.0,0.0,55.031157138483046,24.75952090186365
1580-141083-0015_1995-1836-0008__T2__NORMAL__1995,1995,1580,8,0.0,0.0,0.0,0.0,0.0,0.0,0.0,0.0,55.547943926633764,24.02967885107157
1580-141083-0015_7127-75947-0008__T1__NORMAL__1580,1580,7127,7,0.0,0.0,0.0,0.0,0.0,0.0,0.0,0.0,69.92194297323887,22.718105431944966
1580-141083-0015_7127-75947-0008__T2__NORMAL__7127,7127,1580,7,0.0,0.0,0.0,0.0,0.0,0.0,0.0,0.0,68.17625932630777,21.74461276912084
1580-141083-0015_7176-92135-0006__T1__NORMAL__1580,1580,7176,8,0.0,0.0,0.0,0.0,0.0,0.0,0.0,0.0,52.31709607448166,27.93380315718616
1580-141083-0015_7176-92135-0006__T2__NORMAL__7176,7176,1580,8,0.0,0.0,0.0,0.0,0.0,0.0,0.0,0.0,58.90153531412964,18.11148967908912
1580-141083-0016_2830-3980-0065__T1__NORMAL__1580,1580,2830,7,0.0,0.0,0.0,0.0,0.0,0.0,0.0,0.0,36.59662274372413,16.650350153220046
1580-141083-0016_2830-3980-0065__T2__NORMAL__2830,2830,1580,7,0.0,0.0,0.0,0.0,0.0,0.0,0.0,0.0,73.06984975743426,13.216488082051882
1580-141083-0016_61-70968-0024__T1__NORMAL__1580,1580,61,7,0.0,0.0,0.0,0.14285714285714285,0.0,0.0,0.0,0.0,53.64777499840225,16.621755089076757
1580-141083-0016_61-70968-0024__T2__NORMAL__61,61,1580,7,0.0,0.0,0.0,0.0,0.0,0.0,0.0,0.0,53.67341973895595,19.96316807413385
1580-141083-0020_237-126133-0009__T1__NORMAL__1580,1580,237,6,0.0,0.0,0.0,0.0,0.0,0.0,0.0,0.0,67.0887817393323,20.978740892980337
1580-141083-0020_237-126133-0009__T2__NORMAL__237,237,1580,6,0.0,0.0,0.0,0.0,0.0,0.0,0.0,0.0,66.8832681384791,23.81454720016293
1580-141083-0020_5105-28241-0008__T1__NORMAL__1580,1580,5105,9,0.0,0.0,0.0,0.0,0.0,0.0,0.0,0.0,59.08016939941584,22.87773732035176
1580-141083-0020_5105-28241-0008__T2__NORMAL__5105,5105,1580,9,0.0,0.0,0.0,0.0,0.0,0.0,0.0,0.0,53.44541458394204,16.765181215433017
1580-141083-0021_2961-961-0005__T1__NORMAL__1580,1580,2961,6,0.0,0.0,0.0,0.0,0.0,0.0,0.0,0.0,42.850413621823066,16.90634950308859
1580-141083-0021_2961-961-0005__T2__NORMAL__2961,2961,1580,6,0.0,0.0,0.0,0.0,0.0,0.0,0.0,0.0,57.28524421676178,16.821090856697193
1580-141083-0022_4446-2271-0017__T1__NORMAL__1580,1580,4446,4,0.0,0.0,0.25,0.0,0.0,0.0,0.0,0.0,40.450538143008735,18.60373351220549
1580-141083-0022_4446-2271-0017__T2__NORMAL__4446,4446,1580,4,0.0,0.0,0.0,0.0,0.0,0.0,0.0,0.0,65.8949868450598,12.077253127098183
1580-141083-0022_4446-2273-0003__T1__NORMAL__1580,1580,4446,5,0.0,0.0,0.0,0.0,0.0,0.0,0.0,0.0,58.29612760523313,24.45524206245604
1580-141083-0022_4446-2273-0003__T2__NORMAL__4446,4446,1580,5,0.4,0.6,0.2,0.4,0.2,0.2,0.2,0.2,2.641464277160588,-8.03765668749924
1580-141083-0023_121-127105-0012__T1__NORMAL__1580,1580,121,5,0.0,0.2,0.0,0.0,0.0,0.0,0.0,0.0,53.64285787988897,17.936614991562845
1580-141083-0023_121-127105-0012__T2__NORMAL__121,121,1580,5,0.0,0.0,0.0,0.0,0.0,0.0,0.0,0.0,57.46702754297316,18.85264116014065
1580-141083-0023_8455-210777-0048__T1__NORMAL__1580,1580,8455,5,0.0,0.0,0.0,0.0,0.0,0.0,0.0,0.0,50.86963981854201,19.53227852674385
1580-141083-0023_8455-210777-0048__T2__NORMAL__8455,8455,1580,5,0.0,0.0,0.0,0.0,0.0,0.0,0.0,0.0,59.4015109446447,18.15511368541956
1580-141083-0024_1995-1837-0009__T1__NORMAL__1580,1580,1995,6,0.0,0.0,0.0,0.0,0.0,0.0,0.0,0.0,68.40066323776041,24.602110750435106
1580-141083-0024_1995-1837-0009__T2__NORMAL__1995,1995,1580,6,0.0,0.0,0.0,0.0,0.0,0.0,0.0,0.0,70.58753099589738,24.718564592539384
1580-141083-0024_237-134500-0028__T1__NORMAL__1580,1580,237,7,0.0,0.0,0.0,0.0,0.0,0.0,0.0,0.0,62.04975256032971,21.781473484742367
1580-141083-0024_237-134500-0028__T2__NORMAL__237,237,1580,7,0.0,0.14285714285714285,0.0,0.0,0.0,0.0,0.0,0.0,63.63129763635644,19.317045125411024
1580-141083-0025_4446-2275-0035__T1__NORMAL__1580,1580,4446,6,0.0,0.0,0.0,0.0,0.0,0.0,0.0,0.0,51.0723146108765,22.94731892810692
1580-141083-0025_4446-2275-0035__T2__NORMAL__4446,4446,1580,6,1.0,1.0,1.0,1.0,1.0,1.0,1.0,1.0,-48.53889444366242,-45.6084383354158
1580-141083-0025_672-122797-0013__T1__NORMAL__1580,1580,672,6,0.0,0.0,0.0,0.0,0.0,0.0,0.0,0.0,55.6268587622372,23.782742727923825
1580-141083-0025_672-122797-0013__T2__NORMAL__672,672,1580,6,0.0,0.16666666666666666,0.0,0.0,0.0,0.0,0.0,0.0,62.7683743838268,17.780299233721614
1580-141083-0026_1188-133604-0037__T1__NORMAL__1580,1580,1188,8,0.0,0.125,0.0,0.0,0.0,0.0,0.0,0.0,65.75638436889602,26.45112765603415
1580-141083-0026_1188-133604-0037__T2__NORMAL__1188,1188,1580,8,0.0,0.0,0.0,0.0,0.0,0.0,0.0,0.0,67.60598013752312,21.43071095339809
1580-141083-0026_5683-32879-0023__T1__NORMAL__1580,1580,5683,8,0.0,0.0,0.0,0.0,0.0,0.0,0.0,0.0,53.660025417564434,15.769491617491523
1580-141083-0026_5683-32879-0023__T2__NORMAL__5683,5683,1580,8,0.0,0.0,0.0,0.0,0.0,0.0,0.0,0.0,47.53197864250507,15.038657750039452
1580-141083-0027_4077-13751-0000__T1__NORMAL__1580,1580,4077,9,0.0,0.1111111111111111,0.0,0.0,0.0,0.0,0.0,0.0,53.930187649540784,17.236098476684244
1580-141083-0027_4077-13751-0000__T2__NORMAL__4077,4077,1580,9,0.0,0.2222222222222222,0.0,0.0,0.0,0.0,0.0,0.0,58.54019228722814,18.28922594504724
1580-141083-0027_6930-75918-0005__T1__NORMAL__1580,1580,6930,9,0.0,0.0,0.0,0.0,0.0,0.0,0.0,0.0,58.075487579459896,21.316475316633262
1580-141083-0027_6930-75918-0005__T2__NORMAL__6930,6930,1580,9,0.0,0.0,0.0,0.0,0.0,0.0,0.0,0.0,56.03069375039445,18.81757456164676
1580-141083-0027_6930-76324-0024__T1__NORMAL__1580,1580,6930,7,0.0,0.0,0.0,0.0,0.0,0.0,0.0,0.0,52.01772323048239,17.305047809490212
1580-141083-0027_6930-76324-0024__T2__NORMAL__6930,6930,1580,7,0.0,0.0,0.0,0.0,0.0,0.0,0.0,0.0,54.91872990016254,16.40332081204997
1580-141083-0027_7127-75947-0008__T1__NORMAL__1580,1580,7127,7,0.0,0.0,0.0,0.0,0.0,0.0,0.0,0.0,60.64208898833415,22.72565897498545
1580-141083-0027_7127-75947-0008__T2__NORMAL__7127,7127,1580,7,0.0,0.0,0.0,0.0,0.0,0.0,0.0,0.0,60.185983514413365,19.514192521621545
1580-141083-0029_237-134500-0031__T1__NORMAL__1580,1580,237,19,0.0,0.05263157894736842,0.0,0.0,0.0,0.0,0.0,0.0,61.64905565773942,22.16550956041782
1580-141083-0029_237-134500-0031__T2__NORMAL__237,237,1580,19,0.0,0.0,0.0,0.0,0.0,0.0,0.0,0.0,62.30426158962225,21.055581229162325
1580-141083-0030_1995-1837-0014__T1__NORMAL__1580,1580,1995,5,0.0,0.0,0.0,0.0,0.0,0.0,0.0,0.0,66.61480213852533,22.883368087604303
1580-141083-0030_1995-1837-0014__T2__NORMAL__1995,1995,1580,5,0.0,0.0,0.0,0.0,0.0,0.0,0.0,0.0,64.07099194077111,24.997353091721827
1580-141083-0030_260-123288-0018__T1__NORMAL__1580,1580,260,5,0.0,0.0,0.0,0.0,0.0,0.0,0.0,0.0,55.09829137069905,21.08978680292616
1580-141083-0030_260-123288-0018__T2__NORMAL__260,260,1580,5,0.0,0.0,0.2,0.0,0.0,0.0,0.0,0.0,58.789347943441804,21.248425136266547
1580-141083-0032_61-70968-0033__T1__NORMAL__1580,1580,61,7,0.0,0.0,0.0,0.0,0.0,0.0,0.0,0.0,51.66412686752098,21.98302848701996
1580-141083-0032_61-70968-0033__T2__NORMAL__61,61,1580,7,0.0,0.0,0.0,0.0,0.0,0.0,0.0,0.0,53.475334463902605,17.905686303382517
1580-141083-0032_672-122797-0032__T1__NORMAL__1580,1580,672,7,0.0,0.0,0.0,0.0,0.0,0.0,0.0,0.0,52.78849305427189,19.369832525733564
1580-141083-0032_672-122797-0032__T2__NORMAL__672,672,1580,7,0.0,0.0,0.0,0.0,0.0,0.0,0.0,0.0,59.12037880453797,19.649950142427365
1580-141083-0032_672-122797-0065__T1__NORMAL__1580,1580,672,5,0.0,0.0,0.0,0.0,0.0,0.0,0.0,0.0,58.215063024599786,21.24073813776665
1580-141083-0032_672-122797-0065__T2__NORMAL__672,672,1580,5,0.0,0.0,0.0,0.0,0.0,0.0,0.0,0.0,61.26653986170679,17.913165865733035
1580-141083-0033_121-121726-0014__T1__NORMAL__1580,1580,121,5,0.0,0.0,0.0,0.0,0.0,0.0,0.0,0.0,65.59580313271417,19.694655485019908
1580-141083-0033_121-121726-0014__T2__NORMAL__121,121,1580,5,0.0,0.0,0.0,0.0,0.0,0.0,0.0,0.0,61.99748172894922,21.30404235743359
1580-141083-0034_3729-6852-0024__T1__NORMAL__1580,1580,3729,10,0.0,0.0,0.0,0.0,0.0,0.0,0.0,0.0,52.36305238624591,16.60487761969231
1580-141083-0034_3729-6852-0024__T2__NORMAL__3729,3729,1580,10,0.0,0.0,0.0,0.0,0.0,0.0,0.0,0.0,49.49170403246458,21.77192015301067
1580-141083-0034_4507-16021-0017__T1__NORMAL__1580,1580,4507,12,0.0,0.0,0.0,0.0,0.0,0.0,0.0,0.0,61.35171380700467,23.678020986277573
1580-141083-0034_4507-16021-0017__T2__NORMAL__4507,4507,1580,12,0.0,0.0,0.0,0.0,0.0,0.0,0.0,0.0,64.54150443740217,17.435372276925587
1580-141083-0034_7021-79730-0007__T1__NORMAL__1580,1580,7021,12,0.0,0.08333333333333333,0.0,0.0,0.0,0.0,0.0,0.0,51.12134082467097,19.71742333560032
1580-141083-0034_7021-79730-0007__T2__NORMAL__7021,7021,1580,12,0.0,0.08333333333333333,0.0,0.0,0.0,0.0,0.0,0.0,54.33398111362671,20.09755912020639
1580-141083-0035_8463-294828-0006__T1__NORMAL__1580,1580,8463,6,0.0,0.0,0.0,0.0,0.0,0.0,0.0,0.0,55.766194897954314,22.44150685879322
1580-141083-0035_8463-294828-0006__T2__NORMAL__8463,8463,1580,6,1.0,1.0,1.0,1.0,1.0,1.0,1.0,1.0,-54.78081916707259,-40.58614218038301
1580-141083-0036_2300-131720-0012__T1__NORMAL__1580,1580,2300,6,0.0,0.0,0.0,0.0,0.0,0.0,0.0,0.0,59.53255775813209,24.62103690743693
1580-141083-0036_2300-131720-0012__T2__NORMAL__2300,2300,1580,6,0.0,0.0,0.0,0.0,0.0,0.0,0.0,0.0,68.40740723652264,18.103522217018
1580-141083-0037_61-70968-0048__T1__NORMAL__1580,1580,61,5,0.0,0.2,0.0,0.0,0.0,0.0,0.0,0.0,54.32898574104672,17.05831839965245
1580-141083-0037_61-70968-0048__T2__NORMAL__61,61,1580,5,0.0,0.0,0.0,0.0,0.0,0.0,0.0,0.0,52.24542220652887,17.670029245885537
1580-141083-0037_61-70970-0002__T1__NORMAL__1580,1580,61,7,0.0,0.0,0.0,0.0,0.0,0.0,0.0,0.0,49.906382463006445,20.075208607604743
1580-141083-0037_61-70970-0002__T2__NORMAL__61,61,1580,7,0.0,0.0,0.0,0.0,0.0,0.0,0.0,0.0,55.93924355460648,18.03363941569931
1580-141083-0038_4077-13754-0009__T1__NORMAL__1580,1580,4077,14,0.0,0.07142857142857142,0.0,0.0,0.0,0.0,0.0,0.0,54.46603264343977,20.01968988197171
1580-141083-0038_4077-13754-0009__T2__NORMAL__4077,4077,1580,14,0.0,0.0,0.0,0.0,0.0,0.0,0.0,0.0,56.52175924082126,16.762354108498798
1580-141083-0038_672-122797-0029__T1__NORMAL__1580,1580,672,5,0.0,0.2,0.0,0.0,0.0,0.0,0.0,0.0,49.43022088348549,18.712180812159417
1580-141083-0038_672-122797-0029__T2__NORMAL__672,672,1580,5,0.0,0.2,0.0,0.0,0.0,0.0,0.0,0.0,49.9128140361239,17.347468588155863
1580-141083-0039_237-126133-0002__T1__NORMAL__1580,1580,237,5,0.0,0.0,0.0,0.0,0.0,0.0,0.0,0.0,74.3825033086082,24.89703087051757
1580-141083-0039_237-126133-0002__T2__NORMAL__237,237,1580,5,0.0,0.0,0.0,0.0,0.0,0.0,0.0,0.0,66.21921998632922,22.575261633422507
1580-141083-0039_3729-6852-0041__T1__NORMAL__1580,1580,3729,6,0.0,0.0,0.16666666666666666,0.3333333333333333,0.0,0.0,0.0,0.0,42.32866759276638,18.07335705677646
1580-141083-0039_3729-6852-0041__T2__NORMAL__3729,3729,1580,6,0.0,0.0,0.0,0.0,0.0,0.0,0.0,0.0,55.51889831691218,21.87857047564723
1580-141083-0039_5683-32865-0017__T1__NORMAL__1580,1580,5683,5,0.0,0.0,0.2,0.0,0.0,0.0,0.0,0.0,55.57747867758676,23.18297660283548
1580-141083-0039_5683-32865-0017__T2__NORMAL__5683,5683,1580,5,0.0,0.0,0.0,0.0,0.0,0.0,0.0,0.0,58.24657498287562,18.792004183985707
1580-141083-0040_6930-81414-0012__T1__NORMAL__1580,1580,6930,6,0.0,0.16666666666666666,0.0,0.0,0.0,0.0,0.0,0.0,52.45345936898851,14.753849381479576
1580-141083-0040_6930-81414-0012__T2__NORMAL__6930,6930,1580,6,0.0,0.0,0.0,0.0,0.0,0.0,0.0,0.0,50.57559818679338,21.710380444097297
1580-141083-0041_3729-6852-0028__T1__NORMAL__1580,1580,3729,6,0.0,0.0,0.3333333333333333,0.3333333333333333,0.0,0.0,0.0,0.0,49.27596234195615,17.905759903028688
1580-141083-0041_3729-6852-0028__T2__NORMAL__3729,3729,1580,6,0.0,0.0,0.0,0.0,0.0,0.0,0.0,0.0,47.02834261364765,6.995081156777088
1580-141083-0041_5142-36377-0024__T1__NORMAL__1580,1580,5142,6,0.0,0.0,0.0,0.0,0.0,0.0,0.0,0.0,60.6390878610508,18.227408990843063
1580-141083-0041_5142-36377-0024__T2__NORMAL__5142,5142,1580,6,0.0,0.16666666666666666,0.0,0.0,0.0,0.0,0.0,0.0,54.63844821788796,17.255134037122907
1580-141083-0041_672-122797-0021__T1__NORMAL__1580,1580,672,6,0.0,0.0,0.0,0.0,0.0,0.0,0.0,0.0,42.41211548638531,15.988812243328454
1580-141083-0041_672-122797-0021__T2__NORMAL__672,672,1580,6,0.0,0.16666666666666666,0.0,0.0,0.0,0.0,0.0,0.0,58.94425630314033,16.939068783062737
1580-141083-0041_8463-294828-0011__T1__NORMAL__1580,1580,8463,6,0.0,0.0,0.0,0.0,0.0,0.0,0.0,0.0,47.2708897376905,20.801733412452545
1580-141083-0041_8463-294828-0011__T2__NORMAL__8463,8463,1580,6,1.0,1.0,1.0,1.0,1.0,1.0,1.0,1.0,-46.76930362593071,-35.047256733428554
1580-141083-0044_8555-284449-0016__T1__NORMAL__1580,1580,8555,10,0.0,0.1,0.0,0.0,0.0,0.0,0.0,0.0,57.43907614319072,20.646854136133868
1580-141083-0044_8555-284449-0016__T2__NORMAL__8555,8555,1580,10,0.0,0.0,0.0,0.0,0.0,0.0,0.0,0.0,62.241701820507956,21.829780465234148
1580-141083-0045_7176-92135-0008__T1__NORMAL__1580,1580,7176,7,0.0,0.0,0.0,0.0,0.0,0.0,0.0,0.0,59.27086803903528,26.71280905428883
1580-141083-0045_7176-92135-0008__T2__NORMAL__7176,7176,1580,7,0.0,0.14285714285714285,0.0,0.0,0.0,0.0,0.0,0.0,68.94542911065567,19.481636227219703
1580-141083-0046_121-127105-0007__T1__NORMAL__1580,1580,121,6,0.0,0.0,0.0,0.0,0.0,0.0,0.0,0.0,39.15238379456785,16.207640045847953
1580-141083-0046_121-127105-0007__T2__NORMAL__121,121,1580,6,0.0,0.0,0.0,0.0,0.0,0.0,0.0,0.0,47.753376110494486,16.991751091630498
1580-141083-0046_7021-79730-0005__T1__NORMAL__1580,1580,7021,5,0.0,0.0,0.0,0.0,0.0,0.0,0.0,0.0,58.93910457763877,25.17809861415389
1580-141083-0046_7021-79730-0005__T2__NORMAL__7021,7021,1580,5,0.0,0.0,0.0,0.0,0.0,0.0,0.0,0.0,63.749355519848805,19.28306802831343
1580-141083-0046_908-157963-0012__T1__NORMAL__1580,1580,908,6,0.0,0.0,0.0,0.0,0.0,0.0,0.0,0.0,42.3113680345464,19.638025994479204
1580-141083-0046_908-157963-0012__T2__NORMAL__908,908,1580,6,0.0,0.0,0.0,0.0,0.0,0.0,0.0,0.0,47.270595030524554,14.029163952070316
1580-141083-0049_7176-92135-0036__T1__NORMAL__1580,1580,7176,6,0.0,0.0,0.0,0.0,0.0,0.0,0.0,0.0,71.4124260324591,27.25877570602608
1580-141083-0049_7176-92135-0036__T2__NORMAL__7176,7176,1580,6,0.0,0.0,0.0,0.0,0.0,0.0,0.0,0.0,73.66453772345183,19.262735002061152
1580-141083-0049_8224-274384-0000__T1__NORMAL__1580,1580,8224,6,0.0,0.0,0.0,0.0,0.0,0.0,0.0,0.0,59.176110554585044,22.367145863693832
1580-141083-0049_8224-274384-0000__T2__NORMAL__8224,8224,1580,6,0.0,0.0,0.0,0.0,0.0,0.0,0.0,0.0,61.78875662252466,14.107796866733656
1580-141083-0052_1320-122617-0022__T1__NORMAL__1580,1580,1320,5,0.0,0.0,0.0,0.0,0.0,0.0,0.0,0.0,57.23063364438498,24.41854283369687
1580-141083-0052_1320-122617-0022__T2__NORMAL__1320,1320,1580,5,0.0,0.0,0.0,0.0,0.0,0.0,0.0,0.0,63.70044926521025,19.500294048832423
1580-141083-0052_2961-960-0004__T1__NORMAL__1580,1580,2961,5,0.0,0.0,0.0,0.0,0.0,0.0,0.0,0.0,46.32419818352908,19.87759143594684
1580-141083-0052_2961-960-0004__T2__NORMAL__2961,2961,1580,5,0.0,0.0,0.0,0.0,0.0,0.0,0.0,0.0,48.78747790411429,18.207470561230046
1580-141083-0052_8455-210777-0049__T1__NORMAL__1580,1580,8455,5,0.0,0.0,0.0,0.0,0.0,0.0,0.0,0.0,55.57515660679142,16.267508311206388
1580-141083-0052_8455-210777-0049__T2__NORMAL__8455,8455,1580,5,0.0,0.0,0.0,0.0,0.0,0.0,0.0,0.0,57.39406179169994,19.773540478061395
1580-141084-0000_4446-2275-0007__T1__NORMAL__1580,1580,4446,8,0.0,0.0,0.0,0.0,0.0,0.0,0.0,0.0,56.993388013119315,20.3674088749055
1580-141084-0000_4446-2275-0007__T2__NORMAL__4446,4446,1580,8,0.0,0.0,0.0,0.0,0.0,0.0,0.0,0.0,55.851439361871826,22.788275389065625
1580-141084-0001_237-134500-0022__T1__NORMAL__1580,1580,237,5,0.0,0.2,0.0,0.0,0.0,0.0,0.0,0.0,55.93594181716346,25.78244791573359
1580-141084-0001_237-134500-0022__T2__NORMAL__237,237,1580,5,0.0,0.0,0.0,0.0,0.0,0.0,0.0,0.0,66.27791650795119,14.901511545427793
1580-141084-0001_260-123286-0029__T1__NORMAL__1580,1580,260,5,0.0,0.0,0.0,0.0,0.0,0.0,0.0,0.0,46.31599239729051,22.549041445075424
1580-141084-0001_260-123286-0029__T2__NORMAL__260,260,1580,5,0.0,0.0,0.0,0.0,0.0,0.0,0.0,0.0,54.240668455024505,12.226446529520864
1580-141084-0001_61-70970-0015__T1__NORMAL__1580,1580,61,5,0.0,0.0,0.0,0.0,0.0,0.0,0.0,0.0,54.16780758151344,18.41450231016328
1580-141084-0001_61-70970-0015__T2__NORMAL__61,61,1580,5,0.0,0.0,0.0,0.0,0.0,0.0,0.0,0.0,59.48742673144536,16.28966507816221
1580-141084-0002_4992-41797-0004__T1__NORMAL__1580,1580,4992,10,0.0,0.0,0.0,0.0,0.0,0.0,0.0,0.0,50.33099561379383,19.862872213673533
1580-141084-0002_4992-41797-0004__T2__NORMAL__4992,4992,1580,10,0.0,0.0,0.1,0.0,0.0,0.0,0.0,0.0,57.794413058883244,18.054957422787467
1580-141084-0002_7127-75947-0027__T1__NORMAL__1580,1580,7127,10,0.0,0.0,0.0,0.0,0.0,0.0,0.0,0.0,54.05548080772942,22.03619721910481
1580-141084-0002_7127-75947-0027__T2__NORMAL__7127,7127,1580,10,0.0,0.0,0.0,0.0,0.0,0.0,0.0,0.0,59.77968240255045,15.836042184463668
1580-141084-0003_3729-6852-0041__T1__NORMAL__1580,1580,3729,7,0.0,0.0,0.0,0.0,0.0,0.0,0.0,0.0,49.229668266130695,16.046793819240744
1580-141084-0003_3729-6852-0041__T2__NORMAL__3729,3729,1580,7,0.0,0.0,0.0,0.0,0.0,0.0,0.0,0.0,53.52340238784279,19.50602150829522
1580-141084-0003_61-70968-0055__T1__NORMAL__1580,1580,61,6,0.0,0.0,0.0,0.0,0.0,0.0,0.0,0.0,46.09361353348805,20.6855889004888
1580-141084-0003_61-70968-0055__T2__NORMAL__61,61,1580,6,0.0,0.0,0.0,0.0,0.0,0.0,0.0,0.0,71.82397289745508,18.87202093442724
1580-141084-0008_8463-287645-0000__T1__NORMAL__1580,1580,8463,8,0.0,0.0,0.0,0.0,0.0,0.0,0.0,0.0,55.39731983351496,20.82586794716969
1580-141084-0008_8463-287645-0000__T2__NORMAL__8463,8463,1580,8,0.0,0.0,0.0,0.0,0.0,0.0,0.0,0.0,56.65387784929021,13.624946166166431
1580-141084-0008_908-157963-0027__T1__NORMAL__1580,1580,908,9,0.0,0.0,0.0,0.0,0.0,0.0,0.0,0.0,50.54634095419085,19.849001959780065
1580-141084-0008_908-157963-0027__T2__NORMAL__908,908,1580,9,0.0,0.0,0.0,0.0,0.0,0.0,0.0,0.0,64.38051500794855,18.952163841334503
1580-141084-0009_7176-88083-0018__T1__NORMAL__1580,1580,7176,8,0.0,0.0,0.0,0.0,0.0,0.0,0.0,0.0,53.52721238319259,23.377227110100574
1580-141084-0009_7176-88083-0018__T2__NORMAL__7176,7176,1580,8,0.0,0.0,0.0,0.0,0.0,0.0,0.0,0.0,55.21882201100639,21.131336370056943
1580-141084-0010_3570-5696-0002__T1__NORMAL__1580,1580,3570,7,0.0,0.0,0.0,0.0,0.0,0.0,0.0,0.0,45.630869130013124,24.41916440724162
1580-141084-0010_3570-5696-0002__T2__NORMAL__3570,3570,1580,7,0.0,0.0,0.0,0.0,0.0,0.0,0.0,0.0,58.43544070656457,22.46946763144633
1580-141084-0011_1284-1181-0003__T1__NORMAL__1580,1580,1284,8,0.0,0.0,0.0,0.0,0.0,0.0,0.0,0.0,58.58449235006967,19.52061385523884
1580-141084-0011_1284-1181-0003__T2__NORMAL__1284,1284,1580,8,0.0,0.0,0.25,0.0,0.0,0.0,0.0,0.0,68.28363670729381,24.42996509188253
1580-141084-0011_7127-75946-0013__T1__NORMAL__1580,1580,7127,8,0.0,0.0,0.0,0.0,0.0,0.0,0.0,0.0,56.84578463203934,21.302979472491028
1580-141084-0011_7127-75946-0013__T2__NORMAL__7127,7127,1580,8,0.0,0.0,0.0,0.0,0.0,0.0,0.0,0.0,61.263371304153004,18.07785544509537
1580-141084-0011_7176-92135-0001__T1__NORMAL__1580,1580,7176,8,0.0,0.0,0.0,0.0,0.0,0.0,0.0,0.0,63.37788682688715,28.39348495143508
1580-141084-0011_7176-92135-0001__T2__NORMAL__7176,7176,1580,8,0.0,0.0,0.0,0.0,0.0,0.0,0.0,0.0,73.9502537163594,20.98924700899655
1580-141084-0014_4992-23283-0015__T1__NORMAL__1580,1580,4992,6,0.0,0.0,0.0,0.0,0.0,0.0,0.0,0.0,49.71336264210756,17.020293753815533
1580-141084-0014_4992-23283-0015__T2__NORMAL__4992,4992,1580,6,0.0,0.0,0.0,0.0,0.0,0.0,0.0,0.0,66.5730054710015,19.86498307547121
1580-141084-0015_4992-41806-0008__T1__NORMAL__1580,1580,4992,5,0.0,0.0,0.0,0.0,0.0,0.0,0.0,0.0,55.32934574851993,21.742103828622323
1580-141084-0015_4992-41806-0008__T2__NORMAL__4992,4992,1580,5,0.0,0.0,0.0,0.0,0.0,0.0,0.0,0.0,58.71822323659872,18.37047038352074
1580-141084-0015_5105-28233-0008__T1__NORMAL__1580,1580,5105,5,0.0,0.0,0.0,0.0,0.0,0.0,0.0,0.0,52.420562638914,22.53874684063614
1580-141084-0015_5105-28233-0008__T2__NORMAL__5105,5105,1580,5,0.0,0.0,0.0,0.0,0.0,0.0,0.0,0.0,50.19390166529295,15.86535828224178
1580-141084-0016_4446-2273-0034__T1__NORMAL__1580,1580,4446,6,0.0,0.0,0.0,0.0,0.0,0.0,0.0,0.0,56.17132672898547,21.57245987734944
1580-141084-0016_4446-2273-0034__T2__NORMAL__4446,4446,1580,6,1.0,1.0,1.0,1.0,1.0,1.0,1.0,1.0,-55.847196529234445,-43.66004570383646
1580-141084-0016_61-70970-0026__T1__NORMAL__1580,1580,61,9,0.0,0.1111111111111111,0.0,0.0,0.0,0.0,0.0,0.0,50.393901345353676,21.720748767520256
1580-141084-0016_61-70970-0026__T2__NORMAL__61,61,1580,9,0.0,0.0,0.0,0.0,0.0,0.0,0.0,0.0,64.31201194064857,12.341260591044442
1580-141084-0016_8455-210777-0037__T1__NORMAL__1580,1580,8455,8,0.0,0.0,0.0,0.0,0.0,0.0,0.0,0.0,54.7902406362049,21.35926724528668
1580-141084-0016_8455-210777-0037__T2__NORMAL__8455,8455,1580,8,0.0,0.0,0.0,0.0,0.0,0.0,0.0,0.0,54.810145794873684,19.71079821581776
1580-141084-0018_1995-1826-0022__T1__NORMAL__1580,1580,1995,5,0.0,0.0,0.0,0.0,0.0,0.0,0.0,0.0,57.56665762722052,27.03745786866679
1580-141084-0018_1995-1826-0022__T2__NORMAL__1995,1995,1580,5,0.0,0.0,0.0,0.0,0.0,0.0,0.0,0.0,65.5663071443161,20.889303758227555
1580-141084-0018_4446-2273-0019__T1__NORMAL__1580,1580,4446,5,0.0,0.0,0.0,0.0,0.0,0.0,0.0,0.0,50.03984995613014,16.564242312241767
1580-141084-0018_4446-2273-0019__T2__NORMAL__4446,4446,1580,5,0.0,0.4,0.6,0.2,0.4,0.0,0.2,0.0,37.520518844877685,-0.1951273528198678
1580-141084-0018_5142-33396-0068__T1__NORMAL__1580,1580,5142,5,0.0,0.0,0.0,0.0,0.0,0.0,0.0,0.0,72.01002617029678,25.31171488277136
1580-141084-0018_5142-33396-0068__T2__NORMAL__5142,5142,1580,5,0.0,0.0,0.0,0.0,0.0,0.0,0.0,0.0,76.23943473186469,17.037589896591356
1580-141084-0019_3575-170457-0003__T1__NORMAL__1580,1580,3575,5,0.0,0.0,0.0,0.0,0.0,0.0,0.0,0.0,58.45656490701741,24.6671692529723
1580-141084-0019_3575-170457-0003__T2__NORMAL__3575,3575,1580,5,0.0,0.0,0.0,0.0,0.0,0.0,0.0,0.0,62.027428401471965,18.125812921162225
1580-141084-0019_3729-6852-0016__T1__NORMAL__1580,1580,3729,5,0.0,0.0,0.0,0.0,0.0,0.0,0.0,0.0,53.51432173971957,18.80095643065068
1580-141084-0019_3729-6852-0016__T2__NORMAL__3729,3729,1580,5,0.0,0.0,0.0,0.0,0.0,0.0,0.0,0.0,52.30758741326512,17.86426117612363
1580-141084-0021_8555-284447-0007__T1__NORMAL__1580,1580,8555,7,0.0,0.0,0.0,0.0,0.0,0.0,0.0,0.0,64.5829551657486,25.82116967431265
1580-141084-0021_8555-284447-0007__T2__NORMAL__8555,8555,1580,7,0.0,0.0,0.0,0.0,0.0,0.0,0.0,0.0,70.64036912315238,22.371528342247924
1580-141084-0023_2830-3979-0012__T1__NORMAL__1580,1580,2830,6,0.0,0.16666666666666666,0.0,0.0,0.0,0.0,0.0,0.0,70.04983406418019,19.07559448812837
1580-141084-0023_2830-3979-0012__T2__NORMAL__2830,2830,1580,6,0.0,0.0,0.0,0.0,0.0,0.0,0.0,0.0,63.724775833735755,26.739516876459703
1580-141084-0023_672-122797-0061__T1__NORMAL__1580,1580,672,14,0.0,0.0,0.0,0.0,0.0,0.0,0.0,0.0,46.9820264351161,15.521391073424796
1580-141084-0023_672-122797-0061__T2__NORMAL__672,672,1580,14,0.0,0.0,0.0,0.0,0.0,0.0,0.0,0.0,46.31750431462441,13.052659592756203
1580-141084-0024_2094-142345-0025__T1__NORMAL__1580,1580,2094,6,0.0,0.0,0.0,0.0,0.0,0.0,0.0,0.0,39.93705898894216,13.961533774727636
1580-141084-0024_2094-142345-0025__T2__NORMAL__2094,2094,1580,6,0.0,0.0,0.0,0.0,0.0,0.0,0.0,0.0,53.746905408636174,2.298870477059478
1580-141084-0027_5639-40744-0005__T1__NORMAL__1580,1580,5639,5,0.0,0.0,0.0,0.0,0.0,0.0,0.0,0.0,68.30171134556626,19.94187680163942
1580-141084-0027_5639-40744-0005__T2__NORMAL__5639,5639,1580,5,0.0,0.0,0.0,0.0,0.0,0.0,0.0,0.0,56.66098343005054,20.25420582467904
1580-141084-0029_2094-142345-0044__T1__NORMAL__1580,1580,2094,6,0.0,0.0,0.0,0.0,0.0,0.0,0.0,0.0,50.2903698445298,16.463595018356376
1580-141084-0029_2094-142345-0044__T2__NORMAL__2094,2094,1580,6,0.0,0.0,0.0,0.0,0.0,0.0,0.0,0.0,53.516688852668516,18.027754516628747
1580-141084-0029_5683-32879-0023__T1__NORMAL__1580,1580,5683,8,0.0,0.0,0.0,0.0,0.0,0.0,0.0,0.0,49.440232696997654,21.553297071653887
1580-141084-0029_5683-32879-0023__T2__NORMAL__5683,5683,1580,8,0.0,0.0,0.0,0.0,0.0,0.0,0.0,0.0,56.50339864675546,13.852649200075644
1580-141084-0029_61-70968-0039__T1__NORMAL__1580,1580,61,6,0.0,0.0,0.0,0.0,0.0,0.0,0.0,0.0,44.44706121360199,18.409853416977903
1580-141084-0029_61-70968-0039__T2__NORMAL__61,61,1580,6,0.0,0.0,0.0,0.0,0.0,0.0,0.0,0.0,48.98277060582726,18.468533861278928
1580-141084-0031_61-70970-0023__T1__NORMAL__1580,1580,61,6,0.0,0.0,0.0,0.0,0.0,0.0,0.0,0.0,55.213094128729374,19.92012326768832
1580-141084-0031_61-70970-0023__T2__NORMAL__61,61,1580,6,0.0,0.16666666666666666,0.0,0.0,0.0,0.0,0.0,0.0,62.09788761199218,20.64898777687144
1580-141084-0032_260-123440-0016__T1__NORMAL__1580,1580,260,8,0.0,0.125,0.0,0.0,0.0,0.0,0.0,0.0,52.40614747921339,22.901133658532416
1580-141084-0032_260-123440-0016__T2__NORMAL__260,260,1580,8,0.0,0.0,0.0,0.0,0.0,0.0,0.0,0.0,70.65737630117596,19.744590814267287
1580-141084-0032_8455-210777-0014__T1__NORMAL__1580,1580,8455,7,0.0,0.0,0.0,0.0,0.0,0.0,0.0,0.0,47.96496286299115,19.4775654738852
1580-141084-0032_8455-210777-0014__T2__NORMAL__8455,8455,1580,7,0.0,0.0,0.14285714285714285,0.0,0.0,0.0,0.0,0.0,47.701947104760954,20.60105416037201
1580-141084-0033_7127-75946-0013__T1__NORMAL__1580,1580,7127,13,0.0,0.07692307692307693,0.0,0.0,0.0,0.0,0.0,0.0,56.85716441474684,19.525913425843584
1580-141084-0033_7127-75946-0013__T2__NORMAL__7127,7127,1580,13,0.0,0.0,0.0,0.0,0.0,0.0,0.0,0.0,61.05116297958034,19.12607712792364
1580-141084-0033_8463-294828-0028__T1__NORMAL__1580,1580,8463,13,0.0,0.0,0.0,0.0,0.0,0.0,0.0,0.0,60.34031654514558,23.529519761475097
1580-141084-0033_8463-294828-0028__T2__NORMAL__8463,8463,1580,13,1.0,1.0,1.0,1.0,1.0,1.0,1.0,1.0,-60.465445247299925,-46.90094290758124
1580-141084-0034_1089-134691-0010__T1__NORMAL__1580,1580,1089,5,0.0,0.0,0.0,0.0,0.0,0.0,0.0,0.0,61.28797255787506,19.91081359444568
1580-141084-0034_1089-134691-0010__T2__NORMAL__1089,1089,1580,5,0.0,0.0,0.0,0.0,0.0,0.0,0.0,0.0,58.23493635430609,19.280886487120338
1580-141084-0034_1089-134691-0016__T1__NORMAL__1580,1580,1089,7,0.0,0.0,0.14285714285714285,0.0,0.0,0.0,0.0,0.0,56.944145416790654,22.13189929093489
1580-141084-0034_1089-134691-0016__T2__NORMAL__1089,1089,1580,7,0.0,0.14285714285714285,0.0,0.0,0.0,0.0,0.0,0.0,57.42328706765884,17.57507828944448
1580-141084-0039_7176-88083-0004__T1__NORMAL__1580,1580,7176,8,0.0,0.0,0.0,0.0,0.0,0.0,0.0,0.0,55.78661194531631,24.70071349584178
1580-141084-0039_7176-88083-0004__T2__NORMAL__7176,7176,1580,8,0.0,0.0,0.0,0.0,0.0,0.0,0.0,0.0,59.4257763805297,19.465392865655204
1580-141084-0040_1089-134691-0004__T1__NORMAL__1580,1580,1089,9,0.0,0.0,0.0,0.0,0.0,0.0,0.0,0.0,58.139935748705334,18.597410447981005
1580-141084-0040_1089-134691-0004__T2__NORMAL__1089,1089,1580,9,0.0,0.2222222222222222,0.0,0.0,0.0,0.0,0.0,0.0,58.98952388542635,24.716830520593305
1580-141084-0040_5639-40744-0022__T1__NORMAL__1580,1580,5639,10,0.0,0.0,0.0,0.0,0.0,0.0,0.0,0.0,66.42337909561638,23.61335166780468
1580-141084-0040_5639-40744-0022__T2__NORMAL__5639,5639,1580,10,0.0,0.0,0.0,0.0,0.0,0.0,0.0,0.0,69.59637057036272,22.82546840078701
1580-141084-0040_7176-88083-0026__T1__NORMAL__1580,1580,7176,10,0.0,0.0,0.0,0.0,0.0,0.0,0.0,0.0,56.71137296853347,23.8175475680802
1580-141084-0040_7176-88083-0026__T2__NORMAL__7176,7176,1580,10,0.0,0.0,0.0,0.0,0.0,0.0,0.0,0.0,60.89325246885219,19.064690436050707
1580-141084-0042_2830-3980-0010__T1__NORMAL__1580,1580,2830,9,0.0,0.0,0.0,0.0,0.0,0.0,0.0,0.0,58.40678227239752,21.13017533466572
1580-141084-0042_2830-3980-0010__T2__NORMAL__2830,2830,1580,9,0.0,0.1111111111111111,0.0,0.0,0.0,0.0,0.0,0.0,64.16119557291536,19.97712807977386
1580-141084-0042_6930-75918-0010__T1__NORMAL__1580,1580,6930,5,0.0,0.0,0.0,0.0,0.0,0.0,0.0,0.0,44.69574443112574,14.266074909251394
1580-141084-0042_6930-75918-0010__T2__NORMAL__6930,6930,1580,5,0.0,0.0,0.0,0.0,0.0,0.0,0.0,0.0,46.32127316114876,19.904519244615123
1580-141084-0042_8455-210777-0053__T1__NORMAL__1580,1580,8455,9,0.0,0.0,0.0,0.0,0.0,0.0,0.0,0.0,49.36781277459385,17.68767767277206
1580-141084-0042_8455-210777-0053__T2__NORMAL__8455,8455,1580,9,0.0,0.0,0.0,0.0,0.0,0.0,0.0,0.0,54.546762592720555,18.42538759153804
1580-141084-0047_7176-88083-0008__T1__NORMAL__1580,1580,7176,5,0.0,0.0,0.0,0.0,0.0,0.0,0.0,0.0,67.22572694714191,22.506935711869566
1580-141084-0047_7176-88083-0008__T2__NORMAL__7176,7176,1580,5,0.0,0.0,0.0,0.0,0.0,0.0,0.0,0.0,55.98366595241119,15.816357411965704
1580-141084-0047_8230-279154-0006__T1__NORMAL__1580,1580,8230,9,0.0,0.0,0.0,0.0,0.0,0.0,0.0,0.0,64.07397946495327,23.576646944550035
1580-141084-0047_8230-279154-0006__T2__NORMAL__8230,8230,1580,9,0.0,0.0,0.0,0.0,0.0,0.0,0.0,0.0,71.71716161159618,20.82360619160377
1580-141084-0048_237-134500-0037__T1__NORMAL__1580,1580,237,13,0.0,0.0,0.0,0.0,0.0,0.0,0.0,0.0,60.78683959635735,23.73202044967138
1580-141084-0048_237-134500-0037__T2__NORMAL__237,237,1580,13,0.0,0.0,0.0,0.0,0.0,0.0,0.0,0.0,67.54188511873572,19.87824525107884
1580-141084-0049_4507-16021-0008__T1__NORMAL__1580,1580,4507,6,0.0,0.0,0.0,0.0,0.0,0.0,0.0,0.0,53.36338368377278,20.72606452013815
1580-141084-0049_4507-16021-0008__T2__NORMAL__4507,4507,1580,6,0.0,0.0,0.0,0.0,0.0,0.0,0.0,0.0,55.000649940127396,17.72907805833895
1995-1826-0001_8463-287645-0012__T1__NORMAL__1995,1995,8463,9,0.0,0.1111111111111111,0.0,0.0,0.0,0.0,0.0,0.0,64.31847114564309,22.76300911781156
1995-1826-0001_8463-287645-0012__T2__NORMAL__8463,8463,1995,9,0.0,0.1111111111111111,0.0,0.0,0.0,0.0,0.0,0.0,63.75832815719635,24.585818674813243
1995-1826-0002_7176-92135-0045__T1__NORMAL__1995,1995,7176,8,0.0,0.0,0.0,0.0,0.0,0.0,0.0,0.0,56.73785863158531,23.37314202785895
1995-1826-0002_7176-92135-0045__T2__NORMAL__7176,7176,1995,8,0.0,0.0,0.0,0.0,0.0,0.0,0.0,0.0,56.43900050713695,22.400208709629084
1995-1826-0003_8230-279154-0036__T1__NORMAL__1995,1995,8230,5,0.0,0.0,0.0,0.0,0.0,0.0,0.0,0.0,71.43602790717102,25.71671893580196
1995-1826-0003_8230-279154-0036__T2__NORMAL__8230,8230,1995,5,0.0,0.0,0.0,0.0,0.0,0.0,0.0,0.0,61.58077761678445,22.670649053632765
1995-1826-0005_61-70970-0024__T1__NORMAL__1995,1995,61,9,0.0,0.1111111111111111,0.0,0.0,0.0,0.0,0.0,0.0,51.61426748035364,21.650128434961555
1995-1826-0005_61-70970-0024__T2__NORMAL__61,61,1995,9,0.0,0.0,0.0,0.0,0.0,0.0,0.0,0.0,56.32122011326247,16.768223256012543
1995-1826-0005_7127-75947-0002__T1__NORMAL__1995,1995,7127,5,0.0,0.0,0.0,0.0,0.0,0.0,0.0,0.0,51.26576233156756,19.04017554598643
1995-1826-0005_7127-75947-0002__T2__NORMAL__7127,7127,1995,5,0.0,0.0,0.0,0.0,0.0,0.0,0.0,0.0,53.42841106235924,16.981951552287555
1995-1826-0007_1284-1180-0000__T1__NORMAL__1995,1995,1284,13,0.0,0.07692307692307693,0.23076923076923078,0.0,0.07692307692307693,0.0,0.0,0.0,53.72789525961543,23.1043859473197
1995-1826-0007_1284-1180-0000__T2__NORMAL__1284,1284,1995,13,0.0,0.0,0.0,0.0,0.0,0.0,0.0,0.0,59.82376758717886,19.259223952739497
1995-1826-0007_4446-2275-0043__T1__NORMAL__1995,1995,4446,10,0.0,0.1,0.2,0.0,0.1,0.0,0.0,0.0,53.42287009254547,22.24266613258542
1995-1826-0007_4446-2275-0043__T2__NORMAL__4446,4446,1995,10,1.0,0.9,0.8,1.0,0.8,0.8,0.8,0.8,-53.77888301484387,-58.42089531208477
1995-1826-0009_7127-75947-0040__T1__NORMAL__1995,1995,7127,14,0.0,0.0,0.0,0.0,0.0,0.0,0.0,0.0,61.20864672881914,20.30171648854267
1995-1826-0009_7127-75947-0040__T2__NORMAL__7127,7127,1995,14,0.0,0.0,0.0,0.0,0.0,0.0,0.0,0.0,65.18892834015965,21.10620472476612
1995-1826-0011_2094-142345-0037__T1__NORMAL__1995,1995,2094,16,0.0,0.0,0.0625,0.0,0.0,0.0,0.0,0.0,57.868152941948324,17.937201235187292
1995-1826-0011_2094-142345-0037__T2__NORMAL__2094,2094,1995,16,0.0,0.0,0.0,0.0,0.0,0.0,0.0,0.0,59.66628755517934,21.949384401318728
1995-1826-0011_8463-287645-0014__T1__NORMAL__1995,1995,8463,5,0.0,0.0,0.0,0.0,0.0,0.0,0.0,0.0,69.24458567822758,20.47998134247321
1995-1826-0011_8463-287645-0014__T2__NORMAL__8463,8463,1995,5,0.0,0.0,0.0,0.0,0.0,0.0,0.0,0.0,61.08616719334466,23.28297097599113
1995-1826-0012_3729-6852-0011__T1__NORMAL__1995,1995,3729,11,0.0,0.0,0.09090909090909091,0.0,0.0,0.0,0.0,0.0,52.72486600968227,18.1513659906654
1995-1826-0012_3729-6852-0011__T2__NORMAL__3729,3729,1995,11,0.0,0.0,0.0,0.0,0.0,0.0,0.0,0.0,55.25902454698247,17.11562746864905
1995-1826-0013_8555-284449-0018__T1__NORMAL__1995,1995,8555,13,0.0,0.0,0.0,0.0,0.0,0.0,0.0,0.0,63.20612404357701,22.631034249177866
1995-1826-0013_8555-284449-0018__T2__NORMAL__8555,8555,1995,13,0.0,0.0,0.0,0.0,0.0,0.0,0.0,0.0,61.3647879937389,26.57955292835848
1995-1826-0015_1320-122617-0037__T1__NORMAL__1995,1995,1320,6,0.0,0.0,0.0,0.0,0.0,0.0,0.0,0.0,66.86109554745815,27.914016600139828
1995-1826-0015_1320-122617-0037__T2__NORMAL__1320,1320,1995,6,0.0,0.0,0.0,0.0,0.0,0.0,0.0,0.0,58.19245494684677,19.897692307402924
1995-1826-0015_2830-3980-0020__T1__NORMAL__1995,1995,2830,5,0.0,0.0,0.0,0.0,0.0,0.0,0.0,0.0,66.79075980879409,19.17607368558351
1995-1826-0015_2830-3980-0020__T2__NORMAL__2830,2830,1995,5,0.0,0.0,0.0,0.0,0.0,0.0,0.0,0.0,52.19899124983427,13.63506046472458
1995-1826-0015_908-157963-0005__T1__NORMAL__1995,1995,908,6,0.0,0.0,0.0,0.0,0.0,0.0,0.0,0.0,57.720784183412405,17.99003872932821
1995-1826-0015_908-157963-0005__T2__NORMAL__908,908,1995,6,0.0,0.0,0.0,0.0,0.0,0.0,0.0,0.0,50.564007344413426,22.977272366180497
1995-1826-0016_4992-41797-0008__T1__NORMAL__1995,1995,4992,10,0.0,0.1,0.0,0.0,0.0,0.0,0.0,0.0,63.61697699093604,19.5835779036796
1995-1826-0016_4992-41797-0008__T2__NORMAL__4992,4992,1995,10,0.0,0.0,0.0,0.0,0.0,0.0,0.0,0.0,55.90068623066304,23.58435827231928
1995-1826-0016_6930-76324-0027__T1__NORMAL__1995,1995,6930,10,0.0,0.0,0.0,0.0,0.0,0.0,0.0,0.0,65.28797064284137,19.558906703048304
1995-1826-0016_6930-76324-0027__T2__NORMAL__6930,6930,1995,10,0.0,0.2,0.0,0.0,0.0,0.0,0.0,0.0,67.28241092702902,21.42134041635623
1995-1826-0017_1284-134647-0001__T1__NORMAL__1995,1995,1284,11,0.0,0.09090909090909091,0.0,0.0,0.0,0.0,0.0,0.0,63.115837060404445,21.14143926215964
1995-1826-0017_1284-134647-0001__T2__NORMAL__1284,1284,1995,11,0.0,0.0,0.0,0.0,0.0,0.0,0.0,0.0,61.698173889627064,21.898585622705166
1995-1826-0017_1580-141083-0034__T1__NORMAL__1995,1995,1580,11,0.0,0.0,0.0,0.0,0.0,0.0,0.0,0.0,64.5928280715704,20.86690776523311
1995-1826-0017_1580-141083-0034__T2__NORMAL__1580,1580,1995,11,0.0,0.0,0.0,0.0,0.0,0.0,0.0,0.0,60.171355944562045,25.37820159631879
1995-1826-0017_5639-40744-0001__T1__NORMAL__1995,1995,5639,11,0.0,0.0,0.0,0.0,0.0,0.0,0.0,0.0,62.445071752354075,21.25888805865961
1995-1826-0017_5639-40744-0001__T2__NORMAL__5639,5639,1995,11,0.0,0.0,0.0,0.0,0.0,0.0,0.0,0.0,53.993411253389496,18.7599804972027
1995-1826-0018_6930-75918-0018__T1__NORMAL__1995,1995,6930,9,0.0,0.0,0.0,0.0,0.0,0.0,0.0,0.0,54.992181143253816,15.113068965714955
1995-1826-0018_6930-75918-0018__T2__NORMAL__6930,6930,1995,9,0.0,0.0,0.0,0.0,0.0,0.0,0.0,0.0,50.590770854998155,20.92200603434616
1995-1826-0020_3729-6852-0019__T1__NORMAL__1995,1995,3729,5,0.0,0.0,0.0,0.0,0.0,0.0,0.0,0.0,52.31178136230153,14.004180382998507
1995-1826-0020_3729-6852-0019__T2__NORMAL__3729,3729,1995,5,0.0,0.0,0.0,0.0,0.0,0.0,0.0,0.0,54.32804321464448,19.051772396556714
1995-1826-0020_61-70970-0027__T1__NORMAL__1995,1995,61,9,0.0,0.0,0.0,0.0,0.0,0.0,0.0,0.0,57.163003122005954,20.931499117353862
1995-1826-0020_61-70970-0027__T2__NORMAL__61,61,1995,9,0.0,0.0,0.0,0.0,0.0,0.0,0.0,0.0,55.92776767899915,20.74020801327532
1995-1826-0021_7176-92135-0008__T1__NORMAL__1995,1995,7176,7,0.0,0.0,0.0,0.0,0.0,0.0,0.0,0.0,54.33266000411053,17.101953182266463
1995-1826-0021_7176-92135-0008__T2__NORMAL__7176,7176,1995,7,0.0,0.14285714285714285,0.0,0.0,0.0,0.0,0.0,0.0,52.843182639592214,21.510448994983115
1995-1826-0022_5683-32879-0014__T1__NORMAL__1995,1995,5683,8,0.0,0.0,0.0,0.0,0.0,0.0,0.0,0.0,57.689355352077214,9.241926328435676
1995-1826-0022_5683-32879-0014__T2__NORMAL__5683,5683,1995,8,0.0,0.0,0.125,0.0,0.0,0.0,0.0,0.0,45.13285497792491,12.859085309399813
1995-1826-0024_5683-32879-0013__T1__NORMAL__1995,1995,5683,9,0.0,0.1111111111111111,0.3333333333333333,0.0,0.0,0.0,0.0,0.0,57.95994427667468,7.944756957073055
1995-1826-0024_5683-32879-0013__T2__NORMAL__5683,5683,1995,9,0.0,0.1111111111111111,0.0,0.0,0.0,0.0,0.0,0.0,47.98223842105368,5.491537684636676
1995-1826-0024_6829-68769-0033__T1__NORMAL__1995,1995,6829,7,0.0,0.0,0.2857142857142857,0.14285714285714285,0.0,0.0,0.0,0.0,57.04163579912129,24.061157194581103
1995-1826-0024_6829-68769-0033__T2__NORMAL__6829,6829,1995,7,0.0,0.0,0.0,0.0,0.0,0.0,0.0,0.0,59.02738455719536,18.77459480876689
1995-1826-0025_2830-3980-0047__T1__NORMAL__1995,1995,2830,5,0.0,0.0,0.0,0.0,0.0,0.0,0.0,0.0,28.891588681104356,14.365073271524953
1995-1826-0025_2830-3980-0047__T2__NORMAL__2830,2830,1995,5,0.0,0.0,0.0,0.0,0.0,0.0,0.0,0.0,45.37600255950626,8.816511365571749
1995-1826-0025_7021-85628-0007__T1__NORMAL__1995,1995,7021,5,0.0,0.0,0.0,0.0,0.0,0.0,0.0,0.0,69.43227943684802,20.31118896949827
1995-1826-0025_7021-85628-0007__T2__NORMAL__7021,7021,1995,5,0.0,0.2,0.0,0.0,0.0,0.0,0.0,0.0,61.866623644592245,22.636924181914928
1995-1826-0025_8463-294825-0008__T1__NORMAL__1995,1995,8463,5,0.0,0.0,0.0,0.0,0.0,0.0,0.0,0.0,61.87496437660959,21.25240440944237
1995-1826-0025_8463-294825-0008__T2__NORMAL__8463,8463,1995,5,1.0,1.0,1.0,1.0,1.0,1.0,1.0,1.0,-61.80725783039842,-41.978750663847165
1995-1826-0026_6829-68771-0029__T1__NORMAL__1995,1995,6829,16,0.0,0.0,0.0,0.0,0.0,0.0,0.0,0.0,65.24229659106157,21.24450152795857
1995-1826-0026_6829-68771-0029__T2__NORMAL__6829,6829,1995,16,0.0,0.0625,0.0625,0.0,0.0,0.0,0.0,0.0,63.80724932060541,23.41920397259492
1995-1836-0000_1320-122617-0015__T1__NORMAL__1995,1995,1320,9,0.0,0.0,0.0,0.0,0.0,0.0,0.0,0.0,64.87552530345111,27.46380165252632
1995-1836-0000_1320-122617-0015__T2__NORMAL__1320,1320,1995,9,0.0,0.0,0.0,0.0,0.0,0.0,0.0,0.0,63.619654384886694,21.82055042696542
1995-1836-0001_8455-210777-0049__T1__NORMAL__1995,1995,8455,7,0.0,0.0,0.0,0.0,0.0,0.0,0.0,0.0,59.920943470968915,19.07574313286047
1995-1836-0001_8455-210777-0049__T2__NORMAL__8455,8455,1995,7,0.0,0.0,0.0,0.0,0.0,0.0,0.0,0.0,58.323104568706476,21.640343237867818
1995-1836-0003_4992-41806-0011__T1__NORMAL__1995,1995,4992,14,0.0,0.0,0.14285714285714285,0.0,0.0,0.0,0.0,0.0,65.13905658933156,21.738588494813943
1995-1836-0003_4992-41806-0011__T2__NORMAL__4992,4992,1995,14,0.0,0.07142857142857142,0.0,0.0,0.0,0.0,0.0,0.0,62.028408762893356,23.76627486464331
1995-1836-0003_8230-279154-0000__T1__NORMAL__1995,1995,8230,14,0.0,0.0,0.07142857142857142,0.0,0.0,0.0,0.0,0.0,64.46330747510625,24.86034020138093
1995-1836-0003_8230-279154-0000__T2__NORMAL__8230,8230,1995,14,0.0,0.0,0.0,0.0,0.0,0.0,0.0,0.0,59.733845357686434,22.776587576990377
1995-1836-0005_2300-131720-0012__T1__NORMAL__1995,1995,2300,20,0.0,0.0,0.0,0.0,0.0,0.0,0.0,0.0,54.15803970838465,22.86086845924938
1995-1836-0005_2300-131720-0012__T2__NORMAL__2300,2300,1995,20,0.0,0.0,0.0,0.0,0.0,0.0,0.0,0.0,58.82597042416664,20.06582761897774
1995-1836-0005_6930-81414-0019__T1__NORMAL__1995,1995,6930,5,0.0,0.0,0.2,0.0,0.0,0.0,0.0,0.0,60.03804924074545,19.93641900308307
1995-1836-0005_6930-81414-0019__T2__NORMAL__6930,6930,1995,5,0.0,0.0,0.0,0.0,0.0,0.0,0.0,0.0,48.34362197638497,19.59495121613644
1995-1836-0006_2094-142345-0036__T1__NORMAL__1995,1995,2094,12,0.0,0.08333333333333333,0.0,0.0,0.0,0.0,0.0,0.0,50.71164278528543,16.249678714636758
1995-1836-0006_2094-142345-0036__T2__NORMAL__2094,2094,1995,12,0.0,0.08333333333333333,0.0,0.0,0.0,0.0,0.0,0.0,56.60101341927706,18.43351889502513
1995-1836-0007_2830-3980-0070__T1__NORMAL__1995,1995,2830,5,0.0,0.0,0.0,0.0,0.0,0.0,0.0,0.0,59.74535709080864,23.733903646609164
1995-1836-0007_2830-3980-0070__T2__NORMAL__2830,2830,1995,5,0.0,0.0,0.0,0.0,0.0,0.0,0.0,0.0,57.75023696688091,18.75556117709495
1995-1836-0007_5683-32865-0010__T1__NORMAL__1995,1995,5683,5,0.0,0.0,0.0,0.0,0.0,0.0,0.0,0.0,61.64221554548963,23.57588245692906
1995-1836-0007_5683-32865-0010__T2__NORMAL__5683,5683,1995,5,0.0,0.0,0.0,0.0,0.0,0.0,0.0,0.0,48.449795906361814,18.304283792552354
1995-1836-0008_5683-32866-0006__T1__NORMAL__1995,1995,5683,7,0.0,0.0,0.0,0.0,0.0,0.0,0.0,0.0,47.699146373297495,17.074378760883306
1995-1836-0008_5683-32866-0006__T2__NORMAL__5683,5683,1995,7,0.0,0.14285714285714285,0.0,0.0,0.0,0.0,0.0,0.0,49.60878295321008,14.3381796318543
1995-1836-0009_4507-16021-0034__T1__NORMAL__1995,1995,4507,12,0.0,0.0,0.16666666666666666,0.0,0.0,0.0,0.0,0.0,54.016975651170924,20.883468375053724
1995-1836-0009_4507-16021-0034__T2__NORMAL__4507,4507,1995,12,0.0,0.08333333333333333,0.0,0.0,0.0,0.0,0.0,0.0,62.89658629915126,13.620295572101112
1995-1836-0009_672-122797-0047__T1__NORMAL__1995,1995,672,5,0.0,0.0,0.0,0.0,0.0,0.0,0.0,0.0,61.07987949906578,19.814509804721347
1995-1836-0009_672-122797-0047__T2__NORMAL__672,672,1995,5,0.0,0.2,0.0,0.0,0.0,0.0,0.0,0.0,58.761302209360714,23.919229223762898
1995-1836-0009_7729-102255-0020__T1__NORMAL__1995,1995,7729,12,0.0,0.0,0.08333333333333333,0.0,0.0,0.0,0.0,0.0,54.01029366609356,17.911210789432218
1995-1836-0009_7729-102255-0020__T2__NORMAL__7729,7729,1995,12,0.0,0.0,0.0,0.0,0.0,0.0,0.0,0.0,56.69998585249891,20.958363123643338
1995-1836-0011_8463-294825-0015__T1__NORMAL__1995,1995,8463,5,0.0,0.0,0.0,0.0,0.0,0.0,0.0,0.0,73.66490521638059,23.071204187634333
1995-1836-0011_8463-294825-0015__T2__NORMAL__8463,8463,1995,5,1.0,1.0,1.0,1.0,1.0,1.0,1.0,1.0,-40.200467206258445,-16.934568769180018
1995-1836-0012_4446-2275-0034__T1__NORMAL__1995,1995,4446,5,0.0,0.0,0.0,0.0,0.0,0.0,0.0,0.0,75.00652356179953,24.844535893955264
1995-1836-0012_4446-2275-0034__T2__NORMAL__4446,4446,1995,5,1.0,1.0,1.0,1.0,1.0,1.0,1.0,1.0,-76.28591872816878,-39.23061414665754
1995-1836-0012_7021-79730-0006__T1__NORMAL__1995,1995,7021,6,0.0,0.0,0.0,0.16666666666666666,0.0,0.0,0.0,0.0,59.707753059341655,19.73169849187245
1995-1836-0012_7021-79730-0006__T2__NORMAL__7021,7021,1995,6,0.0,0.0,0.0,0.0,0.0,0.0,0.0,0.0,63.736912442581094,20.11955498778374
1995-1836-0013_2961-961-0014__T1__NORMAL__1995,1995,2961,9,0.0,0.0,0.0,0.0,0.0,0.0,0.0,0.0,69.42740060759002,19.49421378005312
1995-1836-0013_2961-961-0014__T2__NORMAL__2961,2961,1995,9,0.0,0.0,0.0,0.0,0.0,0.0,0.0,0.0,59.4044809571258,25.60192523279981
1995-1836-0014_3570-5695-0002__T1__NORMAL__1995,1995,3570,14,0.0,0.0,0.0,0.0,0.0,0.0,0.0,0.0,58.78115629277465,20.239225239106155
1995-1836-0014_3570-5695-0002__T2__NORMAL__3570,3570,1995,14,0.0,0.0,0.0,0.0,0.0,0.0,0.0,0.0,59.56777909998946,21.704042220560336
1995-1836-0014_8455-210777-0025__T1__NORMAL__1995,1995,8455,6,0.0,0.0,0.0,0.16666666666666666,0.0,0.0,0.0,0.0,53.76283786550255,18.01837698276927
1995-1836-0014_8455-210777-0025__T2__NORMAL__8455,8455,1995,6,0.0,0.0,0.0,0.0,0.0,0.0,0.0,0.0,55.99559711078626,19.481140757609623
1995-1837-0000_237-134493-0014__T1__NORMAL__1995,1995,237,6,0.0,0.0,0.0,0.0,0.0,0.0,0.0,0.0,63.102070819661606,22.35219579146032
1995-1837-0000_237-134493-0014__T2__NORMAL__237,237,1995,6,0.0,0.0,0.0,0.0,0.0,0.0,0.0,0.0,60.99830747851298,26.29535264929413
1995-1837-0000_8224-274384-0013__T1__NORMAL__1995,1995,8224,6,0.0,0.16666666666666666,0.0,0.0,0.0,0.0,0.0,0.0,50.73948352711548,21.166883734796123
1995-1837-0000_8224-274384-0013__T2__NORMAL__8224,8224,1995,6,0.0,0.0,0.0,0.0,0.0,0.0,0.0,0.0,49.60518072683479,22.81508599956288
1995-1837-0001_672-122797-0001__T1__NORMAL__1995,1995,672,14,0.0,0.0,0.07142857142857142,0.0,0.0,0.0,0.0,0.0,63.75475289942671,22.51651121487032
1995-1837-0001_672-122797-0001__T2__NORMAL__672,672,1995,14,0.0,0.07142857142857142,0.0,0.0,0.0,0.0,0.0,0.0,61.59008469672803,24.782702541457663
1995-1837-0001_6930-76324-0014__T1__NORMAL__1995,1995,6930,8,0.0,0.0,0.125,0.0,0.0,0.0,0.0,0.0,71.18189339271063,16.702795701679136
1995-1837-0001_6930-76324-0014__T2__NORMAL__6930,6930,1995,8,0.0,0.0,0.0,0.0,0.0,0.0,0.0,0.0,53.01570339643798,24.29532501820452
1995-1837-0004_3575-170457-0034__T1__NORMAL__1995,1995,3575,5,0.0,0.2,0.0,0.0,0.0,0.0,0.0,0.0,56.615341532601654,23.050106480548862
1995-1837-0004_3575-170457-0034__T2__NORMAL__3575,3575,1995,5,0.0,0.0,0.0,0.0,0.0,0.0,0.0,0.0,56.054094761451594,24.5722776984114
1995-1837-0004_5639-40744-0007__T1__NORMAL__1995,1995,5639,9,0.0,0.0,0.0,0.0,0.0,0.0,0.0,0.0,68.50874957833638,23.318339341356968
1995-1837-0004_5639-40744-0007__T2__NORMAL__5639,5639,1995,9,0.0,0.0,0.0,0.0,0.0,0.0,0.0,0.0,64.68292068543876,25.88253216110167
1995-1837-0007_61-70970-0010__T1__NORMAL__1995,1995,61,5,0.0,0.0,0.0,0.0,0.0,0.0,0.0,0.0,61.45173789549526,21.835696494870625
1995-1837-0007_61-70970-0010__T2__NORMAL__61,61,1995,5,0.0,0.2,0.0,0.0,0.0,0.0,0.0,0.0,54.17981833446978,22.74469651235705
1995-1837-0009_5683-32879-0016__T1__NORMAL__1995,1995,5683,6,0.0,0.0,0.0,0.0,0.0,0.0,0.0,0.0,72.07138607871512,25.618005180299456
1995-1837-0009_5683-32879-0016__T2__NORMAL__5683,5683,1995,6,0.0,0.3333333333333333,0.0,0.0,0.0,0.0,0.0,0.0,65.65684707034072,24.961648870577807
1995-1837-0009_6829-68769-0017__T1__NORMAL__1995,1995,6829,6,0.0,0.0,0.0,0.0,0.0,0.0,0.0,0.0,54.16475873212429,22.367589884554143
1995-1837-0009_6829-68769-0017__T2__NORMAL__6829,6829,1995,6,0.0,0.0,0.0,0.0,0.0,0.0,0.0,0.0,54.41440423440491,21.534778191876
1995-1837-0009_7176-88083-0006__T1__NORMAL__1995,1995,7176,6,0.0,0.0,0.0,0.0,0.0,0.0,0.0,0.0,64.29283794559451,22.76049075278057
1995-1837-0009_7176-88083-0006__T2__NORMAL__7176,7176,1995,6,0.0,0.0,0.0,0.0,0.0,0.0,0.0,0.0,63.06733924533268,24.1808172402526
1995-1837-0010_5639-40744-0033__T1__NORMAL__1995,1995,5639,5,0.0,0.0,0.0,0.0,0.0,0.0,0.0,0.0,62.69540842328985,21.95165392106714
1995-1837-0010_5639-40744-0033__T2__NORMAL__5639,5639,1995,5,0.0,0.0,0.0,0.0,0.0,0.0,0.0,0.0,67.97662971990704,24.338978687301765
1995-1837-0011_1580-141084-0009__T1__NORMAL__1995,1995,1580,5,0.0,0.0,0.0,0.0,0.0,0.0,0.0,0.0,62.89672048280348,27.41072718404063
1995-1837-0011_1580-141084-0009__T2__NORMAL__1580,1580,1995,5,0.0,0.0,0.0,0.0,0.0,0.0,0.0,0.0,59.07113523748283,23.49670724967285
1995-1837-0011_4446-2275-0013__T1__NORMAL__1995,1995,4446,5,0.0,0.0,0.0,0.0,0.0,0.0,0.0,0.0,65.09806886959788,19.744133531210643
1995-1837-0011_4446-2275-0013__T2__NORMAL__4446,4446,1995,5,1.0,1.0,1.0,1.0,1.0,1.0,1.0,1.0,-65.18870476588934,-33.47563642811308
1995-1837-0012_8463-287645-0009__T1__NORMAL__1995,1995,8463,6,0.0,0.0,0.0,0.0,0.0,0.0,0.0,0.0,62.434001835343906,20.396395975662514
1995-1837-0012_8463-287645-0009__T2__NORMAL__8463,8463,1995,6,0.0,0.0,0.0,0.0,0.0,0.0,0.0,0.0,59.4118551452436,20.99049900505053
1995-1837-0013_260-123288-0016__T1__NORMAL__1995,1995,260,5,0.0,0.2,0.0,0.0,0.0,0.0,0.0,0.0,59.765059281464644,24.41791993682052
1995-1837-0013_260-123288-0016__T2__NORMAL__260,260,1995,5,0.0,0.0,0.0,0.0,0.0,0.0,0.0,0.0,59.00429224466869,23.64971304286769
1995-1837-0013_3570-5694-0008__T1__NORMAL__1995,1995,3570,5,0.0,0.0,0.0,0.0,0.0,0.0,0.0,0.0,59.29248415981333,23.746789246978373
1995-1837-0013_3570-5694-0008__T2__NORMAL__3570,3570,1995,5,0.0,0.0,0.0,0.0,0.0,0.0,0.0,0.0,67.59536937027381,21.25615999953106
1995-1837-0013_7176-92135-0009__T1__NORMAL__1995,1995,7176,5,0.0,0.0,0.0,0.0,0.0,0.0,0.0,0.0,56.288611324443536,25.143287632711534
1995-1837-0013_7176-92135-0009__T2__NORMAL__7176,7176,1995,5,0.0,0.0,0.0,0.0,0.0,0.0,0.0,0.0,55.076124116868186,25.086272740276435
1995-1837-0015_1580-141083-0012__T1__NORMAL__1995,1995,1580,7,0.0,0.0,0.0,0.0,0.0,0.0,0.0,0.0,66.65924176725154,21.278117231519413
1995-1837-0015_1580-141083-0012__T2__NORMAL__1580,1580,1995,7,0.0,0.0,0.0,0.0,0.0,0.0,0.0,0.0,62.00339638319861,28.492720756283585
1995-1837-0015_4077-13751-0001__T1__NORMAL__1995,1995,4077,7,0.0,0.0,0.0,0.0,0.0,0.0,0.0,0.0,52.75033053055474,17.956123466142532
1995-1837-0015_4077-13751-0001__T2__NORMAL__4077,4077,1995,7,0.0,0.0,0.0,0.0,0.0,0.0,0.0,0.0,54.11961572534473,19.156943492168924
1995-1837-0016_1320-122617-0006__T1__NORMAL__1995,1995,1320,10,0.0,0.0,0.0,0.0,0.0,0.0,0.0,0.0,56.079983421358634,25.40526008087022
1995-1837-0016_1320-122617-0006__T2__NORMAL__1320,1320,1995,10,0.0,0.0,0.0,0.0,0.0,0.0,0.0,0.0,54.48506645251105,25.090613655759096
1995-1837-0016_3575-170457-0038__T1__NORMAL__1995,1995,3575,13,0.0,0.0,0.07692307692307693,0.0,0.0,0.0,0.0,0.0,56.83212111877344,24.317457659380253
1995-1837-0016_3575-170457-0038__T2__NORMAL__3575,3575,1995,13,0.0,0.0,0.0,0.0,0.0,0.0,0.0,0.0,55.47341921363137,24.98001611850616
1995-1837-0016_8230-279154-0006__T1__NORMAL__1995,1995,8230,13,0.0,0.07692307692307693,0.07692307692307693,0.0,0.0,0.0,0.0,0.0,57.595891914502985,23.67982682836669
1995-1837-0016_8230-279154-0006__T2__NORMAL__8230,8230,1995,13,0.0,0.0,0.0,0.0,0.0,0.0,0.0,0.0,60.294532613871645,23.119279531535657
1995-1837-0017_7176-88083-0011__T1__NORMAL__1995,1995,7176,5,0.0,0.0,0.0,0.0,0.0,0.0,0.0,0.0,55.651279139170185,21.281244072324466
1995-1837-0017_7176-88083-0011__T2__NORMAL__7176,7176,1995,5,0.0,0.2,0.0,0.0,0.0,0.0,0.0,0.0,51.46942638349532,21.793564614541307
1995-1837-0019_1089-134686-0009__T1__NORMAL__1995,1995,1089,9,0.0,0.0,0.0,0.0,0.0,0.0,0.0,0.0,71.55324388783129,26.580269294296656
1995-1837-0019_1089-134686-0009__T2__NORMAL__1089,1089,1995,9,0.0,0.0,0.0,0.0,0.0,0.0,0.0,0.0,59.20467827835023,25.714065138464026
1995-1837-0019_672-122797-0023__T1__NORMAL__1995,1995,672,9,0.0,0.0,0.0,0.0,0.0,0.0,0.0,0.0,63.29855290906664,24.89079765063876
1995-1837-0019_672-122797-0023__T2__NORMAL__672,672,1995,9,0.0,0.1111111111111111,0.0,0.0,0.0,0.0,0.0,0.0,63.164408588408804,21.3902235740624
1995-1837-0020_5142-33396-0032__T1__NORMAL__1995,1995,5142,5,0.0,0.0,0.0,0.0,0.0,0.0,0.0,0.0,57.552386155264074,24.22538763882245
1995-1837-0020_5142-33396-0032__T2__NORMAL__5142,5142,1995,5,0.0,0.0,0.0,0.0,0.0,0.0,0.0,0.0,54.270425427695386,20.97276231175544
1995-1837-0021_4970-29095-0026__T1__NORMAL__1995,1995,4970,5,0.0,0.0,0.2,0.0,0.0,0.0,0.0,0.0,57.390473578796694,27.93869440540061
1995-1837-0021_4970-29095-0026__T2__NORMAL__4970,4970,1995,5,0.0,0.0,0.0,0.0,0.0,0.0,0.0,0.0,49.89068151279042,19.71964445488293
1995-1837-0022_4992-41797-0008__T1__NORMAL__1995,1995,4992,5,0.0,0.0,0.0,0.0,0.0,0.0,0.0,0.0,57.0041482613297,20.131583295701496
1995-1837-0022_4992-41797-0008__T2__NORMAL__4992,4992,1995,5,0.0,0.0,0.0,0.0,0.0,0.0,0.0,0.0,58.60734645117883,21.80971355107994
1995-1837-0024_908-157963-0005__T1__NORMAL__1995,1995,908,9,0.0,0.0,0.0,0.0,0.0,0.0,0.0,0.0,66.2059682611533,19.289602243473134
1995-1837-0024_908-157963-0005__T2__NORMAL__908,908,1995,9,0.0,0.1111111111111111,0.0,0.0,0.0,0.0,0.0,0.0,60.32410139297739,24.031738025444824
1995-1837-0025_5142-36377-0017__T1__NORMAL__1995,1995,5142,8,0.0,0.0,0.0,0.0,0.0,0.0,0.0,0.0,69.57956240325169,25.56280511033848
1995-1837-0025_5142-36377-0017__T2__NORMAL__5142,5142,1995,8,0.0,0.0,0.0,0.0,0.0,0.0,0.0,0.0,64.89689623580543,23.891425455568413
1995-1837-0027_1089-134686-0017__T1__NORMAL__1995,1995,1089,12,0.0,0.0,0.0,0.0,0.0,0.0,0.0,0.0,64.10947714864409,22.155975177314183
1995-1837-0027_1089-134686-0017__T2__NORMAL__1089,1089,1995,12,0.0,0.08333333333333333,0.0,0.0,0.0,0.0,0.0,0.0,56.10940384583634,28.89959902973872
1995-1837-0027_4970-29095-0022__T1__NORMAL__1995,1995,4970,8,0.0,0.0,0.0,0.0,0.0,0.0,0.0,0.0,65.17544357775243,26.48318970411617
1995-1837-0027_4970-29095-0022__T2__NORMAL__4970,4970,1995,8,0.0,0.0,0.0,0.0,0.0,0.0,0.0,0.0,63.92975890218209,23.99118555088853
1995-1837-0027_7176-88083-0008__T1__NORMAL__1995,1995,7176,5,0.0,0.0,0.0,0.0,0.0,0.0,0.0,0.0,59.59616688892679,22.62536199765681
1995-1837-0027_7176-88083-0008__T2__NORMAL__7176,7176,1995,5,0.0,0.0,0.0,0.0,0.0,0.0,0.0,0.0,62.39748376010242,23.22226301467926
1995-1837-0029_5683-32865-0013__T1__NORMAL__1995,1995,5683,9,0.0,0.0,0.0,0.0,0.0,0.0,0.0,0.0,69.49857532666603,24.68613429313038
1995-1837-0029_5683-32865-0013__T2__NORMAL__5683,5683,1995,9,0.0,0.3333333333333333,0.0,0.0,0.0,0.0,0.0,0.0,64.68323505716637,23.85339779958388
2094-142345-0001_1089-134691-0008__T1__NORMAL__2094,2094,1089,15,0.0,0.0,0.0,0.0,0.0,0.0,0.0,0.0,56.60100309939754,13.274028910859194
2094-142345-0001_1089-134691-0008__T2__NORMAL__1089,1089,2094,15,0.0,0.0,0.0,0.0,0.0,0.0,0.0,0.0,46.4811833815523,15.315943799854862
2094-142345-0003_6930-81414-0004__T1__NORMAL__2094,2094,6930,17,0.0,0.0,0.0,0.0,0.0,0.0,0.0,0.0,54.116823866325085,13.082096756409667
2094-142345-0003_6930-81414-0004__T2__NORMAL__6930,6930,2094,17,0.0,0.058823529411764705,0.0,0.0,0.0,0.0,0.0,0.0,54.242029571829974,21.88685485141124
2094-142345-0009_8455-210777-0035__T1__NORMAL__2094,2094,8455,8,0.0,0.0,0.0,0.0,0.0,0.0,0.0,0.0,44.67263956150154,13.908064719606203
2094-142345-0009_8455-210777-0035__T2__NORMAL__8455,8455,2094,8,0.0,0.125,0.0,0.0,0.0,0.0,0.0,0.0,40.24306650100493,14.579048458094322
2094-142345-0011_1580-141083-0001__T1__NORMAL__2094,2094,1580,18,0.0,0.0,0.0,0.0,0.0,0.0,0.0,0.0,61.2728999601857,19.86908122343384
2094-142345-0011_1580-141083-0001__T2__NORMAL__1580,1580,2094,18,0.0,0.0,0.0,0.0,0.0,0.0,0.0,0.0,54.09432798665132,21.00799995882544
2094-142345-0012_4446-2275-0026__T1__NORMAL__2094,2094,4446,9,0.0,0.0,0.0,0.0,0.0,0.0,0.0,0.0,53.900728359304026,19.674792412029493
2094-142345-0012_4446-2275-0026__T2__NORMAL__4446,4446,2094,9,1.0,1.0,1.0,1.0,1.0,1.0,1.0,1.0,-55.20971019629975,-54.53939389869527
2094-142345-0018_1284-1181-0000__T1__NORMAL__2094,2094,1284,5,0.0,0.0,0.0,0.0,0.0,0.0,0.0,0.0,54.77896841786075,12.64583525176301
2094-142345-0018_1284-1181-0000__T2__NORMAL__1284,1284,2094,5,0.0,0.0,0.2,0.0,0.0,0.0,0.0,0.0,53.309325753948954,20.358216993557622
2094-142345-0018_1320-122617-0018__T1__NORMAL__2094,2094,1320,5,0.0,0.0,0.0,0.0,0.0,0.0,0.0,0.0,47.095683482252625,18.768980998216566
2094-142345-0018_1320-122617-0018__T2__NORMAL__1320,1320,2094,5,0.0,0.0,0.0,0.0,0.0,0.0,0.0,0.0,41.23547709527637,12.507935325566525
2094-142345-0018_8555-292519-0008__T1__NORMAL__2094,2094,8555,5,0.0,0.0,0.0,0.0,0.0,0.0,0.0,0.0,48.282688867367895,8.754450552835497
2094-142345-0018_8555-292519-0008__T2__NORMAL__8555,8555,2094,5,0.0,0.2,0.0,0.0,0.0,0.0,0.0,0.0,31.985059945940087,10.532421611701988
2094-142345-0021_1995-1826-0019__T1__NORMAL__2094,2094,1995,9,0.0,0.0,0.0,0.0,0.0,0.0,0.0,0.0,55.68449238339363,18.443443684392857
2094-142345-0021_1995-1826-0019__T2__NORMAL__1995,1995,2094,9,0.0,0.0,0.0,0.0,0.0,0.0,0.0,0.0,48.6138453569406,18.273037409302766
2094-142345-0023_4507-16021-0002__T1__NORMAL__2094,2094,4507,5,0.0,0.0,0.0,0.0,0.0,0.0,0.0,0.0,43.65747339692639,17.6589078385907
2094-142345-0023_4507-16021-0002__T2__NORMAL__4507,4507,2094,5,0.0,0.0,0.0,0.0,0.0,0.0,0.0,0.0,54.89830419388208,15.83423359875781
2094-142345-0023_908-157963-0024__T1__NORMAL__2094,2094,908,5,0.0,0.0,0.0,0.2,0.0,0.0,0.0,0.0,41.803879085552815,16.941504533343377
2094-142345-0023_908-157963-0024__T2__NORMAL__908,908,2094,5,0.0,0.0,0.0,0.0,0.0,0.0,0.0,0.0,44.85423492133791,12.848758447111312
2094-142345-0024_6829-68771-0036__T1__NORMAL__2094,2094,6829,9,0.0,0.0,0.0,0.0,0.0,0.0,0.0,0.0,49.38290225796676,6.156996837634472
2094-142345-0024_6829-68771-0036__T2__NORMAL__6829,6829,2094,9,0.0,0.0,0.0,0.0,0.0,0.0,0.0,0.0,36.22743256544921,6.703200602048759
2094-142345-0027_260-123288-0007__T1__NORMAL__2094,2094,260,10,0.0,0.0,0.0,0.0,0.0,0.0,0.0,0.0,55.64141886224694,15.327593452932302
2094-142345-0027_260-123288-0007__T2__NORMAL__260,260,2094,10,0.0,0.0,0.0,0.0,0.0,0.0,0.0,0.0,48.20588475685601,14.547056886314676
2094-142345-0027_4446-2273-0028__T1__NORMAL__2094,2094,4446,9,0.0,0.0,0.0,0.0,0.0,0.0,0.0,0.0,65.15211099618803,15.339064454982758
2094-142345-0027_4446-2273-0028__T2__NORMAL__4446,4446,2094,9,1.0,1.0,1.0,1.0,1.0,1.0,1.0,1.0,-63.773259317660795,-32.999227882319445
2094-142345-0027_7021-79759-0000__T1__NORMAL__2094,2094,7021,8,0.0,0.0,0.0,0.0,0.0,0.0,0.0,0.0,56.28036033466592,13.638027096270736
2094-142345-0027_7021-79759-0000__T2__NORMAL__7021,7021,2094,8,0.0,0.0,0.125,0.0,0.0,0.0,0.0,0.0,50.85678375662836,17.408902968745313
2094-142345-0028_6829-68769-0024__T1__NORMAL__2094,2094,6829,8,0.0,0.0,0.0,0.0,0.0,0.0,0.0,0.0,59.63227426133033,8.68848386137944
2094-142345-0028_6829-68769-0024__T2__NORMAL__6829,6829,2094,8,0.0,0.125,0.0,0.0,0.0,0.0,0.0,0.0,47.96366357781899,13.1076761281358
2094-142345-0028_8455-210777-0038__T1__NORMAL__2094,2094,8455,12,0.0,0.0,0.0,0.0,0.0,0.0,0.0,0.0,51.01085594859966,10.472763817242864
2094-142345-0028_8455-210777-0038__T2__NORMAL__8455,8455,2094,12,0.0,0.0,0.0,0.0,0.0,0.0,0.0,0.0,39.612550501533384,16.505873181491182
2094-142345-0029_1995-1837-0012__T1__NORMAL__2094,2094,1995,15,0.0,0.0,0.0,0.0,0.0,0.0,0.0,0.0,54.961358840743486,14.597788113821151
2094-142345-0029_1995-1837-0012__T2__NORMAL__1995,1995,2094,15,0.0,0.0,0.0,0.0,0.0,0.0,0.0,0.0,49.495152968325684,18.69612835102551
2094-142345-0029_7127-75946-0014__T1__NORMAL__2094,2094,7127,16,0.0,0.0625,0.0,0.0,0.0,0.0,0.0,0.0,55.31060133918048,6.709344573241048
2094-142345-0029_7127-75946-0014__T2__NORMAL__7127,7127,2094,16,0.0,0.0,0.125,0.0,0.0,0.0,0.0,0.0,48.68546061585916,19.46635970531036
2094-142345-0030_5142-36377-0009__T1__NORMAL__2094,2094,5142,9,0.0,0.0,0.0,0.0,0.0,0.0,0.0,0.0,58.57772761618514,9.236362114014852
2094-142345-0030_5142-36377-0009__T2__NORMAL__5142,5142,2094,9,0.0,0.0,0.0,0.0,0.0,0.0,0.0,0.0,35.87936272643023,8.629555610217496
2094-142345-0032_1284-1180-0025__T1__NORMAL__2094,2094,1284,5,0.0,0.0,0.0,0.0,0.0,0.0,0.0,0.0,43.4768026829419,17.62356627083969
2094-142345-0032_1284-1180-0025__T2__NORMAL__1284,1284,2094,5,0.0,0.0,0.0,0.0,0.0,0.0,0.0,0.0,55.618248649378,14.65060162060754
2094-142345-0032_1995-1836-0001__T1__NORMAL__2094,2094,1995,5,0.0,0.0,0.0,0.0,0.0,0.0,0.0,0.0,57.109229282350896,20.57150031679386
2094-142345-0032_1995-1836-0001__T2__NORMAL__1995,1995,2094,5,0.0,0.2,0.0,0.0,0.0,0.0,0.0,0.0,51.242501146832375,19.879697408297123
2094-142345-0032_5639-40744-0012__T1__NORMAL__2094,2094,5639,5,0.0,0.0,0.0,0.0,0.0,0.0,0.0,0.0,48.482393174775964,21.983928178520262
2094-142345-0032_5639-40744-0012__T2__NORMAL__5639,5639,2094,5,0.0,0.2,0.0,0.0,0.0,0.0,0.0,0.0,47.784223136243256,14.922418701355811
2094-142345-0032_672-122797-0046__T1__NORMAL__2094,2094,672,5,0.0,0.0,0.0,0.0,0.0,0.0,0.0,0.0,46.35513736842446,20.256129156245912
2094-142345-0032_672-122797-0046__T2__NORMAL__672,672,2094,5,0.0,0.0,0.0,0.0,0.0,0.0,0.0,0.0,45.44922841153523,13.865542223562858
2094-142345-0033_4446-2275-0007__T1__NORMAL__2094,2094,4446,16,0.0,0.0,0.0625,0.0,0.0,0.0,0.0,0.0,65.7041121283606,16.74129355034742
2094-142345-0033_4446-2275-0007__T2__NORMAL__4446,4446,2094,16,0.875,0.8125,0.75,0.875,0.6875,0.6875,0.6875,0.6875,-31.32956860871399,-13.747447641314798
2094-142345-0034_4507-16021-0051__T1__NORMAL__2094,2094,4507,11,0.0,0.09090909090909091,0.0,0.0,0.0,0.0,0.0,0.0,53.96323347554314,19.644027171625098
2094-142345-0034_4507-16021-0051__T2__NORMAL__4507,4507,2094,11,0.0,0.0,0.0,0.0,0.0,0.0,0.0,0.0,53.12694759926921,16.56850483272275
2094-142345-0034_672-122797-0015__T1__NORMAL__2094,2094,672,7,0.0,0.0,0.0,0.0,0.0,0.0,0.0,0.0,55.734926817488564,15.818350196298068
2094-142345-0034_672-122797-0015__T2__NORMAL__672,672,2094,7,0.8571428571428571,0.7142857142857143,1.0,0.7142857142857143,0.7142857142857143,0.7142857142857143,0.7142857142857143,0.7142857142857143,-24.745085093499824,-12.541602418092964
2094-142345-0035_4507-16021-0022__T1__NORMAL__2094,2094,4507,6,0.0,0.0,0.0,0.0,0.0,0.0,0.0,0.0,50.6794225591154,11.83328534605364
2094-142345-0035_4507-16021-0022__T2__NORMAL__4507,4507,2094,6,0.0,0.0,0.0,0.0,0.0,0.0,0.0,0.0,60.22663414947107,21.413419347068576
2094-142345-0035_4970-29095-0006__T1__NORMAL__2094,2094,4970,6,0.0,0.0,0.0,0.0,0.0,0.0,0.0,0.0,66.89299397919538,25.559709093300505
2094-142345-0035_4970-29095-0006__T2__NORMAL__4970,4970,2094,6,0.0,0.0,0.0,0.0,0.0,0.0,0.0,0.0,61.895171829418786,17.21385577145663
2094-142345-0035_6930-81414-0007__T1__NORMAL__2094,2094,6930,6,0.0,0.0,0.0,0.0,0.0,0.0,0.0,0.0,49.87115493387961,16.419189228309914
2094-142345-0035_6930-81414-0007__T2__NORMAL__6930,6930,2094,6,0.0,0.0,0.0,0.0,0.0,0.0,0.0,0.0,51.25045353768949,16.40734264186192
2094-142345-0037_5105-28240-0016__T1__NORMAL__2094,2094,5105,7,0.0,0.0,0.0,0.0,0.0,0.0,0.0,0.0,49.41920190673979,16.242167744205684
2094-142345-0037_5105-28240-0016__T2__NORMAL__5105,5105,2094,7,0.0,0.0,0.0,0.0,0.0,0.0,0.0,0.0,39.57659861509667,13.046430514472474
2094-142345-0039_3729-6852-0025__T1__NORMAL__2094,2094,3729,5,0.0,0.0,0.0,0.0,0.0,0.0,0.0,0.0,58.81898912079496,16.29818706455008
2094-142345-0039_3729-6852-0025__T2__NORMAL__3729,3729,2094,5,0.0,0.0,0.0,0.0,0.0,0.0,0.0,0.0,52.07445218277277,14.141394899547617
2094-142345-0039_5683-32865-0009__T1__NORMAL__2094,2094,5683,11,0.0,0.0,0.09090909090909091,0.0,0.0,0.0,0.0,0.0,54.597356539938005,16.00167208160565
2094-142345-0039_5683-32865-0009__T2__NORMAL__5683,5683,2094,11,0.0,0.09090909090909091,0.0,0.0,0.0,0.0,0.0,0.0,54.68959520534329,19.971420355497
2094-142345-0039_6930-75918-0001__T1__NORMAL__2094,2094,6930,11,0.0,0.0,0.09090909090909091,0.0,0.0,0.0,0.0,0.0,58.62153096377838,17.77386351990243
2094-142345-0039_6930-75918-0001__T2__NORMAL__6930,6930,2094,11,0.0,0.0,0.0,0.0,0.0,0.0,0.0,0.0,60.55991297718802,16.681629318658622
2094-142345-0043_1580-141084-0040__T1__NORMAL__2094,2094,1580,10,0.0,0.0,0.0,0.0,0.0,0.0,0.0,0.0,59.235346706781094,14.37409624872578
2094-142345-0043_1580-141084-0040__T2__NORMAL__1580,1580,2094,10,0.0,0.0,0.0,0.0,0.0,0.0,0.0,0.0,46.45353616786629,20.46773467062085
2094-142345-0045_2830-3980-0001__T1__NORMAL__2094,2094,2830,5,0.0,0.0,0.0,0.0,0.0,0.0,0.0,0.0,46.334693482228616,16.768115053049957
2094-142345-0045_2830-3980-0001__T2__NORMAL__2830,2830,2094,5,0.0,0.2,0.0,0.0,0.0,0.0,0.0,0.0,31.0951213003137,7.799619439821591
2094-142345-0048_121-127105-0029__T1__NORMAL__2094,2094,121,11,0.0,0.0,0.0,0.0,0.0,0.0,0.0,0.0,62.40976757309783,14.384221972528222
2094-142345-0048_121-127105-0029__T2__NORMAL__121,121,2094,11,0.0,0.09090909090909091,0.0,0.0,0.0,0.0,0.0,0.0,48.29421117212431,20.087234157111872
2094-142345-0050_1580-141083-0042__T1__NORMAL__2094,2094,1580,7,0.0,0.0,0.0,0.0,0.0,0.0,0.0,0.0,60.40073748039867,19.74095286482731
2094-142345-0050_1580-141083-0042__T2__NORMAL__1580,1580,2094,7,0.0,0.0,0.0,0.0,0.0,0.0,0.0,0.0,53.32644654155374,20.37458599036818
2094-142345-0050_5142-33396-0049__T1__NORMAL__2094,2094,5142,5,0.0,0.0,0.0,0.0,0.0,0.0,0.0,0.0,55.17452878057742,15.073052082427688
2094-142345-0050_5142-33396-0049__T2__NORMAL__5142,5142,2094,5,0.0,0.2,0.0,0.0,0.0,0.0,0.0,0.0,57.718999802546406,18.520650209465305
2094-142345-0050_8463-287645-0006__T1__NORMAL__2094,2094,8463,7,0.0,0.0,0.0,0.0,0.0,0.0,0.0,0.0,47.811604018893675,16.20868153134453
2094-142345-0050_8463-287645-0006__T2__NORMAL__8463,8463,2094,7,0.0,0.0,0.0,0.0,0.0,0.0,0.0,0.0,48.44702380443547,14.596101381168555
2094-142345-0051_260-123440-0017__T1__NORMAL__2094,2094,260,5,0.0,0.0,0.0,0.0,0.0,0.0,0.0,0.0,56.50485409560396,17.978988448237814
2094-142345-0051_260-123440-0017__T2__NORMAL__260,260,2094,5,0.0,0.0,0.0,0.0,0.0,0.0,0.0,0.0,58.543435261284536,18.60248796066401
2094-142345-0052_1089-134691-0001__T1__NORMAL__2094,2094,1089,8,0.0,0.125,0.0,0.0,0.0,0.0,0.0,0.0,54.31553147110512,14.95500496659816
2094-142345-0052_1089-134691-0001__T2__NORMAL__1089,1089,2094,8,0.0,0.0,0.0,0.0,0.0,0.0,0.0,0.0,47.27069751275664,18.313736417511286
2094-142345-0053_1284-1180-0003__T1__NORMAL__2094,2094,1284,5,0.0,0.0,0.0,0.0,0.0,0.0,0.0,0.0,59.59267795065104,18.737584995410103
2094-142345-0053_1284-1180-0003__T2__NORMAL__1284,1284,2094,5,0.0,0.0,0.0,0.0,0.0,0.0,0.0,0.0,54.86519221989713,13.991906179660296
2094-142345-0053_3575-170457-0041__T1__NORMAL__2094,2094,3575,5,0.0,0.2,0.0,0.0,0.0,0.0,0.0,0.0,44.71336270384053,22.57348529639845
2094-142345-0053_3575-170457-0041__T2__NORMAL__3575,3575,2094,5,0.0,0.0,0.0,0.0,0.0,0.0,0.0,0.0,49.00506316568853,16.486847964379805
2094-142345-0053_4992-23283-0008__T1__NORMAL__2094,2094,4992,5,0.0,0.0,0.0,0.0,0.0,0.0,0.0,0.0,52.018350436895766,12.968693242160438
2094-142345-0053_4992-23283-0008__T2__NORMAL__4992,4992,2094,5,0.0,0.0,0.2,0.0,0.0,0.0,0.0,0.0,40.48958803932415,17.048059066370566
2094-142345-0054_1995-1836-0005__T1__NORMAL__2094,2094,1995,10,0.0,0.0,0.0,0.0,0.0,0.0,0.0,0.0,59.94082538426808,22.49069065901541
2094-142345-0054_1995-1836-0005__T2__NORMAL__1995,1995,2094,10,0.0,0.0,0.0,0.0,0.0,0.0,0.0,0.0,61.04766755451486,21.84229375363684
2094-142345-0054_61-70970-0034__T1__NORMAL__2094,2094,61,7,0.0,0.0,0.0,0.0,0.0,0.0,0.0,0.0,37.55603898191042,19.00183745167589
2094-142345-0054_61-70970-0034__T2__NORMAL__61,61,2094,7,0.0,0.0,0.0,0.0,0.0,0.0,0.0,0.0,48.440899106105014,10.72610405289605
2094-142345-0056_1320-122612-0015__T1__NORMAL__2094,2094,1320,6,0.0,0.0,0.0,0.0,0.0,0.0,0.0,0.0,53.73628040778127,21.63732897778232
2094-142345-0056_1320-122612-0015__T2__NORMAL__1320,1320,2094,6,0.0,0.0,0.0,0.0,0.0,0.0,0.0,0.0,58.31854425808007,19.479602010542017
2094-142345-0057_3570-5694-0004__T1__NORMAL__2094,2094,3570,9,0.0,0.0,0.0,0.0,0.0,0.0,0.0,0.0,49.3353869648752,14.243476746171162
2094-142345-0057_3570-5694-0004__T2__NORMAL__3570,3570,2094,9,0.0,0.0,0.0,0.0,0.0,0.0,0.0,0.0,44.97591854879801,17.240008977236762
2094-142345-0058_6930-76324-0008__T1__NORMAL__2094,2094,6930,8,0.0,0.0,0.0,0.0,0.0,0.0,0.0,0.0,48.31833282351789,10.991238934824874
2094-142345-0058_6930-76324-0008__T2__NORMAL__6930,6930,2094,8,0.0,0.0,0.0,0.0,0.0,0.0,0.0,0.0,50.227599952630925,17.015510816241072
2094-142345-0058_8455-210777-0004__T1__NORMAL__2094,2094,8455,8,0.0,0.0,0.0,0.0,0.0,0.0,0.0,0.0,53.05888147066792,16.846213823602746
2094-142345-0058_8455-210777-0004__T2__NORMAL__8455,8455,2094,8,0.0,0.0,0.0,0.0,0.0,0.0,0.0,0.0,53.07735224648143,15.10389694979729
2094-142345-0059_237-126133-0024__T1__NORMAL__2094,2094,237,18,0.0,0.0,0.0,0.0,0.0,0.0,0.0,0.0,62.25309528088202,17.54515231111662
2094-142345-0059_237-126133-0024__T2__NORMAL__237,237,2094,18,0.0,0.05555555555555555,0.0,0.0,0.0,0.0,0.0,0.0,51.22492979157641,22.38932325787233
2094-142345-0059_8555-292519-0006__T1__NORMAL__2094,2094,8555,19,0.0,0.0,0.0,0.0,0.0,0.0,0.0,0.0,57.62775349076927,15.908869094292973
2094-142345-0059_8555-292519-0006__T2__NORMAL__8555,8555,2094,19,0.0,0.05263157894736842,0.0,0.10526315789473684,0.0,0.0,0.0,0.0,49.10971548505868,18.585744602175247
2300-131720-0000_1284-1181-0020__T1__NORMAL__2300,2300,1284,9,0.0,0.0,0.1111111111111111,0.0,0.0,0.0,0.0,0.0,50.16721379498264,20.192830823894568
2300-131720-0000_1284-1181-0020__T2__NORMAL__1284,1284,2300,9,0.0,0.0,0.0,0.0,0.0,0.0,0.0,0.0,56.397149012011496,18.593846766928763
2300-131720-0000_3570-5694-0000__T1__NORMAL__2300,2300,3570,9,0.0,0.0,0.0,0.0,0.0,0.0,0.0,0.0,62.66128893082617,20.046746666028746
2300-131720-0000_3570-5694-0000__T2__NORMAL__3570,3570,2300,9,0.0,0.0,0.0,0.0,0.0,0.0,0.0,0.0,65.8214176624159,23.13444805894201
2300-131720-0000_8463-294828-0017__T1__NORMAL__2300,2300,8463,9,0.0,0.0,0.1111111111111111,0.0,0.0,0.0,0.0,0.0,68.48221187085848,19.659511830113747
2300-131720-0000_8463-294828-0017__T2__NORMAL__8463,8463,2300,9,0.0,0.0,0.0,0.0,0.0,0.0,0.0,0.0,62.95892880524573,21.483778927392592
2300-131720-0001_5683-32879-0012__T1__NORMAL__2300,2300,5683,7,0.0,0.0,0.0,0.0,0.0,0.0,0.0,0.0,50.81043052347282,18.07636300642661
2300-131720-0001_5683-32879-0012__T2__NORMAL__5683,5683,2300,7,0.0,0.0,0.0,0.0,0.0,0.0,0.0,0.0,47.28718695546824,22.0744225910185
2300-131720-0002_8455-210777-0036__T1__NORMAL__2300,2300,8455,24,0.0,0.0,0.0,0.0,0.0,0.0,0.0,0.0,60.79730353064844,18.36313796195289
2300-131720-0002_8455-210777-0036__T2__NORMAL__8455,8455,2300,24,0.0,0.0,0.0,0.0,0.0,0.0,0.0,0.0,60.1769887579081,22.52299853148397
2300-131720-0003_672-122797-0055__T1__NORMAL__2300,2300,672,14,0.0,0.0,0.0,0.0,0.0,0.0,0.0,0.0,49.48464448355421,14.606607583082832
2300-131720-0003_672-122797-0055__T2__NORMAL__672,672,2300,14,0.0,0.0,0.0,0.0,0.0,0.0,0.0,0.0,52.16055682604068,17.31935491728389
2300-131720-0005_4446-2271-0014__T1__NORMAL__2300,2300,4446,9,0.0,0.0,0.0,0.0,0.0,0.0,0.0,0.0,63.984017724945865,17.905843730710444
2300-131720-0005_4446-2271-0014__T2__NORMAL__4446,4446,2300,9,0.0,0.0,0.0,0.0,0.0,0.0,0.0,0.0,59.61791254267804,20.24819033584465
2300-131720-0006_1284-1181-0000__T1__NORMAL__2300,2300,1284,6,0.0,0.16666666666666666,0.16666666666666666,0.0,0.0,0.0,0.0,0.0,31.829741818476037,9.191535438981102
2300-131720-0006_1284-1181-0000__T2__NORMAL__1284,1284,2300,6,0.0,0.0,0.16666666666666666,0.0,0.0,0.0,0.0,0.0,46.02039138523133,14.523796163341745
2300-131720-0006_6930-81414-0015__T1__NORMAL__2300,2300,6930,6,0.0,0.0,0.0,0.0,0.0,0.0,0.0,0.0,49.25699330168379,12.86016899027146
2300-131720-0006_6930-81414-0015__T2__NORMAL__6930,6930,2300,6,0.0,0.0,0.0,0.0,0.0,0.0,0.0,0.0,53.00596651008186,16.8572955819117
2300-131720-0006_8455-210777-0043__T1__NORMAL__2300,2300,8455,5,0.0,0.0,0.0,0.0,0.0,0.0,0.0,0.0,58.12240364272012,15.534220403967906
2300-131720-0006_8455-210777-0043__T2__NORMAL__8455,8455,2300,5,0.0,0.0,0.0,0.0,0.0,0.0,0.0,0.0,56.588182047893795,21.05804491354952
2300-131720-0007_8224-274384-0007__T1__NORMAL__2300,2300,8224,11,0.0,0.0,0.0,0.0,0.0,0.0,0.0,0.0,52.91876214826653,14.99598502326943
2300-131720-0007_8224-274384-0007__T2__NORMAL__8224,8224,2300,11,0.0,0.0,0.0,0.0,0.0,0.0,0.0,0.0,49.816820033934476,20.07474252952071
2300-131720-0008_5683-32866-0021__T1__NORMAL__2300,2300,5683,14,0.0,0.0,0.0,0.0,0.0,0.0,0.0,0.0,55.48721023801727,15.122835912412569
2300-131720-0008_5683-32866-0021__T2__NORMAL__5683,5683,2300,14,0.0,0.0,0.0,0.0,0.0,0.0,0.0,0.0,58.657670482376616,24.096122881480177
2300-131720-0009_61-70968-0033__T1__NORMAL__2300,2300,61,10,0.0,0.0,0.1,0.0,0.0,0.0,0.0,0.0,55.18412952070507,19.90007979131064
2300-131720-0009_61-70968-0033__T2__NORMAL__61,61,2300,10,0.0,0.2,0.0,0.0,0.0,0.0,0.0,0.0,49.00669027649802,13.776854030169174
2300-131720-0009_908-157963-0010__T1__NORMAL__2300,2300,908,11,0.0,0.0,0.0,0.0,0.0,0.0,0.0,0.0,48.444124447015206,17.46800836358354
2300-131720-0009_908-157963-0010__T2__NORMAL__908,908,2300,11,0.0,0.0,0.0,0.0,0.0,0.0,0.0,0.0,48.6326612752013,19.96728165199049
2300-131720-0010_1089-134686-0001__T1__NORMAL__2300,2300,1089,5,0.0,0.0,0.0,0.0,0.0,0.0,0.0,0.0,52.463039339187425,16.64837036862506
2300-131720-0010_1089-134686-0001__T2__NORMAL__1089,1089,2300,5,0.0,0.0,0.0,0.0,0.0,0.0,0.0,0.0,40.20644683488594,16.80158806093471
2300-131720-0010_8230-279154-0013__T1__NORMAL__2300,2300,8230,20,0.0,0.05,0.0,0.0,0.0,0.0,0.0,0.0,54.404381937441016,16.00783040847088
2300-131720-0010_8230-279154-0013__T2__NORMAL__8230,8230,2300,20,0.0,0.1,0.0,0.0,0.0,0.0,0.0,0.0,50.16925613974404,20.40291293915355
2300-131720-0014_2094-142345-0035__T1__NORMAL__2300,2300,2094,6,0.0,0.0,0.0,0.0,0.0,0.0,0.0,0.0,55.05817685453309,15.624382971615358
2300-131720-0014_2094-142345-0035__T2__NORMAL__2094,2094,2300,6,0.0,0.0,0.0,0.0,0.0,0.0,0.0,0.0,45.26406275193137,16.38810586556679
2300-131720-0015_2830-3980-0023__T1__NORMAL__2300,2300,2830,11,0.0,0.0,0.0,0.0,0.0,0.0,0.0,0.0,42.79819319809689,13.578812148635834
2300-131720-0015_2830-3980-0023__T2__NORMAL__2830,2830,2300,11,0.0,0.0,0.0,0.0,0.0,0.0,0.0,0.0,45.491635322671065,16.2057559580884
2300-131720-0015_3575-170457-0006__T1__NORMAL__2300,2300,3575,15,0.0,0.0,0.0,0.0,0.0,0.0,0.0,0.0,59.275031106965486,21.21681930541664
2300-131720-0015_3575-170457-0006__T2__NORMAL__3575,3575,2300,15,0.0,0.0,0.0,0.0,0.0,0.0,0.0,0.0,58.85749251638149,22.255065474082336
2300-131720-0015_5105-28241-0000__T1__NORMAL__2300,2300,5105,11,0.0,0.0,0.0,0.0,0.0,0.0,0.0,0.0,66.82699864892162,18.91949036857787
2300-131720-0015_5105-28241-0000__T2__NORMAL__5105,5105,2300,11,0.0,0.09090909090909091,0.0,0.0,0.0,0.0,0.0,0.0,59.56041618400284,22.98428148567389
2300-131720-0018_1188-133604-0018__T1__NORMAL__2300,2300,1188,22,0.0,0.0,0.0,0.0,0.0,0.0,0.0,0.0,55.93137375670606,13.33055310144573
2300-131720-0018_1188-133604-0018__T2__NORMAL__1188,1188,2300,22,0.0,0.045454545454545456,0.0,0.0,0.0,0.0,0.0,0.0,55.11550322632561,21.8783712813712
2300-131720-0020_61-70968-0061__T1__NORMAL__2300,2300,61,10,0.0,0.0,0.0,0.0,0.0,0.0,0.0,0.0,51.10930601515067,14.501372134049902
2300-131720-0020_61-70968-0061__T2__NORMAL__61,61,2300,10,0.0,0.1,0.0,0.0,0.0,0.0,0.0,0.0,45.3378495715443,17.371941290173233
2300-131720-0021_121-121726-0004__T1__NORMAL__2300,2300,121,7,0.0,0.0,0.0,0.0,0.0,0.0,0.0,0.0,63.37065282921526,19.567060280551505
2300-131720-0021_121-121726-0004__T2__NORMAL__121,121,2300,7,0.0,0.2857142857142857,0.14285714285714285,0.0,0.14285714285714285,0.0,0.0,0.0,55.88977498511598,24.46289047992413
2300-131720-0021_260-123286-0003__T1__NORMAL__2300,2300,260,13,0.0,0.0,0.0,0.0,0.0,0.0,0.0,0.0,51.1259847419111,16.783523032204236
2300-131720-0021_260-123286-0003__T2__NORMAL__260,260,2300,13,0.0,0.07692307692307693,0.0,0.07692307692307693,0.0,0.0,0.0,0.0,41.63798571740071,16.417547939493662
2300-131720-0021_7176-88083-0009__T1__NORMAL__2300,2300,7176,7,0.0,0.0,0.14285714285714285,0.0,0.0,0.0,0.0,0.0,56.6475274595385,18.59967146333489
2300-131720-0021_7176-88083-0009__T2__NORMAL__7176,7176,2300,7,0.0,0.0,0.0,0.0,0.0,0.0,0.0,0.0,44.16211554666489,16.909660031761252
2300-131720-0022_8555-284447-0019__T1__NORMAL__2300,2300,8555,19,0.0,0.05263157894736842,0.0,0.0,0.0,0.0,0.0,0.0,61.659178713488735,17.905943848594355
2300-131720-0022_8555-284447-0019__T2__NORMAL__8555,8555,2300,19,0.0,0.05263157894736842,0.0,0.0,0.0,0.0,0.0,0.0,67.17174308268936,22.461676966329176
2300-131720-0023_5142-33396-0042__T1__NORMAL__2300,2300,5142,11,0.0,0.09090909090909091,0.0,0.0,0.0,0.0,0.0,0.0,58.554549646447754,25.379692453802164
2300-131720-0023_5142-33396-0042__T2__NORMAL__5142,5142,2300,11,0.0,0.0,0.0,0.0,0.0,0.0,0.0,0.0,60.22713720702495,20.42081518738764
2300-131720-0024_7021-85628-0008__T1__NORMAL__2300,2300,7021,8,0.0,0.125,0.0,0.0,0.0,0.0,0.0,0.0,52.57697456460949,14.315540781408814
2300-131720-0024_7021-85628-0008__T2__NORMAL__7021,7021,2300,8,1.0,0.875,1.0,1.0,0.875,0.875,0.875,0.875,-53.30587741408019,-40.2500763208572
2300-131720-0024_7176-92135-0003__T1__NORMAL__2300,2300,7176,6,0.0,0.0,0.0,0.0,0.0,0.0,0.0,0.0,62.014222129616805,10.494697882983758
2300-131720-0024_7176-92135-0003__T2__NORMAL__7176,7176,2300,6,0.0,0.0,0.0,0.0,0.0,0.0,0.0,0.0,45.131246579334295,13.061825759310596
2300-131720-0024_8555-284447-0010__T1__NORMAL__2300,2300,8555,8,0.0,0.0,0.0,0.0,0.0,0.0,0.0,0.0,55.27134416205844,18.81433452552275
2300-131720-0024_8555-284447-0010__T2__NORMAL__8555,8555,2300,8,0.0,0.0,0.0,0.0,0.0,0.0,0.0,0.0,51.83202401621519,24.421483433029653
2300-131720-0026_4446-2273-0008__T1__NORMAL__2300,2300,4446,14,0.0,0.0,0.0,0.0,0.0,0.0,0.0,0.0,54.04521442550466,13.552151790618408
2300-131720-0026_4446-2273-0008__T2__NORMAL__4446,4446,2300,14,0.0,0.0,0.0,0.0,0.0,0.0,0.0,0.0,57.025035851213026,20.95652533533142
2300-131720-0029_1580-141083-0010__T1__NORMAL__2300,2300,1580,9,0.0,0.1111111111111111,0.0,0.0,0.0,0.0,0.0,0.0,68.27923597078157,17.66973212641474
2300-131720-0029_1580-141083-0010__T2__NORMAL__1580,1580,2300,9,0.0,0.0,0.1111111111111111,0.0,0.0,0.0,0.0,0.0,59.97836504767881,25.01334829076979
2300-131720-0029_2830-3980-0067__T1__NORMAL__2300,2300,2830,11,0.0,0.09090909090909091,0.0,0.0,0.0,0.0,0.0,0.0,42.289408476493946,13.808085626607708
2300-131720-0029_2830-3980-0067__T2__NORMAL__2830,2830,2300,11,0.0,0.0,0.0,0.0,0.0,0.0,0.0,0.0,43.765905874751006,16.098883688581864
2300-131720-0030_1089-134686-0025__T1__NORMAL__2300,2300,1089,12,0.0,0.0,0.0,0.0,0.0,0.0,0.0,0.0,54.908386897708446,13.172451020439349
2300-131720-0030_1089-134686-0025__T2__NORMAL__1089,1089,2300,12,0.0,0.3333333333333333,0.0,0.0,0.0,0.0,0.0,0.0,52.10485623081586,22.60498402587653
2300-131720-0031_7176-88083-0020__T1__NORMAL__2300,2300,7176,9,0.0,0.0,0.1111111111111111,0.0,0.0,0.0,0.0,0.0,50.16261962918794,16.074990489540507
2300-131720-0031_7176-88083-0020__T2__NORMAL__7176,7176,2300,9,0.0,0.0,0.0,0.0,0.0,0.0,0.0,0.0,40.08620958868183,15.792756684980366
2300-131720-0034_260-123286-0023__T1__NORMAL__2300,2300,260,10,0.0,0.0,0.0,0.0,0.0,0.0,0.0,0.0,54.87123643141515,14.956420397659937
2300-131720-0034_260-123286-0023__T2__NORMAL__260,260,2300,10,0.0,0.0,0.0,0.0,0.0,0.0,0.0,0.0,58.4887499816057,22.760915374700613
2300-131720-0036_2094-142345-0039__T1__NORMAL__2300,2300,2094,11,0.0,0.09090909090909091,0.0,0.0,0.0,0.0,0.0,0.0,57.82444171553311,14.82331177777474
2300-131720-0036_2094-142345-0039__T2__NORMAL__2094,2094,2300,11,0.0,0.0,0.09090909090909091,0.0,0.0,0.0,0.0,0.0,50.54347261017901,21.04297546632393
2300-131720-0036_4507-16021-0009__T1__NORMAL__2300,2300,4507,13,0.0,0.07692307692307693,0.0,0.0,0.0,0.0,0.0,0.0,62.10869890264651,20.22350390252899
2300-131720-0036_4507-16021-0009__T2__NORMAL__4507,4507,2300,13,0.0,0.07692307692307693,0.07692307692307693,0.0,0.0,0.0,0.0,0.0,65.2734318222189,23.88796619639807
2300-131720-0036_7176-92135-0006__T1__NORMAL__2300,2300,7176,13,0.0,0.0,0.0,0.0,0.0,0.0,0.0,0.0,55.546985717739204,15.92857067687646
2300-131720-0036_7176-92135-0006__T2__NORMAL__7176,7176,2300,13,1.0,1.0,1.0,1.0,1.0,1.0,1.0,1.0,-47.156346046100985,-29.124716106049163
2300-131720-0037_4077-13751-0002__T1__NORMAL__2300,2300,4077,14,0.0,0.0,0.0,0.0,0.0,0.0,0.0,0.0,53.373736146697254,16.7415386114148
2300-131720-0037_4077-13751-0002__T2__NORMAL__4077,4077,2300,14,0.0,0.07142857142857142,0.0,0.0,0.0,0.0,0.0,0.0,55.294730200413035,16.171459851385926
2300-131720-0037_4970-29095-0001__T1__NORMAL__2300,2300,4970,14,0.0,0.0,0.0,0.0,0.0,0.0,0.0,0.0,66.24156006134405,24.502410409087386
2300-131720-0037_4970-29095-0001__T2__NORMAL__4970,4970,2300,14,0.0,0.0,0.0,0.0,0.0,0.0,0.0,0.0,61.708374207811644,23.68213321951764
2300-131720-0037_7021-79740-0013__T1__NORMAL__2300,2300,7021,13,0.0,0.07692307692307693,0.07692307692307693,0.0,0.0,0.0,0.0,0.0,48.01581849518822,19.70481556304652
2300-131720-0037_7021-79740-0013__T2__NORMAL__7021,7021,2300,13,1.0,0.9230769230769231,1.0,1.0,0.9230769230769231,0.9230769230769231,0.9230769230769231,0.9230769230769231,-49.16905171756186,-41.22158341934099
2300-131720-0038_6829-68771-0000__T1__NORMAL__2300,2300,6829,10,0.0,0.0,0.0,0.0,0.0,0.0,0.0,0.0,55.66037224904087,15.380557080496573
2300-131720-0038_6829-68771-0000__T2__NORMAL__6829,6829,2300,10,0.0,0.0,0.0,0.0,0.0,0.0,0.0,0.0,55.454520493126566,19.34599835266744
2300-131720-0038_8224-274381-0015__T1__NORMAL__2300,2300,8224,10,0.0,0.0,0.0,0.0,0.0,0.0,0.0,0.0,47.51502629636517,15.251265908603324
2300-131720-0038_8224-274381-0015__T2__NORMAL__8224,8224,2300,10,0.0,0.0,0.0,0.0,0.0,0.0,0.0,0.0,50.5278451330381,15.904188479437789
2300-131720-0040_1320-122612-0001__T1__NORMAL__2300,2300,1320,9,0.0,0.0,0.0,0.0,0.0,0.0,0.0,0.0,44.81658666224702,16.276800716077634
2300-131720-0040_1320-122612-0001__T2__NORMAL__1320,1320,2300,9,0.0,0.0,0.0,0.0,0.0,0.0,0.0,0.0,44.90091227545975,14.947819267171049
2300-131720-0040_5142-36586-0000__T1__NORMAL__2300,2300,5142,6,0.0,0.0,0.0,0.0,0.0,0.0,0.0,0.0,70.68048269443986,19.90611619213848
2300-131720-0040_5142-36586-0000__T2__NORMAL__5142,5142,2300,6,0.0,0.0,0.0,0.0,0.0,0.0,0.0,0.0,64.12767773494791,23.91604818824109
2300-131720-0041_1284-1180-0023__T1__NORMAL__2300,2300,1284,6,0.0,0.0,0.0,0.0,0.0,0.0,0.0,0.0,62.187057071252276,22.53503335865453
2300-131720-0041_1284-1180-0023__T2__NORMAL__1284,1284,2300,6,1.0,1.0,1.0,1.0,1.0,1.0,1.0,1.0,-45.80172225580719,-34.947023690095854
2300-131720-0041_1320-122617-0006__T1__NORMAL__2300,2300,1320,6,1.0,1.0,1.0,1.0,1.0,1.0,1.0,1.0,-60.45504916892605,-32.40953970587829
2300-131720-0041_1320-122617-0006__T2__NORMAL__1320,1320,2300,6,1.0,1.0,1.0,1.0,1.0,1.0,1.0,1.0,-53.94054699195507,-42.85843781223471
2300-131720-0041_1995-1836-0011__T1__NORMAL__2300,2300,1995,6,0.0,0.0,0.0,0.0,0.0,0.0,0.0,0.0,59.19453796855384,21.402076724210325
2300-131720-0041_1995-1836-0011__T2__NORMAL__1995,1995,2300,6,0.0,0.16666666666666666,0.0,0.0,0.0,0.0,0.0,0.0,55.012352057071844,23.54815983635715
237-126133-0001_7729-102255-0000__T1__NORMAL__237,237,7729,5,0.0,0.0,0.0,0.0,0.0,0.0,0.0,0.0,52.40784832123516,20.784455016336427
237-126133-0001_7729-102255-0000__T2__NORMAL__7729,7729,237,5,0.0,0.0,0.0,0.0,0.0,0.0,0.0,0.0,63.10133073412716,22.33979416037793
237-126133-0002_2961-960-0019__T1__NORMAL__237,237,2961,16,0.0,0.0,0.0,0.0,0.0,0.0,0.0,0.0,59.66088652684674,19.536175331338388
237-126133-0002_2961-960-0019__T2__NORMAL__2961,2961,237,16,0.0,0.0,0.0,0.0,0.0,0.0,0.0,0.0,60.275665450350374,22.20050894319801
237-126133-0003_2830-3980-0028__T1__NORMAL__237,237,2830,6,0.0,0.16666666666666666,0.0,0.0,0.0,0.0,0.0,0.0,58.68156343535939,17.444505000353317
237-126133-0003_2830-3980-0028__T2__NORMAL__2830,2830,237,6,0.0,0.0,0.0,0.0,0.0,0.0,0.0,0.0,51.02301299930742,24.64642024824384
237-126133-0003_7176-92135-0024__T1__NORMAL__237,237,7176,7,0.0,0.14285714285714285,0.0,0.0,0.0,0.0,0.0,0.0,58.23271357116652,23.17809876397441
237-126133-0003_7176-92135-0024__T2__NORMAL__7176,7176,237,7,0.0,0.0,0.0,0.0,0.0,0.0,0.0,0.0,61.86453945294371,24.2294786917791
237-126133-0003_7176-92135-0044__T1__NORMAL__237,237,7176,9,0.0,0.0,0.0,0.0,0.0,0.0,0.0,0.0,61.660500355070866,24.843746390452583
237-126133-0003_7176-92135-0044__T2__NORMAL__7176,7176,237,9,0.0,0.1111111111111111,0.0,0.0,0.0,0.0,0.0,0.0,61.388765205951735,19.2172290119251
237-126133-0004_672-122797-0000__T1__NORMAL__237,237,672,5,0.0,0.0,0.0,0.0,0.0,0.0,0.0,0.0,57.99572040354765,18.93150674826389
237-126133-0004_672-122797-0000__T2__NORMAL__672,672,237,5,0.0,0.0,0.0,0.0,0.0,0.0,0.0,0.0,62.60661025855205,24.87391369715889
237-126133-0004_8230-279154-0035__T1__NORMAL__237,237,8230,5,0.0,0.0,0.0,0.0,0.0,0.0,0.0,0.0,61.39773031729832,23.86181579338596
237-126133-0004_8230-279154-0035__T2__NORMAL__8230,8230,237,5,0.0,0.0,0.0,0.0,0.0,0.0,0.0,0.0,51.196349843630415,23.29049636745315
237-126133-0004_8455-210777-0033__T1__NORMAL__237,237,8455,5,0.0,0.0,0.0,0.0,0.0,0.0,0.0,0.0,60.502041246674445,19.582750410882834
237-126133-0004_8455-210777-0033__T2__NORMAL__8455,8455,237,5,0.0,0.0,0.0,0.0,0.0,0.0,0.0,0.0,65.75972440132693,22.575616048695828
237-126133-0005_1580-141083-0050__T1__NORMAL__237,237,1580,5,0.0,0.0,0.0,0.0,0.0,0.0,0.0,0.0,55.069208722068026,5.3079018501651
237-126133-0005_1580-141083-0050__T2__NORMAL__1580,1580,237,5,0.0,0.0,0.0,0.0,0.0,0.0,0.0,0.0,59.4845208298368,24.097826774762662
237-126133-0005_4970-29093-0013__T1__NORMAL__237,237,4970,12,0.0,0.0,0.08333333333333333,0.0,0.0,0.0,0.0,0.0,53.55179916945468,15.938210330950442
237-126133-0005_4970-29093-0013__T2__NORMAL__4970,4970,237,12,0.0,0.0,0.0,0.0,0.0,0.0,0.0,0.0,54.71146704249022,21.83485168908327
237-126133-0005_7176-92135-0005__T1__NORMAL__237,237,7176,9,0.0,0.0,0.0,0.0,0.0,0.0,0.0,0.0,68.82706190476912,22.75895374776152
237-126133-0005_7176-92135-0005__T2__NORMAL__7176,7176,237,9,0.0,0.0,0.0,0.0,0.0,0.0,0.0,0.0,65.45419300829349,23.14982012922048
237-126133-0006_1221-135767-0005__T1__NORMAL__237,237,1221,10,0.0,0.0,0.0,0.1,0.0,0.0,0.0,0.0,63.34467690452518,21.96064031886128
237-126133-0006_1221-135767-0005__T2__NORMAL__1221,1221,237,10,0.0,0.0,0.0,0.0,0.0,0.0,0.0,0.0,58.612561503246226,20.56905820864847
237-126133-0006_5639-40744-0018__T1__NORMAL__237,237,5639,11,0.0,0.0,0.0,0.0,0.0,0.0,0.0,0.0,58.33344031699438,22.41486442109465
237-126133-0006_5639-40744-0018__T2__NORMAL__5639,5639,237,11,0.0,0.0,0.0,0.0,0.0,0.0,0.0,0.0,56.814796656172035,22.72040453350096
237-126133-0006_8463-294828-0033__T1__NORMAL__237,237,8463,11,0.0,0.0,0.0,0.0,0.0,0.0,0.0,0.0,61.6412337244406,24.05646107965236
237-126133-0006_8463-294828-0033__T2__NORMAL__8463,8463,237,11,1.0,1.0,1.0,1.0,1.0,1.0,1.0,1.0,-61.540705003890956,-53.87977235192973
237-126133-0007_5683-32865-0004__T1__NORMAL__237,237,5683,13,0.0,0.0,0.0,0.0,0.0,0.0,0.0,0.0,55.551368745983936,12.290036969669176
237-126133-0007_5683-32865-0004__T2__NORMAL__5683,5683,237,13,0.07692307692307693,0.07692307692307693,0.0,0.0,0.0,0.0,0.0,0.0,56.46711841306823,6.240951684311387
237-126133-0008_2830-3979-0002__T1__NORMAL__237,237,2830,6,0.0,0.16666666666666666,0.0,0.0,0.0,0.0,0.0,0.0,56.29160715673394,20.76245337966751
237-126133-0008_2830-3979-0002__T2__NORMAL__2830,2830,237,6,0.0,0.0,0.0,0.0,0.0,0.0,0.0,0.0,55.838476811111974,20.294885304282715
237-126133-0010_6829-68769-0003__T1__NORMAL__237,237,6829,7,0.0,0.0,0.0,0.0,0.0,0.0,0.0,0.0,59.26240013930157,19.56397076149024
237-126133-0010_6829-68769-0003__T2__NORMAL__6829,6829,237,7,0.0,0.0,0.0,0.0,0.0,0.0,0.0,0.0,70.33218633489396,20.82208182854689
237-126133-0013_8224-274381-0011__T1__NORMAL__237,237,8224,11,0.0,0.0,0.0,0.0,0.0,0.0,0.0,0.0,57.88041764826185,18.208111372020177
237-126133-0013_8224-274381-0011__T2__NORMAL__8224,8224,237,11,0.0,0.0,0.0,0.0,0.0,0.0,0.0,0.0,60.52805549947216,24.39972498753776
237-126133-0013_908-157963-0010__T1__NORMAL__237,237,908,11,0.0,0.0,0.0,0.0,0.0,0.0,0.0,0.0,49.668768443560445,19.58947749844589
237-126133-0013_908-157963-0010__T2__NORMAL__908,908,237,11,0.0,0.0,0.0,0.0,0.0,0.0,0.0,0.0,55.97945223644676,17.655320765376697
237-126133-0014_3729-6852-0037__T1__NORMAL__237,237,3729,10,0.0,0.0,0.0,0.0,0.0,0.0,0.0,0.0,55.584668465659675,19.69591232989442
237-126133-0014_3729-6852-0037__T2__NORMAL__3729,3729,237,10,0.0,0.0,0.0,0.0,0.0,0.0,0.0,0.0,58.48908346342533,18.73921572380784
237-126133-0015_1320-122612-0008__T1__NORMAL__237,237,1320,14,0.0,0.0,0.0,0.0,0.0,0.0,0.0,0.0,66.63453078842386,22.36901553897963
237-126133-0015_1320-122612-0008__T2__NORMAL__1320,1320,237,14,0.0,0.0,0.0,0.0,0.0,0.0,0.0,0.0,66.09320396924785,26.62721127375739
237-126133-0016_7127-75947-0022__T1__NORMAL__237,237,7127,7,0.0,0.0,0.0,0.0,0.0,0.0,0.0,0.0,69.50414116499176,24.593850405368343
237-126133-0016_7127-75947-0022__T2__NORMAL__7127,7127,237,7,0.0,0.0,0.0,0.0,0.0,0.0,0.0,0.0,71.352618924532,21.26786635655292
237-126133-0018_2830-3980-0018__T1__NORMAL__237,237,2830,5,0.0,0.2,0.0,0.0,0.0,0.0,0.0,0.0,19.29817201245491,9.72035243727744
237-126133-0018_2830-3980-0018__T2__NORMAL__2830,2830,237,5,0.0,0.0,0.0,0.0,0.0,0.0,0.0,0.0,55.98785257292493,10.08646029546858
237-126133-0019_2830-3980-0035__T1__NORMAL__237,237,2830,5,0.0,0.0,0.0,0.0,0.0,0.0,0.0,0.0,47.16194282156208,21.59942765909984
237-126133-0019_2830-3980-0035__T2__NORMAL__2830,2830,237,5,0.0,0.0,0.0,0.0,0.0,0.0,0.0,0.0,63.37389305362054,16.001587221343776
237-126133-0019_5639-40744-0024__T1__NORMAL__237,237,5639,13,0.0,0.0,0.0,0.0,0.0,0.0,0.0,0.0,60.7073352681513,22.69596504885701
237-126133-0019_5639-40744-0024__T2__NORMAL__5639,5639,237,13,0.0,0.07692307692307693,0.0,0.0,0.0,0.0,0.0,0.0,60.777469271628014,21.91261104964633
237-126133-0019_6829-68771-0016__T1__NORMAL__237,237,6829,12,0.0,0.08333333333333333,0.0,0.0,0.0,0.0,0.0,0.0,58.67356441981142,24.064644132580334
237-126133-0019_6829-68771-0016__T2__NORMAL__6829,6829,237,12,0.0,0.08333333333333333,0.0,0.0,0.0,0.0,0.0,0.0,65.21911838316582,18.472779277882825
237-126133-0021_1284-1181-0018__T1__NORMAL__237,237,1284,5,0.0,0.0,0.0,0.0,0.0,0.0,0.0,0.0,45.593460290456,20.32715383961112
237-126133-0021_1284-1181-0018__T2__NORMAL__1284,1284,237,5,0.0,0.0,0.0,0.0,0.0,0.0,0.0,0.0,50.10032222686101,20.911473915492515
237-126133-0022_3575-170457-0054__T1__NORMAL__237,237,3575,9,0.0,0.0,0.0,0.0,0.0,0.0,0.0,0.0,66.24006156627142,22.74638539912121
237-126133-0022_3575-170457-0054__T2__NORMAL__3575,3575,237,9,0.0,0.0,0.0,0.0,0.0,0.0,0.0,0.0,70.73304446880111,25.6736835228136
237-126133-0023_121-121726-0014__T1__NORMAL__237,237,121,5,0.0,0.0,0.0,0.0,0.0,0.0,0.0,0.0,73.53703475069737,21.4212181964272
237-126133-0023_121-121726-0014__T2__NORMAL__121,121,237,5,0.0,0.0,0.0,0.0,0.0,0.0,0.0,0.0,69.27608406778162,25.01401392196822
237-126133-0023_672-122797-0005__T1__NORMAL__237,237,672,5,0.0,0.0,0.0,0.0,0.0,0.0,0.0,0.0,54.31052221769427,17.961534903469047
237-126133-0023_672-122797-0005__T2__NORMAL__672,672,237,5,0.0,0.0,0.0,0.0,0.0,0.0,0.0,0.0,55.708313821900774,23.26640159446891
237-126133-0024_121-127105-0019__T1__NORMAL__237,237,121,6,0.0,0.0,0.0,0.0,0.0,0.0,0.0,0.0,59.54031148986218,19.917543263340765
237-126133-0024_121-127105-0019__T2__NORMAL__121,121,237,6,0.0,0.0,0.0,0.0,0.0,0.0,0.0,0.0,58.11585663861974,21.011915828317765
237-126133-0024_8555-284449-0003__T1__NORMAL__237,237,8555,16,0.0,0.0,0.0,0.0,0.0,0.0,0.0,0.0,63.55729761537743,23.955630243421066
237-126133-0024_8555-284449-0003__T2__NORMAL__8555,8555,237,16,0.0,0.0,0.0,0.0,0.0,0.0,0.0,0.0,67.87025032022078,22.619931157074934
237-126133-0025_1284-1180-0023__T1__NORMAL__237,237,1284,6,0.0,0.0,0.0,0.0,0.0,0.0,0.0,0.0,50.33366874845953,24.64881605819928
237-126133-0025_1284-1180-0023__T2__NORMAL__1284,1284,237,6,0.3333333333333333,0.3333333333333333,0.16666666666666666,0.0,0.16666666666666666,0.16666666666666666,0.0,0.0,15.596307285068642,-2.518243222386391
237-126133-0025_1995-1826-0016__T1__NORMAL__237,237,1995,6,0.0,0.0,0.0,0.0,0.0,0.0,0.0,0.0,52.82374611330703,23.811081832715544
237-126133-0025_1995-1826-0016__T2__NORMAL__1995,1995,237,6,0.0,0.16666666666666666,0.0,0.0,0.0,0.0,0.0,0.0,61.55968299815175,24.30494226422184
237-134493-0000_260-123286-0017__T1__NORMAL__237,237,260,6,0.0,0.0,0.0,0.0,0.0,0.0,0.0,0.0,62.00039252176915,18.445524548195507
237-134493-0000_260-123286-0017__T2__NORMAL__260,260,237,6,0.0,0.0,0.0,0.0,0.0,0.0,0.0,0.0,55.64973894606096,20.219580458813887
237-134493-0000_2961-960-0004__T1__NORMAL__237,237,2961,7,0.0,0.14285714285714285,0.0,0.0,0.0,0.0,0.0,0.0,51.42339456121915,20.21229945929774
237-134493-0000_2961-960-0004__T2__NORMAL__2961,2961,237,7,0.0,0.0,0.0,0.0,0.0,0.0,0.0,0.0,57.02785614161111,18.73664140759769
237-134493-0000_7729-102255-0042__T1__NORMAL__237,237,7729,7,0.0,0.0,0.0,0.0,0.0,0.0,0.0,0.0,53.47462747069108,19.82959785227052
237-134493-0000_7729-102255-0042__T2__NORMAL__7729,7729,237,7,0.0,0.0,0.0,0.0,0.0,0.0,0.0,0.0,55.05447180489295,16.548015678060516
237-134493-0002_4992-41797-0002__T1__NORMAL__237,237,4992,10,0.0,0.0,0.0,0.0,0.0,0.0,0.0,0.0,60.61302994204082,23.25981346878979
237-134493-0002_4992-41797-0002__T2__NORMAL__4992,4992,237,10,0.0,0.0,0.0,0.0,0.0,0.0,0.0,0.0,71.5366456694705,19.566854328877547
237-134493-0004_1320-122617-0039__T1__NORMAL__237,237,1320,12,0.0,0.0,0.0,0.0,0.0,0.0,0.0,0.0,63.71885618252054,21.52467864936684
237-134493-0004_1320-122617-0039__T2__NORMAL__1320,1320,237,12,0.0,0.0,0.08333333333333333,0.0,0.0,0.0,0.0,0.0,63.069357486854564,25.772698585037784
237-134493-0005_5105-28241-0017__T1__NORMAL__237,237,5105,20,0.0,0.0,0.0,0.0,0.0,0.0,0.0,0.0,62.38015895767012,21.08016766253492
237-134493-0005_5105-28241-0017__T2__NORMAL__5105,5105,237,20,0.0,0.0,0.0,0.0,0.0,0.0,0.0,0.0,59.74188363510609,25.893578366673648
237-134493-0006_2961-961-0008__T1__NORMAL__237,237,2961,7,0.0,0.0,0.14285714285714285,0.0,0.0,0.0,0.0,0.0,39.49323543466163,16.11275214797606
237-134493-0006_2961-961-0008__T2__NORMAL__2961,2961,237,7,0.0,0.0,0.0,0.0,0.0,0.0,0.0,0.0,58.77450072847752,7.47799770145064
237-134493-0006_4446-2271-0008__T1__NORMAL__237,237,4446,7,0.0,0.0,0.0,0.0,0.0,0.0,0.0,0.0,57.53122036341508,17.454728395904972
237-134493-0006_4446-2271-0008__T2__NORMAL__4446,4446,237,7,0.0,0.14285714285714285,0.0,0.0,0.0,0.0,0.0,0.0,69.67676936416134,17.880453114130383
237-134493-0011_672-122797-0012__T1__NORMAL__237,237,672,9,0.0,0.0,0.0,0.0,0.0,0.0,0.0,0.0,52.2749341128005,15.60699294928988
237-134493-0011_672-122797-0012__T2__NORMAL__672,672,237,9,0.0,0.0,0.0,0.0,0.0,0.0,0.0,0.0,47.50707870623185,19.50935715254
237-134493-0011_8224-274384-0013__T1__NORMAL__237,237,8224,9,0.0,0.0,0.0,0.0,0.0,0.0,0.0,0.0,61.72014838247883,21.487717747478392
237-134493-0011_8224-274384-0013__T2__NORMAL__8224,8224,237,9,0.0,0.0,0.0,0.0,0.0,0.0,0.0,0.0,62.26674921732342,18.762882652032104
237-134493-0013_4992-23283-0009__T1__NORMAL__237,237,4992,7,0.0,0.14285714285714285,0.0,0.0,0.0,0.0,0.0,0.0,52.03771465601154,19.803146345648297
237-134493-0013_4992-23283-0009__T2__NORMAL__4992,4992,237,7,0.0,0.0,0.0,0.0,0.0,0.0,0.0,0.0,52.475790745486435,13.308817250407516
237-134493-0013_672-122797-0025__T1__NORMAL__237,237,672,7,0.0,0.14285714285714285,0.0,0.0,0.0,0.0,0.0,0.0,54.427267593375475,17.575769545462016
237-134493-0013_672-122797-0025__T2__NORMAL__672,672,237,7,0.0,0.0,0.0,0.0,0.0,0.0,0.0,0.0,65.84725076867564,21.2641065380018
237-134493-0013_8463-294825-0015__T1__NORMAL__237,237,8463,5,0.0,0.2,0.0,0.0,0.0,0.0,0.0,0.0,53.15214819754176,22.18147271862064
237-134493-0013_8463-294825-0015__T2__NORMAL__8463,8463,237,5,1.0,0.8,1.0,1.0,0.8,0.8,0.8,0.8,-52.9610104194965,-41.82948747152915
237-134493-0013_908-31957-0018__T1__NORMAL__237,237,908,6,0.0,0.16666666666666666,0.0,0.0,0.0,0.0,0.0,0.0,59.841521468128654,19.05914432329129
237-134493-0013_908-31957-0018__T2__NORMAL__908,908,237,6,0.0,0.0,0.0,0.0,0.0,0.0,0.0,0.0,60.65072657777278,19.764712043149903
237-134493-0014_3570-5694-0009__T1__NORMAL__237,237,3570,6,0.0,0.0,0.0,0.0,0.0,0.0,0.0,0.0,54.857529294506776,23.35340317886856
237-134493-0014_3570-5694-0009__T2__NORMAL__3570,3570,237,6,0.0,0.0,0.0,0.0,0.0,0.0,0.0,0.0,55.3678544187329,24.452827047574896
237-134493-0015_3570-5694-0002__T1__NORMAL__237,237,3570,12,0.0,0.0,0.0,0.0,0.0,0.0,0.0,0.0,60.419672632322154,25.464480527359942
237-134493-0015_3570-5694-0002__T2__NORMAL__3570,3570,237,12,0.0,0.08333333333333333,0.0,0.0,0.0,0.0,0.0,0.0,63.948712916690845,20.378732682005587
237-134493-0015_5105-28240-0008__T1__NORMAL__237,237,5105,12,0.0,0.0,0.0,0.0,0.0,0.0,0.0,0.0,63.03737435237661,21.25980048388924
237-134493-0015_5105-28240-0008__T2__NORMAL__5105,5105,237,12,0.0,0.08333333333333333,0.0,0.0,0.0,0.0,0.0,0.0,54.96560234526771,21.606892388405186
237-134493-0016_4446-2275-0031__T1__NORMAL__237,237,4446,5,0.0,0.0,0.0,0.0,0.0,0.0,0.0,0.0,59.11594076751767,20.74803877666127
237-134493-0016_4446-2275-0031__T2__NORMAL__4446,4446,237,5,0.0,0.0,0.0,0.0,0.0,0.0,0.0,0.0,52.64669431078628,23.840058884425343
237-134493-0016_7176-92135-0005__T1__NORMAL__237,237,7176,9,0.0,0.0,0.0,0.0,0.0,0.0,0.0,0.0,59.752530555404455,24.28810908798741
237-134493-0016_7176-92135-0005__T2__NORMAL__7176,7176,237,9,0.0,0.0,0.0,0.0,0.0,0.0,0.0,0.0,62.79429074617232,21.22714070146698
237-134493-0016_908-31957-0012__T1__NORMAL__237,237,908,14,0.0,0.0,0.0,0.0,0.0,0.0,0.0,0.0,64.98669961810319,22.2258403640328
237-134493-0016_908-31957-0012__T2__NORMAL__908,908,237,14,0.0,0.0,0.0,0.0,0.0,0.0,0.0,0.0,65.63996929647975,21.79231153259189
237-134493-0017_1089-134686-0025__T1__NORMAL__237,237,1089,12,0.0,0.0,0.0,0.0,0.0,0.0,0.0,0.0,57.375218497857986,27.480917725087803
237-134493-0017_1089-134686-0025__T2__NORMAL__1089,1089,237,12,0.0,0.08333333333333333,0.0,0.0,0.0,0.0,0.0,0.0,52.27048558650599,20.394381792012503
237-134493-0017_4077-13754-0009__T1__NORMAL__237,237,4077,14,0.0,0.0,0.0,0.0,0.0,0.0,0.0,0.0,65.274434759986,15.504601616047534
237-134493-0017_4077-13754-0009__T2__NORMAL__4077,4077,237,14,0.0,0.0,0.0,0.0,0.0,0.0,0.0,0.0,60.00620930922768,25.49564569584944
237-134493-0017_4446-2275-0000__T1__NORMAL__237,237,4446,11,0.0,0.0,0.0,0.0,0.0,0.0,0.0,0.0,59.06778947910682,23.20754853103547
237-134493-0017_4446-2275-0000__T2__NORMAL__4446,4446,237,11,1.0,1.0,1.0,0.9090909090909091,1.0,1.0,0.9090909090909091,0.9090909090909091,-48.63087158892399,-35.7607207534242
237-134493-0018_1284-1181-0019__T1__NORMAL__237,237,1284,5,0.0,0.0,0.0,0.0,0.0,0.0,0.0,0.0,54.04676649830384,20.53582399851746
237-134493-0018_1284-1181-0019__T2__NORMAL__1284,1284,237,5,0.0,0.0,0.0,0.0,0.0,0.0,0.0,0.0,60.999834776360785,19.928481758647813
237-134500-0000_1221-135767-0018__T1__NORMAL__237,237,1221,11,0.0,0.0,0.0,0.0,0.0,0.0,0.0,0.0,66.12399178121697,21.16009795714736
237-134500-0000_1221-135767-0018__T2__NORMAL__1221,1221,237,11,0.0,0.09090909090909091,0.0,0.0,0.0,0.0,0.0,0.0,58.66379946795255,21.000260549503928
237-134500-0000_1284-1180-0012__T1__NORMAL__237,237,1284,7,0.0,0.0,0.0,0.0,0.0,0.0,0.0,0.0,51.91316750703112,19.823926086446363
237-134500-0000_1284-1180-0012__T2__NORMAL__1284,1284,237,7,0.0,0.0,0.0,0.0,0.0,0.0,0.0,0.0,57.30010353017948,22.95728945515652
237-134500-0000_7021-79740-0002__T1__NORMAL__237,237,7021,11,0.0,0.0,0.0,0.0,0.0,0.0,0.0,0.0,59.90010978285205,24.75749052212781
237-134500-0000_7021-79740-0002__T2__NORMAL__7021,7021,237,11,0.0,0.09090909090909091,0.0,0.0,0.0,0.0,0.0,0.0,56.58345153566642,17.23053803953747
237-134500-0000_8463-294828-0029__T1__NORMAL__237,237,8463,9,0.0,0.0,0.0,0.0,0.0,0.0,0.0,0.0,62.40732311662613,20.9260959823316
237-134500-0000_8463-294828-0029__T2__NORMAL__8463,8463,237,9,1.0,1.0,1.0,1.0,1.0,1.0,1.0,1.0,-62.142149929590424,-54.15639656700844
237-134500-0002_1995-1836-0008__T1__NORMAL__237,237,1995,9,0.0,0.0,0.0,0.0,0.0,0.0,0.0,0.0,55.391839573290014,26.771107931802
237-134500-0002_1995-1836-0008__T2__NORMAL__1995,1995,237,9,0.0,0.0,0.0,0.0,0.0,0.0,0.0,0.0,60.88831498635817,22.29111905432045
237-134500-0002_4970-29093-0019__T1__NORMAL__237,237,4970,9,0.0,0.0,0.0,0.0,0.0,0.0,0.0,0.0,57.83836693429022,21.998478138364067
237-134500-0002_4970-29093-0019__T2__NORMAL__4970,4970,237,9,0.0,0.0,0.0,0.0,0.0,0.0,0.0,0.0,61.27974268044795,26.000997767966577
237-134500-0003_1188-133604-0041__T1__NORMAL__237,237,1188,5,0.0,0.0,0.0,0.0,0.0,0.0,0.0,0.0,58.590172871505445,25.01254375685027
237-134500-0003_1188-133604-0041__T2__NORMAL__1188,1188,237,5,0.0,0.0,0.0,0.0,0.0,0.0,0.0,0.0,65.76656032416345,19.15255669323548
237-134500-0003_4446-2273-0015__T1__NORMAL__237,237,4446,5,0.0,0.2,0.0,0.0,0.0,0.0,0.0,0.0,59.4437006118997,19.49731923935163
237-134500-0003_4446-2273-0015__T2__NORMAL__4446,4446,237,5,0.0,0.2,0.0,0.0,0.0,0.0,0.0,0.0,56.67753615556346,21.040571362957955
237-134500-0006_908-157963-0000__T1__NORMAL__237,237,908,7,0.0,0.0,0.0,0.0,0.0,0.0,0.0,0.0,49.81023828032106,15.80746694689265
237-134500-0006_908-157963-0000__T2__NORMAL__908,908,237,7,0.0,0.0,0.0,0.0,0.0,0.0,0.0,0.0,53.3609539639859,18.97604466222044
237-134500-0008_2830-3980-0013__T1__NORMAL__237,237,2830,6,0.0,0.0,0.0,0.0,0.0,0.0,0.0,0.0,29.549287000634205,11.461617848522556
237-134500-0008_2830-3980-0013__T2__NORMAL__2830,2830,237,6,0.0,0.0,0.0,0.0,0.0,0.0,0.0,0.0,53.74508391739385,10.01940830203754
237-134500-0008_8455-210777-0040__T1__NORMAL__237,237,8455,6,0.0,0.0,0.0,0.0,0.0,0.0,0.0,0.0,71.12672086492297,18.496088036508365
237-134500-0008_8455-210777-0040__T2__NORMAL__8455,8455,237,6,0.0,0.0,0.0,0.0,0.0,0.0,0.0,0.0,69.80098709134718,22.286632332009592
237-134500-0010_672-122797-0047__T1__NORMAL__237,237,672,5,0.0,0.0,0.2,0.0,0.0,0.0,0.0,0.0,50.68812309324257,22.944514612311004
237-134500-0010_672-122797-0047__T2__NORMAL__672,672,237,5,0.0,0.2,0.4,0.4,0.2,0.0,0.2,0.0,37.81682945514758,-3.99990287600614
237-134500-0011_4992-41797-0010__T1__NORMAL__237,237,4992,5,0.0,0.0,0.0,0.0,0.0,0.0,0.0,0.0,56.10576162501642,19.7110356190766
237-134500-0011_4992-41797-0010__T2__NORMAL__4992,4992,237,5,0.0,0.2,0.0,0.0,0.0,0.0,0.0,0.0,65.07270049420444,22.099172714550345
237-134500-0011_7176-92135-0000__T1__NORMAL__237,237,7176,5,0.0,0.0,0.0,0.0,0.0,0.0,0.0,0.0,55.51520431012456,22.881007296884185
237-134500-0011_7176-92135-0000__T2__NORMAL__7176,7176,237,5,0.0,0.0,0.0,0.0,0.0,0.0,0.0,0.0,58.88209247546729,23.03336253014241
237-134500-0013_1580-141084-0014__T1__NORMAL__237,237,1580,6,0.0,0.0,0.0,0.0,0.0,0.0,0.0,0.0,56.749303305998986,13.807408511929154
237-134500-0013_1580-141084-0014__T2__NORMAL__1580,1580,237,6,0.0,0.0,0.0,0.0,0.0,0.0,0.0,0.0,46.85710781885098,20.8672310260178
237-134500-0014_260-123288-0005__T1__NORMAL__237,237,260,7,0.0,0.0,0.0,0.0,0.0,0.0,0.0,0.0,62.53101993474288,20.53755847905798
237-134500-0014_260-123288-0005__T2__NORMAL__260,260,237,7,0.0,0.0,0.0,0.0,0.0,0.0,0.0,0.0,61.02653943940151,22.20349965349393
237-134500-0015_1089-134691-0004__T1__NORMAL__237,237,1089,9,0.0,0.0,0.0,0.0,0.0,0.0,0.0,0.0,61.00225562796024,23.155968557638506
237-134500-0015_1089-134691-0004__T2__NORMAL__1089,1089,237,9,0.0,0.0,0.0,0.0,0.0,0.0,0.0,0.0,58.55204929688138,22.60774271799547
237-134500-0015_2300-131720-0018__T1__NORMAL__237,237,2300,20,0.0,0.0,0.0,0.0,0.0,0.0,0.0,0.0,60.67592381375361,20.676712850208503
237-134500-0015_2300-131720-0018__T2__NORMAL__2300,2300,237,20,0.0,0.0,0.0,0.0,0.0,0.0,0.0,0.0,67.62139623368614,24.56457421535482
237-134500-0016_260-123440-0003__T1__NORMAL__237,237,260,5,0.0,0.0,0.0,0.0,0.0,0.0,0.0,0.0,55.44410352475586,20.234895798272927
237-134500-0016_260-123440-0003__T2__NORMAL__260,260,237,5,0.0,0.0,0.0,0.0,0.0,0.0,0.0,0.0,55.28726068706478,20.16292507858621
237-134500-0016_6930-81414-0024__T1__NORMAL__237,237,6930,5,0.0,0.0,0.0,0.0,0.0,0.0,0.0,0.0,61.62308670181035,20.51836134553031
237-134500-0016_6930-81414-0024__T2__NORMAL__6930,6930,237,5,0.0,0.0,0.0,0.0,0.0,0.0,0.0,0.0,58.01720893971994,16.74137610556202
237-134500-0018_1580-141083-0007__T1__NORMAL__237,237,1580,8,0.0,0.125,0.0,0.0,0.0,0.0,0.0,0.0,56.973864073092614,22.20351485271652
237-134500-0018_1580-141083-0007__T2__NORMAL__1580,1580,237,8,0.0,0.0,0.0,0.0,0.0,0.0,0.0,0.0,52.24148279436784,21.37529983324788
237-134500-0018_8555-284447-0005__T1__NORMAL__237,237,8555,12,0.0,0.08333333333333333,0.0,0.0,0.0,0.0,0.0,0.0,58.19056345868529,26.06863563693856
237-134500-0018_8555-284447-0005__T2__NORMAL__8555,8555,237,12,0.0,0.0,0.0,0.0,0.0,0.0,0.0,0.0,66.01629816215598,22.02361289202396
237-134500-0022_121-121726-0001__T1__NORMAL__237,237,121,8,0.0,0.0,0.0,0.0,0.0,0.0,0.0,0.0,68.03648997430719,23.359733439323364
237-134500-0022_121-121726-0001__T2__NORMAL__121,121,237,8,0.0,0.0,0.0,0.0,0.0,0.0,0.0,0.0,60.4165718412016,25.10695233902313
237-134500-0023_1284-1180-0011__T1__NORMAL__237,237,1284,5,0.0,0.0,0.0,0.0,0.0,0.0,0.0,0.0,57.91568781678235,19.02109657063456
237-134500-0023_1284-1180-0011__T2__NORMAL__1284,1284,237,5,0.0,0.0,0.0,0.0,0.0,0.0,0.0,0.0,31.25139034802128,8.451162642335632
237-134500-0023_4992-41806-0006__T1__NORMAL__237,237,4992,5,0.0,0.0,0.0,0.0,0.0,0.0,0.0,0.0,61.031023170188725,21.29117725269589
237-134500-0023_4992-41806-0006__T2__NORMAL__4992,4992,237,5,0.0,0.0,0.0,0.0,0.0,0.0,0.0,0.0,63.78223939925245,22.4696395560194
237-134500-0024_1089-134686-0011__T1__NORMAL__237,237,1089,7,0.0,0.0,0.14285714285714285,0.0,0.0,0.0,0.0,0.0,54.825305883236105,23.375443867730425
237-134500-0024_1089-134686-0011__T2__NORMAL__1089,1089,237,7,0.0,0.0,0.14285714285714285,0.0,0.0,0.0,0.0,0.0,53.6859789765161,22.549544643635965
237-134500-0024_1320-122617-0024__T1__NORMAL__237,237,1320,7,0.0,0.0,0.0,0.0,0.0,0.0,0.0,0.0,65.07768688348033,20.062509456489803
237-134500-0024_1320-122617-0024__T2__NORMAL__1320,1320,237,7,0.0,0.0,0.0,0.0,0.0,0.0,0.0,0.0,64.58692785441906,15.46483921757607
237-134500-0026_260-123286-0016__T1__NORMAL__237,237,260,5,0.0,0.0,0.0,0.0,0.0,0.0,0.0,0.0,47.82819884116117,22.77724410085849
237-134500-0026_260-123286-0016__T2__NORMAL__260,260,237,5,0.0,0.0,0.2,0.0,0.0,0.0,0.0,0.0,53.009600790219665,17.53191948320499
237-134500-0027_1580-141084-0033__T1__NORMAL__237,237,1580,5,0.0,0.0,0.0,0.0,0.0,0.0,0.0,0.0,53.26648842829602,21.429500657812994
237-134500-0027_1580-141084-0033__T2__NORMAL__1580,1580,237,5,0.0,0.0,0.0,0.0,0.0,0.0,0.0,0.0,50.200480015130594,22.858550975225363
237-134500-0028_2830-3980-0023__T1__NORMAL__237,237,2830,8,0.0,0.125,0.0,0.0,0.0,0.0,0.0,0.0,47.698684200622324,18.55603428903654
237-134500-0028_2830-3980-0023__T2__NORMAL__2830,2830,237,8,0.0,0.0,0.0,0.0,0.0,0.0,0.0,0.0,50.5775695459375,14.974001017980871
237-134500-0032_2830-3980-0055__T1__NORMAL__237,237,2830,9,0.0,0.0,0.0,0.0,0.0,0.0,0.0,0.0,51.03860705973062,17.459385902796626
237-134500-0032_2830-3980-0055__T2__NORMAL__2830,2830,237,9,0.0,0.0,0.0,0.0,0.0,0.0,0.0,0.0,59.3161306060587,20.11987094828772
237-134500-0032_7176-92135-0032__T1__NORMAL__237,237,7176,5,0.0,0.0,0.0,0.0,0.0,0.0,0.0,0.0,69.7520011950209,23.43807808246456
237-134500-0032_7176-92135-0032__T2__NORMAL__7176,7176,237,5,0.0,0.0,0.0,0.0,0.0,0.0,0.0,0.0,70.28079749192906,22.06997480934669
237-134500-0033_1284-134647-0001__T1__NORMAL__237,237,1284,10,0.0,0.0,0.0,0.0,0.0,0.0,0.0,0.0,56.3255755455874,18.120396566439947
237-134500-0033_1284-134647-0001__T2__NORMAL__1284,1284,237,10,0.0,0.0,0.0,0.0,0.0,0.0,0.0,0.0,55.90473698668582,20.131327495512377
237-134500-0034_4077-13751-0011__T1__NORMAL__237,237,4077,5,0.0,0.0,0.0,0.0,0.0,0.0,0.0,0.0,48.54829600825155,19.783030423255088
237-134500-0034_4077-13751-0011__T2__NORMAL__4077,4077,237,5,0.0,0.0,0.0,0.0,0.0,0.0,0.0,0.0,50.16642404265698,15.824754220436152
237-134500-0036_6829-68771-0035__T1__NORMAL__237,237,6829,7,0.0,0.0,0.0,0.0,0.0,0.0,0.0,0.0,59.42765207864475,20.73178364049743
237-134500-0036_6829-68771-0035__T2__NORMAL__6829,6829,237,7,0.0,0.0,0.14285714285714285,0.0,0.0,0.0,0.0,0.0,60.35826043772209,19.365787636481503
237-134500-0037_2830-3980-0042__T1__NORMAL__237,237,2830,5,0.0,0.0,0.0,0.0,0.0,0.0,0.0,0.0,43.73550030550486,16.961697779139374
237-134500-0037_2830-3980-0042__T2__NORMAL__2830,2830,237,5,0.0,0.0,0.0,0.0,0.0,0.0,0.0,0.0,50.921924430844264,14.102330663289758
237-134500-0037_4507-16021-0028__T1__NORMAL__237,237,4507,5,0.0,0.0,0.0,0.0,0.0,0.0,0.0,0.0,53.775008807691506,19.730156765152543
237-134500-0037_4507-16021-0028__T2__NORMAL__4507,4507,237,5,0.0,0.0,0.0,0.0,0.0,0.0,0.0,0.0,51.667429809307706,16.732550638145025
237-134500-0040_1188-133604-0032__T1__NORMAL__237,237,1188,7,0.0,0.0,0.0,0.0,0.0,0.0,0.0,0.0,59.01282963594208,22.148973096223777
237-134500-0040_1188-133604-0032__T2__NORMAL__1188,1188,237,7,0.0,0.0,0.0,0.0,0.0,0.0,0.0,0.0,63.28786160756454,19.7994994115259
237-134500-0040_1284-134647-0007__T1__NORMAL__237,237,1284,7,0.0,0.0,0.0,0.0,0.0,0.0,0.0,0.0,48.37544300858229,19.619088709487585
237-134500-0040_1284-134647-0007__T2__NORMAL__1284,1284,237,7,0.0,0.0,0.0,0.0,0.0,0.0,0.0,0.0,53.404493727089466,15.925653302224166
237-134500-0041_6930-75918-0011__T1__NORMAL__237,237,6930,5,0.0,0.0,0.0,0.0,0.0,0.0,0.0,0.0,55.111482160740096,20.0480153514976
237-134500-0041_6930-75918-0011__T2__NORMAL__6930,6930,237,5,0.0,0.0,0.0,0.0,0.0,0.0,0.0,0.0,57.15328509903422,21.20852499780969
260-123286-0000_1320-122617-0031__T1__NORMAL__260,260,1320,11,0.0,0.0,0.0,0.0,0.0,0.0,0.0,0.0,53.25107738670733,19.35980185211607
260-123286-0000_1320-122617-0031__T2__NORMAL__1320,1320,260,11,0.0,0.0,0.0,0.0,0.0,0.0,0.0,0.0,53.93583997930986,22.204817401003645
260-123286-0000_1995-1837-0024__T1__NORMAL__260,260,1995,9,0.0,0.0,0.0,0.0,0.0,0.0,0.0,0.0,57.53279583330204,22.31048689357002
260-123286-0000_1995-1837-0024__T2__NORMAL__1995,1995,260,9,0.0,0.1111111111111111,0.0,0.0,0.0,0.0,0.0,0.0,58.420412825209546,23.48782858066209
260-123286-0000_4077-13754-0010__T1__NORMAL__260,260,4077,11,0.0,0.0,0.0,0.0,0.0,0.0,0.0,0.0,58.602841779680375,22.16895768529904
260-123286-0000_4077-13754-0010__T2__NORMAL__4077,4077,260,11,0.0,0.0,0.0,0.0,0.0,0.0,0.0,0.0,58.21787074385612,17.320909537674062
260-123286-0001_1995-1836-0007__T1__NORMAL__260,260,1995,5,0.0,0.0,0.0,0.0,0.0,0.0,0.0,0.0,59.92574290093923,23.84468703373061
260-123286-0001_1995-1836-0007__T2__NORMAL__1995,1995,260,5,0.0,0.0,0.0,0.0,0.0,0.0,0.0,0.0,61.59947033871642,19.964797490917743
260-123286-0001_8455-210777-0023__T1__NORMAL__260,260,8455,5,0.0,0.2,0.0,0.0,0.0,0.0,0.0,0.0,41.81597065033731,18.02564066759753
260-123286-0001_8455-210777-0023__T2__NORMAL__8455,8455,260,5,0.0,0.0,0.0,0.0,0.0,0.0,0.0,0.0,53.788411218823896,15.49355912173028
260-123286-0003_2094-142345-0048__T1__NORMAL__260,260,2094,11,0.0,0.0,0.0,0.0,0.0,0.0,0.0,0.0,43.64531067393873,15.676826435968197
260-123286-0003_2094-142345-0048__T2__NORMAL__2094,2094,260,11,0.0,0.0,0.0,0.0,0.0,0.0,0.0,0.0,54.30366765273104,15.616297991192283
260-123286-0003_7127-75947-0014__T1__NORMAL__260,260,7127,13,0.0,0.07692307692307693,0.0,0.0,0.0,0.0,0.0,0.0,52.10294327412611,21.143962046126227
260-123286-0003_7127-75947-0014__T2__NORMAL__7127,7127,260,13,0.0,0.07692307692307693,0.07692307692307693,0.0,0.0,0.0,0.0,0.0,61.39545055346916,15.902986692465156
260-123286-0004_5142-33396-0011__T1__NORMAL__260,260,5142,5,0.0,0.0,0.0,0.0,0.0,0.0,0.0,0.0,63.31279099064409,20.75108635349093
260-123286-0004_5142-33396-0011__T2__NORMAL__5142,5142,260,5,0.0,0.0,0.0,0.0,0.0,0.0,0.0,0.0,62.0522264077709,21.78590629527793
260-123286-0004_6930-75918-0019__T1__NORMAL__260,260,6930,5,0.0,0.0,0.0,0.0,0.0,0.0,0.0,0.0,51.05908213449364,14.476071115593076
260-123286-0004_6930-75918-0019__T2__NORMAL__6930,6930,260,5,0.0,0.2,0.0,0.0,0.0,0.0,0.0,0.0,50.37409214413402,16.046933263638884
260-123286-0005_237-126133-0000__T1__NORMAL__260,260,237,8,0.0,0.125,0.0,0.0,0.0,0.0,0.0,0.0,59.195381339065015,17.817089955235865
260-123286-0005_237-126133-0000__T2__NORMAL__237,237,260,8,0.0,0.0,0.0,0.0,0.0,0.0,0.0,0.0,52.26193420617526,23.016787575401576
260-123286-0005_237-134500-0039__T1__NORMAL__260,260,237,8,0.0,0.0,0.0,0.0,0.0,0.0,0.0,0.0,57.59388022006817,18.93945656658448
260-123286-0005_237-134500-0039__T2__NORMAL__237,237,260,8,0.0,0.0,0.0,0.0,0.0,0.0,0.0,0.0,55.019641926876986,19.738387312092204
260-123286-0005_3729-6852-0014__T1__NORMAL__260,260,3729,8,0.0,0.125,0.0,0.0,0.0,0.0,0.0,0.0,59.904448467846834,18.046974122897403
260-123286-0005_3729-6852-0014__T2__NORMAL__3729,3729,260,8,0.0,0.0,0.125,0.0,0.0,0.0,0.0,0.0,61.49436618227002,20.8460876839288
260-123286-0006_4992-41797-0000__T1__NORMAL__260,260,4992,9,0.0,0.0,0.0,0.0,0.0,0.0,0.0,0.0,57.59224267707438,18.5036932931844
260-123286-0006_4992-41797-0000__T2__NORMAL__4992,4992,260,9,0.0,0.1111111111111111,0.0,0.0,0.0,0.0,0.0,0.0,56.0151425536383,21.14866349767897
260-123286-0007_5142-33396-0019__T1__NORMAL__260,260,5142,8,0.0,0.0,0.0,0.0,0.0,0.0,0.0,0.0,65.8881777160071,21.19203404623038
260-123286-0007_5142-33396-0019__T2__NORMAL__5142,5142,260,8,0.0,0.0,0.0,0.0,0.0,0.0,0.0,0.0,64.65740025164422,21.746071393431
260-123286-0008_3570-5695-0013__T1__NORMAL__260,260,3570,6,0.0,0.16666666666666666,0.0,0.0,0.0,0.0,0.0,0.0,62.35622464652715,18.192101034347832
260-123286-0008_3570-5695-0013__T2__NORMAL__3570,3570,260,6,0.0,0.0,0.0,0.0,0.0,0.0,0.0,0.0,57.19859242420582,19.21892124172271
260-123286-0008_4970-29095-0017__T1__NORMAL__260,260,4970,6,0.0,0.0,0.0,0.0,0.0,0.0,0.0,0.0,60.12242731579111,21.37156245898515
260-123286-0008_4970-29095-0017__T2__NORMAL__4970,4970,260,6,0.0,0.0,0.0,0.0,0.0,0.0,0.0,0.0,55.3612780815443,22.22251540888988
260-123286-0008_4992-23283-0000__T1__NORMAL__260,260,4992,6,0.0,0.0,0.0,0.0,0.0,0.0,0.0,0.0,49.01173531876478,15.884794738564104
260-123286-0008_4992-23283-0000__T2__NORMAL__4992,4992,260,6,0.0,0.0,0.0,0.0,0.0,0.0,0.0,0.0,53.54133832327451,15.783274602415489
260-123286-0009_1284-1181-0002__T1__NORMAL__260,260,1284,6,0.0,0.0,0.0,0.0,0.0,0.0,0.0,0.0,51.71264975663752,21.12349466825809
260-123286-0009_1284-1181-0002__T2__NORMAL__1284,1284,260,6,0.0,0.0,0.0,0.0,0.0,0.0,0.0,0.0,61.63123223197619,16.52246477860976
260-123286-0013_3729-6852-0026__T1__NORMAL__260,260,3729,8,0.0,0.0,0.125,0.125,0.0,0.0,0.0,0.0,37.78739183056845,15.657151488263697
260-123286-0013_3729-6852-0026__T2__NORMAL__3729,3729,260,8,0.0,0.0,0.0,0.0,0.0,0.0,0.0,0.0,43.89098214264369,13.045585007048915
260-123286-0015_237-134493-0001__T1__NORMAL__260,260,237,9,0.0,0.0,0.0,0.0,0.0,0.0,0.0,0.0,65.35008824702632,21.58972501986179
260-123286-0015_237-134493-0001__T2__NORMAL__237,237,260,9,0.0,0.0,0.0,0.0,0.0,0.0,0.0,0.0,62.843702453231636,21.54831136783092
260-123286-0016_3575-170457-0009__T1__NORMAL__260,260,3575,12,0.0,0.0,0.08333333333333333,0.0,0.0,0.0,0.0,0.0,51.7193787901663,16.136308057785868
260-123286-0016_3575-170457-0009__T2__NORMAL__3575,3575,260,12,0.0,0.0,0.0,0.0,0.0,0.0,0.0,0.0,53.13564660189106,19.82554449730929
260-123286-0017_5142-33396-0019__T1__NORMAL__260,260,5142,6,0.0,0.0,0.0,0.0,0.0,0.0,0.0,0.0,54.21756883692465,22.48584327087418
260-123286-0017_5142-33396-0019__T2__NORMAL__5142,5142,260,6,0.0,0.0,0.0,0.0,0.0,0.0,0.0,0.0,57.59061333376682,18.874651777172936
260-123286-0017_5142-33396-0049__T1__NORMAL__260,260,5142,5,0.0,0.0,0.0,0.0,0.0,0.0,0.0,0.0,50.21023308673853,15.602460580298274
260-123286-0017_5142-33396-0049__T2__NORMAL__5142,5142,260,5,0.0,0.0,0.0,0.0,0.0,0.0,0.0,0.0,48.50326448423918,21.839467140213387
260-123286-0018_5105-28240-0019__T1__NORMAL__260,260,5105,10,0.0,0.1,0.0,0.0,0.0,0.0,0.0,0.0,53.722119619264994,18.818210563590743
260-123286-0018_5105-28240-0019__T2__NORMAL__5105,5105,260,10,0.0,0.0,0.0,0.0,0.0,0.0,0.0,0.0,53.76165731298668,17.344036727123747
260-123286-0019_1580-141083-0024__T1__NORMAL__260,260,1580,7,0.0,0.0,0.0,0.0,0.0,0.0,0.0,0.0,62.26245610950765,20.276293383496792
260-123286-0019_1580-141083-0024__T2__NORMAL__1580,1580,260,7,0.0,0.0,0.0,0.0,0.0,0.0,0.0,0.0,58.17310414421884,21.17342776254869
260-123286-0020_2830-3979-0008__T1__NORMAL__260,260,2830,5,0.4,0.2,0.2,0.2,0.2,0.2,0.2,0.2,27.09935879448317,3.30345099902201
260-123286-0020_2830-3979-0008__T2__NORMAL__2830,2830,260,5,0.0,0.0,0.0,0.0,0.0,0.0,0.0,0.0,47.39107840506689,9.066007912932896
260-123286-0020_4992-23283-0013__T1__NORMAL__260,260,4992,5,0.0,0.0,0.2,0.0,0.0,0.0,0.0,0.0,40.59703338897956,11.89898616918995
260-123286-0020_4992-23283-0013__T2__NORMAL__4992,4992,260,5,0.0,0.0,0.0,0.0,0.0,0.0,0.0,0.0,40.27236336903337,12.830299847336162
260-123286-0022_4446-2271-0010__T1__NORMAL__260,260,4446,5,0.0,0.0,0.2,0.0,0.0,0.0,0.0,0.0,45.68644714098584,15.278532967412112
260-123286-0022_4446-2271-0010__T2__NORMAL__4446,4446,260,5,0.0,0.0,0.2,0.0,0.0,0.0,0.0,0.0,57.75245965441542,16.751662111286304
260-123286-0022_4507-16021-0036__T1__NORMAL__260,260,4507,5,0.0,0.0,0.0,0.0,0.0,0.0,0.0,0.0,51.4086399059786,18.40660383816257
260-123286-0022_4507-16021-0036__T2__NORMAL__4507,4507,260,5,0.0,0.0,0.0,0.0,0.0,0.0,0.0,0.0,53.60261728098283,15.959690927888229
260-123286-0023_2830-3980-0030__T1__NORMAL__260,260,2830,9,0.0,0.0,0.0,0.0,0.0,0.0,0.0,0.0,44.093999597666105,14.899678645517744
260-123286-0023_2830-3980-0030__T2__NORMAL__2830,2830,260,9,0.0,0.0,0.0,0.0,0.0,0.0,0.0,0.0,48.206265690135,18.287220331543555
260-123286-0023_4507-16021-0051__T1__NORMAL__260,260,4507,10,0.0,0.0,0.0,0.0,0.0,0.0,0.0,0.0,59.84516492916432,18.04897645087187
260-123286-0023_4507-16021-0051__T2__NORMAL__4507,4507,260,10,0.0,0.0,0.0,0.0,0.0,0.0,0.0,0.0,54.81029581821649,20.079151271159084
260-123286-0024_61-70970-0032__T1__NORMAL__260,260,61,5,0.0,0.0,0.0,0.0,0.0,0.0,0.0,0.0,59.821050894128824,16.243322130386424
260-123286-0024_61-70970-0032__T2__NORMAL__61,61,260,5,0.0,0.2,0.0,0.0,0.0,0.0,0.0,0.0,61.495273021695425,18.745701691681845
260-123286-0025_1284-1181-0019__T1__NORMAL__260,260,1284,5,0.0,0.0,0.0,0.0,0.0,0.0,0.0,0.0,59.60522854098648,16.848023261120815
260-123286-0025_1284-1181-0019__T2__NORMAL__1284,1284,260,5,0.0,0.2,0.0,0.0,0.0,0.0,0.0,0.0,55.82677271033316,19.675732440761625
260-123286-0025_5142-33396-0003__T1__NORMAL__260,260,5142,5,0.0,0.0,0.0,0.0,0.0,0.0,0.0,0.0,73.29646671628328,21.654104987631825
260-123286-0025_5142-33396-0003__T2__NORMAL__5142,5142,260,5,0.0,0.0,0.0,0.0,0.0,0.0,0.0,0.0,67.06420159361446,22.937050407498305
260-123286-0026_121-121726-0004__T1__NORMAL__260,260,121,7,0.0,0.0,0.0,0.0,0.0,0.0,0.0,0.0,71.4044919717579,19.572606271470075
260-123286-0026_121-121726-0004__T2__NORMAL__121,121,260,7,0.0,0.14285714285714285,0.0,0.14285714285714285,0.0,0.0,0.0,0.0,61.12220561090395,23.51379065394576
260-123286-0026_1580-141083-0025__T1__NORMAL__260,260,1580,6,0.0,0.0,0.0,0.0,0.0,0.0,0.0,0.0,67.15467210129727,16.46406681130011
260-123286-0026_1580-141083-0025__T2__NORMAL__1580,1580,260,6,0.0,0.0,0.0,0.0,0.0,0.0,0.0,0.0,75.4820869353775,23.58391140465421
260-123286-0027_6930-75918-0011__T1__NORMAL__260,260,6930,5,0.0,0.0,0.0,0.0,0.0,0.0,0.0,0.0,48.6914482640857,15.486439698148764
260-123286-0027_6930-75918-0011__T2__NORMAL__6930,6930,260,5,0.0,0.0,0.0,0.0,0.0,0.0,0.0,0.0,48.31413316916935,19.98804578574492
260-123286-0027_908-157963-0013__T1__NORMAL__260,260,908,7,0.0,0.0,0.0,0.0,0.0,0.0,0.0,0.0,52.57628611135823,16.73084800532959
260-123286-0027_908-157963-0013__T2__NORMAL__908,908,260,7,0.0,0.0,0.0,0.0,0.0,0.0,0.0,0.0,48.951615576515785,18.33531583888004
260-123286-0028_4446-2273-0035__T1__NORMAL__260,260,4446,11,0.0,0.0,0.0,0.0,0.0,0.0,0.0,0.0,62.60755903083066,21.340048255498804
260-123286-0028_4446-2273-0035__T2__NORMAL__4446,4446,260,11,1.0,1.0,1.0,1.0,1.0,1.0,1.0,1.0,-62.67083194537733,-43.57658841726821
260-123286-0028_5683-32866-0014__T1__NORMAL__260,260,5683,6,0.0,0.0,0.0,0.0,0.0,0.0,0.0,0.0,57.80663701892117,17.42874102444688
260-123286-0028_5683-32866-0014__T2__NORMAL__5683,5683,260,6,0.0,0.0,0.0,0.0,0.0,0.0,0.0,0.0,52.51530527852492,18.82814572391749
260-123286-0029_1580-141084-0026__T1__NORMAL__260,260,1580,8,0.0,0.0,0.0,0.0,0.0,0.0,0.0,0.0,58.71375117017069,19.26510129050145
260-123286-0029_1580-141084-0026__T2__NORMAL__1580,1580,260,8,0.0,0.0,0.0,0.0,0.0,0.0,0.0,0.0,50.50292297077331,20.957404340778243
260-123286-0030_3729-6852-0004__T1__NORMAL__260,260,3729,14,0.0,0.0,0.0,0.0,0.0,0.0,0.0,0.0,54.45526971438439,14.713676812982571
260-123286-0030_3729-6852-0004__T2__NORMAL__3729,3729,260,14,0.0,0.0,0.0,0.07142857142857142,0.0,0.0,0.0,0.0,44.40865137287401,18.913007922676748
260-123286-0030_6829-68769-0020__T1__NORMAL__260,260,6829,9,0.0,0.0,0.0,0.0,0.0,0.0,0.0,0.0,55.37371102665709,16.961436277564125
260-123286-0030_6829-68769-0020__T2__NORMAL__6829,6829,260,9,0.0,0.0,0.0,0.0,0.0,0.0,0.0,0.0,58.72120263559158,19.56520169273479
260-123286-0031_2094-142345-0036__T1__NORMAL__260,260,2094,9,0.0,0.2222222222222222,0.0,0.0,0.0,0.0,0.0,0.0,45.11682649564416,13.573715326099874
260-123286-0031_2094-142345-0036__T2__NORMAL__2094,2094,260,9,0.0,0.0,0.0,0.0,0.0,0.0,0.0,0.0,55.30814110223802,15.327995023860565
260-123286-0031_237-126133-0009__T1__NORMAL__260,260,237,6,0.0,0.0,0.0,0.0,0.0,0.0,0.0,0.0,65.25970781628003,17.308507324088588
260-123286-0031_237-126133-0009__T2__NORMAL__237,237,260,6,0.0,0.0,0.0,0.0,0.0,0.0,0.0,0.0,64.70495168995238,24.16332123283418
260-123288-0000_61-70968-0039__T1__NORMAL__260,260,61,5,0.0,0.0,0.2,0.0,0.0,0.0,0.0,0.0,39.91697548806922,8.536014334585996
260-123288-0000_61-70968-0039__T2__NORMAL__61,61,260,5,1.0,0.6,0.6,0.8,0.6,0.6,0.6,0.6,-32.30432419078405,-15.631956701907171
260-123288-0000_672-122797-0000__T1__NORMAL__260,260,672,4,0.0,0.0,0.0,0.0,0.0,0.0,0.0,0.0,54.354239926406805,20.122382275015216
260-123288-0000_672-122797-0000__T2__NORMAL__672,672,260,4,0.0,0.0,0.0,0.0,0.0,0.0,0.0,0.0,52.179179367681854,21.993719716733025
260-123288-0002_1580-141084-0019__T1__NORMAL__260,260,1580,5,0.0,0.0,0.0,0.0,0.0,0.0,0.0,0.0,64.78022987546366,19.672761396598943
260-123288-0002_1580-141084-0019__T2__NORMAL__1580,1580,260,5,0.0,0.0,0.0,0.0,0.0,0.0,0.0,0.0,56.31185672610667,22.02190589260677
260-123288-0002_2094-142345-0045__T1__NORMAL__260,260,2094,5,0.0,0.0,0.0,0.0,0.0,0.0,0.0,0.0,49.766547993546894,12.936064028833936
260-123288-0002_2094-142345-0045__T2__NORMAL__2094,2094,260,5,0.0,0.0,0.0,0.0,0.0,0.0,0.0,0.0,50.43669980288384,18.376345353530468
260-123288-0003_1089-134686-0026__T1__NORMAL__260,260,1089,7,0.0,0.0,0.0,0.0,0.0,0.0,0.0,0.0,50.88363041260498,22.896769476222666
260-123288-0003_1089-134686-0026__T2__NORMAL__1089,1089,260,7,0.0,0.0,0.0,0.0,0.0,0.0,0.0,0.0,47.19020601499523,17.638031614584925
260-123288-0004_3729-6852-0007__T1__NORMAL__260,260,3729,7,0.0,0.42857142857142855,0.2857142857142857,0.42857142857142855,0.2857142857142857,0.0,0.14285714285714285,0.0,36.76073878548448,19.69535139444937
260-123288-0004_3729-6852-0007__T2__NORMAL__3729,3729,260,7,0.0,0.0,0.0,0.0,0.0,0.0,0.0,0.0,52.258438003380284,13.256869067030848
260-123288-0004_672-122797-0056__T1__NORMAL__260,260,672,7,0.0,0.2857142857142857,0.0,0.0,0.0,0.0,0.0,0.0,43.657092490077545,18.01204794282682
260-123288-0004_672-122797-0056__T2__NORMAL__672,672,260,7,0.0,0.0,0.0,0.0,0.0,0.0,0.0,0.0,49.49221996524489,16.529298024633462
260-123288-0004_908-157963-0025__T1__NORMAL__260,260,908,7,0.0,0.14285714285714285,0.0,0.0,0.0,0.0,0.0,0.0,45.477978787045004,19.14230083756202
260-123288-0004_908-157963-0025__T2__NORMAL__908,908,260,7,0.0,0.14285714285714285,0.0,0.0,0.0,0.0,0.0,0.0,52.56870105429834,15.769699326158475
260-123288-0005_5683-32879-0014__T1__NORMAL__260,260,5683,15,0.0,0.0,0.0,0.0,0.0,0.0,0.0,0.0,62.78875780474932,18.03515477821352
260-123288-0005_5683-32879-0014__T2__NORMAL__5683,5683,260,15,0.0,0.0,0.06666666666666667,0.0,0.0,0.0,0.0,0.0,59.10521115183783,21.36383884599646
260-123288-0005_61-70968-0040__T1__NORMAL__260,260,61,6,0.0,0.0,0.0,0.0,0.0,0.0,0.0,0.0,59.97138559844203,15.88235329804242
260-123288-0005_61-70968-0040__T2__NORMAL__61,61,260,6,0.0,0.0,0.0,0.0,0.0,0.0,0.0,0.0,40.512619780329366,7.796029966993268
260-123288-0006_237-126133-0001__T1__NORMAL__260,260,237,8,0.0,0.125,0.125,0.0,0.0,0.0,0.0,0.0,63.46727248247477,23.79737124689963
260-123288-0006_237-126133-0001__T2__NORMAL__237,237,260,8,0.0,0.0,0.0,0.0,0.0,0.0,0.0,0.0,69.88425875311164,19.301634651907086
260-123288-0007_6930-75918-0010__T1__NORMAL__260,260,6930,5,0.0,0.0,0.0,0.0,0.0,0.0,0.0,0.0,57.55069683412366,14.355850241005442
260-123288-0007_6930-75918-0010__T2__NORMAL__6930,6930,260,5,0.0,0.2,0.0,0.0,0.0,0.0,0.0,0.0,68.6356468183753,21.069856124187805
260-123288-0008_237-134500-0033__T1__NORMAL__260,260,237,9,0.0,0.0,0.0,0.0,0.0,0.0,0.0,0.0,48.910390503571634,15.270885816833133
260-123288-0008_237-134500-0033__T2__NORMAL__237,237,260,9,0.0,0.0,0.0,0.0,0.0,0.0,0.0,0.0,48.31811147974687,15.036605484460658
260-123288-0008_2830-3980-0056__T1__NORMAL__260,260,2830,9,0.8888888888888888,0.8888888888888888,0.7777777777777778,0.6666666666666666,0.7777777777777778,0.7777777777777778,0.6666666666666666,0.6666666666666666,-21.67476262821414,-8.60775092838164
260-123288-0008_2830-3980-0056__T2__NORMAL__2830,2830,260,9,0.0,0.0,0.0,0.0,0.0,0.0,0.0,0.0,44.843156190731584,11.103888094025695
260-123288-0009_1320-122617-0023__T1__NORMAL__260,260,1320,5,0.0,0.0,0.0,0.0,0.0,0.0,0.0,0.0,50.943666054801085,24.748677199813265
260-123288-0009_1320-122617-0023__T2__NORMAL__1320,1320,260,5,0.0,0.0,0.0,0.0,0.0,0.0,0.0,0.0,55.25688230552023,17.302172084069618
260-123288-0011_4446-2275-0029__T1__NORMAL__260,260,4446,11,0.0,0.09090909090909091,0.0,0.0,0.0,0.0,0.0,0.0,58.338037006118334,17.086072108000934
260-123288-0011_4446-2275-0029__T2__NORMAL__4446,4446,260,11,1.0,1.0,1.0,1.0,1.0,1.0,1.0,1.0,-58.59809402519265,-31.981551197582064
260-123288-0011_6829-68769-0011__T1__NORMAL__260,260,6829,8,0.0,0.0,0.0,0.0,0.0,0.0,0.0,0.0,60.69979523664337,19.52210905207471
260-123288-0011_6829-68769-0011__T2__NORMAL__6829,6829,260,8,0.0,0.0,0.0,0.0,0.0,0.0,0.0,0.0,55.773655152500865,22.62767797937457
260-123288-0012_3729-6852-0024__T1__NORMAL__260,260,3729,6,0.0,0.3333333333333333,0.3333333333333333,0.3333333333333333,0.3333333333333333,0.0,0.3333333333333333,0.0,35.68105407062676,15.776931098045225
260-123288-0012_3729-6852-0024__T2__NORMAL__3729,3729,260,6,0.0,0.0,0.0,0.0,0.0,0.0,0.0,0.0,42.68918127231377,13.313266856754176
260-123288-0012_4446-2273-0009__T1__NORMAL__260,260,4446,6,0.0,0.0,0.0,0.0,0.0,0.0,0.0,0.0,65.61434815926019,19.347348433234945
260-123288-0012_4446-2273-0009__T2__NORMAL__4446,4446,260,6,1.0,1.0,1.0,1.0,1.0,1.0,1.0,1.0,-66.67161923307775,-48.95990542649605
260-123288-0012_4446-2273-0025__T1__NORMAL__260,260,4446,6,0.0,0.0,0.0,0.0,0.0,0.0,0.0,0.0,54.822717052447466,22.434708633027164
260-123288-0012_4446-2273-0025__T2__NORMAL__4446,4446,260,6,1.0,1.0,1.0,1.0,1.0,1.0,1.0,1.0,-53.78031196166722,-40.60734156473188
260-123288-0012_7021-85628-0010__T1__NORMAL__260,260,7021,6,1.0,1.0,0.8333333333333334,1.0,0.8333333333333334,0.8333333333333334,0.8333333333333334,0.8333333333333334,-35.92814156703543,-19.756214618521344
260-123288-0012_7021-85628-0010__T2__NORMAL__7021,7021,260,6,0.0,0.0,0.16666666666666666,0.0,0.0,0.0,0.0,0.0,45.32137551751975,15.981245803665749
260-123288-0013_6930-76324-0013__T1__NORMAL__260,260,6930,7,0.0,0.0,0.0,0.0,0.0,0.0,0.0,0.0,41.2765054489001,13.549891213140704
260-123288-0013_6930-76324-0013__T2__NORMAL__6930,6930,260,7,0.0,0.0,0.0,0.0,0.0,0.0,0.0,0.0,52.133611336744686,15.176539274620438
260-123288-0017_1580-141084-0049__T1__NORMAL__260,260,1580,9,0.0,0.0,0.0,0.0,0.0,0.0,0.0,0.0,52.4186301444761,18.905552908973693
260-123288-0017_1580-141084-0049__T2__NORMAL__1580,1580,260,9,0.0,0.0,0.0,0.0,0.0,0.0,0.0,0.0,53.95578634934603,20.30424722486454
260-123288-0018_2830-3979-0003__T1__NORMAL__260,260,2830,5,0.0,0.0,0.0,0.0,0.0,0.0,0.0,0.0,54.42553618851338,24.3440620681695
260-123288-0018_2830-3979-0003__T2__NORMAL__2830,2830,260,5,0.0,0.0,0.0,0.0,0.0,0.0,0.0,0.0,54.45927427206156,19.55677252450696
260-123288-0018_3575-170457-0047__T1__NORMAL__260,260,3575,5,0.0,0.0,0.0,0.0,0.0,0.0,0.0,0.0,56.778551175433776,22.73057297872973
260-123288-0018_3575-170457-0047__T2__NORMAL__3575,3575,260,5,0.0,0.0,0.0,0.0,0.0,0.0,0.0,0.0,66.73157780051568,20.62702532899905
260-123288-0025_237-134500-0006__T1__NORMAL__260,260,237,7,0.0,0.0,0.0,0.0,0.0,0.0,0.0,0.0,58.67037571152759,18.36839230979963
260-123288-0025_237-134500-0006__T2__NORMAL__237,237,260,7,0.0,0.0,0.0,0.0,0.0,0.0,0.0,0.0,58.44558583877625,20.292849905376283
260-123288-0027_1995-1826-0001__T1__NORMAL__260,260,1995,11,0.0,0.09090909090909091,0.0,0.0,0.0,0.0,0.0,0.0,58.91093274894602,23.226015054314875
260-123288-0027_1995-1826-0001__T2__NORMAL__1995,1995,260,11,0.0,0.0,0.0,0.0,0.0,0.0,0.0,0.0,60.21893524443512,20.032992293407787
260-123440-0003_2961-960-0009__T1__NORMAL__260,260,2961,6,0.0,0.0,0.0,0.0,0.0,0.0,0.0,0.0,51.19540096091989,19.91716707215257
260-123440-0003_2961-960-0009__T2__NORMAL__2961,2961,260,6,0.0,0.0,0.0,0.0,0.0,0.0,0.0,0.0,64.51965660093637,19.426669543414963
260-123440-0003_7729-102255-0045__T1__NORMAL__260,260,7729,6,0.0,0.16666666666666666,0.0,0.0,0.0,0.0,0.0,0.0,43.56004266770636,15.9299624166327
260-123440-0003_7729-102255-0045__T2__NORMAL__7729,7729,260,6,0.0,0.0,0.16666666666666666,0.0,0.0,0.0,0.0,0.0,48.37310645462548,16.010017484246553
260-123440-0004_8455-210777-0061__T1__NORMAL__260,260,8455,23,0.0,0.08695652173913043,0.043478260869565216,0.0,0.0,0.0,0.0,0.0,43.23370248080003,16.644039024230736
260-123440-0004_8455-210777-0061__T2__NORMAL__8455,8455,260,23,0.0,0.0,0.0,0.0,0.0,0.0,0.0,0.0,57.90945883125007,16.93775171649205
260-123440-0005_7127-75947-0026__T1__NORMAL__260,260,7127,5,0.0,0.0,0.0,0.0,0.0,0.0,0.0,0.0,49.12314715505203,19.609133113767754
260-123440-0005_7127-75947-0026__T2__NORMAL__7127,7127,260,5,0.0,0.2,0.0,0.0,0.0,0.0,0.0,0.0,52.0845081059219,15.74035506304621
260-123440-0005_8555-284447-0014__T1__NORMAL__260,260,8555,5,0.0,0.0,0.0,0.0,0.0,0.0,0.0,0.0,59.54805932164486,22.45490638072278
260-123440-0005_8555-284447-0014__T2__NORMAL__8555,8555,260,5,0.0,0.0,0.0,0.0,0.0,0.0,0.0,0.0,61.055380468103884,18.31455447781656
260-123440-0007_1320-122612-0005__T1__NORMAL__260,260,1320,5,1.0,1.0,1.0,1.0,1.0,1.0,1.0,1.0,-67.62133703793924,-41.87054364746102
260-123440-0007_1320-122612-0005__T2__NORMAL__1320,1320,260,5,0.0,0.0,0.0,0.0,0.0,0.0,0.0,0.0,67.57434876284702,22.088955107104287
260-123440-0008_6930-81414-0012__T1__NORMAL__260,260,6930,6,0.0,0.0,0.0,0.0,0.0,0.0,0.0,0.0,56.404429488751326,13.460302037040051
260-123440-0008_6930-81414-0012__T2__NORMAL__6930,6930,260,6,0.0,0.0,0.0,0.0,0.0,0.0,0.0,0.0,58.11252128314326,18.52025421180258
260-123440-0009_4970-29095-0017__T1__NORMAL__260,260,4970,5,0.0,0.0,0.0,0.0,0.0,0.0,0.0,0.0,58.80665341385976,24.82682240039556
260-123440-0009_4970-29095-0017__T2__NORMAL__4970,4970,260,5,0.0,0.0,0.0,0.0,0.0,0.0,0.0,0.0,51.0820606840707,17.18818428917462
260-123440-0009_5105-28240-0011__T1__NORMAL__260,260,5105,5,1.0,1.0,1.0,1.0,1.0,1.0,1.0,1.0,-48.80126785810133,-36.17359860150519
260-123440-0009_5105-28240-0011__T2__NORMAL__5105,5105,260,5,0.0,0.0,0.0,0.0,0.0,0.0,0.0,0.0,47.44123152517166,19.212366789281617
260-123440-0010_237-126133-0018__T1__NORMAL__260,260,237,7,0.0,0.0,0.0,0.0,0.0,0.0,0.0,0.0,65.93170210569598,22.68380000389213
260-123440-0010_237-126133-0018__T2__NORMAL__237,237,260,7,0.0,0.14285714285714285,0.0,0.0,0.0,0.0,0.0,0.0,61.48802560947513,17.70128568435776
260-123440-0010_4970-29095-0006__T1__NORMAL__260,260,4970,7,0.0,0.0,0.0,0.0,0.0,0.0,0.0,0.0,56.687542114699475,22.82434241480736
260-123440-0010_4970-29095-0006__T2__NORMAL__4970,4970,260,7,0.0,0.0,0.0,0.0,0.0,0.0,0.0,0.0,56.02568526185928,20.618170003229977
260-123440-0010_908-31957-0023__T1__NORMAL__260,260,908,15,0.0,0.13333333333333333,0.0,0.0,0.0,0.0,0.0,0.0,55.568807617489526,14.432608374275093
260-123440-0010_908-31957-0023__T2__NORMAL__908,908,260,15,0.0,0.06666666666666667,0.0,0.0,0.0,0.0,0.0,0.0,48.8241895113581,20.30616191441846
260-123440-0011_1320-122617-0016__T1__NORMAL__260,260,1320,8,0.0,0.0,0.0,0.0,0.0,0.0,0.0,0.0,56.172573997779566,19.064785214770986
260-123440-0011_1320-122617-0016__T2__NORMAL__1320,1320,260,8,0.0,0.0,0.0,0.0,0.0,0.0,0.0,0.0,47.90939182903067,17.67769250427988
260-123440-0011_3570-5694-0012__T1__NORMAL__260,260,3570,5,0.0,0.0,0.0,0.0,0.0,0.0,0.0,0.0,24.235440408086568,1.1093863424620043
260-123440-0011_3570-5694-0012__T2__NORMAL__3570,3570,260,5,0.0,0.0,0.0,0.0,0.0,0.0,0.0,0.0,35.608698214350206,16.18152213968721
260-123440-0011_4446-2275-0005__T1__NORMAL__260,260,4446,7,0.0,0.0,0.0,0.0,0.0,0.0,0.0,0.0,62.63590336352667,18.992059957187468
260-123440-0011_4446-2275-0005__T2__NORMAL__4446,4446,260,7,1.0,1.0,1.0,1.0,1.0,1.0,1.0,1.0,-62.37175631877867,-32.87372038420389
260-123440-0012_61-70968-0015__T1__NORMAL__260,260,61,9,1.0,0.8888888888888888,1.0,0.8888888888888888,0.8888888888888888,0.8888888888888888,0.8888888888888888,0.8888888888888888,-22.33570177311158,-13.736444223595058
260-123440-0012_61-70968-0015__T2__NORMAL__61,61,260,9,0.0,0.0,0.1111111111111111,0.0,0.0,0.0,0.0,0.0,43.18786513691837,8.548864593826544
260-123440-0012_8455-210777-0010__T1__NORMAL__260,260,8455,5,1.0,1.0,1.0,1.0,1.0,1.0,1.0,1.0,-52.84117288758739,-39.24448245636023
260-123440-0012_8455-210777-0010__T2__NORMAL__8455,8455,260,5,0.0,0.0,0.0,0.0,0.0,0.0,0.0,0.0,52.98702698435968,22.435993833463456
260-123440-0013_1221-135767-0005__T1__NORMAL__260,260,1221,5,0.0,0.0,0.0,0.0,0.0,0.0,0.0,0.0,55.34917497372785,17.639106126832818
260-123440-0013_1221-135767-0005__T2__NORMAL__1221,1221,260,5,0.0,0.0,0.0,0.0,0.0,0.0,0.0,0.0,51.04402904989686,19.509328882563462
260-123440-0013_7127-75947-0028__T1__NORMAL__260,260,7127,5,0.0,0.0,0.0,0.0,0.0,0.0,0.0,0.0,59.35299268963108,20.355832211330792
260-123440-0013_7127-75947-0028__T2__NORMAL__7127,7127,260,5,0.0,0.2,0.0,0.0,0.0,0.0,0.0,0.0,59.81881336394307,20.146381773982625
260-123440-0013_8230-279154-0016__T1__NORMAL__260,260,8230,5,0.0,0.0,0.0,0.0,0.0,0.0,0.0,0.0,54.187547901874794,18.27204298091401
260-123440-0013_8230-279154-0016__T2__NORMAL__8230,8230,260,5,0.0,0.0,0.0,0.0,0.0,0.0,0.0,0.0,48.83969032385845,22.05981113926665
260-123440-0014_4970-29095-0030__T1__NORMAL__260,260,4970,6,0.0,0.0,0.0,0.0,0.0,0.0,0.0,0.0,62.03233601100194,25.38913893842969
260-123440-0014_4970-29095-0030__T2__NORMAL__4970,4970,260,6,0.0,0.0,0.0,0.0,0.0,0.0,0.0,0.0,64.19131788905273,19.496837832499462
260-123440-0014_7176-88083-0012__T1__NORMAL__260,260,7176,6,0.0,0.0,0.0,0.0,0.0,0.0,0.0,0.0,59.89669415447121,17.570662890206577
260-123440-0014_7176-88083-0012__T2__NORMAL__7176,7176,260,6,0.0,0.0,0.0,0.0,0.0,0.0,0.0,0.0,51.63790701015319,21.058832531956952
260-123440-0015_7729-102255-0020__T1__NORMAL__260,260,7729,11,0.0,0.0,0.0,0.0,0.0,0.0,0.0,0.0,43.58816289374915,15.00423914007416
260-123440-0015_7729-102255-0020__T2__NORMAL__7729,7729,260,11,0.0,0.0,0.0,0.0,0.0,0.0,0.0,0.0,43.0790628741494,14.87641812748669
260-123440-0017_7729-102255-0008__T1__NORMAL__260,260,7729,5,0.0,0.0,0.0,0.0,0.0,0.0,0.0,0.0,49.51917506268707,17.355278077287657
260-123440-0017_7729-102255-0008__T2__NORMAL__7729,7729,260,5,0.0,0.0,0.0,0.0,0.0,0.0,0.0,0.0,51.34738927178529,14.51416570717865
260-123440-0019_121-121726-0010__T1__NORMAL__260,260,121,11,0.0,0.0,0.0,0.0,0.0,0.0,0.0,0.0,54.60986212915819,21.27276496261197
260-123440-0019_121-121726-0010__T2__NORMAL__121,121,260,11,0.0,0.09090909090909091,0.0,0.0,0.0,0.0,0.0,0.0,57.2869255541998,23.930419314904444
260-123440-0019_8455-210777-0044__T1__NORMAL__260,260,8455,12,0.0,0.0,0.0,0.0,0.0,0.0,0.0,0.0,48.81391049500932,13.445787976848838
260-123440-0019_8455-210777-0044__T2__NORMAL__8455,8455,260,12,0.0,0.08333333333333333,0.0,0.0,0.0,0.0,0.0,0.0,46.739666889073725,18.354005705747497
260-123440-0020_3570-5694-0021__T1__NORMAL__260,260,3570,8,0.0,0.0,0.0,0.0,0.0,0.0,0.0,0.0,51.11800431933008,21.73243058397208
260-123440-0020_3570-5694-0021__T2__NORMAL__3570,3570,260,8,0.0,0.0,0.0,0.0,0.0,0.0,0.0,0.0,51.7566421406525,7.7639872233985
260-123440-0020_5683-32879-0002__T1__NORMAL__260,260,5683,8,0.0,0.0,0.0,0.0,0.0,0.0,0.0,0.0,60.42182692976779,23.828827119364213
260-123440-0020_5683-32879-0002__T2__NORMAL__5683,5683,260,8,0.0,0.0,0.0,0.0,0.0,0.0,0.0,0.0,56.36895392837057,20.39721737101332
2830-3979-0000_1188-133604-0015__T1__NORMAL__2830,2830,1188,11,0.0,0.0,0.0,0.0,0.0,0.0,0.0,0.0,51.646037351238576,18.96485836576377
2830-3979-0000_1188-133604-0015__T2__NORMAL__1188,1188,2830,11,0.0,0.0,0.0,0.0,0.0,0.0,0.0,0.0,55.01967821382941,23.08618204394828
2830-3979-0000_5142-36377-0004__T1__NORMAL__2830,2830,5142,9,0.0,0.0,0.1111111111111111,0.0,0.0,0.0,0.0,0.0,62.24365613727943,19.92063417481473
2830-3979-0000_5142-36377-0004__T2__NORMAL__5142,5142,2830,9,0.0,0.1111111111111111,0.0,0.0,0.0,0.0,0.0,0.0,64.65406637916925,22.772443968556296
2830-3979-0002_1188-133604-0013__T1__NORMAL__2830,2830,1188,5,0.0,0.0,0.0,0.0,0.0,0.0,0.0,0.0,63.220492384155,20.31671658302045
2830-3979-0002_1188-133604-0013__T2__NORMAL__1188,1188,2830,5,0.0,0.0,0.0,0.0,0.0,0.0,0.0,0.0,63.052868199127474,21.54212459971512
2830-3979-0002_237-126133-0018__T1__NORMAL__2830,2830,237,7,0.0,0.0,0.0,0.0,0.0,0.0,0.0,0.0,64.48567116931888,21.30614900296308
2830-3979-0002_237-126133-0018__T2__NORMAL__237,237,2830,7,0.0,0.0,0.0,0.0,0.0,0.0,0.0,0.0,58.07960262215081,21.02356855847854
2830-3979-0002_260-123288-0017__T1__NORMAL__2830,2830,260,7,0.7142857142857143,0.7142857142857143,0.8571428571428571,0.8571428571428571,0.7142857142857143,0.7142857142857143,0.7142857142857143,0.7142857142857143,-24.56979702999606,-6.356603821908541
2830-3979-0002_260-123288-0017__T2__NORMAL__260,260,2830,7,0.0,0.0,0.0,0.0,0.0,0.0,0.0,0.0,55.879432646700806,16.528528541574204
2830-3979-0006_237-126133-0014__T1__NORMAL__2830,2830,237,8,0.0,0.125,0.0,0.0,0.0,0.0,0.0,0.0,64.60580250291125,20.083584759552814
2830-3979-0006_237-126133-0014__T2__NORMAL__237,237,2830,8,0.0,0.0,0.0,0.0,0.0,0.0,0.0,0.0,61.218754578510776,22.81239795444978
2830-3979-0007_3575-170457-0045__T1__NORMAL__2830,2830,3575,11,0.0,0.09090909090909091,0.0,0.0,0.0,0.0,0.0,0.0,59.19829229487976,23.19190882797644
2830-3979-0007_3575-170457-0045__T2__NORMAL__3575,3575,2830,11,0.0,0.0,0.0,0.0,0.0,0.0,0.0,0.0,56.41927883602745,20.4018666738494
2830-3979-0008_672-122797-0026__T1__NORMAL__2830,2830,672,17,0.0,0.0,0.0,0.0,0.0,0.0,0.0,0.0,47.404809517305864,13.545213496274837
2830-3979-0008_672-122797-0026__T2__NORMAL__672,672,2830,17,0.0,0.0,0.0,0.0,0.0,0.0,0.0,0.0,48.20424769798484,17.66008592857409
2830-3979-0009_1580-141083-0026__T1__NORMAL__2830,2830,1580,8,0.0,0.0,0.0,0.0,0.0,0.0,0.0,0.0,63.5325035051812,22.583895406814907
2830-3979-0009_1580-141083-0026__T2__NORMAL__1580,1580,2830,8,0.0,0.0,0.0,0.0,0.0,0.0,0.0,0.0,62.17726174500266,24.9209736171826
2830-3979-0011_1580-141084-0010__T1__NORMAL__2830,2830,1580,7,0.0,0.0,0.0,0.0,0.0,0.0,0.0,0.0,58.554616048931734,25.65589534553936
2830-3979-0011_1580-141084-0010__T2__NORMAL__1580,1580,2830,7,0.0,0.0,0.0,0.0,0.0,0.0,0.0,0.0,50.581722698765255,22.490799191696315
2830-3979-0011_672-122797-0024__T1__NORMAL__2830,2830,672,7,0.0,0.0,0.0,0.0,0.0,0.0,0.0,0.0,35.290688181563745,12.916993292060353
2830-3979-0011_672-122797-0024__T2__NORMAL__672,672,2830,7,0.0,0.0,0.0,0.0,0.0,0.0,0.0,0.0,51.4456075542853,15.022896069846574
2830-3980-0000_1284-1181-0005__T1__NORMAL__2830,2830,1284,6,0.0,0.0,0.0,0.0,0.0,0.0,0.0,0.0,49.94627775108025,17.559241545432673
2830-3980-0000_1284-1181-0005__T2__NORMAL__1284,1284,2830,6,0.0,0.0,0.0,0.0,0.0,0.0,0.0,0.0,51.95861726104732,18.50457286227021
2830-3980-0000_3575-170457-0028__T1__NORMAL__2830,2830,3575,6,0.0,0.0,0.0,0.0,0.0,0.0,0.0,0.0,57.35505512833236,15.85021709725268
2830-3980-0000_3575-170457-0028__T2__NORMAL__3575,3575,2830,6,0.0,0.0,0.0,0.0,0.0,0.0,0.0,0.0,51.456349395368356,22.303633173775697
2830-3980-0004_4446-2275-0008__T1__NORMAL__2830,2830,4446,6,0.0,0.0,0.0,0.0,0.0,0.0,0.0,0.0,58.47367720777589,18.669631296841448
2830-3980-0004_4446-2275-0008__T2__NORMAL__4446,4446,2830,6,1.0,1.0,1.0,1.0,1.0,1.0,1.0,1.0,-58.91273593934571,-30.51818902453808
2830-3980-0004_61-70968-0008__T1__NORMAL__2830,2830,61,6,0.0,0.0,0.0,0.0,0.0,0.0,0.0,0.0,37.933650431912746,11.198843557635485
2830-3980-0004_61-70968-0008__T2__NORMAL__61,61,2830,6,0.0,0.0,0.0,0.0,0.0,0.0,0.0,0.0,51.769210984271865,17.374908124795457
2830-3980-0005_5142-33396-0003__T1__NORMAL__2830,2830,5142,5,0.0,0.0,0.0,0.0,0.0,0.0,0.0,0.0,72.24230764721176,25.355984216193583
2830-3980-0005_5142-33396-0003__T2__NORMAL__5142,5142,2830,5,0.0,0.0,0.0,0.0,0.0,0.0,0.0,0.0,64.21814201167759,22.50498084271545
2830-3980-0006_7127-75946-0014__T1__NORMAL__2830,2830,7127,11,0.0,0.09090909090909091,0.0,0.0,0.0,0.0,0.0,0.0,49.91250669780611,13.799694648460878
2830-3980-0006_7127-75946-0014__T2__NORMAL__7127,7127,2830,11,0.0,0.0,0.0,0.0,0.0,0.0,0.0,0.0,50.341741526266105,21.272812487655926
2830-3980-0007_5142-33396-0026__T1__NORMAL__2830,2830,5142,5,0.0,0.0,0.0,0.0,0.0,0.0,0.0,0.0,40.99852395820434,8.2593930333144
2830-3980-0007_5142-33396-0026__T2__NORMAL__5142,5142,2830,5,0.0,0.0,0.0,0.0,0.0,0.0,0.0,0.0,49.056008362501764,4.571533034745372
2830-3980-0007_6829-68769-0014__T1__NORMAL__2830,2830,6829,6,0.0,0.0,0.0,0.0,0.0,0.0,0.0,0.0,56.16601770848941,20.01734606412697
2830-3980-0007_6829-68769-0014__T2__NORMAL__6829,6829,2830,6,0.0,0.0,0.0,0.0,0.0,0.0,0.0,0.0,53.543196273424144,20.627937812890064
2830-3980-0007_7176-88083-0000__T1__NORMAL__2830,2830,7176,10,0.0,0.0,0.0,0.0,0.0,0.0,0.0,0.0,51.46759215687299,22.016340053458645
2830-3980-0007_7176-88083-0000__T2__NORMAL__7176,7176,2830,10,0.0,0.1,0.0,0.0,0.0,0.0,0.0,0.0,52.447723032325975,17.601252693002003
2830-3980-0008_121-127105-0013__T1__NORMAL__2830,2830,121,8,0.0,0.0,0.0,0.0,0.0,0.0,0.0,0.0,54.473407374390284,17.591566782377257
2830-3980-0008_121-127105-0013__T2__NORMAL__121,121,2830,8,0.0,0.125,0.0,0.0,0.0,0.0,0.0,0.0,58.644760762068515,21.33122672884903
2830-3980-0009_260-123286-0015__T1__NORMAL__2830,2830,260,6,0.0,0.0,0.0,0.0,0.0,0.0,0.0,0.0,48.31865386344785,16.97384863806327
2830-3980-0009_260-123286-0015__T2__NORMAL__260,260,2830,6,0.0,0.0,0.0,0.0,0.0,0.0,0.0,0.0,53.20615015041133,19.07000605342368
2830-3980-0011_2300-131720-0027__T1__NORMAL__2830,2830,2300,10,0.0,0.0,0.0,0.0,0.0,0.0,0.0,0.0,54.227751233183355,19.21518770996092
2830-3980-0011_2300-131720-0027__T2__NORMAL__2300,2300,2830,10,0.0,0.1,0.0,0.0,0.0,0.0,0.0,0.0,55.860026068310916,17.826260202915513
2830-3980-0012_1320-122617-0027__T1__NORMAL__2830,2830,1320,5,0.0,0.0,0.0,0.0,0.0,0.0,0.0,0.0,63.92301933679831,22.43138110216284
2830-3980-0012_1320-122617-0027__T2__NORMAL__1320,1320,2830,5,0.0,0.0,0.0,0.0,0.0,0.0,0.0,0.0,64.55838651065497,17.647520135909396
2830-3980-0012_5105-28233-0010__T1__NORMAL__2830,2830,5105,5,0.0,0.0,0.0,0.0,0.0,0.0,0.0,0.0,60.07865462896266,17.46035635677453
2830-3980-0012_5105-28233-0010__T2__NORMAL__5105,5105,2830,5,0.0,0.0,0.0,0.0,0.0,0.0,0.0,0.0,53.56494887004867,22.19445069300928
2830-3980-0012_6930-81414-0010__T1__NORMAL__2830,2830,6930,5,0.0,0.0,0.0,0.0,0.0,0.0,0.0,0.0,45.79962295447267,10.340592776320651
2830-3980-0012_6930-81414-0010__T2__NORMAL__6930,6930,2830,5,0.0,0.0,0.0,0.0,0.0,0.0,0.0,0.0,50.956785683622115,13.69156061862392
2830-3980-0018_260-123286-0006__T1__NORMAL__2830,2830,260,5,0.0,0.0,0.0,0.0,0.0,0.0,0.0,0.0,54.60798480775742,12.938221819320058
2830-3980-0018_260-123286-0006__T2__NORMAL__260,260,2830,5,0.2,0.2,0.0,0.2,0.0,0.0,0.0,0.0,16.42729666954053,0.7703758301242841
2830-3980-0018_5105-28233-0003__T1__NORMAL__2830,2830,5105,5,0.0,0.0,0.0,0.0,0.0,0.0,0.0,0.0,53.84220189577743,6.7386175996571485
2830-3980-0018_5105-28233-0003__T2__NORMAL__5105,5105,2830,5,0.0,0.0,0.0,0.0,0.0,0.0,0.0,0.0,21.046767199609597,12.422438408474145
2830-3980-0019_7021-79730-0009__T1__NORMAL__2830,2830,7021,13,0.0,0.15384615384615385,0.0,0.0,0.0,0.0,0.0,0.0,39.91081889159264,2.493687536608742
2830-3980-0019_7021-79730-0009__T2__NORMAL__7021,7021,2830,13,0.0,0.5384615384615384,0.0,0.07692307692307693,0.0,0.0,0.0,0.0,14.230779492220261,9.599205103811968
2830-3980-0022_8555-292519-0010__T1__NORMAL__2830,2830,8555,5,0.0,0.0,0.0,0.0,0.0,0.0,0.0,0.0,52.768790950556514,16.66341082434785
2830-3980-0022_8555-292519-0010__T2__NORMAL__8555,8555,2830,5,0.0,0.0,0.0,0.0,0.0,0.0,0.0,0.0,47.93969341171273,15.519009547817
2830-3980-0024_1188-133604-0000__T1__NORMAL__2830,2830,1188,6,0.0,0.0,0.0,0.0,0.0,0.0,0.0,0.0,38.515797992438024,8.872772849347879
2830-3980-0024_1188-133604-0000__T2__NORMAL__1188,1188,2830,6,0.0,0.16666666666666666,0.0,0.16666666666666666,0.0,0.0,0.0,0.0,32.494481733758185,14.71308224550094
2830-3980-0025_1995-1826-0001__T1__NORMAL__2830,2830,1995,16,0.0,0.0,0.0,0.0,0.0,0.0,0.0,0.0,55.69400242170187,18.463457778330195
2830-3980-0025_1995-1826-0001__T2__NORMAL__1995,1995,2830,16,0.0,0.0,0.0,0.0,0.0,0.0,0.0,0.0,54.37825215742757,21.7018674462213
2830-3980-0028_6829-68771-0000__T1__NORMAL__2830,2830,6829,6,0.0,0.0,0.0,0.0,0.0,0.0,0.0,0.0,47.815315619179046,15.44778265486628
2830-3980-0028_6829-68771-0000__T2__NORMAL__6829,6829,2830,6,0.0,0.16666666666666666,0.0,0.0,0.0,0.0,0.0,0.0,44.91066687869188,15.378018221620191
2830-3980-0031_1089-134686-0025__T1__NORMAL__2830,2830,1089,12,0.0,0.08333333333333333,0.0,0.0,0.0,0.0,0.0,0.0,55.32561788753019,15.801857399482952
2830-3980-0031_1089-134686-0025__T2__NORMAL__1089,1089,2830,12,0.0,0.16666666666666666,0.0,0.0,0.0,0.0,0.0,0.0,43.61934969123447,14.28678497671438
2830-3980-0032_237-134500-0010__T1__NORMAL__2830,2830,237,6,0.0,0.0,0.0,0.0,0.0,0.0,0.0,0.0,57.3923153689359,19.95064902870436
2830-3980-0032_237-134500-0010__T2__NORMAL__237,237,2830,6,0.0,0.0,0.0,0.0,0.0,0.0,0.0,0.0,57.70850118536669,16.405839949120335
2830-3980-0032_4507-16021-0022__T1__NORMAL__2830,2830,4507,11,0.0,0.0,0.0,0.0,0.0,0.0,0.0,0.0,53.57760970806632,9.682613625113683
2830-3980-0032_4507-16021-0022__T2__NORMAL__4507,4507,2830,11,0.0,0.36363636363636365,0.0,0.0,0.0,0.0,0.0,0.0,37.200067911060984,17.38105593710407
2830-3980-0032_8463-294828-0006__T1__NORMAL__2830,2830,8463,13,0.0,0.0,0.0,0.0,0.0,0.0,0.0,0.0,60.656720970695616,17.99409295719189
2830-3980-0032_8463-294828-0006__T2__NORMAL__8463,8463,2830,13,1.0,1.0,1.0,1.0,1.0,1.0,1.0,1.0,-64.31270433847789,-48.274380440316015
2830-3980-0035_3575-170457-0019__T1__NORMAL__2830,2830,3575,5,0.0,0.0,0.0,0.0,0.0,0.0,0.0,0.0,68.32154750631102,16.160061363568005
2830-3980-0035_3575-170457-0019__T2__NORMAL__3575,3575,2830,5,0.0,0.0,0.0,0.0,0.0,0.0,0.0,0.0,48.79044209938063,18.89220672913504
2830-3980-0035_6930-75918-0020__T1__NORMAL__2830,2830,6930,5,0.0,0.0,0.0,0.0,0.0,0.0,0.0,0.0,46.441454566328865,16.24317968401608
2830-3980-0035_6930-75918-0020__T2__NORMAL__6930,6930,2830,5,0.0,0.0,0.0,0.0,0.0,0.0,0.0,0.0,55.32457637679418,15.178627892750718
2830-3980-0036_1284-1180-0001__T1__NORMAL__2830,2830,1284,10,0.0,0.0,0.0,0.0,0.0,0.0,0.0,0.0,58.857433072392496,18.633025091643265
2830-3980-0036_1284-1180-0001__T2__NORMAL__1284,1284,2830,10,0.0,0.0,0.0,0.0,0.0,0.0,0.0,0.0,47.20267746234657,16.772469278391632
2830-3980-0036_6930-76324-0002__T1__NORMAL__2830,2830,6930,10,0.0,0.0,0.0,0.0,0.0,0.0,0.0,0.0,54.14912233195374,8.62065445662706
2830-3980-0036_6930-76324-0002__T2__NORMAL__6930,6930,2830,10,0.0,0.0,0.0,0.0,0.0,0.0,0.0,0.0,36.66071381268596,17.682556698922767
2830-3980-0037_1089-134691-0023__T1__NORMAL__2830,2830,1089,11,0.0,0.18181818181818182,0.0,0.0,0.0,0.0,0.0,0.0,49.833334076108834,20.257859498498146
2830-3980-0037_1089-134691-0023__T2__NORMAL__1089,1089,2830,11,0.0,0.0,0.0,0.0,0.0,0.0,0.0,0.0,54.06090439848543,15.705542159797146
2830-3980-0037_4970-29095-0020__T1__NORMAL__2830,2830,4970,11,0.0,0.0,0.0,0.0,0.0,0.0,0.0,0.0,54.96840089811713,14.529938435095444
2830-3980-0037_4970-29095-0020__T2__NORMAL__4970,4970,2830,11,0.0,0.0,0.0,0.0,0.0,0.0,0.0,0.0,54.98684853697369,20.393339479386256
2830-3980-0038_121-127105-0007__T1__NORMAL__2830,2830,121,10,0.0,0.2,0.0,0.0,0.0,0.0,0.0,0.0,49.361017993810165,17.431749782016638
2830-3980-0038_121-127105-0007__T2__NORMAL__121,121,2830,10,0.0,0.0,0.0,0.0,0.0,0.0,0.0,0.0,55.56810416556429,16.67343977368412
2830-3980-0038_4077-13754-0006__T1__NORMAL__2830,2830,4077,10,0.0,0.1,0.0,0.0,0.0,0.0,0.0,0.0,52.17389204654845,14.667525971107985
2830-3980-0038_4077-13754-0006__T2__NORMAL__4077,4077,2830,10,0.0,0.0,0.0,0.0,0.0,0.0,0.0,0.0,41.626571458372304,15.208959034169428
2830-3980-0041_237-126133-0008__T1__NORMAL__2830,2830,237,6,0.0,0.0,0.0,0.0,0.0,0.0,0.0,0.0,49.803817800028014,17.855479655457984
2830-3980-0041_237-126133-0008__T2__NORMAL__237,237,2830,6,0.0,0.0,0.0,0.0,0.0,0.0,0.0,0.0,49.130195762258175,18.17547882679189
2830-3980-0041_4970-29095-0036__T1__NORMAL__2830,2830,4970,8,0.0,0.0,0.0,0.0,0.0,0.0,0.0,0.0,55.508969612472825,20.059090234825664
2830-3980-0041_4970-29095-0036__T2__NORMAL__4970,4970,2830,8,0.0,0.125,0.0,0.0,0.0,0.0,0.0,0.0,54.70446062753308,19.668778665424163
2830-3980-0041_7021-79740-0004__T1__NORMAL__2830,2830,7021,8,0.0,0.0,0.0,0.0,0.0,0.0,0.0,0.0,35.84197871280638,11.29613002126693
2830-3980-0041_7021-79740-0004__T2__NORMAL__7021,7021,2830,8,1.0,1.0,1.0,1.0,1.0,1.0,1.0,1.0,-28.617759820650587,-20.948428762075903
2830-3980-0042_260-123288-0022__T1__NORMAL__2830,2830,260,5,0.0,0.0,0.0,0.0,0.0,0.0,0.0,0.0,54.32613743713445,14.55524058669286
2830-3980-0042_260-123288-0022__T2__NORMAL__260,260,2830,5,0.0,0.0,0.0,0.0,0.0,0.0,0.0,0.0,50.86658353185375,17.6181015931078
2830-3980-0042_2961-960-0001__T1__NORMAL__2830,2830,2961,5,0.0,0.0,0.0,0.0,0.0,0.0,0.0,0.0,60.5334686121213,13.664910501769166
2830-3980-0042_2961-960-0001__T2__NORMAL__2961,2961,2830,5,0.0,0.2,0.0,0.0,0.0,0.0,0.0,0.0,47.19466158418943,17.070273074256317
2830-3980-0044_5639-40744-0028__T1__NORMAL__2830,2830,5639,5,0.0,0.0,0.0,0.0,0.0,0.0,0.0,0.0,35.25509042855072,14.153471714666054
2830-3980-0044_5639-40744-0028__T2__NORMAL__5639,5639,2830,5,0.0,0.0,0.0,0.0,0.0,0.0,0.0,0.0,32.7932927900134,12.551317444773828
2830-3980-0045_237-126133-0019__T1__NORMAL__2830,2830,237,6,0.0,0.0,0.16666666666666666,0.0,0.0,0.0,0.0,0.0,61.654485438570674,14.031520042502551
2830-3980-0045_237-126133-0019__T2__NORMAL__237,237,2830,6,0.0,0.0,0.0,0.0,0.0,0.0,0.0,0.0,41.16753421344211,17.909953697242713
2830-3980-0045_260-123288-0010__T1__NORMAL__2830,2830,260,6,0.0,0.0,0.0,0.0,0.0,0.0,0.0,0.0,50.467802353119815,14.403296608936929
2830-3980-0045_260-123288-0010__T2__NORMAL__260,260,2830,6,0.3333333333333333,0.16666666666666666,0.0,0.0,0.0,0.0,0.0,0.0,10.997174776583838,3.259406094186452
2830-3980-0047_1284-1181-0013__T1__NORMAL__2830,2830,1284,14,0.0,0.0,0.0,0.0,0.0,0.0,0.0,0.0,49.132872335717465,18.01621268818075
2830-3980-0047_1284-1181-0013__T2__NORMAL__1284,1284,2830,14,0.0,0.0,0.0,0.0,0.0,0.0,0.0,0.0,45.353832379722675,14.747074527182448
2830-3980-0047_3729-6852-0022__T1__NORMAL__2830,2830,3729,14,0.0,0.07142857142857142,0.0,0.0,0.0,0.0,0.0,0.0,56.01659384319456,10.327053688169965
2830-3980-0047_3729-6852-0022__T2__NORMAL__3729,3729,2830,14,0.0,0.2857142857142857,0.0,0.0,0.0,0.0,0.0,0.0,30.80925206681106,12.436575448253418
2830-3980-0048_6829-68771-0010__T1__NORMAL__2830,2830,6829,18,0.0,0.0,0.0,0.0,0.0,0.0,0.0,0.0,58.52953419370509,18.632270399962223
2830-3980-0048_6829-68771-0010__T2__NORMAL__6829,6829,2830,18,0.0,0.05555555555555555,0.0,0.0,0.0,0.0,0.0,0.0,47.86074870465651,13.450809050569353
2830-3980-0048_6930-76324-0003__T1__NORMAL__2830,2830,6930,5,0.0,0.0,0.0,0.0,0.0,0.0,0.0,0.0,54.42233756241926,5.592201660416276
2830-3980-0048_6930-76324-0003__T2__NORMAL__6930,6930,2830,5,0.0,0.4,0.2,0.0,0.0,0.0,0.0,0.0,25.96672208749364,15.753284842843543
2830-3980-0048_8555-292519-0007__T1__NORMAL__2830,2830,8555,15,0.0,0.0,0.0,0.0,0.0,0.0,0.0,0.0,58.8075400936847,19.394668167156432
2830-3980-0048_8555-292519-0007__T2__NORMAL__8555,8555,2830,15,0.0,0.13333333333333333,0.0,0.0,0.0,0.0,0.0,0.0,49.95006901003786,15.48628322127632
2830-3980-0049_672-122797-0069__T1__NORMAL__2830,2830,672,5,0.0,0.0,0.0,0.0,0.0,0.0,0.0,0.0,39.98473835409917,13.16994743439915
2830-3980-0049_672-122797-0069__T2__NORMAL__672,672,2830,5,0.0,0.0,0.0,0.0,0.0,0.0,0.0,0.0,33.84794254186392,12.841143867737028
2830-3980-0050_260-123286-0000__T1__NORMAL__2830,2830,260,13,0.15384615384615385,0.07692307692307693,0.0,0.0,0.0,0.0,0.0,0.0,40.26156398611983,8.869092343708704
2830-3980-0050_260-123286-0000__T2__NORMAL__260,260,2830,13,0.0,0.07692307692307693,0.07692307692307693,0.0,0.07692307692307693,0.0,0.0,0.0,45.51481726427083,13.630306168805404
2830-3980-0050_672-122797-0025__T1__NORMAL__2830,2830,672,13,0.0,0.0,0.0,0.0,0.0,0.0,0.0,0.0,51.57254813791738,11.670340854357816
2830-3980-0050_672-122797-0025__T2__NORMAL__672,672,2830,13,0.0,0.07692307692307693,0.07692307692307693,0.0,0.0,0.0,0.0,0.0,36.2491358812477,17.064185566430112
2830-3980-0051_4446-2273-0029__T1__NORMAL__2830,2830,4446,5,0.0,0.0,0.0,0.0,0.0,0.0,0.0,0.0,55.738622940301624,16.886950180104005
2830-3980-0051_4446-2273-0029__T2__NORMAL__4446,4446,2830,5,1.0,1.0,1.0,1.0,1.0,1.0,1.0,1.0,-55.65571123534225,-46.01946025910103
2830-3980-0051_7176-92135-0032__T1__NORMAL__2830,2830,7176,5,0.0,0.0,0.0,0.0,0.0,0.0,0.0,0.0,36.773648882240835,9.393351719645272
2830-3980-0051_7176-92135-0032__T2__NORMAL__7176,7176,2830,5,0.0,0.2,0.2,0.2,0.2,0.0,0.2,0.0,45.72086723562727,7.42243228024132
2830-3980-0052_1089-134691-0020__T1__NORMAL__2830,2830,1089,6,0.0,0.0,0.0,0.0,0.0,0.0,0.0,0.0,68.03591196319299,12.452512308791997
2830-3980-0052_1089-134691-0020__T2__NORMAL__1089,1089,2830,6,0.0,0.16666666666666666,0.0,0.0,0.0,0.0,0.0,0.0,41.920698836116976,16.439090027787376
2830-3980-0052_4507-16021-0008__T1__NORMAL__2830,2830,4507,6,0.0,0.0,0.0,0.0,0.0,0.0,0.0,0.0,51.95958382046336,12.499024073814663
2830-3980-0052_4507-16021-0008__T2__NORMAL__4507,4507,2830,6,0.0,0.16666666666666666,0.0,0.0,0.0,0.0,0.0,0.0,38.10715332159511,14.095489892220396
2830-3980-0052_8455-210777-0035__T1__NORMAL__2830,2830,8455,8,0.0,0.0,0.0,0.0,0.0,0.0,0.0,0.0,55.11423690439116,15.846254209794829
2830-3980-0052_8455-210777-0035__T2__NORMAL__8455,8455,2830,8,0.0,0.125,0.0,0.0,0.0,0.0,0.0,0.0,44.55409557331761,14.147834158888976
2830-3980-0053_1284-1180-0009__T1__NORMAL__2830,2830,1284,9,0.0,0.0,0.0,0.0,0.0,0.0,0.0,0.0,58.974172434467306,18.869290966606663
2830-3980-0053_1284-1180-0009__T2__NORMAL__1284,1284,2830,9,0.0,0.0,0.0,0.0,0.0,0.0,0.0,0.0,48.95468349284901,15.852365011676604
2830-3980-0053_1995-1837-0007__T1__NORMAL__2830,2830,1995,9,0.0,0.0,0.0,0.0,0.0,0.0,0.0,0.0,55.491612249619536,14.748831972453608
2830-3980-0053_1995-1837-0007__T2__NORMAL__1995,1995,2830,9,0.0,0.1111111111111111,0.0,0.0,0.0,0.0,0.0,0.0,49.153621899192125,18.334340671366142
2830-3980-0053_6930-81414-0020__T1__NORMAL__2830,2830,6930,9,0.0,0.0,0.0,0.0,0.0,0.0,0.0,0.0,55.886590860095566,12.8086589120928
2830-3980-0053_6930-81414-0020__T2__NORMAL__6930,6930,2830,9,0.0,0.0,0.0,0.0,0.0,0.0,0.0,0.0,47.182565582249225,17.42947851404317
2830-3980-0053_7127-75946-0008__T1__NORMAL__2830,2830,7127,7,0.0,0.0,0.0,0.0,0.0,0.0,0.0,0.0,44.260177741433246,14.221656336354869
2830-3980-0053_7127-75946-0008__T2__NORMAL__7127,7127,2830,7,0.0,0.14285714285714285,0.0,0.0,0.0,0.0,0.0,0.0,43.46358271373358,15.56343151650356
2830-3980-0054_237-134500-0034__T1__NORMAL__2830,2830,237,5,0.0,0.0,0.0,0.0,0.0,0.0,0.0,0.0,59.36826716298784,8.463064397242508
2830-3980-0054_237-134500-0034__T2__NORMAL__237,237,2830,5,0.0,0.0,0.0,0.0,0.0,0.0,0.0,0.0,33.442302310525776,17.715138734086786
2830-3980-0054_3575-170457-0020__T1__NORMAL__2830,2830,3575,16,0.0,0.0625,0.0,0.0,0.0,0.0,0.0,0.0,52.26368159820087,16.62236055239189
2830-3980-0054_3575-170457-0020__T2__NORMAL__3575,3575,2830,16,0.0,0.0,0.0,0.0,0.0,0.0,0.0,0.0,46.030195921983676,17.259447902891946
2830-3980-0056_2961-961-0012__T1__NORMAL__2830,2830,2961,9,0.0,0.0,0.1111111111111111,0.0,0.0,0.0,0.0,0.0,47.42763554299748,12.84585265171941
2830-3980-0056_2961-961-0012__T2__NORMAL__2961,2961,2830,9,0.0,0.0,0.0,0.0,0.0,0.0,0.0,0.0,41.414226685215624,13.749690507183606
2830-3980-0061_5639-40744-0019__T1__NORMAL__2830,2830,5639,13,0.0,0.0,0.0,0.0,0.0,0.0,0.0,0.0,47.46715256809596,14.843301185113203
2830-3980-0061_5639-40744-0019__T2__NORMAL__5639,5639,2830,13,0.0,0.0,0.0,0.0,0.0,0.0,0.0,0.0,36.632312554665276,12.620138679467887
2830-3980-0061_908-31957-0018__T1__NORMAL__2830,2830,908,6,0.0,0.0,0.0,0.0,0.0,0.0,0.0,0.0,50.57198474227215,13.065899632975556
2830-3980-0061_908-31957-0018__T2__NORMAL__908,908,2830,6,0.0,0.0,0.0,0.0,0.0,0.0,0.0,0.0,37.13588034802017,13.467298747818331
2830-3980-0062_1995-1836-0013__T1__NORMAL__2830,2830,1995,9,0.0,0.0,0.0,0.0,0.0,0.0,0.0,0.0,57.66466268891223,23.626545753967143
2830-3980-0062_1995-1836-0013__T2__NORMAL__1995,1995,2830,9,0.0,0.0,0.0,0.0,0.0,0.0,0.0,0.0,53.62829299467292,17.816911254209963
2830-3980-0062_6829-68769-0034__T1__NORMAL__2830,2830,6829,9,0.0,0.0,0.0,0.0,0.0,0.0,0.0,0.0,60.40711480479212,14.245466085431818
2830-3980-0062_6829-68769-0034__T2__NORMAL__6829,6829,2830,9,0.0,0.0,0.0,0.0,0.0,0.0,0.0,0.0,40.68103448386437,14.581664082944014
2830-3980-0062_7021-79730-0009__T1__NORMAL__2830,2830,7021,9,0.0,0.2222222222222222,0.0,0.0,0.0,0.0,0.0,0.0,53.59388436279758,11.377551514011117
2830-3980-0062_7021-79730-0009__T2__NORMAL__7021,7021,2830,9,0.0,0.2222222222222222,0.0,0.1111111111111111,0.0,0.0,0.0,0.0,31.62488426756008,14.124413095457603
2830-3980-0063_4446-2271-0024__T1__NORMAL__2830,2830,4446,5,0.0,0.0,0.0,0.0,0.0,0.0,0.0,0.0,47.87277612243529,12.85650289253048
2830-3980-0063_4446-2271-0024__T2__NORMAL__4446,4446,2830,5,0.0,0.0,0.0,0.0,0.0,0.0,0.0,0.0,39.473301417516225,13.756424238047355
2830-3980-0065_1320-122612-0011__T1__NORMAL__2830,2830,1320,12,0.0,0.0,0.0,0.0,0.0,0.0,0.0,0.0,49.29900472296393,11.72344049579467
2830-3980-0065_1320-122612-0011__T2__NORMAL__1320,1320,2830,12,0.0,0.0,0.0,0.0,0.0,0.0,0.0,0.0,37.146641350538324,14.912151160828332
2830-3980-0066_1995-1837-0000__T1__NORMAL__2830,2830,1995,6,0.0,0.0,0.0,0.0,0.0,0.0,0.0,0.0,54.60117279578291,21.519924225792177
2830-3980-0066_1995-1837-0000__T2__NORMAL__1995,1995,2830,6,0.0,0.16666666666666666,0.16666666666666666,0.16666666666666666,0.0,0.0,0.0,0.0,55.10505502998368,18.67007711132073
2830-3980-0066_260-123286-0009__T1__NORMAL__2830,2830,260,10,0.0,0.0,0.0,0.0,0.0,0.0,0.0,0.0,50.64510036028092,10.126518122380649
2830-3980-0066_260-123286-0009__T2__NORMAL__260,260,2830,10,0.0,0.2,0.1,0.0,0.1,0.0,0.0,0.0,32.65980940275335,13.916386875852652
2830-3980-0068_2300-131720-0030__T1__NORMAL__2830,2830,2300,9,0.0,0.0,0.0,0.0,0.0,0.0,0.0,0.0,38.88139712362093,15.71745045257165
2830-3980-0068_2300-131720-0030__T2__NORMAL__2300,2300,2830,9,0.0,0.0,0.0,0.0,0.0,0.0,0.0,0.0,42.278199305416784,13.730015889706696
2830-3980-0069_1089-134686-0002__T1__NORMAL__2830,2830,1089,10,0.0,0.0,0.0,0.0,0.0,0.0,0.0,0.0,59.7413540093368,19.29957909535848
2830-3980-0069_1089-134686-0002__T2__NORMAL__1089,1089,2830,10,0.0,0.0,0.0,0.0,0.0,0.0,0.0,0.0,49.399231612199586,17.580172893043212
2830-3980-0070_3570-5694-0005__T1__NORMAL__2830,2830,3570,6,0.0,0.0,0.0,0.0,0.0,0.0,0.0,0.0,50.792335087178934,19.897447223955083
2830-3980-0070_3570-5694-0005__T2__NORMAL__3570,3570,2830,6,0.0,0.0,0.0,0.0,0.0,0.0,0.0,0.0,58.9231015205498,15.603878336588885
2830-3980-0071_5142-33396-0024__T1__NORMAL__2830,2830,5142,6,0.0,0.0,0.0,0.0,0.0,0.0,0.0,0.0,69.93607867735717,19.02825795377758
2830-3980-0071_5142-33396-0024__T2__NORMAL__5142,5142,2830,6,0.0,0.0,0.0,0.0,0.0,0.0,0.0,0.0,51.43559949892313,16.756639381828453
2830-3980-0072_3575-170457-0021__T1__NORMAL__2830,2830,3575,7,0.0,0.0,0.0,0.0,0.0,0.0,0.0,0.0,63.54916988557867,17.761828626328768
2830-3980-0072_3575-170457-0021__T2__NORMAL__3575,3575,2830,7,0.0,0.0,0.14285714285714285,0.0,0.0,0.0,0.0,0.0,42.5706575356188,13.259860334993766
2830-3980-0072_6930-81414-0008__T1__NORMAL__2830,2830,6930,8,0.0,0.0,0.0,0.0,0.0,0.0,0.0,0.0,56.099884995961894,11.493867156101665
2830-3980-0072_6930-81414-0008__T2__NORMAL__6930,6930,2830,8,0.0,0.0,0.0,0.0,0.0,0.0,0.0,0.0,39.03310158165533,15.561875694526186
2830-3980-0073_2300-131720-0015__T1__NORMAL__2830,2830,2300,16,0.0,0.0,0.0,0.0,0.0,0.0,0.0,0.0,43.675776032321394,11.62940735946535
2830-3980-0073_2300-131720-0015__T2__NORMAL__2300,2300,2830,16,0.0,0.0625,0.0,0.0,0.0,0.0,0.0,0.0,33.34606539991715,16.469636078826525
2830-3980-0075_4507-16021-0002__T1__NORMAL__2830,2830,4507,5,0.0,0.0,0.0,0.0,0.0,0.0,0.0,0.0,52.52275268429413,8.481195514885055
2830-3980-0075_4507-16021-0002__T2__NORMAL__4507,4507,2830,5,0.0,0.0,0.0,0.0,0.0,0.0,0.0,0.0,35.899749511574164,15.074889547975925
2830-3980-0075_8463-294825-0003__T1__NORMAL__2830,2830,8463,10,0.0,0.0,0.0,0.0,0.0,0.0,0.0,0.0,61.780841426810696,18.82065783796213
2830-3980-0075_8463-294825-0003__T2__NORMAL__8463,8463,2830,10,0.0,0.1,0.0,0.0,0.0,0.0,0.0,0.0,50.58333037041086,18.85207253569008
2830-3980-0076_237-126133-0009__T1__NORMAL__2830,2830,237,6,0.0,0.0,0.0,0.0,0.0,0.0,0.0,0.0,52.555737448916894,19.39579321444674
2830-3980-0076_237-126133-0009__T2__NORMAL__237,237,2830,6,0.0,0.0,0.0,0.0,0.0,0.0,0.0,0.0,46.6251511800668,17.436995155806596
2830-3980-0076_8463-287645-0002__T1__NORMAL__2830,2830,8463,8,0.0,0.0,0.0,0.0,0.0,0.0,0.0,0.0,45.23927959957764,18.195735137407333
2830-3980-0076_8463-287645-0002__T2__NORMAL__8463,8463,2830,8,0.0,0.0,0.0,0.0,0.0,0.0,0.0,0.0,50.1232989557736,14.942388173892317
2961-960-0005_6829-68771-0003__T1__NORMAL__2961,2961,6829,7,0.0,0.0,0.0,0.0,0.0,0.0,0.0,0.0,61.02526251459012,23.460334557948805
2961-960-0005_6829-68771-0003__T2__NORMAL__6829,6829,2961,7,0.0,0.0,0.0,0.0,0.0,0.0,0.0,0.0,58.13278853929044,19.629141049781506
2961-960-0006_5683-32866-0028__T1__NORMAL__2961,2961,5683,10,0.0,0.0,0.0,0.0,0.0,0.0,0.0,0.0,55.081346416121434,16.778530330517015
2961-960-0006_5683-32866-0028__T2__NORMAL__5683,5683,2961,10,0.0,0.0,0.0,0.2,0.0,0.0,0.0,0.0,43.56008012066629,17.20998224893309
2961-960-0007_3729-6852-0002__T1__NORMAL__2961,2961,3729,14,0.0,0.0,0.0,0.0,0.0,0.0,0.0,0.0,47.255595789231,14.92290498278961
2961-960-0007_3729-6852-0002__T2__NORMAL__3729,3729,2961,14,0.0,0.0,0.0,0.0,0.0,0.0,0.0,0.0,50.934291838035115,17.095120246384305
2961-960-0007_4446-2271-0020__T1__NORMAL__2961,2961,4446,14,0.0,0.0,0.0,0.0,0.0,0.0,0.0,0.0,44.82117501975114,13.930292874270888
2961-960-0007_4446-2271-0020__T2__NORMAL__4446,4446,2961,14,0.0,0.0,0.07142857142857142,0.0,0.0,0.0,0.0,0.0,48.9626023884236,16.24960514493916
2961-960-0007_672-122797-0017__T1__NORMAL__2961,2961,672,8,0.0,0.0,0.0,0.0,0.0,0.0,0.0,0.0,44.210745094197875,19.991071182659063
2961-960-0007_672-122797-0017__T2__NORMAL__672,672,2961,8,0.0,0.0,0.0,0.0,0.0,0.0,0.0,0.0,48.22529001485776,5.855969615020577
2961-960-0008_7176-92135-0015__T1__NORMAL__2961,2961,7176,12,0.0,0.0,0.0,0.0,0.0,0.0,0.0,0.0,59.056356081472806,20.813792638520788
2961-960-0008_7176-92135-0015__T2__NORMAL__7176,7176,2961,12,0.0,0.0,0.0,0.0,0.0,0.0,0.0,0.0,62.32712872822963,19.493171389083702
2961-960-0009_1995-1826-0023__T1__NORMAL__2961,2961,1995,15,0.0,0.0,0.0,0.0,0.0,0.0,0.0,0.0,66.71014417597208,23.796724810195187
2961-960-0009_1995-1826-0023__T2__NORMAL__1995,1995,2961,15,0.0,0.0,0.0,0.0,0.0,0.0,0.0,0.0,66.01356765904293,18.6743068002078
2961-960-0009_6829-68769-0027__T1__NORMAL__2961,2961,6829,5,0.0,0.2,0.0,0.0,0.0,0.0,0.0,0.0,61.87673126963514,20.21669233292521
2961-960-0009_6829-68769-0027__T2__NORMAL__6829,6829,2961,5,0.0,0.0,0.0,0.0,0.0,0.0,0.0,0.0,55.234019755881306,18.685127653091097
2961-960-0012_6829-68771-0015__T1__NORMAL__2961,2961,6829,8,0.0,0.0,0.0,0.0,0.0,0.0,0.0,0.0,52.353415891867066,21.336404884356767
2961-960-0012_6829-68771-0015__T2__NORMAL__6829,6829,2961,8,0.0,0.0,0.0,0.0,0.0,0.0,0.0,0.0,57.91381420094751,17.134238987592646
2961-960-0013_1089-134686-0035__T1__NORMAL__2961,2961,1089,5,0.0,0.0,0.0,0.0,0.0,0.0,0.0,0.0,48.96151585684839,21.006855947330035
2961-960-0013_1089-134686-0035__T2__NORMAL__1089,1089,2961,5,0.0,0.2,0.0,0.0,0.0,0.0,0.0,0.0,46.94364834850918,20.18911569732741
2961-960-0014_2830-3980-0010__T1__NORMAL__2961,2961,2830,12,0.0,0.08333333333333333,0.0,0.0,0.0,0.0,0.0,0.0,53.75672543679634,15.156536623136397
2961-960-0014_2830-3980-0010__T2__NORMAL__2830,2830,2961,12,0.0,0.08333333333333333,0.0,0.0,0.0,0.0,0.0,0.0,57.598879651204676,21.25151638557816
2961-960-0014_5105-28240-0002__T1__NORMAL__2961,2961,5105,7,0.0,0.0,0.0,0.0,0.0,0.0,0.0,0.0,52.12498966585339,20.7977876079622
2961-960-0014_5105-28240-0002__T2__NORMAL__5105,5105,2961,7,0.0,0.0,0.0,0.0,0.0,0.0,0.0,0.0,55.321596381217304,18.12096888548447
2961-960-0014_7176-92135-0000__T1__NORMAL__2961,2961,7176,16,0.0,0.0625,0.0,0.0,0.0,0.0,0.0,0.0,57.24646925356811,21.42995824997882
2961-960-0014_7176-92135-0000__T2__NORMAL__7176,7176,2961,16,0.0,0.0,0.0,0.0,0.0,0.0,0.0,0.0,67.76777144028821,19.681689204939
2961-960-0015_8555-284449-0001__T1__NORMAL__2961,2961,8555,14,0.0,0.0,0.07142857142857142,0.0,0.0,0.0,0.0,0.0,56.01572159972181,19.23588297369441
2961-960-0015_8555-284449-0001__T2__NORMAL__8555,8555,2961,14,0.0,0.0,0.0,0.07142857142857142,0.0,0.0,0.0,0.0,55.339153197220995,18.995261728561456
2961-960-0016_4992-41806-0004__T1__NORMAL__2961,2961,4992,6,0.0,0.0,0.0,0.0,0.0,0.0,0.0,0.0,50.31447348762214,15.009664551588918
2961-960-0016_4992-41806-0004__T2__NORMAL__4992,4992,2961,6,0.0,0.16666666666666666,0.16666666666666666,0.0,0.0,0.0,0.0,0.0,45.045900170578136,19.40335046771361
2961-960-0016_6829-68769-0005__T1__NORMAL__2961,2961,6829,12,0.0,0.0,0.0,0.0,0.0,0.0,0.0,0.0,48.25476778117178,17.808517427603167
2961-960-0016_6829-68769-0005__T2__NORMAL__6829,6829,2961,12,0.0,0.08333333333333333,0.0,0.0,0.0,0.0,0.0,0.0,53.137489538751716,18.70473544569408
2961-960-0017_6829-68769-0004__T1__NORMAL__2961,2961,6829,13,0.0,0.07692307692307693,0.07692307692307693,0.0,0.0,0.0,0.0,0.0,58.15338007310465,19.63777087935858
2961-960-0017_6829-68769-0004__T2__NORMAL__6829,6829,2961,13,0.0,0.15384615384615385,0.0,0.0,0.0,0.0,0.0,0.0,55.04916672095642,17.99357284815512
2961-960-0017_7729-102255-0014__T1__NORMAL__2961,2961,7729,9,0.0,0.0,0.0,0.0,0.0,0.0,0.0,0.0,38.35045121390221,17.3867062031875
2961-960-0017_7729-102255-0014__T2__NORMAL__7729,7729,2961,9,0.0,0.0,0.0,0.0,0.0,0.0,0.0,0.0,49.16287233179912,14.355173386947476
2961-960-0018_6930-76324-0020__T1__NORMAL__2961,2961,6930,11,0.0,0.0,0.0,0.0,0.0,0.0,0.0,0.0,42.76206532403255,13.01624802677165
2961-960-0018_6930-76324-0020__T2__NORMAL__6930,6930,2961,11,0.0,0.0,0.0,0.0,0.0,0.0,0.0,0.0,46.8485045125252,12.310047587292749
2961-960-0019_1320-122612-0007__T1__NORMAL__2961,2961,1320,10,0.0,0.0,0.0,0.0,0.0,0.0,0.0,0.0,60.196217272457694,21.902448904796422
2961-960-0019_1320-122612-0007__T2__NORMAL__1320,1320,2961,10,0.0,0.1,0.0,0.0,0.0,0.0,0.0,0.0,57.152008842292574,21.4287010356594
2961-960-0020_2094-142345-0006__T1__NORMAL__2961,2961,2094,18,0.0,0.0,0.05555555555555555,0.0,0.0,0.0,0.0,0.0,28.915831242972438,9.941018784310888
2961-960-0020_2094-142345-0006__T2__NORMAL__2094,2094,2961,18,0.0,0.0,0.0,0.0,0.0,0.0,0.0,0.0,50.41175262276461,5.806947439545532
2961-960-0020_237-134493-0005__T1__NORMAL__2961,2961,237,18,0.0,0.0,0.05555555555555555,0.0,0.0,0.0,0.0,0.0,61.31962744597974,22.557002164615103
2961-960-0020_237-134493-0005__T2__NORMAL__237,237,2961,18,0.0,0.0,0.0,0.0,0.0,0.0,0.0,0.0,66.7078925201044,20.75667139628657
2961-960-0022_4970-29095-0027__T1__NORMAL__2961,2961,4970,13,0.0,0.0,0.0,0.0,0.0,0.0,0.0,0.0,54.564801116946924,17.028554743550682
2961-960-0022_4970-29095-0027__T2__NORMAL__4970,4970,2961,13,0.0,0.07692307692307693,0.07692307692307693,0.07692307692307693,0.07692307692307693,0.0,0.07692307692307693,0.0,58.328473322251014,20.12907600966096
2961-961-0000_1320-122617-0014__T1__NORMAL__2961,2961,1320,8,0.0,0.125,0.0,0.0,0.0,0.0,0.0,0.0,55.63368212666232,20.08534532619517
2961-961-0000_1320-122617-0014__T2__NORMAL__1320,1320,2961,8,0.0,0.0,0.0,0.0,0.0,0.0,0.0,0.0,56.581143872999945,20.140856852453886
2961-961-0000_237-134500-0013__T1__NORMAL__2961,2961,237,8,0.0,0.0,0.0,0.0,0.0,0.0,0.0,0.0,61.837004884739514,19.681981720893003
2961-961-0000_237-134500-0013__T2__NORMAL__237,237,2961,8,0.0,0.0,0.0,0.0,0.0,0.0,0.0,0.0,54.01773656749246,21.293871598961505
2961-961-0001_61-70968-0016__T1__NORMAL__2961,2961,61,6,0.0,0.0,0.0,0.0,0.0,0.0,0.0,0.0,46.42192297334904,16.972025537365365
2961-961-0001_61-70968-0016__T2__NORMAL__61,61,2961,6,0.0,0.0,0.0,0.0,0.0,0.0,0.0,0.0,46.83138332849333,14.57098510379638
2961-961-0001_7127-75947-0013__T1__NORMAL__2961,2961,7127,9,0.0,0.0,0.0,0.0,0.0,0.0,0.0,0.0,59.578398508449226,19.16748636552688
2961-961-0001_7127-75947-0013__T2__NORMAL__7127,7127,2961,9,0.0,0.1111111111111111,0.0,0.0,0.0,0.0,0.0,0.0,55.505193818592495,16.980244416099517
2961-961-0004_7729-102255-0040__T1__NORMAL__2961,2961,7729,21,0.0,0.047619047619047616,0.09523809523809523,0.0,0.0,0.0,0.0,0.0,50.19382770612293,17.05659524158955
2961-961-0004_7729-102255-0040__T2__NORMAL__7729,7729,2961,21,0.0,0.0,0.0,0.0,0.0,0.0,0.0,0.0,48.52695892125276,16.60069849057916
2961-961-0005_1995-1837-0026__T1__NORMAL__2961,2961,1995,6,0.0,0.16666666666666666,0.0,0.0,0.0,0.0,0.0,0.0,57.64150481626117,19.960146754158565
2961-961-0005_1995-1837-0026__T2__NORMAL__1995,1995,2961,6,0.0,0.0,0.0,0.16666666666666666,0.0,0.0,0.0,0.0,66.26615818735914,16.67364266244195
2961-961-0005_4507-16021-0005__T1__NORMAL__2961,2961,4507,6,0.0,0.0,0.0,0.0,0.0,0.0,0.0,0.0,44.6327915085678,12.62681523988278
2961-961-0005_4507-16021-0005__T2__NORMAL__4507,4507,2961,6,0.0,0.0,0.16666666666666666,0.16666666666666666,0.0,0.0,0.0,0.0,38.385057280508995,15.886658212010085
2961-961-0006_1995-1837-0029__T1__NORMAL__2961,2961,1995,8,0.0,0.125,0.0,0.0,0.0,0.0,0.0,0.0,51.368148906476904,16.069123832703347
2961-961-0006_1995-1837-0029__T2__NORMAL__1995,1995,2961,8,0.0,0.0,0.0,0.0,0.0,0.0,0.0,0.0,49.13636905812241,18.51160251962028
2961-961-0006_8555-292519-0005__T1__NORMAL__2961,2961,8555,8,0.0,0.0,0.0,0.0,0.0,0.0,0.0,0.0,53.66385144099368,21.36234597611729
2961-961-0006_8555-292519-0005__T2__NORMAL__8555,8555,2961,8,0.0,0.0,0.125,0.0,0.0,0.0,0.0,0.0,55.48384584029013,17.189186351684157
2961-961-0007_6930-76324-0016__T1__NORMAL__2961,2961,6930,16,0.0,0.0,0.0,0.0,0.0,0.0,0.0,0.0,41.23289405328893,11.071837628512348
2961-961-0007_6930-76324-0016__T2__NORMAL__6930,6930,2961,16,0.0,0.1875,0.0,0.0,0.0,0.0,0.0,0.0,45.98969596433375,15.60811237836582
2961-961-0007_7127-75947-0023__T1__NORMAL__2961,2961,7127,9,0.0,0.0,0.0,0.0,0.0,0.0,0.0,0.0,50.038277548065324,18.159056571508508
2961-961-0007_7127-75947-0023__T2__NORMAL__7127,7127,2961,9,0.0,0.1111111111111111,0.0,0.0,0.0,0.0,0.0,0.0,51.0319779847162,20.24242502852458
2961-961-0008_4992-23283-0002__T1__NORMAL__2961,2961,4992,5,0.0,0.0,0.0,0.0,0.0,0.0,0.0,0.0,42.395338387151014,13.25379587837634
2961-961-0008_4992-23283-0002__T2__NORMAL__4992,4992,2961,5,0.0,0.2,0.0,0.0,0.0,0.0,0.0,0.0,40.33831204770176,9.49484163053327
2961-961-0009_1580-141083-0015__T1__NORMAL__2961,2961,1580,8,0.0,0.0,0.0,0.0,0.0,0.0,0.0,0.0,56.49568271326271,16.28702388957728
2961-961-0009_1580-141083-0015__T2__NORMAL__1580,1580,2961,8,0.0,0.0,0.0,0.0,0.0,0.0,0.0,0.0,51.321933142395686,17.033614932219322
2961-961-0009_4446-2275-0005__T1__NORMAL__2961,2961,4446,7,0.0,0.0,0.0,0.0,0.0,0.0,0.0,0.0,64.19854053507318,20.26423943254648
2961-961-0009_4446-2275-0005__T2__NORMAL__4446,4446,2961,7,1.0,1.0,1.0,1.0,1.0,1.0,1.0,1.0,-63.27338736919837,-51.57010202754126
2961-961-0009_5683-32865-0003__T1__NORMAL__2961,2961,5683,6,0.0,0.0,0.0,0.0,0.0,0.0,0.0,0.0,49.08501830251,16.477566045897625
2961-961-0009_5683-32865-0003__T2__NORMAL__5683,5683,2961,6,0.0,0.16666666666666666,0.0,0.0,0.0,0.0,0.0,0.0,46.357612408467936,16.675698528346324
2961-961-0010_4992-41797-0015__T1__NORMAL__2961,2961,4992,14,0.0,0.07142857142857142,0.0,0.0,0.0,0.0,0.0,0.0,48.520101150265965,13.91371667506369
2961-961-0010_4992-41797-0015__T2__NORMAL__4992,4992,2961,14,0.0,0.07142857142857142,0.0,0.0,0.0,0.0,0.0,0.0,47.163905326671866,18.11881670209664
2961-961-0010_7127-75946-0007__T1__NORMAL__2961,2961,7127,8,0.0,0.0,0.0,0.0,0.0,0.0,0.0,0.0,51.15929792966597,13.19735448527774
2961-961-0010_7127-75946-0007__T2__NORMAL__7127,7127,2961,8,0.0,0.25,0.25,0.125,0.25,0.0,0.125,0.0,39.89952756102403,16.19695132852123
2961-961-0011_3729-6852-0043__T1__NORMAL__2961,2961,3729,7,0.0,0.14285714285714285,0.14285714285714285,0.14285714285714285,0.0,0.0,0.0,0.0,34.49313130907026,16.550035783075124
2961-961-0011_3729-6852-0043__T2__NORMAL__3729,3729,2961,7,0.0,0.0,0.0,0.0,0.0,0.0,0.0,0.0,49.811684755211736,12.47846794364582
2961-961-0011_5142-36377-0015__T1__NORMAL__2961,2961,5142,7,0.0,0.0,0.0,0.0,0.0,0.0,0.0,0.0,52.95787197933458,16.516161085664923
2961-961-0011_5142-36377-0015__T2__NORMAL__5142,5142,2961,7,0.0,0.0,0.0,0.0,0.0,0.0,0.0,0.0,52.90170571485218,16.61413314786967
2961-961-0012_4992-41797-0016__T1__NORMAL__2961,2961,4992,5,0.0,0.0,0.0,0.0,0.0,0.0,0.0,0.0,54.57632935556402,9.62752223225642
2961-961-0012_4992-41797-0016__T2__NORMAL__4992,4992,2961,5,0.0,0.2,0.2,0.0,0.2,0.0,0.0,0.0,31.844975633051,15.378012047644578
2961-961-0013_4077-13751-0007__T1__NORMAL__2961,2961,4077,9,0.0,0.0,0.0,0.0,0.0,0.0,0.0,0.0,47.99655746852323,16.284905325666237
2961-961-0013_4077-13751-0007__T2__NORMAL__4077,4077,2961,9,0.0,0.0,0.0,0.0,0.0,0.0,0.0,0.0,51.26441040258786,13.99720389240226
2961-961-0013_5105-28241-0017__T1__NORMAL__2961,2961,5105,9,0.0,0.0,0.0,0.0,0.0,0.0,0.0,0.0,61.30235411049211,19.369472211138085
2961-961-0013_5105-28241-0017__T2__NORMAL__5105,5105,2961,9,0.0,0.1111111111111111,0.1111111111111111,0.1111111111111111,0.0,0.0,0.0,0.0,48.23313926724089,17.711180693149835
2961-961-0013_8455-210777-0018__T1__NORMAL__2961,2961,8455,8,0.0,0.125,0.0,0.0,0.0,0.0,0.0,0.0,54.10954776959062,17.63612767821414
2961-961-0013_8455-210777-0018__T2__NORMAL__8455,8455,2961,8,0.0,0.0,0.0,0.0,0.0,0.0,0.0,0.0,57.21592491351798,17.398923776160068
2961-961-0014_237-126133-0008__T1__NORMAL__2961,2961,237,6,0.0,0.0,0.0,0.0,0.0,0.0,0.0,0.0,62.57631568663147,18.82518163537893
2961-961-0014_237-126133-0008__T2__NORMAL__237,237,2961,6,0.0,0.0,0.0,0.0,0.0,0.0,0.0,0.0,61.75124121602184,19.76307730331724
2961-961-0015_5683-32865-0015__T1__NORMAL__2961,2961,5683,6,0.0,0.0,0.0,0.0,0.0,0.0,0.0,0.0,47.84886895933255,19.78465702831628
2961-961-0015_5683-32865-0015__T2__NORMAL__5683,5683,2961,6,0.0,0.0,0.0,0.0,0.0,0.0,0.0,0.0,43.81483607977837,15.266281571209843
2961-961-0016_237-134500-0012__T1__NORMAL__2961,2961,237,14,0.0,0.0,0.0,0.0,0.0,0.0,0.0,0.0,58.218241646463596,20.2806197012983
2961-961-0016_237-134500-0012__T2__NORMAL__237,237,2961,14,0.0,0.07142857142857142,0.0,0.0,0.0,0.0,0.0,0.0,54.972519260803054,17.386667439164736
2961-961-0018_8555-284447-0004__T1__NORMAL__2961,2961,8555,9,0.0,0.1111111111111111,0.1111111111111111,0.0,0.0,0.0,0.0,0.0,52.55641334973076,14.383279383435909
2961-961-0018_8555-284447-0004__T2__NORMAL__8555,8555,2961,9,0.0,0.0,0.0,0.0,0.0,0.0,0.0,0.0,53.156598164145784,18.51554127641523
2961-961-0020_4446-2275-0012__T1__NORMAL__2961,2961,4446,11,0.0,0.0,0.0,0.0,0.0,0.0,0.0,0.0,51.63135130131022,15.669490886798974
2961-961-0020_4446-2275-0012__T2__NORMAL__4446,4446,2961,11,1.0,1.0,1.0,1.0,1.0,1.0,1.0,1.0,-51.248598542628685,-31.4891046135691
2961-961-0020_5142-33396-0003__T1__NORMAL__2961,2961,5142,5,0.0,0.0,0.0,0.0,0.0,0.0,0.0,0.0,59.670561612524295,22.374147493821788
2961-961-0020_5142-33396-0003__T2__NORMAL__5142,5142,2961,5,0.0,0.0,0.0,0.0,0.0,0.0,0.0,0.0,53.69007028912533,18.24600698979952
3570-5694-0000_7176-88083-0002__T1__NORMAL__3570,3570,7176,14,0.0,0.0,0.0,0.0,0.0,0.0,0.0,0.0,59.42491221352859,21.003187269260888
3570-5694-0000_7176-88083-0002__T2__NORMAL__7176,7176,3570,14,0.0,0.0,0.0,0.0,0.0,0.0,0.0,0.0,55.2373907739258,22.67844709082407
3570-5694-0001_1089-134691-0022__T1__NORMAL__3570,3570,1089,10,0.0,0.0,0.1,0.0,0.0,0.0,0.0,0.0,59.5304217654176,23.296224298996684
3570-5694-0001_1089-134691-0022__T2__NORMAL__1089,1089,3570,10,0.0,0.0,0.0,0.0,0.0,0.0,0.0,0.0,55.06975585835263,23.001528865352068
3570-5694-0001_908-31957-0012__T1__NORMAL__3570,3570,908,10,0.0,0.1,0.0,0.0,0.0,0.0,0.0,0.0,56.27002570143045,23.11334102605062
3570-5694-0001_908-31957-0012__T2__NORMAL__908,908,3570,10,0.0,0.0,0.0,0.0,0.0,0.0,0.0,0.0,57.60410920059371,17.434011681810368
3570-5694-0002_61-70968-0032__T1__NORMAL__3570,3570,61,7,0.0,0.0,0.0,0.0,0.0,0.0,0.0,0.0,65.78835308896377,18.676793849775777
3570-5694-0002_61-70968-0032__T2__NORMAL__61,61,3570,7,0.0,0.0,0.0,0.0,0.0,0.0,0.0,0.0,53.10830907449564,22.633294739692133
3570-5694-0004_4992-23283-0020__T1__NORMAL__3570,3570,4992,9,0.0,0.0,0.0,0.0,0.0,0.0,0.0,0.0,52.69060437056093,16.951576410810738
3570-5694-0004_4992-23283-0020__T2__NORMAL__4992,4992,3570,9,0.0,0.0,0.1111111111111111,0.0,0.0,0.0,0.0,0.0,50.36063074893712,19.167973339572967
3570-5694-0007_2300-131720-0027__T1__NORMAL__3570,3570,2300,16,0.0,0.0,0.0,0.0,0.0,0.0,0.0,0.0,56.91595735441646,21.9602561014428
3570-5694-0007_2300-131720-0027__T2__NORMAL__2300,2300,3570,16,0.0,0.0,0.0,0.0,0.0,0.0,0.0,0.0,57.2796231680726,21.37301742366408
3570-5694-0007_5142-36377-0003__T1__NORMAL__3570,3570,5142,6,0.0,0.0,0.0,0.0,0.0,0.0,0.0,0.0,60.499688146700485,17.37891603097255
3570-5694-0007_5142-36377-0003__T2__NORMAL__5142,5142,3570,6,0.0,0.0,0.0,0.0,0.0,0.0,0.0,0.0,58.8630960835483,23.979400610658075
3570-5694-0007_672-122797-0059__T1__NORMAL__3570,3570,672,6,0.0,0.0,0.0,0.0,0.0,0.0,0.0,0.0,63.687577345751656,16.305830394145282
3570-5694-0007_672-122797-0059__T2__NORMAL__672,672,3570,6,0.0,0.16666666666666666,0.0,0.0,0.0,0.0,0.0,0.0,58.386335763367164,23.11994510282352
3570-5694-0008_237-126133-0023__T1__NORMAL__3570,3570,237,12,0.0,0.0,0.0,0.0,0.0,0.0,0.0,0.0,64.38766284779479,20.77969725657107
3570-5694-0008_237-126133-0023__T2__NORMAL__237,237,3570,12,0.0,0.0,0.0,0.0,0.0,0.0,0.0,0.0,64.31855197107882,24.95492381682996
3570-5694-0008_7021-79740-0002__T1__NORMAL__3570,3570,7021,17,0.0,0.0,0.0,0.0,0.0,0.0,0.0,0.0,56.71824377114461,18.735683769953983
3570-5694-0008_7021-79740-0002__T2__NORMAL__7021,7021,3570,17,0.0,0.058823529411764705,0.0,0.0,0.0,0.0,0.0,0.0,55.46487951125806,22.12022696592305
3570-5694-0010_5142-33396-0011__T1__NORMAL__3570,3570,5142,6,0.0,0.0,0.0,0.0,0.0,0.0,0.0,0.0,65.49923628796482,18.87569507115173
3570-5694-0010_5142-33396-0011__T2__NORMAL__5142,5142,3570,6,0.0,0.0,0.0,0.0,0.0,0.0,0.0,0.0,76.20303231449189,24.99584121092111
3570-5694-0010_7176-92135-0002__T1__NORMAL__3570,3570,7176,5,0.0,0.0,0.0,0.0,0.0,0.0,0.0,0.0,61.99751572512787,20.124433055393208
3570-5694-0010_7176-92135-0002__T2__NORMAL__7176,7176,3570,5,0.0,0.0,0.0,0.0,0.0,0.0,0.0,0.0,65.2640092988495,19.671436513862155
3570-5694-0010_908-31957-0012__T1__NORMAL__3570,3570,908,14,0.0,0.0,0.0,0.0,0.0,0.0,0.0,0.0,57.705176650722684,22.003833122866176
3570-5694-0010_908-31957-0012__T2__NORMAL__908,908,3570,14,0.0,0.0,0.0,0.0,0.0,0.0,0.0,0.0,65.19489848153476,16.896380840188385
3570-5694-0011_672-122797-0074__T1__NORMAL__3570,3570,672,15,0.0,0.0,0.0,0.0,0.0,0.0,0.0,0.0,57.04311703901752,19.73575352387612
3570-5694-0011_672-122797-0074__T2__NORMAL__672,672,3570,15,0.0,0.0,0.0,0.0,0.0,0.0,0.0,0.0,57.22043751218941,17.968973675336876
3570-5694-0013_3575-170457-0017__T1__NORMAL__3570,3570,3575,10,0.0,0.0,0.0,0.0,0.0,0.0,0.0,0.0,65.39962192993927,26.061052959255232
3570-5694-0013_3575-170457-0017__T2__NORMAL__3575,3575,3570,10,0.0,0.0,0.0,0.0,0.0,0.0,0.0,0.0,63.69737485364119,20.55643059562929
3570-5694-0013_3575-170457-0030__T1__NORMAL__3570,3570,3575,10,0.0,0.0,0.0,0.0,0.0,0.0,0.0,0.0,58.97486813821447,24.17324284332348
3570-5694-0013_3575-170457-0030__T2__NORMAL__3575,3575,3570,10,0.0,0.0,0.0,0.0,0.0,0.0,0.0,0.0,63.91269037613442,21.385391019244206
3570-5694-0014_4507-16021-0052__T1__NORMAL__3570,3570,4507,11,0.0,0.0,0.0,0.0,0.0,0.0,0.0,0.0,49.01653593929195,19.98653382730196
3570-5694-0014_4507-16021-0052__T2__NORMAL__4507,4507,3570,11,0.0,0.0,0.0,0.0,0.0,0.0,0.0,0.0,50.84369269176213,20.44667093374119
3570-5694-0015_6829-68771-0010__T1__NORMAL__3570,3570,6829,15,0.0,0.0,0.13333333333333333,0.0,0.0,0.0,0.0,0.0,56.14384747127372,19.64956221171351
3570-5694-0015_6829-68771-0010__T2__NORMAL__6829,6829,3570,15,0.0,0.06666666666666667,0.0,0.0,0.0,0.0,0.0,0.0,55.81977127272834,22.33595310039642
3570-5694-0015_8463-294828-0028__T1__NORMAL__3570,3570,8463,14,0.0,0.0,0.07142857142857142,0.0,0.0,0.0,0.0,0.0,64.46329685146195,20.792110886839183
3570-5694-0015_8463-294828-0028__T2__NORMAL__8463,8463,3570,14,0.0,0.07142857142857142,0.0,0.0,0.0,0.0,0.0,0.0,60.7165012164179,24.86613594949848
3570-5694-0017_1221-135766-0013__T1__NORMAL__3570,3570,1221,6,0.0,0.0,0.16666666666666666,0.0,0.0,0.0,0.0,0.0,42.17265202213543,13.662016506120654
3570-5694-0017_1221-135766-0013__T2__NORMAL__1221,1221,3570,6,0.0,0.0,0.0,0.0,0.0,0.0,0.0,0.0,48.27764742853634,13.898725154202683
3570-5694-0017_4970-29095-0012__T1__NORMAL__3570,3570,4970,8,0.0,0.0,0.0,0.0,0.0,0.0,0.0,0.0,68.47085936930347,24.15645399914384
3570-5694-0017_4970-29095-0012__T2__NORMAL__4970,4970,3570,8,0.0,0.0,0.0,0.0,0.0,0.0,0.0,0.0,72.3979372141695,24.486696657261103
3570-5694-0017_61-70970-0016__T1__NORMAL__3570,3570,61,7,0.0,0.0,0.0,0.0,0.0,0.0,0.0,0.0,59.06604970853527,21.696638336100115
3570-5694-0017_61-70970-0016__T2__NORMAL__61,61,3570,7,0.0,0.0,0.14285714285714285,0.0,0.0,0.0,0.0,0.0,52.65757939090904,18.21489851547209
3570-5694-0018_1188-133604-0041__T1__NORMAL__3570,3570,1188,14,0.0,0.14285714285714285,0.0,0.0,0.0,0.0,0.0,0.0,61.68387000647187,25.914639622722223
3570-5694-0018_1188-133604-0041__T2__NORMAL__1188,1188,3570,14,0.0,0.0,0.0,0.0,0.0,0.0,0.0,0.0,62.622581043964985,21.48193678756927
3570-5694-0018_121-127105-0036__T1__NORMAL__3570,3570,121,7,0.0,0.0,0.0,0.0,0.0,0.0,0.0,0.0,61.281885316904486,19.185956920416828
3570-5694-0018_121-127105-0036__T2__NORMAL__121,121,3570,7,0.0,0.14285714285714285,0.0,0.0,0.0,0.0,0.0,0.0,59.916358969756665,22.4224548999522
3570-5694-0018_8555-284447-0010__T1__NORMAL__3570,3570,8555,14,0.0,0.0,0.0,0.0,0.0,0.0,0.0,0.0,59.84611470469957,21.19778435037957
3570-5694-0018_8555-284447-0010__T2__NORMAL__8555,8555,3570,14,0.0,0.0,0.07142857142857142,0.0,0.0,0.0,0.0,0.0,55.36649263189402,21.86849850303343
3570-5694-0019_5105-28240-0024__T1__NORMAL__3570,3570,5105,6,0.0,0.0,0.0,0.0,0.0,0.0,0.0,0.0,58.67672066229787,21.7801641424848
3570-5694-0019_5105-28240-0024__T2__NORMAL__5105,5105,3570,6,0.0,0.3333333333333333,0.0,0.0,0.0,0.0,0.0,0.0,52.15982158718416,22.30665479747033
3570-5694-0019_6930-75918-0006__T1__NORMAL__3570,3570,6930,6,0.0,0.0,0.0,0.0,0.0,0.0,0.0,0.0,55.70952596232448,16.7710303868802
3570-5694-0019_6930-75918-0006__T2__NORMAL__6930,6930,3570,6,0.0,0.0,0.0,0.0,0.0,0.0,0.0,0.0,62.31859798795455,19.463288119516328
3570-5694-0020_4446-2273-0000__T1__NORMAL__3570,3570,4446,16,0.0,0.0,0.0,0.0,0.0,0.0,0.0,0.0,65.4373692975873,21.575307769737048
3570-5694-0020_4446-2273-0000__T2__NORMAL__4446,4446,3570,16,1.0,1.0,1.0,1.0,1.0,1.0,1.0,1.0,-65.1905084845461,-41.57667089978668
3570-5694-0021_237-134500-0014__T1__NORMAL__3570,3570,237,7,0.0,0.0,0.14285714285714285,0.0,0.0,0.0,0.0,0.0,58.36523380168141,23.686861346708227
3570-5694-0021_237-134500-0014__T2__NORMAL__237,237,3570,7,0.0,0.0,0.0,0.0,0.0,0.0,0.0,0.0,53.22429066738444,19.8707306942572
3570-5695-0000_5105-28233-0006__T1__NORMAL__3570,3570,5105,8,0.0,0.0,0.0,0.0,0.0,0.0,0.0,0.0,67.68413542413909,19.763171768255216
3570-5695-0000_5105-28233-0006__T2__NORMAL__5105,5105,3570,8,0.0,0.0,0.0,0.0,0.0,0.0,0.0,0.0,65.53554400625362,26.667086470968872
3570-5695-0001_672-122797-0050__T1__NORMAL__3570,3570,672,8,0.0,0.0,0.0,0.0,0.0,0.0,0.0,0.0,49.71209021370626,10.991500533637767
3570-5695-0001_672-122797-0050__T2__NORMAL__672,672,3570,8,0.0,0.0,0.0,0.0,0.0,0.0,0.0,0.0,48.51477351933371,22.625752976356026
3570-5695-0002_8230-279154-0000__T1__NORMAL__3570,3570,8230,14,0.0,0.0,0.0,0.0,0.0,0.0,0.0,0.0,58.00506205462381,26.62122818867229
3570-5695-0002_8230-279154-0000__T2__NORMAL__8230,8230,3570,14,0.0,0.0,0.0,0.0,0.0,0.0,0.0,0.0,56.3839083346445,18.639486390542785
3570-5695-0003_3575-170457-0032__T1__NORMAL__3570,3570,3575,5,0.0,0.0,0.0,0.0,0.0,0.0,0.0,0.0,59.7288494013203,22.603879389179056
3570-5695-0003_3575-170457-0032__T2__NORMAL__3575,3575,3570,5,0.0,0.0,0.0,0.0,0.0,0.0,0.0,0.0,56.96582075366649,21.51814394458172
3570-5695-0003_8455-210777-0024__T1__NORMAL__3570,3570,8455,9,0.0,0.0,0.0,0.0,0.0,0.0,0.0,0.0,62.13906374132637,20.134093721713853
3570-5695-0003_8455-210777-0024__T2__NORMAL__8455,8455,3570,9,0.0,0.0,0.0,0.0,0.0,0.0,0.0,0.0,61.732777446087184,19.827215459093544
3570-5695-0004_237-126133-0015__T1__NORMAL__3570,3570,237,17,0.0,0.0,0.0,0.0,0.0,0.0,0.0,0.0,61.9132417525538,26.2437599813219
3570-5695-0004_237-126133-0015__T2__NORMAL__237,237,3570,17,0.0,0.0,0.0,0.0,0.0,0.0,0.0,0.0,57.81306099675295,22.66242605827337
3570-5695-0004_8455-210777-0010__T1__NORMAL__3570,3570,8455,5,0.0,0.0,0.0,0.0,0.0,0.0,0.0,0.0,57.71026319443261,15.546717831922866
3570-5695-0004_8455-210777-0010__T2__NORMAL__8455,8455,3570,5,0.0,0.0,0.0,0.0,0.0,0.0,0.0,0.0,51.52004684930681,19.46066666383712
3570-5695-0006_1284-1181-0015__T1__NORMAL__3570,3570,1284,9,0.0,0.0,0.0,0.0,0.0,0.0,0.0,0.0,63.64776008589859,21.425171117900792
3570-5695-0006_1284-1181-0015__T2__NORMAL__1284,1284,3570,9,0.0,0.0,0.0,0.0,0.0,0.0,0.0,0.0,56.66320878395534,18.589884780094344
3570-5695-0006_3575-170457-0053__T1__NORMAL__3570,3570,3575,13,0.0,0.0,0.0,0.0,0.0,0.0,0.0,0.0,53.661082089488744,21.248973050284096
3570-5695-0006_3575-170457-0053__T2__NORMAL__3575,3575,3570,13,0.0,0.0,0.0,0.0,0.0,0.0,0.0,0.0,48.137840046594,21.81687747238113
3570-5695-0007_5105-28233-0001__T1__NORMAL__3570,3570,5105,7,0.0,0.0,0.0,0.0,0.0,0.0,0.0,0.0,61.84668007500615,21.428274720410744
3570-5695-0007_5105-28233-0001__T2__NORMAL__5105,5105,3570,7,0.0,0.0,0.0,0.0,0.0,0.0,0.0,0.0,56.10655724622796,19.78715136974732
3570-5695-0008_7021-79759-0003__T1__NORMAL__3570,3570,7021,8,0.0,0.0,0.0,0.0,0.0,0.0,0.0,0.0,59.81674826144427,17.229707423155205
3570-5695-0008_7021-79759-0003__T2__NORMAL__7021,7021,3570,8,0.0,0.0,0.0,0.0,0.0,0.0,0.0,0.0,54.15133674604371,20.39104232004299
3570-5695-0009_237-134500-0032__T1__NORMAL__3570,3570,237,9,0.0,0.0,0.0,0.0,0.0,0.0,0.0,0.0,67.49456414935058,21.620760328205275
3570-5695-0009_237-134500-0032__T2__NORMAL__237,237,3570,9,0.0,0.0,0.0,0.0,0.0,0.0,0.0,0.0,64.93532858509535,23.531352073466845
3570-5695-0009_2961-961-0017__T1__NORMAL__3570,3570,2961,9,0.0,0.0,0.0,0.0,0.0,0.0,0.0,0.0,51.318065888825146,18.85562729407948
3570-5695-0009_2961-961-0017__T2__NORMAL__2961,2961,3570,9,0.0,0.0,0.0,0.0,0.0,0.0,0.0,0.0,48.7963946023689,19.64744539689616
3570-5695-0009_4970-29095-0008__T1__NORMAL__3570,3570,4970,5,0.0,0.0,0.0,0.0,0.0,0.0,0.0,0.0,64.30183817755379,22.43267076319229
3570-5695-0009_4970-29095-0008__T2__NORMAL__4970,4970,3570,5,0.0,0.0,0.0,0.0,0.0,0.0,0.0,0.0,62.92589935673061,20.946344110429333
3570-5695-0010_5105-28240-0015__T1__NORMAL__3570,3570,5105,8,0.0,0.0,0.0,0.0,0.0,0.0,0.0,0.0,57.08452450744221,21.46660737213138
3570-5695-0010_5105-28240-0015__T2__NORMAL__5105,5105,3570,8,0.0,0.0,0.0,0.0,0.0,0.0,0.0,0.0,53.361165633201594,20.087070908934976
3570-5695-0010_672-122797-0058__T1__NORMAL__3570,3570,672,7,0.0,0.0,0.0,0.0,0.0,0.0,0.0,0.0,62.38420164410247,22.21198377146349
3570-5695-0010_672-122797-0058__T2__NORMAL__672,672,3570,7,0.0,0.0,0.0,0.0,0.0,0.0,0.0,0.0,56.79323962593477,18.262647184361903
3570-5695-0011_4507-16021-0056__T1__NORMAL__3570,3570,4507,11,0.0,0.0,0.0,0.0,0.0,0.0,0.0,0.0,66.04855346080085,18.58980141895158
3570-5695-0011_4507-16021-0056__T2__NORMAL__4507,4507,3570,11,0.0,0.0,0.0,0.0,0.0,0.0,0.0,0.0,60.451885305967465,25.911847699422538
3570-5695-0011_6829-68771-0009__T1__NORMAL__3570,3570,6829,15,0.0,0.0,0.0,0.0,0.0,0.0,0.0,0.0,66.97661788600358,19.77374202774377
3570-5695-0011_6829-68771-0009__T2__NORMAL__6829,6829,3570,15,0.0,0.13333333333333333,0.0,0.0,0.0,0.0,0.0,0.0,61.00213812827481,22.98693143832245
3570-5695-0011_8455-210777-0058__T1__NORMAL__3570,3570,8455,13,0.0,0.0,0.0,0.0,0.0,0.0,0.0,0.0,57.28971064097065,19.50210500338329
3570-5695-0011_8455-210777-0058__T2__NORMAL__8455,8455,3570,13,0.0,0.0,0.0,0.0,0.0,0.0,0.0,0.0,54.215923569768705,18.56845430912625
3570-5695-0012_5142-33396-0022__T1__NORMAL__3570,3570,5142,8,0.0,0.0,0.0,0.0,0.0,0.0,0.0,0.0,69.09406499031019,26.07819014651881
3570-5695-0012_5142-33396-0022__T2__NORMAL__5142,5142,3570,8,0.0,0.0,0.0,0.0,0.0,0.0,0.0,0.0,66.8439814209881,25.13400711391107
3570-5695-0015_1580-141084-0000__T1__NORMAL__3570,3570,1580,8,0.0,0.0,0.125,0.0,0.0,0.0,0.0,0.0,67.05361156064548,20.68044708353563
3570-5695-0015_1580-141084-0000__T2__NORMAL__1580,1580,3570,8,0.0,0.0,0.0,0.0,0.0,0.0,0.0,0.0,61.31160445210318,25.595185818950043
3570-5695-0015_6829-68771-0036__T1__NORMAL__3570,3570,6829,9,0.0,0.0,0.0,0.0,0.0,0.0,0.0,0.0,68.28157183087544,20.62840167570796
3570-5695-0015_6829-68771-0036__T2__NORMAL__6829,6829,3570,9,0.0,0.0,0.0,0.0,0.0,0.0,0.0,0.0,65.9070473721575,23.69272963117263
3570-5695-0015_8463-294828-0037__T1__NORMAL__3570,3570,8463,9,0.0,0.0,0.1111111111111111,0.0,0.0,0.0,0.0,0.0,65.24707301035639,19.169936478230664
3570-5695-0015_8463-294828-0037__T2__NORMAL__8463,8463,3570,9,1.0,1.0,0.8888888888888888,1.0,0.8888888888888888,0.8888888888888888,0.8888888888888888,0.8888888888888888,-65.46793146937593,-26.432725163479944
3570-5696-0002_237-134500-0016__T1__NORMAL__3570,3570,237,5,0.0,0.0,0.0,0.0,0.0,0.0,0.0,0.0,76.58794228737314,23.41624105538206
3570-5696-0002_237-134500-0016__T2__NORMAL__237,237,3570,5,0.0,0.0,0.0,0.0,0.0,0.0,0.0,0.0,67.24069538814265,23.336478148717102
3570-5696-0002_5105-28240-0004__T1__NORMAL__3570,3570,5105,11,0.0,0.0,0.0,0.0,0.0,0.0,0.0,0.0,61.46994124536777,22.22788817024372
3570-5696-0002_5105-28240-0004__T2__NORMAL__5105,5105,3570,11,0.0,0.0,0.0,0.0,0.0,0.0,0.0,0.0,58.86253203258107,19.888095486178724
3570-5696-0004_1320-122617-0023__T1__NORMAL__3570,3570,1320,8,0.0,0.0,0.0,0.0,0.0,0.0,0.0,0.0,63.42155810315884,23.12857480195148
3570-5696-0004_1320-122617-0023__T2__NORMAL__1320,1320,3570,8,0.0,0.0,0.0,0.0,0.0,0.0,0.0,0.0,63.38161424653058,23.48030236574767
3570-5696-0006_260-123286-0006__T1__NORMAL__3570,3570,260,7,0.0,0.0,0.0,0.0,0.0,0.0,0.0,0.0,46.16051052165248,17.049308835795436
3570-5696-0006_260-123286-0006__T2__NORMAL__260,260,3570,7,0.0,0.0,0.0,0.0,0.0,0.0,0.0,0.0,44.397173999492644,17.900509651086505
3570-5696-0006_4507-16021-0021__T1__NORMAL__3570,3570,4507,7,0.0,0.0,0.0,0.0,0.0,0.0,0.0,0.0,54.46511024028274,15.563785539763202
3570-5696-0006_4507-16021-0021__T2__NORMAL__4507,4507,3570,7,0.0,0.0,0.0,0.0,0.0,0.0,0.0,0.0,56.27420326663124,19.110314653053656
3570-5696-0006_8555-284449-0008__T1__NORMAL__3570,3570,8555,7,0.0,0.0,0.0,0.0,0.0,0.0,0.0,0.0,58.96392483068725,23.89724339638725
3570-5696-0006_8555-284449-0008__T2__NORMAL__8555,8555,3570,7,0.0,0.0,0.0,0.0,0.0,0.0,0.0,0.0,61.41911866267393,17.671838455242174
3570-5696-0007_1995-1837-0003__T1__NORMAL__3570,3570,1995,13,0.0,0.0,0.0,0.0,0.0,0.0,0.0,0.0,55.962528117923696,19.38717631658569
3570-5696-0007_1995-1837-0003__T2__NORMAL__1995,1995,3570,13,0.0,0.07692307692307693,0.0,0.0,0.0,0.0,0.0,0.0,53.94404861021607,21.546043181219225
3570-5696-0007_260-123286-0016__T1__NORMAL__3570,3570,260,13,0.0,0.0,0.0,0.0,0.0,0.0,0.0,0.0,52.94635662129535,15.242601264247655
3570-5696-0007_260-123286-0016__T2__NORMAL__260,260,3570,13,0.0,0.0,0.07692307692307693,0.0,0.0,0.0,0.0,0.0,47.74453781775948,19.78832105647313
3570-5696-0007_5639-40744-0024__T1__NORMAL__3570,3570,5639,16,0.0,0.0,0.0,0.0,0.0,0.0,0.0,0.0,59.17792359566165,18.48000696451682
3570-5696-0007_5639-40744-0024__T2__NORMAL__5639,5639,3570,16,0.0,0.0,0.0,0.0,0.0,0.0,0.0,0.0,58.03562701792396,23.503395750252302
3570-5696-0008_4446-2271-0005__T1__NORMAL__3570,3570,4446,5,0.0,0.0,0.0,0.0,0.0,0.0,0.0,0.0,45.18280000378659,13.350522263244764
3570-5696-0008_4446-2271-0005__T2__NORMAL__4446,4446,3570,5,0.0,0.2,0.0,0.0,0.0,0.0,0.0,0.0,39.231002848823366,17.280419865529943
3570-5696-0009_7729-102255-0016__T1__NORMAL__3570,3570,7729,16,0.0,0.0,0.0,0.0,0.0,0.0,0.0,0.0,48.07033158104376,18.737940147223803
3570-5696-0009_7729-102255-0016__T2__NORMAL__7729,7729,3570,16,0.0,0.0625,0.0625,0.0,0.0,0.0,0.0,0.0,50.19322972514556,16.987322761633934
3575-170457-0000_672-122797-0005__T1__NORMAL__3575,3575,672,5,0.0,0.0,0.0,0.0,0.0,0.0,0.0,0.0,49.397019876224455,17.447168954227305
3575-170457-0000_672-122797-0005__T2__NORMAL__672,672,3575,5,0.0,0.2,0.0,0.0,0.0,0.0,0.0,0.0,48.37898152184813,19.78326006292308
3575-170457-0003_7021-85628-0019__T1__NORMAL__3575,3575,7021,5,0.0,0.0,0.0,0.0,0.0,0.0,0.0,0.0,60.58054242160647,18.836619413828444
3575-170457-0003_7021-85628-0019__T2__NORMAL__7021,7021,3575,5,0.0,0.0,0.0,0.0,0.0,0.0,0.0,0.0,60.96019436156148,20.53119291307104
3575-170457-0003_7127-75947-0025__T1__NORMAL__3575,3575,7127,10,0.0,0.0,0.0,0.0,0.0,0.0,0.0,0.0,56.22313784161863,18.075378147738505
3575-170457-0003_7127-75947-0025__T2__NORMAL__7127,7127,3575,10,0.0,0.0,0.0,0.0,0.0,0.0,0.0,0.0,62.18778668636869,21.58155848915733
3575-170457-0004_8463-294825-0008__T1__NORMAL__3575,3575,8463,5,0.0,0.0,0.0,0.0,0.0,0.0,0.0,0.0,61.956641987563195,26.100103405827376
3575-170457-0004_8463-294825-0008__T2__NORMAL__8463,8463,3575,5,1.0,1.0,0.8,1.0,0.8,0.8,0.8,0.8,-62.62484320233608,-47.82301547892751
3575-170457-0005_6829-68769-0006__T1__NORMAL__3575,3575,6829,13,0.0,0.07692307692307693,0.0,0.0,0.0,0.0,0.0,0.0,56.74392215904738,22.179551813216754
3575-170457-0005_6829-68769-0006__T2__NORMAL__6829,6829,3575,13,0.0,0.0,0.0,0.0,0.0,0.0,0.0,0.0,59.29896026888374,19.60982027141452
3575-170457-0005_7127-75947-0024__T1__NORMAL__3575,3575,7127,13,0.0,0.0,0.0,0.0,0.0,0.0,0.0,0.0,63.73885214743859,20.304244042581857
3575-170457-0005_7127-75947-0024__T2__NORMAL__7127,7127,3575,13,0.0,0.07692307692307693,0.0,0.0,0.0,0.0,0.0,0.0,65.49235876040065,23.273982614157177
3575-170457-0006_1284-1180-0002__T1__NORMAL__3575,3575,1284,14,0.0,0.0,0.0,0.0,0.0,0.0,0.0,0.0,63.457569968132425,21.404092075243703
3575-170457-0006_1284-1180-0002__T2__NORMAL__1284,1284,3575,14,0.0,0.0,0.0,0.0,0.0,0.0,0.0,0.0,68.82173876414545,20.8727443912914
3575-170457-0006_5639-40744-0025__T1__NORMAL__3575,3575,5639,15,0.0,0.0,0.0,0.0,0.0,0.0,0.0,0.0,71.56870782353558,22.13625964992816
3575-170457-0006_5639-40744-0025__T2__NORMAL__5639,5639,3575,15,0.0,0.0,0.06666666666666667,0.0,0.0,0.0,0.0,0.0,63.015747411763044,21.87675545571888
3575-170457-0007_121-121726-0011__T1__NORMAL__3575,3575,121,7,0.0,0.0,0.0,0.0,0.0,0.0,0.0,0.0,66.52798602064304,22.849795240812952
3575-170457-0007_121-121726-0011__T2__NORMAL__121,121,3575,7,0.0,0.14285714285714285,0.0,0.0,0.0,0.0,0.0,0.0,67.21270967759489,25.51196058256417
3575-170457-0007_1580-141084-0049__T1__NORMAL__3575,3575,1580,14,0.0,0.0,0.0,0.0,0.0,0.0,0.0,0.0,61.229499044886964,24.07978056776352
3575-170457-0007_1580-141084-0049__T2__NORMAL__1580,1580,3575,14,0.0,0.0,0.0,0.0,0.0,0.0,0.0,0.0,56.46517017462834,20.697941657688865
3575-170457-0007_61-70970-0018__T1__NORMAL__3575,3575,61,8,0.0,0.0,0.0,0.0,0.0,0.0,0.0,0.0,49.45793602389535,17.734851015268205
3575-170457-0007_61-70970-0018__T2__NORMAL__61,61,3575,8,0.0,0.0,0.0,0.0,0.0,0.0,0.0,0.0,55.56949151066617,18.027960261666045
3575-170457-0007_7127-75946-0002__T1__NORMAL__3575,3575,7127,14,0.0,0.0,0.0,0.0,0.0,0.0,0.0,0.0,54.94298071795196,20.907410846734788
3575-170457-0007_7127-75946-0002__T2__NORMAL__7127,7127,3575,14,0.0,0.0,0.0,0.0,0.0,0.0,0.0,0.0,57.93473654217363,19.757649328604906
3575-170457-0008_1089-134691-0017__T1__NORMAL__3575,3575,1089,22,0.0,0.045454545454545456,0.0,0.0,0.0,0.0,0.0,0.0,60.41548476093417,25.36360962476772
3575-170457-0008_1089-134691-0017__T2__NORMAL__1089,1089,3575,22,0.0,0.0,0.0,0.0,0.0,0.0,0.0,0.0,56.89575490803796,21.53216358138696
3575-170457-0009_8555-284447-0023__T1__NORMAL__3575,3575,8555,12,0.0,0.0,0.0,0.0,0.0,0.0,0.0,0.0,61.136413644809274,16.02827886059888
3575-170457-0009_8555-284447-0023__T2__NORMAL__8555,8555,3575,12,0.0,0.0,0.0,0.0,0.0,0.0,0.0,0.0,59.27412400014876,14.361076402486344
3575-170457-0010_1995-1837-0004__T1__NORMAL__3575,3575,1995,8,0.0,0.125,0.125,0.0,0.0,0.0,0.0,0.0,55.164258789037845,25.93199945379652
3575-170457-0010_1995-1837-0004__T2__NORMAL__1995,1995,3575,8,0.0,0.0,0.0,0.0,0.0,0.0,0.0,0.0,58.73255678784467,21.291088123430715
3575-170457-0010_8455-210777-0029__T1__NORMAL__3575,3575,8455,5,0.0,0.0,0.2,0.0,0.0,0.0,0.0,0.0,60.87615018488252,21.003485542900897
3575-170457-0010_8455-210777-0029__T2__NORMAL__8455,8455,3575,5,0.0,0.0,0.0,0.0,0.0,0.0,0.0,0.0,56.83363240062283,23.8499608742626
3575-170457-0011_121-127105-0027__T1__NORMAL__3575,3575,121,13,0.0,0.0,0.0,0.0,0.0,0.0,0.0,0.0,50.54219044043872,18.672386007550827
3575-170457-0011_121-127105-0027__T2__NORMAL__121,121,3575,13,0.0,0.0,0.0,0.0,0.0,0.0,0.0,0.0,50.481147481066316,17.903170567779075
3575-170457-0011_2961-960-0020__T1__NORMAL__3575,3575,2961,13,0.0,0.0,0.0,0.0,0.0,0.0,0.0,0.0,56.894598053113214,21.73818207017577
3575-170457-0011_2961-960-0020__T2__NORMAL__2961,2961,3575,13,0.0,0.0,0.0,0.0,0.0,0.0,0.0,0.0,62.51139466644578,20.13013710686953
3575-170457-0012_1580-141083-0003__T1__NORMAL__3575,3575,1580,10,0.0,0.0,0.0,0.0,0.0,0.0,0.0,0.0,61.87129511920266,20.93396710087894
3575-170457-0012_1580-141083-0003__T2__NORMAL__1580,1580,3575,10,0.0,0.1,0.0,0.0,0.0,0.0,0.0,0.0,58.52250750234835,24.36406955219742
3575-170457-0012_2830-3980-0031__T1__NORMAL__3575,3575,2830,10,0.0,0.3,0.0,0.0,0.0,0.0,0.0,0.0,43.97533368672531,14.97632708344266
3575-170457-0012_2830-3980-0031__T2__NORMAL__2830,2830,3575,10,0.0,0.2,0.0,0.0,0.0,0.0,0.0,0.0,57.307078489472985,15.993036366377472
3575-170457-0012_6829-68769-0052__T1__NORMAL__3575,3575,6829,8,0.0,0.125,0.0,0.0,0.0,0.0,0.0,0.0,60.850908330341035,19.87098716317113
3575-170457-0012_6829-68769-0052__T2__NORMAL__6829,6829,3575,8,0.0,0.125,0.0,0.0,0.0,0.0,0.0,0.0,57.416318448756236,16.723443547947355
3575-170457-0013_8555-284449-0017__T1__NORMAL__3575,3575,8555,17,0.0,0.0,0.0,0.0,0.0,0.0,0.0,0.0,58.79677829838693,25.90218540022264
3575-170457-0013_8555-284449-0017__T2__NORMAL__8555,8555,3575,17,0.0,0.0,0.0,0.0,0.0,0.0,0.0,0.0,60.819811185408646,18.054899593735275
3575-170457-0013_908-31957-0014__T1__NORMAL__3575,3575,908,14,0.0,0.0,0.07142857142857142,0.0,0.0,0.0,0.0,0.0,52.5903104976734,18.135920542980084
3575-170457-0013_908-31957-0014__T2__NORMAL__908,908,3575,14,0.0,0.0,0.0,0.0,0.0,0.0,0.0,0.0,50.04281757409359,18.38218216281722
3575-170457-0014_4507-16021-0042__T1__NORMAL__3575,3575,4507,12,0.0,0.0,0.0,0.0,0.0,0.0,0.0,0.0,54.521614529965575,20.032099856653723
3575-170457-0014_4507-16021-0042__T2__NORMAL__4507,4507,3575,12,0.0,0.0,0.0,0.0,0.0,0.0,0.0,0.0,55.45296442893573,19.272578894138064
3575-170457-0017_237-126133-0011__T1__NORMAL__3575,3575,237,12,0.0,0.0,0.0,0.0,0.0,0.0,0.0,0.0,71.40032666306416,23.9145478829965
3575-170457-0017_237-126133-0011__T2__NORMAL__237,237,3575,12,0.0,0.08333333333333333,0.0,0.0,0.0,0.0,0.0,0.0,67.75203315704262,26.418310652525
3575-170457-0019_2961-960-0018__T1__NORMAL__3575,3575,2961,11,0.0,0.0,0.0,0.0,0.0,0.0,0.0,0.0,50.63118388976245,16.890501089459732
3575-170457-0019_2961-960-0018__T2__NORMAL__2961,2961,3575,11,0.0,0.0,0.0,0.0,0.0,0.0,0.0,0.0,48.58926896899647,14.526000775805446
3575-170457-0019_61-70970-0010__T1__NORMAL__3575,3575,61,5,0.0,0.0,0.0,0.0,0.0,0.0,0.0,0.0,53.758902959405496,18.74947948279016
3575-170457-0019_61-70970-0010__T2__NORMAL__61,61,3575,5,0.0,0.0,0.0,0.0,0.0,0.0,0.0,0.0,54.714300730926695,18.598044167783247
3575-170457-0020_1320-122617-0024__T1__NORMAL__3575,3575,1320,14,0.0,0.0,0.0,0.0,0.0,0.0,0.0,0.0,61.57635852650993,22.71683826927374
3575-170457-0020_1320-122617-0024__T2__NORMAL__1320,1320,3575,14,0.0,0.0,0.0,0.0,0.0,0.0,0.0,0.0,62.71413932460797,22.47451500602156
3575-170457-0021_4992-41797-0015__T1__NORMAL__3575,3575,4992,7,0.0,0.0,0.14285714285714285,0.0,0.0,0.0,0.0,0.0,49.08509343497959,17.585199208795903
3575-170457-0021_4992-41797-0015__T2__NORMAL__4992,4992,3575,7,1.0,1.0,1.0,1.0,1.0,1.0,1.0,1.0,-49.00752486697741,-26.633327892934965
3575-170457-0022_2094-142345-0045__T1__NORMAL__3575,3575,2094,5,0.0,0.0,0.0,0.0,0.0,0.0,0.0,0.0,44.95938771460064,14.154950163744122
3575-170457-0022_2094-142345-0045__T2__NORMAL__2094,2094,3575,5,0.0,0.0,0.0,0.0,0.0,0.0,0.0,0.0,52.72870718909862,14.869770748475386
3575-170457-0023_4507-16021-0002__T1__NORMAL__3575,3575,4507,5,0.0,0.0,0.0,0.0,0.0,0.0,0.0,0.0,55.461061616336224,14.4856164876641
3575-170457-0023_4507-16021-0002__T2__NORMAL__4507,4507,3575,5,0.0,0.0,0.0,0.0,0.0,0.0,0.0,0.0,51.85337669696197,14.060657852126702
3575-170457-0023_4970-29095-0029__T1__NORMAL__3575,3575,4970,6,0.0,0.0,0.0,0.0,0.0,0.0,0.0,0.0,48.61329504978816,15.09445734944604
3575-170457-0023_4970-29095-0029__T2__NORMAL__4970,4970,3575,6,0.0,0.0,0.0,0.0,0.0,0.0,0.0,0.0,42.982732659065874,11.794382748652753
3575-170457-0023_8230-279154-0008__T1__NORMAL__3575,3575,8230,6,0.0,0.0,0.0,0.0,0.0,0.0,0.0,0.0,52.60498482559753,19.31738086475734
3575-170457-0023_8230-279154-0008__T2__NORMAL__8230,8230,3575,6,0.0,0.0,0.0,0.0,0.0,0.0,0.0,0.0,41.89983367062205,13.327697183609194
3575-170457-0024_61-70968-0041__T1__NORMAL__3575,3575,61,12,0.0,0.0,0.0,0.0,0.0,0.0,0.0,0.0,57.336685599648526,19.036921028983315
3575-170457-0024_61-70968-0041__T2__NORMAL__61,61,3575,12,0.0,0.0,0.0,0.0,0.0,0.0,0.0,0.0,54.81818674043473,18.38158028547885
3575-170457-0025_2830-3980-0045__T1__NORMAL__3575,3575,2830,6,0.0,0.5,0.0,0.0,0.0,0.0,0.0,0.0,28.8292890824191,14.602757599061682
3575-170457-0025_2830-3980-0045__T2__NORMAL__2830,2830,3575,6,0.0,0.0,0.0,0.0,0.0,0.0,0.0,0.0,45.56419007880351,8.67701286004759
3575-170457-0025_4992-23283-0005__T1__NORMAL__3575,3575,4992,17,0.0,0.0,0.058823529411764705,0.058823529411764705,0.0,0.0,0.0,0.0,50.0112095202349,17.946119257572857
3575-170457-0025_4992-23283-0005__T2__NORMAL__4992,4992,3575,17,0.0,0.0,0.0,0.0,0.0,0.0,0.0,0.0,58.93314404408576,16.193637806960133
3575-170457-0026_1995-1826-0018__T1__NORMAL__3575,3575,1995,9,0.0,0.0,0.0,0.0,0.0,0.0,0.0,0.0,59.09298824279972,23.72561717331181
3575-170457-0026_1995-1826-0018__T2__NORMAL__1995,1995,3575,9,0.0,0.0,0.0,0.0,0.0,0.0,0.0,0.0,63.455329583621975,24.26121977264033
3575-170457-0027_1580-141083-0007__T1__NORMAL__3575,3575,1580,8,0.0,0.0,0.0,0.0,0.0,0.0,0.0,0.0,65.93184369247342,20.588684087198622
3575-170457-0027_1580-141083-0007__T2__NORMAL__1580,1580,3575,8,0.0,0.125,0.0,0.0,0.0,0.0,0.0,0.0,64.19413933727935,21.351059153592978
3575-170457-0027_61-70970-0021__T1__NORMAL__3575,3575,61,8,0.0,0.0,0.0,0.0,0.0,0.0,0.0,0.0,51.080157206200845,18.359265599192373
3575-170457-0027_61-70970-0021__T2__NORMAL__61,61,3575,8,0.0,0.0,0.0,0.0,0.0,0.0,0.0,0.0,50.80453562534981,19.417979241375587
3575-170457-0028_7127-75947-0010__T1__NORMAL__3575,3575,7127,10,0.0,0.0,0.0,0.0,0.0,0.0,0.0,0.0,48.24949368053331,24.37378814369488
3575-170457-0028_7127-75947-0010__T2__NORMAL__7127,7127,3575,10,0.0,0.0,0.1,0.0,0.0,0.0,0.0,0.0,57.3076333743834,17.36214819298593
3575-170457-0029_8463-287645-0004__T1__NORMAL__3575,3575,8463,11,0.0,0.09090909090909091,0.0,0.0,0.0,0.0,0.0,0.0,67.11524520938745,21.55983814305508
3575-170457-0029_8463-287645-0004__T2__NORMAL__8463,8463,3575,11,0.0,0.18181818181818182,0.0,0.0,0.0,0.0,0.0,0.0,65.66116431924819,19.150006154295603
3575-170457-0030_237-134493-0015__T1__NORMAL__3575,3575,237,12,0.0,0.0,0.0,0.0,0.0,0.0,0.0,0.0,68.01076799430247,23.708567686253712
3575-170457-0030_237-134493-0015__T2__NORMAL__237,237,3575,12,0.0,0.0,0.0,0.0,0.0,0.0,0.0,0.0,71.75220954252843,22.824698930436195
3575-170457-0030_672-122797-0036__T1__NORMAL__3575,3575,672,9,0.0,0.0,0.0,0.0,0.0,0.0,0.0,0.0,55.33235858534269,15.445184563071386
3575-170457-0030_672-122797-0036__T2__NORMAL__672,672,3575,9,0.0,0.0,0.0,0.0,0.0,0.0,0.0,0.0,53.80385066870628,19.87562985581528
3575-170457-0031_4446-2271-0000__T1__NORMAL__3575,3575,4446,5,0.0,0.0,0.0,0.0,0.0,0.0,0.0,0.0,54.281218465488294,17.42309601257638
3575-170457-0031_4446-2271-0000__T2__NORMAL__4446,4446,3575,5,0.0,0.0,0.0,0.0,0.0,0.0,0.0,0.0,56.042721780885856,18.32016491689751
3575-170457-0031_4970-29093-0018__T1__NORMAL__3575,3575,4970,7,0.0,0.0,0.0,0.0,0.0,0.0,0.0,0.0,63.24825624104884,22.86175542961047
3575-170457-0031_4970-29093-0018__T2__NORMAL__4970,4970,3575,7,0.0,0.0,0.0,0.0,0.0,0.0,0.0,0.0,71.5320625997803,22.55529833523088
3575-170457-0031_4970-29095-0012__T1__NORMAL__3575,3575,4970,7,0.0,0.0,0.0,0.0,0.0,0.0,0.0,0.0,69.24215720340113,22.64320172848864
3575-170457-0031_4970-29095-0012__T2__NORMAL__4970,4970,3575,7,0.0,0.0,0.0,0.0,0.0,0.0,0.0,0.0,69.70260056326343,25.447947572413973
3575-170457-0031_7729-102255-0045__T1__NORMAL__3575,3575,7729,7,0.0,0.0,0.0,0.0,0.0,0.0,0.0,0.0,53.29545053337797,16.436197470948382
3575-170457-0031_7729-102255-0045__T2__NORMAL__7729,7729,3575,7,0.0,0.0,0.0,0.0,0.0,0.0,0.0,0.0,55.2483802156025,19.87381949348129
3575-170457-0032_7729-102255-0029__T1__NORMAL__3575,3575,7729,5,0.0,0.0,0.0,0.2,0.0,0.0,0.0,0.0,47.352105317934864,19.88993181721432
3575-170457-0032_7729-102255-0029__T2__NORMAL__7729,7729,3575,5,0.0,0.0,0.2,0.0,0.0,0.0,0.0,0.0,63.86910578892048,19.2653464313848
3575-170457-0032_8455-210777-0058__T1__NORMAL__3575,3575,8455,5,0.0,0.0,0.0,0.0,0.0,0.0,0.0,0.0,55.54949963176782,19.768356313972298
3575-170457-0032_8455-210777-0058__T2__NORMAL__8455,8455,3575,5,0.0,0.0,0.0,0.0,0.0,0.0,0.0,0.0,53.52022869330784,20.213407745113827
3575-170457-0033_1320-122617-0002__T1__NORMAL__3575,3575,1320,15,0.0,0.0,0.0,0.0,0.0,0.0,0.0,0.0,59.84744546399334,25.26291749241748
3575-170457-0033_1320-122617-0002__T2__NORMAL__1320,1320,3575,15,0.0,0.0,0.0,0.0,0.0,0.0,0.0,0.0,62.08673957232296,21.332876687229568
3575-170457-0033_1320-122617-0016__T1__NORMAL__3575,3575,1320,15,0.0,0.0,0.0,0.0,0.0,0.0,0.0,0.0,65.8791714631207,21.758878860223483
3575-170457-0033_1320-122617-0016__T2__NORMAL__1320,1320,3575,15,0.0,0.0,0.0,0.0,0.0,0.0,0.0,0.0,63.79136647407349,24.497983292512924
3575-170457-0033_5683-32879-0012__T1__NORMAL__3575,3575,5683,7,0.0,0.0,0.0,0.0,0.0,0.0,0.0,0.0,53.93829675367307,21.97951793617835
3575-170457-0033_5683-32879-0012__T2__NORMAL__5683,5683,3575,7,0.0,0.0,0.0,0.0,0.0,0.0,0.0,0.0,53.0154869346263,17.729814090155998
3575-170457-0035_1580-141084-0041__T1__NORMAL__3575,3575,1580,14,0.0,0.07142857142857142,0.0,0.0,0.0,0.0,0.0,0.0,60.31910245806098,22.00617604623815
3575-170457-0035_1580-141084-0041__T2__NORMAL__1580,1580,3575,14,0.0,0.0,0.0,0.0,0.0,0.0,0.0,0.0,61.600890435978656,21.730764127052883
3575-170457-0038_6829-68769-0009__T1__NORMAL__3575,3575,6829,7,0.0,0.0,0.0,0.0,0.0,0.0,0.0,0.0,51.32998824036953,20.66970226974506
3575-170457-0038_6829-68769-0009__T2__NORMAL__6829,6829,3575,7,0.0,0.0,0.0,0.0,0.0,0.0,0.0,0.0,57.021128136052184,18.7413885883428
3575-170457-0040_8455-210777-0002__T1__NORMAL__3575,3575,8455,11,0.0,0.0,0.0,0.0,0.0,0.0,0.0,0.0,53.59567781754084,21.709068933944888
3575-170457-0040_8455-210777-0002__T2__NORMAL__8455,8455,3575,11,0.0,0.09090909090909091,0.0,0.0,0.0,0.0,0.0,0.0,56.37284528605976,17.6074835749595
3575-170457-0041_3570-5695-0010__T1__NORMAL__3575,3575,3570,8,0.0,0.125,0.0,0.0,0.0,0.0,0.0,0.0,54.72547892508824,23.330386893881435
3575-170457-0041_3570-5695-0010__T2__NORMAL__3570,3570,3575,8,0.0,0.125,0.0,0.0,0.0,0.0,0.0,0.0,54.56598276162023,21.44496690669903
3575-170457-0042_1580-141083-0007__T1__NORMAL__3575,3575,1580,8,0.0,0.0,0.0,0.0,0.0,0.0,0.0,0.0,49.736006226113616,20.710256510764296
3575-170457-0042_1580-141083-0007__T2__NORMAL__1580,1580,3575,8,0.0,0.125,0.0,0.0,0.0,0.0,0.0,0.0,47.51525633419304,21.54994363234829
3575-170457-0042_260-123288-0003__T1__NORMAL__3575,3575,260,16,0.0,0.0,0.0,0.0,0.0,0.0,0.0,0.0,57.998044769016964,21.574994712693183
3575-170457-0042_260-123288-0003__T2__NORMAL__260,260,3575,16,0.0,0.0625,0.0,0.0,0.0,0.0,0.0,0.0,59.42428892809933,19.779699467610428
3575-170457-0044_1089-134686-0017__T1__NORMAL__3575,3575,1089,16,0.0,0.0,0.0,0.0,0.0,0.0,0.0,0.0,59.510254434625935,20.543139032699905
3575-170457-0044_1089-134686-0017__T2__NORMAL__1089,1089,3575,16,0.0,0.125,0.0,0.0,0.0,0.0,0.0,0.0,54.61607577965105,24.237715239838185
3575-170457-0044_4446-2273-0004__T1__NORMAL__3575,3575,4446,9,0.0,0.0,0.0,0.0,0.0,0.0,0.0,0.0,67.57766637218036,23.828982179691423
3575-170457-0044_4446-2273-0004__T2__NORMAL__4446,4446,3575,9,1.0,1.0,1.0,1.0,1.0,1.0,1.0,1.0,-67.06547123473275,-76.71395245743398
3575-170457-0044_6930-81414-0021__T1__NORMAL__3575,3575,6930,5,0.0,0.0,0.0,0.0,0.0,0.0,0.0,0.0,44.59629779952121,13.415317285025488
3575-170457-0044_6930-81414-0021__T2__NORMAL__6930,6930,3575,5,0.0,0.0,0.0,0.0,0.0,0.0,0.0,0.0,69.31429456495604,17.683468588598434
3575-170457-0045_6829-68769-0040__T1__NORMAL__3575,3575,6829,8,0.0,0.0,0.0,0.0,0.0,0.0,0.0,0.0,58.80821325276064,22.30857931014845
3575-170457-0045_6829-68769-0040__T2__NORMAL__6829,6829,3575,8,0.0,0.0,0.0,0.0,0.0,0.0,0.0,0.0,63.64098066373013,19.90836234857501
3575-170457-0047_5105-28240-0009__T1__NORMAL__3575,3575,5105,12,0.0,0.0,0.0,0.0,0.0,0.0,0.0,0.0,62.38411275727909,18.491432003668585
3575-170457-0047_5105-28240-0009__T2__NORMAL__5105,5105,3575,12,0.0,0.0,0.0,0.0,0.0,0.0,0.0,0.0,60.522072692618735,16.239607689306094
3575-170457-0048_1580-141084-0033__T1__NORMAL__3575,3575,1580,10,0.0,0.0,0.0,0.0,0.0,0.0,0.0,0.0,65.3345149445708,19.94325292478821
3575-170457-0048_1580-141084-0033__T2__NORMAL__1580,1580,3575,10,0.0,0.0,0.0,0.0,0.0,0.0,0.0,0.0,62.87435532485961,24.997152512795207
3575-170457-0051_121-121726-0008__T1__NORMAL__3575,3575,121,7,0.0,0.0,0.0,0.0,0.0,0.0,0.0,0.0,65.29494975870304,21.557600650646847
3575-170457-0051_121-121726-0008__T2__NORMAL__121,121,3575,7,0.0,0.0,0.0,0.0,0.0,0.0,0.0,0.0,60.44701095128956,28.418182260844905
3575-170457-0051_1284-1181-0006__T1__NORMAL__3575,3575,1284,8,0.0,0.0,0.0,0.0,0.0,0.0,0.0,0.0,60.805520879021884,19.888739200685617
3575-170457-0051_1284-1181-0006__T2__NORMAL__1284,1284,3575,8,0.0,0.0,0.0,0.0,0.0,0.0,0.0,0.0,63.58039055547145,20.32674342523612
3575-170457-0051_2830-3980-0066__T1__NORMAL__3575,3575,2830,8,0.0,0.0,0.0,0.0,0.0,0.0,0.0,0.0,46.06434182739926,12.77510654780608
3575-170457-0051_2830-3980-0066__T2__NORMAL__2830,2830,3575,8,0.0,0.0,0.0,0.0,0.0,0.0,0.0,0.0,44.28050486436335,12.562536477130864
3575-170457-0051_4507-16021-0001__T1__NORMAL__3575,3575,4507,7,0.0,0.0,0.0,0.0,0.0,0.0,0.0,0.0,60.80112856977647,22.21719766111753
3575-170457-0051_4507-16021-0001__T2__NORMAL__4507,4507,3575,7,0.0,0.0,0.0,0.0,0.0,0.0,0.0,0.0,58.94496336094067,22.23800891374176
3575-170457-0052_260-123288-0016__T1__NORMAL__3575,3575,260,5,0.0,0.0,0.0,0.0,0.0,0.0,0.0,0.0,52.34903287438632,25.000359971038485
3575-170457-0052_260-123288-0016__T2__NORMAL__260,260,3575,5,0.0,0.0,0.0,0.0,0.0,0.0,0.0,0.0,54.64158460714479,16.760326070876523
3575-170457-0052_260-123440-0007__T1__NORMAL__3575,3575,260,5,0.0,0.0,0.0,0.0,0.0,0.0,0.0,0.0,46.959221804243896,17.209243478611757
3575-170457-0052_260-123440-0007__T2__NORMAL__260,260,3575,5,0.6,0.8,0.4,0.8,0.4,0.4,0.4,0.4,-5.301798654838705,-6.360499819001758
3575-170457-0052_8463-287645-0008__T1__NORMAL__3575,3575,8463,5,0.0,0.0,0.0,0.0,0.0,0.0,0.0,0.0,59.17743974497564,19.1596403697188
3575-170457-0052_8463-287645-0008__T2__NORMAL__8463,8463,3575,5,0.0,0.0,0.0,0.0,0.0,0.0,0.0,0.0,66.55075894049573,17.69650898557287
3575-170457-0053_8230-279154-0021__T1__NORMAL__3575,3575,8230,12,0.0,0.0,0.0,0.0,0.0,0.0,0.0,0.0,54.86765863260376,20.86260825380557
3575-170457-0053_8230-279154-0021__T2__NORMAL__8230,8230,3575,12,0.0,0.08333333333333333,0.0,0.0,0.0,0.0,0.0,0.0,55.13967347147201,24.472958981690223
3575-170457-0054_61-70970-0035__T1__NORMAL__3575,3575,61,13,0.0,0.0,0.0,0.0,0.0,0.0,0.0,0.0,55.282913725603926,19.1663323927039
3575-170457-0054_61-70970-0035__T2__NORMAL__61,61,3575,13,0.0,0.0,0.0,0.0,0.0,0.0,0.0,0.0,56.89601668027352,20.598527610199337
3575-170457-0055_3570-5695-0008__T1__NORMAL__3575,3575,3570,12,0.0,0.08333333333333333,0.08333333333333333,0.08333333333333333,0.08333333333333333,0.0,0.08333333333333333,0.0,54.254053141514134,22.28132499110052
3575-170457-0055_3570-5695-0008__T2__NORMAL__3570,3570,3575,12,0.0,0.0,0.0,0.0,0.0,0.0,0.0,0.0,60.63307046219512,21.78710016174824
3575-170457-0056_1320-122617-0024__T1__NORMAL__3575,3575,1320,5,0.0,0.0,0.0,0.0,0.0,0.0,0.0,0.0,52.01816816217776,22.8002100093008
3575-170457-0056_1320-122617-0024__T2__NORMAL__1320,1320,3575,5,0.0,0.0,0.0,0.0,0.0,0.0,0.0,0.0,54.30646439448115,20.77166965697788
3575-170457-0056_237-134493-0002__T1__NORMAL__3575,3575,237,5,0.0,0.0,0.0,0.0,0.0,0.0,0.0,0.0,59.74605405300034,23.57666448773498
3575-170457-0056_237-134493-0002__T2__NORMAL__237,237,3575,5,0.0,0.0,0.0,0.0,0.0,0.0,0.0,0.0,58.143437054589164,24.16731658383685
3729-6852-0001_4077-13751-0008__T1__NORMAL__3729,3729,4077,20,0.0,0.0,0.0,0.0,0.0,0.0,0.0,0.0,48.97681108153914,11.924370275748831
3729-6852-0001_4077-13751-0008__T2__NORMAL__4077,4077,3729,20,0.0,0.0,0.0,0.0,0.0,0.0,0.0,0.0,45.70671448039524,18.78193640612271
3729-6852-0001_8463-294825-0001__T1__NORMAL__3729,3729,8463,14,0.0,0.0,0.0,0.0,0.0,0.0,0.0,0.0,52.64529242670436,18.48485100174128
3729-6852-0001_8463-294825-0001__T2__NORMAL__8463,8463,3729,14,1.0,1.0,1.0,1.0,1.0,1.0,1.0,1.0,-52.60347208433184,-32.492106478939256
3729-6852-0002_5142-36586-0003__T1__NORMAL__3729,3729,5142,9,0.0,0.0,0.0,0.0,0.0,0.0,0.0,0.0,60.195264840654175,18.79743592807529
3729-6852-0002_5142-36586-0003__T2__NORMAL__5142,5142,3729,9,0.0,0.1111111111111111,0.0,0.2222222222222222,0.0,0.0,0.0,0.0,20.813452600147976,2.868369441013773
3729-6852-0002_61-70968-0019__T1__NORMAL__3729,3729,61,9,0.0,0.0,0.1111111111111111,0.0,0.0,0.0,0.0,0.0,48.53769270500713,18.10262225321046
3729-6852-0002_61-70968-0019__T2__NORMAL__61,61,3729,9,0.0,0.0,0.0,0.0,0.0,0.0,0.0,0.0,47.19690805512983,14.57585623283865
3729-6852-0007_8555-284447-0021__T1__NORMAL__3729,3729,8555,23,0.0,0.043478260869565216,0.0,0.0,0.0,0.0,0.0,0.0,54.42976581082716,21.42050637835952
3729-6852-0007_8555-284447-0021__T2__NORMAL__8555,8555,3729,23,0.0,0.0,0.0,0.0,0.0,0.0,0.0,0.0,57.18066866301911,18.563470606875192
3729-6852-0009_8455-210777-0059__T1__NORMAL__3729,3729,8455,10,0.0,0.0,0.1,0.0,0.0,0.0,0.0,0.0,43.14350501575841,18.115977238124632
3729-6852-0009_8455-210777-0059__T2__NORMAL__8455,8455,3729,10,0.0,0.0,0.0,0.0,0.0,0.0,0.0,0.0,55.15115276923351,12.41179713358488
3729-6852-0013_1284-1180-0001__T1__NORMAL__3729,3729,1284,5,0.0,0.0,0.0,0.0,0.0,0.0,0.0,0.0,38.81178440030364,14.489354095055008
3729-6852-0013_1284-1180-0001__T2__NORMAL__1284,1284,3729,5,0.0,0.0,0.0,0.2,0.0,0.0,0.0,0.0,40.66136407218185,15.78988768089038
3729-6852-0013_1580-141083-0039__T1__NORMAL__3729,3729,1580,5,0.0,0.0,0.0,0.0,0.0,0.0,0.0,0.0,42.63770912706154,15.870653804859934
3729-6852-0013_1580-141083-0039__T2__NORMAL__1580,1580,3729,5,0.2,0.0,0.2,0.2,0.0,0.0,0.0,0.0,35.846998227370136,5.994168168314425
3729-6852-0013_237-134500-0002__T1__NORMAL__3729,3729,237,5,0.0,0.0,0.0,0.0,0.0,0.0,0.0,0.0,49.589933903194364,19.992590090467232
3729-6852-0013_237-134500-0002__T2__NORMAL__237,237,3729,5,0.0,0.0,0.0,0.0,0.0,0.0,0.0,0.0,45.30182756471748,15.883405247151622
3729-6852-0013_4992-41797-0014__T1__NORMAL__3729,3729,4992,5,0.0,0.0,0.0,0.0,0.0,0.0,0.0,0.0,29.233168038813336,11.252865406856836
3729-6852-0013_4992-41797-0014__T2__NORMAL__4992,4992,3729,5,0.0,0.2,0.0,0.0,0.0,0.0,0.0,0.0,23.46107473285577,7.047978160545936
3729-6852-0014_3570-5694-0022__T1__NORMAL__3729,3729,3570,7,0.0,0.0,0.0,0.0,0.0,0.0,0.0,0.0,57.87042826819565,17.23908764327143
3729-6852-0014_3570-5694-0022__T2__NORMAL__3570,3570,3729,7,0.0,0.0,0.0,0.0,0.0,0.0,0.0,0.0,54.95152163496716,20.24654216112676
3729-6852-0014_7021-85628-0016__T1__NORMAL__3729,3729,7021,7,0.0,0.0,0.0,0.0,0.0,0.0,0.0,0.0,51.93248127238638,18.92472185264684
3729-6852-0014_7021-85628-0016__T2__NORMAL__7021,7021,3729,7,0.0,0.14285714285714285,0.0,0.0,0.0,0.0,0.0,0.0,52.98211094138623,17.119145351463082
3729-6852-0016_5683-32879-0022__T1__NORMAL__3729,3729,5683,7,0.0,0.0,0.0,0.0,0.0,0.0,0.0,0.0,54.261310400510354,19.44722595054945
3729-6852-0016_5683-32879-0022__T2__NORMAL__5683,5683,3729,7,0.0,0.14285714285714285,0.0,0.0,0.0,0.0,0.0,0.0,54.09035221311059,20.372363328816
3729-6852-0016_61-70968-0010__T1__NORMAL__3729,3729,61,7,0.0,0.0,0.0,0.0,0.0,0.0,0.0,0.0,46.66678136084556,17.57264610270862
3729-6852-0016_61-70968-0010__T2__NORMAL__61,61,3729,7,0.0,0.0,0.0,0.0,0.0,0.0,0.0,0.0,49.95730355330737,15.747748084543916
3729-6852-0018_5683-32866-0022__T1__NORMAL__3729,3729,5683,5,0.0,0.0,0.0,0.0,0.0,0.0,0.0,0.0,44.269845657855704,16.966675345994517
3729-6852-0018_5683-32866-0022__T2__NORMAL__5683,5683,3729,5,0.0,0.0,0.0,0.0,0.0,0.0,0.0,0.0,45.68686013210548,15.41812709401724
3729-6852-0018_61-70970-0013__T1__NORMAL__3729,3729,61,7,0.0,0.0,0.0,0.0,0.0,0.0,0.0,0.0,39.386077333314496,18.59769830904472
3729-6852-0018_61-70970-0013__T2__NORMAL__61,61,3729,7,0.0,0.0,0.0,0.0,0.0,0.0,0.0,0.0,50.11611029903016,13.771407487909691
3729-6852-0018_6829-68769-0010__T1__NORMAL__3729,3729,6829,5,0.0,0.0,0.0,0.2,0.0,0.0,0.0,0.0,37.50757500987072,20.38657026250197
3729-6852-0018_6829-68769-0010__T2__NORMAL__6829,6829,3729,5,0.0,0.0,0.0,0.0,0.0,0.0,0.0,0.0,50.04264854932544,11.980583226832536
3729-6852-0019_5639-40744-0037__T1__NORMAL__3729,3729,5639,5,0.0,0.0,0.0,0.0,0.0,0.0,0.0,0.0,42.58004015798443,15.48308999674878
3729-6852-0019_5639-40744-0037__T2__NORMAL__5639,5639,3729,5,0.0,0.2,0.2,0.0,0.0,0.0,0.0,0.0,37.53325018711739,17.099469697307683
3729-6852-0020_7176-92135-0016__T1__NORMAL__3729,3729,7176,14,0.0,0.07142857142857142,0.0,0.0,0.0,0.0,0.0,0.0,65.91428417312089,23.25825154024825
3729-6852-0020_7176-92135-0016__T2__NORMAL__7176,7176,3729,14,0.0,0.0,0.0,0.0,0.0,0.0,0.0,0.0,67.05478701590168,19.323038498103564
3729-6852-0022_4992-41806-0011__T1__NORMAL__3729,3729,4992,14,0.0,0.0,0.0,0.0,0.0,0.0,0.0,0.0,44.00490620868357,16.528261838121516
3729-6852-0022_4992-41806-0011__T2__NORMAL__4992,4992,3729,14,0.0,0.14285714285714285,0.07142857142857142,0.07142857142857142,0.0,0.0,0.0,0.0,45.79736976023537,17.409868985022385
3729-6852-0022_6930-76324-0004__T1__NORMAL__3729,3729,6930,11,0.0,0.0,0.0,0.0,0.0,0.0,0.0,0.0,52.37828979476205,13.686331356145775
3729-6852-0022_6930-76324-0004__T2__NORMAL__6930,6930,3729,11,0.0,0.09090909090909091,0.0,0.0,0.0,0.0,0.0,0.0,48.090677032739556,17.572575271758076
3729-6852-0023_1089-134686-0032__T1__NORMAL__3729,3729,1089,7,0.0,0.0,0.0,0.0,0.0,0.0,0.0,0.0,53.61177659413563,24.102649060758868
3729-6852-0023_1089-134686-0032__T2__NORMAL__1089,1089,3729,7,0.0,0.0,0.0,0.0,0.0,0.0,0.0,0.0,59.05174019267061,19.81621164186777
3729-6852-0023_8224-274381-0015__T1__NORMAL__3729,3729,8224,15,0.0,0.0,0.0,0.0,0.0,0.0,0.0,0.0,48.411551647464876,17.73167160062047
3729-6852-0023_8224-274381-0015__T2__NORMAL__8224,8224,3729,15,0.0,0.0,0.0,0.0,0.0,0.0,0.0,0.0,53.995630735148865,17.126216570874423
3729-6852-0025_1284-134647-0004__T1__NORMAL__3729,3729,1284,5,0.0,0.0,0.0,0.0,0.0,0.0,0.0,0.0,48.76320545578748,14.715729955044775
3729-6852-0025_1284-134647-0004__T2__NORMAL__1284,1284,3729,5,0.0,0.0,0.0,0.0,0.0,0.0,0.0,0.0,50.74608075997291,15.695670350632358
3729-6852-0025_5105-28240-0004__T1__NORMAL__3729,3729,5105,5,0.0,0.0,0.0,0.0,0.0,0.0,0.0,0.0,54.65943299801897,22.77069680243531
3729-6852-0025_5105-28240-0004__T2__NORMAL__5105,5105,3729,5,0.0,0.0,0.0,0.0,0.0,0.0,0.0,0.0,50.9381545962303,14.846928057520934
3729-6852-0025_7176-88083-0014__T1__NORMAL__3729,3729,7176,5,0.0,0.0,0.0,0.0,0.0,0.0,0.0,0.0,47.804466496946034,14.045877039733988
3729-6852-0025_7176-88083-0014__T2__NORMAL__7176,7176,3729,5,0.0,0.2,0.0,0.2,0.0,0.0,0.0,0.0,36.76941834874154,17.10572629608597
3729-6852-0026_3570-5696-0006__T1__NORMAL__3729,3729,3570,7,0.0,0.0,0.0,0.0,0.0,0.0,0.0,0.0,44.92350873267758,16.914869164821834
3729-6852-0026_3570-5696-0006__T2__NORMAL__3570,3570,3729,7,0.0,0.0,0.0,0.0,0.0,0.0,0.0,0.0,48.357445780306726,16.99171834609558
3729-6852-0026_4992-41797-0021__T1__NORMAL__3729,3729,4992,8,0.0,0.0,0.0,0.0,0.0,0.0,0.0,0.0,49.756548684346384,12.336696725761598
3729-6852-0026_4992-41797-0021__T2__NORMAL__4992,4992,3729,8,0.0,0.0,0.0,0.125,0.0,0.0,0.0,0.0,30.847981768038334,16.33385430424334
3729-6852-0027_1995-1837-0024__T1__NORMAL__3729,3729,1995,5,0.0,0.0,0.0,0.0,0.0,0.0,0.0,0.0,61.25008804504155,22.516683147844045
3729-6852-0027_1995-1837-0024__T2__NORMAL__1995,1995,3729,5,0.0,0.0,0.0,0.0,0.0,0.0,0.0,0.0,59.17342691791329,19.12815006641706
3729-6852-0028_3575-170457-0055__T1__NORMAL__3729,3729,3575,8,0.0,0.0,0.0,0.0,0.0,0.0,0.0,0.0,63.527890375554506,18.47695959370667
3729-6852-0028_3575-170457-0055__T2__NORMAL__3575,3575,3729,8,0.0,0.0,0.0,0.0,0.0,0.0,0.0,0.0,65.06365253080608,16.71328032011764
3729-6852-0031_121-127105-0034__T1__NORMAL__3729,3729,121,7,0.0,0.0,0.0,0.0,0.0,0.0,0.0,0.0,48.87319422047709,16.238228777250626
3729-6852-0031_121-127105-0034__T2__NORMAL__121,121,3729,7,0.0,0.2857142857142857,0.2857142857142857,0.5714285714285714,0.14285714285714285,0.0,0.0,0.0,40.7332713590764,18.99436446200891
3729-6852-0032_237-134500-0006__T1__NORMAL__3729,3729,237,7,0.0,0.14285714285714285,0.0,0.0,0.0,0.0,0.0,0.0,53.68693168567199,22.814532750225176
3729-6852-0032_237-134500-0006__T2__NORMAL__237,237,3729,7,0.0,0.0,0.0,0.0,0.0,0.0,0.0,0.0,57.35701072652124,18.512832717222803
3729-6852-0036_908-31957-0019__T1__NORMAL__3729,3729,908,9,0.0,0.0,0.0,0.0,0.0,0.0,0.0,0.0,55.209003640637846,19.959290140680952
3729-6852-0036_908-31957-0019__T2__NORMAL__908,908,3729,9,0.0,0.1111111111111111,0.0,0.0,0.0,0.0,0.0,0.0,55.53000789372038,17.02517872424565
3729-6852-0037_1995-1826-0019__T1__NORMAL__3729,3729,1995,9,0.0,0.0,0.0,0.0,0.0,0.0,0.0,0.0,49.671772180810315,11.465424387603427
3729-6852-0037_1995-1826-0019__T2__NORMAL__1995,1995,3729,9,0.0,0.1111111111111111,0.1111111111111111,0.0,0.0,0.0,0.0,0.0,44.63842794517073,11.539825878002356
3729-6852-0037_8463-287645-0000__T1__NORMAL__3729,3729,8463,8,0.0,0.0,0.0,0.0,0.0,0.0,0.0,0.0,52.00267346317966,15.191881250615973
3729-6852-0037_8463-287645-0000__T2__NORMAL__8463,8463,3729,8,0.0,0.0,0.0,0.0,0.0,0.0,0.0,0.0,45.09744256415861,15.03453337031474
3729-6852-0038_8455-210777-0033__T1__NORMAL__3729,3729,8455,10,0.0,0.0,0.0,0.0,0.0,0.0,0.0,0.0,46.09056560335323,14.038434116592931
3729-6852-0038_8455-210777-0033__T2__NORMAL__8455,8455,3729,10,0.0,0.0,0.1,0.1,0.0,0.0,0.0,0.0,43.70697613174998,14.711785147679445
3729-6852-0038_8463-294828-0003__T1__NORMAL__3729,3729,8463,10,0.0,0.0,0.0,0.0,0.0,0.0,0.0,0.0,45.176491984337744,19.28466440960491
3729-6852-0038_8463-294828-0003__T2__NORMAL__8463,8463,3729,10,1.0,1.0,1.0,1.0,1.0,1.0,1.0,1.0,-44.69872660982653,-31.356817896857216
3729-6852-0039_672-122797-0067__T1__NORMAL__3729,3729,672,16,0.0,0.0,0.0,0.0,0.0,0.0,0.0,0.0,48.794347701952,15.27288012303641
3729-6852-0039_672-122797-0067__T2__NORMAL__672,672,3729,16,0.0,0.0,0.0,0.0,0.0,0.0,0.0,0.0,51.20165475930281,17.464478471765446
3729-6852-0040_672-122797-0030__T1__NORMAL__3729,3729,672,8,0.0,0.0,0.0,0.0,0.0,0.0,0.0,0.0,45.837671859624976,14.333113825144537
3729-6852-0040_672-122797-0030__T2__NORMAL__672,672,3729,8,0.0,0.0,0.125,0.0,0.0,0.0,0.0,0.0,40.12103890514274,10.7090362015245
3729-6852-0040_908-31957-0013__T1__NORMAL__3729,3729,908,11,0.0,0.0,0.0,0.0,0.0,0.0,0.0,0.0,56.626109450319724,18.14539412269396
3729-6852-0040_908-31957-0013__T2__NORMAL__908,908,3729,11,0.0,0.0,0.0,0.09090909090909091,0.0,0.0,0.0,0.0,57.87589840900967,17.08695934818079
3729-6852-0042_6829-68769-0007__T1__NORMAL__3729,3729,6829,6,0.0,0.0,0.0,0.0,0.0,0.0,0.0,0.0,58.01213660198602,20.452119381481385
3729-6852-0042_6829-68769-0007__T2__NORMAL__6829,6829,3729,6,0.0,0.0,0.0,0.0,0.0,0.0,0.0,0.0,55.53388098571126,19.10313451001437
3729-6852-0043_2830-3980-0031__T1__NORMAL__3729,3729,2830,7,0.0,0.14285714285714285,0.0,0.0,0.0,0.0,0.0,0.0,40.79545223478997,13.413704070143424
3729-6852-0043_2830-3980-0031__T2__NORMAL__2830,2830,3729,7,0.0,0.0,0.0,0.0,0.0,0.0,0.0,0.0,45.79953946819641,14.8292559099842
3729-6852-0043_8555-284447-0000__T1__NORMAL__3729,3729,8555,7,0.0,0.0,0.0,0.0,0.0,0.0,0.0,0.0,57.24109532606123,19.94350980139628
3729-6852-0043_8555-284447-0000__T2__NORMAL__8555,8555,3729,7,0.0,0.0,0.0,0.14285714285714285,0.0,0.0,0.0,0.0,55.183403451218865,17.463990267245794
3729-6852-0044_3570-5694-0012__T1__NORMAL__3729,3729,3570,5,0.0,0.0,0.2,0.0,0.0,0.0,0.0,0.0,48.66214814067104,15.551494041437795
3729-6852-0044_3570-5694-0012__T2__NORMAL__3570,3570,3729,5,0.0,0.0,0.0,0.0,0.0,0.0,0.0,0.0,42.34943700679653,14.882309485011849
3729-6852-0046_672-122797-0044__T1__NORMAL__3729,3729,672,6,0.0,0.0,0.0,0.0,0.0,0.0,0.0,0.0,53.45281033805364,17.25595516015469
3729-6852-0046_672-122797-0044__T2__NORMAL__672,672,3729,6,0.0,0.0,0.0,0.0,0.0,0.0,0.0,0.0,52.62676640207858,19.66229508369732
3729-6852-0046_6930-76324-0000__T1__NORMAL__3729,3729,6930,5,0.0,0.0,0.0,0.0,0.0,0.0,0.0,0.0,46.93592202679808,7.086722956033569
3729-6852-0046_6930-76324-0000__T2__NORMAL__6930,6930,3729,5,0.0,0.0,0.2,0.0,0.0,0.0,0.0,0.0,40.941667680692916,16.467864637750477
4077-13751-0000_237-134500-0039__T1__NORMAL__4077,4077,237,8,0.0,0.0,0.0,0.0,0.0,0.0,0.0,0.0,55.01732973676087,18.16540181997039
4077-13751-0000_237-134500-0039__T2__NORMAL__237,237,4077,8,0.0,0.0,0.0,0.0,0.0,0.0,0.0,0.0,54.85085670405694,21.08633452244676
4077-13751-0000_8224-274384-0006__T1__NORMAL__4077,4077,8224,12,0.0,0.0,0.0,0.0,0.0,0.0,0.0,0.0,52.360717564941886,13.774095442874277
4077-13751-0000_8224-274384-0006__T2__NORMAL__8224,8224,4077,12,0.0,0.08333333333333333,0.0,0.0,0.0,0.0,0.0,0.0,45.43311184275637,14.738061457474988
4077-13751-0006_8555-292519-0011__T1__NORMAL__4077,4077,8555,5,0.0,0.0,0.0,0.0,0.0,0.0,0.0,0.0,52.862087593463606,14.243658446447316
4077-13751-0006_8555-292519-0011__T2__NORMAL__8555,8555,4077,5,0.0,0.0,0.0,0.0,0.0,0.0,0.0,0.0,51.31089245641569,15.792507036974326
4077-13751-0008_1089-134691-0016__T1__NORMAL__4077,4077,1089,17,0.0,0.0,0.0,0.0,0.0,0.0,0.0,0.0,54.584041011079364,20.191518775327854
4077-13751-0008_1089-134691-0016__T2__NORMAL__1089,1089,4077,17,0.0,0.058823529411764705,0.0,0.0,0.0,0.0,0.0,0.0,46.671964959282676,16.99277812835932
4077-13751-0008_4446-2275-0012__T1__NORMAL__4077,4077,4446,11,0.0,0.0,0.0,0.0,0.0,0.0,0.0,0.0,59.02339817772579,13.289286772584722
4077-13751-0008_4446-2275-0012__T2__NORMAL__4446,4446,4077,11,0.0,0.0,0.0,0.0,0.0,0.0,0.0,0.0,52.58192831869742,18.80035775393518
4077-13751-0009_5142-36377-0009__T1__NORMAL__4077,4077,5142,9,0.0,0.0,0.0,0.0,0.0,0.0,0.0,0.0,49.59380725836825,12.04948855891847
4077-13751-0009_5142-36377-0009__T2__NORMAL__5142,5142,4077,9,0.0,0.1111111111111111,0.1111111111111111,0.0,0.0,0.0,0.0,0.0,41.68468508490467,20.278947066956952
4077-13751-0009_908-157963-0017__T1__NORMAL__4077,4077,908,8,0.0,0.0,0.0,0.0,0.0,0.0,0.0,0.0,46.50829127235679,15.855772330911403
4077-13751-0009_908-157963-0017__T2__NORMAL__908,908,4077,8,0.0,0.0,0.125,0.0,0.0,0.0,0.0,0.0,51.0882375467121,20.70188461539452
4077-13751-0009_908-31957-0007__T1__NORMAL__4077,4077,908,10,0.0,0.0,0.0,0.0,0.0,0.0,0.0,0.0,51.51444453767683,15.286963035531116
4077-13751-0009_908-31957-0007__T2__NORMAL__908,908,4077,10,0.0,0.1,0.0,0.0,0.0,0.0,0.0,0.0,43.85879887097098,19.07666976760612
4077-13751-0010_237-126133-0014__T1__NORMAL__4077,4077,237,12,0.0,0.0,0.0,0.0,0.0,0.0,0.0,0.0,61.629208045981805,18.658447133474738
4077-13751-0010_237-126133-0014__T2__NORMAL__237,237,4077,12,0.0,0.0,0.0,0.0,0.0,0.0,0.0,0.0,56.815750519297836,16.250655942175893
4077-13751-0010_2830-3980-0006__T1__NORMAL__4077,4077,2830,11,0.0,0.0,0.0,0.0,0.0,0.0,0.0,0.0,51.311459905382804,18.765704007211102
4077-13751-0010_2830-3980-0006__T2__NORMAL__2830,2830,4077,11,0.0,0.09090909090909091,0.0,0.0,0.0,0.0,0.0,0.0,54.52380638135754,13.60656816500374
4077-13751-0010_8463-294825-0002__T1__NORMAL__4077,4077,8463,12,0.0,0.0,0.0,0.0,0.0,0.0,0.0,0.0,60.070016095432216,16.352411752708825
4077-13751-0010_8463-294825-0002__T2__NORMAL__8463,8463,4077,12,0.0,0.0,0.0,0.0,0.0,0.0,0.0,0.0,53.054781623011934,18.43914289907548
4077-13751-0011_7729-102255-0021__T1__NORMAL__4077,4077,7729,14,0.0,0.0,0.0,0.07142857142857142,0.0,0.0,0.0,0.0,45.67014826003435,18.6738377076706
4077-13751-0011_7729-102255-0021__T2__NORMAL__7729,7729,4077,14,0.0,0.0,0.07142857142857142,0.0,0.0,0.0,0.0,0.0,51.81420416396766,13.683574580818163
4077-13751-0012_2094-142345-0051__T1__NORMAL__4077,4077,2094,9,0.0,0.1111111111111111,0.0,0.0,0.0,0.0,0.0,0.0,52.27589147841522,17.023805139237748
4077-13751-0012_2094-142345-0051__T2__NORMAL__2094,2094,4077,9,0.0,0.0,0.0,0.0,0.0,0.0,0.0,0.0,51.19640310680693,22.01806117534707
4077-13751-0012_7729-102255-0038__T1__NORMAL__4077,4077,7729,14,0.0,0.0,0.14285714285714285,0.0,0.0,0.0,0.0,0.0,38.77486820880029,18.17590997944022
4077-13751-0012_7729-102255-0038__T2__NORMAL__7729,7729,4077,14,0.0,0.0,0.0,0.0,0.0,0.0,0.0,0.0,45.019268078076074,13.93625297623036
4077-13751-0013_1284-1181-0005__T1__NORMAL__4077,4077,1284,6,0.0,0.0,0.0,0.0,0.0,0.0,0.0,0.0,48.427048965536976,17.262619975431654
4077-13751-0013_1284-1181-0005__T2__NORMAL__1284,1284,4077,6,0.0,0.0,0.0,0.0,0.0,0.0,0.0,0.0,51.870916890086825,15.556534774305335
4077-13751-0013_4970-29095-0024__T1__NORMAL__4077,4077,4970,7,0.0,0.14285714285714285,0.0,0.0,0.0,0.0,0.0,0.0,55.49934744465769,21.440129037625447
4077-13751-0013_4970-29095-0024__T2__NORMAL__4970,4970,4077,7,0.0,0.0,0.0,0.0,0.0,0.0,0.0,0.0,55.53506402098049,17.542103282946705
4077-13751-0013_6829-68769-0005__T1__NORMAL__4077,4077,6829,7,0.0,0.0,0.0,0.0,0.0,0.0,0.0,0.0,59.25579403706421,16.047435600466663
4077-13751-0013_6829-68769-0005__T2__NORMAL__6829,6829,4077,7,0.0,0.0,0.0,0.0,0.0,0.0,0.0,0.0,52.07289956509128,14.882532865083512
4077-13751-0013_908-31957-0023__T1__NORMAL__4077,4077,908,7,0.0,0.0,0.0,0.0,0.0,0.0,0.0,0.0,58.01401331032336,16.30372548361174
4077-13751-0013_908-31957-0023__T2__NORMAL__908,908,4077,7,0.0,0.0,0.0,0.0,0.0,0.0,0.0,0.0,45.923559063226165,16.9479451593725
4077-13751-0014_1320-122612-0009__T1__NORMAL__4077,4077,1320,6,0.0,0.16666666666666666,0.0,0.0,0.0,0.0,0.0,0.0,54.05453977498609,18.542088554885776
4077-13751-0014_1320-122612-0009__T2__NORMAL__1320,1320,4077,6,0.0,0.16666666666666666,0.0,0.0,0.0,0.0,0.0,0.0,53.600472548167524,19.3085177820458
4077-13751-0015_1284-1180-0029__T1__NORMAL__4077,4077,1284,9,0.0,0.2222222222222222,0.0,0.0,0.0,0.0,0.0,0.0,59.25440567631647,20.20110855734653
4077-13751-0015_1284-1180-0029__T2__NORMAL__1284,1284,4077,9,0.0,0.0,0.0,0.0,0.0,0.0,0.0,0.0,52.76514425614251,15.32808483226913
4077-13751-0016_1320-122617-0010__T1__NORMAL__4077,4077,1320,19,0.0,0.05263157894736842,0.0,0.0,0.0,0.0,0.0,0.0,51.98413443015804,13.329085528814302
4077-13751-0016_1320-122617-0010__T2__NORMAL__1320,1320,4077,19,0.0,0.10526315789473684,0.10526315789473684,0.0,0.05263157894736842,0.0,0.0,0.0,48.32605977249531,11.550475943030555
4077-13751-0016_5142-33396-0006__T1__NORMAL__4077,4077,5142,11,0.0,0.0,0.0,0.0,0.0,0.0,0.0,0.0,55.09978940787749,21.058978741708675
4077-13751-0016_5142-33396-0006__T2__NORMAL__5142,5142,4077,11,0.0,0.0,0.0,0.0,0.0,0.0,0.0,0.0,53.05690523379158,19.72758232427467
4077-13751-0017_4446-2275-0008__T1__NORMAL__4077,4077,4446,7,0.0,0.0,0.0,0.0,0.0,0.0,0.0,0.0,60.82202470778941,17.049279362844807
4077-13751-0017_4446-2275-0008__T2__NORMAL__4446,4446,4077,7,0.0,0.0,0.0,0.0,0.0,0.0,0.0,0.0,61.546901792284366,20.69567247958043
4077-13751-0017_4446-2275-0040__T1__NORMAL__4077,4077,4446,9,0.0,0.1111111111111111,0.0,0.0,0.0,0.0,0.0,0.0,55.87754065135016,20.309963886924685
4077-13751-0017_4446-2275-0040__T2__NORMAL__4446,4446,4077,9,1.0,0.8888888888888888,1.0,1.0,0.8888888888888888,0.8888888888888888,0.8888888888888888,0.8888888888888888,-55.201845208874715,-60.51187013850984
4077-13751-0017_5105-28241-0009__T1__NORMAL__4077,4077,5105,9,0.0,0.0,0.0,0.0,0.0,0.0,0.0,0.0,55.86807220785086,17.831867990950183
4077-13751-0017_5105-28241-0009__T2__NORMAL__5105,5105,4077,9,0.0,0.0,0.0,0.0,0.0,0.0,0.0,0.0,45.874121217086945,19.90985154129806
4077-13751-0017_8455-210777-0048__T1__NORMAL__4077,4077,8455,5,0.0,0.0,0.0,0.0,0.0,0.0,0.0,0.0,57.92925949579668,13.98561529031033
4077-13751-0017_8455-210777-0048__T2__NORMAL__8455,8455,4077,5,0.0,0.0,0.0,0.0,0.0,0.0,0.0,0.0,45.030856835498426,18.777272509248032
4077-13751-0020_4507-16021-0043__T1__NORMAL__4077,4077,4507,6,0.0,0.0,0.0,0.0,0.0,0.0,0.0,0.0,48.46560443087899,10.42467817455489
4077-13751-0020_4507-16021-0043__T2__NORMAL__4507,4507,4077,6,0.0,0.0,0.0,0.0,0.0,0.0,0.0,0.0,39.80985748490904,12.573568378304588
4077-13751-0020_8555-284449-0007__T1__NORMAL__4077,4077,8555,17,0.0,0.0,0.0,0.0,0.0,0.0,0.0,0.0,60.11049930500561,20.11325077261453
4077-13751-0020_8555-284449-0007__T2__NORMAL__8555,8555,4077,17,0.0,0.0,0.0,0.0,0.0,0.0,0.0,0.0,54.24061196715164,21.00913215644242
4077-13754-0000_2300-131720-0008__T1__NORMAL__4077,4077,2300,8,1.0,0.875,0.875,1.0,0.875,0.875,0.875,0.875,-26.459063552626816,-10.133585776714204
4077-13754-0000_2300-131720-0008__T2__NORMAL__2300,2300,4077,8,0.0,0.0,0.0,0.0,0.0,0.0,0.0,0.0,64.82740599206643,18.45018446729204
4077-13754-0000_2830-3980-0074__T1__NORMAL__4077,4077,2830,8,0.0,0.0,0.0,0.0,0.0,0.0,0.0,0.0,40.72364102234623,14.022273112082017
4077-13754-0000_2830-3980-0074__T2__NORMAL__2830,2830,4077,8,0.0,0.0,0.0,0.0,0.0,0.0,0.0,0.0,55.46173888837623,17.538566968465496
4077-13754-0000_6930-76324-0025__T1__NORMAL__4077,4077,6930,7,0.42857142857142855,0.42857142857142855,0.5714285714285714,0.42857142857142855,0.2857142857142857,0.2857142857142857,0.2857142857142857,0.2857142857142857,-3.422791404503879,-9.5950062607508
4077-13754-0000_6930-76324-0025__T2__NORMAL__6930,6930,4077,7,0.0,0.0,0.0,0.0,0.0,0.0,0.0,0.0,51.68401536121113,19.260211258591063
4077-13754-0001_5142-33396-0065__T1__NORMAL__4077,4077,5142,6,0.0,0.16666666666666666,0.0,0.0,0.0,0.0,0.0,0.0,55.34593506821502,18.01936002655696
4077-13754-0001_5142-33396-0065__T2__NORMAL__5142,5142,4077,6,0.0,0.0,0.0,0.0,0.0,0.0,0.0,0.0,64.87415648597609,19.084700374718416
4077-13754-0003_2961-961-0017__T1__NORMAL__4077,4077,2961,10,0.0,0.0,0.0,0.0,0.0,0.0,0.0,0.0,52.17406545384856,14.842399619008178
4077-13754-0003_2961-961-0017__T2__NORMAL__2961,2961,4077,10,0.0,0.0,0.0,0.0,0.0,0.0,0.0,0.0,47.58981266018039,21.58459180656659
4077-13754-0003_8455-210777-0006__T1__NORMAL__4077,4077,8455,8,0.0,0.0,0.0,0.0,0.0,0.0,0.0,0.0,53.85128522597161,15.477896705007904
4077-13754-0003_8455-210777-0006__T2__NORMAL__8455,8455,4077,8,0.0,0.0,0.0,0.0,0.0,0.0,0.0,0.0,49.67541028187966,20.87804265865388
4077-13754-0004_3575-170457-0025__T1__NORMAL__4077,4077,3575,8,0.0,0.0,0.0,0.0,0.0,0.0,0.0,0.0,56.282694290228946,23.18837517531471
4077-13754-0004_3575-170457-0025__T2__NORMAL__3575,3575,4077,8,0.0,0.0,0.0,0.0,0.0,0.0,0.0,0.0,59.705005683379966,18.87043389188512
4077-13754-0004_5142-36377-0020__T1__NORMAL__4077,4077,5142,8,0.0,0.0,0.0,0.0,0.0,0.0,0.0,0.0,52.93156219805865,20.62067737608637
4077-13754-0004_5142-36377-0020__T2__NORMAL__5142,5142,4077,8,0.0,0.0,0.0,0.0,0.0,0.0,0.0,0.0,57.60788496534487,17.779033930235155
4077-13754-0005_1221-135767-0005__T1__NORMAL__4077,4077,1221,10,0.0,0.0,0.0,0.0,0.0,0.0,0.0,0.0,49.06038250846298,18.73929402602558
4077-13754-0005_1221-135767-0005__T2__NORMAL__1221,1221,4077,10,0.0,0.0,0.0,0.0,0.0,0.0,0.0,0.0,57.14749396242968,16.162661039932765
4077-13754-0006_1995-1826-0007__T1__NORMAL__4077,4077,1995,13,0.0,0.0,0.0,0.0,0.0,0.0,0.0,0.0,60.540651097222344,24.23900375488637
4077-13754-0006_1995-1826-0007__T2__NORMAL__1995,1995,4077,13,0.0,0.0,0.15384615384615385,0.0,0.0,0.0,0.0,0.0,69.69246341362478,17.7046774522509
4077-13754-0006_3575-170457-0000__T1__NORMAL__4077,4077,3575,14,0.0,0.14285714285714285,0.07142857142857142,0.0,0.0,0.0,0.0,0.0,53.354064636618155,21.6053211410025
4077-13754-0006_3575-170457-0000__T2__NORMAL__3575,3575,4077,14,0.0,0.0,0.0,0.0,0.0,0.0,0.0,0.0,64.22051688228025,16.930701827135145
4077-13754-0007_237-126133-0004__T1__NORMAL__4077,4077,237,5,0.0,0.0,0.0,0.0,0.0,0.0,0.0,0.0,57.552290542300014,20.869905386420584
4077-13754-0007_237-126133-0004__T2__NORMAL__237,237,4077,5,0.0,0.0,0.0,0.0,0.0,0.0,0.0,0.0,63.825870261823944,20.205482470886885
4077-13754-0009_7127-75947-0010__T1__NORMAL__4077,4077,7127,14,0.0,0.0,0.0,0.0,0.0,0.0,0.0,0.0,48.991838973309264,17.497046099516606
4077-13754-0009_7127-75947-0010__T2__NORMAL__7127,7127,4077,14,0.0,0.0,0.0,0.0,0.0,0.0,0.0,0.0,55.11767923145654,16.504672198656362
4077-13754-0010_4507-16021-0010__T1__NORMAL__4077,4077,4507,22,0.0,0.0,0.0,0.0,0.0,0.0,0.0,0.0,60.17294383371909,18.75767032960952
4077-13754-0010_4507-16021-0010__T2__NORMAL__4507,4507,4077,22,0.0,0.0,0.0,0.0,0.0,0.0,0.0,0.0,61.97578575657943,23.07853390150315
4077-13754-0011_2300-131720-0008__T1__NORMAL__4077,4077,2300,17,0.0,0.058823529411764705,0.0,0.0,0.0,0.0,0.0,0.0,54.49616734436014,19.50463873319584
4077-13754-0011_2300-131720-0008__T2__NORMAL__2300,2300,4077,17,0.0,0.0,0.0,0.0,0.0,0.0,0.0,0.0,59.24755590379282,18.18246495178347
4077-13754-0011_7729-102255-0028__T1__NORMAL__4077,4077,7729,18,0.0,0.0,0.0,0.0,0.0,0.0,0.0,0.0,48.20442392827619,19.93651364101421
4077-13754-0011_7729-102255-0028__T2__NORMAL__7729,7729,4077,18,0.0,0.0,0.0,0.0,0.0,0.0,0.0,0.0,55.00293689177213,15.125978652796034
4077-13754-0013_2961-960-0002__T1__NORMAL__4077,4077,2961,24,0.0,0.041666666666666664,0.0,0.0,0.0,0.0,0.0,0.0,57.57419038887307,16.26175194047101
4077-13754-0013_2961-960-0002__T2__NORMAL__2961,2961,4077,24,0.0,0.0,0.0,0.0,0.0,0.0,0.0,0.0,50.135362660134064,18.87841953715914
4077-13754-0014_8555-284449-0006__T1__NORMAL__4077,4077,8555,6,0.0,0.0,0.0,0.0,0.0,0.0,0.0,0.0,59.95051491298879,24.76145531385364
4077-13754-0014_8555-284449-0006__T2__NORMAL__8555,8555,4077,6,0.0,0.0,0.0,0.0,0.0,0.0,0.0,0.0,58.71408792142696,19.192420524055507
4077-13754-0016_5639-40744-0022__T1__NORMAL__4077,4077,5639,22,0.0,0.0,0.0,0.0,0.0,0.0,0.0,0.0,52.52831528786096,20.9892173539551
4077-13754-0016_5639-40744-0022__T2__NORMAL__5639,5639,4077,22,0.0,0.0,0.0,0.0,0.0,0.0,0.0,0.0,53.94105657558109,18.443171368799625
4446-2271-0000_1221-135766-0006__T1__NORMAL__4446,4446,1221,5,0.0,0.2,0.0,0.0,0.0,0.0,0.0,0.0,57.64669988701737,19.23287738655196
4446-2271-0000_1221-135766-0006__T2__NORMAL__1221,1221,4446,5,0.0,0.0,0.0,0.0,0.0,0.0,0.0,0.0,57.5603292129403,15.268367747496905
4446-2271-0000_2830-3980-0029__T1__NORMAL__4446,4446,2830,5,0.0,0.2,0.0,0.0,0.0,0.0,0.0,0.0,58.2037221468324,17.03109425203525
4446-2271-0000_2830-3980-0029__T2__NORMAL__2830,2830,4446,5,0.0,0.0,0.0,0.0,0.0,0.0,0.0,0.0,55.917825501641474,14.811959800130207
4446-2271-0001_1089-134691-0019__T1__NORMAL__4446,4446,1089,5,0.0,0.2,0.0,0.0,0.0,0.0,0.0,0.0,52.08832242761923,20.80942209489488
4446-2271-0001_1089-134691-0019__T2__NORMAL__1089,1089,4446,5,0.0,0.0,0.0,0.0,0.0,0.0,0.0,0.0,50.485023179495705,18.756514990522863
4446-2271-0001_1221-135767-0001__T1__NORMAL__4446,4446,1221,11,0.0,0.18181818181818182,0.0,0.0,0.0,0.0,0.0,0.0,52.1342078665129,15.690654855195188
4446-2271-0001_1221-135767-0001__T2__NORMAL__1221,1221,4446,11,0.0,0.0,0.0,0.0,0.0,0.0,0.0,0.0,54.265245277283064,16.4122119059573
4446-2271-0001_1995-1837-0025__T1__NORMAL__4446,4446,1995,11,0.0,0.0,0.0,0.0,0.0,0.0,0.0,0.0,59.00864315762931,17.11213073420366
4446-2271-0001_1995-1837-0025__T2__NORMAL__1995,1995,4446,11,0.0,0.2727272727272727,0.0,0.0,0.0,0.0,0.0,0.0,57.31222167528968,16.758802532544895
4446-2271-0001_8463-294828-0007__T1__NORMAL__4446,4446,8463,11,0.0,0.09090909090909091,0.0,0.0,0.0,0.0,0.0,0.0,56.64129000546738,18.54983406168716
4446-2271-0001_8463-294828-0007__T2__NORMAL__8463,8463,4446,11,1.0,0.9090909090909091,1.0,1.0,0.9090909090909091,0.9090909090909091,0.9090909090909091,0.9090909090909091,-54.37664184732407,-36.767360686521855
4446-2271-0003_7127-75946-0021__T1__NORMAL__4446,4446,7127,5,0.0,0.0,0.0,0.0,0.0,0.0,0.0,0.0,45.32171325539589,11.780066938933963
4446-2271-0003_7127-75946-0021__T2__NORMAL__7127,7127,4446,5,0.0,0.2,0.4,0.4,0.2,0.0,0.2,0.0,35.907880399993374,14.449464512060864
4446-2271-0004_1995-1836-0011__T1__NORMAL__4446,4446,1995,8,0.0,0.0,0.0,0.0,0.0,0.0,0.0,0.0,40.496959232594946,10.208634680538566
4446-2271-0004_1995-1836-0011__T2__NORMAL__1995,1995,4446,8,0.0,0.125,0.0,0.125,0.0,0.0,0.0,0.0,42.52671033877848,9.881699602365494
4446-2271-0005_1320-122617-0041__T1__NORMAL__4446,4446,1320,5,0.0,0.0,0.0,0.0,0.0,0.0,0.0,0.0,59.41107068406478,20.145771508318223
4446-2271-0005_1320-122617-0041__T2__NORMAL__1320,1320,4446,5,0.0,0.2,0.0,0.0,0.0,0.0,0.0,0.0,57.249425471291126,17.73536995208687
4446-2271-0005_6829-68769-0040__T1__NORMAL__4446,4446,6829,5,0.0,0.0,0.0,0.0,0.0,0.0,0.0,0.0,63.10958756929158,15.634871202520303
4446-2271-0005_6829-68769-0040__T2__NORMAL__6829,6829,4446,5,0.0,0.2,0.0,0.2,0.0,0.0,0.0,0.0,56.03647721221753,17.78819856547885
4446-2271-0008_1580-141083-0012__T1__NORMAL__4446,4446,1580,9,0.0,0.1111111111111111,0.0,0.0,0.0,0.0,0.0,0.0,64.02755584580333,14.47106948911448
4446-2271-0008_1580-141083-0012__T2__NORMAL__1580,1580,4446,9,0.0,0.0,0.0,0.0,0.0,0.0,0.0,0.0,52.430113361402455,22.141345435844528
4446-2271-0009_8463-294828-0011__T1__NORMAL__4446,4446,8463,6,0.0,0.0,0.0,0.0,0.0,0.0,0.0,0.0,52.27593196677657,15.689954318357042
4446-2271-0009_8463-294828-0011__T2__NORMAL__8463,8463,4446,6,1.0,1.0,1.0,1.0,1.0,1.0,1.0,1.0,-56.266751481199606,-32.04302674407625
4446-2271-0010_8555-284449-0016__T1__NORMAL__4446,4446,8555,5,0.0,0.2,0.0,0.0,0.0,0.0,0.0,0.0,56.91197906494265,19.32927995499251
4446-2271-0010_8555-284449-0016__T2__NORMAL__8555,8555,4446,5,0.0,0.0,0.0,0.0,0.0,0.0,0.0,0.0,56.00170075779191,17.398620172936347
4446-2271-0012_1580-141083-0012__T1__NORMAL__4446,4446,1580,6,0.0,0.0,0.0,0.0,0.0,0.0,0.0,0.0,65.90274893899418,19.25136429577926
4446-2271-0012_1580-141083-0012__T2__NORMAL__1580,1580,4446,6,0.0,0.0,0.0,0.0,0.0,0.0,0.0,0.0,63.565548915273176,19.17258238365518
4446-2271-0012_6930-76324-0011__T1__NORMAL__4446,4446,6930,6,0.0,0.0,0.0,0.0,0.0,0.0,0.0,0.0,55.66515258225422,19.849992718109704
4446-2271-0012_6930-76324-0011__T2__NORMAL__6930,6930,4446,6,0.0,0.16666666666666666,0.0,0.0,0.0,0.0,0.0,0.0,48.39467839414221,14.889161128524515
4446-2271-0013_1284-1180-0024__T1__NORMAL__4446,4446,1284,7,0.0,0.0,0.0,0.0,0.0,0.0,0.0,0.0,49.995817361003375,16.820407215377053
4446-2271-0013_1284-1180-0024__T2__NORMAL__1284,1284,4446,7,0.0,0.0,0.0,0.0,0.0,0.0,0.0,0.0,51.57267269283865,17.825996524281848
4446-2271-0013_5683-32865-0004__T1__NORMAL__4446,4446,5683,7,0.0,0.0,0.0,0.0,0.0,0.0,0.0,0.0,60.496573958720354,15.345603434108131
4446-2271-0013_5683-32865-0004__T2__NORMAL__5683,5683,4446,7,0.0,0.0,0.0,0.0,0.0,0.0,0.0,0.0,49.740040027413485,19.243982110370823
4446-2271-0014_3570-5694-0003__T1__NORMAL__4446,4446,3570,9,0.0,0.0,0.0,0.0,0.0,0.0,0.0,0.0,39.72562102642018,15.751056194114302
4446-2271-0014_3570-5694-0003__T2__NORMAL__3570,3570,4446,9,0.0,0.1111111111111111,0.0,0.0,0.0,0.0,0.0,0.0,39.23549389095834,12.59720310104912
4446-2271-0014_672-122797-0057__T1__NORMAL__4446,4446,672,8,0.0,0.0,0.0,0.0,0.0,0.0,0.0,0.0,53.12811830751093,14.246256858493435
4446-2271-0014_672-122797-0057__T2__NORMAL__672,672,4446,8,0.0,0.0,0.0,0.0,0.0,0.0,0.0,0.0,45.71056886752222,14.928936771589632
4446-2271-0014_7127-75947-0029__T1__NORMAL__4446,4446,7127,9,0.0,0.0,0.0,0.0,0.0,0.0,0.0,0.0,56.492913199429424,15.239090563127656
4446-2271-0014_7127-75947-0029__T2__NORMAL__7127,7127,4446,9,0.0,0.0,0.0,0.0,0.0,0.0,0.0,0.0,45.89838509207862,17.74817497100329
4446-2271-0016_1284-1180-0000__T1__NORMAL__4446,4446,1284,15,0.0,0.13333333333333333,0.0,0.0,0.0,0.0,0.0,0.0,47.4278350200764,20.6969506767977
4446-2271-0016_1284-1180-0000__T2__NORMAL__1284,1284,4446,15,0.0,0.0,0.0,0.0,0.0,0.0,0.0,0.0,51.5687347280144,15.117821675456424
4446-2271-0019_7176-88083-0010__T1__NORMAL__4446,4446,7176,6,0.0,0.0,0.0,0.0,0.0,0.0,0.0,0.0,40.96821049130925,16.758367380015528
4446-2271-0019_7176-88083-0010__T2__NORMAL__7176,7176,4446,6,0.0,0.0,0.0,0.0,0.0,0.0,0.0,0.0,37.842008502351156,14.120112381394554
4446-2271-0020_1320-122617-0020__T1__NORMAL__4446,4446,1320,14,0.0,0.0,0.0,0.0,0.0,0.0,0.0,0.0,61.695500696120256,20.50373423576476
4446-2271-0020_1320-122617-0020__T2__NORMAL__1320,1320,4446,14,0.0,0.0,0.0,0.0,0.0,0.0,0.0,0.0,56.308871583878684,18.052233912762503
4446-2271-0021_4970-29093-0013__T1__NORMAL__4446,4446,4970,6,0.0,0.0,0.0,0.0,0.0,0.0,0.0,0.0,57.702288149998395,15.91827376673104
4446-2271-0021_4970-29093-0013__T2__NORMAL__4970,4970,4446,6,0.0,0.0,0.0,0.0,0.0,0.0,0.0,0.0,55.90270277886999,16.435114132413652
4446-2271-0021_7021-79740-0003__T1__NORMAL__4446,4446,7021,6,0.0,0.16666666666666666,0.0,0.16666666666666666,0.0,0.0,0.0,0.0,36.41144852221769,14.82873216986124
4446-2271-0021_7021-79740-0003__T2__NORMAL__7021,7021,4446,6,0.0,0.0,0.0,0.0,0.0,0.0,0.0,0.0,51.41241955485098,9.04317612996702
4446-2271-0024_1284-1180-0009__T1__NORMAL__4446,4446,1284,5,0.0,0.0,0.0,0.0,0.0,0.0,0.0,0.0,53.98488427736263,19.409125129860048
4446-2271-0024_1284-1180-0009__T2__NORMAL__1284,1284,4446,5,0.0,0.0,0.0,0.0,0.0,0.0,0.0,0.0,53.545174611794735,14.476092254725229
4446-2271-0024_61-70970-0025__T1__NORMAL__4446,4446,61,5,0.0,0.0,0.0,0.0,0.0,0.0,0.0,0.0,58.13668967314707,15.468390773293429
4446-2271-0024_61-70970-0025__T2__NORMAL__61,61,4446,5,0.0,0.0,0.0,0.0,0.0,0.0,0.0,0.0,46.51023315459311,16.10786569868208
4446-2271-0024_672-122797-0018__T1__NORMAL__4446,4446,672,5,0.0,0.0,0.0,0.0,0.0,0.0,0.0,0.0,50.37698147134962,16.48687520623543
4446-2271-0024_672-122797-0018__T2__NORMAL__672,672,4446,5,0.0,0.0,0.0,0.0,0.0,0.0,0.0,0.0,50.34577529897676,12.389851085193058
4446-2273-0000_7127-75947-0025__T1__NORMAL__4446,4446,7127,10,0.3,0.3,0.3,0.3,0.2,0.2,0.2,0.2,15.027912068035448,-0.1377152683618689
4446-2273-0000_7127-75947-0025__T2__NORMAL__7127,7127,4446,10,0.0,0.2,0.0,0.0,0.0,0.0,0.0,0.0,56.95490046690852,19.15132923634795
4446-2273-0001_1089-134691-0018__T1__NORMAL__4446,4446,1089,5,1.0,0.8,1.0,1.0,0.8,0.8,0.8,0.8,-58.2898011569708,-63.88760275056511
4446-2273-0001_1089-134691-0018__T2__NORMAL__1089,1089,4446,5,0.0,0.2,0.0,0.0,0.0,0.0,0.0,0.0,58.29134760406047,25.63632695756777
4446-2273-0001_1580-141083-0029__T1__NORMAL__4446,4446,1580,8,1.0,1.0,1.0,0.875,1.0,1.0,0.875,0.875,-45.07117964907964,-40.416781779953325
4446-2273-0001_1580-141083-0029__T2__NORMAL__1580,1580,4446,8,0.0,0.0,0.0,0.0,0.0,0.0,0.0,0.0,54.53977796391162,20.565336121145283
4446-2273-0002_7176-88083-0004__T1__NORMAL__4446,4446,7176,5,1.0,0.8,1.0,1.0,0.8,0.8,0.8,0.8,-63.22614244609599,-42.279564420879694
4446-2273-0002_7176-88083-0004__T2__NORMAL__7176,7176,4446,5,0.0,0.2,0.0,0.0,0.0,0.0,0.0,0.0,62.94741548066804,22.699980558902386
4446-2273-0003_4992-41797-0006__T1__NORMAL__4446,4446,4992,8,1.0,0.875,1.0,1.0,0.875,0.875,0.875,0.875,-59.6517408522746,-29.47596130480562
4446-2273-0003_4992-41797-0006__T2__NORMAL__4992,4992,4446,8,0.0,0.125,0.0,0.0,0.0,0.0,0.0,0.0,61.327270603001764,22.171632963017256
4446-2273-0003_6829-68771-0005__T1__NORMAL__4446,4446,6829,11,1.0,0.9090909090909091,1.0,1.0,0.9090909090909091,0.9090909090909091,0.9090909090909091,0.9090909090909091,-56.2634497991696,-38.263661863490114
4446-2273-0003_6829-68771-0005__T2__NORMAL__6829,6829,4446,11,0.0,0.09090909090909091,0.0,0.0,0.0,0.0,0.0,0.0,56.29979353709725,21.712258323062454
4446-2273-0004_6829-68769-0009__T1__NORMAL__4446,4446,6829,7,1.0,1.0,1.0,1.0,1.0,1.0,1.0,1.0,-58.11022432470078,-43.69505167567567
4446-2273-0004_6829-68769-0009__T2__NORMAL__6829,6829,4446,7,0.0,0.0,0.0,0.0,0.0,0.0,0.0,0.0,58.066561814356405,23.70247861774563
4446-2273-0005_1221-135766-0009__T1__NORMAL__4446,4446,1221,7,1.0,1.0,1.0,1.0,1.0,1.0,1.0,1.0,-50.64780558860987,-39.84334754871672
4446-2273-0005_1221-135766-0009__T2__NORMAL__1221,1221,4446,7,0.0,0.0,0.0,0.0,0.0,0.0,0.0,0.0,52.50821941407314,20.7908743174304
4446-2273-0005_1284-1181-0003__T1__NORMAL__4446,4446,1284,7,0.0,0.14285714285714285,0.0,0.0,0.0,0.0,0.0,0.0,47.102657070153064,22.21950332526739
4446-2273-0005_1284-1181-0003__T2__NORMAL__1284,1284,4446,7,0.0,0.0,0.0,0.0,0.0,0.0,0.0,0.0,67.48187888299864,13.995837453653404
4446-2273-0005_4992-23283-0009__T1__NORMAL__4446,4446,4992,7,1.0,0.8571428571428571,1.0,1.0,0.8571428571428571,0.8571428571428571,0.8571428571428571,0.8571428571428571,-52.55249620097692,-32.89105054959365
4446-2273-0005_4992-23283-0009__T2__NORMAL__4992,4992,4446,7,0.0,0.14285714285714285,0.0,0.0,0.0,0.0,0.0,0.0,55.486029607623664,15.263869445657466
4446-2273-0008_260-123440-0009__T1__NORMAL__4446,4446,260,5,1.0,1.0,1.0,1.0,1.0,1.0,1.0,1.0,-59.70046122101333,-39.80231097763792
4446-2273-0008_260-123440-0009__T2__NORMAL__260,260,4446,5,0.0,0.0,0.0,0.0,0.0,0.0,0.0,0.0,59.60586328875581,19.09358763699529
4446-2273-0008_61-70968-0004__T1__NORMAL__4446,4446,61,6,1.0,1.0,1.0,1.0,1.0,1.0,1.0,1.0,-51.82717902404892,-35.41610890238681
4446-2273-0008_61-70968-0004__T2__NORMAL__61,61,4446,6,0.0,0.0,0.0,0.0,0.0,0.0,0.0,0.0,52.54724897394112,12.80983231623457
4446-2273-0009_237-126133-0010__T1__NORMAL__4446,4446,237,7,1.0,0.7142857142857143,0.8571428571428571,0.8571428571428571,0.7142857142857143,0.7142857142857143,0.7142857142857143,0.7142857142857143,-54.84073426437807,-34.05991782605856
4446-2273-0009_237-126133-0010__T2__NORMAL__237,237,4446,7,0.0,0.14285714285714285,0.0,0.0,0.0,0.0,0.0,0.0,69.49227069006324,23.08143592983416
4446-2273-0009_237-126133-0021__T1__NORMAL__4446,4446,237,7,0.0,0.0,0.0,0.0,0.0,0.0,0.0,0.0,46.664941742649816,22.262160306507457
4446-2273-0009_237-126133-0021__T2__NORMAL__237,237,4446,7,0.0,0.0,0.0,0.0,0.0,0.0,0.0,0.0,64.53571806309806,17.80606977926474
4446-2273-0009_8463-287645-0001__T1__NORMAL__4446,4446,8463,6,1.0,1.0,0.6666666666666666,1.0,0.6666666666666666,0.6666666666666666,0.6666666666666666,0.6666666666666666,-53.95622228849641,-39.23989612967713
4446-2273-0009_8463-287645-0001__T2__NORMAL__8463,8463,4446,6,0.0,0.0,0.3333333333333333,0.0,0.0,0.0,0.0,0.0,54.036115164156094,18.02557670168096
4446-2273-0015_672-122797-0071__T1__NORMAL__4446,4446,672,8,0.0,0.125,0.0,0.0,0.0,0.0,0.0,0.0,59.709465159809255,19.703954335341407
4446-2273-0015_672-122797-0071__T2__NORMAL__672,672,4446,8,0.0,0.0,0.0,0.0,0.0,0.0,0.0,0.0,57.543012454950855,20.512980499561152
4446-2273-0015_7176-88083-0016__T1__NORMAL__4446,4446,7176,6,1.0,1.0,1.0,1.0,1.0,1.0,1.0,1.0,-29.776732735186055,-9.367359335642773
4446-2273-0015_7176-88083-0016__T2__NORMAL__7176,7176,4446,6,0.0,0.0,0.0,0.0,0.0,0.0,0.0,0.0,63.68025891713946,19.07005280789611
4446-2273-0016_1580-141083-0000__T1__NORMAL__4446,4446,1580,16,0.0625,0.125,0.0,0.0625,0.0,0.0,0.0,0.0,47.70377999771996,10.159486413323949
4446-2273-0016_1580-141083-0000__T2__NORMAL__1580,1580,4446,16,0.0,0.0,0.0,0.0,0.0,0.0,0.0,0.0,57.586902991427,19.075026205500603
4446-2273-0016_7176-88083-0009__T1__NORMAL__4446,4446,7176,7,1.0,1.0,1.0,1.0,1.0,1.0,1.0,1.0,-59.8268886198881,-50.48928925418894
4446-2273-0016_7176-88083-0009__T2__NORMAL__7176,7176,4446,7,0.0,0.0,0.0,0.0,0.0,0.0,0.0,0.0,61.54770503276642,21.16827095327608
4446-2273-0016_8230-279154-0000__T1__NORMAL__4446,4446,8230,16,0.0,0.0,0.0,0.0,0.0,0.0,0.0,0.0,54.66891868382326,25.934058537378
4446-2273-0016_8230-279154-0000__T2__NORMAL__8230,8230,4446,16,0.0,0.0,0.0,0.0,0.0,0.0,0.0,0.0,54.19585021203211,17.790870771345027
4446-2273-0018_2094-142345-0005__T1__NORMAL__4446,4446,2094,5,0.8,0.6,0.4,0.6,0.4,0.4,0.4,0.4,-18.6134206546815,-4.72983533793075
4446-2273-0018_2094-142345-0005__T2__NORMAL__2094,2094,4446,5,0.0,0.0,0.0,0.0,0.0,0.0,0.0,0.0,70.6532721391258,14.115885522658118
4446-2273-0018_61-70968-0043__T1__NORMAL__4446,4446,61,5,1.0,1.0,1.0,1.0,1.0,1.0,1.0,1.0,-56.30579850002765,-44.84867910594264
4446-2273-0018_61-70968-0043__T2__NORMAL__61,61,4446,5,0.0,0.0,0.0,0.0,0.0,0.0,0.0,0.0,58.28051200995437,20.169356872648272
4446-2273-0019_260-123288-0000__T1__NORMAL__4446,4446,260,4,1.0,1.0,1.0,1.0,1.0,1.0,1.0,1.0,-52.03784439823593,-36.57085116571276
4446-2273-0019_260-123288-0000__T2__NORMAL__260,260,4446,4,0.0,0.0,0.0,0.0,0.0,0.0,0.0,0.0,52.022060430164835,20.25960263417398
4446-2273-0019_260-123288-0010__T1__NORMAL__4446,4446,260,5,1.0,1.0,1.0,1.0,1.0,1.0,1.0,1.0,-52.99484129577032,-35.1619296320867
4446-2273-0019_260-123288-0010__T2__NORMAL__260,260,4446,5,0.0,0.0,0.0,0.0,0.0,0.0,0.0,0.0,53.34819077422835,19.410458795353502
4446-2273-0019_8555-284447-0022__T1__NORMAL__4446,4446,8555,5,0.0,0.0,0.6,0.0,0.0,0.0,0.0,0.0,16.26770745705449,2.277274834590565
4446-2273-0019_8555-284447-0022__T2__NORMAL__8555,8555,4446,5,0.0,0.0,0.0,0.0,0.0,0.0,0.0,0.0,56.840235338002955,18.309614311747648
4446-2273-0021_7176-92135-0024__T1__NORMAL__4446,4446,7176,7,1.0,1.0,1.0,1.0,1.0,1.0,1.0,1.0,-61.985281561853526,-40.46427371399449
4446-2273-0021_7176-92135-0024__T2__NORMAL__7176,7176,4446,7,0.0,0.0,0.0,0.0,0.0,0.0,0.0,0.0,61.90773665673037,22.639549815132835
4446-2273-0022_2094-142345-0057__T1__NORMAL__4446,4446,2094,10,1.0,1.0,1.0,1.0,1.0,1.0,1.0,1.0,-60.679087267695,-66.8897749168446
4446-2273-0022_2094-142345-0057__T2__NORMAL__2094,2094,4446,10,0.0,0.0,0.0,0.0,0.0,0.0,0.0,0.0,63.72572509238686,18.47494103613916
4446-2273-0022_2830-3980-0023__T1__NORMAL__4446,4446,2830,10,1.0,1.0,1.0,1.0,1.0,1.0,1.0,1.0,-64.41981142354135,-41.47196049526044
4446-2273-0022_2830-3980-0023__T2__NORMAL__2830,2830,4446,10,0.0,0.0,0.0,0.0,0.0,0.0,0.0,0.0,65.70400092359243,18.21940977254178
4446-2273-0023_260-123288-0011__T1__NORMAL__4446,4446,260,11,1.0,1.0,1.0,1.0,1.0,1.0,1.0,1.0,-65.06257739844983,-59.73552239972404
4446-2273-0023_260-123288-0011__T2__NORMAL__260,260,4446,11,0.0,0.0,0.0,0.0,0.0,0.0,0.0,0.0,65.33121994593297,20.442508783866664
4446-2273-0023_6829-68769-0002__T1__NORMAL__4446,4446,6829,5,1.0,1.0,0.8,1.0,0.8,0.8,0.8,0.8,-59.12205791936606,-38.76473122675519
4446-2273-0023_6829-68769-0002__T2__NORMAL__6829,6829,4446,5,0.0,0.0,0.2,0.0,0.0,0.0,0.0,0.0,59.74663608949883,21.062465607682
4446-2273-0023_6930-81414-0020__T1__NORMAL__4446,4446,6930,9,1.0,0.8888888888888888,1.0,1.0,0.8888888888888888,0.8888888888888888,0.8888888888888888,0.8888888888888888,-49.02566331174248,-40.78342300086802
4446-2273-0023_6930-81414-0020__T2__NORMAL__6930,6930,4446,9,0.0,0.1111111111111111,0.0,0.0,0.0,0.0,0.0,0.0,48.598599141241884,16.609499761404216
4446-2273-0024_260-123440-0007__T1__NORMAL__4446,4446,260,5,1.0,1.0,1.0,1.0,1.0,1.0,1.0,1.0,-53.677232921256106,-36.65718222665838
4446-2273-0024_260-123440-0007__T2__NORMAL__260,260,4446,5,0.0,0.0,0.0,0.0,0.0,0.0,0.0,0.0,54.63086395914409,22.151932312789945
4446-2273-0024_7176-92135-0036__T1__NORMAL__4446,4446,7176,8,1.0,1.0,1.0,1.0,1.0,1.0,1.0,1.0,-67.69019831990173,-40.64697655325677
4446-2273-0024_7176-92135-0036__T2__NORMAL__7176,7176,4446,8,0.0,0.0,0.0,0.0,0.0,0.0,0.0,0.0,69.96958184707483,21.82285367524058
4446-2273-0025_1284-1181-0010__T1__NORMAL__4446,4446,1284,8,0.0,0.0,0.0,0.0,0.0,0.0,0.0,0.0,46.05226312758741,21.54296661848367
4446-2273-0025_1284-1181-0010__T2__NORMAL__1284,1284,4446,8,0.0,0.0,0.0,0.0,0.0,0.0,0.0,0.0,64.90741811784982,19.155504504337834
4446-2273-0025_4992-41797-0002__T1__NORMAL__4446,4446,4992,8,1.0,1.0,1.0,1.0,1.0,1.0,1.0,1.0,-58.35601088659959,-39.25020965909464
4446-2273-0025_4992-41797-0002__T2__NORMAL__4992,4992,4446,8,0.0,0.0,0.0,0.0,0.0,0.0,0.0,0.0,58.2045762043834,21.430468052400244
4446-2273-0028_237-126133-0018__T1__NORMAL__4446,4446,237,7,1.0,1.0,1.0,1.0,1.0,1.0,1.0,1.0,-55.41577901902953,-46.52292333795572
4446-2273-0028_237-126133-0018__T2__NORMAL__237,237,4446,7,0.0,0.0,0.0,0.0,0.0,0.0,0.0,0.0,56.05577429843728,20.67157044480933
4446-2273-0028_5142-33396-0025__T1__NORMAL__4446,4446,5142,5,1.0,1.0,1.0,1.0,1.0,1.0,1.0,1.0,-39.9083032818606,-25.21413839205961
4446-2273-0028_5142-33396-0025__T2__NORMAL__5142,5142,4446,5,0.0,0.0,0.0,0.0,0.0,0.0,0.0,0.0,53.64072387739096,21.6393727092158
4446-2273-0032_260-123440-0008__T1__NORMAL__4446,4446,260,6,1.0,1.0,1.0,1.0,1.0,1.0,1.0,1.0,-62.546150930077175,-50.82931104270564
4446-2273-0032_260-123440-0008__T2__NORMAL__260,260,4446,6,0.0,0.0,0.0,0.0,0.0,0.0,0.0,0.0,62.90924096241657,17.303846187420877
4446-2273-0032_8230-279154-0039__T1__NORMAL__4446,4446,8230,7,0.0,0.0,0.0,0.0,0.0,0.0,0.0,0.0,63.4949015333102,24.01510828935518
4446-2273-0032_8230-279154-0039__T2__NORMAL__8230,8230,4446,7,0.0,0.2857142857142857,0.0,0.0,0.0,0.0,0.0,0.0,63.678277061159044,19.83203103188667
4446-2273-0033_5683-32866-0020__T1__NORMAL__4446,4446,5683,5,1.0,1.0,1.0,1.0,1.0,1.0,1.0,1.0,-51.857373639364255,-26.93056865611275
4446-2273-0033_5683-32866-0020__T2__NORMAL__5683,5683,4446,5,0.0,0.0,0.0,0.0,0.0,0.0,0.0,0.0,53.1884417445025,17.991926385602817
4446-2273-0033_8230-279154-0028__T1__NORMAL__4446,4446,8230,5,0.0,0.0,0.0,0.0,0.0,0.0,0.0,0.0,59.423081291223625,23.044733583419323
4446-2273-0033_8230-279154-0028__T2__NORMAL__8230,8230,4446,5,0.0,0.2,0.0,0.0,0.0,0.0,0.0,0.0,58.490144685519724,20.982060899203272
4446-2273-0034_1284-1180-0005__T1__NORMAL__4446,4446,1284,6,1.0,1.0,1.0,1.0,1.0,1.0,1.0,1.0,-64.53248712394596,-38.17508755193656
4446-2273-0034_1284-1180-0005__T2__NORMAL__1284,1284,4446,6,0.0,0.0,0.16666666666666666,0.0,0.0,0.0,0.0,0.0,65.9403283212226,18.673077436883787
4446-2273-0036_1089-134686-0017__T1__NORMAL__4446,4446,1089,5,1.0,1.0,1.0,1.0,1.0,1.0,1.0,1.0,-58.00880431045955,-40.66512722803928
4446-2273-0036_1089-134686-0017__T2__NORMAL__1089,1089,4446,5,0.0,0.0,0.0,0.0,0.0,0.0,0.0,0.0,58.24672856679498,21.59889038806273
4446-2275-0000_6930-76324-0028__T1__NORMAL__4446,4446,6930,11,1.0,0.9090909090909091,1.0,1.0,0.9090909090909091,0.9090909090909091,0.9090909090909091,0.9090909090909091,-40.44132112148343,-25.97485027780569
4446-2275-0000_6930-76324-0028__T2__NORMAL__6930,6930,4446,11,0.0,0.09090909090909091,0.0,0.0,0.0,0.0,0.0,0.0,48.99590828457199,16.373130068392594
4446-2275-0000_8555-284447-0013__T1__NORMAL__4446,4446,8555,11,1.0,1.0,1.0,1.0,1.0,1.0,1.0,1.0,-63.24928690315451,-34.42344239376206
4446-2275-0000_8555-284447-0013__T2__NORMAL__8555,8555,4446,11,0.0,0.0,0.0,0.0,0.0,0.0,0.0,0.0,64.37159708203568,16.253538737407442
4446-2275-0001_4077-13754-0001__T1__NORMAL__4446,4446,4077,6,0.0,0.0,0.0,0.0,0.0,0.0,0.0,0.0,44.62116090727586,11.525934089464632
4446-2275-0001_4077-13754-0001__T2__NORMAL__4077,4077,4446,6,0.0,0.16666666666666666,0.0,0.0,0.0,0.0,0.0,0.0,61.586715196071616,19.04152414465692
4446-2275-0001_7176-88083-0003__T1__NORMAL__4446,4446,7176,8,1.0,1.0,1.0,1.0,1.0,1.0,1.0,1.0,-74.68778004463181,-42.13989549239583
4446-2275-0001_7176-88083-0003__T2__NORMAL__7176,7176,4446,8,0.0,0.0,0.0,0.0,0.0,0.0,0.0,0.0,72.9390301168862,21.0697748802146
4446-2275-0002_2300-131720-0023__T1__NORMAL__4446,4446,2300,14,1.0,1.0,0.9285714285714286,1.0,0.9285714285714286,0.9285714285714286,0.9285714285714286,0.9285714285714286,-65.53185575677377,-43.12121679228635
4446-2275-0002_2300-131720-0023__T2__NORMAL__2300,2300,4446,14,0.0,0.07142857142857142,0.0,0.0,0.0,0.0,0.0,0.0,62.056908504338416,18.95730956915345
4446-2275-0002_8455-210777-0045__T1__NORMAL__4446,4446,8455,14,1.0,0.9285714285714286,1.0,1.0,0.9285714285714286,0.9285714285714286,0.9285714285714286,0.9285714285714286,-56.74669113255499,-37.57254301035628
4446-2275-0002_8455-210777-0045__T2__NORMAL__8455,8455,4446,14,0.0,0.0,0.0,0.0,0.0,0.0,0.0,0.0,57.04661884164772,17.538714769771666
4446-2275-0005_7176-92135-0016__T1__NORMAL__4446,4446,7176,7,1.0,1.0,1.0,1.0,1.0,1.0,1.0,1.0,-68.9099493516151,-45.977395799292594
4446-2275-0005_7176-92135-0016__T2__NORMAL__7176,7176,4446,7,0.0,0.0,0.0,0.0,0.0,0.0,0.0,0.0,68.58599564684411,20.22591000178089
4446-2275-0006_1284-134647-0002__T1__NORMAL__4446,4446,1284,6,1.0,0.8333333333333334,0.8333333333333334,1.0,0.6666666666666666,0.6666666666666666,0.6666666666666666,0.6666666666666666,-64.10580115245193,-36.86036696775244
4446-2275-0006_1284-134647-0002__T2__NORMAL__1284,1284,4446,6,0.0,0.16666666666666666,0.16666666666666666,0.0,0.0,0.0,0.0,0.0,64.66618918206635,19.34546807440917
4446-2275-0006_2300-131720-0005__T1__NORMAL__4446,4446,2300,6,1.0,0.8333333333333334,1.0,1.0,0.8333333333333334,0.8333333333333334,0.8333333333333334,0.8333333333333334,-60.389159366682094,-37.76920959197869
4446-2275-0006_2300-131720-0005__T2__NORMAL__2300,2300,4446,6,0.0,0.0,0.0,0.0,0.0,0.0,0.0,0.0,62.417981991568155,19.31657344810344
4446-2275-0006_61-70968-0039__T1__NORMAL__4446,4446,61,6,1.0,1.0,1.0,1.0,1.0,1.0,1.0,1.0,-51.364556261146156,-39.13160914996821
4446-2275-0006_61-70968-0039__T2__NORMAL__61,61,4446,6,0.0,0.0,0.0,0.0,0.0,0.0,0.0,0.0,51.47775455966956,20.41260928220761
4446-2275-0007_121-121726-0012__T1__NORMAL__4446,4446,121,7,1.0,1.0,1.0,1.0,1.0,1.0,1.0,1.0,-56.80627779506405,-40.96490093995058
4446-2275-0007_121-121726-0012__T2__NORMAL__121,121,4446,7,0.0,0.0,0.0,0.0,0.0,0.0,0.0,0.0,56.33588737616594,22.500053524309752
4446-2275-0008_2300-131720-0032__T1__NORMAL__4446,4446,2300,7,0.0,0.0,0.0,0.0,0.0,0.0,0.0,0.0,57.59487247069142,25.120817330165867
4446-2275-0008_2300-131720-0032__T2__NORMAL__2300,2300,4446,7,0.0,0.0,0.0,0.0,0.0,0.0,0.0,0.0,59.440189649088616,17.87657702101087
4446-2275-0012_1284-1180-0029__T1__NORMAL__4446,4446,1284,9,1.0,0.8888888888888888,1.0,1.0,0.8888888888888888,0.8888888888888888,0.8888888888888888,0.8888888888888888,-56.174858434104955,-34.3646723580911
4446-2275-0012_1284-1180-0029__T2__NORMAL__1284,1284,4446,9,0.0,0.1111111111111111,0.0,0.0,0.0,0.0,0.0,0.0,56.847462770522796,19.199391619571102
4446-2275-0013_6930-81414-0023__T1__NORMAL__4446,4446,6930,6,1.0,1.0,1.0,1.0,1.0,1.0,1.0,1.0,-41.31675538101833,-30.571332573330125
4446-2275-0013_6930-81414-0023__T2__NORMAL__6930,6930,4446,6,0.0,0.0,0.0,0.0,0.0,0.0,0.0,0.0,44.27762598875966,12.744501909252511
4446-2275-0016_7176-92135-0003__T1__NORMAL__4446,4446,7176,6,1.0,1.0,1.0,1.0,1.0,1.0,1.0,1.0,-24.330653966026563,-12.358888885605316
4446-2275-0016_7176-92135-0003__T2__NORMAL__7176,7176,4446,6,0.0,0.0,0.0,0.0,0.0,0.0,0.0,0.0,66.56562456724933,19.68625184361675
4446-2275-0019_6930-81414-0024__T1__NORMAL__4446,4446,6930,8,1.0,1.0,1.0,1.0,1.0,1.0,1.0,1.0,-39.114848085333946,-38.5495834668293
4446-2275-0019_6930-81414-0024__T2__NORMAL__6930,6930,4446,8,0.0,0.0,0.0,0.0,0.0,0.0,0.0,0.0,45.15470285449345,21.24562371997012
4446-2275-0022_1995-1826-0018__T1__NORMAL__4446,4446,1995,5,0.2,0.2,0.4,0.2,0.2,0.2,0.2,0.2,7.22896707166619,2.88084562140066
4446-2275-0022_1995-1826-0018__T2__NORMAL__1995,1995,4446,5,0.0,0.0,0.0,0.0,0.0,0.0,0.0,0.0,56.665791863629444,18.61197862595132
4446-2275-0022_6930-81414-0012__T1__NORMAL__4446,4446,6930,5,1.0,1.0,1.0,1.0,1.0,1.0,1.0,1.0,-46.89880302013238,-37.34368565075106
4446-2275-0022_6930-81414-0012__T2__NORMAL__6930,6930,4446,5,0.0,0.0,0.0,0.0,0.0,0.0,0.0,0.0,48.11595521318638,17.45052420191727
4446-2275-0022_8455-210777-0014__T1__NORMAL__4446,4446,8455,5,1.0,1.0,1.0,1.0,1.0,1.0,1.0,1.0,-45.713658156877614,-26.36988079117204
4446-2275-0022_8455-210777-0014__T2__NORMAL__8455,8455,4446,5,0.0,0.0,0.0,0.0,0.0,0.0,0.0,0.0,47.150735516204726,13.985708499422335
4446-2275-0026_1580-141084-0048__T1__NORMAL__4446,4446,1580,9,0.0,0.1111111111111111,0.0,0.0,0.0,0.0,0.0,0.0,64.01726579695354,24.130939928715
4446-2275-0026_1580-141084-0048__T2__NORMAL__1580,1580,4446,9,0.0,0.0,0.0,0.0,0.0,0.0,0.0,0.0,60.78314168171669,11.01343882605924
4446-2275-0028_3570-5696-0009__T1__NORMAL__4446,4446,3570,6,1.0,0.8333333333333334,1.0,1.0,0.8333333333333334,0.8333333333333334,0.8333333333333334,0.8333333333333334,-51.1554871862823,-37.023422753421656
4446-2275-0028_3570-5696-0009__T2__NORMAL__3570,3570,4446,6,0.0,0.0,0.0,0.0,0.0,0.0,0.0,0.0,51.3545807707274,16.116817706789945
4446-2275-0028_7021-79740-0000__T1__NORMAL__4446,4446,7021,6,1.0,1.0,0.6666666666666666,1.0,0.6666666666666666,0.6666666666666666,0.6666666666666666,0.6666666666666666,-48.04151386282263,-32.194320832976494
4446-2275-0028_7021-79740-0000__T2__NORMAL__7021,7021,4446,6,0.0,0.0,0.16666666666666666,0.0,0.0,0.0,0.0,0.0,48.70515878326847,18.027617929724617
4446-2275-0031_5683-32866-0016__T1__NORMAL__4446,4446,5683,5,1.0,1.0,1.0,1.0,1.0,1.0,1.0,1.0,-56.891351908810975,-33.00054903008439
4446-2275-0031_5683-32866-0016__T2__NORMAL__5683,5683,4446,5,0.0,0.0,0.0,0.0,0.0,0.0,0.0,0.0,58.480662434687474,21.26441734042761
4446-2275-0031_7127-75946-0011__T1__NORMAL__4446,4446,7127,5,0.4,0.4,0.4,0.6,0.4,0.4,0.4,0.4,4.182650642058926,-0.9118457094973736
4446-2275-0031_7127-75946-0011__T2__NORMAL__7127,7127,4446,5,0.0,0.0,0.0,0.0,0.0,0.0,0.0,0.0,57.72731597781476,17.611106172506016
4446-2275-0032_5142-36377-0015__T1__NORMAL__4446,4446,5142,5,1.0,1.0,1.0,1.0,1.0,1.0,1.0,1.0,-62.27733126208127,-72.79954566714078
4446-2275-0032_5142-36377-0015__T2__NORMAL__5142,5142,4446,5,0.0,0.0,0.0,0.0,0.0,0.0,0.0,0.0,62.84093803028875,21.963407793569463
4446-2275-0033_908-157963-0024__T1__NORMAL__4446,4446,908,5,1.0,1.0,1.0,1.0,1.0,1.0,1.0,1.0,-53.375599286431864,-46.56827537709316
4446-2275-0033_908-157963-0024__T2__NORMAL__908,908,4446,5,0.0,0.0,0.0,0.0,0.0,0.0,0.0,0.0,55.35214055398863,17.567520341084364
4446-2275-0034_672-122797-0005__T1__NORMAL__4446,4446,672,5,1.0,1.0,1.0,1.0,1.0,1.0,1.0,1.0,-51.9490061873223,-35.328134778694576
4446-2275-0034_672-122797-0005__T2__NORMAL__672,672,4446,5,0.0,0.2,0.0,0.0,0.0,0.0,0.0,0.0,50.547438309196146,21.771115050868467
4446-2275-0034_6930-75918-0016__T1__NORMAL__4446,4446,6930,5,0.0,0.0,0.0,0.0,0.0,0.0,0.0,0.0,52.90800549655061,13.601941718346556
4446-2275-0034_6930-75918-0016__T2__NORMAL__6930,6930,4446,5,0.0,0.0,0.0,0.0,0.0,0.0,0.0,0.0,49.7952278305619,18.919602868049644
4446-2275-0035_8463-287645-0003__T1__NORMAL__4446,4446,8463,7,1.0,1.0,1.0,1.0,1.0,1.0,1.0,1.0,-59.85006369274655,-34.53995049122233
4446-2275-0035_8463-287645-0003__T2__NORMAL__8463,8463,4446,7,0.0,0.0,0.0,0.0,0.0,0.0,0.0,0.0,70.98780623617655,18.66218259311466
4446-2275-0038_8230-279154-0033__T1__NORMAL__4446,4446,8230,8,0.0,0.25,0.0,0.0,0.0,0.0,0.0,0.0,55.611346927204664,24.36910653464629
4446-2275-0038_8230-279154-0033__T2__NORMAL__8230,8230,4446,8,0.0,0.0,0.0,0.0,0.0,0.0,0.0,0.0,54.3021569342346,16.90911592487399
4446-2275-0041_5142-33396-0010__T1__NORMAL__4446,4446,5142,5,1.0,1.0,1.0,1.0,1.0,1.0,1.0,1.0,-61.654721221048476,-36.85036086652672
4446-2275-0041_5142-33396-0010__T2__NORMAL__5142,5142,4446,5,0.0,0.0,0.0,0.0,0.0,0.0,0.0,0.0,61.40646644132555,19.00047882100929
4446-2275-0042_3570-5696-0004__T1__NORMAL__4446,4446,3570,8,1.0,1.0,1.0,1.0,1.0,1.0,1.0,1.0,-56.18309810733339,-57.79480672916148
4446-2275-0042_3570-5696-0004__T2__NORMAL__3570,3570,4446,8,0.0,0.0,0.0,0.0,0.0,0.0,0.0,0.0,58.03172467280939,19.266945207132864
4507-16021-0001_7176-88083-0023__T1__NORMAL__4507,4507,7176,17,0.0,0.0,0.0,0.0,0.0,0.0,0.0,0.0,62.27492942542885,23.950926285140785
4507-16021-0001_7176-88083-0023__T2__NORMAL__7176,7176,4507,17,0.0,0.0,0.0,0.0,0.0,0.0,0.0,0.0,54.50409999332746,17.855114788488272
4507-16021-0002_4077-13751-0001__T1__NORMAL__4507,4507,4077,5,0.0,0.0,0.0,0.0,0.0,0.0,0.0,0.0,63.12006933926019,13.58882610677191
4507-16021-0002_4077-13751-0001__T2__NORMAL__4077,4077,4507,5,0.0,0.0,0.0,0.0,0.0,0.0,0.0,0.0,60.010806169987475,19.26423486341308
4507-16021-0003_1320-122617-0032__T1__NORMAL__4507,4507,1320,8,0.0,0.0,0.0,0.0,0.0,0.0,0.0,0.0,56.947423330039825,23.939563681912222
4507-16021-0003_1320-122617-0032__T2__NORMAL__1320,1320,4507,8,0.0,0.0,0.0,0.0,0.0,0.0,0.0,0.0,61.244964079016604,18.016372362964745
4507-16021-0003_237-134500-0039__T1__NORMAL__4507,4507,237,8,0.0,0.0,0.0,0.0,0.0,0.0,0.0,0.0,55.70462125501362,22.860380418620725
4507-16021-0003_237-134500-0039__T2__NORMAL__237,237,4507,8,0.0,0.125,0.0,0.0,0.0,0.0,0.0,0.0,64.55372641755747,17.50943406566271
4507-16021-0003_672-122797-0003__T1__NORMAL__4507,4507,672,8,0.0,0.25,0.0,0.125,0.0,0.0,0.0,0.0,41.22721376956024,16.403108200552776
4507-16021-0003_672-122797-0003__T2__NORMAL__672,672,4507,8,0.0,0.0,0.0,0.0,0.0,0.0,0.0,0.0,54.32724211819163,13.718222426443363
4507-16021-0005_8463-294825-0006__T1__NORMAL__4507,4507,8463,7,0.0,0.0,0.0,0.0,0.0,0.0,0.0,0.0,60.711525475018554,18.317946636062054
4507-16021-0005_8463-294825-0006__T2__NORMAL__8463,8463,4507,7,1.0,1.0,1.0,1.0,1.0,1.0,1.0,1.0,-59.45051226059239,-41.14054881810958
4507-16021-0008_237-134500-0041__T1__NORMAL__4507,4507,237,6,0.0,0.0,0.0,0.0,0.0,0.0,0.0,0.0,61.58013583704503,16.48661902239503
4507-16021-0008_237-134500-0041__T2__NORMAL__237,237,4507,6,0.0,0.0,0.16666666666666666,0.0,0.0,0.0,0.0,0.0,54.60753719871553,20.250315744138017
4507-16021-0009_2300-131720-0029__T1__NORMAL__4507,4507,2300,11,0.0,0.0,0.0,0.0,0.0,0.0,0.0,0.0,62.76368261011582,24.374033317109085
4507-16021-0009_2300-131720-0029__T2__NORMAL__2300,2300,4507,11,0.0,0.0,0.0,0.0,0.0,0.0,0.0,0.0,63.63676271634753,22.28043538005684
4507-16021-0009_5639-40744-0002__T1__NORMAL__4507,4507,5639,16,0.0,0.0625,0.0,0.0,0.0,0.0,0.0,0.0,51.75002214989547,18.05881852815148
4507-16021-0009_5639-40744-0002__T2__NORMAL__5639,5639,4507,16,0.0,0.0625,0.0625,0.0,0.0,0.0,0.0,0.0,52.65972906962659,23.072227474484308
4507-16021-0011_1320-122612-0016__T1__NORMAL__4507,4507,1320,5,0.0,0.0,0.0,0.0,0.0,0.0,0.0,0.0,61.75559851613076,23.750247774064967
4507-16021-0011_1320-122612-0016__T2__NORMAL__1320,1320,4507,5,0.0,0.0,0.0,0.0,0.0,0.0,0.0,0.0,66.6586090234841,18.747470409095776
4507-16021-0013_1320-122617-0017__T1__NORMAL__4507,4507,1320,10,0.0,0.0,0.0,0.0,0.0,0.0,0.0,0.0,59.22889119516966,20.94207014543395
4507-16021-0013_1320-122617-0017__T2__NORMAL__1320,1320,4507,10,0.0,0.1,0.0,0.0,0.0,0.0,0.0,0.0,63.94545591969889,19.008939937204403
4507-16021-0013_5142-33396-0012__T1__NORMAL__4507,4507,5142,8,0.0,0.0,0.0,0.0,0.0,0.0,0.0,0.0,67.86415624263905,21.03394151964022
4507-16021-0013_5142-33396-0012__T2__NORMAL__5142,5142,4507,8,0.0,0.125,0.0,0.0,0.0,0.0,0.0,0.0,62.917498629865975,19.24731135669436
4507-16021-0013_61-70970-0007__T1__NORMAL__4507,4507,61,7,0.0,0.0,0.0,0.0,0.0,0.0,0.0,0.0,49.85133443681762,19.05443908423549
4507-16021-0013_61-70970-0007__T2__NORMAL__61,61,4507,7,0.0,0.0,0.0,0.0,0.0,0.0,0.0,0.0,51.0249194746905,16.413514241066338
4507-16021-0015_1580-141084-0049__T1__NORMAL__4507,4507,1580,6,0.0,0.0,0.0,0.0,0.0,0.0,0.0,0.0,59.32357263878271,14.911565946398
4507-16021-0015_1580-141084-0049__T2__NORMAL__1580,1580,4507,6,0.0,0.0,0.0,0.3333333333333333,0.0,0.0,0.0,0.0,46.94916862722527,20.66362794687661
4507-16021-0016_1320-122617-0029__T1__NORMAL__4507,4507,1320,14,0.0,0.07142857142857142,0.0,0.0,0.0,0.0,0.0,0.0,55.2252917305751,25.154929868739032
4507-16021-0016_1320-122617-0029__T2__NORMAL__1320,1320,4507,14,0.0,0.0,0.0,0.0,0.0,0.0,0.0,0.0,62.80768191646201,18.110201607289977
4507-16021-0017_8455-210777-0027__T1__NORMAL__4507,4507,8455,20,0.0,0.05,0.0,0.0,0.0,0.0,0.0,0.0,54.60623999548525,22.38655479089042
4507-16021-0017_8455-210777-0027__T2__NORMAL__8455,8455,4507,20,0.0,0.0,0.0,0.0,0.0,0.0,0.0,0.0,57.09545165822395,17.493965685142513
4507-16021-0022_8455-210777-0064__T1__NORMAL__4507,4507,8455,6,0.0,0.0,0.0,0.0,0.0,0.0,0.0,0.0,44.17297402268608,16.31153616545015
4507-16021-0022_8455-210777-0064__T2__NORMAL__8455,8455,4507,6,0.0,0.0,0.0,0.0,0.0,0.0,0.0,0.0,56.71831028624718,15.25921606254678
4507-16021-0024_4446-2273-0034__T1__NORMAL__4507,4507,4446,6,0.0,0.0,0.0,0.0,0.0,0.0,0.0,0.0,58.8335410220427,17.320377534411985
4507-16021-0024_4446-2273-0034__T2__NORMAL__4446,4446,4507,6,1.0,1.0,1.0,1.0,1.0,1.0,1.0,1.0,-58.23292066726017,-40.486486374468605
4507-16021-0024_61-70970-0033__T1__NORMAL__4507,4507,61,5,0.0,0.2,0.0,0.0,0.0,0.0,0.0,0.0,50.162246373213215,18.640754689345187
4507-16021-0024_61-70970-0033__T2__NORMAL__61,61,4507,5,0.0,0.0,0.0,0.0,0.0,0.0,0.0,0.0,48.381224192319806,15.16651982330447
4507-16021-0025_5142-33396-0044__T1__NORMAL__4507,4507,5142,8,0.0,0.0,0.0,0.0,0.0,0.0,0.0,0.0,58.82149542634029,12.350647691629618
4507-16021-0025_5142-33396-0044__T2__NORMAL__5142,5142,4507,8,0.0,0.125,0.0,0.125,0.0,0.0,0.0,0.0,47.1968421919249,18.132559947504816
4507-16021-0028_1188-133604-0014__T1__NORMAL__4507,4507,1188,5,0.0,0.0,0.0,0.0,0.0,0.0,0.0,0.0,54.393999982427225,19.825119029870173
4507-16021-0028_1188-133604-0014__T2__NORMAL__1188,1188,4507,5,0.0,0.0,0.0,0.0,0.0,0.0,0.0,0.0,57.47450194853044,19.04370142827919
4507-16021-0028_237-134493-0001__T1__NORMAL__4507,4507,237,5,0.0,0.2,0.0,0.0,0.0,0.0,0.0,0.0,67.02075247563658,26.8700873719208
4507-16021-0028_237-134493-0001__T2__NORMAL__237,237,4507,5,0.0,0.0,0.0,0.0,0.0,0.0,0.0,0.0,61.1124196299747,18.49403162208555
4507-16021-0029_8455-210777-0070__T1__NORMAL__4507,4507,8455,6,0.0,0.16666666666666666,0.0,0.0,0.0,0.0,0.0,0.0,47.990420013804204,14.65788063876587
4507-16021-0029_8455-210777-0070__T2__NORMAL__8455,8455,4507,6,0.0,0.0,0.0,0.0,0.0,0.0,0.0,0.0,39.14096327339869,19.073135403546296
4507-16021-0030_2830-3980-0017__T1__NORMAL__4507,4507,2830,6,0.0,0.0,0.0,0.0,0.0,0.0,0.0,0.0,32.80165234563653,10.308674343109749
4507-16021-0030_2830-3980-0017__T2__NORMAL__2830,2830,4507,6,0.0,0.0,0.0,0.0,0.0,0.0,0.0,0.0,48.13127217279402,13.861268705395837
4507-16021-0031_260-123288-0022__T1__NORMAL__4507,4507,260,6,0.0,0.0,0.0,0.0,0.0,0.0,0.0,0.0,58.81718489715067,18.231828090143047
4507-16021-0031_260-123288-0022__T2__NORMAL__260,260,4507,6,0.0,0.0,0.16666666666666666,0.0,0.0,0.0,0.0,0.0,53.844820781681854,21.37364200011523
4507-16021-0033_4992-23283-0005__T1__NORMAL__4507,4507,4992,10,0.0,0.1,0.1,0.2,0.0,0.0,0.0,0.0,42.78559635700685,12.594006846844527
4507-16021-0033_4992-23283-0005__T2__NORMAL__4992,4992,4507,10,0.0,0.0,0.0,0.1,0.0,0.0,0.0,0.0,41.40202835322068,14.629753475353844
4507-16021-0036_7021-85628-0027__T1__NORMAL__4507,4507,7021,9,0.0,0.0,0.0,0.0,0.0,0.0,0.0,0.0,60.2844689699899,18.79970155830864
4507-16021-0036_7021-85628-0027__T2__NORMAL__7021,7021,4507,9,0.0,0.1111111111111111,0.0,0.1111111111111111,0.0,0.0,0.0,0.0,57.06531490482065,17.78299930127831
4507-16021-0037_1284-1181-0009__T1__NORMAL__4507,4507,1284,9,0.0,0.0,0.0,0.0,0.0,0.0,0.0,0.0,56.73352273588976,12.516037106197722
4507-16021-0037_1284-1181-0009__T2__NORMAL__1284,1284,4507,9,0.0,0.1111111111111111,0.1111111111111111,0.1111111111111111,0.1111111111111111,0.0,0.1111111111111111,0.0,44.90859835549778,17.948484500714827
4507-16021-0037_1580-141084-0024__T1__NORMAL__4507,4507,1580,9,0.0,0.0,0.0,0.0,0.0,0.0,0.0,0.0,61.86457153482086,15.841735860086256
4507-16021-0037_1580-141084-0024__T2__NORMAL__1580,1580,4507,9,0.0,0.1111111111111111,0.0,0.0,0.0,0.0,0.0,0.0,48.81345938760606,21.53083667126941
4507-16021-0040_5142-33396-0023__T1__NORMAL__4507,4507,5142,5,0.0,0.0,0.2,0.0,0.0,0.0,0.0,0.0,66.58791484637723,20.896458579758047
4507-16021-0040_5142-33396-0023__T2__NORMAL__5142,5142,4507,5,0.0,0.0,0.0,0.0,0.0,0.0,0.0,0.0,67.49180996932634,21.09453214191516
4507-16021-0042_1995-1837-0000__T1__NORMAL__4507,4507,1995,6,0.0,0.16666666666666666,0.0,0.0,0.0,0.0,0.0,0.0,61.51926816433169,25.61130295809406
4507-16021-0042_1995-1837-0000__T2__NORMAL__1995,1995,4507,6,0.0,0.0,0.0,0.0,0.0,0.0,0.0,0.0,64.77092254975781,21.02118853113506
4507-16021-0042_260-123286-0011__T1__NORMAL__4507,4507,260,7,0.0,0.0,0.0,0.0,0.0,0.0,0.0,0.0,52.04389889238701,19.09398759715612
4507-16021-0042_260-123286-0011__T2__NORMAL__260,260,4507,7,0.0,0.0,0.0,0.0,0.0,0.0,0.0,0.0,49.49888989031002,20.13784403409401
4507-16021-0043_121-121726-0005__T1__NORMAL__4507,4507,121,5,0.0,0.0,0.0,0.0,0.0,0.0,0.0,0.0,74.21750520315841,13.695438609955374
4507-16021-0043_121-121726-0005__T2__NORMAL__121,121,4507,5,0.0,0.4,0.6,0.4,0.4,0.0,0.2,0.0,42.432467545083355,18.002790932238934
4507-16021-0045_6829-68769-0012__T1__NORMAL__4507,4507,6829,7,0.0,0.0,0.0,0.0,0.0,0.0,0.0,0.0,50.56984574800582,17.882743778017744
4507-16021-0045_6829-68769-0012__T2__NORMAL__6829,6829,4507,7,0.0,0.0,0.0,0.14285714285714285,0.0,0.0,0.0,0.0,49.80455896718962,17.408299126204405
4507-16021-0045_8555-284449-0012__T1__NORMAL__4507,4507,8555,8,0.0,0.0,0.0,0.0,0.0,0.0,0.0,0.0,60.80332355973886,17.14113198371608
4507-16021-0045_8555-284449-0012__T2__NORMAL__8555,8555,4507,8,0.0,0.0,0.125,0.25,0.0,0.0,0.0,0.0,56.12769370645479,18.295712572729965
4507-16021-0046_121-127105-0023__T1__NORMAL__4507,4507,121,8,0.0,0.0,0.0,0.0,0.0,0.0,0.0,0.0,59.171293769311596,16.821636713005947
4507-16021-0046_121-127105-0023__T2__NORMAL__121,121,4507,8,0.0,0.125,0.0,0.0,0.0,0.0,0.0,0.0,55.587432115039086,18.871977802212754
4507-16021-0046_237-134500-0031__T1__NORMAL__4507,4507,237,8,0.0,0.0,0.0,0.0,0.0,0.0,0.0,0.0,61.79623797748711,17.837215214465793
4507-16021-0046_237-134500-0031__T2__NORMAL__237,237,4507,8,0.0,0.0,0.0,0.0,0.0,0.0,0.0,0.0,57.122559746535416,22.82985921826166
4507-16021-0048_2300-131720-0012__T1__NORMAL__4507,4507,2300,9,0.0,0.0,0.0,0.0,0.0,0.0,0.0,0.0,63.5154193862202,18.14613576936664
4507-16021-0048_2300-131720-0012__T2__NORMAL__2300,2300,4507,9,0.0,0.0,0.0,0.0,0.0,0.0,0.0,0.0,57.80246147510815,18.917345113583394
4507-16021-0049_260-123286-0007__T1__NORMAL__4507,4507,260,8,0.0,0.0,0.0,0.0,0.0,0.0,0.0,0.0,56.06933953732734,19.161985773652187
4507-16021-0049_260-123286-0007__T2__NORMAL__260,260,4507,8,0.0,0.0,0.125,0.0,0.0,0.0,0.0,0.0,55.422074567967634,17.492788105757267
4507-16021-0049_5142-33396-0043__T1__NORMAL__4507,4507,5142,6,0.0,0.0,0.16666666666666666,0.0,0.0,0.0,0.0,0.0,69.1569589260273,19.06356012352498
4507-16021-0049_5142-33396-0043__T2__NORMAL__5142,5142,4507,6,0.0,0.0,0.0,0.0,0.0,0.0,0.0,0.0,59.30799013105692,23.22101061083331
4507-16021-0050_2094-142345-0054__T1__NORMAL__4507,4507,2094,6,0.0,0.0,0.0,0.0,0.0,0.0,0.0,0.0,70.60165262774133,16.06385395029274
4507-16021-0050_2094-142345-0054__T2__NORMAL__2094,2094,4507,6,0.0,0.0,0.0,0.0,0.0,0.0,0.0,0.0,61.45520332180029,21.6546207073496
4507-16021-0050_2961-961-0003__T1__NORMAL__4507,4507,2961,5,0.0,0.0,0.0,0.0,0.0,0.0,0.0,0.0,43.56471206458025,11.487115217608116
4507-16021-0050_2961-961-0003__T2__NORMAL__2961,2961,4507,5,0.0,0.2,0.0,0.0,0.0,0.0,0.0,0.0,42.6516217368768,12.883683507745754
4507-16021-0050_8555-284449-0012__T1__NORMAL__4507,4507,8555,6,0.0,0.0,0.0,0.0,0.0,0.0,0.0,0.0,65.79467728840704,23.69620734042329
4507-16021-0050_8555-284449-0012__T2__NORMAL__8555,8555,4507,6,0.0,0.0,0.0,0.0,0.0,0.0,0.0,0.0,57.28177180577264,19.94886243556539
4507-16021-0051_8455-210777-0005__T1__NORMAL__4507,4507,8455,10,0.0,0.0,0.0,0.0,0.0,0.0,0.0,0.0,47.318097761935555,21.48884049491215
4507-16021-0051_8455-210777-0005__T2__NORMAL__8455,8455,4507,10,0.0,0.0,0.0,0.0,0.0,0.0,0.0,0.0,52.95095469419469,16.103730225347256
4507-16021-0052_2830-3980-0069__T1__NORMAL__4507,4507,2830,10,0.0,0.0,0.0,0.0,0.0,0.0,0.0,0.0,50.63290362368643,13.560598040550651
4507-16021-0052_2830-3980-0069__T2__NORMAL__2830,2830,4507,10,0.0,0.1,0.0,0.0,0.0,0.0,0.0,0.0,50.420997989162586,18.089154833064857
4507-16021-0053_2300-131720-0005__T1__NORMAL__4507,4507,2300,12,0.0,0.0,0.0,0.0,0.0,0.0,0.0,0.0,57.65269554510602,18.63501511666036
4507-16021-0053_2300-131720-0005__T2__NORMAL__2300,2300,4507,12,0.0,0.0,0.0,0.0,0.0,0.0,0.0,0.0,55.95994909795536,21.18926356336691
4507-16021-0053_260-123286-0004__T1__NORMAL__4507,4507,260,5,0.0,0.2,0.0,0.0,0.0,0.0,0.0,0.0,50.178290484712065,19.45930104447245
4507-16021-0053_260-123286-0004__T2__NORMAL__260,260,4507,5,0.0,0.0,0.0,0.0,0.0,0.0,0.0,0.0,55.372617650246795,13.63785395680782
4507-16021-0053_61-70968-0022__T1__NORMAL__4507,4507,61,8,0.0,0.0,0.0,0.0,0.0,0.0,0.0,0.0,56.779947700287295,16.469069663466712
4507-16021-0053_61-70968-0022__T2__NORMAL__61,61,4507,8,0.0,0.0,0.0,0.0,0.0,0.0,0.0,0.0,54.40354203819996,18.27857697432464
4507-16021-0053_8455-210777-0009__T1__NORMAL__4507,4507,8455,8,0.0,0.0,0.0,0.0,0.0,0.0,0.0,0.0,51.415330102840926,20.98011243519192
4507-16021-0053_8455-210777-0009__T2__NORMAL__8455,8455,4507,8,0.0,0.0,0.0,0.0,0.0,0.0,0.0,0.0,54.1714051006315,13.66350300355494
4507-16021-0055_1089-134691-0007__T1__NORMAL__4507,4507,1089,5,0.0,0.0,0.0,0.0,0.0,0.0,0.0,0.0,56.69590719765348,20.598242376714577
4507-16021-0055_1089-134691-0007__T2__NORMAL__1089,1089,4507,5,0.0,0.0,0.0,0.0,0.0,0.0,0.0,0.0,50.42694362660556,21.82268353397806
4507-16021-0055_1580-141083-0013__T1__NORMAL__4507,4507,1580,7,0.0,0.0,0.0,0.0,0.0,0.0,0.0,0.0,60.92039354063864,15.160382941475124
4507-16021-0055_1580-141083-0013__T2__NORMAL__1580,1580,4507,7,0.0,0.0,0.0,0.0,0.0,0.0,0.0,0.0,49.54272441255767,21.20355310571537
4507-16021-0055_2830-3980-0030__T1__NORMAL__4507,4507,2830,9,0.0,0.3333333333333333,0.0,0.0,0.0,0.0,0.0,0.0,38.53103907148282,15.708286879551023
4507-16021-0055_2830-3980-0030__T2__NORMAL__2830,2830,4507,9,0.0,0.0,0.0,0.0,0.0,0.0,0.0,0.0,51.26701208661835,12.859337296203137
4507-16021-0056_7021-85628-0002__T1__NORMAL__4507,4507,7021,11,0.0,0.0,0.0,0.0,0.0,0.0,0.0,0.0,54.24243073135585,18.68029448358504
4507-16021-0056_7021-85628-0002__T2__NORMAL__7021,7021,4507,11,0.0,0.0,0.0,0.0,0.0,0.0,0.0,0.0,55.9960008228986,19.854677849221385
4507-16021-0057_7021-85628-0018__T1__NORMAL__4507,4507,7021,8,0.0,0.0,0.0,0.0,0.0,0.0,0.0,0.0,46.049658824937495,15.771119545191295
4507-16021-0057_7021-85628-0018__T2__NORMAL__7021,7021,4507,8,0.0,0.125,0.125,0.125,0.125,0.0,0.125,0.0,45.70158454128763,15.87044758279987
4507-16021-0058_2830-3980-0044__T1__NORMAL__4507,4507,2830,5,0.0,0.2,0.0,0.0,0.0,0.0,0.0,0.0,42.336900695192654,13.417150593322813
4507-16021-0058_2830-3980-0044__T2__NORMAL__2830,2830,4507,5,0.0,0.0,0.0,0.0,0.0,0.0,0.0,0.0,62.64364774583131,13.339536986305408
4507-16021-0058_7729-102255-0029__T1__NORMAL__4507,4507,7729,5,0.0,0.0,0.0,0.0,0.0,0.0,0.0,0.0,49.940876905197115,16.018893516468253
4507-16021-0058_7729-102255-0029__T2__NORMAL__7729,7729,4507,5,0.0,0.0,0.0,0.0,0.0,0.0,0.0,0.0,46.87110287820231,17.158078312589666
4507-16021-0059_260-123288-0006__T1__NORMAL__4507,4507,260,7,0.0,0.0,0.0,0.0,0.0,0.0,0.0,0.0,58.8391514843649,20.63778669614628
4507-16021-0059_260-123288-0006__T2__NORMAL__260,260,4507,7,0.0,0.14285714285714285,0.14285714285714285,0.0,0.0,0.0,0.0,0.0,57.292102207150045,18.382933923259213
4507-16021-0059_7176-88083-0005__T1__NORMAL__4507,4507,7176,7,0.0,0.0,0.0,0.0,0.0,0.0,0.0,0.0,67.21149113419047,23.54841471455717
4507-16021-0059_7176-88083-0005__T2__NORMAL__7176,7176,4507,7,0.0,0.0,0.0,0.0,0.0,0.0,0.0,0.0,66.73077154474444,21.22517837416214
4970-29093-0000_2094-142345-0056__T1__NORMAL__4970,4970,2094,5,0.0,0.0,0.0,0.0,0.0,0.0,0.0,0.0,60.875806288497486,21.508678931508125
4970-29093-0000_2094-142345-0056__T2__NORMAL__2094,2094,4970,5,0.0,0.0,0.0,0.0,0.0,0.0,0.0,0.0,63.4618070380739,21.351065387378664
4970-29093-0000_4446-2273-0002__T1__NORMAL__4970,4970,4446,5,0.0,0.0,0.0,0.0,0.0,0.0,0.0,0.0,67.75862083294962,23.670752148504675
4970-29093-0000_4446-2273-0002__T2__NORMAL__4446,4446,4970,5,1.0,1.0,1.0,1.0,1.0,1.0,1.0,1.0,-68.2363583425969,-60.39053787395492
4970-29093-0000_8455-210777-0070__T1__NORMAL__4970,4970,8455,5,0.0,0.2,0.0,0.0,0.0,0.0,0.0,0.0,56.04897716027695,22.56808600412679
4970-29093-0000_8455-210777-0070__T2__NORMAL__8455,8455,4970,5,0.0,0.0,0.0,0.0,0.0,0.0,0.0,0.0,63.547878530762866,16.80430593185828
4970-29093-0001_1188-133604-0004__T1__NORMAL__4970,4970,1188,19,0.0,0.0,0.0,0.0,0.0,0.0,0.0,0.0,56.88777657137469,24.584703883805293
4970-29093-0001_1188-133604-0004__T2__NORMAL__1188,1188,4970,19,0.0,0.0,0.0,0.0,0.0,0.0,0.0,0.0,62.29083515281148,19.74149925945651
4970-29093-0001_237-134500-0003__T1__NORMAL__4970,4970,237,5,0.0,0.0,0.0,0.0,0.0,0.0,0.0,0.0,55.902090297622316,26.95946414432707
4970-29093-0001_237-134500-0003__T2__NORMAL__237,237,4970,5,0.0,0.0,0.0,0.0,0.0,0.0,0.0,0.0,50.396069407273515,16.09694593821905
4970-29093-0002_6930-76324-0014__T1__NORMAL__4970,4970,6930,8,0.0,0.0,0.0,0.0,0.0,0.0,0.0,0.0,40.85790057207781,13.440347724067458
4970-29093-0002_6930-76324-0014__T2__NORMAL__6930,6930,4970,8,0.875,0.625,0.625,0.75,0.5,0.375,0.5,0.375,-8.015567523785933,-0.9410159847787404
4970-29093-0004_8455-210777-0070__T1__NORMAL__4970,4970,8455,6,0.0,0.0,0.16666666666666666,0.3333333333333333,0.0,0.0,0.0,0.0,59.6651382215338,19.018256552201013
4970-29093-0004_8455-210777-0070__T2__NORMAL__8455,8455,4970,6,0.0,0.0,0.0,0.0,0.0,0.0,0.0,0.0,57.9589835351615,18.357529333908904
4970-29093-0007_1995-1826-0002__T1__NORMAL__4970,4970,1995,8,0.0,0.0,0.0,0.0,0.0,0.0,0.0,0.0,57.54925179580818,25.20847997152717
4970-29093-0007_1995-1826-0002__T2__NORMAL__1995,1995,4970,8,0.0,0.0,0.0,0.0,0.0,0.0,0.0,0.0,61.72120030386,22.81087047644412
4970-29093-0007_3570-5694-0011__T1__NORMAL__4970,4970,3570,12,0.0,0.16666666666666666,0.08333333333333333,0.0,0.0,0.0,0.0,0.0,55.56470853210282,24.94426381853878
4970-29093-0007_3570-5694-0011__T2__NORMAL__3570,3570,4970,12,0.0,0.0,0.0,0.0,0.0,0.0,0.0,0.0,63.636294000642636,20.49961936755172
4970-29093-0008_1995-1826-0004__T1__NORMAL__4970,4970,1995,5,0.0,0.0,0.0,0.0,0.0,0.0,0.0,0.0,73.41480009674372,25.86643166667569
4970-29093-0008_1995-1826-0004__T2__NORMAL__1995,1995,4970,5,0.0,0.0,0.0,0.0,0.0,0.0,0.0,0.0,74.59129720957179,25.744608937634187
4970-29093-0008_1995-1837-0003__T1__NORMAL__4970,4970,1995,6,0.0,0.0,0.0,0.0,0.0,0.0,0.0,0.0,63.91183473371253,25.361668874676827
4970-29093-0008_1995-1837-0003__T2__NORMAL__1995,1995,4970,6,0.0,0.0,0.0,0.0,0.0,0.0,0.0,0.0,68.23162831319483,21.64857230614956
4970-29093-0009_672-122797-0007__T1__NORMAL__4970,4970,672,11,0.0,0.0,0.0,0.0,0.0,0.0,0.0,0.0,56.778754786626635,19.715706245110606
4970-29093-0009_672-122797-0007__T2__NORMAL__672,672,4970,11,0.0,0.0,0.0,0.0,0.0,0.0,0.0,0.0,57.07882854456557,21.72029623404023
4970-29093-0009_672-122797-0032__T1__NORMAL__4970,4970,672,7,0.0,0.0,0.0,0.0,0.0,0.0,0.0,0.0,45.459787488442956,18.954258259656704
4970-29093-0009_672-122797-0032__T2__NORMAL__672,672,4970,7,0.0,0.0,0.0,0.0,0.0,0.0,0.0,0.0,51.869920655091505,20.88928344558612
4970-29093-0011_260-123286-0001__T1__NORMAL__4970,4970,260,5,0.0,0.0,0.0,0.0,0.0,0.0,0.0,0.0,66.42719917134255,23.176979462289715
4970-29093-0011_260-123286-0001__T2__NORMAL__260,260,4970,5,0.0,0.0,0.0,0.0,0.0,0.0,0.0,0.0,56.824094445987065,19.0344125400118
4970-29093-0012_1188-133604-0027__T1__NORMAL__4970,4970,1188,16,0.0,0.0,0.0,0.0,0.0,0.0,0.0,0.0,58.05593169267648,20.2344871063732
4970-29093-0012_1188-133604-0027__T2__NORMAL__1188,1188,4970,16,0.0,0.0625,0.0625,0.0,0.0625,0.0,0.0,0.0,62.75520670854937,24.770238820681783
4970-29093-0012_7729-102255-0033__T1__NORMAL__4970,4970,7729,12,0.0,0.0,0.0,0.0,0.0,0.0,0.0,0.0,52.653678218505554,20.475912005417168
4970-29093-0012_7729-102255-0033__T2__NORMAL__7729,7729,4970,12,0.0,0.0,0.0,0.0,0.0,0.0,0.0,0.0,58.95337313839692,17.407089244746285
4970-29093-0013_7021-85628-0006__T1__NORMAL__4970,4970,7021,6,0.0,0.0,0.0,0.0,0.0,0.0,0.0,0.0,59.538939332980846,18.725373642795688
4970-29093-0013_7021-85628-0006__T2__NORMAL__7021,7021,4970,6,0.0,0.0,0.0,0.0,0.0,0.0,0.0,0.0,58.37298873890138,19.27676427877252
4970-29093-0014_4992-41797-0019__T1__NORMAL__4970,4970,4992,7,0.0,0.14285714285714285,0.0,0.14285714285714285,0.0,0.0,0.0,0.0,53.46595697695148,20.58020110827203
4970-29093-0014_4992-41797-0019__T2__NORMAL__4992,4992,4970,7,0.0,0.2857142857142857,0.0,0.0,0.0,0.0,0.0,0.0,59.904854852475296,19.72400552685596
4970-29093-0015_237-126133-0012__T1__NORMAL__4970,4970,237,5,0.0,0.0,0.0,0.0,0.0,0.0,0.0,0.0,54.90476366734707,25.5144501365488
4970-29093-0015_237-126133-0012__T2__NORMAL__237,237,4970,5,0.0,0.0,0.0,0.0,0.0,0.0,0.0,0.0,57.9500794899444,22.84402632473322
4970-29093-0015_2961-961-0016__T1__NORMAL__4970,4970,2961,5,0.0,0.0,0.0,0.0,0.0,0.0,0.0,0.0,48.89703398611171,20.55334692255934
4970-29093-0015_2961-961-0016__T2__NORMAL__2961,2961,4970,5,0.0,0.0,0.0,0.0,0.0,0.0,0.0,0.0,48.388682133281655,14.642938363017926
4970-29093-0015_6930-76324-0013__T1__NORMAL__4970,4970,6930,5,0.0,0.0,0.0,0.0,0.0,0.0,0.0,0.0,55.40339809580986,17.93921305128863
4970-29093-0015_6930-76324-0013__T2__NORMAL__6930,6930,4970,5,0.0,0.0,0.0,0.0,0.0,0.0,0.0,0.0,52.33927911952128,19.2564895840858
4970-29093-0018_1221-135766-0002__T1__NORMAL__4970,4970,1221,8,0.0,0.125,0.0,0.0,0.0,0.0,0.0,0.0,50.35472774249597,17.95601145473332
4970-29093-0018_1221-135766-0002__T2__NORMAL__1221,1221,4970,8,0.0,0.0,0.0,0.0,0.0,0.0,0.0,0.0,52.59327287039349,23.18402297021688
4970-29093-0018_1284-1180-0012__T1__NORMAL__4970,4970,1284,7,0.0,0.0,0.0,0.0,0.0,0.0,0.0,0.0,53.97181574944891,22.64341493937849
4970-29093-0018_1284-1180-0012__T2__NORMAL__1284,1284,4970,7,0.0,0.0,0.0,0.0,0.0,0.0,0.0,0.0,62.73470006838908,18.55068904077914
4970-29093-0019_121-121726-0000__T1__NORMAL__4970,4970,121,13,0.0,0.0,0.0,0.0,0.0,0.0,0.0,0.0,58.35201833743211,25.356324369871835
4970-29093-0019_121-121726-0000__T2__NORMAL__121,121,4970,13,0.0,0.0,0.0,0.0,0.0,0.0,0.0,0.0,67.82407556328164,21.348615847543268
4970-29093-0019_4446-2275-0010__T1__NORMAL__4970,4970,4446,6,0.0,0.0,0.0,0.0,0.0,0.0,0.0,0.0,73.87941939262863,24.22960830221776
4970-29093-0019_4446-2275-0010__T2__NORMAL__4446,4446,4970,6,1.0,1.0,1.0,1.0,1.0,1.0,1.0,1.0,-71.0907013982738,-58.48232540628951
4970-29093-0019_5683-32865-0015__T1__NORMAL__4970,4970,5683,6,0.0,0.0,0.0,0.0,0.0,0.0,0.0,0.0,46.48029250004215,14.968204900892957
4970-29093-0019_5683-32865-0015__T2__NORMAL__5683,5683,4970,6,0.0,0.0,0.0,0.0,0.0,0.0,0.0,0.0,50.46691344451789,10.171673981733557
4970-29093-0020_5142-33396-0015__T1__NORMAL__4970,4970,5142,7,0.0,0.0,0.0,0.0,0.0,0.0,0.0,0.0,69.34842589191294,24.7959997251059
4970-29093-0020_5142-33396-0015__T2__NORMAL__5142,5142,4970,7,0.0,0.0,0.0,0.0,0.0,0.0,0.0,0.0,68.20731793611694,23.338030277456337
4970-29093-0022_3729-6852-0038__T1__NORMAL__4970,4970,3729,10,0.0,0.1,0.0,0.0,0.0,0.0,0.0,0.0,46.97893522502602,17.14683704046028
4970-29093-0022_3729-6852-0038__T2__NORMAL__3729,3729,4970,10,0.0,0.0,0.0,0.0,0.0,0.0,0.0,0.0,55.823076458973716,18.712986560955976
4970-29093-0022_6829-68771-0024__T1__NORMAL__4970,4970,6829,11,0.0,0.09090909090909091,0.0,0.0,0.0,0.0,0.0,0.0,54.41452279117079,24.127276423317376
4970-29093-0022_6829-68771-0024__T2__NORMAL__6829,6829,4970,11,0.0,0.18181818181818182,0.0,0.0,0.0,0.0,0.0,0.0,61.079453199491645,18.965871331723555
4970-29093-0022_8463-287645-0004__T1__NORMAL__4970,4970,8463,11,0.0,0.18181818181818182,0.18181818181818182,0.18181818181818182,0.0,0.0,0.0,0.0,46.06800868632176,21.830214750417653
4970-29093-0022_8463-287645-0004__T2__NORMAL__8463,8463,4970,11,0.0,0.09090909090909091,0.0,0.0,0.0,0.0,0.0,0.0,54.92048955733563,15.881130826228382
4970-29093-0023_1320-122612-0000__T1__NORMAL__4970,4970,1320,15,0.0,0.06666666666666667,0.0,0.0,0.0,0.0,0.0,0.0,67.10853262924526,27.510822331596778
4970-29093-0023_1320-122612-0000__T2__NORMAL__1320,1320,4970,15,0.0,0.0,0.06666666666666667,0.0,0.0,0.0,0.0,0.0,75.35406747421213,22.18329571071885
4970-29093-0023_3575-170457-0009__T1__NORMAL__4970,4970,3575,12,0.0,0.0,0.0,0.0,0.0,0.0,0.0,0.0,54.68409373424833,22.202376733755187
4970-29093-0023_3575-170457-0009__T2__NORMAL__3575,3575,4970,12,0.0,0.08333333333333333,0.0,0.0,0.0,0.0,0.0,0.0,64.47933771321142,15.621866586827922
4970-29093-0023_3575-170457-0040__T1__NORMAL__4970,4970,3575,12,0.0,0.08333333333333333,0.0,0.0,0.0,0.0,0.0,0.0,54.62927146858079,22.185861477898182
4970-29093-0023_3575-170457-0040__T2__NORMAL__3575,3575,4970,12,0.0,0.08333333333333333,0.0,0.0,0.0,0.0,0.0,0.0,63.438789833119436,24.38195134812241
4970-29095-0001_61-70968-0015__T1__NORMAL__4970,4970,61,9,0.0,0.1111111111111111,0.0,0.0,0.0,0.0,0.0,0.0,49.391299965994875,20.77226456599031
4970-29095-0001_61-70968-0015__T2__NORMAL__61,61,4970,9,0.0,0.0,0.0,0.0,0.0,0.0,0.0,0.0,56.92502686632824,20.667358469729365
4970-29095-0002_672-122797-0048__T1__NORMAL__4970,4970,672,8,0.0,0.0,0.0,0.0,0.0,0.0,0.0,0.0,50.21510601151827,21.47593017927186
4970-29095-0002_672-122797-0048__T2__NORMAL__672,672,4970,8,0.0,0.0,0.0,0.0,0.0,0.0,0.0,0.0,47.9383605637814,21.10129039371989
4970-29095-0002_8463-294825-0005__T1__NORMAL__4970,4970,8463,9,0.0,0.0,0.0,0.0,0.0,0.0,0.0,0.0,61.92227044385408,20.85962209526001
4970-29095-0002_8463-294825-0005__T2__NORMAL__8463,8463,4970,9,1.0,1.0,1.0,1.0,1.0,1.0,1.0,1.0,-59.912764820337394,-73.69965863584709
4970-29095-0003_2094-142345-0021__T1__NORMAL__4970,4970,2094,9,0.0,0.1111111111111111,0.1111111111111111,0.0,0.1111111111111111,0.0,0.0,0.0,55.529295891548564,22.454922349020546
4970-29095-0003_2094-142345-0021__T2__NORMAL__2094,2094,4970,9,0.0,0.0,0.0,0.0,0.0,0.0,0.0,0.0,58.939118544644835,13.688563631248249
4970-29095-0004_1089-134686-0012__T1__NORMAL__4970,4970,1089,18,0.0,0.0,0.0,0.0,0.0,0.0,0.0,0.0,62.787697545713485,23.39787810545938
4970-29095-0004_1089-134686-0012__T2__NORMAL__1089,1089,4970,18,0.0,0.05555555555555555,0.1111111111111111,0.0,0.0,0.0,0.0,0.0,66.92440399823239,24.581794309710467
4970-29095-0004_260-123286-0024__T1__NORMAL__4970,4970,260,5,0.0,0.0,0.0,0.0,0.0,0.0,0.0,0.0,57.526285944498646,21.727914742182413
4970-29095-0004_260-123286-0024__T2__NORMAL__260,260,4970,5,0.0,0.0,0.0,0.0,0.0,0.0,0.0,0.0,60.62453462730063,17.237107346015854
4970-29095-0004_908-31957-0020__T1__NORMAL__4970,4970,908,10,0.0,0.0,0.1,0.0,0.0,0.0,0.0,0.0,56.117049008019094,18.866609272158467
4970-29095-0004_908-31957-0020__T2__NORMAL__908,908,4970,10,0.0,0.1,0.0,0.0,0.0,0.0,0.0,0.0,62.16774004261157,15.736058037326366
4970-29095-0005_4446-2271-0018__T1__NORMAL__4970,4970,4446,8,0.0,0.0,0.0,0.0,0.0,0.0,0.0,0.0,63.82955330552876,20.84146927389168
4970-29095-0005_4446-2271-0018__T2__NORMAL__4446,4446,4970,8,0.0,0.0,0.0,0.0,0.0,0.0,0.0,0.0,70.88833165148607,21.19823745433625
4970-29095-0005_61-70968-0014__T1__NORMAL__4970,4970,61,8,0.0,0.0,0.0,0.0,0.0,0.0,0.0,0.0,62.617709130723185,20.88168743931113
4970-29095-0005_61-70968-0014__T2__NORMAL__61,61,4970,8,0.0,0.0,0.0,0.0,0.0,0.0,0.0,0.0,58.19090042501603,23.966638483964992
4970-29095-0006_4507-16021-0021__T1__NORMAL__4970,4970,4507,7,0.0,0.0,0.0,0.0,0.0,0.0,0.0,0.0,46.53943123829814,17.937625370282035
4970-29095-0006_4507-16021-0021__T2__NORMAL__4507,4507,4970,7,0.0,0.0,0.0,0.0,0.0,0.0,0.0,0.0,63.31665782513071,13.206772002954605
4970-29095-0006_7127-75947-0026__T1__NORMAL__4970,4970,7127,7,0.0,0.0,0.0,0.0,0.0,0.0,0.0,0.0,58.13259768941865,20.19245940281953
4970-29095-0006_7127-75947-0026__T2__NORMAL__7127,7127,4970,7,0.0,0.14285714285714285,0.0,0.0,0.0,0.0,0.0,0.0,56.3622353832591,23.05352317693649
4970-29095-0007_1580-141083-0045__T1__NORMAL__4970,4970,1580,6,0.8333333333333334,1.0,1.0,1.0,1.0,0.8333333333333334,1.0,0.8333333333333334,-15.075803064138285,-11.24926895397902
4970-29095-0007_1580-141083-0045__T2__NORMAL__1580,1580,4970,6,0.0,0.0,0.0,0.0,0.0,0.0,0.0,0.0,48.25693319717237,21.952895445421085
4970-29095-0007_2961-961-0020__T1__NORMAL__4970,4970,2961,11,0.0,0.0,0.09090909090909091,0.0,0.0,0.0,0.0,0.0,54.07439742715885,19.93736069130071
4970-29095-0007_2961-961-0020__T2__NORMAL__2961,2961,4970,11,0.0,0.0,0.0,0.0,0.0,0.0,0.0,0.0,56.12311213919074,21.7852639362857
4970-29095-0008_5142-36377-0007__T1__NORMAL__4970,4970,5142,5,0.0,0.0,0.0,0.0,0.0,0.0,0.0,0.0,70.7738406210137,21.049641406437782
4970-29095-0008_5142-36377-0007__T2__NORMAL__5142,5142,4970,5,0.0,0.0,0.0,0.0,0.0,0.0,0.0,0.0,62.52784222549093,24.115386997341204
4970-29095-0009_1188-133604-0007__T1__NORMAL__4970,4970,1188,10,0.0,0.1,0.0,0.0,0.0,0.0,0.0,0.0,59.86215581528751,23.66506338563919
4970-29095-0009_1188-133604-0007__T2__NORMAL__1188,1188,4970,10,0.0,0.0,0.0,0.0,0.0,0.0,0.0,0.0,64.25208262254765,21.304556809449466
4970-29095-0009_5639-40744-0014__T1__NORMAL__4970,4970,5639,10,0.0,0.0,0.0,0.0,0.0,0.0,0.0,0.0,49.51319523877551,19.125079684608988
4970-29095-0009_5639-40744-0014__T2__NORMAL__5639,5639,4970,10,0.0,0.0,0.0,0.0,0.0,0.0,0.0,0.0,52.64551768719603,24.63599856333301
4970-29095-0011_2830-3980-0024__T1__NORMAL__4970,4970,2830,5,0.0,0.2,0.0,0.0,0.0,0.0,0.0,0.0,53.38631234422333,16.98102696627719
4970-29095-0011_2830-3980-0024__T2__NORMAL__2830,2830,4970,5,0.0,0.0,0.0,0.0,0.0,0.0,0.0,0.0,57.93467262425761,16.047862790352408
4970-29095-0011_6930-75918-0006__T1__NORMAL__4970,4970,6930,5,0.0,0.0,0.0,0.0,0.0,0.0,0.0,0.0,53.70561293403132,17.535192952714358
4970-29095-0011_6930-75918-0006__T2__NORMAL__6930,6930,4970,5,0.0,0.0,0.0,0.0,0.0,0.0,0.0,0.0,54.37638373462644,21.51201190912576
4970-29095-0012_1995-1837-0001__T1__NORMAL__4970,4970,1995,8,0.0,0.0,0.0,0.0,0.0,0.0,0.0,0.0,69.24335137685324,25.867299753137367
4970-29095-0012_1995-1837-0001__T2__NORMAL__1995,1995,4970,8,0.0,0.0,0.0,0.0,0.0,0.0,0.0,0.0,68.82249612950878,25.85801149430808
4970-29095-0014_7127-75947-0022__T1__NORMAL__4970,4970,7127,5,0.0,0.2,0.0,0.0,0.0,0.0,0.0,0.0,52.14122078644971,19.905643984424287
4970-29095-0014_7127-75947-0022__T2__NORMAL__7127,7127,4970,5,0.0,0.0,0.0,0.0,0.0,0.0,0.0,0.0,52.207108581550585,21.99423321003921
4970-29095-0016_3570-5694-0019__T1__NORMAL__4970,4970,3570,6,0.0,0.16666666666666666,0.0,0.0,0.0,0.0,0.0,0.0,57.81318926909012,23.0713258266561
4970-29095-0016_3570-5694-0019__T2__NORMAL__3570,3570,4970,6,0.0,0.0,0.0,0.0,0.0,0.0,0.0,0.0,59.872991390781046,24.63791999489111
4970-29095-0016_8455-210777-0064__T1__NORMAL__4970,4970,8455,6,0.0,0.16666666666666666,0.0,0.0,0.0,0.0,0.0,0.0,68.9487780006208,23.290100744295337
4970-29095-0016_8455-210777-0064__T2__NORMAL__8455,8455,4970,6,0.0,0.0,0.0,0.0,0.0,0.0,0.0,0.0,69.4719134656096,19.879627905163428
4970-29095-0017_3575-170457-0052__T1__NORMAL__4970,4970,3575,5,0.0,0.2,0.0,0.0,0.0,0.0,0.0,0.0,50.51046360627366,19.130312232472804
4970-29095-0017_3575-170457-0052__T2__NORMAL__3575,3575,4970,5,0.0,0.0,0.2,0.0,0.0,0.0,0.0,0.0,47.086056648047546,23.76962045739632
4970-29095-0018_6930-81414-0010__T1__NORMAL__4970,4970,6930,6,0.0,0.16666666666666666,0.0,0.0,0.0,0.0,0.0,0.0,58.95356524673546,18.295780574048504
4970-29095-0018_6930-81414-0010__T2__NORMAL__6930,6930,4970,6,0.0,0.0,0.16666666666666666,0.0,0.0,0.0,0.0,0.0,53.95811625861569,13.491645138357429
4970-29095-0020_4507-16021-0038__T1__NORMAL__4970,4970,4507,6,0.0,0.3333333333333333,0.0,0.0,0.0,0.0,0.0,0.0,49.879873321917984,16.151833442689806
4970-29095-0020_4507-16021-0038__T2__NORMAL__4507,4507,4970,6,0.0,0.0,0.0,0.0,0.0,0.0,0.0,0.0,57.52557744575923,20.83658439780188
4970-29095-0022_1320-122617-0010__T1__NORMAL__4970,4970,1320,8,0.0,0.125,0.0,0.0,0.0,0.0,0.0,0.0,63.494998869209326,25.640050223909792
4970-29095-0022_1320-122617-0010__T2__NORMAL__1320,1320,4970,8,0.0,0.0,0.0,0.0,0.0,0.0,0.0,0.0,64.44561735218642,24.300038436187425
4970-29095-0023_908-157963-0021__T1__NORMAL__4970,4970,908,5,0.0,0.0,0.0,0.0,0.0,0.0,0.0,0.0,64.99436152145043,21.30384296244465
4970-29095-0023_908-157963-0021__T2__NORMAL__908,908,4970,5,0.0,0.0,0.0,0.0,0.0,0.0,0.0,0.0,59.50391634361836,24.08968757328543
4970-29095-0025_2830-3980-0005__T1__NORMAL__4970,4970,2830,6,0.0,0.16666666666666666,0.0,0.0,0.0,0.0,0.0,0.0,58.230476197988516,23.643859066813786
4970-29095-0025_2830-3980-0005__T2__NORMAL__2830,2830,4970,6,0.0,0.0,0.0,0.0,0.0,0.0,0.0,0.0,62.25070155664188,22.61422013146317
4970-29095-0025_3575-170457-0000__T1__NORMAL__4970,4970,3575,6,0.0,0.0,0.0,0.0,0.0,0.0,0.0,0.0,68.33079727528629,26.469325184024733
4970-29095-0025_3575-170457-0000__T2__NORMAL__3575,3575,4970,6,0.0,0.0,0.0,0.0,0.0,0.0,0.0,0.0,70.22409774074107,23.082607216086323
4970-29095-0026_6829-68769-0044__T1__NORMAL__4970,4970,6829,5,0.0,0.0,0.0,0.0,0.0,0.0,0.0,0.0,73.07649247338283,19.715376307513747
4970-29095-0026_6829-68769-0044__T2__NORMAL__6829,6829,4970,5,0.0,0.2,0.0,0.0,0.0,0.0,0.0,0.0,71.94510782166577,24.44214824388702
4970-29095-0028_2830-3980-0017__T1__NORMAL__4970,4970,2830,6,0.0,0.16666666666666666,0.16666666666666666,0.0,0.0,0.0,0.0,0.0,29.223219468035808,13.02755993189854
4970-29095-0028_2830-3980-0017__T2__NORMAL__2830,2830,4970,6,0.0,0.0,0.0,0.0,0.0,0.0,0.0,0.0,51.197029154888156,8.074517608174876
4970-29095-0029_1995-1826-0002__T1__NORMAL__4970,4970,1995,6,0.0,0.0,0.0,0.0,0.0,0.0,0.0,0.0,59.71235152160193,26.14617315953144
4970-29095-0029_1995-1826-0002__T2__NORMAL__1995,1995,4970,6,0.0,0.0,0.0,0.0,0.0,0.0,0.0,0.0,62.66716159597641,23.67750591121992
4970-29095-0029_5142-33396-0002__T1__NORMAL__4970,4970,5142,6,0.0,0.0,0.0,0.0,0.0,0.0,0.0,0.0,66.54153940257143,21.003057972134062
4970-29095-0029_5142-33396-0002__T2__NORMAL__5142,5142,4970,6,0.0,0.0,0.0,0.0,0.0,0.0,0.0,0.0,60.167156556604404,24.766272594473765
4970-29095-0030_4992-41797-0019__T1__NORMAL__4970,4970,4992,8,0.0,0.0,0.0,0.0,0.0,0.0,0.0,0.0,50.95686822338803,16.049694191132883
4970-29095-0030_4992-41797-0019__T2__NORMAL__4992,4992,4970,8,0.0,0.25,0.125,0.0,0.125,0.0,0.0,0.0,49.19038071518325,13.7530191247997
4970-29095-0031_237-134493-0003__T1__NORMAL__4970,4970,237,24,0.9583333333333334,1.0,0.9583333333333334,1.0,0.9583333333333334,0.9583333333333334,0.9583333333333334,0.9583333333333334,-39.173845424082685,-18.2615591297343
4970-29095-0031_237-134493-0003__T2__NORMAL__237,237,4970,24,0.0,0.0,0.0,0.0,0.0,0.0,0.0,0.0,69.57707815303331,22.32673947859086
4970-29095-0032_1188-133604-0041__T1__NORMAL__4970,4970,1188,12,0.0,0.08333333333333333,0.0,0.0,0.0,0.0,0.0,0.0,54.94584289714091,21.303069844598703
4970-29095-0032_1188-133604-0041__T2__NORMAL__1188,1188,4970,12,0.0,0.0,0.0,0.0,0.0,0.0,0.0,0.0,59.472562394569316,24.24457914238167
4970-29095-0032_1580-141084-0026__T1__NORMAL__4970,4970,1580,12,0.0,0.08333333333333333,0.0,0.0,0.0,0.0,0.0,0.0,54.79323780122822,23.47883803267737
4970-29095-0032_1580-141084-0026__T2__NORMAL__1580,1580,4970,12,0.0,0.08333333333333333,0.0,0.0,0.0,0.0,0.0,0.0,69.98743571300027,22.68371703721909
4970-29095-0032_237-134500-0026__T1__NORMAL__4970,4970,237,5,0.4,0.6,0.4,0.8,0.4,0.4,0.4,0.4,1.305495284011812,-2.911474178585585
4970-29095-0032_237-134500-0026__T2__NORMAL__237,237,4970,5,0.6,0.2,0.6,0.2,0.2,0.2,0.2,0.2,-7.576428021354465,-2.869632320064099
4970-29095-0033_2094-142345-0058__T1__NORMAL__4970,4970,2094,8,0.0,0.125,0.25,0.0,0.125,0.0,0.0,0.0,30.7209531681736,9.312551696379812
4970-29095-0033_2094-142345-0058__T2__NORMAL__2094,2094,4970,8,0.0,0.0,0.0,0.0,0.0,0.0,0.0,0.0,56.51075290707963,15.727198732132637
4970-29095-0033_3575-170457-0005__T1__NORMAL__4970,4970,3575,12,0.0,0.08333333333333333,0.0,0.0,0.0,0.0,0.0,0.0,64.75239456405127,23.87023538602101
4970-29095-0033_3575-170457-0005__T2__NORMAL__3575,3575,4970,12,0.0,0.0,0.0,0.0,0.0,0.0,0.0,0.0,65.12670498852405,22.58902170942993
4970-29095-0034_4992-23283-0019__T1__NORMAL__4970,4970,4992,10,0.0,0.0,0.0,0.0,0.0,0.0,0.0,0.0,53.122421948567606,18.626927193025875
4970-29095-0034_4992-23283-0019__T2__NORMAL__4992,4992,4970,10,0.0,0.1,0.0,0.0,0.0,0.0,0.0,0.0,59.1700119002586,15.675566306885866
4970-29095-0034_5142-33396-0020__T1__NORMAL__4970,4970,5142,5,0.0,0.0,0.0,0.0,0.0,0.0,0.0,0.0,52.20397471565364,19.84045705152631
4970-29095-0034_5142-33396-0020__T2__NORMAL__5142,5142,4970,5,0.0,0.0,0.0,0.0,0.0,0.0,0.0,0.0,50.449348326411624,24.686586932658034
4970-29095-0034_8455-210777-0049__T1__NORMAL__4970,4970,8455,7,0.0,0.14285714285714285,0.0,0.0,0.0,0.0,0.0,0.0,55.25837240354627,22.768986933299345
4970-29095-0034_8455-210777-0049__T2__NORMAL__8455,8455,4970,7,0.0,0.0,0.0,0.0,0.0,0.0,0.0,0.0,58.658833687019445,16.174772922418164
4970-29095-0035_2300-131720-0036__T1__NORMAL__4970,4970,2300,8,0.0,0.0,0.0,0.0,0.0,0.0,0.0,0.0,67.55125793102508,22.553728612734893
4970-29095-0035_2300-131720-0036__T2__NORMAL__2300,2300,4970,8,0.0,0.125,0.0,0.0,0.0,0.0,0.0,0.0,66.14494669855627,23.20194456985651
4970-29095-0036_1089-134686-0001__T1__NORMAL__4970,4970,1089,5,0.0,0.0,0.2,0.0,0.0,0.0,0.0,0.0,66.47426340049562,24.55226064951162
4970-29095-0036_1089-134686-0001__T2__NORMAL__1089,1089,4970,5,0.0,0.0,0.0,0.0,0.0,0.0,0.0,0.0,65.29984388806957,24.0259197488282
4970-29095-0037_4077-13754-0001__T1__NORMAL__4970,4970,4077,6,0.0,0.0,0.0,0.0,0.0,0.0,0.0,0.0,51.86631046180207,17.22351547737945
4970-29095-0037_4077-13754-0001__T2__NORMAL__4077,4077,4970,6,0.0,0.0,0.0,0.0,0.0,0.0,0.0,0.0,47.237886395202956,20.963964694333995
4970-29095-0037_4446-2273-0008__T1__NORMAL__4970,4970,4446,12,1.0,1.0,1.0,1.0,1.0,1.0,1.0,1.0,-58.21596126524227,-42.50195427892723
4970-29095-0037_4446-2273-0008__T2__NORMAL__4446,4446,4970,12,1.0,1.0,1.0,1.0,1.0,1.0,1.0,1.0,-63.11406216644684,-36.61852821559383
4970-29095-0037_5105-28240-0016__T1__NORMAL__4970,4970,5105,7,0.0,0.0,0.0,0.0,0.0,0.0,0.0,0.0,56.294262297736154,21.34086141649074
4970-29095-0037_5105-28240-0016__T2__NORMAL__5105,5105,4970,7,0.0,0.0,0.0,0.0,0.0,0.0,0.0,0.0,62.02573842285107,21.287062339501126
4970-29095-0037_7176-92135-0003__T1__NORMAL__4970,4970,7176,6,0.0,0.0,0.0,0.0,0.0,0.0,0.0,0.0,56.44314296972333,22.411124765654183
4970-29095-0037_7176-92135-0003__T2__NORMAL__7176,7176,4970,6,0.0,0.0,0.0,0.0,0.0,0.0,0.0,0.0,64.72578081170357,22.35108047439805
4970-29095-0038_5105-28240-0011__T1__NORMAL__4970,4970,5105,11,0.0,0.0,0.0,0.0,0.0,0.0,0.0,0.0,63.36748171443011,21.699450292858568
4970-29095-0038_5105-28240-0011__T2__NORMAL__5105,5105,4970,11,0.0,0.0,0.09090909090909091,0.0,0.0,0.0,0.0,0.0,69.65709858237659,20.9152684494459
4970-29095-0038_5105-28240-0024__T1__NORMAL__4970,4970,5105,15,0.0,0.0,0.0,0.0,0.0,0.0,0.0,0.0,59.598858466786766,20.6949923045591
4970-29095-0038_5105-28240-0024__T2__NORMAL__5105,5105,4970,15,0.0,0.06666666666666667,0.0,0.0,0.0,0.0,0.0,0.0,60.42491973579165,22.420086535787632
4970-29095-0038_5142-33396-0003__T1__NORMAL__4970,4970,5142,5,0.0,0.0,0.0,0.0,0.0,0.0,0.0,0.0,58.52925696881118,20.910549336584165
4970-29095-0038_5142-33396-0003__T2__NORMAL__5142,5142,4970,5,0.0,0.0,0.0,0.0,0.0,0.0,0.0,0.0,56.921541387045465,22.894482558456065
4992-23283-0000_121-127105-0011__T1__NORMAL__4992,4992,121,10,0.0,0.0,0.0,0.0,0.0,0.0,0.0,0.0,49.26036334057677,16.61584212029072
4992-23283-0000_121-127105-0011__T2__NORMAL__121,121,4992,10,0.0,0.1,0.1,0.0,0.1,0.0,0.0,0.0,42.64654601706125,15.292322287930329
4992-23283-0000_237-134493-0017__T1__NORMAL__4992,4992,237,12,0.0,0.0,0.0,0.0,0.0,0.0,0.0,0.0,63.595562722248246,19.86903239650804
4992-23283-0000_237-134493-0017__T2__NORMAL__237,237,4992,12,0.0,0.0,0.0,0.0,0.0,0.0,0.0,0.0,59.349826299833474,17.919057518469774
4992-23283-0002_2830-3980-0061__T1__NORMAL__4992,4992,2830,5,0.0,0.2,0.2,0.0,0.2,0.0,0.0,0.0,35.875230257479636,6.3482466250522265
4992-23283-0002_2830-3980-0061__T2__NORMAL__2830,2830,4992,5,0.0,0.0,0.0,0.0,0.0,0.0,0.0,0.0,33.720903108369725,11.992476962834967
4992-23283-0002_672-122797-0073__T1__NORMAL__4992,4992,672,5,0.0,0.0,0.0,0.0,0.0,0.0,0.0,0.0,39.31836850637991,11.928133315433902
4992-23283-0002_672-122797-0073__T2__NORMAL__672,672,4992,5,0.0,0.2,0.0,0.0,0.0,0.0,0.0,0.0,40.60896907593783,13.086729222814952
4992-23283-0003_1995-1837-0029__T1__NORMAL__4992,4992,1995,8,0.0,0.125,0.0,0.0,0.0,0.0,0.0,0.0,61.54457223879764,20.9288345503526
4992-23283-0003_1995-1837-0029__T2__NORMAL__1995,1995,4992,8,0.0,0.125,0.0,0.0,0.0,0.0,0.0,0.0,58.03925750291227,19.66041877118452
4992-23283-0004_1580-141083-0003__T1__NORMAL__4992,4992,1580,12,0.0,0.08333333333333333,0.0,0.0,0.0,0.0,0.0,0.0,57.38974659108717,15.790318694666354
4992-23283-0004_1580-141083-0003__T2__NORMAL__1580,1580,4992,12,0.0,0.0,0.0,0.16666666666666666,0.0,0.0,0.0,0.0,41.667486860230945,18.423907770003147
4992-23283-0004_8555-284449-0002__T1__NORMAL__4992,4992,8555,15,0.0,0.0,0.0,0.0,0.0,0.0,0.0,0.0,52.923421507464276,18.04811318460765
4992-23283-0004_8555-284449-0002__T2__NORMAL__8555,8555,4992,15,0.0,0.0,0.0,0.0,0.0,0.0,0.0,0.0,53.745965486592674,18.294744597930706
4992-23283-0005_6829-68769-0034__T1__NORMAL__4992,4992,6829,11,0.0,0.0,0.0,0.0,0.0,0.0,0.0,0.0,36.008634911743385,11.542351753892316
4992-23283-0005_6829-68769-0034__T2__NORMAL__6829,6829,4992,11,0.0,0.0,0.0,0.0,0.0,0.0,0.0,0.0,39.0610907946713,16.650390413331593
4992-23283-0008_237-126133-0015__T1__NORMAL__4992,4992,237,8,0.0,0.0,0.0,0.0,0.0,0.0,0.0,0.0,61.883327908957014,20.222384108024613
4992-23283-0008_237-126133-0015__T2__NORMAL__237,237,4992,8,0.0,0.0,0.0,0.0,0.0,0.0,0.0,0.0,52.514364994242484,19.56810156270964
4992-23283-0008_7021-79740-0004__T1__NORMAL__4992,4992,7021,8,0.0,0.0,0.0,0.0,0.0,0.0,0.0,0.0,55.413789228301354,14.660851404067198
4992-23283-0008_7021-79740-0004__T2__NORMAL__7021,7021,4992,8,0.0,0.0,0.0,0.125,0.0,0.0,0.0,0.0,42.8688178459954,17.16767561842979
4992-23283-0010_6829-68769-0033__T1__NORMAL__4992,4992,6829,7,1.0,0.7142857142857143,0.7142857142857143,0.8571428571428571,0.42857142857142855,0.42857142857142855,0.42857142857142855,0.42857142857142855,-30.170189930821646,-16.251125328087596
4992-23283-0010_6829-68769-0033__T2__NORMAL__6829,6829,4992,7,0.0,0.0,0.0,0.0,0.0,0.0,0.0,0.0,53.04491239296361,15.291187664328596
4992-23283-0010_8455-210777-0060__T1__NORMAL__4992,4992,8455,9,0.0,0.0,0.0,0.0,0.0,0.0,0.0,0.0,51.963969465701126,14.598041050491576
4992-23283-0010_8455-210777-0060__T2__NORMAL__8455,8455,4992,9,0.0,0.0,0.1111111111111111,0.0,0.0,0.0,0.0,0.0,48.81906188504971,15.289143006903156
4992-23283-0011_2830-3980-0005__T1__NORMAL__4992,4992,2830,7,0.0,0.0,0.0,0.0,0.0,0.0,0.0,0.0,51.30162439801977,18.47383585586604
4992-23283-0011_2830-3980-0005__T2__NORMAL__2830,2830,4992,7,0.0,0.0,0.0,0.0,0.0,0.0,0.0,0.0,55.2082221841207,14.829551452780288
4992-23283-0013_4507-16021-0011__T1__NORMAL__4992,4992,4507,10,0.0,0.1,0.1,0.0,0.0,0.0,0.0,0.0,57.66762371417603,16.41164719925598
4992-23283-0013_4507-16021-0011__T2__NORMAL__4507,4507,4992,10,0.0,0.0,0.0,0.0,0.0,0.0,0.0,0.0,42.58846155694467,12.659420358900393
4992-23283-0013_5683-32879-0012__T1__NORMAL__4992,4992,5683,7,0.0,0.0,0.0,0.0,0.0,0.0,0.0,0.0,48.84493999056724,11.373128008611758
4992-23283-0013_5683-32879-0012__T2__NORMAL__5683,5683,4992,7,0.0,0.2857142857142857,0.0,0.0,0.0,0.0,0.0,0.0,34.76092875353293,14.46755926371918
4992-23283-0015_6829-68769-0016__T1__NORMAL__4992,4992,6829,6,0.0,0.0,0.0,0.0,0.0,0.0,0.0,0.0,48.45975888762583,19.851209837908545
4992-23283-0015_6829-68769-0016__T2__NORMAL__6829,6829,4992,6,0.0,0.0,0.16666666666666666,0.16666666666666666,0.0,0.0,0.0,0.0,53.08851979486831,16.520410856820654
4992-23283-0015_8455-210777-0013__T1__NORMAL__4992,4992,8455,6,0.0,0.0,0.0,0.0,0.0,0.0,0.0,0.0,44.91695253564842,19.47143687312956
4992-23283-0015_8455-210777-0013__T2__NORMAL__8455,8455,4992,6,0.0,0.16666666666666666,0.0,0.0,0.0,0.0,0.0,0.0,49.26782732439989,11.462479686987658
4992-23283-0016_61-70968-0004__T1__NORMAL__4992,4992,61,6,0.0,0.0,0.0,0.0,0.0,0.0,0.0,0.0,49.2232959204465,15.650638128181248
4992-23283-0016_61-70968-0004__T2__NORMAL__61,61,4992,6,0.0,0.0,0.0,0.0,0.0,0.0,0.0,0.0,47.6186770668266,13.704880918554274
4992-23283-0017_5142-33396-0002__T1__NORMAL__4992,4992,5142,6,0.0,0.0,0.0,0.0,0.0,0.0,0.0,0.0,63.85713261709409,21.525819637988427
4992-23283-0017_5142-33396-0002__T2__NORMAL__5142,5142,4992,6,0.0,0.0,0.0,0.0,0.0,0.0,0.0,0.0,58.05146473307867,18.227486970051142
4992-23283-0018_1188-133604-0013__T1__NORMAL__4992,4992,1188,5,0.0,0.0,0.0,0.0,0.0,0.0,0.0,0.0,61.85663756695568,16.164038927331717
4992-23283-0018_1188-133604-0013__T2__NORMAL__1188,1188,4992,5,0.0,0.0,0.0,0.0,0.0,0.0,0.0,0.0,44.3359305247103,17.380463556034112
4992-23283-0020_2300-131720-0014__T1__NORMAL__4992,4992,2300,6,0.0,0.0,0.0,0.0,0.0,0.0,0.0,0.0,59.83829033283399,16.703822753483994
4992-23283-0020_2300-131720-0014__T2__NORMAL__2300,2300,4992,6,0.0,0.0,0.0,0.0,0.0,0.0,0.0,0.0,59.04992763129615,16.59415299287656
4992-23283-0020_3575-170457-0022__T1__NORMAL__4992,4992,3575,10,1.0,0.9,1.0,1.0,0.9,0.9,0.9,0.9,-40.70481026679594,-24.783926745796546
4992-23283-0020_3575-170457-0022__T2__NORMAL__3575,3575,4992,10,0.0,0.0,0.2,0.0,0.0,0.0,0.0,0.0,54.67691997516889,16.982380742548788
4992-41797-0002_1089-134691-0002__T1__NORMAL__4992,4992,1089,10,0.0,0.0,0.0,0.0,0.0,0.0,0.0,0.0,58.94371056490856,23.588603378755256
4992-41797-0002_1089-134691-0002__T2__NORMAL__1089,1089,4992,10,0.0,0.1,0.0,0.0,0.0,0.0,0.0,0.0,52.33821318441263,18.83071979601648
4992-41797-0004_5142-36377-0017__T1__NORMAL__4992,4992,5142,8,0.125,0.25,0.125,0.0,0.0,0.0,0.0,0.0,35.92225707435063,-0.5622795775998921
4992-41797-0004_5142-36377-0017__T2__NORMAL__5142,5142,4992,8,0.0,0.0,0.0,0.0,0.0,0.0,0.0,0.0,60.626823384842346,21.70291851980569
4992-41797-0004_672-122797-0034__T1__NORMAL__4992,4992,672,9,0.0,0.0,0.1111111111111111,0.0,0.0,0.0,0.0,0.0,42.58045760590894,7.662475456268098
4992-41797-0004_672-122797-0034__T2__NORMAL__672,672,4992,9,0.0,0.1111111111111111,0.0,0.1111111111111111,0.0,0.0,0.0,0.0,48.0838552184962,4.993136905174719
4992-41797-0005_1580-141083-0049__T1__NORMAL__4992,4992,1580,6,0.0,0.0,0.0,0.0,0.0,0.0,0.0,0.0,74.31744305282594,20.82214225819532
4992-41797-0005_1580-141083-0049__T2__NORMAL__1580,1580,4992,6,0.0,0.0,0.16666666666666666,0.16666666666666666,0.0,0.0,0.0,0.0,54.487439244295125,20.010568961144145
4992-41797-0006_6829-68771-0013__T1__NORMAL__4992,4992,6829,8,0.375,0.5,0.375,0.375,0.375,0.375,0.375,0.375,6.672864686797045,-4.0849450243199135
4992-41797-0006_6829-68771-0013__T2__NORMAL__6829,6829,4992,8,0.25,0.25,0.0,0.0,0.0,0.0,0.0,0.0,25.620567829039466,1.9585229752097395
4992-41797-0007_5142-36377-0020__T1__NORMAL__4992,4992,5142,8,0.0,0.125,0.0,0.0,0.0,0.0,0.0,0.0,58.28450939448404,21.20012503939204
4992-41797-0007_5142-36377-0020__T2__NORMAL__5142,5142,4992,8,0.0,0.0,0.0,0.0,0.0,0.0,0.0,0.0,57.34500108834379,20.59168546719975
4992-41797-0008_6930-76324-0009__T1__NORMAL__4992,4992,6930,5,0.0,0.0,0.0,0.0,0.0,0.0,0.0,0.0,54.96087399682783,12.778591715191968
4992-41797-0008_6930-76324-0009__T2__NORMAL__6930,6930,4992,5,0.0,0.0,0.0,0.0,0.0,0.0,0.0,0.0,56.32547776565243,20.05640537949192
4992-41797-0009_2094-142345-0051__T1__NORMAL__4992,4992,2094,9,0.0,0.1111111111111111,0.0,0.0,0.0,0.0,0.0,0.0,49.4993104903022,16.032330027838864
4992-41797-0009_2094-142345-0051__T2__NORMAL__2094,2094,4992,9,0.0,0.0,0.0,0.0,0.0,0.0,0.0,0.0,45.780385065938695,16.580835090873652
4992-41797-0010_2830-3980-0037__T1__NORMAL__4992,4992,2830,11,0.0,0.18181818181818182,0.0,0.0,0.0,0.0,0.0,0.0,39.15253589317068,14.995767959089145
4992-41797-0010_2830-3980-0037__T2__NORMAL__2830,2830,4992,11,0.0,0.0,0.0,0.0,0.0,0.0,0.0,0.0,51.09332376363002,14.190916100232126
4992-41797-0010_7021-79740-0011__T1__NORMAL__4992,4992,7021,12,0.0,0.08333333333333333,0.0,0.0,0.0,0.0,0.0,0.0,58.878072524298744,17.159961944344513
4992-41797-0010_7021-79740-0011__T2__NORMAL__7021,7021,4992,12,0.0,0.0,0.0,0.0,0.0,0.0,0.0,0.0,59.674751061724685,19.06478650861171
4992-41797-0011_5142-36377-0010__T1__NORMAL__4992,4992,5142,7,0.0,0.14285714285714285,0.0,0.0,0.0,0.0,0.0,0.0,58.734923386572326,18.256965163677243
4992-41797-0011_5142-36377-0010__T2__NORMAL__5142,5142,4992,7,0.0,0.0,0.0,0.0,0.0,0.0,0.0,0.0,61.132654554109116,16.21125506277079
4992-41797-0013_2094-142345-0033__T1__NORMAL__4992,4992,2094,18,0.0,0.0,0.05555555555555555,0.0,0.0,0.0,0.0,0.0,56.32315337290749,15.928952341812924
4992-41797-0013_2094-142345-0033__T2__NORMAL__2094,2094,4992,18,0.0,0.05555555555555555,0.1111111111111111,0.0,0.0,0.0,0.0,0.0,55.6000233191027,20.559816721192764
4992-41797-0014_3575-170457-0014__T1__NORMAL__4992,4992,3575,12,1.0,1.0,0.9166666666666666,1.0,0.9166666666666666,0.9166666666666666,0.9166666666666666,0.9166666666666666,-42.769611549420574,-21.744192886506404
4992-41797-0014_3575-170457-0014__T2__NORMAL__3575,3575,4992,12,0.0,0.0,0.08333333333333333,0.0,0.0,0.0,0.0,0.0,49.80979860247101,17.824040110559018
4992-41797-0015_4446-2271-0013__T1__NORMAL__4992,4992,4446,7,1.0,0.5714285714285714,1.0,0.8571428571428571,0.5714285714285714,0.5714285714285714,0.42857142857142855,0.42857142857142855,-24.456144124336483,-19.82567586101394
4992-41797-0015_4446-2271-0013__T2__NORMAL__4446,4446,4992,7,0.0,0.2857142857142857,0.0,0.0,0.0,0.0,0.0,0.0,35.38371013554733,9.88197013456212
4992-41797-0016_4446-2271-0017__T1__NORMAL__4992,4992,4446,5,0.0,0.2,0.0,0.0,0.0,0.0,0.0,0.0,40.93477345096117,7.483982781649752
4992-41797-0016_4446-2271-0017__T2__NORMAL__4446,4446,4992,5,0.0,0.2,0.0,0.0,0.0,0.0,0.0,0.0,32.32223875895487,8.637672965093346
4992-41797-0017_1995-1836-0006__T1__NORMAL__4992,4992,1995,14,0.0,0.07142857142857142,0.0,0.0,0.0,0.0,0.0,0.0,55.24556249492916,20.075879160224865
4992-41797-0017_1995-1836-0006__T2__NORMAL__1995,1995,4992,14,0.0,0.0,0.0,0.0,0.0,0.0,0.0,0.0,55.60222590538753,19.80676883557899
4992-41797-0017_672-122797-0043__T1__NORMAL__4992,4992,672,6,0.0,0.0,0.0,0.0,0.0,0.0,0.0,0.0,54.92752354856791,12.338021417079304
4992-41797-0017_672-122797-0043__T2__NORMAL__672,672,4992,6,0.0,0.8333333333333334,0.3333333333333333,0.5,0.3333333333333333,0.0,0.0,0.0,15.81105144761388,4.335278568236643
4992-41797-0017_8555-284447-0002__T1__NORMAL__4992,4992,8555,15,0.0,0.06666666666666667,0.0,0.0,0.0,0.0,0.0,0.0,58.654971239638115,15.101967230108574
4992-41797-0017_8555-284447-0002__T2__NORMAL__8555,8555,4992,15,0.0,0.06666666666666667,0.0,0.0,0.0,0.0,0.0,0.0,56.56315537341427,20.72051586791936
4992-41797-0018_6930-75918-0017__T1__NORMAL__4992,4992,6930,11,0.0,0.09090909090909091,0.09090909090909091,0.0,0.0,0.0,0.0,0.0,58.337675725869666,15.129847765422014
4992-41797-0018_6930-75918-0017__T2__NORMAL__6930,6930,4992,11,0.0,0.18181818181818182,0.0,0.0,0.0,0.0,0.0,0.0,54.88175056759856,19.717286382982927
4992-41797-0018_6930-81414-0011__T1__NORMAL__4992,4992,6930,8,0.0,0.0,0.0,0.0,0.0,0.0,0.0,0.0,67.02398326688808,12.607164367515402
4992-41797-0018_6930-81414-0011__T2__NORMAL__6930,6930,4992,8,0.0,0.0,0.0,0.0,0.0,0.0,0.0,0.0,53.48831216456724,22.28025710403091
4992-41797-0019_2830-3980-0063__T1__NORMAL__4992,4992,2830,8,0.0,0.25,0.0,0.0,0.0,0.0,0.0,0.0,48.84152370585322,14.969749692311204
4992-41797-0019_2830-3980-0063__T2__NORMAL__2830,2830,4992,8,0.0,0.0,0.0,0.0,0.0,0.0,0.0,0.0,52.471460299621526,14.270154812361382
4992-41797-0020_237-134500-0026__T1__NORMAL__4992,4992,237,5,0.0,0.0,0.0,0.0,0.0,0.0,0.0,0.0,50.38991409934055,15.02177714679923
4992-41797-0020_237-134500-0026__T2__NORMAL__237,237,4992,5,0.0,0.0,0.0,0.0,0.0,0.0,0.0,0.0,39.72489217351127,18.172251794562825
4992-41797-0020_4970-29095-0018__T1__NORMAL__4992,4992,4970,13,0.0,0.07692307692307693,0.0,0.0,0.0,0.0,0.0,0.0,60.60111237778373,21.31593265454373
4992-41797-0020_4970-29095-0018__T2__NORMAL__4970,4970,4992,13,0.0,0.23076923076923078,0.07692307692307693,0.15384615384615385,0.07692307692307693,0.0,0.07692307692307693,0.0,52.415782412747184,19.986532624423266
4992-41797-0021_5142-33396-0064__T1__NORMAL__4992,4992,5142,5,0.0,0.0,0.0,0.0,0.0,0.0,0.0,0.0,55.13871467598641,14.65564251039134
4992-41797-0021_5142-33396-0064__T2__NORMAL__5142,5142,4992,5,0.0,0.0,0.0,0.4,0.0,0.0,0.0,0.0,46.76911318692423,22.488774083093933
4992-41797-0022_1089-134686-0031__T1__NORMAL__4992,4992,1089,11,0.0,0.0,0.0,0.0,0.0,0.0,0.0,0.0,53.8265064219426,19.53955188991741
4992-41797-0022_1089-134686-0031__T2__NORMAL__1089,1089,4992,11,0.0,0.18181818181818182,0.0,0.0,0.0,0.0,0.0,0.0,51.54461027382093,19.73133582723227
4992-41797-0022_3729-6852-0000__T1__NORMAL__4992,4992,3729,11,0.0,0.18181818181818182,0.0,0.0,0.0,0.0,0.0,0.0,49.653718503421025,14.327583875359604
4992-41797-0022_3729-6852-0000__T2__NORMAL__3729,3729,4992,11,0.0,0.09090909090909091,0.09090909090909091,0.0,0.09090909090909091,0.0,0.0,0.0,41.39993183642874,17.29737930627317
4992-41806-0001_7127-75947-0028__T1__NORMAL__4992,4992,7127,13,0.0,0.0,0.0,0.0,0.0,0.0,0.0,0.0,63.546598209407406,21.70913324324504
4992-41806-0001_7127-75947-0028__T2__NORMAL__7127,7127,4992,13,0.0,0.0,0.0,0.0,0.0,0.0,0.0,0.0,58.26786589269932,19.332847374086228
4992-41806-0003_5683-32879-0016__T1__NORMAL__4992,4992,5683,17,0.0,0.0,0.0,0.0,0.0,0.0,0.0,0.0,59.899221409647375,17.7785414210631
4992-41806-0003_5683-32879-0016__T2__NORMAL__5683,5683,4992,17,0.0,0.11764705882352941,0.058823529411764705,0.058823529411764705,0.058823529411764705,0.0,0.058823529411764705,0.0,49.620320964438285,20.89877799820277
4992-41806-0003_8555-284447-0020__T1__NORMAL__4992,4992,8555,7,0.0,0.14285714285714285,0.0,0.0,0.0,0.0,0.0,0.0,55.527202861699415,24.045142450130456
4992-41806-0003_8555-284447-0020__T2__NORMAL__8555,8555,4992,7,0.0,0.14285714285714285,0.0,0.0,0.0,0.0,0.0,0.0,55.949843848669616,18.627071616355032
4992-41806-0005_672-122797-0051__T1__NORMAL__4992,4992,672,6,0.0,0.16666666666666666,0.0,0.0,0.0,0.0,0.0,0.0,47.07401928489358,17.44401057392383
4992-41806-0005_672-122797-0051__T2__NORMAL__672,672,4992,6,0.0,0.16666666666666666,0.0,0.0,0.0,0.0,0.0,0.0,54.4910174103908,14.736348113101377
4992-41806-0005_8455-210777-0004__T1__NORMAL__4992,4992,8455,6,0.0,0.0,0.0,0.0,0.0,0.0,0.0,0.0,52.72218720052245,16.37183996310761
4992-41806-0005_8455-210777-0004__T2__NORMAL__8455,8455,4992,6,0.0,0.0,0.0,0.0,0.0,0.0,0.0,0.0,52.683776454738755,17.54962895270281
4992-41806-0005_8463-294828-0035__T1__NORMAL__4992,4992,8463,6,0.0,0.0,0.0,0.0,0.0,0.0,0.0,0.0,54.97248473472379,20.17378960779038
4992-41806-0005_8463-294828-0035__T2__NORMAL__8463,8463,4992,6,1.0,1.0,1.0,1.0,1.0,1.0,1.0,1.0,-55.7493682977798,-31.84969853740744
4992-41806-0006_7729-102255-0040__T1__NORMAL__4992,4992,7729,18,0.0,0.05555555555555555,0.0,0.1111111111111111,0.0,0.0,0.0,0.0,41.60044047334976,18.0712101360196
4992-41806-0006_7729-102255-0040__T2__NORMAL__7729,7729,4992,18,0.0,0.0,0.05555555555555555,0.0,0.0,0.0,0.0,0.0,47.14307730278568,15.766499792505265
4992-41806-0007_7176-88083-0013__T1__NORMAL__4992,4992,7176,21,0.0,0.0,0.0,0.0,0.0,0.0,0.0,0.0,54.55066269132125,18.169503054763474
4992-41806-0007_7176-88083-0013__T2__NORMAL__7176,7176,4992,21,0.0,0.0,0.0,0.0,0.0,0.0,0.0,0.0,51.228568187280764,19.61723145652505
4992-41806-0008_6829-68771-0024__T1__NORMAL__4992,4992,6829,11,0.0,0.09090909090909091,0.0,0.0,0.0,0.0,0.0,0.0,44.96632527324572,20.87733813568513
4992-41806-0008_6829-68771-0024__T2__NORMAL__6829,6829,4992,11,0.0,0.09090909090909091,0.0,0.0,0.0,0.0,0.0,0.0,52.41701840817068,17.56460245257079
4992-41806-0008_6930-75918-0015__T1__NORMAL__4992,4992,6930,11,0.0,0.09090909090909091,0.0,0.0,0.0,0.0,0.0,0.0,51.34669311695239,13.798283907518805
4992-41806-0008_6930-75918-0015__T2__NORMAL__6930,6930,4992,11,0.0,0.0,0.0,0.0,0.0,0.0,0.0,0.0,62.04332514087862,17.643107573315945
4992-41806-0009_1188-133604-0001__T1__NORMAL__4992,4992,1188,6,0.0,0.0,0.0,0.0,0.0,0.0,0.0,0.0,55.04928277663053,17.605584059142707
4992-41806-0009_1188-133604-0001__T2__NORMAL__1188,1188,4992,6,0.0,0.0,0.0,0.0,0.0,0.0,0.0,0.0,56.42643270652858,18.989390149983137
4992-41806-0009_3570-5696-0001__T1__NORMAL__4992,4992,3570,7,0.0,0.14285714285714285,0.0,0.0,0.0,0.0,0.0,0.0,48.78010547284865,15.934694427305216
4992-41806-0009_3570-5696-0001__T2__NORMAL__3570,3570,4992,7,0.0,0.0,0.0,0.0,0.0,0.0,0.0,0.0,48.23713060678707,17.538647034549697
4992-41806-0011_4077-13751-0010__T1__NORMAL__4992,4992,4077,12,0.0,0.16666666666666666,0.0,0.0,0.0,0.0,0.0,0.0,56.33779370326658,15.995965970854062
4992-41806-0011_4077-13751-0010__T2__NORMAL__4077,4077,4992,12,0.0,0.08333333333333333,0.0,0.0,0.0,0.0,0.0,0.0,51.01239217114779,20.37791060136904
4992-41806-0012_1089-134686-0033__T1__NORMAL__4992,4992,1089,5,0.0,0.0,0.0,0.0,0.0,0.0,0.0,0.0,58.44294341893666,22.400021230438696
4992-41806-0012_1089-134686-0033__T2__NORMAL__1089,1089,4992,5,0.0,0.0,0.0,0.0,0.0,0.0,0.0,0.0,55.118448207379515,21.140723194521303
4992-41806-0012_4446-2273-0015__T1__NORMAL__4992,4992,4446,8,0.0,0.0,0.0,0.0,0.0,0.0,0.0,0.0,63.855622421739895,20.27566620762115
4992-41806-0012_4446-2273-0015__T2__NORMAL__4446,4446,4992,8,1.0,1.0,1.0,1.0,1.0,1.0,1.0,1.0,-60.65265816331003,-37.91701369094126
4992-41806-0013_4970-29095-0027__T1__NORMAL__4992,4992,4970,11,0.0,0.0,0.0,0.0,0.0,0.0,0.0,0.0,64.89467193627723,19.302538078967512
4992-41806-0013_4970-29095-0027__T2__NORMAL__4970,4970,4992,11,0.0,0.0,0.09090909090909091,0.09090909090909091,0.0,0.0,0.0,0.0,56.39153064197581,22.26091051164295
4992-41806-0013_672-122797-0021__T1__NORMAL__4992,4992,672,7,0.0,0.14285714285714285,0.0,0.0,0.0,0.0,0.0,0.0,54.032732566253216,13.865172001102248
4992-41806-0013_672-122797-0021__T2__NORMAL__672,672,4992,7,0.0,0.0,0.0,0.0,0.0,0.0,0.0,0.0,51.83164544733823,18.539738812287275
4992-41806-0014_1580-141083-0004__T1__NORMAL__4992,4992,1580,8,0.0,0.0,0.0,0.0,0.0,0.0,0.0,0.0,58.44557791643024,13.89894284199272
4992-41806-0014_1580-141083-0004__T2__NORMAL__1580,1580,4992,8,0.0,0.0,0.125,0.0,0.0,0.0,0.0,0.0,43.969244759349955,20.627511730263763
4992-41806-0015_260-123440-0020__T1__NORMAL__4992,4992,260,8,0.0,0.125,0.125,0.125,0.125,0.0,0.125,0.0,54.357460814748904,11.940270161542646
4992-41806-0015_260-123440-0020__T2__NORMAL__260,260,4992,8,0.0,0.125,0.125,0.0,0.125,0.0,0.0,0.0,50.34481069014376,15.662172331248703
4992-41806-0015_2961-961-0004__T1__NORMAL__4992,4992,2961,21,0.0,0.0,0.047619047619047616,0.0,0.0,0.0,0.0,0.0,52.01328623952569,14.072577548441288
4992-41806-0015_2961-961-0004__T2__NORMAL__2961,2961,4992,21,0.0,0.0,0.047619047619047616,0.14285714285714285,0.0,0.0,0.0,0.0,42.86554180082291,20.19771956385464
4992-41806-0016_8230-279154-0023__T1__NORMAL__4992,4992,8230,11,0.0,0.0,0.0,0.0,0.0,0.0,0.0,0.0,57.00001836399574,16.89683057662368
4992-41806-0016_8230-279154-0023__T2__NORMAL__8230,8230,4992,11,0.0,0.0,0.0,0.09090909090909091,0.0,0.0,0.0,0.0,52.81396173611038,23.45118304422999
4992-41806-0017_8555-284447-0024__T1__NORMAL__4992,4992,8555,8,0.0,0.0,0.0,0.0,0.0,0.0,0.0,0.0,61.67338629670084,18.064986165351858
4992-41806-0017_8555-284447-0024__T2__NORMAL__8555,8555,4992,8,0.0,0.125,0.25,0.25,0.0,0.0,0.0,0.0,54.478664165669485,20.11944145284248
4992-41806-0017_8555-292519-0003__T1__NORMAL__4992,4992,8555,20,0.0,0.15,0.0,0.0,0.0,0.0,0.0,0.0,56.49073274503958,21.28591644148607
4992-41806-0017_8555-292519-0003__T2__NORMAL__8555,8555,4992,20,0.0,0.25,0.05,0.05,0.0,0.0,0.0,0.0,54.04211836304678,16.700017993185664
5105-28233-0000_1221-135767-0018__T1__NORMAL__5105,5105,1221,8,0.0,0.0,0.0,0.0,0.0,0.0,0.0,0.0,53.15282731566492,19.72216078710528
5105-28233-0000_1221-135767-0018__T2__NORMAL__1221,1221,5105,8,0.0,0.0,0.0,0.0,0.0,0.0,0.0,0.0,56.444162804149585,19.82570865832161
5105-28233-0001_672-122797-0039__T1__NORMAL__5105,5105,672,7,0.0,0.14285714285714285,0.0,0.0,0.0,0.0,0.0,0.0,30.28343086356202,7.889130943036698
5105-28233-0001_672-122797-0039__T2__NORMAL__672,672,5105,7,0.0,0.14285714285714285,0.0,0.0,0.0,0.0,0.0,0.0,32.7888360489169,1.7733875526315748
5105-28233-0002_1089-134686-0021__T1__NORMAL__5105,5105,1089,12,0.0,0.08333333333333333,0.0,0.0,0.0,0.0,0.0,0.0,55.40251978462636,24.286607100377523
5105-28233-0002_1089-134686-0021__T2__NORMAL__1089,1089,5105,12,0.0,0.0,0.0,0.0,0.0,0.0,0.0,0.0,54.23301173618008,17.17243191259467
5105-28233-0002_121-127105-0022__T1__NORMAL__5105,5105,121,9,0.0,0.1111111111111111,0.0,0.0,0.0,0.0,0.0,0.0,61.53429576096775,17.915469354006607
5105-28233-0002_121-127105-0022__T2__NORMAL__121,121,5105,9,0.0,0.0,0.0,0.0,0.0,0.0,0.0,0.0,58.155657100553896,19.44422506877426
5105-28233-0005_4077-13754-0013__T1__NORMAL__5105,5105,4077,21,0.0,0.09523809523809523,0.0,0.0,0.0,0.0,0.0,0.0,56.130402270799486,20.91285342095908
5105-28233-0005_4077-13754-0013__T2__NORMAL__4077,4077,5105,21,0.0,0.047619047619047616,0.0,0.0,0.0,0.0,0.0,0.0,58.523067078451774,16.859119462195203
5105-28233-0005_4446-2275-0013__T1__NORMAL__5105,5105,4446,6,0.0,0.0,0.0,0.0,0.0,0.0,0.0,0.0,63.322067082854744,16.205857926266777
5105-28233-0005_4446-2275-0013__T2__NORMAL__4446,4446,5105,6,0.5,0.5,0.5,0.5,0.3333333333333333,0.16666666666666666,0.16666666666666666,0.16666666666666666,5.283800825333269,0.5508076083569797
5105-28233-0005_5683-32865-0003__T1__NORMAL__5105,5105,5683,6,0.0,0.16666666666666666,0.0,0.0,0.0,0.0,0.0,0.0,56.54221839163851,15.517248427354176
5105-28233-0005_5683-32865-0003__T2__NORMAL__5683,5683,5105,6,0.0,0.0,0.0,0.0,0.0,0.0,0.0,0.0,48.86917584265001,20.79019922330151
5105-28233-0006_7021-85628-0012__T1__NORMAL__5105,5105,7021,9,0.0,0.0,0.0,0.0,0.0,0.0,0.0,0.0,61.98206148249395,17.148166699386525
5105-28233-0006_7021-85628-0012__T2__NORMAL__7021,7021,5105,9,0.0,0.0,0.1111111111111111,0.0,0.0,0.0,0.0,0.0,55.78729374533899,20.96622407601903
5105-28233-0008_4446-2275-0023__T1__NORMAL__5105,5105,4446,6,0.0,0.16666666666666666,0.0,0.0,0.0,0.0,0.0,0.0,50.25219426882285,18.665085541075005
5105-28233-0008_4446-2275-0023__T2__NORMAL__4446,4446,5105,6,0.3333333333333333,0.3333333333333333,0.0,0.16666666666666666,0.0,0.0,0.0,0.0,26.557481381988953,2.412532973428525
5105-28240-0000_2830-3979-0003__T1__NORMAL__5105,5105,2830,9,0.0,0.0,0.0,0.0,0.0,0.0,0.0,0.0,66.25888110514784,20.992074074786863
5105-28240-0000_2830-3979-0003__T2__NORMAL__2830,2830,5105,9,0.0,0.1111111111111111,0.0,0.0,0.0,0.0,0.0,0.0,57.13144864897509,18.48783763261708
5105-28240-0003_1995-1826-0026__T1__NORMAL__5105,5105,1995,9,0.0,0.0,0.0,0.0,0.0,0.0,0.0,0.0,56.733939928370916,24.97611591553248
5105-28240-0003_1995-1826-0026__T2__NORMAL__1995,1995,5105,9,0.0,0.0,0.0,0.0,0.0,0.0,0.0,0.0,62.339256318105214,21.512963280099697
5105-28240-0003_61-70970-0023__T1__NORMAL__5105,5105,61,6,0.0,0.0,0.0,0.0,0.0,0.0,0.0,0.0,49.79521341905437,15.669654563412925
5105-28240-0003_61-70970-0023__T2__NORMAL__61,61,5105,6,0.0,0.0,0.0,0.0,0.0,0.0,0.0,0.0,49.398646798600964,14.998399336312204
5105-28240-0003_672-122797-0019__T1__NORMAL__5105,5105,672,7,0.0,0.0,0.0,0.0,0.0,0.0,0.0,0.0,36.388944319924555,10.822150817894292
5105-28240-0003_672-122797-0019__T2__NORMAL__672,672,5105,7,1.0,1.0,1.0,1.0,1.0,1.0,1.0,1.0,-39.61209911100387,-23.457358057721827
5105-28240-0003_8555-292519-0013__T1__NORMAL__5105,5105,8555,7,0.0,0.0,0.0,0.0,0.0,0.0,0.0,0.0,54.9536995696581,18.98765784387129
5105-28240-0003_8555-292519-0013__T2__NORMAL__8555,8555,5105,7,0.0,0.0,0.0,0.0,0.0,0.0,0.0,0.0,54.65896471178356,16.101702097526573
5105-28240-0004_2961-960-0021__T1__NORMAL__5105,5105,2961,11,0.0,0.0,0.0,0.0,0.0,0.0,0.0,0.0,69.16284518885347,21.077208826341494
5105-28240-0004_2961-960-0021__T2__NORMAL__2961,2961,5105,11,0.0,0.09090909090909091,0.0,0.0,0.0,0.0,0.0,0.0,62.882556260083064,20.82607268103288
5105-28240-0004_4992-23283-0014__T1__NORMAL__5105,5105,4992,8,0.0,0.0,0.0,0.0,0.0,0.0,0.0,0.0,50.103796395829434,15.27081419487994
5105-28240-0004_4992-23283-0014__T2__NORMAL__4992,4992,5105,8,0.0,0.0,0.0,0.0,0.0,0.0,0.0,0.0,51.08395612845682,18.355948165485646
5105-28240-0005_6829-68769-0010__T1__NORMAL__5105,5105,6829,5,0.0,0.0,0.0,0.0,0.0,0.0,0.0,0.0,47.300989777878236,20.4789962316322
5105-28240-0005_6829-68769-0010__T2__NORMAL__6829,6829,5105,5,0.0,0.0,0.0,0.0,0.0,0.0,0.0,0.0,49.10848576814432,19.04592617934773
5105-28240-0005_7127-75946-0011__T1__NORMAL__5105,5105,7127,5,1.0,1.0,0.8,1.0,0.8,0.8,0.8,0.8,-33.02854515756475,-25.111136260944072
5105-28240-0005_7127-75946-0011__T2__NORMAL__7127,7127,5105,5,0.0,0.0,0.2,0.0,0.0,0.0,0.0,0.0,34.959272723591994,10.597916392601096
5105-28240-0005_8555-284449-0019__T1__NORMAL__5105,5105,8555,12,0.0,0.08333333333333333,0.0,0.0,0.0,0.0,0.0,0.0,59.354615979465414,24.975280109692942
5105-28240-0005_8555-284449-0019__T2__NORMAL__8555,8555,5105,12,0.0,0.08333333333333333,0.0,0.0,0.0,0.0,0.0,0.0,63.27139738979895,18.92496386683281
5105-28240-0006_2830-3979-0006__T1__NORMAL__5105,5105,2830,8,0.0,0.125,0.0,0.0,0.0,0.0,0.0,0.0,51.20167367234497,21.127303246825623
5105-28240-0006_2830-3979-0006__T2__NORMAL__2830,2830,5105,8,0.0,0.125,0.0,0.0,0.0,0.0,0.0,0.0,48.91795711996828,17.073125490333027
5105-28240-0007_1089-134686-0001__T1__NORMAL__5105,5105,1089,5,0.0,0.0,0.0,0.0,0.0,0.0,0.0,0.0,65.64927791992262,19.837225999203792
5105-28240-0007_1089-134686-0001__T2__NORMAL__1089,1089,5105,5,0.0,0.0,0.0,0.0,0.0,0.0,0.0,0.0,63.15743714081518,21.76853796574888
5105-28240-0007_61-70970-0035__T1__NORMAL__5105,5105,61,8,0.0,0.0,0.0,0.0,0.0,0.0,0.0,0.0,46.23556449614797,19.108398397223493
5105-28240-0007_61-70970-0035__T2__NORMAL__61,61,5105,8,0.0,0.125,0.0,0.0,0.0,0.0,0.0,0.0,54.756811592019005,17.12597921269424
5105-28240-0009_61-70970-0034__T1__NORMAL__5105,5105,61,7,0.0,0.0,0.0,0.0,0.0,0.0,0.0,0.0,52.39103617607592,17.14598634002401
5105-28240-0009_61-70970-0034__T2__NORMAL__61,61,5105,7,0.0,0.14285714285714285,0.0,0.0,0.0,0.0,0.0,0.0,52.5487385734394,14.268244196978612
5105-28240-0012_3729-6852-0043__T1__NORMAL__5105,5105,3729,7,0.0,0.0,0.0,0.0,0.0,0.0,0.0,0.0,42.56494292035211,18.879319052855813
5105-28240-0012_3729-6852-0043__T2__NORMAL__3729,3729,5105,7,0.0,0.0,0.0,0.0,0.0,0.0,0.0,0.0,56.337645774791994,16.57495094591281
5105-28240-0014_1284-1180-0026__T1__NORMAL__5105,5105,1284,5,0.0,0.0,0.0,0.0,0.0,0.0,0.0,0.0,56.037548736675355,20.37971606944384
5105-28240-0014_1284-1180-0026__T2__NORMAL__1284,1284,5105,5,0.0,0.0,0.0,0.0,0.0,0.0,0.0,0.0,55.325264003768496,17.99159380396696
5105-28240-0014_7127-75947-0021__T1__NORMAL__5105,5105,7127,5,1.0,1.0,1.0,1.0,1.0,1.0,1.0,1.0,-46.133179604233476,-34.25942716715759
5105-28240-0014_7127-75947-0021__T2__NORMAL__7127,7127,5105,5,0.0,0.0,0.0,0.0,0.0,0.0,0.0,0.0,46.490972215052025,21.481889259611545
5105-28240-0015_2094-142345-0029__T1__NORMAL__5105,5105,2094,16,0.0,0.0,0.0,0.0,0.0,0.0,0.0,0.0,28.00628690242075,9.680262833322091
5105-28240-0015_2094-142345-0029__T2__NORMAL__2094,2094,5105,16,0.0,0.0,0.0,0.0,0.0,0.0,0.0,0.0,48.42261699056234,6.355563773737657
5105-28240-0015_2300-131720-0006__T1__NORMAL__5105,5105,2300,7,0.0,0.0,0.0,0.0,0.0,0.0,0.0,0.0,40.66497634010242,14.809599534363818
5105-28240-0015_2300-131720-0006__T2__NORMAL__2300,2300,5105,7,0.0,0.0,0.0,0.0,0.0,0.0,0.0,0.0,49.665309939123574,16.279954209707473
5105-28240-0017_6829-68769-0001__T1__NORMAL__5105,5105,6829,10,0.0,0.0,0.0,0.0,0.0,0.0,0.0,0.0,50.99060085489325,20.27726842615359
5105-28240-0017_6829-68769-0001__T2__NORMAL__6829,6829,5105,10,0.0,0.0,0.0,0.0,0.0,0.0,0.0,0.0,53.9390604464394,12.960039312073096
5105-28240-0017_6930-81414-0015__T1__NORMAL__5105,5105,6930,6,1.0,1.0,1.0,1.0,1.0,1.0,1.0,1.0,-50.03127121990807,-31.93110601436848
5105-28240-0017_6930-81414-0015__T2__NORMAL__6930,6930,5105,6,0.0,0.0,0.0,0.0,0.0,0.0,0.0,0.0,50.11666541692289,12.13604022161304
5105-28240-0019_1284-1181-0020__T1__NORMAL__5105,5105,1284,11,0.0,0.0,0.0,0.0,0.0,0.0,0.0,0.0,52.483757974310784,19.582177526741848
5105-28240-0019_1284-1181-0020__T2__NORMAL__1284,1284,5105,11,0.0,0.0,0.0,0.0,0.0,0.0,0.0,0.0,55.261859176433546,19.36218746032976
5105-28240-0019_1320-122612-0015__T1__NORMAL__5105,5105,1320,11,0.0,0.0,0.0,0.0,0.0,0.0,0.0,0.0,56.240460463237426,22.18623733129984
5105-28240-0019_1320-122612-0015__T2__NORMAL__1320,1320,5105,11,0.0,0.0,0.0,0.0,0.0,0.0,0.0,0.0,56.90835244194204,18.52860882109296
5105-28240-0019_6829-68771-0015__T1__NORMAL__5105,5105,6829,8,0.0,0.125,0.0,0.0,0.0,0.0,0.0,0.0,53.649143039798524,18.73888354772082
5105-28240-0019_6829-68771-0015__T2__NORMAL__6829,6829,5105,8,0.0,0.0,0.0,0.0,0.0,0.0,0.0,0.0,60.96199357318198,19.796828587552785
5105-28240-0021_7176-88083-0024__T1__NORMAL__5105,5105,7176,15,0.0,0.0,0.0,0.0,0.0,0.0,0.0,0.0,58.67472711807646,21.61937805450977
5105-28240-0021_7176-88083-0024__T2__NORMAL__7176,7176,5105,15,0.0,0.06666666666666667,0.0,0.0,0.0,0.0,0.0,0.0,57.107030339647416,17.616393303751398
5105-28240-0022_2830-3980-0065__T1__NORMAL__5105,5105,2830,8,0.0,0.25,0.0,0.0,0.0,0.0,0.0,0.0,45.11203645476752,15.620634005197642
5105-28240-0022_2830-3980-0065__T2__NORMAL__2830,2830,5105,8,0.0,0.125,0.0,0.0,0.0,0.0,0.0,0.0,45.766764487708805,14.62687462124001
5105-28240-0022_4446-2275-0021__T1__NORMAL__5105,5105,4446,7,1.0,1.0,1.0,1.0,1.0,1.0,1.0,1.0,-35.40631242501701,-32.70250972490877
5105-28240-0022_4446-2275-0021__T2__NORMAL__4446,4446,5105,7,0.0,0.0,0.0,0.0,0.0,0.0,0.0,0.0,36.71029980933606,19.43102910205132
5105-28240-0024_8230-279154-0014__T1__NORMAL__5105,5105,8230,14,0.0,0.07142857142857142,0.0,0.0,0.0,0.0,0.0,0.0,50.01871216945343,22.12640082284145
5105-28240-0024_8230-279154-0014__T2__NORMAL__8230,8230,5105,14,0.0,0.0,0.0,0.0,0.0,0.0,0.0,0.0,53.89939900525858,19.601678641115548
5105-28241-0002_7127-75946-0009__T1__NORMAL__5105,5105,7127,8,0.0,0.125,0.125,0.0,0.0,0.0,0.0,0.0,52.820823106700615,19.26550455348553
5105-28241-0002_7127-75946-0009__T2__NORMAL__7127,7127,5105,8,0.0,0.0,0.0,0.0,0.0,0.0,0.0,0.0,57.006750207435644,21.34725960421148
5105-28241-0003_1995-1826-0005__T1__NORMAL__5105,5105,1995,6,0.0,0.0,0.0,0.0,0.0,0.0,0.0,0.0,61.654311725377006,27.68975692352585
5105-28241-0003_1995-1826-0005__T2__NORMAL__1995,1995,5105,6,0.0,0.16666666666666666,0.0,0.0,0.0,0.0,0.0,0.0,66.68381335797011,15.690571959526888
5105-28241-0003_4077-13751-0001__T1__NORMAL__5105,5105,4077,6,0.0,0.16666666666666666,0.0,0.0,0.0,0.0,0.0,0.0,52.86149563161734,17.629064319758
5105-28241-0003_4077-13751-0001__T2__NORMAL__4077,4077,5105,6,0.0,0.0,0.0,0.0,0.0,0.0,0.0,0.0,56.06204221772368,17.932465618959846
5105-28241-0005_672-122797-0051__T1__NORMAL__5105,5105,672,8,0.0,0.0,0.0,0.0,0.0,0.0,0.0,0.0,39.8218640291636,17.013410717834432
5105-28241-0005_672-122797-0051__T2__NORMAL__672,672,5105,8,0.5,0.125,0.25,0.625,0.125,0.125,0.125,0.125,10.889662161069626,-3.3737452346049035
5105-28241-0006_8463-294828-0019__T1__NORMAL__5105,5105,8463,8,0.0,0.0,0.0,0.0,0.0,0.0,0.0,0.0,63.28193192005108,20.83291801536832
5105-28241-0006_8463-294828-0019__T2__NORMAL__8463,8463,5105,8,1.0,1.0,1.0,1.0,1.0,1.0,1.0,1.0,-60.093811883700305,-47.69706925831663
5105-28241-0008_1284-1180-0004__T1__NORMAL__5105,5105,1284,7,0.0,0.0,0.0,0.0,0.0,0.0,0.0,0.0,54.114588028213504,20.31403058690964
5105-28241-0008_1284-1180-0004__T2__NORMAL__1284,1284,5105,7,0.0,0.14285714285714285,0.0,0.0,0.0,0.0,0.0,0.0,61.10293738603655,20.162332647406263
5105-28241-0009_4507-16021-0049__T1__NORMAL__5105,5105,4507,10,0.0,0.1,0.0,0.0,0.0,0.0,0.0,0.0,52.3714408034027,24.489253935958946
5105-28241-0009_4507-16021-0049__T2__NORMAL__4507,4507,5105,10,0.0,0.0,0.0,0.0,0.0,0.0,0.0,0.0,57.29846357187398,19.933768523468483
5105-28241-0011_3575-170457-0024__T1__NORMAL__5105,5105,3575,23,0.0,0.08695652173913043,0.0,0.0,0.0,0.0,0.0,0.0,63.12919043902012,21.37335734062963
5105-28241-0011_3575-170457-0024__T2__NORMAL__3575,3575,5105,23,0.0,0.043478260869565216,0.0,0.0,0.0,0.0,0.0,0.0,63.10724249595776,22.93366745836227
5105-28241-0011_4446-2273-0004__T1__NORMAL__5105,5105,4446,9,0.2222222222222222,0.3333333333333333,0.3333333333333333,0.2222222222222222,0.2222222222222222,0.1111111111111111,0.1111111111111111,0.1111111111111111,18.249508047607705,-0.7385833345011408
5105-28241-0011_4446-2273-0004__T2__NORMAL__4446,4446,5105,9,0.0,0.0,0.0,0.0,0.0,0.0,0.0,0.0,62.222999365782734,25.985097606578453
5105-28241-0012_4507-16021-0017__T1__NORMAL__5105,5105,4507,12,0.0,0.08333333333333333,0.0,0.08333333333333333,0.0,0.0,0.0,0.0,58.10795630217441,23.01354618601965
5105-28241-0012_4507-16021-0017__T2__NORMAL__4507,4507,5105,12,0.0,0.0,0.0,0.0,0.0,0.0,0.0,0.0,66.15158914382302,13.822406227844308
5105-28241-0012_5683-32865-0016__T1__NORMAL__5105,5105,5683,5,0.0,0.2,0.0,0.0,0.0,0.0,0.0,0.0,47.25069850818229,21.22534041722981
5105-28241-0012_5683-32865-0016__T2__NORMAL__5683,5683,5105,5,0.0,0.2,0.0,0.0,0.0,0.0,0.0,0.0,52.62231802688368,18.70834384106428
5105-28241-0012_7021-85628-0023__T1__NORMAL__5105,5105,7021,12,0.0,0.16666666666666666,0.08333333333333333,0.08333333333333333,0.08333333333333333,0.0,0.08333333333333333,0.0,50.33647313964838,13.64182213056683
5105-28241-0012_7021-85628-0023__T2__NORMAL__7021,7021,5105,12,0.0,0.0,0.0,0.0,0.0,0.0,0.0,0.0,62.20944077357802,17.747297764039306
5105-28241-0013_8555-284449-0001__T1__NORMAL__5105,5105,8555,8,0.0,0.0,0.0,0.0,0.0,0.0,0.0,0.0,62.1317273245031,21.465383258276976
5105-28241-0013_8555-284449-0001__T2__NORMAL__8555,8555,5105,8,0.0,0.0,0.0,0.0,0.0,0.0,0.0,0.0,64.53637444660144,22.981139715453388
5105-28241-0013_8555-284449-0007__T1__NORMAL__5105,5105,8555,8,0.0,0.125,0.0,0.0,0.0,0.0,0.0,0.0,55.76235830627115,19.19337243467956
5105-28241-0013_8555-284449-0007__T2__NORMAL__8555,8555,5105,8,0.0,0.0,0.0,0.0,0.0,0.0,0.0,0.0,57.613676671870174,24.233189823050893
5105-28241-0016_7176-92135-0034__T1__NORMAL__5105,5105,7176,7,0.0,0.0,0.0,0.0,0.0,0.0,0.0,0.0,58.26813816356967,21.923138803858247
5105-28241-0016_7176-92135-0034__T2__NORMAL__7176,7176,5105,7,0.0,0.0,0.0,0.0,0.0,0.0,0.0,0.0,58.21567987670651,22.29789149758181
5105-28241-0017_1089-134691-0020__T1__NORMAL__5105,5105,1089,6,0.0,0.0,0.0,0.0,0.0,0.0,0.0,0.0,56.90617259593517,25.569626403662504
5105-28241-0017_1089-134691-0020__T2__NORMAL__1089,1089,5105,6,0.0,0.16666666666666666,0.0,0.0,0.0,0.0,0.0,0.0,60.146603418215044,25.769054571078502
5105-28241-0018_1320-122617-0009__T1__NORMAL__5105,5105,1320,13,0.0,0.0,0.0,0.0,0.0,0.0,0.0,0.0,62.468967878761724,23.17874543584441
5105-28241-0018_1320-122617-0009__T2__NORMAL__1320,1320,5105,13,0.0,0.07692307692307693,0.0,0.0,0.0,0.0,0.0,0.0,69.89564877517093,21.21402748962197
5105-28241-0018_2830-3980-0071__T1__NORMAL__5105,5105,2830,6,0.0,0.0,0.0,0.0,0.0,0.0,0.0,0.0,38.97702130314736,19.2834423349816
5105-28241-0018_2830-3980-0071__T2__NORMAL__2830,2830,5105,6,0.0,0.0,0.0,0.0,0.0,0.0,0.0,0.0,52.17703651467671,11.991719109834223
5105-28241-0019_2830-3980-0013__T1__NORMAL__5105,5105,2830,7,0.0,0.14285714285714285,0.0,0.0,0.0,0.0,0.0,0.0,39.422810430948815,18.175937623811524
5105-28241-0019_2830-3980-0013__T2__NORMAL__2830,2830,5105,7,0.0,0.0,0.0,0.0,0.0,0.0,0.0,0.0,55.35863540659519,7.430148151378658
5105-28241-0019_2830-3980-0050__T1__NORMAL__5105,5105,2830,9,0.0,0.1111111111111111,0.0,0.0,0.0,0.0,0.0,0.0,44.601787334627915,18.54315724851051
5105-28241-0019_2830-3980-0050__T2__NORMAL__2830,2830,5105,9,0.0,0.0,0.0,0.0,0.0,0.0,0.0,0.0,52.595415999807784,20.22352342271532
5105-28241-0019_4446-2273-0022__T1__NORMAL__5105,5105,4446,9,0.0,0.1111111111111111,0.0,0.0,0.0,0.0,0.0,0.0,57.60605819921351,23.84619190570456
5105-28241-0019_4446-2273-0022__T2__NORMAL__4446,4446,5105,9,1.0,0.8888888888888888,1.0,1.0,0.8888888888888888,0.8888888888888888,0.8888888888888888,0.8888888888888888,-54.5404773697729,-40.72714180213782
5142-33396-0001_121-127105-0027__T1__NORMAL__5142,5142,121,9,0.0,0.1111111111111111,0.0,0.0,0.0,0.0,0.0,0.0,55.08141501239928,17.302120309472965
5142-33396-0001_121-127105-0027__T2__NORMAL__121,121,5142,9,0.0,0.0,0.0,0.0,0.0,0.0,0.0,0.0,56.857168856396235,15.816552522672575
5142-33396-0001_6930-76324-0005__T1__NORMAL__5142,5142,6930,9,0.0,0.0,0.0,0.0,0.0,0.0,0.0,0.0,48.51027915630574,17.340356148939215
5142-33396-0001_6930-76324-0005__T2__NORMAL__6930,6930,5142,9,0.0,0.0,0.0,0.0,0.0,0.0,0.0,0.0,60.72928931799558,15.980770263881242
5142-33396-0006_4970-29095-0029__T1__NORMAL__5142,5142,4970,6,0.0,0.16666666666666666,0.0,0.0,0.0,0.0,0.0,0.0,62.3228438636876,23.41952120828588
5142-33396-0006_4970-29095-0029__T2__NORMAL__4970,4970,5142,6,0.0,0.0,0.0,0.0,0.0,0.0,0.0,0.0,63.523205954795465,23.18807576500445
5142-33396-0006_672-122797-0061__T1__NORMAL__5142,5142,672,11,0.0,0.0,0.0,0.0,0.0,0.0,0.0,0.0,44.36596010502113,20.232078453266293
5142-33396-0006_672-122797-0061__T2__NORMAL__672,672,5142,11,0.0,0.0,0.0,0.0,0.0,0.0,0.0,0.0,58.67501701058936,12.08624641414853
5142-33396-0007_672-122797-0004__T1__NORMAL__5142,5142,672,7,0.0,0.0,0.0,0.0,0.0,0.0,0.0,0.0,54.70608467846463,14.43504094360517
5142-33396-0007_672-122797-0004__T2__NORMAL__672,672,5142,7,0.0,0.0,0.0,0.0,0.0,0.0,0.0,0.0,63.82902792201192,13.43281880732394
5142-33396-0009_2961-961-0021__T1__NORMAL__5142,5142,2961,5,0.0,0.0,0.0,0.0,0.0,0.0,0.0,0.0,54.66918467001178,18.31145455205329
5142-33396-0009_2961-961-0021__T2__NORMAL__2961,2961,5142,5,0.0,0.0,0.0,0.0,0.0,0.0,0.0,0.0,57.198422976694324,18.000515319371388
5142-33396-0009_5105-28233-0004__T1__NORMAL__5142,5142,5105,5,0.0,0.0,0.0,0.0,0.0,0.0,0.0,0.0,53.687734076243444,19.94334300283476
5142-33396-0009_5105-28233-0004__T2__NORMAL__5105,5105,5142,5,0.0,0.0,0.0,0.0,0.0,0.0,0.0,0.0,49.96491595530766,17.887288732648173
5142-33396-0009_8463-294828-0027__T1__NORMAL__5142,5142,8463,5,0.0,0.0,0.0,0.0,0.0,0.0,0.0,0.0,61.96669606482176,25.36182134314484
5142-33396-0009_8463-294828-0027__T2__NORMAL__8463,8463,5142,5,1.0,1.0,1.0,1.0,1.0,1.0,1.0,1.0,-63.531524225096156,-52.423378042918976
5142-33396-0010_237-134500-0011__T1__NORMAL__5142,5142,237,5,0.0,0.0,0.0,0.0,0.0,0.0,0.0,0.0,57.17222625419872,22.80159648192028
5142-33396-0010_237-134500-0011__T2__NORMAL__237,237,5142,5,0.0,0.0,0.0,0.0,0.0,0.0,0.0,0.0,71.22381169055409,20.85375641395728
5142-33396-0010_6930-76324-0017__T1__NORMAL__5142,5142,6930,5,0.0,0.0,0.0,0.0,0.0,0.0,0.0,0.0,52.83512501403487,18.70051785527164
5142-33396-0010_6930-76324-0017__T2__NORMAL__6930,6930,5142,5,0.0,0.0,0.0,0.0,0.0,0.0,0.0,0.0,54.936797465635685,11.306793089798765
5142-33396-0010_8555-292519-0012__T1__NORMAL__5142,5142,8555,5,0.0,0.0,0.0,0.0,0.0,0.0,0.0,0.0,54.09466300152974,22.80696929567628
5142-33396-0010_8555-292519-0012__T2__NORMAL__8555,8555,5142,5,0.0,0.0,0.0,0.0,0.0,0.0,0.0,0.0,54.54627323939233,20.387819760896093
5142-33396-0011_260-123288-0006__T1__NORMAL__5142,5142,260,6,0.0,0.16666666666666666,0.0,0.0,0.0,0.0,0.0,0.0,50.57399227723789,22.46539269393991
5142-33396-0011_260-123288-0006__T2__NORMAL__260,260,5142,6,0.0,0.0,0.16666666666666666,0.0,0.0,0.0,0.0,0.0,57.54691077044679,17.199861584937903
5142-33396-0014_4446-2275-0040__T1__NORMAL__5142,5142,4446,5,0.0,0.0,0.0,0.0,0.0,0.0,0.0,0.0,45.59774836097957,20.428246553022912
5142-33396-0014_4446-2275-0040__T2__NORMAL__4446,4446,5142,5,1.0,1.0,1.0,1.0,1.0,1.0,1.0,1.0,-45.41443618973273,-28.680985807952467
5142-33396-0014_7176-88083-0014__T1__NORMAL__5142,5142,7176,5,0.0,0.0,0.0,0.0,0.0,0.0,0.0,0.0,61.419471095121025,23.659896212939884
5142-33396-0014_7176-88083-0014__T2__NORMAL__7176,7176,5142,5,0.0,0.2,0.0,0.0,0.0,0.0,0.0,0.0,69.63296161516826,23.11836401487305
5142-33396-0015_2961-961-0021__T1__NORMAL__5142,5142,2961,7,0.0,0.0,0.0,0.0,0.0,0.0,0.0,0.0,63.66446073647982,19.486414869319763
5142-33396-0015_2961-961-0021__T2__NORMAL__2961,2961,5142,7,0.0,0.0,0.0,0.0,0.0,0.0,0.0,0.0,59.31968517857212,19.45347288173729
5142-33396-0015_7729-102255-0036__T1__NORMAL__5142,5142,7729,7,0.0,0.0,0.0,0.0,0.0,0.0,0.0,0.0,60.68214580101429,21.570878026829607
5142-33396-0015_7729-102255-0036__T2__NORMAL__7729,7729,5142,7,0.0,0.0,0.0,0.0,0.0,0.0,0.0,0.0,68.8740906312807,18.612034626646764
5142-33396-0018_2094-142345-0043__T1__NORMAL__5142,5142,2094,6,0.0,0.0,0.0,0.0,0.0,0.0,0.0,0.0,29.87872115255408,11.313118141704816
5142-33396-0018_2094-142345-0043__T2__NORMAL__2094,2094,5142,6,0.0,0.16666666666666666,0.0,0.0,0.0,0.0,0.0,0.0,44.38357821687436,10.398464677255804
5142-33396-0018_8463-294828-0011__T1__NORMAL__5142,5142,8463,6,0.0,0.0,0.0,0.0,0.0,0.0,0.0,0.0,57.33053362315542,21.47441448553084
5142-33396-0018_8463-294828-0011__T2__NORMAL__8463,8463,5142,6,1.0,1.0,1.0,1.0,1.0,1.0,1.0,1.0,-57.199328012991636,-32.37054445939167
5142-33396-0019_8463-294828-0010__T1__NORMAL__5142,5142,8463,8,0.0,0.125,0.0,0.0,0.0,0.0,0.0,0.0,58.13466235841442,19.67954998365092
5142-33396-0019_8463-294828-0010__T2__NORMAL__8463,8463,5142,8,1.0,0.875,1.0,1.0,0.875,0.875,0.875,0.875,-47.85004335445712,-16.955778354181906
5142-33396-0020_1089-134691-0006__T1__NORMAL__5142,5142,1089,5,0.0,0.0,0.0,0.0,0.0,0.0,0.0,0.0,60.48567126048717,25.98621545122274
5142-33396-0020_1089-134691-0006__T2__NORMAL__1089,1089,5142,5,0.0,0.0,0.0,0.0,0.0,0.0,0.0,0.0,57.924829264626396,18.71049987793614
5142-33396-0021_61-70970-0027__T1__NORMAL__5142,5142,61,6,0.0,0.0,0.0,0.0,0.0,0.0,0.0,0.0,47.60050969181657,21.45681380168495
5142-33396-0021_61-70970-0027__T2__NORMAL__61,61,5142,6,0.0,0.0,0.0,0.0,0.0,0.0,0.0,0.0,55.43913327493447,16.297063493477204
5142-33396-0022_1089-134691-0007__T1__NORMAL__5142,5142,1089,5,0.0,0.2,0.0,0.0,0.0,0.0,0.0,0.0,65.3858816685721,24.03818439619556
5142-33396-0022_1089-134691-0007__T2__NORMAL__1089,1089,5142,5,0.0,0.0,0.0,0.0,0.0,0.0,0.0,0.0,65.76443687167867,25.569481164705568
5142-33396-0022_3570-5696-0009__T1__NORMAL__5142,5142,3570,8,0.0,0.125,0.0,0.0,0.0,0.0,0.0,0.0,56.18428755809343,22.186180110990108
5142-33396-0022_3570-5696-0009__T2__NORMAL__3570,3570,5142,8,0.0,0.0,0.0,0.0,0.0,0.0,0.0,0.0,59.4230164203195,23.63637487960134
5142-33396-0022_8463-294828-0028__T1__NORMAL__5142,5142,8463,8,0.0,0.0,0.0,0.0,0.0,0.0,0.0,0.0,63.01691124229058,24.80130702662485
5142-33396-0022_8463-294828-0028__T2__NORMAL__8463,8463,5142,8,1.0,1.0,1.0,1.0,1.0,1.0,1.0,1.0,-60.06474516608529,-52.111416329479006
5142-33396-0024_121-127105-0000__T1__NORMAL__5142,5142,121,9,0.0,0.0,0.0,0.1111111111111111,0.0,0.0,0.0,0.0,69.26789818190106,20.79870212077529
5142-33396-0024_121-127105-0000__T2__NORMAL__121,121,5142,9,0.0,0.2222222222222222,0.0,0.0,0.0,0.0,0.0,0.0,64.94152186645769,21.813604178486976
5142-33396-0024_5105-28240-0007__T1__NORMAL__5142,5142,5105,8,0.0,0.0,0.0,0.0,0.0,0.0,0.0,0.0,58.26474567611558,18.873455287110144
5142-33396-0024_5105-28240-0007__T2__NORMAL__5105,5105,5142,8,0.0,0.0,0.0,0.0,0.0,0.0,0.0,0.0,59.73721586027542,23.317133505818653
5142-33396-0025_1284-1180-0023__T1__NORMAL__5142,5142,1284,5,0.0,0.0,0.0,0.0,0.0,0.0,0.0,0.0,50.78116918001858,23.825060376416808
5142-33396-0025_1284-1180-0023__T2__NORMAL__1284,1284,5142,5,0.0,0.0,0.0,0.0,0.0,0.0,0.0,0.0,59.381980808264714,21.07299250163049
5142-33396-0025_2961-961-0019__T1__NORMAL__5142,5142,2961,5,0.0,0.2,0.0,0.0,0.0,0.0,0.0,0.0,56.45574857973251,19.07715236423411
5142-33396-0025_2961-961-0019__T2__NORMAL__2961,2961,5142,5,0.0,0.0,0.0,0.0,0.0,0.0,0.0,0.0,57.69980186852913,18.52372880579485
5142-33396-0026_4507-16021-0043__T1__NORMAL__5142,5142,4507,5,0.0,0.0,0.0,0.0,0.0,0.0,0.0,0.0,52.65932646030418,18.34117996233111
5142-33396-0026_4507-16021-0043__T2__NORMAL__4507,4507,5142,5,0.0,0.0,0.0,0.0,0.0,0.0,0.0,0.0,61.9713456669464,19.504340667277955
5142-33396-0026_8455-210777-0059__T1__NORMAL__5142,5142,8455,5,0.0,0.0,0.0,0.0,0.0,0.0,0.0,0.0,43.22589272727069,18.809520515215908
5142-33396-0026_8455-210777-0059__T2__NORMAL__8455,8455,5142,5,0.0,0.0,0.0,0.0,0.0,0.0,0.0,0.0,62.14061898844825,11.357145475805078
5142-33396-0028_4970-29095-0026__T1__NORMAL__5142,5142,4970,6,0.0,0.0,0.0,0.0,0.0,0.0,0.0,0.0,64.6219974346651,24.59946958401253
5142-33396-0028_4970-29095-0026__T2__NORMAL__4970,4970,5142,6,0.0,0.0,0.0,0.0,0.0,0.0,0.0,0.0,70.87629172045747,22.0475620294231
5142-33396-0028_5105-28233-0009__T1__NORMAL__5142,5142,5105,6,0.0,0.0,0.0,0.0,0.0,0.0,0.0,0.0,60.56932531594503,22.21449274409481
5142-33396-0028_5105-28233-0009__T2__NORMAL__5105,5105,5142,6,0.0,0.0,0.0,0.0,0.0,0.0,0.0,0.0,61.37217021812399,21.889341646939634
5142-33396-0028_61-70968-0055__T1__NORMAL__5142,5142,61,6,0.0,0.0,0.0,0.0,0.0,0.0,0.0,0.0,50.17351349924854,22.176488493406783
5142-33396-0028_61-70968-0055__T2__NORMAL__61,61,5142,6,0.0,0.0,0.0,0.0,0.0,0.0,0.0,0.0,53.4047700285465,18.5951932568533
5142-33396-0028_7729-102255-0024__T1__NORMAL__5142,5142,7729,6,0.0,0.0,0.0,0.0,0.0,0.0,0.0,0.0,49.92235785195431,21.715409985354626
5142-33396-0028_7729-102255-0024__T2__NORMAL__7729,7729,5142,6,0.0,0.0,0.0,0.0,0.0,0.0,0.0,0.0,49.467926426221226,20.030808791601256
5142-33396-0032_1221-135767-0020__T1__NORMAL__5142,5142,1221,5,0.0,0.2,0.0,0.0,0.0,0.0,0.0,0.0,57.58693661395525,21.31797533515264
5142-33396-0032_1221-135767-0020__T2__NORMAL__1221,1221,5142,5,0.0,0.0,0.0,0.0,0.0,0.0,0.0,0.0,58.20523179267248,19.755308458556502
5142-33396-0033_1320-122612-0016__T1__NORMAL__5142,5142,1320,5,0.0,0.0,0.0,0.0,0.0,0.0,0.0,0.0,54.49930397788263,23.470798311025977
5142-33396-0033_1320-122612-0016__T2__NORMAL__1320,1320,5142,5,0.0,0.0,0.0,0.0,0.0,0.0,0.0,0.0,57.231022639077665,23.40910189038552
5142-33396-0033_4507-16021-0029__T1__NORMAL__5142,5142,4507,6,0.0,0.0,0.0,0.0,0.0,0.0,0.0,0.0,59.52354434740332,21.88976040535941
5142-33396-0033_4507-16021-0029__T2__NORMAL__4507,4507,5142,6,0.0,0.0,0.0,0.0,0.0,0.0,0.0,0.0,65.85297501877535,23.04145066699208
5142-33396-0033_8455-210777-0011__T1__NORMAL__5142,5142,8455,9,0.0,0.1111111111111111,0.0,0.0,0.0,0.0,0.0,0.0,58.17967398390348,20.866444719660365
5142-33396-0033_8455-210777-0011__T2__NORMAL__8455,8455,5142,9,0.0,0.0,0.0,0.0,0.0,0.0,0.0,0.0,60.324699428908815,21.427418716602894
5142-33396-0033_8455-210777-0060__T1__NORMAL__5142,5142,8455,9,0.0,0.1111111111111111,0.0,0.0,0.0,0.0,0.0,0.0,59.413699108642426,20.767100065741342
5142-33396-0033_8455-210777-0060__T2__NORMAL__8455,8455,5142,9,0.0,0.0,0.2222222222222222,0.0,0.0,0.0,0.0,0.0,58.33813667861422,19.27435699895773
5142-33396-0034_7021-85628-0006__T1__NORMAL__5142,5142,7021,6,0.0,0.0,0.0,0.0,0.0,0.0,0.0,0.0,60.39348313634533,20.882585027592462
5142-33396-0034_7021-85628-0006__T2__NORMAL__7021,7021,5142,6,0.0,0.0,0.0,0.0,0.0,0.0,0.0,0.0,60.22184003713434,19.89881923915338
5142-33396-0034_8455-210777-0059__T1__NORMAL__5142,5142,8455,10,0.0,0.0,0.0,0.0,0.0,0.0,0.0,0.0,57.39734786821482,20.70648144907812
5142-33396-0034_8455-210777-0059__T2__NORMAL__8455,8455,5142,10,0.0,0.0,0.0,0.0,0.0,0.0,0.0,0.0,65.51927257151122,16.906704999296657
5142-33396-0035_4077-13751-0011__T1__NORMAL__5142,5142,4077,6,0.0,0.16666666666666666,0.0,0.0,0.0,0.0,0.0,0.0,42.53577726712489,18.32819133374512
5142-33396-0035_4077-13751-0011__T2__NORMAL__4077,4077,5142,6,0.0,0.0,0.0,0.0,0.0,0.0,0.0,0.0,50.915323572510744,16.019929349462483
5142-33396-0036_237-134493-0001__T1__NORMAL__5142,5142,237,7,0.0,0.0,0.0,0.0,0.0,0.0,0.0,0.0,61.782634646925665,26.064540301149105
5142-33396-0036_237-134493-0001__T2__NORMAL__237,237,5142,7,0.0,0.0,0.0,0.0,0.0,0.0,0.0,0.0,55.92316414615347,19.45315680056214
5142-33396-0036_4446-2273-0032__T1__NORMAL__5142,5142,4446,7,0.0,0.0,0.0,0.0,0.0,0.0,0.0,0.0,67.76363230734209,18.73648804028304
5142-33396-0036_4446-2273-0032__T2__NORMAL__4446,4446,5142,7,1.0,1.0,1.0,1.0,1.0,1.0,1.0,1.0,-67.85032796785798,-46.86743810464535
5142-33396-0036_4970-29093-0020__T1__NORMAL__5142,5142,4970,7,0.0,0.0,0.0,0.0,0.0,0.0,0.0,0.0,58.26537617327231,23.08499935028185
5142-33396-0036_4970-29093-0020__T2__NORMAL__4970,4970,5142,7,0.0,0.0,0.0,0.0,0.0,0.0,0.0,0.0,62.13389202013803,25.278438918829
5142-33396-0036_7127-75946-0011__T1__NORMAL__5142,5142,7127,5,0.0,0.0,0.0,0.0,0.0,0.0,0.0,0.0,65.67961214512616,20.785012289234867
5142-33396-0036_7127-75946-0011__T2__NORMAL__7127,7127,5142,5,0.0,0.0,0.0,0.0,0.0,0.0,0.0,0.0,64.90753890429983,20.36294699322102
5142-33396-0037_4446-2271-0010__T1__NORMAL__5142,5142,4446,5,0.0,0.0,0.0,0.0,0.0,0.0,0.0,0.0,57.286399938139496,19.10842272829952
5142-33396-0037_4446-2271-0010__T2__NORMAL__4446,4446,5142,5,0.0,0.4,0.0,0.0,0.0,0.0,0.0,0.0,64.41042708255418,19.61021912904911
5142-33396-0037_5105-28240-0012__T1__NORMAL__5142,5142,5105,6,0.0,0.0,0.0,0.0,0.0,0.0,0.0,0.0,57.75711001502927,19.60598202158624
5142-33396-0037_5105-28240-0012__T2__NORMAL__5105,5105,5142,6,0.0,0.0,0.0,0.0,0.0,0.0,0.0,0.0,59.401916594735845,25.75341885877994
5142-33396-0037_672-122797-0032__T1__NORMAL__5142,5142,672,6,0.0,0.0,0.0,0.0,0.0,0.0,0.0,0.0,29.915770278748088,14.806481699946566
5142-33396-0037_672-122797-0032__T2__NORMAL__672,672,5142,6,0.0,0.16666666666666666,0.0,0.0,0.0,0.0,0.0,0.0,60.4007623559946,12.859065362141616
5142-33396-0038_3570-5695-0008__T1__NORMAL__5142,5142,3570,7,0.0,0.0,0.0,0.0,0.0,0.0,0.0,0.0,64.17385458163702,23.00990419693252
5142-33396-0038_3570-5695-0008__T2__NORMAL__3570,3570,5142,7,0.0,0.0,0.0,0.0,0.0,0.0,0.0,0.0,68.76387354837816,22.662798606786552
5142-33396-0038_3729-6852-0031__T1__NORMAL__5142,5142,3729,7,0.0,0.0,0.0,0.0,0.0,0.0,0.0,0.0,55.21014606833846,20.09759017391718
5142-33396-0038_3729-6852-0031__T2__NORMAL__3729,3729,5142,7,0.0,0.0,0.0,0.0,0.0,0.0,0.0,0.0,55.82606766487014,18.783446425165213
5142-33396-0038_4446-2275-0021__T1__NORMAL__5142,5142,4446,7,0.0,0.0,0.0,0.0,0.0,0.0,0.0,0.0,66.70613906223991,17.847405045750403
5142-33396-0038_4446-2275-0021__T2__NORMAL__4446,4446,5142,7,1.0,1.0,1.0,1.0,1.0,1.0,1.0,1.0,-53.728041165514185,-30.941652939548952
5142-33396-0042_4507-16021-0037__T1__NORMAL__5142,5142,4507,9,0.0,0.0,0.0,0.0,0.0,0.0,0.0,0.0,66.44370125322091,22.904669525032908
5142-33396-0042_4507-16021-0037__T2__NORMAL__4507,4507,5142,9,0.0,0.0,0.0,0.0,0.0,0.0,0.0,0.0,70.62617944717114,22.66438258295661
5142-33396-0044_6829-68771-0004__T1__NORMAL__5142,5142,6829,8,0.0,0.0,0.0,0.0,0.0,0.0,0.0,0.0,58.10474072062531,22.82998759083518
5142-33396-0044_6829-68771-0004__T2__NORMAL__6829,6829,5142,8,0.0,0.0,0.0,0.0,0.0,0.0,0.0,0.0,62.975605953786186,17.066550009073264
5142-33396-0044_8455-210777-0070__T1__NORMAL__5142,5142,8455,8,0.0,0.0,0.0,0.0,0.0,0.0,0.0,0.0,55.999207989186715,19.891155710896456
5142-33396-0044_8455-210777-0070__T2__NORMAL__8455,8455,5142,8,0.0,0.0,0.0,0.0,0.0,0.0,0.0,0.0,57.28579330999447,20.201690500693605
5142-33396-0048_237-134493-0006__T1__NORMAL__5142,5142,237,6,0.0,0.0,0.0,0.0,0.0,0.0,0.0,0.0,68.32014069810135,25.671115333918497
5142-33396-0048_237-134493-0006__T2__NORMAL__237,237,5142,6,0.0,0.0,0.0,0.0,0.0,0.0,0.0,0.0,69.60625804965595,21.72867688016272
5142-33396-0049_1089-134691-0022__T1__NORMAL__5142,5142,1089,5,0.0,0.0,0.0,0.0,0.0,0.0,0.0,0.0,76.28906993074972,25.19335865923371
5142-33396-0049_1089-134691-0022__T2__NORMAL__1089,1089,5142,5,0.0,0.0,0.0,0.0,0.0,0.0,0.0,0.0,76.81667033673332,23.776141492866888
5142-33396-0051_672-122797-0060__T1__NORMAL__5142,5142,672,5,0.0,0.0,0.0,0.0,0.0,0.0,0.0,0.0,47.87009135232798,21.31832435312303
5142-33396-0051_672-122797-0060__T2__NORMAL__672,672,5142,5,0.0,0.2,0.0,0.0,0.0,0.0,0.0,0.0,53.328768096224984,16.54737667581942
5142-33396-0052_672-122797-0072__T1__NORMAL__5142,5142,672,9,0.0,0.0,0.0,0.0,0.0,0.0,0.0,0.0,42.064594385240945,13.857272362333454
5142-33396-0052_672-122797-0072__T2__NORMAL__672,672,5142,9,0.0,0.1111111111111111,0.0,0.0,0.0,0.0,0.0,0.0,51.59160754332203,17.1820228645192
5142-33396-0052_908-31957-0002__T1__NORMAL__5142,5142,908,8,0.0,0.0,0.0,0.0,0.0,0.0,0.0,0.0,62.10540586954185,19.929904966847385
5142-33396-0052_908-31957-0002__T2__NORMAL__908,908,5142,8,0.0,0.0,0.0,0.0,0.0,0.0,0.0,0.0,66.93716706201263,21.064975312257648
5142-33396-0053_260-123286-0002__T1__NORMAL__5142,5142,260,6,0.0,0.0,0.0,0.0,0.0,0.0,0.0,0.0,68.9932090758861,20.01703493265414
5142-33396-0053_260-123286-0002__T2__NORMAL__260,260,5142,6,0.0,0.0,0.0,0.0,0.0,0.0,0.0,0.0,73.45561114294493,24.37474880629544
5142-33396-0053_3729-6852-0037__T1__NORMAL__5142,5142,3729,6,0.0,0.16666666666666666,0.0,0.0,0.0,0.0,0.0,0.0,51.139097648955136,22.550001000013587
5142-33396-0053_3729-6852-0037__T2__NORMAL__3729,3729,5142,6,0.0,0.0,0.0,0.0,0.0,0.0,0.0,0.0,55.60871827942515,15.448413907009131
5142-33396-0054_1995-1836-0001__T1__NORMAL__5142,5142,1995,10,0.0,0.0,0.0,0.0,0.0,0.0,0.0,0.0,71.00301322378559,26.4862616587831
5142-33396-0054_1995-1836-0001__T2__NORMAL__1995,1995,5142,10,0.0,0.0,0.0,0.0,0.0,0.0,0.0,0.0,78.82174003025861,23.033694846256367
5142-33396-0056_237-126133-0010__T1__NORMAL__5142,5142,237,5,0.0,0.0,0.0,0.0,0.0,0.0,0.0,0.0,57.284955956442715,27.524597830272704
5142-33396-0056_237-126133-0010__T2__NORMAL__237,237,5142,5,0.0,0.0,0.0,0.0,0.0,0.0,0.0,0.0,56.81698627232604,23.549100259173684
5142-33396-0057_1580-141083-0009__T1__NORMAL__5142,5142,1580,5,0.0,0.0,0.0,0.0,0.0,0.0,0.0,0.0,69.43588992461817,18.1343710332845
5142-33396-0057_1580-141083-0009__T2__NORMAL__1580,1580,5142,5,0.0,0.0,0.0,0.0,0.0,0.0,0.0,0.0,64.65115403505682,19.356846390389823
5142-33396-0057_6930-81414-0011__T1__NORMAL__5142,5142,6930,5,0.0,0.0,0.0,0.0,0.0,0.0,0.0,0.0,58.60513604247711,13.641356848456256
5142-33396-0057_6930-81414-0011__T2__NORMAL__6930,6930,5142,5,0.0,0.0,0.0,0.0,0.0,0.0,0.0,0.0,61.217145699094445,15.375987040610138
5142-33396-0057_7127-75946-0020__T1__NORMAL__5142,5142,7127,5,0.0,0.0,0.0,0.0,0.0,0.0,0.0,0.0,55.35996691907671,19.537207873654964
5142-33396-0057_7127-75946-0020__T2__NORMAL__7127,7127,5142,5,0.0,0.0,0.0,0.0,0.0,0.0,0.0,0.0,66.15559398955642,21.66061417583212
5142-33396-0057_7729-102255-0010__T1__NORMAL__5142,5142,7729,5,0.0,0.0,0.0,0.0,0.0,0.0,0.0,0.0,60.7907434181365,22.092470647164333
5142-33396-0057_7729-102255-0010__T2__NORMAL__7729,7729,5142,5,0.0,0.0,0.0,0.0,0.0,0.0,0.0,0.0,53.28530101948693,16.44890435912908
5142-33396-0058_908-157963-0006__T1__NORMAL__5142,5142,908,5,0.0,0.0,0.0,0.0,0.0,0.0,0.0,0.0,54.89432968470741,18.87928354117049
5142-33396-0058_908-157963-0006__T2__NORMAL__908,908,5142,5,0.0,0.2,0.0,0.0,0.0,0.0,0.0,0.0,67.83321898353401,18.9424685024144
5142-33396-0059_237-134500-0027__T1__NORMAL__5142,5142,237,5,0.0,0.0,0.0,0.0,0.0,0.0,0.0,0.0,64.49734487298794,25.89597594046097
5142-33396-0059_237-134500-0027__T2__NORMAL__237,237,5142,5,0.0,0.0,0.0,0.0,0.0,0.0,0.0,0.0,68.14453692006373,22.36577290733928
5142-33396-0059_6829-68769-0034__T1__NORMAL__5142,5142,6829,9,0.0,0.0,0.0,0.0,0.0,0.0,0.0,0.0,57.96916762092482,23.42487554356871
5142-33396-0059_6829-68769-0034__T2__NORMAL__6829,6829,5142,9,0.0,0.0,0.0,0.0,0.0,0.0,0.0,0.0,62.438213543681805,20.68444541731057
5142-33396-0059_6930-76324-0016__T1__NORMAL__5142,5142,6930,9,0.0,0.0,0.0,0.0,0.0,0.0,0.0,0.0,51.774375636485864,18.17169769601286
5142-33396-0059_6930-76324-0016__T2__NORMAL__6930,6930,5142,9,0.0,0.0,0.0,0.0,0.0,0.0,0.0,0.0,68.32929878853915,16.950502291469263
5142-33396-0064_8555-292519-0012__T1__NORMAL__5142,5142,8555,5,0.0,0.0,0.0,0.0,0.0,0.0,0.0,0.0,63.47098294319653,24.21001253025615
5142-33396-0064_8555-292519-0012__T2__NORMAL__8555,8555,5142,5,0.0,0.0,0.0,0.0,0.0,0.0,0.0,0.0,71.57982486045987,15.648839887433402
5142-33396-0065_121-127105-0032__T1__NORMAL__5142,5142,121,5,0.0,0.0,0.0,0.0,0.0,0.0,0.0,0.0,45.32296601921619,18.287180235420788
5142-33396-0065_121-127105-0032__T2__NORMAL__121,121,5142,5,0.0,0.2,0.0,0.0,0.0,0.0,0.0,0.0,46.934240925588426,15.771026622193151
5142-33396-0067_1995-1836-0012__T1__NORMAL__5142,5142,1995,6,0.0,0.0,0.0,0.0,0.0,0.0,0.0,0.0,66.69760673446613,31.794899889614506
5142-33396-0067_1995-1836-0012__T2__NORMAL__1995,1995,5142,6,0.0,0.0,0.0,0.0,0.0,0.0,0.0,0.0,75.59743800104779,22.52937574605268
5142-33396-0068_121-121726-0007__T1__NORMAL__5142,5142,121,6,0.0,0.0,0.0,0.0,0.0,0.0,0.0,0.0,68.39688747688692,26.96969013753904
5142-33396-0068_121-121726-0007__T2__NORMAL__121,121,5142,6,0.0,0.0,0.0,0.0,0.0,0.0,0.0,0.0,68.41229252889049,25.844381380275184
5142-33396-0068_7127-75947-0013__T1__NORMAL__5142,5142,7127,7,0.0,0.0,0.0,0.0,0.0,0.0,0.0,0.0,67.66731700594354,24.2352704056082
5142-33396-0068_7127-75947-0013__T2__NORMAL__7127,7127,5142,7,0.0,0.0,0.0,0.0,0.0,0.0,0.0,0.0,64.8277046211044,21.07829096427374
5142-36377-0000_2094-142345-0044__T1__NORMAL__5142,5142,2094,5,0.0,0.0,0.0,0.0,0.0,0.0,0.0,0.0,39.003443924325985,16.49441661442603
5142-36377-0000_2094-142345-0044__T2__NORMAL__2094,2094,5142,5,0.0,0.0,0.0,0.0,0.0,0.0,0.0,0.0,42.749078297363674,10.597502684978243
5142-36377-0001_1221-135767-0007__T1__NORMAL__5142,5142,1221,9,0.0,0.0,0.0,0.0,0.0,0.0,0.0,0.0,57.4424381363611,18.0749587133356
5142-36377-0001_1221-135767-0007__T2__NORMAL__1221,1221,5142,9,0.0,0.0,0.0,0.0,0.0,0.0,0.0,0.0,62.50580057521981,16.963357390750048
5142-36377-0001_4992-41797-0010__T1__NORMAL__5142,5142,4992,9,0.0,0.0,0.0,0.0,0.0,0.0,0.0,0.0,57.27627508443686,20.895219759316223
5142-36377-0001_4992-41797-0010__T2__NORMAL__4992,4992,5142,9,0.0,0.1111111111111111,0.0,0.0,0.0,0.0,0.0,0.0,55.32987600860443,17.95635049429161
5142-36377-0001_5683-32866-0012__T1__NORMAL__5142,5142,5683,9,0.3333333333333333,0.1111111111111111,0.3333333333333333,0.2222222222222222,0.1111111111111111,0.1111111111111111,0.1111111111111111,0.1111111111111111,11.766041051540466,-0.0623706473515748
5142-36377-0001_5683-32866-0012__T2__NORMAL__5683,5683,5142,9,0.0,0.0,0.1111111111111111,0.0,0.0,0.0,0.0,0.0,56.67011546163748,18.78917675577724
5142-36377-0002_6930-75918-0002__T1__NORMAL__5142,5142,6930,9,0.0,0.0,0.0,0.0,0.0,0.0,0.0,0.0,49.6931914286046,15.417367757043502
5142-36377-0002_6930-75918-0002__T2__NORMAL__6930,6930,5142,9,0.0,0.0,0.0,0.0,0.0,0.0,0.0,0.0,63.40364778059047,20.096805170071462
5142-36377-0003_1221-135767-0010__T1__NORMAL__5142,5142,1221,6,0.0,0.0,0.0,0.0,0.0,0.0,0.0,0.0,57.804729280829896,18.77514550582952
5142-36377-0003_1221-135767-0010__T2__NORMAL__1221,1221,5142,6,0.0,0.0,0.0,0.0,0.0,0.0,0.0,0.0,62.96900043135154,21.0865153637761
5142-36377-0003_1320-122612-0014__T1__NORMAL__5142,5142,1320,6,0.0,0.0,0.0,0.0,0.0,0.0,0.0,0.0,64.7122455759453,23.494137048086827
5142-36377-0003_1320-122612-0014__T2__NORMAL__1320,1320,5142,6,0.0,0.0,0.0,0.0,0.0,0.0,0.0,0.0,69.15273438172186,19.810456022735416
5142-36377-0004_1580-141083-0004__T1__NORMAL__5142,5142,1580,8,0.0,0.0,0.0,0.0,0.0,0.0,0.0,0.0,45.908188216760195,17.053682918803183
5142-36377-0004_1580-141083-0004__T2__NORMAL__1580,1580,5142,8,0.0,0.125,0.0,0.0,0.0,0.0,0.0,0.0,46.47783045408369,18.260999261004496
5142-36377-0004_61-70968-0055__T1__NORMAL__5142,5142,61,6,0.0,0.0,0.0,0.0,0.0,0.0,0.0,0.0,52.649718212702,19.542178209628705
5142-36377-0004_61-70968-0055__T2__NORMAL__61,61,5142,6,0.0,0.0,0.0,0.0,0.0,0.0,0.0,0.0,55.938395582893286,19.48453492794777
5142-36377-0004_61-70970-0002__T1__NORMAL__5142,5142,61,7,0.0,0.0,0.0,0.0,0.0,0.0,0.0,0.0,51.642072621706355,18.38144545061481
5142-36377-0004_61-70970-0002__T2__NORMAL__61,61,5142,7,0.0,0.0,0.0,0.0,0.0,0.0,0.0,0.0,58.55617592099598,19.06996104867536
5142-36377-0005_1221-135767-0022__T1__NORMAL__5142,5142,1221,13,0.0,0.0,0.0,0.0,0.0,0.0,0.0,0.0,53.016272924714286,15.758352845066025
5142-36377-0005_1221-135767-0022__T2__NORMAL__1221,1221,5142,13,0.0,0.0,0.0,0.0,0.0,0.0,0.0,0.0,51.11995984029356,19.740049978100725
5142-36377-0005_237-126133-0001__T1__NORMAL__5142,5142,237,13,0.0,0.0,0.0,0.0,0.0,0.0,0.0,0.0,58.554421783384825,20.709557341930687
5142-36377-0005_237-126133-0001__T2__NORMAL__237,237,5142,13,0.0,0.0,0.0,0.0,0.0,0.0,0.0,0.0,59.57441348910225,22.27496189098936
5142-36377-0005_6930-81414-0019__T1__NORMAL__5142,5142,6930,5,0.0,0.0,0.0,0.0,0.0,0.0,0.0,0.0,48.012134435325265,11.785211225453802
5142-36377-0005_6930-81414-0019__T2__NORMAL__6930,6930,5142,5,0.0,0.0,0.0,0.0,0.0,0.0,0.0,0.0,51.40060940500384,18.385215604180523
5142-36377-0005_8455-210777-0019__T1__NORMAL__5142,5142,8455,13,0.0,0.0,0.0,0.0,0.0,0.0,0.0,0.0,52.37631064558406,16.544449738396466
5142-36377-0005_8455-210777-0019__T2__NORMAL__8455,8455,5142,13,0.0,0.0,0.07692307692307693,0.0,0.0,0.0,0.0,0.0,57.54140854086756,20.755431626318945
5142-36377-0006_1995-1837-0022__T1__NORMAL__5142,5142,1995,5,0.0,0.0,0.0,0.0,0.0,0.0,0.0,0.0,49.864302709622535,21.804793673254032
5142-36377-0006_1995-1837-0022__T2__NORMAL__1995,1995,5142,5,0.0,0.0,0.0,0.0,0.0,0.0,0.0,0.0,52.68108270124607,20.47256933257805
5142-36377-0006_61-70968-0045__T1__NORMAL__5142,5142,61,5,0.0,0.2,0.0,0.0,0.0,0.0,0.0,0.0,49.7796616644398,17.496558426807322
5142-36377-0006_61-70968-0045__T2__NORMAL__61,61,5142,5,0.0,0.0,0.0,0.0,0.0,0.0,0.0,0.0,54.48427709556811,18.034136333572093
5142-36377-0006_8463-294828-0010__T1__NORMAL__5142,5142,8463,8,0.0,0.0,0.0,0.0,0.0,0.0,0.0,0.0,58.581466692495994,16.357531631572687
5142-36377-0006_8463-294828-0010__T2__NORMAL__8463,8463,5142,8,0.0,0.0,0.0,0.0,0.0,0.0,0.0,0.0,52.8370835042965,22.40507915228102
5142-36377-0007_2830-3979-0012__T1__NORMAL__5142,5142,2830,6,0.0,0.0,0.0,0.0,0.0,0.0,0.0,0.0,70.64421015777981,25.546496867422007
5142-36377-0007_2830-3979-0012__T2__NORMAL__2830,2830,5142,6,0.0,0.0,0.0,0.0,0.0,0.0,0.0,0.0,65.95583254777256,24.157478339392046
5142-36377-0009_1284-1180-0007__T1__NORMAL__5142,5142,1284,9,0.0,0.0,0.0,0.0,0.0,0.0,0.0,0.0,59.338377253383584,19.563797266796936
5142-36377-0009_1284-1180-0007__T2__NORMAL__1284,1284,5142,9,0.0,0.0,0.0,0.0,0.0,0.0,0.0,0.0,61.225971190940214,21.036688047204308
5142-36377-0009_4446-2273-0018__T1__NORMAL__5142,5142,4446,5,0.0,0.0,0.0,0.0,0.0,0.0,0.0,0.0,53.2763074476904,10.658820205092445
5142-36377-0009_4446-2273-0018__T2__NORMAL__4446,4446,5142,5,1.0,0.8,1.0,1.0,0.8,0.8,0.8,0.8,-52.582124787923725,-38.291536044091096
5142-36377-0010_5105-28241-0003__T1__NORMAL__5142,5142,5105,6,0.0,0.0,0.0,0.0,0.0,0.0,0.0,0.0,51.988831018177535,4.204277331865502
5142-36377-0010_5105-28241-0003__T2__NORMAL__5105,5105,5142,6,0.0,0.16666666666666666,0.0,0.0,0.0,0.0,0.0,0.0,49.564537765617594,7.68079057995263
5142-36377-0013_3729-6852-0040__T1__NORMAL__5142,5142,3729,12,0.0,0.0,0.0,0.0,0.0,0.0,0.0,0.0,49.16408962865159,20.24529557652378
5142-36377-0013_3729-6852-0040__T2__NORMAL__3729,3729,5142,12,0.0,0.0,0.0,0.0,0.0,0.0,0.0,0.0,56.187565240522936,17.526535925266774
5142-36377-0013_8455-210777-0009__T1__NORMAL__5142,5142,8455,8,0.0,0.0,0.0,0.0,0.0,0.0,0.0,0.0,51.18532591143277,22.87076840068994
5142-36377-0013_8455-210777-0009__T2__NORMAL__8455,8455,5142,8,0.0,0.0,0.0,0.0,0.0,0.0,0.0,0.0,61.4931238363981,16.59217833765605
5142-36377-0013_908-157963-0003__T1__NORMAL__5142,5142,908,5,0.0,0.0,0.0,0.0,0.0,0.0,0.0,0.0,55.772299154919025,21.586796314341854
5142-36377-0013_908-157963-0003__T2__NORMAL__908,908,5142,5,0.0,0.0,0.0,0.0,0.0,0.0,0.0,0.0,64.30312969091838,20.57138097066522
5142-36377-0018_4970-29093-0010__T1__NORMAL__5142,5142,4970,8,0.0,0.125,0.0,0.0,0.0,0.0,0.0,0.0,54.83532458747722,23.000977569783142
5142-36377-0018_4970-29093-0010__T2__NORMAL__4970,4970,5142,8,0.0,0.125,0.0,0.0,0.0,0.0,0.0,0.0,54.749291162128884,17.872927690990768
5142-36377-0022_1089-134686-0006__T1__NORMAL__5142,5142,1089,20,0.0,0.0,0.0,0.0,0.0,0.0,0.0,0.0,60.897077301228094,23.799177446442783
5142-36377-0022_1089-134686-0006__T2__NORMAL__1089,1089,5142,20,0.0,0.05,0.0,0.0,0.0,0.0,0.0,0.0,59.129078569256464,23.038194412340765
5142-36377-0022_4992-41797-0015__T1__NORMAL__5142,5142,4992,16,0.0,0.0,0.0,0.0,0.0,0.0,0.0,0.0,49.77024649524251,19.41655701922293
5142-36377-0022_4992-41797-0015__T2__NORMAL__4992,4992,5142,16,0.0,0.0,0.0,0.0,0.0,0.0,0.0,0.0,46.02535006464081,12.724271980975844
5142-36377-0023_1320-122617-0019__T1__NORMAL__5142,5142,1320,10,0.0,0.0,0.0,0.0,0.0,0.0,0.0,0.0,61.42569370776283,24.048657863078365
5142-36377-0023_1320-122617-0019__T2__NORMAL__1320,1320,5142,10,0.0,0.0,0.0,0.0,0.0,0.0,0.0,0.0,66.01477708751199,22.303534777175106
5142-36377-0023_1580-141084-0023__T1__NORMAL__5142,5142,1580,10,0.0,0.0,0.0,0.0,0.0,0.0,0.0,0.0,59.16812109005967,22.85573055323617
5142-36377-0023_1580-141084-0023__T2__NORMAL__1580,1580,5142,10,0.0,0.0,0.0,0.0,0.0,0.0,0.0,0.0,61.28961951878862,19.53195425836292
5142-36377-0023_2830-3979-0009__T1__NORMAL__5142,5142,2830,10,0.0,0.0,0.0,0.0,0.0,0.0,0.0,0.0,50.48319445847615,23.95557329717898
5142-36377-0023_2830-3979-0009__T2__NORMAL__2830,2830,5142,10,0.0,0.0,0.0,0.0,0.0,0.0,0.0,0.0,51.18591291586048,19.73020636560397
5142-36377-0023_7021-85628-0027__T1__NORMAL__5142,5142,7021,10,0.0,0.0,0.0,0.0,0.0,0.0,0.0,0.0,61.6065797176649,17.53438909080293
5142-36377-0023_7021-85628-0027__T2__NORMAL__7021,7021,5142,10,0.0,0.0,0.0,0.0,0.0,0.0,0.0,0.0,63.42218663656455,17.31109338625452
5142-36377-0024_2961-961-0015__T1__NORMAL__5142,5142,2961,10,0.0,0.1,0.0,0.1,0.0,0.0,0.0,0.0,45.960269618515994,18.760311678887472
5142-36377-0024_2961-961-0015__T2__NORMAL__2961,2961,5142,10,0.0,0.1,0.0,0.0,0.0,0.0,0.0,0.0,57.16284272593212,14.60996056458436
5142-36377-0024_6930-81414-0026__T1__NORMAL__5142,5142,6930,5,0.0,0.0,0.0,0.0,0.0,0.0,0.0,0.0,47.70010295997996,16.341775494626617
5142-36377-0024_6930-81414-0026__T2__NORMAL__6930,6930,5142,5,0.0,0.0,0.0,0.0,0.0,0.0,0.0,0.0,66.20016277000339,15.301811549183748
5142-36377-0025_1995-1836-0007__T1__NORMAL__5142,5142,1995,5,0.0,0.2,0.0,0.0,0.0,0.0,0.0,0.0,61.59073808400569,26.39126591771393
5142-36377-0025_1995-1836-0007__T2__NORMAL__1995,1995,5142,5,0.0,0.0,0.0,0.0,0.0,0.0,0.0,0.0,68.36166969007886,22.458854204205
5142-36586-0003_260-123288-0002__T1__NORMAL__5142,5142,260,9,0.0,0.0,0.0,0.0,0.0,0.0,0.0,0.0,57.595539892358566,19.583785946945465
5142-36586-0003_260-123288-0002__T2__NORMAL__260,260,5142,9,0.0,0.0,0.0,0.0,0.0,0.0,0.0,0.0,56.17075721904212,19.486665749627942
5142-36586-0003_5683-32879-0017__T1__NORMAL__5142,5142,5683,9,0.0,0.0,0.0,0.0,0.0,0.0,0.0,0.0,68.92989503050468,19.707424012920978
5142-36586-0003_5683-32879-0017__T2__NORMAL__5683,5683,5142,9,0.0,0.0,0.0,0.0,0.0,0.0,0.0,0.0,66.3245621211334,19.744996291446327
5142-36586-0004_8230-279154-0040__T1__NORMAL__5142,5142,8230,6,0.0,0.16666666666666666,0.0,0.0,0.0,0.0,0.0,0.0,62.28969768975866,29.59355734717024
5142-36586-0004_8230-279154-0040__T2__NORMAL__8230,8230,5142,6,0.0,0.0,0.0,0.0,0.0,0.0,0.0,0.0,54.62903323447558,17.785289094542126
5639-40744-0002_1995-1837-0003__T1__NORMAL__5639,5639,1995,13,0.0,0.07692307692307693,0.0,0.0,0.0,0.0,0.0,0.0,53.880642577623576,24.54912986644173
5639-40744-0002_1995-1837-0003__T2__NORMAL__1995,1995,5639,13,0.0,0.07692307692307693,0.0,0.0,0.0,0.0,0.0,0.0,59.497629947458364,19.78996255650336
5639-40744-0004_260-123286-0026__T1__NORMAL__5639,5639,260,12,0.0,0.0,0.0,0.0,0.0,0.0,0.0,0.0,52.3185897110302,19.762106990437683
5639-40744-0004_260-123286-0026__T2__NORMAL__260,260,5639,12,0.0,0.0,0.0,0.0,0.0,0.0,0.0,0.0,52.183635655610836,19.80159857401149
5639-40744-0004_7127-75946-0017__T1__NORMAL__5639,5639,7127,23,0.0,0.043478260869565216,0.0,0.0,0.0,0.0,0.0,0.0,58.10354978884008,19.30917133070063
5639-40744-0004_7127-75946-0017__T2__NORMAL__7127,7127,5639,23,0.0,0.043478260869565216,0.0,0.0,0.0,0.0,0.0,0.0,60.42371740972461,19.75984993376266
5639-40744-0005_260-123288-0024__T1__NORMAL__5639,5639,260,10,0.0,0.0,0.0,0.0,0.0,0.0,0.0,0.0,49.31243564713377,18.34839811780488
5639-40744-0005_260-123288-0024__T2__NORMAL__260,260,5639,10,0.0,0.0,0.0,0.0,0.0,0.0,0.0,0.0,57.39912726907362,18.203182936849725
5639-40744-0006_4446-2275-0041__T1__NORMAL__5639,5639,4446,8,0.0,0.0,0.0,0.0,0.0,0.0,0.0,0.0,60.54263169396782,18.768303628219925
5639-40744-0006_4446-2275-0041__T2__NORMAL__4446,4446,5639,8,1.0,1.0,1.0,1.0,1.0,1.0,1.0,1.0,-60.05299252068923,-41.997076217048246
5639-40744-0006_672-122797-0026__T1__NORMAL__5639,5639,672,15,0.0,0.0,0.0,0.0,0.0,0.0,0.0,0.0,43.12739652350977,14.640160206954
5639-40744-0006_672-122797-0026__T2__NORMAL__672,672,5639,15,0.0,0.06666666666666667,0.0,0.0,0.0,0.0,0.0,0.0,46.23775050232847,15.916435617204565
5639-40744-0007_4970-29095-0023__T1__NORMAL__5639,5639,4970,6,0.0,0.0,0.0,0.0,0.0,0.0,0.0,0.0,63.592004287865656,21.8142642006256
5639-40744-0007_4970-29095-0023__T2__NORMAL__4970,4970,5639,6,0.0,0.0,0.0,0.0,0.0,0.0,0.0,0.0,59.47196445828629,20.757388232794334
5639-40744-0010_2961-961-0018__T1__NORMAL__5639,5639,2961,7,0.0,0.14285714285714285,0.0,0.14285714285714285,0.0,0.0,0.0,0.0,43.8107137242504,17.742869430831156
5639-40744-0010_2961-961-0018__T2__NORMAL__2961,2961,5639,7,0.0,0.14285714285714285,0.0,0.0,0.0,0.0,0.0,0.0,45.79910783535108,12.457931415876471
5639-40744-0010_61-70968-0050__T1__NORMAL__5639,5639,61,7,0.0,0.0,0.0,0.0,0.0,0.0,0.0,0.0,48.79416990762435,18.813516772247795
5639-40744-0010_61-70968-0050__T2__NORMAL__61,61,5639,7,0.0,0.0,0.0,0.0,0.0,0.0,0.0,0.0,55.29940451640933,15.778571606586784
5639-40744-0012_5683-32879-0021__T1__NORMAL__5639,5639,5683,7,0.0,0.0,0.0,0.0,0.0,0.0,0.0,0.0,71.1003768745138,19.07859441642828
5639-40744-0012_5683-32879-0021__T2__NORMAL__5683,5683,5639,7,0.0,0.0,0.0,0.0,0.0,0.0,0.0,0.0,64.02179855472419,25.533342126231293
5639-40744-0012_8555-292519-0011__T1__NORMAL__5639,5639,8555,5,0.0,0.0,0.0,0.0,0.0,0.0,0.0,0.0,56.903509305352735,22.91832698086125
5639-40744-0012_8555-292519-0011__T2__NORMAL__8555,8555,5639,5,0.0,0.0,0.0,0.0,0.0,0.0,0.0,0.0,59.186414254976754,22.14800101566305
5639-40744-0013_237-134500-0021__T1__NORMAL__5639,5639,237,9,0.0,0.0,0.0,0.0,0.0,0.0,0.0,0.0,62.24091245586331,19.36165165398468
5639-40744-0013_237-134500-0021__T2__NORMAL__237,237,5639,9,0.0,0.1111111111111111,0.0,0.0,0.0,0.0,0.0,0.0,59.54332840756628,22.92970577887044
5639-40744-0013_3570-5695-0014__T1__NORMAL__5639,5639,3570,12,0.0,0.0,0.0,0.0,0.0,0.0,0.0,0.0,64.99191222815345,25.28234592509476
5639-40744-0013_3570-5695-0014__T2__NORMAL__3570,3570,5639,12,0.0,0.0,0.0,0.0,0.0,0.0,0.0,0.0,68.44629925476193,20.297402917326885
5639-40744-0013_6829-68769-0039__T1__NORMAL__5639,5639,6829,7,0.0,0.0,0.0,0.0,0.0,0.0,0.0,0.0,58.62642837595517,19.70152662951275
5639-40744-0013_6829-68769-0039__T2__NORMAL__6829,6829,5639,7,0.0,0.0,0.0,0.0,0.0,0.0,0.0,0.0,60.78292632847762,23.15633472105884
5639-40744-0014_1995-1837-0018__T1__NORMAL__5639,5639,1995,14,0.0,0.07142857142857142,0.0,0.0,0.0,0.0,0.0,0.0,58.36274232527247,22.8518589713154
5639-40744-0014_1995-1837-0018__T2__NORMAL__1995,1995,5639,14,0.0,0.0,0.07142857142857142,0.0,0.0,0.0,0.0,0.0,64.53661317850417,22.487272643019203
5639-40744-0014_237-134493-0002__T1__NORMAL__5639,5639,237,14,0.0,0.0,0.0,0.0,0.0,0.0,0.0,0.0,62.749922279863156,23.789788195613376
5639-40744-0014_237-134493-0002__T2__NORMAL__237,237,5639,14,0.0,0.0,0.0,0.0,0.0,0.0,0.0,0.0,64.97301727317674,21.98759873275792
5639-40744-0015_2961-961-0021__T1__NORMAL__5639,5639,2961,8,0.0,0.0,0.0,0.0,0.0,0.0,0.0,0.0,55.257522372620656,17.633315747283614
5639-40744-0015_2961-961-0021__T2__NORMAL__2961,2961,5639,8,0.0,0.0,0.0,0.0,0.0,0.0,0.0,0.0,54.30905599348691,20.0309967256252
5639-40744-0015_5683-32866-0017__T1__NORMAL__5639,5639,5683,8,0.0,0.0,0.0,0.0,0.0,0.0,0.0,0.0,63.93231210975348,21.632375715658377
5639-40744-0015_5683-32866-0017__T2__NORMAL__5683,5683,5639,8,0.0,0.0,0.0,0.0,0.0,0.0,0.0,0.0,65.77143552065345,23.617490286227625
5639-40744-0016_2830-3980-0006__T1__NORMAL__5639,5639,2830,11,0.0,0.0,0.0,0.0,0.0,0.0,0.0,0.0,57.35629976076882,17.5218072335162
5639-40744-0016_2830-3980-0006__T2__NORMAL__2830,2830,5639,11,0.0,0.09090909090909091,0.0,0.0,0.0,0.0,0.0,0.0,55.89716698266823,20.97983131581281
5639-40744-0016_5142-36377-0002__T1__NORMAL__5639,5639,5142,10,0.0,0.0,0.0,0.0,0.0,0.0,0.0,0.0,55.41380271644219,20.630811923170786
5639-40744-0016_5142-36377-0002__T2__NORMAL__5142,5142,5639,10,0.0,0.0,0.0,0.0,0.0,0.0,0.0,0.0,52.55353382080126,20.27380463277868
5639-40744-0016_908-31957-0020__T1__NORMAL__5639,5639,908,10,0.0,0.0,0.0,0.0,0.0,0.0,0.0,0.0,49.447059886306846,16.788915311208225
5639-40744-0016_908-31957-0020__T2__NORMAL__908,908,5639,10,0.0,0.1,0.0,0.0,0.0,0.0,0.0,0.0,67.32517900353754,22.20020669718382
5639-40744-0017_908-31957-0013__T1__NORMAL__5639,5639,908,10,0.0,0.0,0.0,0.0,0.0,0.0,0.0,0.0,50.34881983932582,18.15854621002416
5639-40744-0017_908-31957-0013__T2__NORMAL__908,908,5639,10,0.0,0.0,0.0,0.0,0.0,0.0,0.0,0.0,55.21478827633803,17.248882777337045
5639-40744-0019_237-134500-0022__T1__NORMAL__5639,5639,237,9,0.0,0.0,0.0,0.0,0.0,0.0,0.0,0.0,54.6992232692307,20.63787217619463
5639-40744-0019_237-134500-0022__T2__NORMAL__237,237,5639,9,0.0,0.0,0.0,0.0,0.0,0.0,0.0,0.0,60.029158760837,17.406303338504227
5639-40744-0020_3570-5694-0009__T1__NORMAL__5639,5639,3570,18,0.0,0.0,0.05555555555555555,0.0,0.0,0.0,0.0,0.0,53.64842048144639,21.98419456214413
5639-40744-0020_3570-5694-0009__T2__NORMAL__3570,3570,5639,18,0.0,0.0,0.05555555555555555,0.0,0.0,0.0,0.0,0.0,57.59547488544753,17.57053711163988
5639-40744-0020_7021-79740-0001__T1__NORMAL__5639,5639,7021,10,0.0,0.0,0.0,0.0,0.0,0.0,0.0,0.0,59.61365073538168,15.402054903241446
5639-40744-0020_7021-79740-0001__T2__NORMAL__7021,7021,5639,10,0.0,0.1,0.0,0.0,0.0,0.0,0.0,0.0,53.61667183482363,18.030160414118445
5639-40744-0020_7021-85628-0001__T1__NORMAL__5639,5639,7021,18,0.0,0.1111111111111111,0.0,0.0,0.0,0.0,0.0,0.0,48.60440911495492,18.260095424794205
5639-40744-0020_7021-85628-0001__T2__NORMAL__7021,7021,5639,18,0.0,0.0,0.0,0.0,0.0,0.0,0.0,0.0,54.17805818836991,18.015698451790275
5639-40744-0021_7176-92135-0034__T1__NORMAL__5639,5639,7176,7,0.0,0.0,0.0,0.0,0.0,0.0,0.0,0.0,52.15545840351859,21.09401010596231
5639-40744-0021_7176-92135-0034__T2__NORMAL__7176,7176,5639,7,0.0,0.0,0.0,0.0,0.0,0.0,0.0,0.0,53.70805722788906,21.067639834271844
5639-40744-0023_672-122797-0016__T1__NORMAL__5639,5639,672,17,0.0,0.058823529411764705,0.0,0.0,0.0,0.0,0.0,0.0,51.302895474132924,14.078312773843964
5639-40744-0023_672-122797-0016__T2__NORMAL__672,672,5639,17,0.0,0.058823529411764705,0.0,0.0,0.0,0.0,0.0,0.0,51.84181983242064,18.93452340966529
5639-40744-0025_6829-68769-0009__T1__NORMAL__5639,5639,6829,7,0.0,0.0,0.14285714285714285,0.0,0.0,0.0,0.0,0.0,52.682100645665344,21.36176441986818
5639-40744-0025_6829-68769-0009__T2__NORMAL__6829,6829,5639,7,0.0,0.0,0.0,0.0,0.0,0.0,0.0,0.0,57.54340567896816,18.971917309122432
5639-40744-0025_8463-294825-0016__T1__NORMAL__5639,5639,8463,7,0.0,0.0,0.0,0.0,0.0,0.0,0.0,0.0,56.69261983604759,20.493775818843364
5639-40744-0025_8463-294825-0016__T2__NORMAL__8463,8463,5639,7,0.0,0.0,0.0,0.0,0.0,0.0,0.0,0.0,54.72107301754732,22.01119474365026
5639-40744-0028_4992-41797-0007__T1__NORMAL__5639,5639,4992,12,0.0,0.08333333333333333,0.0,0.0,0.0,0.0,0.0,0.0,52.557161525692884,17.012712336109466
5639-40744-0028_4992-41797-0007__T2__NORMAL__4992,4992,5639,12,0.0,0.08333333333333333,0.0,0.0,0.0,0.0,0.0,0.0,62.0380538573063,21.27149529277905
5639-40744-0029_1221-135766-0010__T1__NORMAL__5639,5639,1221,13,0.0,0.07692307692307693,0.0,0.0,0.0,0.0,0.0,0.0,49.81173613528573,16.276678433747144
5639-40744-0029_1221-135766-0010__T2__NORMAL__1221,1221,5639,13,0.0,0.0,0.0,0.0,0.0,0.0,0.0,0.0,56.782602896096606,18.99341069741818
5639-40744-0029_1995-1837-0015__T1__NORMAL__5639,5639,1995,7,0.0,0.0,0.0,0.0,0.0,0.0,0.0,0.0,62.87588970005858,21.48511762361132
5639-40744-0029_1995-1837-0015__T2__NORMAL__1995,1995,5639,7,0.0,0.0,0.0,0.0,0.0,0.0,0.0,0.0,60.602585488452,22.13798576366104
5639-40744-0029_5683-32865-0008__T1__NORMAL__5639,5639,5683,11,0.0,0.0,0.0,0.0,0.0,0.0,0.0,0.0,60.26842662929428,22.537399529600567
5639-40744-0029_5683-32865-0008__T2__NORMAL__5683,5683,5639,11,0.0,0.0,0.0,0.0,0.0,0.0,0.0,0.0,64.31520142671651,19.78603650020322
5639-40744-0033_4446-2273-0035__T1__NORMAL__5639,5639,4446,11,0.0,0.0,0.0,0.0,0.0,0.0,0.0,0.0,67.71208374614689,24.81211036770485
5639-40744-0033_4446-2273-0035__T2__NORMAL__4446,4446,5639,11,1.0,0.9090909090909091,1.0,1.0,0.9090909090909091,0.9090909090909091,0.9090909090909091,0.9090909090909091,-68.7417128380007,-66.93219316345824
5639-40744-0033_4446-2275-0034__T1__NORMAL__5639,5639,4446,5,0.0,0.0,0.0,0.0,0.0,0.0,0.0,0.0,59.46421286083762,19.800989096206912
5639-40744-0033_4446-2275-0034__T2__NORMAL__4446,4446,5639,5,1.0,1.0,1.0,1.0,1.0,1.0,1.0,1.0,-59.23362373968494,-40.82669971210156
5639-40744-0034_4507-16021-0058__T1__NORMAL__5639,5639,4507,5,0.0,0.2,0.0,0.0,0.0,0.0,0.0,0.0,50.02895783131005,16.42245673974501
5639-40744-0034_4507-16021-0058__T2__NORMAL__4507,4507,5639,5,0.0,0.0,0.0,0.0,0.0,0.0,0.0,0.0,67.617310140212,19.49786657066338
5639-40744-0036_8224-274381-0003__T1__NORMAL__5639,5639,8224,22,0.0,0.0,0.0,0.0,0.0,0.0,0.0,0.0,48.411800056608165,20.424859389383663
5639-40744-0036_8224-274381-0003__T2__NORMAL__8224,8224,5639,22,0.0,0.0,0.045454545454545456,0.0,0.0,0.0,0.0,0.0,60.070525994036345,13.609165627889922
5639-40744-0037_6930-76324-0002__T1__NORMAL__5639,5639,6930,10,0.0,0.0,0.0,0.0,0.0,0.0,0.0,0.0,48.77358255922748,13.786022033747804
5639-40744-0037_6930-76324-0002__T2__NORMAL__6930,6930,5639,10,0.0,0.1,0.0,0.0,0.0,0.0,0.0,0.0,54.365881560954996,18.587961963650564
5639-40744-0038_4446-2275-0042__T1__NORMAL__5639,5639,4446,9,0.0,0.0,0.0,0.0,0.0,0.0,0.0,0.0,54.920480900365696,17.215118420758493
5639-40744-0038_4446-2275-0042__T2__NORMAL__4446,4446,5639,9,1.0,1.0,1.0,1.0,1.0,1.0,1.0,1.0,-54.41438557572171,-37.96113725912368
5639-40744-0039_6930-81414-0009__T1__NORMAL__5639,5639,6930,22,0.0,0.0,0.045454545454545456,0.0,0.0,0.0,0.0,0.0,52.55897644731328,14.403484661744445
5639-40744-0039_6930-81414-0009__T2__NORMAL__6930,6930,5639,22,0.0,0.0,0.0,0.0,0.0,0.0,0.0,0.0,60.737547897037096,18.054214662112827
5639-40744-0040_908-31957-0024__T1__NORMAL__5639,5639,908,14,0.0,0.0,0.0,0.0,0.0,0.0,0.0,0.0,55.047734865058025,18.466190937996373
5639-40744-0040_908-31957-0024__T2__NORMAL__908,908,5639,14,0.0,0.0,0.0,0.0,0.0,0.0,0.0,0.0,52.60778026316222,18.0272574302947
5683-32865-0003_2961-961-0018__T1__NORMAL__5683,5683,2961,6,0.0,0.16666666666666666,0.0,0.3333333333333333,0.0,0.0,0.0,0.0,45.725140674940555,15.245158119366296
5683-32865-0003_2961-961-0018__T2__NORMAL__2961,2961,5683,6,0.0,0.0,0.0,0.0,0.0,0.0,0.0,0.0,40.021240993979546,13.31555633227184
5683-32865-0006_5142-33396-0043__T1__NORMAL__5683,5683,5142,5,0.0,0.0,0.0,0.0,0.0,0.0,0.0,0.0,61.99977917112972,21.42625518162048
5683-32865-0006_5142-33396-0043__T2__NORMAL__5142,5142,5683,5,0.0,0.0,0.0,0.0,0.0,0.0,0.0,0.0,64.54768739763043,18.159851404887863
5683-32865-0006_61-70970-0027__T1__NORMAL__5683,5683,61,5,0.0,0.0,0.0,0.0,0.0,0.0,0.0,0.0,55.74629368073431,22.343371004616465
5683-32865-0006_61-70970-0027__T2__NORMAL__61,61,5683,5,0.0,0.0,0.0,0.0,0.0,0.0,0.0,0.0,59.484513374353114,17.269321857195326
5683-32865-0006_908-157963-0020__T1__NORMAL__5683,5683,908,5,0.0,0.0,0.0,0.0,0.0,0.0,0.0,0.0,51.42946029860205,20.981494801488275
5683-32865-0006_908-157963-0020__T2__NORMAL__908,908,5683,5,0.0,0.2,0.0,0.0,0.0,0.0,0.0,0.0,60.55032510816549,15.773226601444184
5683-32865-0007_7176-88083-0011__T1__NORMAL__5683,5683,7176,11,0.0,0.0,0.0,0.0,0.0,0.0,0.0,0.0,57.83769537134797,20.924049256758348
5683-32865-0007_7176-88083-0011__T2__NORMAL__7176,7176,5683,11,0.0,0.0,0.0,0.0,0.0,0.0,0.0,0.0,60.56312347383177,20.63427994989161
5683-32865-0008_1580-141084-0014__T1__NORMAL__5683,5683,1580,6,0.0,0.0,0.0,0.0,0.0,0.0,0.0,0.0,66.55826093717899,18.27636329099944
5683-32865-0008_1580-141084-0014__T2__NORMAL__1580,1580,5683,6,0.0,0.0,0.0,0.0,0.0,0.0,0.0,0.0,57.98014560917219,22.105839945856044
5683-32865-0008_2300-131720-0032__T1__NORMAL__5683,5683,2300,11,0.0,0.0,0.0,0.0,0.0,0.0,0.0,0.0,55.200986894956124,21.82595239263488
5683-32865-0008_2300-131720-0032__T2__NORMAL__2300,2300,5683,11,0.0,0.0,0.0,0.0,0.0,0.0,0.0,0.0,62.25723545325063,22.180357172715148
5683-32865-0009_1580-141084-0000__T1__NORMAL__5683,5683,1580,8,0.0,0.0,0.0,0.0,0.0,0.0,0.0,0.0,68.60549239268875,21.705055521759512
5683-32865-0009_1580-141084-0000__T2__NORMAL__1580,1580,5683,8,0.0,0.0,0.0,0.0,0.0,0.0,0.0,0.0,61.238610145083314,23.330006980551453
5683-32865-0009_6829-68769-0016__T1__NORMAL__5683,5683,6829,7,0.0,0.0,0.0,0.0,0.0,0.0,0.0,0.0,57.87367546691975,19.346768870436243
5683-32865-0009_6829-68769-0016__T2__NORMAL__6829,6829,5683,7,0.0,0.0,0.14285714285714285,0.0,0.0,0.0,0.0,0.0,71.32819895370189,24.409925632069992
5683-32865-0010_121-127105-0022__T1__NORMAL__5683,5683,121,9,0.0,0.0,0.0,0.0,0.0,0.0,0.0,0.0,49.692423023906635,19.47251492050913
5683-32865-0010_121-127105-0022__T2__NORMAL__121,121,5683,9,0.0,0.1111111111111111,0.0,0.0,0.0,0.0,0.0,0.0,48.334496712886704,18.82933161222931
5683-32865-0010_7176-92135-0024__T1__NORMAL__5683,5683,7176,7,0.0,0.0,0.0,0.0,0.0,0.0,0.0,0.0,62.23590718002638,20.68602934734521
5683-32865-0010_7176-92135-0024__T2__NORMAL__7176,7176,5683,7,0.0,0.0,0.0,0.0,0.0,0.0,0.0,0.0,61.23880940648087,22.106667897984085
5683-32865-0011_4970-29095-0035__T1__NORMAL__5683,5683,4970,8,0.0,0.0,0.0,0.0,0.0,0.0,0.0,0.0,62.42642726174939,22.668091999402844
5683-32865-0011_4970-29095-0035__T2__NORMAL__4970,4970,5683,8,0.0,0.0,0.0,0.0,0.0,0.0,0.0,0.0,60.16842283281064,24.84426840169119
5683-32865-0011_7176-92135-0009__T1__NORMAL__5683,5683,7176,7,0.0,0.0,0.0,0.0,0.0,0.0,0.0,0.0,58.9847900751887,20.54686161703206
5683-32865-0011_7176-92135-0009__T2__NORMAL__7176,7176,5683,7,0.0,0.14285714285714285,0.0,0.0,0.0,0.0,0.0,0.0,60.69038189046972,23.007730241340184
5683-32865-0013_3570-5694-0001__T1__NORMAL__5683,5683,3570,9,0.0,0.1111111111111111,0.0,0.0,0.0,0.0,0.0,0.0,72.06554506164912,23.74367988810633
5683-32865-0013_3570-5694-0001__T2__NORMAL__3570,3570,5683,9,0.0,0.0,0.0,0.0,0.0,0.0,0.0,0.0,69.23290180456655,25.103393878889147
5683-32865-0013_5105-28240-0007__T1__NORMAL__5683,5683,5105,6,0.0,0.16666666666666666,0.0,0.0,0.0,0.0,0.0,0.0,59.365072069617156,25.72377371046135
5683-32865-0013_5105-28240-0007__T2__NORMAL__5105,5105,5683,6,0.0,0.16666666666666666,0.0,0.0,0.0,0.0,0.0,0.0,62.65587220765638,22.557291329991344
5683-32865-0015_4970-29095-0016__T1__NORMAL__5683,5683,4970,6,0.0,0.0,0.0,0.0,0.0,0.0,0.0,0.0,64.92019670462138,20.69450474548059
5683-32865-0015_4970-29095-0016__T2__NORMAL__4970,4970,5683,6,0.0,0.16666666666666666,0.0,0.0,0.0,0.0,0.0,0.0,61.15822254504614,23.14449240197424
5683-32865-0015_5639-40744-0015__T1__NORMAL__5683,5683,5639,6,0.0,0.0,0.0,0.0,0.0,0.0,0.0,0.0,63.22783945787481,21.909465364849787
5683-32865-0015_5639-40744-0015__T2__NORMAL__5639,5639,5683,6,0.0,0.0,0.0,0.0,0.0,0.0,0.0,0.0,56.478148141636446,19.989447786546904
5683-32865-0017_672-122797-0073__T1__NORMAL__5683,5683,672,9,0.0,0.0,0.0,0.0,0.0,0.0,0.0,0.0,50.64513189996379,12.361382620031414
5683-32865-0017_672-122797-0073__T2__NORMAL__672,672,5683,9,0.0,0.0,0.0,0.0,0.0,0.0,0.0,0.0,53.69665810835396,17.52077680671764
5683-32866-0001_1284-1180-0005__T1__NORMAL__5683,5683,1284,5,0.0,0.0,0.0,0.0,0.0,0.0,0.0,0.0,58.802241660443926,21.370148271300224
5683-32866-0001_1284-1180-0005__T2__NORMAL__1284,1284,5683,5,0.0,0.0,0.0,0.0,0.0,0.0,0.0,0.0,64.65995532790113,18.166889386221243
5683-32866-0001_5105-28241-0016__T1__NORMAL__5683,5683,5105,5,0.0,0.0,0.0,0.0,0.0,0.0,0.0,0.0,55.649931568129304,18.34733877156015
5683-32866-0001_5105-28241-0016__T2__NORMAL__5105,5105,5683,5,0.0,0.0,0.0,0.0,0.0,0.0,0.0,0.0,56.94543397266328,24.02939125549381
5683-32866-0001_7729-102255-0027__T1__NORMAL__5683,5683,7729,5,0.0,0.0,0.0,0.0,0.0,0.0,0.0,0.0,51.90282779730494,19.599183969324827
5683-32866-0001_7729-102255-0027__T2__NORMAL__7729,7729,5683,5,0.0,0.2,0.0,0.0,0.0,0.0,0.0,0.0,58.684283306619605,14.180067569645576
5683-32866-0004_237-134500-0021__T1__NORMAL__5683,5683,237,9,0.0,0.0,0.1111111111111111,0.0,0.0,0.0,0.0,0.0,37.24356442923798,8.226993617523899
5683-32866-0004_237-134500-0021__T2__NORMAL__237,237,5683,9,0.0,0.0,0.0,0.0,0.0,0.0,0.0,0.0,56.369974393715744,13.876023689515716
5683-32866-0004_5105-28233-0001__T1__NORMAL__5683,5683,5105,7,0.0,0.0,0.0,0.0,0.0,0.0,0.0,0.0,52.73163834156141,18.19029040451129
5683-32866-0004_5105-28233-0001__T2__NORMAL__5105,5105,5683,7,0.0,0.0,0.0,0.0,0.0,0.0,0.0,0.0,51.99348718204411,21.82142084733393
5683-32866-0004_5105-28240-0002__T1__NORMAL__5683,5683,5105,7,0.0,0.0,0.0,0.0,0.0,0.0,0.0,0.0,54.11025720993035,17.714526181937636
5683-32866-0004_5105-28240-0002__T2__NORMAL__5105,5105,5683,7,1.0,1.0,1.0,1.0,1.0,1.0,1.0,1.0,-53.92851047171031,-30.723123943176965
5683-32866-0004_8224-274384-0009__T1__NORMAL__5683,5683,8224,8,0.0,0.0,0.0,0.0,0.0,0.0,0.0,0.0,49.262445340074585,17.852531988396578
5683-32866-0004_8224-274384-0009__T2__NORMAL__8224,8224,5683,8,0.0,0.0,0.0,0.0,0.0,0.0,0.0,0.0,62.63255008578425,14.888919317480555
5683-32866-0005_1284-1181-0002__T1__NORMAL__5683,5683,1284,6,0.0,0.0,0.16666666666666666,0.0,0.0,0.0,0.0,0.0,47.42560115639705,18.443317286705128
5683-32866-0005_1284-1181-0002__T2__NORMAL__1284,1284,5683,6,0.0,0.0,0.0,0.0,0.0,0.0,0.0,0.0,59.251320857113605,18.56393684056201
5683-32866-0006_61-70970-0033__T1__NORMAL__5683,5683,61,5,0.0,0.0,0.0,0.0,0.0,0.0,0.0,0.0,61.19422455100381,19.40331874368108
5683-32866-0006_61-70970-0033__T2__NORMAL__61,61,5683,5,0.0,0.0,0.0,0.0,0.0,0.0,0.0,0.0,58.96269126793197,17.880324965064673
5683-32866-0006_8463-294828-0027__T1__NORMAL__5683,5683,8463,7,0.0,0.0,0.0,0.0,0.0,0.0,0.0,0.0,62.22824956647764,19.11639201163556
5683-32866-0006_8463-294828-0027__T2__NORMAL__8463,8463,5683,7,1.0,1.0,1.0,1.0,1.0,1.0,1.0,1.0,-62.38499748554308,-56.70571399863415
5683-32866-0007_237-126133-0010__T1__NORMAL__5683,5683,237,7,0.0,0.0,0.0,0.0,0.0,0.0,0.0,0.0,64.37130162215566,22.6821963278666
5683-32866-0007_237-126133-0010__T2__NORMAL__237,237,5683,7,0.0,0.0,0.0,0.14285714285714285,0.0,0.0,0.0,0.0,41.054013478107535,12.732088360853254
5683-32866-0008_6829-68769-0030__T1__NORMAL__5683,5683,6829,5,0.0,0.0,0.0,0.0,0.0,0.0,0.0,0.0,59.52961891899158,18.801566501583835
5683-32866-0008_6829-68769-0030__T2__NORMAL__6829,6829,5683,5,0.0,0.0,0.0,0.0,0.0,0.0,0.0,0.0,54.727509665914376,18.05372327281099
5683-32866-0009_5142-33396-0031__T1__NORMAL__5683,5683,5142,14,0.0,0.0,0.0,0.0,0.0,0.0,0.0,0.0,56.53199329376265,22.9118141774712
5683-32866-0009_5142-33396-0031__T2__NORMAL__5142,5142,5683,14,0.0,0.0,0.0,0.0,0.0,0.0,0.0,0.0,57.66452429435829,22.59414614668654
5683-32866-0009_6829-68769-0020__T1__NORMAL__5683,5683,6829,9,0.0,0.0,0.1111111111111111,0.0,0.0,0.0,0.0,0.0,40.1558273803324,5.115773260788068
5683-32866-0009_6829-68769-0020__T2__NORMAL__6829,6829,5683,9,0.0,0.0,0.0,0.1111111111111111,0.0,0.0,0.0,0.0,55.88301804586112,17.376776734140343
5683-32866-0010_7127-75946-0004__T1__NORMAL__5683,5683,7127,7,0.0,0.0,0.0,0.0,0.0,0.0,0.0,0.0,60.093957810005136,16.087074006354488
5683-32866-0010_7127-75946-0004__T2__NORMAL__7127,7127,5683,7,0.0,0.0,0.0,0.0,0.0,0.0,0.0,0.0,61.85476709331301,21.999523762682102
5683-32866-0011_3575-170457-0034__T1__NORMAL__5683,5683,3575,5,0.0,0.0,0.0,0.0,0.0,0.0,0.0,0.0,45.71854470500024,22.17149130623027
5683-32866-0011_3575-170457-0034__T2__NORMAL__3575,3575,5683,5,0.0,0.0,0.0,0.0,0.0,0.0,0.0,0.0,45.73959175694574,16.731749076604235
5683-32866-0011_4970-29095-0002__T1__NORMAL__5683,5683,4970,9,0.0,0.1111111111111111,0.0,0.0,0.0,0.0,0.0,0.0,56.23633208139756,22.86722568496194
5683-32866-0011_4970-29095-0002__T2__NORMAL__4970,4970,5683,9,0.0,0.1111111111111111,0.0,0.0,0.0,0.0,0.0,0.0,54.87815244872135,18.456471780325312
5683-32866-0011_61-70968-0022__T1__NORMAL__5683,5683,61,8,0.0,0.0,0.0,0.0,0.0,0.0,0.0,0.0,49.73983384405264,19.340144424705787
5683-32866-0011_61-70968-0022__T2__NORMAL__61,61,5683,8,0.0,0.0,0.0,0.0,0.0,0.0,0.0,0.0,62.39563440453227,14.17105781923656
5683-32866-0012_121-121726-0001__T1__NORMAL__5683,5683,121,9,0.0,0.1111111111111111,0.0,0.0,0.0,0.0,0.0,0.0,60.90291284585524,19.031649328401016
5683-32866-0012_121-121726-0001__T2__NORMAL__121,121,5683,9,0.0,0.1111111111111111,0.0,0.0,0.0,0.0,0.0,0.0,61.67510437061963,23.72864249701571
5683-32866-0012_121-127105-0024__T1__NORMAL__5683,5683,121,15,0.0,0.06666666666666667,0.06666666666666667,0.0,0.0,0.0,0.0,0.0,62.473194693362885,20.12552070137899
5683-32866-0012_121-127105-0024__T2__NORMAL__121,121,5683,15,0.0,0.06666666666666667,0.0,0.0,0.0,0.0,0.0,0.0,62.49467913696953,18.8206519493144
5683-32866-0013_6829-68771-0005__T1__NORMAL__5683,5683,6829,11,0.0,0.0,0.09090909090909091,0.0,0.0,0.0,0.0,0.0,57.61273221729421,17.641244846763186
5683-32866-0013_6829-68771-0005__T2__NORMAL__6829,6829,5683,11,0.0,0.09090909090909091,0.09090909090909091,0.0,0.0,0.0,0.0,0.0,53.3674408773674,13.4688163562634
5683-32866-0013_8555-284447-0024__T1__NORMAL__5683,5683,8555,8,0.0,0.125,0.0,0.0,0.0,0.0,0.0,0.0,46.52123552964033,17.428051211769436
5683-32866-0013_8555-284447-0024__T2__NORMAL__8555,8555,5683,8,0.0,0.0,0.125,0.125,0.0,0.0,0.0,0.0,43.203071544452584,18.472798793573418
5683-32866-0016_3570-5696-0010__T1__NORMAL__5683,5683,3570,8,0.0,0.125,0.0,0.0,0.0,0.0,0.0,0.0,59.70546737328203,13.352343743526228
5683-32866-0016_3570-5696-0010__T2__NORMAL__3570,3570,5683,8,0.0,0.0,0.0,0.0,0.0,0.0,0.0,0.0,75.15432571609165,21.202997136403106
5683-32866-0016_4507-16021-0030__T1__NORMAL__5683,5683,4507,8,0.0,0.125,0.0,0.0,0.0,0.0,0.0,0.0,50.90682957314961,19.72535367712261
5683-32866-0016_4507-16021-0030__T2__NORMAL__4507,4507,5683,8,0.0,0.0,0.0,0.0,0.0,0.0,0.0,0.0,70.40285909039412,20.01244880573749
5683-32866-0016_8555-284449-0019__T1__NORMAL__5683,5683,8555,8,0.0,0.0,0.0,0.0,0.0,0.0,0.0,0.0,61.653293768229446,25.396566184169416
5683-32866-0016_8555-284449-0019__T2__NORMAL__8555,8555,5683,8,0.0,0.0,0.0,0.0,0.0,0.0,0.0,0.0,63.723383614735056,21.08336169211846
5683-32866-0017_1580-141083-0053__T1__NORMAL__5683,5683,1580,7,0.0,0.0,0.0,0.0,0.0,0.0,0.0,0.0,64.96063540944931,19.92283950041225
5683-32866-0017_1580-141083-0053__T2__NORMAL__1580,1580,5683,7,0.0,0.0,0.0,0.0,0.0,0.0,0.0,0.0,61.30153750405468,24.27299035987162
5683-32866-0017_8455-210777-0024__T1__NORMAL__5683,5683,8455,8,0.0,0.0,0.0,0.0,0.0,0.0,0.0,0.0,66.05096098165816,20.018837722580454
5683-32866-0017_8455-210777-0024__T2__NORMAL__8455,8455,5683,8,0.0,0.0,0.0,0.0,0.0,0.0,0.0,0.0,64.28218694128314,20.59655658082433
5683-32866-0018_1089-134686-0002__T1__NORMAL__5683,5683,1089,9,0.0,0.0,0.0,0.0,0.0,0.0,0.0,0.0,59.766392823477304,21.881598569147616
5683-32866-0018_1089-134686-0002__T2__NORMAL__1089,1089,5683,9,0.0,0.0,0.0,0.0,0.0,0.0,0.0,0.0,61.38883314519247,22.047194858228693
5683-32866-0018_1995-1837-0026__T1__NORMAL__5683,5683,1995,9,0.0,0.0,0.0,0.0,0.0,0.0,0.0,0.0,58.08600744251291,25.837304898024698
5683-32866-0018_1995-1837-0026__T2__NORMAL__1995,1995,5683,9,0.0,0.0,0.0,0.0,0.0,0.0,0.0,0.0,64.48324293629962,22.027663159611773
5683-32866-0018_8463-294825-0012__T1__NORMAL__5683,5683,8463,9,0.0,0.0,0.0,0.0,0.0,0.0,0.0,0.0,69.54473477936651,18.91718548771663
5683-32866-0018_8463-294825-0012__T2__NORMAL__8463,8463,5683,9,1.0,1.0,1.0,1.0,1.0,1.0,1.0,1.0,-70.35970153910806,-46.87420573206481
5683-32866-0020_1188-133604-0020__T1__NORMAL__5683,5683,1188,6,0.0,0.0,0.0,0.0,0.0,0.0,0.0,0.0,55.50636622448085,20.88974920239352
5683-32866-0020_1188-133604-0020__T2__NORMAL__1188,1188,5683,6,0.0,0.0,0.16666666666666666,0.0,0.0,0.0,0.0,0.0,69.30575175168677,18.621767677145456
5683-32866-0020_8463-294828-0032__T1__NORMAL__5683,5683,8463,6,0.0,0.0,0.0,0.0,0.0,0.0,0.0,0.0,53.367620043054806,21.960511151668104
5683-32866-0020_8463-294828-0032__T2__NORMAL__8463,8463,5683,6,1.0,1.0,1.0,1.0,1.0,1.0,1.0,1.0,-53.22892943899486,-38.79997795540071
5683-32866-0021_672-122797-0050__T1__NORMAL__5683,5683,672,8,0.0,0.0,0.0,0.0,0.0,0.0,0.0,0.0,48.77923007858203,13.686025690015663
5683-32866-0021_672-122797-0050__T2__NORMAL__672,672,5683,8,0.0,0.0,0.0,0.0,0.0,0.0,0.0,0.0,55.50686819059939,20.498703054132186
5683-32866-0021_8463-294828-0037__T1__NORMAL__5683,5683,8463,9,0.0,0.1111111111111111,0.0,0.0,0.0,0.0,0.0,0.0,69.65781819072603,14.56291480487036
5683-32866-0021_8463-294828-0037__T2__NORMAL__8463,8463,5683,9,1.0,1.0,1.0,1.0,1.0,1.0,1.0,1.0,-70.4927839218035,-40.56547401941996
5683-32866-0022_3729-6852-0027__T1__NORMAL__5683,5683,3729,5,0.0,0.0,0.2,0.0,0.0,0.0,0.0,0.0,48.85087536118093,16.376736849669193
5683-32866-0022_3729-6852-0027__T2__NORMAL__3729,3729,5683,5,0.0,0.0,0.0,0.0,0.0,0.0,0.0,0.0,48.610817271915124,16.360468870745528
5683-32866-0022_4970-29093-0014__T1__NORMAL__5683,5683,4970,5,0.0,0.0,0.2,0.0,0.0,0.0,0.0,0.0,50.75304337247983,19.83749475698412
5683-32866-0022_4970-29093-0014__T2__NORMAL__4970,4970,5683,5,0.0,0.4,0.0,0.0,0.0,0.0,0.0,0.0,54.46758249036893,20.27826232156371
5683-32866-0024_1580-141083-0031__T1__NORMAL__5683,5683,1580,11,0.0,0.0,0.0,0.0,0.0,0.0,0.0,0.0,57.34579362661646,19.53185395132505
5683-32866-0024_1580-141083-0031__T2__NORMAL__1580,1580,5683,11,0.0,0.0,0.0,0.0,0.0,0.0,0.0,0.0,56.95235537232826,19.729652124281788
5683-32866-0024_6930-76324-0021__T1__NORMAL__5683,5683,6930,13,0.0,0.0,0.0,0.0,0.0,0.0,0.0,0.0,45.35299787759941,15.814767286153549
5683-32866-0024_6930-76324-0021__T2__NORMAL__6930,6930,5683,13,0.0,0.0,0.0,0.0,0.0,0.0,0.0,0.0,52.312093878424704,15.60910601280913
5683-32866-0025_1995-1837-0019__T1__NORMAL__5683,5683,1995,5,0.0,0.0,0.0,0.0,0.0,0.0,0.0,0.0,55.47182211882257,20.845875638664523
5683-32866-0025_1995-1837-0019__T2__NORMAL__1995,1995,5683,5,0.0,0.0,0.0,0.0,0.0,0.0,0.0,0.0,65.00782821431838,21.50153463900208
5683-32866-0025_2830-3980-0063__T1__NORMAL__5683,5683,2830,5,0.0,0.2,0.0,0.0,0.0,0.0,0.0,0.0,35.406609520093994,15.150057493253652
5683-32866-0025_2830-3980-0063__T2__NORMAL__2830,2830,5683,5,0.0,0.0,0.0,0.0,0.0,0.0,0.0,0.0,49.43411088862613,10.530571428358204
5683-32866-0027_2830-3980-0030__T1__NORMAL__5683,5683,2830,8,0.0,0.0,0.0,0.0,0.0,0.0,0.0,0.0,46.977822006580325,15.471362055351598
5683-32866-0027_2830-3980-0030__T2__NORMAL__2830,2830,5683,8,0.0,0.0,0.0,0.0,0.0,0.0,0.0,0.0,54.50757916939036,16.442928078721177
5683-32866-0027_5639-40744-0000__T1__NORMAL__5683,5683,5639,8,0.0,0.0,0.0,0.0,0.0,0.0,0.0,0.0,59.9173741169144,19.167307435099467
5683-32866-0027_5639-40744-0000__T2__NORMAL__5639,5639,5683,8,0.0,0.0,0.125,0.0,0.0,0.0,0.0,0.0,58.21373355718735,20.42853211525961
5683-32866-0027_7021-85628-0027__T1__NORMAL__5683,5683,7021,8,0.0,0.0,0.0,0.0,0.0,0.0,0.0,0.0,65.16758602735713,19.89398706206135
5683-32866-0027_7021-85628-0027__T2__NORMAL__7021,7021,5683,8,0.0,0.0,0.0,0.0,0.0,0.0,0.0,0.0,63.69162826523788,17.849894111400626
5683-32866-0028_1089-134691-0005__T1__NORMAL__5683,5683,1089,9,0.0,0.0,0.0,0.0,0.0,0.0,0.0,0.0,57.72295954945769,22.77817790875738
5683-32866-0028_1089-134691-0005__T2__NORMAL__1089,1089,5683,9,0.0,0.0,0.0,0.0,0.0,0.0,0.0,0.0,59.91158594523746,17.96662860939954
5683-32866-0028_1995-1837-0015__T1__NORMAL__5683,5683,1995,7,0.0,0.0,0.0,0.0,0.0,0.0,0.0,0.0,60.562021214067045,24.365313167992586
5683-32866-0028_1995-1837-0015__T2__NORMAL__1995,1995,5683,7,0.0,0.0,0.0,0.0,0.0,0.0,0.0,0.0,69.03476136836902,23.151234895232964
5683-32866-0028_6829-68769-0001__T1__NORMAL__5683,5683,6829,10,0.0,0.0,0.0,0.0,0.0,0.0,0.0,0.0,48.62397553441643,16.803263459289575
5683-32866-0028_6829-68769-0001__T2__NORMAL__6829,6829,5683,10,0.0,0.0,0.1,0.0,0.0,0.0,0.0,0.0,43.216387887643656,18.86886721088846
5683-32879-0000_3729-6852-0002__T1__NORMAL__5683,5683,3729,16,0.0,0.0625,0.0,0.0625,0.0,0.0,0.0,0.0,51.508439314089316,13.4429251334774
5683-32879-0000_3729-6852-0002__T2__NORMAL__3729,3729,5683,16,0.0,0.0,0.0,0.0,0.0,0.0,0.0,0.0,45.78992469338469,20.013509094054665
5683-32879-0002_2830-3980-0067__T1__NORMAL__5683,5683,2830,15,0.0,0.06666666666666667,0.0,0.0,0.0,0.0,0.0,0.0,44.88881131014265,14.802594652560945
5683-32879-0002_2830-3980-0067__T2__NORMAL__2830,2830,5683,15,0.0,0.06666666666666667,0.0,0.0,0.0,0.0,0.0,0.0,55.96957113147041,17.905977582424256
5683-32879-0003_1995-1826-0013__T1__NORMAL__5683,5683,1995,16,0.0,0.0625,0.0,0.0,0.0,0.0,0.0,0.0,66.47454311045348,20.638687389927966
5683-32879-0003_1995-1826-0013__T2__NORMAL__1995,1995,5683,16,0.0,0.0625,0.0,0.0,0.0,0.0,0.0,0.0,68.05652331951089,23.65600385366887
5683-32879-0003_5142-33396-0035__T1__NORMAL__5683,5683,5142,6,0.0,0.0,0.0,0.0,0.0,0.0,0.0,0.0,61.763550731251975,16.78226799520258
5683-32879-0003_5142-33396-0035__T2__NORMAL__5142,5142,5683,6,0.0,0.16666666666666666,0.0,0.0,0.0,0.0,0.0,0.0,60.195240497631254,25.88242066223703
5683-32879-0004_3575-170457-0010__T1__NORMAL__5683,5683,3575,8,0.0,0.125,0.0,0.0,0.0,0.0,0.0,0.0,56.899875675800985,20.62117355172343
5683-32879-0004_3575-170457-0010__T2__NORMAL__3575,3575,5683,8,0.0,0.0,0.0,0.0,0.0,0.0,0.0,0.0,62.074833120873265,24.291664038131508
5683-32879-0004_5105-28240-0022__T1__NORMAL__5683,5683,5105,8,0.0,0.0,0.0,0.0,0.0,0.0,0.0,0.0,53.33540290291257,14.039289332786812
5683-32879-0004_5105-28240-0022__T2__NORMAL__5105,5105,5683,8,0.0,0.125,0.0,0.0,0.0,0.0,0.0,0.0,54.36193304002909,15.932402229623476
5683-32879-0004_6930-81414-0013__T1__NORMAL__5683,5683,6930,13,0.0,0.0,0.0,0.0,0.0,0.0,0.0,0.0,53.51646078871293,15.891380432772571
5683-32879-0004_6930-81414-0013__T2__NORMAL__6930,6930,5683,13,0.0,0.0,0.0,0.0,0.0,0.0,0.0,0.0,51.20674647211396,19.06030637893281
5683-32879-0005_1995-1826-0000__T1__NORMAL__5683,5683,1995,11,0.0,0.0,0.0,0.0,0.0,0.0,0.0,0.0,61.71855063668181,24.84484639602209
5683-32879-0005_1995-1826-0000__T2__NORMAL__1995,1995,5683,11,0.0,0.0,0.0,0.0,0.0,0.0,0.0,0.0,71.3819183673354,22.58161075678725
5683-32879-0005_260-123288-0001__T1__NORMAL__5683,5683,260,7,0.0,0.0,0.0,0.0,0.0,0.0,0.0,0.0,65.90540639625972,23.926842219389577
5683-32879-0005_260-123288-0001__T2__NORMAL__260,260,5683,7,0.0,0.0,0.0,0.0,0.0,0.0,0.0,0.0,68.78167104653137,22.2165555087755
5683-32879-0006_3575-170457-0035__T1__NORMAL__5683,5683,3575,17,0.0,0.058823529411764705,0.11764705882352941,0.0,0.0,0.0,0.0,0.0,59.69547661069758,22.72960871402667
5683-32879-0006_3575-170457-0035__T2__NORMAL__3575,3575,5683,17,0.0,0.0,0.0,0.0,0.0,0.0,0.0,0.0,62.48612803360264,18.31388871339619
5683-32879-0006_6829-68771-0035__T1__NORMAL__5683,5683,6829,7,0.0,0.14285714285714285,0.2857142857142857,0.0,0.0,0.0,0.0,0.0,42.53078121491003,19.616380574028227
5683-32879-0006_6829-68771-0035__T2__NORMAL__6829,6829,5683,7,0.0,0.0,0.0,0.0,0.0,0.0,0.0,0.0,53.72405137588076,10.730122390901853
5683-32879-0007_5142-33396-0019__T1__NORMAL__5683,5683,5142,8,0.0,0.0,0.0,0.0,0.0,0.0,0.0,0.0,53.24305679925099,18.89576950932184
5683-32879-0007_5142-33396-0019__T2__NORMAL__5142,5142,5683,8,0.0,0.125,0.0,0.0,0.0,0.0,0.0,0.0,57.71633883182003,21.396454017175984
5683-32879-0007_6829-68771-0011__T1__NORMAL__5683,5683,6829,10,0.0,0.0,0.0,0.0,0.0,0.0,0.0,0.0,60.25079234778891,20.4157634585265
5683-32879-0007_6829-68771-0011__T2__NORMAL__6829,6829,5683,10,0.0,0.1,0.0,0.0,0.0,0.0,0.0,0.0,55.02045010454056,14.72580801107182
5683-32879-0007_8455-210777-0025__T1__NORMAL__5683,5683,8455,6,0.0,0.0,0.16666666666666666,0.0,0.0,0.0,0.0,0.0,53.270989268373036,19.540641863577747
5683-32879-0007_8455-210777-0025__T2__NORMAL__8455,8455,5683,6,0.0,0.0,0.0,0.0,0.0,0.0,0.0,0.0,60.32153068465621,16.607091328184445
5683-32879-0009_2961-960-0018__T1__NORMAL__5683,5683,2961,9,0.0,0.0,0.0,0.0,0.0,0.0,0.0,0.0,49.54683362153375,19.9780556925315
5683-32879-0009_2961-960-0018__T2__NORMAL__2961,2961,5683,9,0.0,0.1111111111111111,0.0,0.0,0.0,0.0,0.0,0.0,54.27661843584914,15.225299639104854
5683-32879-0009_7176-88083-0020__T1__NORMAL__5683,5683,7176,9,0.0,0.0,0.0,0.0,0.0,0.0,0.0,0.0,50.442166558986045,20.6972454284914
5683-32879-0009_7176-88083-0020__T2__NORMAL__7176,7176,5683,9,0.0,0.0,0.0,0.0,0.0,0.0,0.0,0.0,56.2364260408391,22.622751687564136
5683-32879-0009_7729-102255-0014__T1__NORMAL__5683,5683,7729,9,0.0,0.0,0.0,0.0,0.0,0.0,0.0,0.0,50.38979881063512,20.12042051567712
5683-32879-0009_7729-102255-0014__T2__NORMAL__7729,7729,5683,9,0.0,0.0,0.0,0.0,0.0,0.0,0.0,0.0,57.966345220376134,19.46173669905892
5683-32879-0010_7127-75947-0032__T1__NORMAL__5683,5683,7127,7,0.0,0.0,0.0,0.0,0.0,0.0,0.0,0.0,66.00624955572594,19.63020756272072
5683-32879-0010_7127-75947-0032__T2__NORMAL__7127,7127,5683,7,0.0,0.0,0.0,0.0,0.0,0.0,0.0,0.0,67.60818370439907,21.66285739845563
5683-32879-0010_8455-210777-0010__T1__NORMAL__5683,5683,8455,5,0.0,0.0,0.0,0.0,0.0,0.0,0.0,0.0,61.414210237150826,15.959365887182976
5683-32879-0010_8455-210777-0010__T2__NORMAL__8455,8455,5683,5,0.0,0.0,0.0,0.0,0.0,0.0,0.0,0.0,54.889670047430265,20.935674468671568
5683-32879-0010_8463-294828-0036__T1__NORMAL__5683,5683,8463,12,0.0,0.08333333333333333,0.0,0.0,0.0,0.0,0.0,0.0,57.39594034079471,18.565744944917768
5683-32879-0010_8463-294828-0036__T2__NORMAL__8463,8463,5683,12,1.0,0.9166666666666666,1.0,1.0,0.9166666666666666,0.9166666666666666,0.9166666666666666,0.9166666666666666,-56.43975843383752,-45.294450088137694
5683-32879-0011_8230-279154-0033__T1__NORMAL__5683,5683,8230,17,0.0,0.0,0.0,0.0,0.0,0.0,0.0,0.0,57.92271076920821,25.172644816693868
5683-32879-0011_8230-279154-0033__T2__NORMAL__8230,8230,5683,17,0.0,0.0,0.0,0.0,0.0,0.0,0.0,0.0,59.80881194168887,19.059403950711413
5683-32879-0013_121-127105-0003__T1__NORMAL__5683,5683,121,14,0.0,0.0,0.07142857142857142,0.0,0.0,0.0,0.0,0.0,52.56355721392782,20.312825065859105
5683-32879-0013_121-127105-0003__T2__NORMAL__121,121,5683,14,0.0,0.07142857142857142,0.0,0.0,0.0,0.0,0.0,0.0,61.43954926211644,18.020089083206884
5683-32879-0013_4992-41797-0011__T1__NORMAL__5683,5683,4992,9,0.0,0.2222222222222222,0.0,0.1111111111111111,0.0,0.0,0.0,0.0,38.07962458446802,9.009263015604208
5683-32879-0013_4992-41797-0011__T2__NORMAL__4992,4992,5683,9,0.0,0.1111111111111111,0.0,0.0,0.0,0.0,0.0,0.0,53.062170907760645,15.79775059309646
5683-32879-0014_8463-294828-0033__T1__NORMAL__5683,5683,8463,11,0.0,0.0,0.0,0.0,0.0,0.0,0.0,0.0,58.774830332915755,20.084061165806155
5683-32879-0014_8463-294828-0033__T2__NORMAL__8463,8463,5683,11,1.0,1.0,0.9090909090909091,1.0,0.9090909090909091,0.9090909090909091,0.9090909090909091,0.9090909090909091,-59.63529058301146,-42.50562837847768
5683-32879-0018_260-123288-0022__T1__NORMAL__5683,5683,260,6,0.0,0.0,0.0,0.0,0.0,0.0,0.0,0.0,55.15158791521967,20.926977941591225
5683-32879-0018_260-123288-0022__T2__NORMAL__260,260,5683,6,0.0,0.0,0.0,0.0,0.0,0.0,0.0,0.0,57.490065056049595,21.351107206014603
5683-32879-0018_2961-961-0013__T1__NORMAL__5683,5683,2961,9,0.0,0.0,0.0,0.1111111111111111,0.0,0.0,0.0,0.0,42.87407683805041,15.627740576428469
5683-32879-0018_2961-961-0013__T2__NORMAL__2961,2961,5683,9,0.0,0.0,0.0,0.0,0.0,0.0,0.0,0.0,54.5923510119387,14.363319629838657
5683-32879-0018_8455-210777-0061__T1__NORMAL__5683,5683,8455,13,0.0,0.07692307692307693,0.0,0.0,0.0,0.0,0.0,0.0,48.279894617264624,19.869788664225272
5683-32879-0018_8455-210777-0061__T2__NORMAL__8455,8455,5683,13,0.0,0.0,0.07692307692307693,0.0,0.0,0.0,0.0,0.0,56.958192112559466,13.967742640276889
5683-32879-0019_1284-1180-0025__T1__NORMAL__5683,5683,1284,11,0.0,0.09090909090909091,0.0,0.0,0.0,0.0,0.0,0.0,54.73461373648574,18.75479940456879
5683-32879-0019_1284-1180-0025__T2__NORMAL__1284,1284,5683,11,0.0,0.0,0.0,0.0,0.0,0.0,0.0,0.0,59.530702003277064,21.625105111342386
5683-32879-0019_260-123286-0025__T1__NORMAL__5683,5683,260,11,0.0,0.0,0.0,0.0,0.0,0.0,0.0,0.0,55.2705256761186,21.725709974533927
5683-32879-0019_260-123286-0025__T2__NORMAL__260,260,5683,11,0.0,0.0,0.0,0.0,0.0,0.0,0.0,0.0,57.93906374690345,18.469535173605443
5683-32879-0020_8463-287645-0013__T1__NORMAL__5683,5683,8463,12,0.0,0.0,0.0,0.0,0.0,0.0,0.0,0.0,48.13558133258436,17.33878565974915
5683-32879-0020_8463-287645-0013__T2__NORMAL__8463,8463,5683,12,0.0,0.0,0.0,0.0,0.0,0.0,0.0,0.0,51.95936776308438,20.887295527753945
5683-32879-0021_1995-1837-0010__T1__NORMAL__5683,5683,1995,5,0.0,0.0,0.0,0.0,0.0,0.0,0.0,0.0,66.63120151024302,23.859980029773546
5683-32879-0021_1995-1837-0010__T2__NORMAL__1995,1995,5683,5,0.0,0.0,0.0,0.0,0.0,0.0,0.0,0.0,66.20037680696396,21.430006566183888
5683-32879-0022_6829-68769-0016__T1__NORMAL__5683,5683,6829,7,0.0,0.0,0.0,0.0,0.0,0.0,0.0,0.0,60.60619862867964,18.373931290477543
5683-32879-0022_6829-68769-0016__T2__NORMAL__6829,6829,5683,7,0.0,0.0,0.0,0.0,0.0,0.0,0.0,0.0,66.63741069240999,22.98749698626024
5683-32879-0023_6829-68771-0003__T1__NORMAL__5683,5683,6829,7,0.0,0.0,0.0,0.0,0.0,0.0,0.0,0.0,53.29038993624675,21.668330287059497
5683-32879-0023_6829-68771-0003__T2__NORMAL__6829,6829,5683,7,0.0,0.0,0.0,0.0,0.0,0.0,0.0,0.0,51.58135052153265,14.541038706965242
61-70968-0000_8455-210777-0012__T1__NORMAL__61,61,8455,6,0.0,0.0,0.0,0.0,0.0,0.0,0.0,0.0,55.23931627109487,13.745529992188173
61-70968-0000_8455-210777-0012__T2__NORMAL__8455,8455,61,6,0.0,0.0,0.0,0.0,0.0,0.0,0.0,0.0,37.37954077064669,15.18281855982325
61-70968-0000_8555-292519-0000__T1__NORMAL__61,61,8555,8,0.0,0.0,0.0,0.0,0.0,0.0,0.0,0.0,51.9852298170435,16.381932732812764
61-70968-0000_8555-292519-0000__T2__NORMAL__8555,8555,61,8,0.0,0.0,0.125,0.0,0.0,0.0,0.0,0.0,48.37412921590166,19.193602574910905
61-70968-0003_2830-3980-0008__T1__NORMAL__61,61,2830,7,0.0,0.14285714285714285,0.0,0.0,0.0,0.0,0.0,0.0,20.3156967947073,-4.726974634493675
61-70968-0003_2830-3980-0008__T2__NORMAL__2830,2830,61,7,0.0,0.0,0.0,0.0,0.0,0.0,0.0,0.0,26.52414153654695,14.210608601325452
61-70968-0003_2961-960-0017__T1__NORMAL__61,61,2961,7,0.0,0.0,0.0,0.0,0.0,0.0,0.0,0.0,49.67420414675672,13.533237698838926
61-70968-0003_2961-960-0017__T2__NORMAL__2961,2961,61,7,0.0,0.0,0.14285714285714285,0.0,0.0,0.0,0.0,0.0,54.82341005761454,18.308607999488807
61-70968-0003_5105-28240-0000__T1__NORMAL__61,61,5105,7,0.0,0.0,0.0,0.0,0.0,0.0,0.0,0.0,54.104776887969834,17.62124073297693
61-70968-0003_5105-28240-0000__T2__NORMAL__5105,5105,61,7,0.0,0.14285714285714285,0.0,0.0,0.0,0.0,0.0,0.0,49.706342182165294,16.123693641911085
61-70968-0004_1188-133604-0014__T1__NORMAL__61,61,1188,6,0.0,0.0,0.0,0.0,0.0,0.0,0.0,0.0,48.882570629979135,17.650738559862955
61-70968-0004_1188-133604-0014__T2__NORMAL__1188,1188,61,6,0.0,0.0,0.0,0.0,0.0,0.0,0.0,0.0,41.96911629730329,17.356716612439996
61-70968-0005_1284-1180-0015__T1__NORMAL__61,61,1284,9,0.0,0.0,0.0,0.0,0.0,0.0,0.0,0.0,53.84785078200632,18.17732041734268
61-70968-0005_1284-1180-0015__T2__NORMAL__1284,1284,61,9,0.0,0.0,0.0,0.0,0.0,0.0,0.0,0.0,56.268772284721436,17.001168198497535
61-70968-0005_5105-28233-0000__T1__NORMAL__61,61,5105,8,0.0,0.0,0.0,0.0,0.0,0.0,0.0,0.0,50.9559285236428,15.079470679426436
61-70968-0005_5105-28233-0000__T2__NORMAL__5105,5105,61,8,0.0,0.0,0.125,0.0,0.0,0.0,0.0,0.0,45.02986416904233,18.181475074438872
61-70968-0007_7176-88083-0021__T1__NORMAL__61,61,7176,6,0.0,0.0,0.0,0.0,0.0,0.0,0.0,0.0,46.890547718636505,17.45008771742636
61-70968-0007_7176-88083-0021__T2__NORMAL__7176,7176,61,6,0.0,0.0,0.16666666666666666,0.0,0.0,0.0,0.0,0.0,45.43820150568939,14.099366086296634
61-70968-0009_4446-2271-0011__T1__NORMAL__61,61,4446,6,0.0,0.0,0.0,0.0,0.0,0.0,0.0,0.0,46.74875078205279,14.784644008676388
61-70968-0009_4446-2271-0011__T2__NORMAL__4446,4446,61,6,0.0,0.0,0.0,0.0,0.0,0.0,0.0,0.0,43.59839498153317,15.58235143342772
61-70968-0010_3575-170457-0003__T1__NORMAL__61,61,3575,14,0.0,0.0,0.0,0.0,0.0,0.0,0.0,0.0,54.959837379502595,19.095043597434657
61-70968-0010_3575-170457-0003__T2__NORMAL__3575,3575,61,14,0.0,0.0,0.0,0.0,0.0,0.0,0.0,0.0,56.070248402121685,18.66120398419891
61-70968-0011_1221-135767-0013__T1__NORMAL__61,61,1221,11,0.0,0.0,0.0,0.0,0.0,0.0,0.0,0.0,56.693626517400915,13.477889120902857
61-70968-0011_1221-135767-0013__T2__NORMAL__1221,1221,61,11,0.0,0.0,0.0,0.0,0.0,0.0,0.0,0.0,46.35435569528234,17.570246602190878
61-70968-0011_4992-41806-0004__T1__NORMAL__61,61,4992,6,0.0,0.0,0.0,0.0,0.0,0.0,0.0,0.0,50.71909270843613,19.90783144491145
61-70968-0011_4992-41806-0004__T2__NORMAL__4992,4992,61,6,0.0,0.0,0.0,0.0,0.0,0.0,0.0,0.0,50.66962697768992,16.680049192190022
61-70968-0013_6829-68771-0028__T1__NORMAL__61,61,6829,6,0.0,0.0,0.0,0.0,0.0,0.0,0.0,0.0,56.76553086932601,18.25801459445677
61-70968-0013_6829-68771-0028__T2__NORMAL__6829,6829,61,6,0.0,0.0,0.0,0.0,0.0,0.0,0.0,0.0,55.59044017691587,18.75174169941772
61-70968-0013_8555-284449-0003__T1__NORMAL__61,61,8555,7,0.0,0.0,0.0,0.0,0.0,0.0,0.0,0.0,60.938274556851795,19.93193485994761
61-70968-0013_8555-284449-0003__T2__NORMAL__8555,8555,61,7,0.0,0.0,0.0,0.0,0.0,0.0,0.0,0.0,66.45792711001198,22.423375085100268
61-70968-0014_7176-92135-0009__T1__NORMAL__61,61,7176,7,0.0,0.0,0.0,0.0,0.0,0.0,0.0,0.0,53.171826620607746,17.59777857901071
61-70968-0014_7176-92135-0009__T2__NORMAL__7176,7176,61,7,0.0,0.14285714285714285,0.0,0.0,0.0,0.0,0.0,0.0,47.57543156296157,16.792322082158574
61-70968-0014_8224-274384-0003__T1__NORMAL__61,61,8224,6,0.0,0.0,0.0,0.0,0.0,0.0,0.0,0.0,53.18468409995662,16.780724119374558
61-70968-0014_8224-274384-0003__T2__NORMAL__8224,8224,61,6,0.0,0.0,0.0,0.0,0.0,0.0,0.0,0.0,58.722496838025705,15.052166868011378
61-70968-0015_1580-141084-0010__T1__NORMAL__61,61,1580,7,0.0,0.0,0.0,0.0,0.0,0.0,0.0,0.0,60.70977365776306,17.863514081530035
61-70968-0015_1580-141084-0010__T2__NORMAL__1580,1580,61,7,0.0,0.0,0.0,0.0,0.0,0.0,0.0,0.0,51.18981304381665,21.04379953098693
61-70968-0016_2961-961-0015__T1__NORMAL__61,61,2961,6,0.0,0.0,0.0,0.0,0.0,0.0,0.0,0.0,60.445370930396074,15.858347711728351
61-70968-0016_2961-961-0015__T2__NORMAL__2961,2961,61,6,0.0,0.0,0.0,0.0,0.0,0.0,0.0,0.0,59.62738724818513,21.013798663142712
61-70968-0016_4992-41797-0022__T1__NORMAL__61,61,4992,6,0.0,0.16666666666666666,0.0,0.0,0.0,0.0,0.0,0.0,39.16743214361435,12.588791012521863
61-70968-0016_4992-41797-0022__T2__NORMAL__4992,4992,61,6,0.0,0.0,0.0,0.0,0.0,0.0,0.0,0.0,49.1292214275332,14.56424979550896
61-70968-0017_2830-3980-0057__T1__NORMAL__61,61,2830,9,0.0,0.0,0.0,0.0,0.0,0.0,0.0,0.0,48.84491333802214,12.540601972837925
61-70968-0017_2830-3980-0057__T2__NORMAL__2830,2830,61,9,0.0,0.0,0.0,0.0,0.0,0.0,0.0,0.0,50.239642442529274,15.580531739398864
61-70968-0017_2961-960-0022__T1__NORMAL__61,61,2961,9,0.0,0.0,0.0,0.0,0.0,0.0,0.0,0.0,51.86965194622876,15.78665839718296
61-70968-0017_2961-960-0022__T2__NORMAL__2961,2961,61,9,0.0,0.0,0.0,0.0,0.0,0.0,0.0,0.0,45.06774776885861,17.003470119060296
61-70968-0017_8230-279154-0024__T1__NORMAL__61,61,8230,9,0.0,0.0,0.0,0.0,0.0,0.0,0.0,0.0,51.851011457229866,18.304596304038903
61-70968-0017_8230-279154-0024__T2__NORMAL__8230,8230,61,9,0.0,0.0,0.0,0.1111111111111111,0.0,0.0,0.0,0.0,50.05232043117732,19.992730630798523
61-70968-0019_2830-3980-0031__T1__NORMAL__61,61,2830,9,0.0,0.0,0.0,0.0,0.0,0.0,0.0,0.0,47.21851502617969,15.480108919189234
61-70968-0019_2830-3980-0031__T2__NORMAL__2830,2830,61,9,0.0,0.0,0.0,0.0,0.0,0.0,0.0,0.0,41.75239572498471,11.256737007587416
61-70968-0020_1089-134691-0012__T1__NORMAL__61,61,1089,9,0.0,0.2222222222222222,0.0,0.0,0.0,0.0,0.0,0.0,46.89713361192742,9.556616138362404
61-70968-0020_1089-134691-0012__T2__NORMAL__1089,1089,61,9,0.0,0.0,0.0,0.0,0.0,0.0,0.0,0.0,38.91225255307045,7.754029173459094
61-70968-0022_1221-135767-0011__T1__NORMAL__61,61,1221,8,0.0,0.0,0.0,0.0,0.0,0.0,0.0,0.0,56.2271988148449,16.96428725655719
61-70968-0022_1221-135767-0011__T2__NORMAL__1221,1221,61,8,0.0,0.125,0.0,0.0,0.0,0.0,0.0,0.0,50.63468396438428,15.828086644412032
61-70968-0023_260-123286-0023__T1__NORMAL__61,61,260,9,0.0,0.0,0.0,0.0,0.0,0.0,0.0,0.0,40.702925982880046,13.019377375985147
61-70968-0023_260-123286-0023__T2__NORMAL__260,260,61,9,0.0,0.1111111111111111,0.0,0.0,0.0,0.0,0.0,0.0,38.1906986932196,10.0559339932128
61-70968-0023_7176-88083-0011__T1__NORMAL__61,61,7176,9,0.0,0.0,0.0,0.0,0.0,0.0,0.0,0.0,51.47653239405852,17.69199523517444
61-70968-0023_7176-88083-0011__T2__NORMAL__7176,7176,61,9,0.0,0.0,0.0,0.0,0.0,0.0,0.0,0.0,53.307290918604856,15.54720589524785
61-70968-0025_1995-1837-0010__T1__NORMAL__61,61,1995,5,0.0,0.0,0.0,0.0,0.0,0.0,0.0,0.0,56.55529907571706,20.882518280490384
61-70968-0025_1995-1837-0010__T2__NORMAL__1995,1995,61,5,0.0,0.0,0.0,0.0,0.0,0.0,0.0,0.0,60.82773957220293,21.57383490719561
61-70968-0025_2094-142345-0006__T1__NORMAL__61,61,2094,7,0.0,0.0,0.0,0.0,0.0,0.0,0.0,0.0,43.388763877183926,14.166951236435503
61-70968-0025_2094-142345-0006__T2__NORMAL__2094,2094,61,7,0.0,0.0,0.0,0.0,0.0,0.0,0.0,0.0,49.86307098969751,10.781729855658329
61-70968-0025_6930-76324-0006__T1__NORMAL__61,61,6930,7,0.0,0.2857142857142857,0.0,0.0,0.0,0.0,0.0,0.0,40.4423941043206,10.58052819565284
61-70968-0025_6930-76324-0006__T2__NORMAL__6930,6930,61,7,0.0,0.0,0.0,0.0,0.0,0.0,0.0,0.0,49.44950915103526,15.526940314822417
61-70968-0026_3729-6852-0038__T1__NORMAL__61,61,3729,8,0.0,0.0,0.0,0.0,0.0,0.0,0.0,0.0,54.45756487350478,10.84121241272602
61-70968-0026_3729-6852-0038__T2__NORMAL__3729,3729,61,8,0.0,0.0,0.0,0.0,0.0,0.0,0.0,0.0,46.06951988067707,21.74676735872669
61-70968-0027_2094-142345-0005__T1__NORMAL__61,61,2094,12,0.0,0.0,0.0,0.0,0.0,0.0,0.0,0.0,30.14173151209241,10.708870676274705
61-70968-0027_2094-142345-0005__T2__NORMAL__2094,2094,61,12,0.0,0.0,0.0,0.0,0.0,0.0,0.0,0.0,49.785945493528835,4.719384994626703
61-70968-0027_260-123288-0027__T1__NORMAL__61,61,260,11,0.0,0.18181818181818182,0.0,0.0,0.0,0.0,0.0,0.0,46.21509077434074,7.765199112958372
61-70968-0027_260-123288-0027__T2__NORMAL__260,260,61,11,0.0,0.0,0.0,0.0,0.0,0.0,0.0,0.0,48.3075551922733,8.95964985952327
61-70968-0027_3570-5695-0013__T1__NORMAL__61,61,3570,8,0.0,0.125,0.0,0.0,0.0,0.0,0.0,0.0,56.18141734777617,20.43866631113818
61-70968-0027_3570-5695-0013__T2__NORMAL__3570,3570,61,8,0.0,0.0,0.0,0.0,0.0,0.0,0.0,0.0,61.090689206493764,20.96542064879877
61-70968-0027_4446-2273-0018__T1__NORMAL__61,61,4446,5,0.0,0.0,0.0,0.0,0.0,0.0,0.0,0.0,53.5843722228271,21.42972848772764
61-70968-0027_4446-2273-0018__T2__NORMAL__4446,4446,61,5,1.0,0.8,1.0,1.0,0.8,0.8,0.8,0.8,-54.02029981695404,-48.04673972850745
61-70968-0028_7021-79730-0007__T1__NORMAL__61,61,7021,9,0.0,0.0,0.0,0.0,0.0,0.0,0.0,0.0,40.952512151964044,10.607380548065477
61-70968-0028_7021-79730-0007__T2__NORMAL__7021,7021,61,9,0.0,0.2222222222222222,0.1111111111111111,0.0,0.1111111111111111,0.0,0.0,0.0,42.63097648187743,13.333457330849608
61-70968-0029_1320-122612-0003__T1__NORMAL__61,61,1320,5,0.0,0.0,0.0,0.0,0.0,0.0,0.0,0.0,55.20881699009933,23.13550917674528
61-70968-0029_1320-122612-0003__T2__NORMAL__1320,1320,61,5,0.0,0.0,0.0,0.0,0.0,0.0,0.0,0.0,62.815378662430476,17.820817551788224
61-70968-0029_8463-294825-0012__T1__NORMAL__61,61,8463,5,0.0,0.0,0.0,0.0,0.0,0.0,0.0,0.0,59.31061119705472,18.78468161834021
61-70968-0029_8463-294825-0012__T2__NORMAL__8463,8463,61,5,0.0,0.0,0.0,0.0,0.0,0.0,0.0,0.0,55.23539106643104,19.78790433178075
61-70968-0030_4507-16021-0055__T1__NORMAL__61,61,4507,10,0.0,0.0,0.0,0.0,0.0,0.0,0.0,0.0,53.38181941164173,17.621938210260822
61-70968-0030_4507-16021-0055__T2__NORMAL__4507,4507,61,10,0.0,0.0,0.0,0.0,0.0,0.0,0.0,0.0,56.7022355458799,20.768677549207
61-70968-0032_1995-1837-0020__T1__NORMAL__61,61,1995,5,0.0,0.0,0.0,0.0,0.0,0.0,0.0,0.0,60.8864428002049,25.15630723787991
61-70968-0032_1995-1837-0020__T2__NORMAL__1995,1995,61,5,0.0,0.0,0.0,0.0,0.0,0.0,0.0,0.0,68.75904175294032,21.92389773898709
61-70968-0033_1580-141083-0023__T1__NORMAL__61,61,1580,5,0.0,0.0,0.0,0.0,0.0,0.0,0.0,0.0,63.56746743532601,20.28811620877173
61-70968-0033_1580-141083-0023__T2__NORMAL__1580,1580,61,5,0.0,0.0,0.0,0.0,0.0,0.0,0.0,0.0,59.49578414822533,20.22771891962073
61-70968-0034_2961-961-0020__T1__NORMAL__61,61,2961,7,0.0,0.14285714285714285,0.0,0.0,0.0,0.0,0.0,0.0,54.071796867287695,16.930260561666557
61-70968-0034_2961-961-0020__T2__NORMAL__2961,2961,61,7,0.0,0.14285714285714285,0.0,0.0,0.0,0.0,0.0,0.0,55.62436548135842,17.612612537827836
61-70968-0034_5105-28241-0006__T1__NORMAL__61,61,5105,7,0.0,0.0,0.0,0.0,0.0,0.0,0.0,0.0,56.85753368784519,19.48272334371954
61-70968-0034_5105-28241-0006__T2__NORMAL__5105,5105,61,7,0.0,0.14285714285714285,0.0,0.0,0.0,0.0,0.0,0.0,56.2408415843798,22.5088896758886
61-70968-0034_672-122797-0070__T1__NORMAL__61,61,672,7,0.0,0.0,0.0,0.0,0.0,0.0,0.0,0.0,51.163547241448136,15.965357714210214
61-70968-0034_672-122797-0070__T2__NORMAL__672,672,61,7,0.0,0.0,0.0,0.0,0.0,0.0,0.0,0.0,59.48563630400058,17.82889646192882
61-70968-0035_4446-2273-0016__T1__NORMAL__61,61,4446,14,0.0,0.0,0.0,0.0,0.0,0.0,0.0,0.0,58.44369833390522,17.588217549670645
61-70968-0035_4446-2273-0016__T2__NORMAL__4446,4446,61,14,1.0,1.0,1.0,1.0,1.0,1.0,1.0,1.0,-57.74735927774763,-55.17817227946194
61-70968-0035_672-122797-0025__T1__NORMAL__61,61,672,14,0.0,0.0,0.0,0.0,0.0,0.0,0.0,0.0,54.3833494630877,12.445324617259384
61-70968-0035_672-122797-0025__T2__NORMAL__672,672,61,14,0.0,0.07142857142857142,0.0,0.0,0.0,0.0,0.0,0.0,43.16109174810701,17.068294214715237
61-70968-0037_1221-135766-0008__T1__NORMAL__61,61,1221,7,0.0,0.14285714285714285,0.0,0.0,0.0,0.0,0.0,0.0,45.58320113837281,14.091961390908349
61-70968-0037_1221-135766-0008__T2__NORMAL__1221,1221,61,7,0.0,0.0,0.0,0.0,0.0,0.0,0.0,0.0,35.442986355071035,18.259450700684933
61-70968-0039_8463-294828-0020__T1__NORMAL__61,61,8463,6,0.0,0.0,0.0,0.0,0.0,0.0,0.0,0.0,67.92248278712565,19.597201011094004
61-70968-0039_8463-294828-0020__T2__NORMAL__8463,8463,61,6,0.6666666666666666,1.0,1.0,0.6666666666666666,1.0,0.6666666666666666,0.6666666666666666,0.6666666666666666,-22.13642798344804,-8.868980334146558
61-70968-0039_908-31957-0007__T1__NORMAL__61,61,908,6,0.0,0.0,0.0,0.0,0.0,0.0,0.0,0.0,47.23689248165494,14.960457899168862
61-70968-0039_908-31957-0007__T2__NORMAL__908,908,61,6,0.0,0.0,0.0,0.0,0.0,0.0,0.0,0.0,47.426686861479915,19.03182975225827
61-70968-0040_3570-5694-0012__T1__NORMAL__61,61,3570,5,0.0,0.0,0.0,0.0,0.0,0.0,0.0,0.0,38.6151465074576,4.84990971435868
61-70968-0040_3570-5694-0012__T2__NORMAL__3570,3570,61,5,0.0,0.0,0.0,0.0,0.0,0.0,0.0,0.0,55.98007427875045,18.33554504493431
61-70968-0040_4970-29093-0004__T1__NORMAL__61,61,4970,6,0.0,0.0,0.0,0.0,0.0,0.0,0.0,0.0,64.01549351557101,14.103220793457226
61-70968-0040_4970-29093-0004__T2__NORMAL__4970,4970,61,6,0.0,0.16666666666666666,0.0,0.0,0.0,0.0,0.0,0.0,61.18930967282477,23.34238073837178
61-70968-0043_7021-85628-0019__T1__NORMAL__61,61,7021,5,0.0,0.0,0.0,0.0,0.0,0.0,0.0,0.0,42.97171209650302,13.696645658349878
61-70968-0043_7021-85628-0019__T2__NORMAL__7021,7021,61,5,0.0,0.0,0.0,0.2,0.0,0.0,0.0,0.0,37.92257530747828,14.901024311146488
61-70968-0045_2830-3980-0001__T1__NORMAL__61,61,2830,5,0.0,0.0,0.0,0.0,0.0,0.0,0.0,0.0,38.342427330923655,19.86411215318295
61-70968-0045_2830-3980-0001__T2__NORMAL__2830,2830,61,5,0.0,0.0,0.0,0.0,0.0,0.0,0.0,0.0,46.02292942889562,12.862447486356396
61-70968-0045_6930-76324-0012__T1__NORMAL__61,61,6930,5,0.0,0.2,0.0,0.0,0.0,0.0,0.0,0.0,33.59523303129464,13.215460091762749
61-70968-0045_6930-76324-0012__T2__NORMAL__6930,6930,61,5,0.0,0.0,0.0,0.0,0.0,0.0,0.0,0.0,56.4338649952464,9.17338050673728
61-70968-0046_121-121726-0000__T1__NORMAL__61,61,121,6,0.0,0.0,0.0,0.0,0.0,0.0,0.0,0.0,50.947866616314144,21.55065881041955
61-70968-0046_121-121726-0000__T2__NORMAL__121,121,61,6,0.0,0.0,0.0,0.0,0.0,0.0,0.0,0.0,55.208292715810295,20.61373619454176
61-70968-0046_3570-5694-0004__T1__NORMAL__61,61,3570,6,0.0,0.0,0.0,0.0,0.0,0.0,0.0,0.0,45.310791992942235,21.567855375330737
61-70968-0046_3570-5694-0004__T2__NORMAL__3570,3570,61,6,0.0,0.0,0.0,0.0,0.0,0.0,0.0,0.0,49.69366095312393,17.91423062575077
61-70968-0046_4970-29093-0008__T1__NORMAL__61,61,4970,6,0.0,0.0,0.0,0.0,0.0,0.0,0.0,0.0,64.00651031546657,17.093423581421508
61-70968-0046_4970-29093-0008__T2__NORMAL__4970,4970,61,6,0.0,0.0,0.0,0.0,0.0,0.0,0.0,0.0,62.85874400022604,21.97747895050808
61-70968-0046_8230-279154-0017__T1__NORMAL__61,61,8230,6,0.0,0.0,0.0,0.0,0.0,0.0,0.0,0.0,58.604488253459216,16.977858091293623
61-70968-0046_8230-279154-0017__T2__NORMAL__8230,8230,61,6,0.0,0.0,0.0,0.0,0.0,0.0,0.0,0.0,53.659366358567134,17.77342297157255
61-70968-0047_5683-32879-0012__T1__NORMAL__61,61,5683,7,0.0,0.0,0.0,0.0,0.0,0.0,0.0,0.0,60.44554432814037,19.618728824094223
61-70968-0047_5683-32879-0012__T2__NORMAL__5683,5683,61,7,0.0,0.0,0.0,0.0,0.0,0.0,0.0,0.0,51.55511433030976,18.6333706701106
61-70968-0049_7021-79740-0014__T1__NORMAL__61,61,7021,15,0.0,0.13333333333333333,0.0,0.0,0.0,0.0,0.0,0.0,48.223902075015374,8.680441274071278
61-70968-0049_7021-79740-0014__T2__NORMAL__7021,7021,61,15,0.0,0.0,0.06666666666666667,0.0,0.0,0.0,0.0,0.0,43.40429857699958,10.199595507510146
61-70968-0050_237-134500-0003__T1__NORMAL__61,61,237,5,0.0,0.0,0.0,0.0,0.0,0.0,0.0,0.0,54.469394348712136,17.45806463205193
61-70968-0050_237-134500-0003__T2__NORMAL__237,237,61,5,0.0,0.0,0.0,0.0,0.0,0.0,0.0,0.0,48.86568245018799,19.475304227899144
61-70968-0050_7021-79740-0001__T1__NORMAL__61,61,7021,10,0.0,0.0,0.0,0.0,0.0,0.0,0.0,0.0,50.90671279964561,19.2940138719295
61-70968-0050_7021-79740-0001__T2__NORMAL__7021,7021,61,10,0.0,0.1,0.0,0.0,0.0,0.0,0.0,0.0,50.879856196460295,13.51083025116661
61-70968-0051_4507-16021-0014__T1__NORMAL__61,61,4507,5,0.0,0.0,0.0,0.0,0.0,0.0,0.0,0.0,53.54981039946305,16.025269589251472
61-70968-0051_4507-16021-0014__T2__NORMAL__4507,4507,61,5,0.0,0.2,0.0,0.0,0.0,0.0,0.0,0.0,57.53386397353596,19.06365991168697
61-70968-0051_4992-41806-0000__T1__NORMAL__61,61,4992,5,0.0,0.2,0.0,0.0,0.0,0.0,0.0,0.0,62.63837016579989,18.68298562541906
61-70968-0051_4992-41806-0000__T2__NORMAL__4992,4992,61,5,0.0,0.0,0.0,0.0,0.0,0.0,0.0,0.0,59.67951115052142,18.862078830457644
61-70968-0053_3570-5696-0000__T1__NORMAL__61,61,3570,7,0.0,0.14285714285714285,0.0,0.0,0.0,0.0,0.0,0.0,52.67330353926796,18.28609443497801
61-70968-0053_3570-5696-0000__T2__NORMAL__3570,3570,61,7,0.0,0.0,0.0,0.0,0.0,0.0,0.0,0.0,51.11104982218662,16.84506086951788
61-70968-0053_3729-6852-0020__T1__NORMAL__61,61,3729,7,0.0,0.0,0.0,0.0,0.0,0.0,0.0,0.0,49.40611381833536,14.75744640020474
61-70968-0053_3729-6852-0020__T2__NORMAL__3729,3729,61,7,0.0,0.0,0.0,0.0,0.0,0.0,0.0,0.0,49.68751948905594,19.35802509761683
61-70968-0053_5683-32865-0008__T1__NORMAL__61,61,5683,7,0.0,0.0,0.0,0.0,0.0,0.0,0.0,0.0,52.419582943844965,15.176926288790334
61-70968-0053_5683-32865-0008__T2__NORMAL__5683,5683,61,7,0.0,0.0,0.0,0.0,0.0,0.0,0.0,0.0,42.73835241875365,20.45958466982627
61-70968-0053_8463-287645-0001__T1__NORMAL__61,61,8463,6,0.0,0.0,0.0,0.0,0.0,0.0,0.0,0.0,54.93859373339905,17.608914011674365
61-70968-0053_8463-287645-0001__T2__NORMAL__8463,8463,61,6,0.0,0.0,0.16666666666666666,0.0,0.0,0.0,0.0,0.0,52.64530222620025,18.31753350355121
61-70968-0056_1580-141084-0045__T1__NORMAL__61,61,1580,6,0.0,0.0,0.0,0.0,0.0,0.0,0.0,0.0,59.62968943794658,21.659193444787142
61-70968-0056_1580-141084-0045__T2__NORMAL__1580,1580,61,6,0.0,0.0,0.0,0.0,0.0,0.0,0.0,0.0,60.304318959205034,19.155120967537428
61-70968-0056_7176-92135-0025__T1__NORMAL__61,61,7176,6,0.0,0.0,0.0,0.0,0.0,0.0,0.0,0.0,46.01276391261862,16.93810174632384
61-70968-0056_7176-92135-0025__T2__NORMAL__7176,7176,61,6,0.0,0.0,0.16666666666666666,0.0,0.0,0.0,0.0,0.0,47.73094519269525,19.46832106549481
61-70968-0057_2094-142345-0014__T1__NORMAL__61,61,2094,9,0.0,0.0,0.0,0.0,0.0,0.0,0.0,0.0,50.18597171221247,13.734894363453872
61-70968-0057_2094-142345-0014__T2__NORMAL__2094,2094,61,9,0.0,0.0,0.0,0.0,0.0,0.0,0.0,0.0,51.9921583628723,15.188460070598792
61-70968-0057_237-126133-0000__T1__NORMAL__61,61,237,9,0.0,0.0,0.0,0.0,0.0,0.0,0.0,0.0,61.57062411933953,17.971703962506233
61-70968-0057_237-126133-0000__T2__NORMAL__237,237,61,9,0.0,0.0,0.0,0.0,0.0,0.0,0.0,0.0,59.13524086916569,19.805819086200312
61-70968-0057_8463-287645-0012__T1__NORMAL__61,61,8463,9,0.0,0.1111111111111111,0.0,0.0,0.0,0.0,0.0,0.0,55.15286332356875,18.65091178520809
61-70968-0057_8463-287645-0012__T2__NORMAL__8463,8463,61,9,0.0,0.0,0.0,0.0,0.0,0.0,0.0,0.0,53.09587794454202,16.564499071192376
61-70968-0060_3575-170457-0037__T1__NORMAL__61,61,3575,6,0.0,0.0,0.0,0.0,0.0,0.0,0.0,0.0,53.607783231124046,16.002592467941337
61-70968-0060_3575-170457-0037__T2__NORMAL__3575,3575,61,6,0.0,0.0,0.0,0.0,0.0,0.0,0.0,0.0,53.712791335301254,17.68167643449062
61-70968-0060_7176-92135-0034__T1__NORMAL__61,61,7176,6,0.16666666666666666,0.16666666666666666,0.16666666666666666,0.16666666666666666,0.16666666666666666,0.16666666666666666,0.16666666666666666,0.16666666666666666,40.8270566690647,6.938278359001757
61-70968-0060_7176-92135-0034__T2__NORMAL__7176,7176,61,6,0.0,0.0,0.0,0.0,0.0,0.0,0.0,0.0,51.25021235207607,16.00446855175766
61-70970-0000_121-121726-0002__T1__NORMAL__61,61,121,7,0.0,0.14285714285714285,0.0,0.0,0.0,0.0,0.0,0.0,59.20779259590023,21.634858684239514
61-70970-0000_121-121726-0002__T2__NORMAL__121,121,61,7,0.0,0.0,0.0,0.0,0.0,0.0,0.0,0.0,56.90568202676666,19.267808769077185
61-70970-0000_1284-134647-0006__T1__NORMAL__61,61,1284,11,0.0,0.09090909090909091,0.0,0.0,0.0,0.0,0.0,0.0,46.101506585817134,16.68686954476561
61-70970-0000_1284-134647-0006__T2__NORMAL__1284,1284,61,11,0.0,0.0,0.0,0.0,0.0,0.0,0.0,0.0,49.04294744761999,16.600704177897228
61-70970-0000_7729-102255-0018__T1__NORMAL__61,61,7729,11,0.0,0.09090909090909091,0.0,0.0,0.0,0.0,0.0,0.0,54.98556611893617,16.03066702500586
61-70970-0000_7729-102255-0018__T2__NORMAL__7729,7729,61,11,0.0,0.09090909090909091,0.0,0.0,0.0,0.0,0.0,0.0,49.888004914146784,18.33520019637522
61-70970-0001_1221-135766-0013__T1__NORMAL__61,61,1221,6,0.0,0.0,0.0,0.0,0.0,0.0,0.0,0.0,38.52548128221441,13.471607940518757
61-70970-0001_1221-135766-0013__T2__NORMAL__1221,1221,61,6,0.0,0.0,0.0,0.0,0.0,0.0,0.0,0.0,45.39909971834985,14.422195082195454
61-70970-0001_4446-2275-0038__T1__NORMAL__61,61,4446,8,0.0,0.0,0.0,0.0,0.0,0.0,0.0,0.0,58.48657157209986,17.785828359645823
61-70970-0001_4446-2275-0038__T2__NORMAL__4446,4446,61,8,1.0,1.0,1.0,1.0,1.0,1.0,1.0,1.0,-58.662256238167,-38.49086063827762
61-70970-0003_1995-1836-0003__T1__NORMAL__61,61,1995,6,0.0,0.0,0.0,0.0,0.0,0.0,0.0,0.0,51.96441366410762,26.00893828245029
61-70970-0003_1995-1836-0003__T2__NORMAL__1995,1995,61,6,0.0,0.0,0.0,0.0,0.0,0.0,0.0,0.0,58.0779963308953,19.527062713969286
61-70970-0003_2830-3980-0032__T1__NORMAL__61,61,2830,6,0.0,0.0,0.0,0.0,0.0,0.0,0.0,0.0,40.891860600898646,16.34717115105135
61-70970-0003_2830-3980-0032__T2__NORMAL__2830,2830,61,6,0.0,0.0,0.0,0.0,0.0,0.0,0.0,0.0,58.94970078892353,13.73426069454026
61-70970-0003_6930-76324-0024__T1__NORMAL__61,61,6930,6,0.0,0.0,0.0,0.0,0.0,0.0,0.0,0.0,37.82665762124081,8.255683906324833
61-70970-0003_6930-76324-0024__T2__NORMAL__6930,6930,61,6,0.0,0.16666666666666666,0.0,0.0,0.0,0.0,0.0,0.0,37.79332042561721,16.324040747710548
61-70970-0004_237-134500-0008__T1__NORMAL__61,61,237,6,0.0,0.16666666666666666,0.0,0.0,0.0,0.0,0.0,0.0,60.40360204446282,19.82516809674064
61-70970-0004_237-134500-0008__T2__NORMAL__237,237,61,6,0.0,0.0,0.0,0.0,0.0,0.0,0.0,0.0,63.54168752800789,20.62813530960152
61-70970-0004_4077-13754-0003__T1__NORMAL__61,61,4077,10,0.0,0.1,0.0,0.0,0.0,0.0,0.0,0.0,50.00932119456255,19.28931992826685
61-70970-0004_4077-13754-0003__T2__NORMAL__4077,4077,61,10,0.0,0.0,0.0,0.0,0.0,0.0,0.0,0.0,48.921910865754526,18.374957844848183
61-70970-0007_1995-1836-0011__T1__NORMAL__61,61,1995,7,0.0,0.0,0.0,0.0,0.0,0.0,0.0,0.0,66.0313755923917,22.3692751281187
61-70970-0007_1995-1836-0011__T2__NORMAL__1995,1995,61,7,0.0,0.0,0.0,0.0,0.0,0.0,0.0,0.0,61.134509950131246,19.755037916891624
61-70970-0007_4507-16021-0035__T1__NORMAL__61,61,4507,7,0.0,0.0,0.0,0.0,0.0,0.0,0.0,0.0,52.37553481218036,19.0460129669709
61-70970-0007_4507-16021-0035__T2__NORMAL__4507,4507,61,7,0.0,0.14285714285714285,0.0,0.0,0.0,0.0,0.0,0.0,58.84531879474059,18.16384720439592
61-70970-0009_2961-960-0022__T1__NORMAL__61,61,2961,5,0.0,0.2,0.0,0.0,0.0,0.0,0.0,0.0,63.71561100017648,14.586794310828497
61-70970-0009_2961-960-0022__T2__NORMAL__2961,2961,61,5,0.0,0.0,0.0,0.0,0.0,0.0,0.0,0.0,47.23365679484175,17.694570294084503
61-70970-0010_1188-133604-0005__T1__NORMAL__61,61,1188,5,0.0,0.0,0.0,0.0,0.0,0.0,0.0,0.0,43.22119164159792,16.557893716073384
61-70970-0010_1188-133604-0005__T2__NORMAL__1188,1188,61,5,0.0,0.2,0.0,0.0,0.0,0.0,0.0,0.0,45.65071902062466,18.503349752327704
61-70970-0010_7021-85628-0022__T1__NORMAL__61,61,7021,5,0.0,0.2,0.0,0.0,0.0,0.0,0.0,0.0,45.75294560786986,16.593720051925633
61-70970-0010_7021-85628-0022__T2__NORMAL__7021,7021,61,5,0.0,0.0,0.0,0.0,0.0,0.0,0.0,0.0,46.16619525600052,19.74472761474894
61-70970-0011_1995-1826-0009__T1__NORMAL__61,61,1995,11,0.0,0.09090909090909091,0.0,0.0,0.0,0.0,0.0,0.0,52.982731728428014,19.043803521114203
61-70970-0011_1995-1826-0009__T2__NORMAL__1995,1995,61,11,0.0,0.0,0.09090909090909091,0.0,0.0,0.0,0.0,0.0,57.26258819431734,21.234415958287634
61-70970-0011_4077-13751-0002__T1__NORMAL__61,61,4077,11,0.0,0.0,0.0,0.0,0.0,0.0,0.0,0.0,41.6673939557477,17.347075659244886
61-70970-0011_4077-13751-0002__T2__NORMAL__4077,4077,61,11,0.0,0.09090909090909091,0.0,0.0,0.0,0.0,0.0,0.0,46.248467065036124,12.826391076055812
61-70970-0011_8230-279154-0028__T1__NORMAL__61,61,8230,11,0.0,0.09090909090909091,0.0,0.0,0.0,0.0,0.0,0.0,57.73194691820006,21.26144294214896
61-70970-0011_8230-279154-0028__T2__NORMAL__8230,8230,61,11,0.0,0.0,0.0,0.0,0.0,0.0,0.0,0.0,64.9434319462239,19.161619978829663
61-70970-0012_1995-1826-0000__T1__NORMAL__61,61,1995,5,0.0,0.2,0.0,0.0,0.0,0.0,0.0,0.0,60.7197750122946,22.718331676378188
61-70970-0012_1995-1826-0000__T2__NORMAL__1995,1995,61,5,0.0,0.0,0.0,0.0,0.0,0.0,0.0,0.0,64.93179413477644,21.20708234153908
61-70970-0013_4507-16021-0035__T1__NORMAL__61,61,4507,7,0.0,0.0,0.0,0.0,0.0,0.0,0.0,0.0,57.29423563426292,17.978504623187725
61-70970-0013_4507-16021-0035__T2__NORMAL__4507,4507,61,7,0.0,0.14285714285714285,0.0,0.0,0.0,0.0,0.0,0.0,59.77217448426018,19.525178612782163
61-70970-0013_7127-75947-0021__T1__NORMAL__61,61,7127,6,0.0,0.0,0.0,0.0,0.0,0.0,0.0,0.0,52.94407322471877,11.379066634196136
61-70970-0013_7127-75947-0021__T2__NORMAL__7127,7127,61,6,0.0,0.16666666666666666,0.0,0.0,0.0,0.0,0.0,0.0,44.189658943116484,19.48892478971912
61-70970-0014_2830-3980-0029__T1__NORMAL__61,61,2830,5,0.0,0.2,0.0,0.0,0.0,0.0,0.0,0.0,37.85186569211977,17.317013923699747
61-70970-0014_2830-3980-0029__T2__NORMAL__2830,2830,61,5,0.0,0.2,0.0,0.0,0.0,0.0,0.0,0.0,47.53176443106168,12.220744049637874
61-70970-0015_4446-2275-0019__T1__NORMAL__61,61,4446,8,0.0,0.0,0.0,0.0,0.0,0.0,0.0,0.0,65.29377964186979,17.623981468869914
61-70970-0015_4446-2275-0019__T2__NORMAL__4446,4446,61,8,1.0,1.0,1.0,1.0,1.0,1.0,1.0,1.0,-62.31506947998648,-48.936025365961534
61-70970-0015_7127-75946-0018__T1__NORMAL__61,61,7127,15,0.0,0.06666666666666667,0.0,0.0,0.0,0.0,0.0,0.0,54.25059261682493,18.799967306459266
61-70970-0015_7127-75946-0018__T2__NORMAL__7127,7127,61,15,0.0,0.0,0.0,0.0,0.0,0.0,0.0,0.0,49.64438216563985,16.203516129355418
61-70970-0016_672-122797-0012__T1__NORMAL__61,61,672,7,0.0,0.0,0.14285714285714285,0.0,0.0,0.0,0.0,0.0,49.074192790179765,13.988201581681633
61-70970-0016_672-122797-0012__T2__NORMAL__672,672,61,7,0.0,0.0,0.0,0.0,0.0,0.0,0.0,0.0,49.888216009012616,16.364486366262994
61-70970-0018_2300-131720-0010__T1__NORMAL__61,61,2300,8,0.0,0.0,0.0,0.0,0.0,0.0,0.0,0.0,50.39310219165988,14.427013236090383
61-70970-0018_2300-131720-0010__T2__NORMAL__2300,2300,61,8,0.0,0.0,0.0,0.0,0.0,0.0,0.0,0.0,47.33557651200633,18.38011343140195
61-70970-0020_4507-16021-0018__T1__NORMAL__61,61,4507,5,0.0,0.2,0.0,0.0,0.0,0.0,0.0,0.0,58.12633884598716,18.73482570719339
61-70970-0020_4507-16021-0018__T2__NORMAL__4507,4507,61,5,0.0,0.0,0.0,0.0,0.0,0.0,0.0,0.0,57.87312297698155,16.880221137070826
61-70970-0020_4507-16021-0031__T1__NORMAL__61,61,4507,9,0.0,0.0,0.0,0.0,0.0,0.0,0.0,0.0,55.94070645196737,15.147588083688357
61-70970-0020_4507-16021-0031__T2__NORMAL__4507,4507,61,9,0.0,0.0,0.1111111111111111,0.0,0.0,0.0,0.0,0.0,50.45474409087459,19.55862815697697
61-70970-0021_8230-279154-0035__T1__NORMAL__61,61,8230,9,0.0,0.0,0.0,0.0,0.0,0.0,0.0,0.0,47.6592251669094,19.24353224016575
61-70970-0021_8230-279154-0035__T2__NORMAL__8230,8230,61,9,0.0,0.0,0.0,0.0,0.0,0.0,0.0,0.0,43.71297832117905,17.09520222045714
61-70970-0022_1580-141083-0053__T1__NORMAL__61,61,1580,5,0.0,0.0,0.0,0.0,0.0,0.0,0.0,0.0,60.785019145213425,15.769367771706488
61-70970-0022_1580-141083-0053__T2__NORMAL__1580,1580,61,5,0.0,0.0,0.0,0.0,0.0,0.0,0.0,0.0,53.52501852177575,21.142153679005048
61-70970-0022_237-134500-0034__T1__NORMAL__61,61,237,5,0.0,0.0,0.0,0.0,0.0,0.0,0.0,0.0,55.69018123894672,15.485714132665612
61-70970-0022_237-134500-0034__T2__NORMAL__237,237,61,5,0.0,0.0,0.0,0.0,0.0,0.0,0.0,0.0,46.808388088397564,20.613137701537568
61-70970-0023_3570-5696-0007__T1__NORMAL__61,61,3570,6,0.0,0.0,0.0,0.0,0.0,0.0,0.0,0.0,52.271197373601844,19.3447131742087
61-70970-0023_3570-5696-0007__T2__NORMAL__3570,3570,61,6,0.0,0.0,0.0,0.0,0.0,0.0,0.0,0.0,54.93767599556427,16.583197893145655
61-70970-0023_908-31957-0009__T1__NORMAL__61,61,908,6,0.0,0.0,0.0,0.0,0.0,0.0,0.0,0.0,47.98813462602353,16.847329306145088
61-70970-0023_908-31957-0009__T2__NORMAL__908,908,61,6,0.0,0.0,0.0,0.0,0.0,0.0,0.0,0.0,53.6733657651539,15.399309865136264
61-70970-0024_2961-961-0018__T1__NORMAL__61,61,2961,9,0.0,0.0,0.0,0.0,0.0,0.0,0.0,0.0,58.05051735915122,17.542221852551297
61-70970-0024_2961-961-0018__T2__NORMAL__2961,2961,61,9,0.0,0.0,0.1111111111111111,0.0,0.0,0.0,0.0,0.0,64.58316498858514,19.547202040561704
61-70970-0025_4992-41806-0009__T1__NORMAL__61,61,4992,7,0.0,0.2857142857142857,0.0,0.0,0.0,0.0,0.0,0.0,48.566408456867656,17.7342109347236
61-70970-0025_4992-41806-0009__T2__NORMAL__4992,4992,61,7,0.0,0.0,0.0,0.0,0.0,0.0,0.0,0.0,58.6799172825593,19.10355928056646
61-70970-0026_6829-68769-0028__T1__NORMAL__61,61,6829,5,0.0,0.0,0.0,0.0,0.0,0.0,0.0,0.0,58.00003576979159,18.239127056155606
61-70970-0026_6829-68769-0028__T2__NORMAL__6829,6829,61,5,0.0,0.0,0.0,0.0,0.0,0.0,0.0,0.0,59.14449687307788,19.6745852761169
61-70970-0026_8555-292519-0005__T1__NORMAL__61,61,8555,9,0.0,0.0,0.0,0.0,0.0,0.0,0.0,0.0,55.73438507035017,16.48558427644702
61-70970-0026_8555-292519-0005__T2__NORMAL__8555,8555,61,9,0.0,0.0,0.1111111111111111,0.0,0.0,0.0,0.0,0.0,47.4802429345983,21.576420859478866
61-70970-0027_5142-33396-0024__T1__NORMAL__61,61,5142,9,0.0,0.0,0.0,0.0,0.0,0.0,0.0,0.0,51.97949557426518,20.2475300372172
61-70970-0027_5142-33396-0024__T2__NORMAL__5142,5142,61,9,0.0,0.0,0.0,0.0,0.0,0.0,0.0,0.0,56.26745148321167,19.78474459224613
61-70970-0028_2300-131720-0013__T1__NORMAL__61,61,2300,12,0.0,0.0,0.0,0.0,0.0,0.0,0.0,0.0,50.61929808106774,19.98187499614988
61-70970-0028_2300-131720-0013__T2__NORMAL__2300,2300,61,12,0.0,0.0,0.0,0.0,0.0,0.0,0.0,0.0,54.28888500410006,17.335464363142947
61-70970-0028_908-31957-0009__T1__NORMAL__61,61,908,11,0.0,0.0,0.0,0.0,0.0,0.0,0.0,0.0,54.304345375682715,16.713986240609486
61-70970-0028_908-31957-0009__T2__NORMAL__908,908,61,11,0.0,0.0,0.0,0.0,0.0,0.0,0.0,0.0,54.19243953574087,17.91285445505612
61-70970-0029_1221-135767-0007__T1__NORMAL__61,61,1221,7,0.0,0.0,0.0,0.0,0.0,0.0,0.0,0.0,47.964144117856236,16.433250914053012
61-70970-0029_1221-135767-0007__T2__NORMAL__1221,1221,61,7,0.0,0.0,0.0,0.0,0.0,0.0,0.0,0.0,53.230832311203656,18.33982568000986
61-70970-0029_5142-36377-0000__T1__NORMAL__61,61,5142,5,0.0,0.2,0.0,0.0,0.0,0.0,0.0,0.0,48.7772427074716,17.35879969942771
61-70970-0029_5142-36377-0000__T2__NORMAL__5142,5142,61,5,0.0,0.2,0.0,0.0,0.0,0.0,0.0,0.0,54.703084247000014,20.94958866207836
61-70970-0030_1320-122617-0020__T1__NORMAL__61,61,1320,5,0.0,0.0,0.0,0.0,0.0,0.0,0.0,0.0,57.67907871537052,18.48413044426676
61-70970-0030_1320-122617-0020__T2__NORMAL__1320,1320,61,5,0.0,0.0,0.2,0.0,0.0,0.0,0.0,0.0,52.0648823173281,17.936184032776502
61-70970-0031_1320-122617-0000__T1__NORMAL__61,61,1320,9,0.0,0.0,0.0,0.0,0.0,0.0,0.0,0.0,52.70442739462235,17.345788918194863
61-70970-0031_1320-122617-0000__T2__NORMAL__1320,1320,61,9,0.0,0.0,0.2222222222222222,0.0,0.0,0.0,0.0,0.0,51.423373945072996,18.09158841100924
61-70970-0031_4992-23283-0010__T1__NORMAL__61,61,4992,9,0.0,0.0,0.0,0.0,0.0,0.0,0.0,0.0,41.522019831286094,16.559667695463656
61-70970-0031_4992-23283-0010__T2__NORMAL__4992,4992,61,9,0.0,0.0,0.0,0.0,0.0,0.0,0.0,0.0,49.65389451326241,11.99935078032539
61-70970-0032_7176-88083-0017__T1__NORMAL__61,61,7176,5,0.0,0.0,0.0,0.0,0.0,0.0,0.0,0.0,49.33664247583929,14.054722070048008
61-70970-0032_7176-88083-0017__T2__NORMAL__7176,7176,61,5,0.0,0.0,0.0,0.0,0.0,0.0,0.0,0.0,37.16565926127017,14.932528841903263
61-70970-0033_5142-33396-0026__T1__NORMAL__61,61,5142,5,0.0,0.0,0.0,0.0,0.0,0.0,0.0,0.0,54.13679831678981,14.577916927688314
61-70970-0033_5142-33396-0026__T2__NORMAL__5142,5142,61,5,0.0,0.0,0.0,0.0,0.0,0.0,0.0,0.0,60.014480434096036,18.59546495956733
61-70970-0034_4507-16021-0005__T1__NORMAL__61,61,4507,7,0.0,0.14285714285714285,0.0,0.0,0.0,0.0,0.0,0.0,58.92822025442736,15.66080365322408
61-70970-0034_4507-16021-0005__T2__NORMAL__4507,4507,61,7,0.0,0.0,0.0,0.0,0.0,0.0,0.0,0.0,49.07345711823195,21.40555378354168
61-70970-0034_908-31957-0020__T1__NORMAL__61,61,908,7,0.0,0.0,0.14285714285714285,0.0,0.0,0.0,0.0,0.0,51.883673975844424,18.28519418184548
61-70970-0034_908-31957-0020__T2__NORMAL__908,908,61,7,0.0,0.0,0.0,0.0,0.0,0.0,0.0,0.0,52.52558497171986,15.030060773588
61-70970-0035_5142-33396-0012__T1__NORMAL__61,61,5142,8,0.0,0.125,0.0,0.0,0.0,0.0,0.0,0.0,61.03910425118491,21.124684642370163
61-70970-0035_5142-33396-0012__T2__NORMAL__5142,5142,61,8,0.0,0.0,0.0,0.0,0.0,0.0,0.0,0.0,61.50054024237704,23.12256182109408
61-70970-0036_1089-134686-0016__T1__NORMAL__61,61,1089,6,0.16666666666666666,0.0,0.0,0.0,0.0,0.0,0.0,0.0,33.767092661433104,1.7576436846636327
61-70970-0036_1089-134686-0016__T2__NORMAL__1089,1089,61,6,0.0,0.0,0.0,0.0,0.0,0.0,0.0,0.0,44.556624459712395,17.75651122286377
61-70970-0036_2961-960-0001__T1__NORMAL__61,61,2961,12,0.0,0.0,0.08333333333333333,0.0,0.0,0.0,0.0,0.0,51.9146440644361,20.610493285259583
61-70970-0036_2961-960-0001__T2__NORMAL__2961,2961,61,12,0.0,0.0,0.0,0.0,0.0,0.0,0.0,0.0,46.32783854707194,14.339575449736683
61-70970-0036_8555-284447-0002__T1__NORMAL__61,61,8555,12,0.0,0.0,0.0,0.0,0.0,0.0,0.0,0.0,60.884355256662985,16.992296642517797
61-70970-0036_8555-284447-0002__T2__NORMAL__8555,8555,61,12,0.0,0.08333333333333333,0.0,0.0,0.0,0.0,0.0,0.0,55.52309771739235,20.934318654870427
61-70970-0037_1089-134691-0017__T1__NORMAL__61,61,1089,10,0.0,0.0,0.0,0.0,0.0,0.0,0.0,0.0,52.00917759005277,22.818721637194024
61-70970-0037_1089-134691-0017__T2__NORMAL__1089,1089,61,10,0.0,0.0,0.0,0.0,0.0,0.0,0.0,0.0,50.22704328795445,18.75334305642821
61-70970-0038_6829-68771-0020__T1__NORMAL__61,61,6829,8,0.0,0.0,0.0,0.0,0.0,0.0,0.0,0.0,52.65843811694033,19.23643558624069
61-70970-0038_6829-68771-0020__T2__NORMAL__6829,6829,61,8,0.0,0.125,0.125,0.0,0.0,0.0,0.0,0.0,56.79854999415459,17.451602905153038
61-70970-0039_5105-28233-0001__T1__NORMAL__61,61,5105,7,0.0,0.14285714285714285,0.0,0.0,0.0,0.0,0.0,0.0,55.251843827463325,17.681468210353835
61-70970-0039_5105-28233-0001__T2__NORMAL__5105,5105,61,7,0.0,0.0,0.0,0.0,0.0,0.0,0.0,0.0,51.621759974807325,17.49126233776048
61-70970-0039_5105-28240-0000__T1__NORMAL__61,61,5105,9,0.0,0.1111111111111111,0.0,0.0,0.0,0.0,0.0,0.0,60.75511374317538,16.88671082359347
61-70970-0039_5105-28240-0000__T2__NORMAL__5105,5105,61,9,0.0,0.1111111111111111,0.0,0.0,0.0,0.0,0.0,0.0,54.22001777045415,17.231627956285696
61-70970-0040_7729-102255-0019__T1__NORMAL__61,61,7729,7,0.0,0.14285714285714285,0.0,0.0,0.0,0.0,0.0,0.0,55.733306403249415,16.672539460705032
61-70970-0040_7729-102255-0019__T2__NORMAL__7729,7729,61,7,0.0,0.0,0.0,0.0,0.0,0.0,0.0,0.0,45.73695110951864,18.23564773277753
672-122797-0000_8455-210777-0019__T1__NORMAL__672,672,8455,6,0.0,0.0,0.0,0.0,0.0,0.0,0.0,0.0,38.9590352814583,18.61147834697804
672-122797-0000_8455-210777-0019__T2__NORMAL__8455,8455,672,6,0.0,0.0,0.0,0.0,0.0,0.0,0.0,0.0,51.29283747368937,13.203235872059231
672-122797-0002_237-126133-0012__T1__NORMAL__672,672,237,7,0.0,0.0,0.0,0.0,0.0,0.0,0.0,0.0,55.24332859392356,22.561264175014816
672-122797-0002_237-126133-0012__T2__NORMAL__237,237,672,7,0.0,0.0,0.0,0.0,0.0,0.0,0.0,0.0,57.11247745828165,20.804603716565
672-122797-0002_7729-102255-0012__T1__NORMAL__672,672,7729,7,0.0,0.14285714285714285,0.0,0.0,0.0,0.0,0.0,0.0,49.38856226075452,19.097003828204823
672-122797-0002_7729-102255-0012__T2__NORMAL__7729,7729,672,7,0.0,0.14285714285714285,0.0,0.0,0.0,0.0,0.0,0.0,53.81637818078938,17.017676907975673
672-122797-0003_1284-1180-0024__T1__NORMAL__672,672,1284,8,0.0,0.125,0.0,0.0,0.0,0.0,0.0,0.0,51.205310991215825,19.438587151760064
672-122797-0003_1284-1180-0024__T2__NORMAL__1284,1284,672,8,0.0,0.0,0.0,0.0,0.0,0.0,0.0,0.0,52.23787659731069,16.429257769952475
672-122797-0003_4446-2275-0010__T1__NORMAL__672,672,4446,6,0.0,0.16666666666666666,0.0,0.0,0.0,0.0,0.0,0.0,48.18015039559836,19.8849338069375
672-122797-0003_4446-2275-0010__T2__NORMAL__4446,4446,672,6,0.0,0.0,0.0,0.0,0.0,0.0,0.0,0.0,52.263778007491844,14.587240961764865
672-122797-0003_61-70968-0048__T1__NORMAL__672,672,61,5,0.0,0.2,0.0,0.0,0.0,0.0,0.0,0.0,37.815889640644926,11.363554664393424
672-122797-0003_61-70968-0048__T2__NORMAL__61,61,672,5,0.0,0.2,0.0,0.0,0.0,0.0,0.0,0.0,34.110784660512856,11.537491592202263
672-122797-0004_8455-210777-0013__T1__NORMAL__672,672,8455,12,0.0,0.0,0.0,0.0,0.0,0.0,0.0,0.0,50.78271094819294,4.934510757387136
672-122797-0004_8455-210777-0013__T2__NORMAL__8455,8455,672,12,0.08333333333333333,0.25,0.0,0.0,0.0,0.0,0.0,0.0,29.815109937844056,11.9181771603463
672-122797-0005_260-123440-0018__T1__NORMAL__672,672,260,5,0.0,0.0,0.0,0.0,0.0,0.0,0.0,0.0,47.93577657617037,19.68206152221745
672-122797-0005_260-123440-0018__T2__NORMAL__260,260,672,5,0.0,0.0,0.0,0.0,0.0,0.0,0.0,0.0,53.474588817029755,18.71602539079483
672-122797-0006_4077-13751-0002__T1__NORMAL__672,672,4077,18,1.0,1.0,1.0,1.0,1.0,1.0,1.0,1.0,-42.385968579061824,-24.09830677885232
672-122797-0006_4077-13751-0002__T2__NORMAL__4077,4077,672,18,0.0,0.0,0.0,0.0,0.0,0.0,0.0,0.0,42.56748764046253,11.441151385155004
672-122797-0006_5683-32865-0017__T1__NORMAL__672,672,5683,9,0.0,0.0,0.1111111111111111,0.1111111111111111,0.0,0.0,0.0,0.0,39.687842231256134,13.202784160281317
672-122797-0006_5683-32865-0017__T2__NORMAL__5683,5683,672,9,0.0,0.1111111111111111,0.0,0.0,0.0,0.0,0.0,0.0,43.30657853456513,12.79711197746092
672-122797-0010_237-134500-0021__T1__NORMAL__672,672,237,6,0.0,0.0,0.0,0.0,0.0,0.0,0.0,0.0,58.3532257646979,12.52297678961983
672-122797-0010_237-134500-0021__T2__NORMAL__237,237,672,6,0.0,0.0,0.0,0.0,0.0,0.0,0.0,0.0,65.63683975310565,18.583696341976644
672-122797-0010_4077-13751-0015__T1__NORMAL__672,672,4077,6,1.0,0.8333333333333334,1.0,1.0,0.8333333333333334,0.8333333333333334,0.8333333333333334,0.8333333333333334,-42.132106044510216,-15.365942110079407
672-122797-0010_4077-13751-0015__T2__NORMAL__4077,4077,672,6,0.0,0.16666666666666666,0.0,0.0,0.0,0.0,0.0,0.0,41.5573905054492,7.909450612757787
672-122797-0012_260-123440-0002__T1__NORMAL__672,672,260,14,0.0,0.07142857142857142,0.0,0.0,0.0,0.0,0.0,0.0,49.095654054642345,15.882597128438832
672-122797-0012_260-123440-0002__T2__NORMAL__260,260,672,14,0.0,0.07142857142857142,0.0,0.0,0.0,0.0,0.0,0.0,48.51468271359497,14.111525660034916
672-122797-0013_908-31957-0001__T1__NORMAL__672,672,908,16,0.0,0.0,0.0,0.0,0.0,0.0,0.0,0.0,50.96112624299184,18.40083014945744
672-122797-0013_908-31957-0001__T2__NORMAL__908,908,672,16,0.0,0.0625,0.0,0.0,0.0,0.0,0.0,0.0,49.30890796188035,17.553247254792293
672-122797-0016_6930-81414-0027__T1__NORMAL__672,672,6930,6,1.0,0.8333333333333334,1.0,1.0,0.8333333333333334,0.8333333333333334,0.8333333333333334,0.8333333333333334,-41.75003054067161,-35.6198840169712
672-122797-0016_6930-81414-0027__T2__NORMAL__6930,6930,672,6,0.0,0.16666666666666666,0.0,0.0,0.0,0.0,0.0,0.0,42.131687684368764,14.978648053877848
672-122797-0016_8463-294828-0006__T1__NORMAL__672,672,8463,12,0.0,0.0,0.0,0.0,0.0,0.0,0.0,0.0,51.803862528470376,19.29126707466721
672-122797-0016_8463-294828-0006__T2__NORMAL__8463,8463,672,12,1.0,1.0,1.0,1.0,1.0,1.0,1.0,1.0,-51.15632623585021,-57.78772268230196
672-122797-0017_260-123286-0020__T1__NORMAL__672,672,260,5,1.0,1.0,1.0,1.0,1.0,1.0,1.0,1.0,-31.857345823335482,-18.797548892738533
672-122797-0017_260-123286-0020__T2__NORMAL__260,260,672,5,0.0,0.0,0.0,0.0,0.0,0.0,0.0,0.0,49.29090547899799,16.835318286152358
672-122797-0018_61-70970-0019__T1__NORMAL__672,672,61,6,0.0,0.0,0.0,0.0,0.0,0.0,0.0,0.0,40.034417454245336,16.387371486041967
672-122797-0018_61-70970-0019__T2__NORMAL__61,61,672,6,0.0,0.0,0.0,0.0,0.0,0.0,0.0,0.0,50.917895134212564,13.322433933358385
672-122797-0018_8230-279154-0041__T1__NORMAL__672,672,8230,8,0.75,0.625,0.625,0.625,0.625,0.625,0.625,0.625,-29.59232684925147,-12.783791938060618
672-122797-0018_8230-279154-0041__T2__NORMAL__8230,8230,672,8,0.0,0.0,0.0,0.0,0.0,0.0,0.0,0.0,51.2134488531122,16.68782545477094
672-122797-0019_2830-3980-0001__T1__NORMAL__672,672,2830,6,0.0,0.0,0.0,0.0,0.0,0.0,0.0,0.0,56.62733018041109,8.918454903101189
672-122797-0019_2830-3980-0001__T2__NORMAL__2830,2830,672,6,0.0,0.0,0.0,0.0,0.0,0.0,0.0,0.0,29.809113126111654,10.969005680095078
672-122797-0019_4507-16021-0033__T1__NORMAL__672,672,4507,7,0.0,0.14285714285714285,0.0,0.0,0.0,0.0,0.0,0.0,41.51060921154965,9.105024788798843
672-122797-0019_4507-16021-0033__T2__NORMAL__4507,4507,672,7,0.0,0.0,0.0,0.0,0.0,0.0,0.0,0.0,50.34742734014122,18.12058250565357
672-122797-0019_7176-92135-0016__T1__NORMAL__672,672,7176,7,0.0,0.14285714285714285,0.0,0.0,0.0,0.0,0.0,0.0,44.883665562579786,15.77843975644586
672-122797-0019_7176-92135-0016__T2__NORMAL__7176,7176,672,7,0.0,0.0,0.0,0.0,0.0,0.0,0.0,0.0,46.461247864379565,12.01168992730325
672-122797-0020_5105-28233-0006__T1__NORMAL__672,672,5105,10,0.0,0.0,0.0,0.0,0.0,0.0,0.0,0.0,60.83017528786685,19.3977893232322
672-122797-0020_5105-28233-0006__T2__NORMAL__5105,5105,672,10,0.0,0.0,0.0,0.0,0.0,0.0,0.0,0.0,58.05038730996314,20.3636667973627
672-122797-0021_4446-2273-0032__T1__NORMAL__672,672,4446,7,0.0,0.0,0.0,0.0,0.0,0.0,0.0,0.0,59.213406983567886,14.403734684884808
672-122797-0021_4446-2273-0032__T2__NORMAL__4446,4446,672,7,0.0,0.0,0.0,0.0,0.0,0.0,0.0,0.0,38.48806350239129,18.009476463562457
672-122797-0021_5683-32866-0005__T1__NORMAL__672,672,5683,7,0.0,0.0,0.0,0.0,0.0,0.0,0.0,0.0,66.56422053350614,22.215102209481103
672-122797-0021_5683-32866-0005__T2__NORMAL__5683,5683,672,7,0.0,0.0,0.14285714285714285,0.0,0.0,0.0,0.0,0.0,54.08989464977349,14.390343271548032
672-122797-0021_7021-79759-0003__T1__NORMAL__672,672,7021,7,0.0,0.14285714285714285,0.0,0.0,0.0,0.0,0.0,0.0,47.575794889078374,13.73713041176369
672-122797-0021_7021-79759-0003__T2__NORMAL__7021,7021,672,7,0.0,0.0,0.0,0.0,0.0,0.0,0.0,0.0,46.77399507184232,17.595864269244736
672-122797-0023_237-134500-0002__T1__NORMAL__672,672,237,9,0.0,0.1111111111111111,0.1111111111111111,0.0,0.0,0.0,0.0,0.0,62.31505294132671,21.31390679371764
672-122797-0023_237-134500-0002__T2__NORMAL__237,237,672,9,0.0,0.0,0.0,0.0,0.0,0.0,0.0,0.0,53.48851752431248,16.483479944054988
672-122797-0024_2300-131720-0022__T1__NORMAL__672,672,2300,7,0.0,0.0,0.0,0.0,0.0,0.0,0.0,0.0,45.857739709683166,19.82063019313916
672-122797-0024_2300-131720-0022__T2__NORMAL__2300,2300,672,7,0.0,0.0,0.14285714285714285,0.0,0.0,0.0,0.0,0.0,25.921656375393415,1.086459378861414
672-122797-0027_2830-3980-0006__T1__NORMAL__672,672,2830,8,0.0,0.0,0.0,0.0,0.0,0.0,0.0,0.0,61.05015860616556,14.612691838761078
672-122797-0027_2830-3980-0006__T2__NORMAL__2830,2830,672,8,0.0,0.125,0.0,0.125,0.0,0.0,0.0,0.0,35.293565218602936,11.512226878787391
672-122797-0027_3575-170457-0050__T1__NORMAL__672,672,3575,8,0.0,0.0,0.0,0.0,0.0,0.0,0.0,0.0,48.47175624075857,13.850919608609114
672-122797-0027_3575-170457-0050__T2__NORMAL__3575,3575,672,8,0.0,0.0,0.0,0.0,0.0,0.0,0.0,0.0,32.86280843504181,12.00508556226519
672-122797-0029_3575-170457-0040__T1__NORMAL__672,672,3575,4,0.0,0.25,0.0,0.0,0.0,0.0,0.0,0.0,54.56191896322609,23.029023796269627
672-122797-0029_3575-170457-0040__T2__NORMAL__3575,3575,672,4,0.0,0.25,0.0,0.0,0.0,0.0,0.0,0.0,61.80170590073641,22.16693871664756
672-122797-0029_4446-2273-0001__T1__NORMAL__672,672,4446,5,0.0,0.2,0.0,0.0,0.0,0.0,0.0,0.0,58.121458768126594,20.002374488712263
672-122797-0029_4446-2273-0001__T2__NORMAL__4446,4446,672,5,1.0,0.8,1.0,1.0,0.8,0.8,0.8,0.8,-56.1018128606176,-40.11240255745331
672-122797-0029_6829-68769-0026__T1__NORMAL__672,672,6829,5,0.0,0.0,0.0,0.0,0.0,0.0,0.0,0.0,57.9200868132016,17.25614577787592
672-122797-0029_6829-68769-0026__T2__NORMAL__6829,6829,672,5,0.0,0.0,0.0,0.0,0.0,0.0,0.0,0.0,51.91286628551073,21.756271767208368
672-122797-0030_6930-76324-0009__T1__NORMAL__672,672,6930,5,1.0,0.8,1.0,1.0,0.8,0.8,0.8,0.8,-39.665041426482574,-41.24709008296444
672-122797-0030_6930-76324-0009__T2__NORMAL__6930,6930,672,5,0.0,0.2,0.0,0.0,0.0,0.0,0.0,0.0,40.312708114243115,21.437612327961943
672-122797-0031_1089-134686-0016__T1__NORMAL__672,672,1089,6,0.0,0.0,0.0,0.0,0.0,0.0,0.0,0.0,53.44637902860948,21.748998269103257
672-122797-0031_1089-134686-0016__T2__NORMAL__1089,1089,672,6,0.0,0.16666666666666666,0.0,0.0,0.0,0.0,0.0,0.0,47.58219996340333,9.008945846676678
672-122797-0031_4992-23283-0014__T1__NORMAL__672,672,4992,5,0.0,0.2,0.4,0.4,0.2,0.0,0.2,0.0,43.687343452098595,15.95017590099386
672-122797-0031_4992-23283-0014__T2__NORMAL__4992,4992,672,5,0.0,0.2,0.2,0.0,0.0,0.0,0.0,0.0,53.42588851822196,15.68430328919145
672-122797-0031_908-31957-0013__T1__NORMAL__672,672,908,6,0.0,0.16666666666666666,0.16666666666666666,0.16666666666666666,0.16666666666666666,0.0,0.16666666666666666,0.0,40.007258386767866,1.3801435491915457
672-122797-0031_908-31957-0013__T2__NORMAL__908,908,672,6,0.0,0.16666666666666666,0.0,0.0,0.0,0.0,0.0,0.0,57.89061513983153,17.317223949862747
672-122797-0032_3570-5696-0005__T1__NORMAL__672,672,3570,7,0.0,0.14285714285714285,0.0,0.0,0.0,0.0,0.0,0.0,66.78892293190746,17.04350650762889
672-122797-0032_3570-5696-0005__T2__NORMAL__3570,3570,672,7,0.0,0.0,0.0,0.0,0.0,0.0,0.0,0.0,50.83241612158792,18.160855258169107
672-122797-0034_4992-41806-0007__T1__NORMAL__672,672,4992,9,0.0,0.1111111111111111,0.0,0.0,0.0,0.0,0.0,0.0,51.24051106286194,3.184854160571202
672-122797-0034_4992-41806-0007__T2__NORMAL__4992,4992,672,9,0.0,0.1111111111111111,0.1111111111111111,0.1111111111111111,0.1111111111111111,0.0,0.1111111111111111,0.0,37.82985993935041,5.650850521165451
672-122797-0034_61-70968-0026__T1__NORMAL__672,672,61,8,0.0,0.125,0.0,0.0,0.0,0.0,0.0,0.0,42.368150642149715,10.78359861892939
672-122797-0034_61-70968-0026__T2__NORMAL__61,61,672,8,0.0,0.0,0.0,0.0,0.0,0.0,0.0,0.0,42.65649469625104,12.110893676056143
672-122797-0036_7176-92135-0020__T1__NORMAL__672,672,7176,9,0.0,0.0,0.0,0.0,0.0,0.0,0.0,0.0,57.76108036735137,20.057583084517727
672-122797-0036_7176-92135-0020__T2__NORMAL__7176,7176,672,9,0.0,0.1111111111111111,0.0,0.0,0.0,0.0,0.0,0.0,66.78654144836088,18.035043080595724
672-122797-0038_4992-41797-0017__T1__NORMAL__672,672,4992,15,0.0,0.06666666666666667,0.13333333333333333,0.13333333333333333,0.06666666666666667,0.0,0.06666666666666667,0.0,44.752105954426014,19.23858941038274
672-122797-0038_4992-41797-0017__T2__NORMAL__4992,4992,672,15,0.0,0.0,0.0,0.0,0.0,0.0,0.0,0.0,49.99601907646971,14.207778643769764
672-122797-0038_5683-32866-0002__T1__NORMAL__672,672,5683,9,0.0,0.0,0.0,0.0,0.0,0.0,0.0,0.0,59.347429610232865,19.560435474919665
672-122797-0038_5683-32866-0002__T2__NORMAL__5683,5683,672,9,0.0,0.0,0.0,0.0,0.0,0.0,0.0,0.0,51.9594383307824,18.06698084326161
672-122797-0039_5142-33396-0053__T1__NORMAL__672,672,5142,6,0.0,0.0,0.0,0.0,0.0,0.0,0.0,0.0,47.91993587975811,8.10223273969433
672-122797-0039_5142-33396-0053__T2__NORMAL__5142,5142,672,6,0.0,0.0,0.0,0.0,0.0,0.0,0.0,0.0,37.2172060477419,6.990409266312873
672-122797-0039_7127-75946-0015__T1__NORMAL__672,672,7127,6,0.8333333333333334,0.8333333333333334,0.8333333333333334,0.8333333333333334,0.8333333333333334,0.8333333333333334,0.8333333333333334,0.8333333333333334,-26.98422925918713,-20.78513876439212
672-122797-0039_7127-75946-0015__T2__NORMAL__7127,7127,672,6,0.0,0.0,0.0,0.0,0.0,0.0,0.0,0.0,35.923361407682414,15.51388084975848
672-122797-0040_1089-134686-0036__T1__NORMAL__672,672,1089,5,0.0,0.0,0.0,0.0,0.0,0.0,0.0,0.0,49.78083584044358,21.28953088240108
672-122797-0040_1089-134686-0036__T2__NORMAL__1089,1089,672,5,0.0,0.2,0.0,0.0,0.0,0.0,0.0,0.0,45.26703871157472,17.048106436554214
672-122797-0040_5683-32866-0024__T1__NORMAL__672,672,5683,9,0.0,0.1111111111111111,0.0,0.0,0.0,0.0,0.0,0.0,49.788978655540475,18.550775610502324
672-122797-0040_5683-32866-0024__T2__NORMAL__5683,5683,672,9,0.0,0.0,0.0,0.0,0.0,0.0,0.0,0.0,44.268396717876854,13.518615061703692
672-122797-0041_7021-85628-0021__T1__NORMAL__672,672,7021,6,0.0,0.0,0.0,0.0,0.0,0.0,0.0,0.0,48.32068138735244,17.049445078113056
672-122797-0041_7021-85628-0021__T2__NORMAL__7021,7021,672,6,0.0,0.0,0.0,0.0,0.0,0.0,0.0,0.0,44.65512838944167,12.60121933153193
672-122797-0044_7127-75946-0003__T1__NORMAL__672,672,7127,6,0.0,0.0,0.0,0.0,0.0,0.0,0.0,0.0,49.01162554168928,18.46983367810587
672-122797-0044_7127-75946-0003__T2__NORMAL__7127,7127,672,6,0.0,0.0,0.0,0.0,0.0,0.0,0.0,0.0,52.76930688621823,18.319366341995863
672-122797-0045_2094-142345-0023__T1__NORMAL__672,672,2094,9,0.0,0.1111111111111111,0.0,0.0,0.0,0.0,0.0,0.0,51.7264510746815,18.11963659218817
672-122797-0045_2094-142345-0023__T2__NORMAL__2094,2094,672,9,0.0,0.0,0.0,0.0,0.0,0.0,0.0,0.0,49.430886473453114,15.720715121921565
672-122797-0046_237-126133-0011__T1__NORMAL__672,672,237,8,0.0,0.0,0.0,0.0,0.0,0.0,0.0,0.0,51.25239712707574,18.491817324007265
672-122797-0046_237-126133-0011__T2__NORMAL__237,237,672,8,0.0,0.0,0.0,0.0,0.0,0.0,0.0,0.0,52.214180115405526,20.605718354936258
672-122797-0046_2961-961-0003__T1__NORMAL__672,672,2961,7,0.0,0.0,0.0,0.0,0.0,0.0,0.0,0.0,39.050937141157775,14.285078160327403
672-122797-0046_2961-961-0003__T2__NORMAL__2961,2961,672,7,0.0,0.14285714285714285,0.0,0.0,0.0,0.0,0.0,0.0,40.84885491017308,15.046238693703328
672-122797-0047_1284-1181-0014__T1__NORMAL__672,672,1284,5,1.0,1.0,1.0,1.0,1.0,1.0,1.0,1.0,-33.427142561871186,-9.417855881744538
672-122797-0047_1284-1181-0014__T2__NORMAL__1284,1284,672,5,0.0,0.0,0.0,0.0,0.0,0.0,0.0,0.0,55.906217570034315,15.508842355710268
672-122797-0048_237-134500-0022__T1__NORMAL__672,672,237,8,0.0,0.0,0.0,0.0,0.0,0.0,0.0,0.0,63.923914328714716,19.65900663244262
672-122797-0048_237-134500-0022__T2__NORMAL__237,237,672,8,0.0,0.0,0.0,0.0,0.0,0.0,0.0,0.0,59.64849739545348,20.92921812310264
672-122797-0048_61-70968-0020__T1__NORMAL__672,672,61,8,0.0,0.0,0.0,0.0,0.0,0.0,0.0,0.0,40.96404216923692,13.569978817507934
672-122797-0048_61-70968-0020__T2__NORMAL__61,61,672,8,0.0,0.0,0.0,0.0,0.0,0.0,0.0,0.0,47.32551605411264,10.291766805143508
672-122797-0051_1580-141083-0016__T1__NORMAL__672,672,1580,7,0.0,0.14285714285714285,0.0,0.0,0.0,0.0,0.0,0.0,51.89664188803446,10.405514692195336
672-122797-0051_1580-141083-0016__T2__NORMAL__1580,1580,672,7,0.0,0.0,0.0,0.0,0.0,0.0,0.0,0.0,52.16036365374026,21.07138501285586
672-122797-0052_2961-960-0004__T1__NORMAL__672,672,2961,7,0.0,0.0,0.0,0.0,0.0,0.0,0.0,0.0,52.1451284261698,14.869434672796398
672-122797-0052_2961-960-0004__T2__NORMAL__2961,2961,672,7,0.0,0.0,0.0,0.0,0.0,0.0,0.0,0.0,47.58606694491668,20.47765259708551
672-122797-0052_4507-16021-0018__T1__NORMAL__672,672,4507,5,0.0,0.0,0.0,0.0,0.0,0.0,0.0,0.0,55.820198212126684,19.238714105185323
672-122797-0052_4507-16021-0018__T2__NORMAL__4507,4507,672,5,0.0,0.0,0.0,0.0,0.0,0.0,0.0,0.0,63.31655137574089,18.50818150737078
672-122797-0054_2830-3980-0038__T1__NORMAL__672,672,2830,7,0.0,0.0,0.0,0.0,0.0,0.0,0.0,0.0,32.61072607865284,15.316669130795834
672-122797-0054_2830-3980-0038__T2__NORMAL__2830,2830,672,7,0.0,0.14285714285714285,0.0,0.0,0.0,0.0,0.0,0.0,46.987210631662094,10.739827951740406
672-122797-0055_61-70970-0021__T1__NORMAL__672,672,61,8,0.0,0.0,0.0,0.0,0.0,0.0,0.0,0.0,49.83105050880804,14.015567097566574
672-122797-0055_61-70970-0021__T2__NORMAL__61,61,672,8,0.0,0.0,0.0,0.0,0.0,0.0,0.0,0.0,43.3254924579303,13.430097769929358
672-122797-0058_2300-131720-0029__T1__NORMAL__672,672,2300,7,1.0,0.8571428571428571,0.8571428571428571,0.8571428571428571,0.8571428571428571,0.8571428571428571,0.8571428571428571,0.8571428571428571,-35.05545895728273,-16.76630957681295
672-122797-0058_2300-131720-0029__T2__NORMAL__2300,2300,672,7,0.0,0.0,0.0,0.0,0.0,0.0,0.0,0.0,45.251992423639244,13.2415326924684
672-122797-0058_4992-23283-0019__T1__NORMAL__672,672,4992,7,0.0,0.2857142857142857,0.14285714285714285,0.0,0.14285714285714285,0.0,0.0,0.0,45.12462283028953,12.421228235086987
672-122797-0058_4992-23283-0019__T2__NORMAL__4992,4992,672,7,0.0,0.0,0.0,0.0,0.0,0.0,0.0,0.0,33.97066623170718,14.40900407030107
672-122797-0060_237-134500-0015__T1__NORMAL__672,672,237,5,0.0,0.2,0.0,0.0,0.0,0.0,0.0,0.0,65.82181043254958,20.092533200045462
672-122797-0060_237-134500-0015__T2__NORMAL__237,237,672,5,0.0,0.0,0.0,0.0,0.0,0.0,0.0,0.0,67.18366545217462,20.537415465837384
672-122797-0060_7729-102255-0035__T1__NORMAL__672,672,7729,5,0.0,0.0,0.0,0.0,0.0,0.0,0.0,0.0,54.67779853900655,16.658767730959845
672-122797-0060_7729-102255-0035__T2__NORMAL__7729,7729,672,5,0.0,0.0,0.0,0.0,0.0,0.0,0.0,0.0,57.837021023968724,18.119299148394905
672-122797-0060_8455-210777-0038__T1__NORMAL__672,672,8455,5,0.0,0.0,0.2,0.0,0.0,0.0,0.0,0.0,48.821675823464226,19.768414101437987
672-122797-0060_8455-210777-0038__T2__NORMAL__8455,8455,672,5,0.0,0.2,0.0,0.0,0.0,0.0,0.0,0.0,68.91243043426383,12.635958125716458
672-122797-0061_260-123286-0018__T1__NORMAL__672,672,260,10,0.0,0.0,0.0,0.0,0.0,0.0,0.0,0.0,52.17376547423571,15.014805515363092
672-122797-0061_260-123286-0018__T2__NORMAL__260,260,672,10,0.0,0.0,0.1,0.0,0.0,0.0,0.0,0.0,46.2042761391307,17.205619039240815
672-122797-0061_2961-961-0015__T1__NORMAL__672,672,2961,12,0.0,0.0,0.0,0.0,0.0,0.0,0.0,0.0,50.61035034590568,17.126422034532226
672-122797-0061_2961-961-0015__T2__NORMAL__2961,2961,672,12,0.0,0.0,0.0,0.0,0.0,0.0,0.0,0.0,49.322831196820566,18.57065130433701
672-122797-0063_1320-122617-0025__T1__NORMAL__672,672,1320,9,0.0,0.0,0.0,0.0,0.0,0.0,0.0,0.0,37.63294043665726,21.296409921805846
672-122797-0063_1320-122617-0025__T2__NORMAL__1320,1320,672,9,0.0,0.0,0.0,0.0,0.0,0.0,0.0,0.0,49.303352505933766,17.267462387800027
672-122797-0063_1580-141084-0002__T1__NORMAL__672,672,1580,8,0.0,0.0,0.0,0.0,0.0,0.0,0.0,0.0,45.070768044025854,19.188784884841365
672-122797-0063_1580-141084-0002__T2__NORMAL__1580,1580,672,8,0.0,0.0,0.0,0.0,0.0,0.0,0.0,0.0,49.724872059594006,16.797522399975684
672-122797-0063_4446-2275-0042__T1__NORMAL__672,672,4446,9,0.0,0.0,0.0,0.0,0.0,0.0,0.0,0.0,51.176674126866615,14.177955024451888
672-122797-0063_4446-2275-0042__T2__NORMAL__4446,4446,672,9,1.0,0.8888888888888888,1.0,1.0,0.8888888888888888,0.8888888888888888,0.8888888888888888,0.8888888888888888,-51.467773069300016,-29.70148105364388
672-122797-0064_8455-210777-0057__T1__NORMAL__672,672,8455,17,0.0,0.058823529411764705,0.0,0.0,0.0,0.0,0.0,0.0,45.593446276503755,17.18137151219871
672-122797-0064_8455-210777-0057__T2__NORMAL__8455,8455,672,17,0.0,0.0,0.0,0.0,0.0,0.0,0.0,0.0,43.138946040111875,12.622781713909752
672-122797-0065_8230-279154-0004__T1__NORMAL__672,672,8230,5,1.0,1.0,0.8,1.0,0.8,0.8,0.8,0.8,-54.25975259595036,-28.96258990175169
672-122797-0065_8230-279154-0004__T2__NORMAL__8230,8230,672,5,0.0,0.0,0.2,0.0,0.0,0.0,0.0,0.0,57.641979074811935,12.720765976370714
672-122797-0066_1221-135766-0004__T1__NORMAL__672,672,1221,8,0.0,0.0,0.0,0.0,0.0,0.0,0.0,0.0,56.17232357998251,16.349510465857552
672-122797-0066_1221-135766-0004__T2__NORMAL__1221,1221,672,8,0.0,0.0,0.0,0.0,0.0,0.0,0.0,0.0,50.422554977625566,19.48573324853559
672-122797-0066_7127-75947-0035__T1__NORMAL__672,672,7127,7,0.0,0.0,0.0,0.0,0.0,0.0,0.0,0.0,55.87585875316501,16.004059922004785
672-122797-0066_7127-75947-0035__T2__NORMAL__7127,7127,672,7,0.0,0.0,0.0,0.0,0.0,0.0,0.0,0.0,47.15347038383049,20.705063446831726
672-122797-0067_6930-81414-0007__T1__NORMAL__672,672,6930,7,0.0,0.0,0.0,0.0,0.0,0.0,0.0,0.0,48.13031214833543,11.787281452215035
672-122797-0067_6930-81414-0007__T2__NORMAL__6930,6930,672,7,0.0,0.0,0.0,0.0,0.0,0.0,0.0,0.0,44.94323227028947,19.36548219509946
672-122797-0068_2094-142345-0056__T1__NORMAL__672,672,2094,6,0.0,0.16666666666666666,0.0,0.0,0.0,0.0,0.0,0.0,46.0601373007637,12.233088081646525
672-122797-0068_2094-142345-0056__T2__NORMAL__2094,2094,672,6,0.0,0.0,0.0,0.0,0.0,0.0,0.0,0.0,30.79272412603631,10.340977899724312
672-122797-0068_7127-75947-0024__T1__NORMAL__672,672,7127,7,0.0,0.0,0.0,0.0,0.0,0.0,0.0,0.0,55.806759649872234,21.460452778386426
672-122797-0068_7127-75947-0024__T2__NORMAL__7127,7127,672,7,0.0,0.0,0.0,0.0,0.0,0.0,0.0,0.0,56.97890171359938,15.331220612035835
672-122797-0069_6829-68771-0033__T1__NORMAL__672,672,6829,9,0.0,0.0,0.0,0.0,0.0,0.0,0.0,0.0,58.55202958081716,16.561592245649738
672-122797-0069_6829-68771-0033__T2__NORMAL__6829,6829,672,9,0.0,0.2222222222222222,0.0,0.0,0.0,0.0,0.0,0.0,48.01274965713864,21.10762866978719
672-122797-0070_3570-5695-0006__T1__NORMAL__672,672,3570,11,0.0,0.0,0.0,0.0,0.0,0.0,0.0,0.0,66.19909250907448,23.457170513024835
672-122797-0070_3570-5695-0006__T2__NORMAL__3570,3570,672,11,0.0,0.0,0.0,0.0,0.0,0.0,0.0,0.0,66.34645088251018,20.207721257576043
672-122797-0071_4446-2271-0012__T1__NORMAL__672,672,4446,6,0.0,0.3333333333333333,0.0,0.0,0.0,0.0,0.0,0.0,51.24678527564871,17.182119839760716
672-122797-0071_4446-2271-0012__T2__NORMAL__4446,4446,672,6,0.0,0.0,0.0,0.0,0.0,0.0,0.0,0.0,55.856034882945806,14.840583273741426
672-122797-0072_237-134493-0011__T1__NORMAL__672,672,237,9,0.0,0.0,0.0,0.0,0.0,0.0,0.0,0.0,55.7878426985285,18.61007687190353
672-122797-0072_237-134493-0011__T2__NORMAL__237,237,672,9,0.0,0.0,0.0,0.0,0.0,0.0,0.0,0.0,49.09096627590021,19.29666835772882
672-122797-0072_4507-16021-0034__T1__NORMAL__672,672,4507,13,0.0,0.07692307692307693,0.0,0.0,0.0,0.0,0.0,0.0,55.51920275583504,13.730294161087096
672-122797-0072_4507-16021-0034__T2__NORMAL__4507,4507,672,13,0.0,0.07692307692307693,0.0,0.0,0.0,0.0,0.0,0.0,47.007763255943175,19.17552044706292
672-122797-0073_1580-141084-0004__T1__NORMAL__672,672,1580,13,0.0,0.07692307692307693,0.0,0.0,0.0,0.0,0.0,0.0,55.608221809735525,24.409743206905787
672-122797-0073_1580-141084-0004__T2__NORMAL__1580,1580,672,13,0.0,0.0,0.0,0.0,0.0,0.0,0.0,0.0,53.05337004813357,16.932282793577755
672-122797-0073_7127-75946-0006__T1__NORMAL__672,672,7127,13,0.0,0.07692307692307693,0.0,0.0,0.0,0.0,0.0,0.0,56.82015232651531,17.464808810779708
672-122797-0073_7127-75946-0006__T2__NORMAL__7127,7127,672,13,0.0,0.07692307692307693,0.0,0.0,0.0,0.0,0.0,0.0,53.14634712878645,17.233542482947595
672-122797-0074_237-134493-0018__T1__NORMAL__672,672,237,5,0.0,0.0,0.0,0.0,0.0,0.0,0.0,0.0,57.94714401784954,22.67019050430075
672-122797-0074_237-134493-0018__T2__NORMAL__237,237,672,5,0.0,0.0,0.0,0.0,0.0,0.0,0.0,0.0,61.61838746769056,18.54645717603589
672-122797-0074_4507-16021-0057__T1__NORMAL__672,672,4507,7,0.0,0.0,0.0,0.0,0.0,0.0,0.0,0.0,41.4100441001782,14.682996211744346
672-122797-0074_4507-16021-0057__T2__NORMAL__4507,4507,672,7,0.0,0.0,0.0,0.0,0.0,0.0,0.0,0.0,46.05024431036055,15.702113566885728
6829-68769-0000_7021-79740-0004__T1__NORMAL__6829,6829,7021,11,0.0,0.0,0.0,0.0,0.0,0.0,0.0,0.0,51.361926904710984,20.47813087016892
6829-68769-0000_7021-79740-0004__T2__NORMAL__7021,7021,6829,11,0.0,0.0,0.0,0.0,0.0,0.0,0.0,0.0,49.25820287074853,18.20630710217653
6829-68769-0001_7127-75946-0011__T1__NORMAL__6829,6829,7127,5,0.0,0.0,0.0,0.0,0.0,0.0,0.0,0.0,53.3608654882373,15.484142015469184
6829-68769-0001_7127-75946-0011__T2__NORMAL__7127,7127,6829,5,0.0,0.0,0.2,0.0,0.0,0.0,0.0,0.0,48.63677490864994,21.358973089222232
6829-68769-0001_7729-102255-0022__T1__NORMAL__6829,6829,7729,17,0.0,0.0,0.0,0.0,0.0,0.0,0.0,0.0,56.76742797586701,18.385503045492165
6829-68769-0001_7729-102255-0022__T2__NORMAL__7729,7729,6829,17,0.0,0.0,0.0,0.0,0.0,0.0,0.0,0.0,58.00447231904329,19.471246516506987
6829-68769-0002_3729-6852-0016__T1__NORMAL__6829,6829,3729,5,0.0,0.0,0.2,0.0,0.0,0.0,0.0,0.0,55.05601368821529,18.989827342299503
6829-68769-0002_3729-6852-0016__T2__NORMAL__3729,3729,6829,5,0.0,0.0,0.0,0.0,0.0,0.0,0.0,0.0,45.37453450859497,16.9621520342012
6829-68769-0003_1188-133604-0040__T1__NORMAL__6829,6829,1188,5,0.0,0.0,0.0,0.0,0.0,0.0,0.0,0.0,51.69505229761836,19.24783642816333
6829-68769-0003_1188-133604-0040__T2__NORMAL__1188,1188,6829,5,0.0,0.0,0.0,0.0,0.0,0.0,0.0,0.0,50.04349576559001,20.17313212256758
6829-68769-0003_8463-294825-0006__T1__NORMAL__6829,6829,8463,7,0.0,0.0,0.0,0.0,0.0,0.0,0.0,0.0,62.978817749396626,19.899845925792672
6829-68769-0003_8463-294825-0006__T2__NORMAL__8463,8463,6829,7,1.0,1.0,1.0,1.0,1.0,1.0,1.0,1.0,-62.16206516482191,-38.14852836664687
6829-68769-0004_5105-28240-0009__T1__NORMAL__6829,6829,5105,13,0.0,0.07692307692307693,0.0,0.0,0.0,0.0,0.0,0.0,56.229479608630534,17.61690714549109
6829-68769-0004_5105-28240-0009__T2__NORMAL__5105,5105,6829,13,0.0,0.0,0.0,0.0,0.0,0.0,0.0,0.0,54.7949086390084,17.047658842818407
6829-68769-0004_908-31957-0006__T1__NORMAL__6829,6829,908,10,0.0,0.0,0.0,0.0,0.0,0.0,0.0,0.0,53.2421602344463,19.683423803947782
6829-68769-0004_908-31957-0006__T2__NORMAL__908,908,6829,10,0.0,0.1,0.0,0.0,0.0,0.0,0.0,0.0,60.48970540927379,15.950003221327334
6829-68769-0005_4970-29095-0036__T1__NORMAL__6829,6829,4970,9,0.0,0.0,0.0,0.0,0.0,0.0,0.0,0.0,63.14711534689306,21.45780652461556
6829-68769-0005_4970-29095-0036__T2__NORMAL__4970,4970,6829,9,0.0,0.1111111111111111,0.0,0.0,0.0,0.0,0.0,0.0,61.23328766151532,22.83932335691494
6829-68769-0006_5683-32879-0020__T1__NORMAL__6829,6829,5683,11,0.0,0.09090909090909091,0.0,0.0,0.0,0.0,0.0,0.0,65.17736515047814,15.651183830000694
6829-68769-0006_5683-32879-0020__T2__NORMAL__5683,5683,6829,11,0.0,0.0,0.0,0.0,0.0,0.0,0.0,0.0,59.130493696994726,23.468755090875582
6829-68769-0006_7176-88083-0005__T1__NORMAL__6829,6829,7176,8,0.0,0.0,0.0,0.0,0.0,0.0,0.0,0.0,56.78748553804093,19.55221894901308
6829-68769-0006_7176-88083-0005__T2__NORMAL__7176,7176,6829,8,0.0,0.0,0.0,0.0,0.0,0.0,0.0,0.0,56.83706891376666,20.602047623700223
6829-68769-0007_5142-33396-0031__T1__NORMAL__6829,6829,5142,6,0.0,0.0,0.0,0.0,0.0,0.0,0.0,0.0,64.48438545307883,20.035397838761405
6829-68769-0007_5142-33396-0031__T2__NORMAL__5142,5142,6829,6,0.0,0.0,0.0,0.0,0.0,0.0,0.0,0.0,61.75225433928558,24.301868831002302
6829-68769-0008_2961-961-0014__T1__NORMAL__6829,6829,2961,8,0.0,0.0,0.0,0.0,0.0,0.0,0.0,0.0,49.455479825349485,18.885486766433697
6829-68769-0008_2961-961-0014__T2__NORMAL__2961,2961,6829,8,0.0,0.0,0.0,0.0,0.0,0.0,0.0,0.0,54.66400418712224,18.588023497550928
6829-68769-0008_4992-41806-0004__T1__NORMAL__6829,6829,4992,6,0.0,0.0,0.0,0.0,0.0,0.0,0.0,0.0,61.36593550852454,22.529031039751647
6829-68769-0008_4992-41806-0004__T2__NORMAL__4992,4992,6829,6,0.0,0.3333333333333333,0.0,0.0,0.0,0.0,0.0,0.0,51.646404020690916,15.8572323699236
6829-68769-0009_1188-133604-0033__T1__NORMAL__6829,6829,1188,7,0.0,0.14285714285714285,0.0,0.0,0.0,0.0,0.0,0.0,57.060584242394626,21.66285765445019
6829-68769-0009_1188-133604-0033__T2__NORMAL__1188,1188,6829,7,0.0,0.0,0.0,0.0,0.0,0.0,0.0,0.0,61.327563176146846,18.46656707275583
6829-68769-0010_1320-122612-0013__T1__NORMAL__6829,6829,1320,5,0.0,0.0,0.0,0.0,0.0,0.0,0.0,0.0,67.77252379297411,23.83416535956914
6829-68769-0010_1320-122612-0013__T2__NORMAL__1320,1320,6829,5,0.0,0.2,0.0,0.0,0.0,0.0,0.0,0.0,70.60578242830616,21.64703808456294
6829-68769-0011_3729-6852-0028__T1__NORMAL__6829,6829,3729,8,0.0,0.0,0.0,0.0,0.0,0.0,0.0,0.0,49.775878495340876,16.243122198105524
6829-68769-0011_3729-6852-0028__T2__NORMAL__3729,3729,6829,8,0.0,0.0,0.0,0.0,0.0,0.0,0.0,0.0,46.38036994486497,19.497796256237663
6829-68769-0011_8463-287645-0003__T1__NORMAL__6829,6829,8463,8,0.0,0.0,0.0,0.0,0.0,0.0,0.0,0.0,55.0494641563437,16.816871053277566
6829-68769-0011_8463-287645-0003__T2__NORMAL__8463,8463,6829,8,0.0,0.0,0.0,0.0,0.0,0.0,0.0,0.0,58.93667851209723,21.15513218801086
6829-68769-0012_1284-1181-0001__T1__NORMAL__6829,6829,1284,7,0.0,0.0,0.14285714285714285,0.0,0.0,0.0,0.0,0.0,51.917437797528635,18.133616931791963
6829-68769-0012_1284-1181-0001__T2__NORMAL__1284,1284,6829,7,0.0,0.0,0.0,0.0,0.0,0.0,0.0,0.0,55.235993007010215,20.189665008845665
6829-68769-0012_8463-294828-0001__T1__NORMAL__6829,6829,8463,7,0.0,0.0,0.14285714285714285,0.0,0.0,0.0,0.0,0.0,55.53333774283662,16.04829701356268
6829-68769-0012_8463-294828-0001__T2__NORMAL__8463,8463,6829,7,1.0,1.0,0.8571428571428571,1.0,0.8571428571428571,0.8571428571428571,0.8571428571428571,0.8571428571428571,-55.29540938637432,-37.260976858479445
6829-68769-0014_7127-75947-0032__T1__NORMAL__6829,6829,7127,5,0.0,0.0,0.0,0.0,0.0,0.0,0.0,0.0,60.8713930141933,19.15522026241881
6829-68769-0014_7127-75947-0032__T2__NORMAL__7127,7127,6829,5,0.0,0.0,0.0,0.0,0.0,0.0,0.0,0.0,62.558866536553715,19.56424802268029
6829-68769-0015_1580-141084-0011__T1__NORMAL__6829,6829,1580,8,0.0,0.0,0.0,0.0,0.0,0.0,0.0,0.0,64.90002632139779,19.8733113227965
6829-68769-0015_1580-141084-0011__T2__NORMAL__1580,1580,6829,8,0.0,0.0,0.0,0.0,0.0,0.0,0.0,0.0,58.82620609208795,25.250177799388386
6829-68769-0015_3575-170457-0050__T1__NORMAL__6829,6829,3575,11,0.0,0.0,0.0,0.0,0.0,0.0,0.0,0.0,58.309018617604494,22.056815189307
6829-68769-0015_3575-170457-0050__T2__NORMAL__3575,3575,6829,11,0.0,0.0,0.0,0.0,0.0,0.0,0.0,0.0,59.01630733432783,22.30511124562988
6829-68769-0015_4970-29095-0011__T1__NORMAL__6829,6829,4970,5,0.0,0.0,0.0,0.0,0.0,0.0,0.0,0.0,56.26588870999327,20.76282586007773
6829-68769-0015_4970-29095-0011__T2__NORMAL__4970,4970,6829,5,0.0,0.0,0.0,0.0,0.0,0.0,0.0,0.0,65.94742581542516,24.717484658231708
6829-68769-0020_3570-5696-0010__T1__NORMAL__6829,6829,3570,9,0.0,0.0,0.0,0.0,0.0,0.0,0.0,0.0,48.74645943204599,17.76420505051817
6829-68769-0020_3570-5696-0010__T2__NORMAL__3570,3570,6829,9,0.0,0.1111111111111111,0.0,0.0,0.0,0.0,0.0,0.0,51.04463999634933,21.796256529724296
6829-68769-0020_8463-287645-0008__T1__NORMAL__6829,6829,8463,5,0.0,0.0,0.0,0.0,0.0,0.0,0.0,0.0,46.328718610166206,18.005413853595762
6829-68769-0020_8463-287645-0008__T2__NORMAL__8463,8463,6829,5,0.0,0.0,0.0,0.0,0.0,0.0,0.0,0.0,44.00392277515972,16.722522423532936
6829-68769-0021_1188-133604-0024__T1__NORMAL__6829,6829,1188,14,0.0,0.0,0.0,0.0,0.0,0.0,0.0,0.0,50.73498463784194,16.765273777149503
6829-68769-0021_1188-133604-0024__T2__NORMAL__1188,1188,6829,14,0.0,0.0,0.07142857142857142,0.0,0.0,0.0,0.0,0.0,48.93603548397714,16.631093002987555
6829-68769-0021_672-122797-0054__T1__NORMAL__6829,6829,672,7,0.0,0.0,0.0,0.0,0.0,0.0,0.0,0.0,39.787595527501864,14.303044224687582
6829-68769-0021_672-122797-0054__T2__NORMAL__672,672,6829,7,0.0,0.0,0.0,0.0,0.0,0.0,0.0,0.0,43.93432295435026,14.537206460607427
6829-68769-0021_6930-81414-0024__T1__NORMAL__6829,6829,6930,9,0.0,0.0,0.0,0.0,0.0,0.0,0.0,0.0,43.99097446664607,13.253439731577703
6829-68769-0021_6930-81414-0024__T2__NORMAL__6930,6930,6829,9,0.0,0.0,0.0,0.0,0.0,0.0,0.0,0.0,62.310810721435395,15.083094697174433
6829-68769-0022_1580-141084-0031__T1__NORMAL__6829,6829,1580,7,0.0,0.0,0.0,0.0,0.0,0.0,0.0,0.0,61.223552251389286,22.93802841136264
6829-68769-0022_1580-141084-0031__T2__NORMAL__1580,1580,6829,7,0.0,0.0,0.0,0.0,0.0,0.0,0.0,0.0,61.11808089702471,18.941129743681987
6829-68769-0022_672-122797-0012__T1__NORMAL__6829,6829,672,7,0.0,0.0,0.0,0.0,0.0,0.0,0.0,0.0,50.177219473138784,13.537579867130193
6829-68769-0022_672-122797-0012__T2__NORMAL__672,672,6829,7,0.0,0.0,0.0,0.0,0.0,0.0,0.0,0.0,52.707459140647025,18.386121253146293
6829-68769-0022_672-122797-0064__T1__NORMAL__6829,6829,672,7,0.0,0.0,0.0,0.0,0.0,0.0,0.0,0.0,55.8388548765606,17.8821104255721
6829-68769-0022_672-122797-0064__T2__NORMAL__672,672,6829,7,0.0,0.0,0.0,0.0,0.0,0.0,0.0,0.0,50.728822667962355,17.617213464875395
6829-68769-0023_121-123859-0004__T1__NORMAL__6829,6829,121,7,0.0,0.0,0.0,0.0,0.0,0.0,0.0,0.0,66.59134530793412,17.664273091881416
6829-68769-0023_121-123859-0004__T2__NORMAL__121,121,6829,7,0.0,0.2857142857142857,0.0,0.0,0.0,0.0,0.0,0.0,55.30026102138908,21.181912809613
6829-68769-0023_5105-28240-0012__T1__NORMAL__6829,6829,5105,8,0.0,0.0,0.0,0.0,0.0,0.0,0.0,0.0,49.66691454448309,18.29784373257757
6829-68769-0023_5105-28240-0012__T2__NORMAL__5105,5105,6829,8,0.0,0.0,0.0,0.0,0.0,0.0,0.0,0.0,49.43108147990599,19.54801714702608
6829-68769-0023_61-70970-0021__T1__NORMAL__6829,6829,61,8,0.0,0.0,0.0,0.0,0.0,0.0,0.0,0.0,43.82316211649158,17.32383121911363
6829-68769-0023_61-70970-0021__T2__NORMAL__61,61,6829,8,0.0,0.0,0.0,0.0,0.0,0.0,0.0,0.0,49.71456857147619,12.33653372335431
6829-68769-0024_260-123286-0030__T1__NORMAL__6829,6829,260,8,0.0,0.0,0.0,0.0,0.0,0.0,0.0,0.0,54.65994125672858,20.42599549909057
6829-68769-0024_260-123286-0030__T2__NORMAL__260,260,6829,8,0.0,0.0,0.0,0.0,0.0,0.0,0.0,0.0,52.68023719618332,18.89913049518557
6829-68769-0024_672-122797-0013__T1__NORMAL__6829,6829,672,8,0.0,0.0,0.0,0.0,0.0,0.0,0.0,0.0,54.610840956250414,14.853054828860763
6829-68769-0024_672-122797-0013__T2__NORMAL__672,672,6829,8,0.0,0.0,0.0,0.0,0.0,0.0,0.0,0.0,51.720305630810614,22.99487022302823
6829-68769-0025_4992-23283-0018__T1__NORMAL__6829,6829,4992,10,0.0,0.1,0.0,0.0,0.0,0.0,0.0,0.0,45.589776959357906,16.128179513506957
6829-68769-0025_4992-23283-0018__T2__NORMAL__4992,4992,6829,10,0.0,0.0,0.0,0.1,0.0,0.0,0.0,0.0,25.013883091654655,5.772097608772606
6829-68769-0025_672-122797-0066__T1__NORMAL__6829,6829,672,8,0.0,0.0,0.0,0.0,0.0,0.0,0.0,0.0,52.254851932836864,18.56359439092914
6829-68769-0025_672-122797-0066__T2__NORMAL__672,672,6829,8,0.0,0.0,0.0,0.0,0.0,0.0,0.0,0.0,50.14515003531534,17.944708943215016
6829-68769-0026_1284-1180-0030__T1__NORMAL__6829,6829,1284,8,0.0,0.0,0.0,0.0,0.0,0.0,0.0,0.0,54.8358087784807,19.435073445866298
6829-68769-0026_1284-1180-0030__T2__NORMAL__1284,1284,6829,8,0.0,0.0,0.0,0.0,0.0,0.0,0.0,0.0,55.62863699028408,18.904002487935987
6829-68769-0026_61-70970-0028__T1__NORMAL__6829,6829,61,8,0.0,0.0,0.0,0.0,0.0,0.0,0.0,0.0,47.32697716517265,19.24262110845341
6829-68769-0026_61-70970-0028__T2__NORMAL__61,61,6829,8,0.0,0.0,0.0,0.0,0.0,0.0,0.0,0.0,47.988118447827446,17.93236040773198
6829-68769-0027_1089-134686-0010__T1__NORMAL__6829,6829,1089,5,0.0,0.0,0.0,0.0,0.0,0.0,0.0,0.0,57.635177153106994,21.999767513442265
6829-68769-0027_1089-134686-0010__T2__NORMAL__1089,1089,6829,5,0.0,0.2,0.0,0.0,0.0,0.0,0.0,0.0,62.59383774639932,25.19715810516658
6829-68769-0027_1221-135766-0009__T1__NORMAL__6829,6829,1221,5,0.0,0.0,0.0,0.0,0.0,0.0,0.0,0.0,39.931292045797086,16.41399328469433
6829-68769-0027_1221-135766-0009__T2__NORMAL__1221,1221,6829,5,0.0,0.0,0.0,0.0,0.0,0.0,0.0,0.0,52.898244951634695,13.95994024605989
6829-68769-0028_4446-2273-0010__T1__NORMAL__6829,6829,4446,5,0.0,0.0,0.0,0.0,0.0,0.0,0.0,0.0,57.519316000888374,18.38420450652339
6829-68769-0028_4446-2273-0010__T2__NORMAL__4446,4446,6829,5,1.0,1.0,1.0,1.0,1.0,1.0,1.0,1.0,-57.79706860022221,-51.68866879509363
6829-68769-0028_5105-28240-0002__T1__NORMAL__6829,6829,5105,5,0.0,0.0,0.0,0.0,0.0,0.0,0.0,0.0,52.47885946511658,23.01302333021821
6829-68769-0028_5105-28240-0002__T2__NORMAL__5105,5105,6829,5,0.0,0.0,0.0,0.0,0.0,0.0,0.0,0.0,53.385730252726134,17.00107041153793
6829-68769-0030_2094-142345-0037__T1__NORMAL__6829,6829,2094,8,0.0,0.0,0.0,0.0,0.0,0.0,0.0,0.0,35.64993987064243,13.261613193553934
6829-68769-0030_2094-142345-0037__T2__NORMAL__2094,2094,6829,8,0.0,0.0,0.0,0.0,0.0,0.0,0.0,0.0,46.55257762265802,12.325988662122093
6829-68769-0031_1221-135766-0009__T1__NORMAL__6829,6829,1221,10,0.0,0.1,0.0,0.0,0.0,0.0,0.0,0.0,39.08871990263923,18.73673242845415
6829-68769-0031_1221-135766-0009__T2__NORMAL__1221,1221,6829,10,0.0,0.0,0.0,0.0,0.0,0.0,0.0,0.0,56.899785088921206,13.054085845114304
6829-68769-0031_260-123288-0000__T1__NORMAL__6829,6829,260,4,0.0,0.0,0.0,0.0,0.0,0.0,0.0,0.0,51.4918996257844,22.458923193782333
6829-68769-0031_260-123288-0000__T2__NORMAL__260,260,6829,4,0.0,0.0,0.0,0.0,0.0,0.0,0.0,0.0,58.44680071972499,17.609269890683287
6829-68769-0031_260-123440-0014__T1__NORMAL__6829,6829,260,6,0.0,0.0,0.0,0.0,0.0,0.0,0.0,0.0,55.833603608931874,17.065990557148805
6829-68769-0031_260-123440-0014__T2__NORMAL__260,260,6829,6,0.0,0.0,0.0,0.0,0.0,0.0,0.0,0.0,58.13459647895895,6.875457184402106
6829-68769-0032_1995-1826-0005__T1__NORMAL__6829,6829,1995,9,0.0,0.0,0.0,0.0,0.0,0.0,0.0,0.0,53.19703384578667,22.27139219037484
6829-68769-0032_1995-1826-0005__T2__NORMAL__1995,1995,6829,9,0.0,0.0,0.0,0.0,0.0,0.0,0.0,0.0,56.142583680736145,17.189606999781926
6829-68769-0032_2830-3980-0063__T1__NORMAL__6829,6829,2830,9,0.0,0.0,0.1111111111111111,0.0,0.0,0.0,0.0,0.0,36.82357184439068,15.786243120715008
6829-68769-0032_2830-3980-0063__T2__NORMAL__2830,2830,6829,9,0.0,0.0,0.0,0.0,0.0,0.0,0.0,0.0,47.98969647008099,12.40328102828398
6829-68769-0032_8224-274384-0000__T1__NORMAL__6829,6829,8224,10,0.0,0.0,0.0,0.0,0.0,0.0,0.0,0.0,63.25907666773958,16.786061955119045
6829-68769-0032_8224-274384-0000__T2__NORMAL__8224,8224,6829,10,0.0,0.0,0.0,0.0,0.0,0.0,0.0,0.0,53.09031626553809,19.599956450424013
6829-68769-0033_5142-36377-0010__T1__NORMAL__6829,6829,5142,7,0.0,0.14285714285714285,0.14285714285714285,0.14285714285714285,0.14285714285714285,0.0,0.14285714285714285,0.0,47.34834855897655,14.889226796606817
6829-68769-0033_5142-36377-0010__T2__NORMAL__5142,5142,6829,7,0.0,0.0,0.0,0.0,0.0,0.0,0.0,0.0,52.55764295321863,4.009784133706847
6829-68769-0034_5683-32866-0006__T1__NORMAL__6829,6829,5683,7,0.0,0.0,0.0,0.0,0.0,0.0,0.0,0.0,52.78270893714057,20.5554430986828
6829-68769-0034_5683-32866-0006__T2__NORMAL__5683,5683,6829,7,0.0,0.0,0.0,0.0,0.0,0.0,0.0,0.0,51.61293771700817,16.662588049391097
6829-68769-0036_7127-75946-0012__T1__NORMAL__6829,6829,7127,10,0.0,0.0,0.0,0.0,0.0,0.0,0.0,0.0,53.20607887885525,16.610122114549768
6829-68769-0036_7127-75946-0012__T2__NORMAL__7127,7127,6829,10,0.0,0.0,0.1,0.0,0.0,0.0,0.0,0.0,51.61256549528322,21.010767833618416
6829-68769-0039_2300-131720-0037__T1__NORMAL__6829,6829,2300,7,0.0,0.14285714285714285,0.0,0.0,0.0,0.0,0.0,0.0,62.82841167194254,15.664267839971185
6829-68769-0039_2300-131720-0037__T2__NORMAL__2300,2300,6829,7,0.0,0.0,0.0,0.0,0.0,0.0,0.0,0.0,62.4304088863068,22.30756394016913
6829-68769-0039_5142-33396-0009__T1__NORMAL__6829,6829,5142,5,0.0,0.2,0.0,0.0,0.0,0.0,0.0,0.0,71.2293111374182,21.089662126985186
6829-68769-0039_5142-33396-0009__T2__NORMAL__5142,5142,6829,5,0.0,0.0,0.0,0.0,0.0,0.0,0.0,0.0,68.84335106589293,22.83207717224153
6829-68769-0039_61-70968-0055__T1__NORMAL__6829,6829,61,6,0.0,0.0,0.0,0.0,0.0,0.0,0.0,0.0,52.21008906758919,14.863529119429458
6829-68769-0039_61-70968-0055__T2__NORMAL__61,61,6829,6,0.0,0.0,0.0,0.0,0.0,0.0,0.0,0.0,49.24129754991159,19.745695536166068
6829-68769-0040_237-126133-0007__T1__NORMAL__6829,6829,237,8,0.0,0.0,0.0,0.0,0.0,0.0,0.0,0.0,61.31342326783301,21.37769591204209
6829-68769-0040_237-126133-0007__T2__NORMAL__237,237,6829,8,0.0,0.0,0.0,0.0,0.0,0.0,0.0,0.0,56.03043989745045,21.81583913402089
6829-68769-0040_6930-75918-0002__T1__NORMAL__6829,6829,6930,8,0.0,0.0,0.0,0.0,0.0,0.0,0.0,0.0,51.9490159304131,17.63008332274243
6829-68769-0040_6930-75918-0002__T2__NORMAL__6930,6930,6829,8,0.0,0.0,0.0,0.0,0.0,0.0,0.0,0.0,53.27305031071859,16.567662768717433
6829-68769-0044_1320-122612-0008__T1__NORMAL__6829,6829,1320,5,0.0,0.0,0.0,0.0,0.0,0.0,0.0,0.0,57.366257711065074,19.752962560511907
6829-68769-0044_1320-122612-0008__T2__NORMAL__1320,1320,6829,5,0.0,0.0,0.0,0.0,0.0,0.0,0.0,0.0,59.524230579567394,18.588917865543888
6829-68769-0044_7021-79740-0009__T1__NORMAL__6829,6829,7021,5,0.0,0.2,0.0,0.0,0.0,0.0,0.0,0.0,62.93900401583788,18.7029600904583
6829-68769-0044_7021-79740-0009__T2__NORMAL__7021,7021,6829,5,0.0,0.0,0.0,0.0,0.0,0.0,0.0,0.0,58.11141626911128,16.54890744312983
6829-68769-0048_1995-1837-0026__T1__NORMAL__6829,6829,1995,11,0.0,0.09090909090909091,0.0,0.0,0.0,0.0,0.0,0.0,59.864888635904485,20.169777612843887
6829-68769-0048_1995-1837-0026__T2__NORMAL__1995,1995,6829,11,0.0,0.0,0.0,0.0,0.0,0.0,0.0,0.0,56.64678589535838,22.670973861300137
6829-68769-0048_3575-170457-0009__T1__NORMAL__6829,6829,3575,11,0.0,0.09090909090909091,0.0,0.0,0.0,0.0,0.0,0.0,53.76351636022475,17.48669701875276
6829-68769-0048_3575-170457-0009__T2__NORMAL__3575,3575,6829,11,0.0,0.09090909090909091,0.0,0.0,0.0,0.0,0.0,0.0,57.47453847873452,15.293762779386451
6829-68769-0049_1284-1181-0001__T1__NORMAL__6829,6829,1284,13,0.0,0.0,0.0,0.0,0.0,0.0,0.0,0.0,53.31563137282255,19.42069478411709
6829-68769-0049_1284-1181-0001__T2__NORMAL__1284,1284,6829,13,0.0,0.07692307692307693,0.0,0.0,0.0,0.0,0.0,0.0,54.262238487551414,18.92831366276405
6829-68769-0049_1320-122617-0001__T1__NORMAL__6829,6829,1320,13,0.0,0.0,0.0,0.0,0.0,0.0,0.0,0.0,64.25959384288124,20.493274838231315
6829-68769-0049_1320-122617-0001__T2__NORMAL__1320,1320,6829,13,0.0,0.0,0.0,0.0,0.0,0.0,0.0,0.0,59.50665030990891,20.822011546692583
6829-68769-0049_260-123286-0028__T1__NORMAL__6829,6829,260,13,0.0,0.15384615384615385,0.0,0.0,0.0,0.0,0.0,0.0,57.06210775955121,19.95196959732424
6829-68769-0049_260-123286-0028__T2__NORMAL__260,260,6829,13,0.0,0.0,0.0,0.0,0.0,0.0,0.0,0.0,56.444881134026936,16.41009013628441
6829-68769-0049_4992-41806-0001__T1__NORMAL__6829,6829,4992,13,0.0,0.23076923076923078,0.0,0.0,0.0,0.0,0.0,0.0,50.785565152450665,20.776741814891057
6829-68769-0049_4992-41806-0001__T2__NORMAL__4992,4992,6829,13,0.0,0.0,0.0,0.0,0.0,0.0,0.0,0.0,50.354910104601,14.612531135434413
6829-68769-0051_4446-2275-0026__T1__NORMAL__6829,6829,4446,6,0.0,0.0,0.0,0.0,0.0,0.0,0.0,0.0,56.12459937018597,22.95018372837326
6829-68769-0051_4446-2275-0026__T2__NORMAL__4446,4446,6829,6,1.0,1.0,1.0,1.0,1.0,1.0,1.0,1.0,-55.912271633266606,-60.38392059414828
6829-68769-0051_61-70968-0024__T1__NORMAL__6829,6829,61,6,0.0,0.0,0.0,0.0,0.0,0.0,0.0,0.0,46.95579662670059,13.716191131218324
6829-68769-0051_61-70968-0024__T2__NORMAL__61,61,6829,6,0.3333333333333333,0.0,0.16666666666666666,0.16666666666666666,0.0,0.0,0.0,0.0,27.35489667043896,-3.699411865986181
6829-68769-0053_1221-135766-0002__T1__NORMAL__6829,6829,1221,8,0.0,0.125,0.0,0.0,0.0,0.0,0.0,0.0,60.435598422657556,15.715533792041118
6829-68769-0053_1221-135766-0002__T2__NORMAL__1221,1221,6829,8,0.0,0.0,0.0,0.0,0.0,0.0,0.0,0.0,58.15638500471488,17.61659120303116
6829-68769-0053_1320-122617-0011__T1__NORMAL__6829,6829,1320,11,0.0,0.09090909090909091,0.0,0.0,0.0,0.0,0.0,0.0,53.822390109033684,19.147012037239307
6829-68769-0053_1320-122617-0011__T2__NORMAL__1320,1320,6829,11,0.0,0.0,0.0,0.0,0.0,0.0,0.0,0.0,63.71153292851313,17.025252479102484
6829-68769-0053_1580-141084-0002__T1__NORMAL__6829,6829,1580,10,0.0,0.0,0.0,0.0,0.0,0.0,0.0,0.0,57.80263016123375,15.176725620249464
6829-68769-0053_1580-141084-0002__T2__NORMAL__1580,1580,6829,10,0.0,0.0,0.0,0.0,0.0,0.0,0.0,0.0,56.557358993505304,24.77381046168116
6829-68769-0053_908-157963-0005__T1__NORMAL__6829,6829,908,11,0.0,0.0,0.0,0.0,0.0,0.0,0.0,0.0,49.3498985593528,14.745901249173304
6829-68769-0053_908-157963-0005__T2__NORMAL__908,908,6829,11,0.0,0.09090909090909091,0.09090909090909091,0.0,0.0,0.0,0.0,0.0,49.576236327675765,21.727117699726698
6829-68771-0001_2094-142345-0027__T1__NORMAL__6829,6829,2094,10,0.0,0.0,0.0,0.0,0.0,0.0,0.0,0.0,46.75592348532643,15.049112108328654
6829-68771-0001_2094-142345-0027__T2__NORMAL__2094,2094,6829,10,0.0,0.0,0.0,0.0,0.0,0.0,0.0,0.0,63.67150456458785,14.23030725196216
6829-68771-0002_5142-33396-0048__T1__NORMAL__6829,6829,5142,6,0.0,0.0,0.0,0.0,0.0,0.0,0.0,0.0,67.78272473018365,20.8603502989418
6829-68771-0002_5142-33396-0048__T2__NORMAL__5142,5142,6829,6,0.0,0.0,0.0,0.0,0.0,0.0,0.0,0.0,69.36405859911572,20.067418971967108
6829-68771-0002_61-70970-0040__T1__NORMAL__6829,6829,61,7,0.0,0.0,0.0,0.0,0.0,0.0,0.0,0.0,56.28544868817384,18.562200520881763
6829-68771-0002_61-70970-0040__T2__NORMAL__61,61,6829,7,0.0,0.0,0.0,0.0,0.0,0.0,0.0,0.0,57.36649826272258,18.389584655776105
6829-68771-0003_1089-134686-0028__T1__NORMAL__6829,6829,1089,7,0.0,0.0,0.0,0.0,0.0,0.0,0.0,0.0,55.20916069675702,24.10214184444307
6829-68771-0003_1089-134686-0028__T2__NORMAL__1089,1089,6829,7,0.0,0.0,0.0,0.0,0.0,0.0,0.0,0.0,61.238432393782126,19.653609358127863
6829-68771-0004_121-127105-0029__T1__NORMAL__6829,6829,121,13,0.0,0.0,0.0,0.0,0.0,0.0,0.0,0.0,52.484333604040096,15.917780654921865
6829-68771-0004_121-127105-0029__T2__NORMAL__121,121,6829,13,0.0,0.07692307692307693,0.0,0.0,0.0,0.0,0.0,0.0,50.26983229572723,20.26320006391744
6829-68771-0004_2961-961-0000__T1__NORMAL__6829,6829,2961,8,0.0,0.0,0.0,0.0,0.0,0.0,0.0,0.0,49.912647544508424,18.837532770804923
6829-68771-0004_2961-961-0000__T2__NORMAL__2961,2961,6829,8,0.0,0.125,0.0,0.0,0.0,0.0,0.0,0.0,53.158811593361754,15.20100673053269
6829-68771-0004_672-122797-0047__T1__NORMAL__6829,6829,672,5,0.0,0.0,0.0,0.0,0.0,0.0,0.0,0.0,53.16151360820665,18.71081030178156
6829-68771-0004_672-122797-0047__T2__NORMAL__672,672,6829,5,0.0,0.2,0.0,0.0,0.0,0.0,0.0,0.0,55.011019675607784,17.16783872973317
6829-68771-0006_3729-6852-0027__T1__NORMAL__6829,6829,3729,5,0.0,0.0,0.0,0.0,0.0,0.0,0.0,0.0,54.861351026137164,18.751992871876883
6829-68771-0006_3729-6852-0027__T2__NORMAL__3729,3729,6829,5,0.0,0.0,0.0,0.0,0.0,0.0,0.0,0.0,54.58896170334119,18.53533351323767
6829-68771-0006_5105-28241-0016__T1__NORMAL__6829,6829,5105,10,0.0,0.0,0.0,0.0,0.0,0.0,0.0,0.0,56.40035693544845,18.622743627145205
6829-68771-0006_5105-28241-0016__T2__NORMAL__5105,5105,6829,10,0.0,0.1,0.0,0.0,0.0,0.0,0.0,0.0,64.3647666493703,22.12787211194976
6829-68771-0006_8463-294828-0016__T1__NORMAL__6829,6829,8463,5,0.0,0.0,0.0,0.0,0.0,0.0,0.0,0.0,55.88862537311802,18.14497448092953
6829-68771-0006_8463-294828-0016__T2__NORMAL__8463,8463,6829,5,1.0,1.0,1.0,1.0,1.0,1.0,1.0,1.0,-48.56315460930203,-27.60569352572885
6829-68771-0008_7021-85628-0023__T1__NORMAL__6829,6829,7021,13,0.0,0.0,0.0,0.0,0.0,0.0,0.0,0.0,52.583404670572726,12.886720799233164
6829-68771-0008_7021-85628-0023__T2__NORMAL__7021,7021,6829,13,0.0,0.07692307692307693,0.0,0.0,0.0,0.0,0.0,0.0,54.20956418576189,19.581628032958747
6829-68771-0008_7127-75947-0033__T1__NORMAL__6829,6829,7127,13,0.0,0.0,0.0,0.0,0.0,0.0,0.0,0.0,51.36558795090788,19.57672669817033
6829-68771-0008_7127-75947-0033__T2__NORMAL__7127,7127,6829,13,0.0,0.07692307692307693,0.0,0.0,0.0,0.0,0.0,0.0,55.399971642471876,19.06018383780259
6829-68771-0008_8555-284447-0022__T1__NORMAL__6829,6829,8555,6,0.0,0.0,0.0,0.0,0.0,0.0,0.0,0.0,63.368421203521045,16.60947771470758
6829-68771-0008_8555-284447-0022__T2__NORMAL__8555,8555,6829,6,0.0,0.0,0.0,0.0,0.0,0.0,0.0,0.0,51.422278688585926,19.155762576988668
6829-68771-0009_1089-134691-0010__T1__NORMAL__6829,6829,1089,5,0.0,0.0,0.0,0.0,0.0,0.0,0.0,0.0,65.26069189807741,21.93902471266996
6829-68771-0009_1089-134691-0010__T2__NORMAL__1089,1089,6829,5,0.0,0.0,0.0,0.0,0.0,0.0,0.0,0.0,58.00870365837285,23.8701479081116
6829-68771-0009_2830-3980-0025__T1__NORMAL__6829,6829,2830,16,0.0,0.1875,0.0,0.0,0.0,0.0,0.0,0.0,46.36563660389683,15.957259622394952
6829-68771-0009_2830-3980-0025__T2__NORMAL__2830,2830,6829,16,0.0,0.0,0.0,0.0,0.0,0.0,0.0,0.0,55.974703467690574,14.40956050224654
6829-68771-0010_1995-1837-0010__T1__NORMAL__6829,6829,1995,5,0.0,0.0,0.0,0.0,0.0,0.0,0.0,0.0,56.62604378692242,22.04855476960396
6829-68771-0010_1995-1837-0010__T2__NORMAL__1995,1995,6829,5,0.0,0.0,0.0,0.0,0.0,0.0,0.0,0.0,57.802958057932486,25.55165349959946
6829-68771-0012_7127-75947-0038__T1__NORMAL__6829,6829,7127,21,0.0,0.0,0.0,0.0,0.0,0.0,0.0,0.0,59.54837552887456,19.4750141878112
6829-68771-0012_7127-75947-0038__T2__NORMAL__7127,7127,6829,21,0.0,0.0,0.0,0.0,0.0,0.0,0.0,0.0,57.685010690564695,20.71575735397315
6829-68771-0013_6930-76324-0005__T1__NORMAL__6829,6829,6930,9,0.0,0.0,0.0,0.0,0.0,0.0,0.0,0.0,50.56401995034347,12.950505791540582
6829-68771-0013_6930-76324-0005__T2__NORMAL__6930,6930,6829,9,0.0,0.0,0.0,0.0,0.0,0.0,0.0,0.0,51.36107228259728,17.504276597919315
6829-68771-0013_8224-274384-0006__T1__NORMAL__6829,6829,8224,12,0.0,0.0,0.08333333333333333,0.0,0.0,0.0,0.0,0.0,46.02420802346506,16.274992610104533
6829-68771-0013_8224-274384-0006__T2__NORMAL__8224,8224,6829,12,0.0,0.0,0.0,0.0,0.0,0.0,0.0,0.0,51.05408502382815,12.939278017692892
6829-68771-0013_8455-210777-0011__T1__NORMAL__6829,6829,8455,12,0.0,0.16666666666666666,0.0,0.0,0.0,0.0,0.0,0.0,56.30556362090453,18.36933828267428
6829-68771-0013_8455-210777-0011__T2__NORMAL__8455,8455,6829,12,0.0,0.0,0.0,0.0,0.0,0.0,0.0,0.0,54.69346378297133,15.994095242783068
6829-68771-0014_260-123288-0004__T1__NORMAL__6829,6829,260,7,0.0,0.0,0.0,0.0,0.0,0.0,0.0,0.0,59.37933992439948,15.98277225341561
6829-68771-0014_260-123288-0004__T2__NORMAL__260,260,6829,7,0.0,0.2857142857142857,0.0,0.0,0.0,0.0,0.0,0.0,53.132747024114224,21.92811437389568
6829-68771-0014_2830-3980-0025__T1__NORMAL__6829,6829,2830,8,0.0,0.125,0.0,0.0,0.0,0.0,0.0,0.0,47.80713864527772,16.365708159310145
6829-68771-0014_2830-3980-0025__T2__NORMAL__2830,2830,6829,8,0.0,0.0,0.0,0.0,0.0,0.0,0.0,0.0,59.365016458475765,16.59193149007544
6829-68771-0014_4446-2273-0027__T1__NORMAL__6829,6829,4446,6,0.0,0.0,0.0,0.0,0.0,0.0,0.0,0.0,58.48880162021908,15.942178170392172
6829-68771-0014_4446-2273-0027__T2__NORMAL__4446,4446,6829,6,1.0,1.0,1.0,1.0,1.0,1.0,1.0,1.0,-59.25374969177911,-25.50779058856635
6829-68771-0015_8230-279154-0012__T1__NORMAL__6829,6829,8230,6,0.0,0.0,0.0,0.0,0.0,0.0,0.0,0.0,59.27035948281536,20.846249367572263
6829-68771-0015_8230-279154-0012__T2__NORMAL__8230,8230,6829,6,0.0,0.0,0.0,0.0,0.0,0.0,0.0,0.0,51.34904346575549,22.496766766983875
6829-68771-0015_908-157963-0029__T1__NORMAL__6829,6829,908,6,0.0,0.0,0.0,0.0,0.0,0.0,0.0,0.0,46.86934887395403,17.1211495252641
6829-68771-0015_908-157963-0029__T2__NORMAL__908,908,6829,6,0.0,0.16666666666666666,0.16666666666666666,0.0,0.0,0.0,0.0,0.0,56.15745460412476,15.706491731478506
6829-68771-0016_237-134500-0036__T1__NORMAL__6829,6829,237,12,0.0,0.08333333333333333,0.16666666666666666,0.0,0.0,0.0,0.0,0.0,62.97847565970708,18.007867185991778
6829-68771-0016_237-134500-0036__T2__NORMAL__237,237,6829,12,0.0,0.0,0.0,0.0,0.0,0.0,0.0,0.0,58.44830315334567,20.32098875216084
6829-68771-0016_6930-76324-0003__T1__NORMAL__6829,6829,6930,5,0.0,0.0,0.0,0.0,0.0,0.0,0.0,0.0,66.57060498033661,17.77336758919928
6829-68771-0016_6930-76324-0003__T2__NORMAL__6930,6930,6829,5,0.0,0.0,0.0,0.0,0.0,0.0,0.0,0.0,61.86751553910862,21.64370483628366
6829-68771-0016_8224-274384-0009__T1__NORMAL__6829,6829,8224,8,0.0,0.0,0.0,0.0,0.0,0.0,0.0,0.0,40.58820358649653,16.06030639685389
6829-68771-0016_8224-274384-0009__T2__NORMAL__8224,8224,6829,8,0.0,0.0,0.0,0.0,0.0,0.0,0.0,0.0,53.99513648273613,10.673478387745622
6829-68771-0018_7021-79740-0006__T1__NORMAL__6829,6829,7021,10,0.0,0.0,0.0,0.0,0.0,0.0,0.0,0.0,56.05434194791302,19.51769568223197
6829-68771-0018_7021-79740-0006__T2__NORMAL__7021,7021,6829,10,0.0,0.1,0.0,0.0,0.0,0.0,0.0,0.0,60.51235784150322,21.709266892452263
6829-68771-0019_4992-41806-0001__T1__NORMAL__6829,6829,4992,13,0.0,0.07692307692307693,0.07692307692307693,0.0,0.0,0.0,0.0,0.0,37.445242420966665,6.557128492105725
6829-68771-0019_4992-41806-0001__T2__NORMAL__4992,4992,6829,13,0.0,0.07692307692307693,0.0,0.0,0.0,0.0,0.0,0.0,55.25005416418477,18.76474404532556
6829-68771-0019_5105-28240-0015__T1__NORMAL__6829,6829,5105,13,0.0,0.0,0.0,0.0,0.0,0.0,0.0,0.0,57.244891435760984,16.74897229268207
6829-68771-0019_5105-28240-0015__T2__NORMAL__5105,5105,6829,13,0.0,0.07692307692307693,0.07692307692307693,0.0,0.0,0.0,0.0,0.0,65.72891913598048,16.708897543748137
6829-68771-0019_672-122797-0000__T1__NORMAL__6829,6829,672,6,0.0,0.0,0.0,0.0,0.0,0.0,0.0,0.0,63.721290774208576,15.900175506802784
6829-68771-0019_672-122797-0000__T2__NORMAL__672,672,6829,6,0.0,0.0,0.0,0.0,0.0,0.0,0.0,0.0,55.63258449463407,24.32814813163028
6829-68771-0019_7176-92135-0035__T1__NORMAL__6829,6829,7176,5,0.0,0.0,0.0,0.0,0.0,0.0,0.0,0.0,57.287594630581886,22.05840380963282
6829-68771-0019_7176-92135-0035__T2__NORMAL__7176,7176,6829,5,0.0,0.0,0.0,0.0,0.0,0.0,0.0,0.0,61.81186934235605,18.9856156064694
6829-68771-0022_1995-1837-0018__T1__NORMAL__6829,6829,1995,6,0.0,0.0,0.0,0.0,0.0,0.0,0.0,0.0,49.80827741427347,15.595411790076382
6829-68771-0022_1995-1837-0018__T2__NORMAL__1995,1995,6829,6,0.0,0.0,0.16666666666666666,0.0,0.0,0.0,0.0,0.0,63.008649975705424,16.4377297461428
6829-68771-0022_3570-5694-0000__T1__NORMAL__6829,6829,3570,6,0.0,0.0,0.0,0.0,0.0,0.0,0.0,0.0,51.639136222429634,22.099378807500543
6829-68771-0022_3570-5694-0000__T2__NORMAL__3570,3570,6829,6,0.0,0.0,0.0,0.0,0.0,0.0,0.0,0.0,57.15396863255821,16.378977433296786
6829-68771-0023_260-123288-0026__T1__NORMAL__6829,6829,260,9,0.0,0.0,0.1111111111111111,0.0,0.0,0.0,0.0,0.0,53.947612831220795,22.521860458518454
6829-68771-0023_260-123288-0026__T2__NORMAL__260,260,6829,9,0.0,0.0,0.0,0.0,0.0,0.0,0.0,0.0,57.19184620539813,16.616996279018426
6829-68771-0025_4970-29095-0022__T1__NORMAL__6829,6829,4970,8,0.0,0.0,0.0,0.0,0.0,0.0,0.0,0.0,60.06168280809376,20.51601795909444
6829-68771-0025_4970-29095-0022__T2__NORMAL__4970,4970,6829,8,0.0,0.0,0.0,0.0,0.0,0.0,0.0,0.0,61.66694731063065,20.083651017798942
6829-68771-0025_4992-41806-0004__T1__NORMAL__6829,6829,4992,6,0.0,0.0,0.0,0.0,0.0,0.0,0.0,0.0,63.841364245757624,20.64272219940484
6829-68771-0025_4992-41806-0004__T2__NORMAL__4992,4992,6829,6,0.0,0.0,0.0,0.0,0.0,0.0,0.0,0.0,61.17173448733672,18.49959572191323
6829-68771-0027_237-126133-0017__T1__NORMAL__6829,6829,237,9,0.0,0.1111111111111111,0.0,0.0,0.0,0.0,0.0,0.0,61.35017611996513,19.853024147889005
6829-68771-0027_237-126133-0017__T2__NORMAL__237,237,6829,9,0.0,0.0,0.0,0.0,0.0,0.0,0.0,0.0,56.918338253057854,21.03239912065384
6829-68771-0027_2961-960-0012__T1__NORMAL__6829,6829,2961,9,0.0,0.1111111111111111,0.0,0.0,0.0,0.0,0.0,0.0,48.663443608306665,16.874858923137914
6829-68771-0027_2961-960-0012__T2__NORMAL__2961,2961,6829,9,0.0,0.0,0.0,0.0,0.0,0.0,0.0,0.0,46.88919358696454,14.039153807775753
6829-68771-0027_3570-5696-0010__T1__NORMAL__6829,6829,3570,9,0.0,0.0,0.0,0.0,0.0,0.0,0.0,0.0,57.16103980089429,16.360509306623136
6829-68771-0027_3570-5696-0010__T2__NORMAL__3570,3570,6829,9,0.0,0.1111111111111111,0.0,0.0,0.0,0.0,0.0,0.0,49.94604399515012,20.670131235941103
6829-68771-0028_2300-131720-0007__T1__NORMAL__6829,6829,2300,6,0.0,0.0,0.0,0.0,0.0,0.0,0.0,0.0,53.31863457053927,21.243204957430336
6829-68771-0028_2300-131720-0007__T2__NORMAL__2300,2300,6829,6,0.0,0.0,0.0,0.0,0.0,0.0,0.0,0.0,53.88880475181063,17.79366386394026
6829-68771-0029_121-127105-0003__T1__NORMAL__6829,6829,121,14,0.0,0.07142857142857142,0.0,0.0,0.0,0.0,0.0,0.0,60.77886150204209,18.10912083888505
6829-68771-0029_121-127105-0003__T2__NORMAL__121,121,6829,14,0.0,0.0,0.0,0.0,0.0,0.0,0.0,0.0,57.1822798139267,20.663460041470955
6829-68771-0029_4992-41797-0011__T1__NORMAL__6829,6829,4992,9,0.0,0.0,0.0,0.0,0.0,0.0,0.0,0.0,53.486675580142474,19.381105855306256
6829-68771-0029_4992-41797-0011__T2__NORMAL__4992,4992,6829,9,0.0,0.0,0.0,0.0,0.0,0.0,0.0,0.0,56.16022394584953,14.993902530803018
6829-68771-0030_260-123286-0001__T1__NORMAL__6829,6829,260,5,0.0,0.0,0.0,0.0,0.0,0.0,0.0,0.0,57.576534231109214,19.297390176465072
6829-68771-0030_260-123286-0001__T2__NORMAL__260,260,6829,5,0.0,0.0,0.0,0.0,0.0,0.0,0.0,0.0,56.55904361328294,18.558028076253265
6829-68771-0032_1995-1837-0014__T1__NORMAL__6829,6829,1995,12,0.0,0.0,0.0,0.0,0.0,0.0,0.0,0.0,64.230601722722,20.751605427176887
6829-68771-0032_1995-1837-0014__T2__NORMAL__1995,1995,6829,12,0.0,0.0,0.0,0.0,0.0,0.0,0.0,0.0,64.41606317420243,22.972111315643183
6829-68771-0032_7729-102255-0019__T1__NORMAL__6829,6829,7729,12,0.0,0.0,0.08333333333333333,0.0,0.0,0.0,0.0,0.0,44.90648333248456,18.25620002962637
6829-68771-0032_7729-102255-0019__T2__NORMAL__7729,7729,6829,12,0.0,0.0,0.0,0.0,0.0,0.0,0.0,0.0,53.16998716182192,15.102420728443668
6829-68771-0033_2094-142345-0045__T1__NORMAL__6829,6829,2094,5,0.0,0.2,0.0,0.0,0.0,0.0,0.0,0.0,38.849748562892266,16.127638768391606
6829-68771-0033_2094-142345-0045__T2__NORMAL__2094,2094,6829,5,0.0,0.0,0.0,0.0,0.0,0.0,0.0,0.0,56.962700679834256,12.25921284489326
6829-68771-0033_4507-16021-0059__T1__NORMAL__6829,6829,4507,8,0.0,0.125,0.0,0.0,0.0,0.0,0.0,0.0,53.30038819429781,20.82005810567824
6829-68771-0033_4507-16021-0059__T2__NORMAL__4507,4507,6829,8,0.0,0.0,0.0,0.0,0.0,0.0,0.0,0.0,56.661023949296556,16.860352336828036
6829-68771-0036_7729-102255-0039__T1__NORMAL__6829,6829,7729,9,0.0,0.0,0.0,0.0,0.0,0.0,0.0,0.0,46.1227217975575,17.412946624418616
6829-68771-0036_7729-102255-0039__T2__NORMAL__7729,7729,6829,9,0.0,0.0,0.0,0.0,0.0,0.0,0.0,0.0,47.40039062864212,16.710932912334265
6829-68771-0036_908-157963-0013__T1__NORMAL__6829,6829,908,7,0.0,0.0,0.0,0.0,0.0,0.0,0.0,0.0,35.117314855961546,16.93255870513492
6829-68771-0036_908-157963-0013__T2__NORMAL__908,908,6829,7,0.0,0.0,0.0,0.0,0.0,0.0,0.0,0.0,46.07713889848541,12.918886400047503
6930-75918-0000_1089-134686-0037__T1__NORMAL__6930,6930,1089,6,0.0,0.0,0.0,0.0,0.0,0.0,0.0,0.0,66.30804272709136,22.57285519237677
6930-75918-0000_1089-134686-0037__T2__NORMAL__1089,1089,6930,6,0.0,0.0,0.0,0.0,0.0,0.0,0.0,0.0,65.16531987001996,20.320569777224595
6930-75918-0000_5105-28241-0000__T1__NORMAL__6930,6930,5105,6,0.0,0.0,0.0,0.0,0.0,0.0,0.0,0.0,51.08724246428048,17.85507972656579
6930-75918-0000_5105-28241-0000__T2__NORMAL__5105,5105,6930,6,0.0,0.16666666666666666,0.0,0.0,0.0,0.0,0.0,0.0,50.03583515778149,16.28032808673801
6930-75918-0000_8463-294825-0008__T1__NORMAL__6930,6930,8463,6,0.0,0.0,0.16666666666666666,0.0,0.0,0.0,0.0,0.0,53.33614846819222,16.694407033807536
6930-75918-0000_8463-294825-0008__T2__NORMAL__8463,8463,6930,6,1.0,1.0,0.8333333333333334,1.0,0.8333333333333334,0.8333333333333334,0.8333333333333334,0.8333333333333334,-53.275736176637906,-34.55525533872657
6930-75918-0001_3570-5694-0011__T1__NORMAL__6930,6930,3570,21,0.0,0.047619047619047616,0.0,0.0,0.0,0.0,0.0,0.0,59.36408140583124,16.003273799194577
6930-75918-0001_3570-5694-0011__T2__NORMAL__3570,3570,6930,21,0.0,0.0,0.0,0.0,0.0,0.0,0.0,0.0,53.69191170799546,19.5396867313449
6930-75918-0002_2094-142345-0015__T1__NORMAL__6930,6930,2094,9,0.0,0.1111111111111111,0.0,0.0,0.0,0.0,0.0,0.0,48.693208843134265,20.41352922773762
6930-75918-0002_2094-142345-0015__T2__NORMAL__2094,2094,6930,9,0.0,0.0,0.0,0.0,0.0,0.0,0.0,0.0,48.900042706645245,13.508703920863557
6930-75918-0004_4446-2273-0035__T1__NORMAL__6930,6930,4446,11,0.0,0.09090909090909091,0.0,0.0,0.0,0.0,0.0,0.0,49.5010164517721,17.499445458815536
6930-75918-0004_4446-2273-0035__T2__NORMAL__4446,4446,6930,11,0.0,0.0,0.0,0.0,0.0,0.0,0.0,0.0,39.703590391152254,16.510465668382935
6930-75918-0004_8224-274384-0006__T1__NORMAL__6930,6930,8224,12,0.0,0.08333333333333333,0.0,0.0,0.0,0.0,0.0,0.0,55.30344145632193,16.24486333731261
6930-75918-0004_8224-274384-0006__T2__NORMAL__8224,8224,6930,12,0.0,0.16666666666666666,0.08333333333333333,0.0,0.08333333333333333,0.0,0.0,0.0,47.3074045586379,15.238261326894854
6930-75918-0005_237-134493-0004__T1__NORMAL__6930,6930,237,12,0.0,0.08333333333333333,0.0,0.0,0.0,0.0,0.0,0.0,63.015049316752915,22.19316967499553
6930-75918-0005_237-134493-0004__T2__NORMAL__237,237,6930,12,0.0,0.0,0.08333333333333333,0.0,0.0,0.0,0.0,0.0,69.49876240099785,21.97592804105106
6930-75918-0006_1580-141083-0033__T1__NORMAL__6930,6930,1580,10,0.0,0.0,0.0,0.0,0.0,0.0,0.0,0.0,55.61263425640108,17.05825410722731
6930-75918-0006_1580-141083-0033__T2__NORMAL__1580,1580,6930,10,0.0,0.0,0.0,0.0,0.0,0.0,0.0,0.0,50.237457191796274,16.924055530398288
6930-75918-0007_1089-134686-0022__T1__NORMAL__6930,6930,1089,5,0.0,0.0,0.0,0.0,0.0,0.0,0.0,0.0,64.81754063614412,22.12083593944176
6930-75918-0007_1089-134686-0022__T2__NORMAL__1089,1089,6930,5,0.0,0.0,0.0,0.0,0.0,0.0,0.0,0.0,63.99403001062218,18.0657769821962
6930-75918-0007_1089-134691-0022__T1__NORMAL__6930,6930,1089,5,0.0,0.0,0.0,0.0,0.0,0.0,0.0,0.0,56.012706403023664,25.029839638015847
6930-75918-0007_1089-134691-0022__T2__NORMAL__1089,1089,6930,5,0.0,0.0,0.0,0.0,0.0,0.0,0.0,0.0,58.68659690381928,13.96123973484829
6930-75918-0007_61-70968-0054__T1__NORMAL__6930,6930,61,5,0.0,0.0,0.0,0.0,0.0,0.0,0.0,0.0,42.35994167725088,18.39719854456456
6930-75918-0007_61-70968-0054__T2__NORMAL__61,61,6930,5,0.0,0.0,0.0,0.0,0.0,0.0,0.0,0.0,49.63234944480356,10.526981645648045
6930-75918-0007_61-70970-0026__T1__NORMAL__6930,6930,61,5,0.0,0.0,0.0,0.0,0.0,0.0,0.0,0.0,48.925378043829014,19.31218332982808
6930-75918-0007_61-70970-0026__T2__NORMAL__61,61,6930,5,0.0,0.0,0.0,0.0,0.0,0.0,0.0,0.0,57.2073547799341,13.190302740246706
6930-75918-0008_260-123288-0006__T1__NORMAL__6930,6930,260,8,0.0,0.0,0.0,0.0,0.0,0.0,0.0,0.0,46.56791032246797,18.264432975508026
6930-75918-0008_260-123288-0006__T2__NORMAL__260,260,6930,8,0.0,0.125,0.0,0.0,0.0,0.0,0.0,0.0,38.65364225566191,11.520550129161052
6930-75918-0008_4970-29093-0013__T1__NORMAL__6930,6930,4970,8,0.0,0.0,0.125,0.0,0.0,0.0,0.0,0.0,53.14733568072503,21.85966109064539
6930-75918-0008_4970-29093-0013__T2__NORMAL__4970,4970,6930,8,0.0,0.125,0.0,0.0,0.0,0.0,0.0,0.0,54.67342892161493,15.935700836219958
6930-75918-0008_672-122797-0056__T1__NORMAL__6930,6930,672,8,0.0,0.0,0.0,0.0,0.0,0.0,0.0,0.0,39.87554175185234,15.802704122383346
6930-75918-0008_672-122797-0056__T2__NORMAL__672,672,6930,8,0.0,0.0,0.0,0.0,0.0,0.0,0.0,0.0,46.96766537504095,13.83937591615306
6930-75918-0009_260-123288-0017__T1__NORMAL__6930,6930,260,9,0.0,0.1111111111111111,0.0,0.0,0.0,0.0,0.0,0.0,65.04485702127509,21.58365327655168
6930-75918-0009_260-123288-0017__T2__NORMAL__260,260,6930,9,0.0,0.0,0.0,0.0,0.0,0.0,0.0,0.0,68.64619006465036,17.614948629537075
6930-75918-0010_6829-68769-0018__T1__NORMAL__6930,6930,6829,5,0.0,0.2,0.0,0.0,0.0,0.0,0.0,0.0,46.19550963030947,20.64786053399101
6930-75918-0010_6829-68769-0018__T2__NORMAL__6829,6829,6930,5,0.0,0.0,0.0,0.0,0.0,0.0,0.0,0.0,50.78233506954838,12.390806816109489
6930-75918-0011_121-121726-0003__T1__NORMAL__6930,6930,121,4,0.0,0.0,0.0,0.0,0.0,0.0,0.0,0.0,60.6239365080694,20.27019945942588
6930-75918-0011_121-121726-0003__T2__NORMAL__121,121,6930,4,0.0,0.0,0.0,0.0,0.0,0.0,0.0,0.0,63.08029814922165,21.937151836673426
6930-75918-0011_1580-141083-0042__T1__NORMAL__6930,6930,1580,5,0.0,0.0,0.0,0.0,0.0,0.0,0.0,0.0,62.53008954784194,24.444192129241216
6930-75918-0011_1580-141083-0042__T2__NORMAL__1580,1580,6930,5,0.0,0.0,0.0,0.0,0.0,0.0,0.0,0.0,59.55989294837641,14.310132043506115
6930-75918-0014_908-157963-0004__T1__NORMAL__6930,6930,908,26,0.0,0.0,0.0,0.0,0.0,0.0,0.0,0.0,52.184807560217685,17.535252831655278
6930-75918-0014_908-157963-0004__T2__NORMAL__908,908,6930,26,0.0,0.038461538461538464,0.0,0.0,0.0,0.0,0.0,0.0,54.17127951384225,17.064746160128838
6930-75918-0016_4446-2271-0020__T1__NORMAL__6930,6930,4446,14,0.0,0.07142857142857142,0.07142857142857142,0.0,0.0,0.0,0.0,0.0,48.432564315837865,18.062582261724145
6930-75918-0016_4446-2271-0020__T2__NORMAL__4446,4446,6930,14,0.0,0.0,0.0,0.0,0.0,0.0,0.0,0.0,57.25223236930468,10.433031010547031
6930-75918-0016_7021-85628-0013__T1__NORMAL__6930,6930,7021,19,0.0,0.0,0.0,0.0,0.0,0.0,0.0,0.0,54.87334737444639,15.658542584642548
6930-75918-0016_7021-85628-0013__T2__NORMAL__7021,7021,6930,19,0.0,0.05263157894736842,0.0,0.0,0.0,0.0,0.0,0.0,44.441836369711424,16.224128312443764
6930-75918-0017_4507-16021-0054__T1__NORMAL__6930,6930,4507,7,0.0,0.14285714285714285,0.0,0.0,0.0,0.0,0.0,0.0,46.17727127944436,18.325914884325364
6930-75918-0017_4507-16021-0054__T2__NORMAL__4507,4507,6930,7,0.0,0.14285714285714285,0.0,0.0,0.0,0.0,0.0,0.0,51.62007035020675,14.867729127194783
6930-75918-0017_8230-279154-0028__T1__NORMAL__6930,6930,8230,11,0.0,0.09090909090909091,0.0,0.0,0.0,0.0,0.0,0.0,61.89194926683269,20.938022171291458
6930-75918-0017_8230-279154-0028__T2__NORMAL__8230,8230,6930,11,0.0,0.18181818181818182,0.0,0.0,0.0,0.0,0.0,0.0,64.68860682242153,22.49995836823706
6930-75918-0018_4446-2275-0000__T1__NORMAL__6930,6930,4446,11,0.0,0.0,0.0,0.0,0.0,0.0,0.0,0.0,58.219971958719185,17.52422720845976
6930-75918-0018_4446-2275-0000__T2__NORMAL__4446,4446,6930,11,0.0,0.09090909090909091,0.0,0.0,0.0,0.0,0.0,0.0,28.941582097078697,5.436368845055255
6930-75918-0019_1580-141083-0033__T1__NORMAL__6930,6930,1580,13,0.0,0.07692307692307693,0.0,0.0,0.0,0.0,0.0,0.0,53.91433352643334,16.001681346734635
6930-75918-0019_1580-141083-0033__T2__NORMAL__1580,1580,6930,13,0.0,0.0,0.0,0.0,0.0,0.0,0.0,0.0,51.963809228774,18.11554617346562
6930-76324-0000_1580-141083-0042__T1__NORMAL__6930,6930,1580,5,0.0,0.0,0.0,0.0,0.0,0.0,0.0,0.0,46.24842349531522,15.736725306821397
6930-76324-0000_1580-141083-0042__T2__NORMAL__1580,1580,6930,5,0.0,0.0,0.0,0.0,0.0,0.0,0.0,0.0,38.273358116056116,9.484349605892929
6930-76324-0000_7127-75946-0002__T1__NORMAL__6930,6930,7127,5,0.0,0.2,0.2,0.0,0.0,0.0,0.0,0.0,47.775494788933244,16.306518195012444
6930-76324-0000_7127-75946-0002__T2__NORMAL__7127,7127,6930,5,0.0,0.0,0.0,0.0,0.0,0.0,0.0,0.0,39.36001748154996,8.601216018727982
6930-76324-0001_1580-141083-0050__T1__NORMAL__6930,6930,1580,5,0.0,0.0,0.0,0.0,0.0,0.0,0.0,0.0,56.53926034598673,19.554287711480782
6930-76324-0001_1580-141083-0050__T2__NORMAL__1580,1580,6930,5,0.0,0.0,0.0,0.0,0.0,0.0,0.0,0.0,50.86469672296383,15.90735699971248
6930-76324-0001_61-70970-0040__T1__NORMAL__6930,6930,61,5,0.0,0.2,0.0,0.0,0.0,0.0,0.0,0.0,45.65003949244439,20.01068746284095
6930-76324-0001_61-70970-0040__T2__NORMAL__61,61,6930,5,0.0,0.0,0.0,0.0,0.0,0.0,0.0,0.0,53.25585582785732,11.875577912712508
6930-76324-0001_7729-102255-0000__T1__NORMAL__6930,6930,7729,5,0.0,0.0,0.0,0.0,0.0,0.0,0.0,0.0,47.13429720454443,18.31358490584285
6930-76324-0001_7729-102255-0000__T2__NORMAL__7729,7729,6930,5,0.0,0.2,0.0,0.0,0.0,0.0,0.0,0.0,50.51981554299512,12.760264200497538
6930-76324-0001_8455-210777-0030__T1__NORMAL__6930,6930,8455,5,0.0,0.0,0.0,0.0,0.0,0.0,0.0,0.0,44.08634631876034,20.95737232591658
6930-76324-0001_8455-210777-0030__T2__NORMAL__8455,8455,6930,5,0.0,0.0,0.0,0.0,0.0,0.0,0.0,0.0,59.78699519058161,12.910447420526136
6930-76324-0003_3575-170457-0040__T1__NORMAL__6930,6930,3575,5,0.0,0.0,0.2,0.0,0.0,0.0,0.0,0.0,56.21449318088916,24.192872226191945
6930-76324-0003_3575-170457-0040__T2__NORMAL__3575,3575,6930,5,0.0,0.2,0.0,0.0,0.0,0.0,0.0,0.0,59.405532698566034,15.908717655931673
6930-76324-0004_3729-6852-0000__T1__NORMAL__6930,6930,3729,11,0.0,0.0,0.0,0.0,0.0,0.0,0.0,0.0,47.48900951608334,17.177079621643525
6930-76324-0004_3729-6852-0000__T2__NORMAL__3729,3729,6930,11,0.0,0.0,0.0,0.0,0.0,0.0,0.0,0.0,48.86923572186319,14.958341422506358
6930-76324-0004_61-70968-0047__T1__NORMAL__6930,6930,61,8,0.0,0.0,0.0,0.0,0.0,0.0,0.0,0.0,51.984941860397456,14.840803750054366
6930-76324-0004_61-70968-0047__T2__NORMAL__61,61,6930,8,0.0,0.125,0.0,0.0,0.0,0.0,0.0,0.0,48.405453546024475,13.5473054292478
6930-76324-0005_4507-16021-0057__T1__NORMAL__6930,6930,4507,8,0.0,0.125,0.0,0.0,0.0,0.0,0.0,0.0,52.87034184819916,10.106416312050571
6930-76324-0005_4507-16021-0057__T2__NORMAL__4507,4507,6930,8,0.0,0.0,0.0,0.0,0.0,0.0,0.0,0.0,33.619269435313896,9.386916772018436
6930-76324-0006_5683-32865-0016__T1__NORMAL__6930,6930,5683,5,0.0,0.0,0.0,0.0,0.0,0.0,0.0,0.0,61.75308929328376,18.47106158152737
6930-76324-0006_5683-32865-0016__T2__NORMAL__5683,5683,6930,5,0.0,0.0,0.0,0.0,0.0,0.0,0.0,0.0,48.61291941017699,15.821791176227332
6930-76324-0006_7021-79740-0013__T1__NORMAL__6930,6930,7021,7,0.0,0.0,0.0,0.0,0.0,0.0,0.0,0.0,48.52999530681217,10.075803326889949
6930-76324-0006_7021-79740-0013__T2__NORMAL__7021,7021,6930,7,0.0,0.0,0.0,0.0,0.0,0.0,0.0,0.0,31.683919818522092,7.148095277965464
6930-76324-0006_7176-92135-0007__T1__NORMAL__6930,6930,7176,5,0.0,0.0,0.0,0.0,0.0,0.0,0.0,0.0,53.72444083345927,14.28786598038549
6930-76324-0006_7176-92135-0007__T2__NORMAL__7176,7176,6930,5,0.0,0.0,0.0,0.0,0.0,0.0,0.0,0.0,55.864567937268156,15.857054097990288
6930-76324-0008_5105-28233-0004__T1__NORMAL__6930,6930,5105,8,0.0,0.0,0.0,0.0,0.0,0.0,0.0,0.0,50.47141598922596,19.19100328692837
6930-76324-0008_5105-28233-0004__T2__NORMAL__5105,5105,6930,8,0.0,0.0,0.0,0.0,0.0,0.0,0.0,0.0,46.990625951500704,14.169305198835454
6930-76324-0009_1089-134686-0034__T1__NORMAL__6930,6930,1089,5,0.0,0.0,0.0,0.0,0.0,0.0,0.0,0.0,49.82169181849034,16.944511168687455
6930-76324-0009_1089-134686-0034__T2__NORMAL__1089,1089,6930,5,0.0,0.0,0.0,0.0,0.0,0.0,0.0,0.0,44.642113826158194,14.467272812093118
6930-76324-0011_1995-1837-0007__T1__NORMAL__6930,6930,1995,16,0.0,0.0,0.0,0.0,0.0,0.0,0.0,0.0,57.39010341639029,23.17253516530713
6930-76324-0011_1995-1837-0007__T2__NORMAL__1995,1995,6930,16,0.0,0.0,0.0,0.0,0.0,0.0,0.0,0.0,63.31961539287419,17.61683847226092
6930-76324-0012_2300-131720-0027__T1__NORMAL__6930,6930,2300,8,0.0,0.125,0.0,0.0,0.0,0.0,0.0,0.0,54.45286295391961,18.43946359199694
6930-76324-0012_2300-131720-0027__T2__NORMAL__2300,2300,6930,8,0.0,0.125,0.0,0.0,0.0,0.0,0.0,0.0,48.42028377451933,12.660524263674432
6930-76324-0012_8463-294828-0034__T1__NORMAL__6930,6930,8463,6,0.0,0.16666666666666666,0.0,0.0,0.0,0.0,0.0,0.0,44.10427674566596,10.416571664263367
6930-76324-0012_8463-294828-0034__T2__NORMAL__8463,8463,6930,6,0.0,0.0,0.0,0.0,0.0,0.0,0.0,0.0,28.95871818612676,8.921188974979001
6930-76324-0013_5142-33396-0031__T1__NORMAL__6930,6930,5142,7,0.0,0.0,0.0,0.0,0.0,0.0,0.0,0.0,53.55989762353604,17.98444046614015
6930-76324-0013_5142-33396-0031__T2__NORMAL__5142,5142,6930,7,0.0,0.0,0.0,0.0,0.0,0.0,0.0,0.0,52.62900552796449,16.318216834258823
6930-76324-0014_1284-1181-0012__T1__NORMAL__6930,6930,1284,8,0.0,0.0,0.0,0.0,0.0,0.0,0.0,0.0,60.27126949331338,19.076865239494182
6930-76324-0014_1284-1181-0012__T2__NORMAL__1284,1284,6930,8,0.0,0.0,0.0,0.0,0.0,0.0,0.0,0.0,56.38730714850432,18.344204452966125
6930-76324-0014_1995-1837-0024__T1__NORMAL__6930,6930,1995,8,0.0,0.0,0.0,0.0,0.0,0.0,0.0,0.0,61.99680319504092,22.917755242652976
6930-76324-0014_1995-1837-0024__T2__NORMAL__1995,1995,6930,8,0.0,0.0,0.0,0.0,0.0,0.0,0.0,0.0,65.27481565297728,21.60659285989112
6930-76324-0015_5105-28241-0005__T1__NORMAL__6930,6930,5105,15,0.0,0.0,0.0,0.0,0.0,0.0,0.0,0.0,54.28406753497839,17.3501705217351
6930-76324-0015_5105-28241-0005__T2__NORMAL__5105,5105,6930,15,0.0,0.13333333333333333,0.06666666666666667,0.0,0.0,0.0,0.0,0.0,48.971056267471006,18.04417922788566
6930-76324-0015_6829-68769-0052__T1__NORMAL__6930,6930,6829,8,0.0,0.0,0.0,0.0,0.0,0.0,0.0,0.0,52.33620159467359,14.503314583475078
6930-76324-0015_6829-68769-0052__T2__NORMAL__6829,6829,6930,8,0.0,0.0,0.0,0.0,0.0,0.0,0.0,0.0,38.19742690591203,9.870203484389233
6930-76324-0016_4970-29095-0018__T1__NORMAL__6930,6930,4970,17,0.0,0.0,0.0,0.0,0.0,0.0,0.0,0.0,59.20737421623906,20.781542954897134
6930-76324-0016_4970-29095-0018__T2__NORMAL__4970,4970,6930,17,0.0,0.058823529411764705,0.0,0.0,0.0,0.0,0.0,0.0,59.18554086925019,18.23297461027649
6930-76324-0017_1089-134691-0001__T1__NORMAL__6930,6930,1089,9,0.0,0.0,0.0,0.0,0.0,0.0,0.0,0.0,60.63906524949815,16.941150844897855
6930-76324-0017_1089-134691-0001__T2__NORMAL__1089,1089,6930,9,0.0,0.0,0.0,0.0,0.0,0.0,0.0,0.0,48.456923077776956,15.752453215939044
6930-76324-0017_4077-13751-0004__T1__NORMAL__6930,6930,4077,9,0.0,0.0,0.0,0.0,0.0,0.0,0.0,0.0,49.796952182239046,14.53217111922895
6930-76324-0017_4077-13751-0004__T2__NORMAL__4077,4077,6930,9,0.0,0.0,0.0,0.0,0.0,0.0,0.0,0.0,42.10553762963594,10.706901923874955
6930-76324-0017_4446-2275-0001__T1__NORMAL__6930,6930,4446,8,0.0,0.0,0.0,0.0,0.0,0.0,0.0,0.0,54.417954091152424,19.8677559811406
6930-76324-0017_4446-2275-0001__T2__NORMAL__4446,4446,6930,8,1.0,0.875,1.0,1.0,0.875,0.875,0.875,0.875,-52.317922659318626,-44.0763769867602
6930-76324-0020_4970-29095-0032__T1__NORMAL__6930,6930,4970,11,0.0,0.0,0.0,0.0,0.0,0.0,0.0,0.0,54.696386536575964,14.067436761300211
6930-76324-0020_4970-29095-0032__T2__NORMAL__4970,4970,6930,11,0.0,0.0,0.0,0.0,0.0,0.0,0.0,0.0,52.57536324389388,17.861596843016994
6930-76324-0020_7127-75946-0015__T1__NORMAL__6930,6930,7127,10,0.0,0.0,0.0,0.0,0.0,0.0,0.0,0.0,36.823724912174185,11.777409442489017
6930-76324-0020_7127-75946-0015__T2__NORMAL__7127,7127,6930,10,0.0,0.0,0.0,0.0,0.0,0.0,0.0,0.0,42.4844109925466,15.568791020997658
6930-76324-0021_8455-210777-0030__T1__NORMAL__6930,6930,8455,13,0.0,0.07692307692307693,0.0,0.0,0.0,0.0,0.0,0.0,51.38106794813187,17.39782490424202
6930-76324-0021_8455-210777-0030__T2__NORMAL__8455,8455,6930,13,0.0,0.0,0.0,0.0,0.0,0.0,0.0,0.0,48.81465408075903,12.575958186441024
6930-76324-0023_2094-142345-0058__T1__NORMAL__6930,6930,2094,8,0.0,0.0,0.0,0.0,0.0,0.0,0.0,0.0,36.7168273982443,17.56306261468165
6930-76324-0023_2094-142345-0058__T2__NORMAL__2094,2094,6930,8,0.0,0.0,0.0,0.0,0.0,0.0,0.0,0.0,52.20172619439539,10.832265540274904
6930-76324-0023_61-70968-0023__T1__NORMAL__6930,6930,61,8,0.0,0.0,0.0,0.0,0.0,0.0,0.0,0.0,48.10792269250307,14.37971427234623
6930-76324-0023_61-70968-0023__T2__NORMAL__61,61,6930,8,0.0,0.0,0.0,0.0,0.0,0.0,0.0,0.0,38.50854865257002,12.609890275322918
6930-76324-0024_8230-279154-0011__T1__NORMAL__6930,6930,8230,7,0.0,0.0,0.0,0.0,0.0,0.0,0.0,0.0,56.10153226545519,19.729503551126854
6930-76324-0024_8230-279154-0011__T2__NORMAL__8230,8230,6930,7,0.0,0.14285714285714285,0.0,0.0,0.0,0.0,0.0,0.0,40.72091356275216,15.40330060164382
6930-76324-0025_1580-141083-0050__T1__NORMAL__6930,6930,1580,5,0.0,0.0,0.0,0.0,0.0,0.0,0.0,0.0,48.18567963319018,17.137623115377863
6930-76324-0025_1580-141083-0050__T2__NORMAL__1580,1580,6930,5,0.0,0.0,0.0,0.0,0.0,0.0,0.0,0.0,42.56595105032833,15.29145212299566
6930-76324-0025_2094-142345-0034__T1__NORMAL__6930,6930,2094,7,0.0,0.0,0.0,0.0,0.0,0.0,0.0,0.0,49.98657082917255,20.32653469459692
6930-76324-0025_2094-142345-0034__T2__NORMAL__2094,2094,6930,7,0.0,0.0,0.0,0.0,0.0,0.0,0.0,0.0,59.931755176129705,15.447261033501569
6930-76324-0025_4970-29095-0038__T1__NORMAL__6930,6930,4970,7,0.0,0.0,0.0,0.0,0.0,0.0,0.0,0.0,58.33906329387256,15.40067942273734
6930-76324-0025_4970-29095-0038__T2__NORMAL__4970,4970,6930,7,0.0,0.0,0.0,0.0,0.0,0.0,0.0,0.0,57.473411504865155,20.672135867454983
6930-76324-0026_5683-32865-0003__T1__NORMAL__6930,6930,5683,5,0.0,0.0,0.2,0.0,0.0,0.0,0.0,0.0,51.170026953844015,15.504595058317909
6930-76324-0026_5683-32865-0003__T2__NORMAL__5683,5683,6930,5,0.0,0.4,0.0,0.0,0.0,0.0,0.0,0.0,46.663318502016764,7.873815403992445
6930-76324-0026_8455-210777-0062__T1__NORMAL__6930,6930,8455,5,0.0,0.0,0.2,0.0,0.0,0.0,0.0,0.0,37.433115869942824,14.833237304656468
6930-76324-0026_8455-210777-0062__T2__NORMAL__8455,8455,6930,5,0.0,0.0,0.0,0.0,0.0,0.0,0.0,0.0,46.29511050379135,9.573245942065244
6930-76324-0027_5683-32879-0011__T1__NORMAL__6930,6930,5683,15,0.0,0.0,0.0,0.0,0.0,0.0,0.0,0.0,37.94884789091648,7.240186401856029
6930-76324-0027_5683-32879-0011__T2__NORMAL__5683,5683,6930,15,0.0,0.0,0.0,0.0,0.0,0.0,0.0,0.0,43.709112028502794,15.677747520383411
6930-76324-0027_908-31957-0003__T1__NORMAL__6930,6930,908,12,0.0,0.16666666666666666,0.0,0.0,0.0,0.0,0.0,0.0,44.13260006283221,19.883829130316062
6930-76324-0027_908-31957-0003__T2__NORMAL__908,908,6930,12,0.0,0.0,0.0,0.0,0.0,0.0,0.0,0.0,58.25302946275817,12.238520050846985
6930-76324-0028_7127-75947-0003__T1__NORMAL__6930,6930,7127,10,0.0,0.1,0.0,0.0,0.0,0.0,0.0,0.0,50.53661360510519,17.818734646563673
6930-76324-0028_7127-75947-0003__T2__NORMAL__7127,7127,6930,10,0.0,0.0,0.0,0.0,0.0,0.0,0.0,0.0,53.01713019747301,15.809716677693867
6930-81414-0000_1320-122612-0012__T1__NORMAL__6930,6930,1320,19,0.0,0.0,0.0,0.0,0.0,0.0,0.0,0.0,52.66744036496314,18.38940298381133
6930-81414-0000_1320-122612-0012__T2__NORMAL__1320,1320,6930,19,0.0,0.0,0.05263157894736842,0.0,0.0,0.0,0.0,0.0,55.506103411142355,18.8052001538792
6930-81414-0000_5683-32866-0007__T1__NORMAL__6930,6930,5683,7,0.0,0.0,0.0,0.0,0.0,0.0,0.0,0.0,47.26600467013442,19.48029444340545
6930-81414-0000_5683-32866-0007__T2__NORMAL__5683,5683,6930,7,0.0,0.0,0.0,0.0,0.0,0.0,0.0,0.0,49.129520039464055,14.681339276153336
6930-81414-0002_2094-142345-0050__T1__NORMAL__6930,6930,2094,5,0.0,0.0,0.0,0.0,0.0,0.0,0.0,0.0,48.9999216848117,19.766168879981294
6930-81414-0002_2094-142345-0050__T2__NORMAL__2094,2094,6930,5,0.0,0.0,0.0,0.0,0.0,0.0,0.0,0.0,64.27917086532969,9.433934354522616
6930-81414-0002_7021-85628-0023__T1__NORMAL__6930,6930,7021,5,0.0,0.2,0.0,0.0,0.0,0.0,0.0,0.0,41.67715694485508,16.337112794512656
6930-81414-0002_7021-85628-0023__T2__NORMAL__7021,7021,6930,5,0.0,0.0,0.0,0.0,0.0,0.0,0.0,0.0,46.14828120436728,10.515249139612733
6930-81414-0003_2830-3980-0012__T1__NORMAL__6930,6930,2830,5,0.0,0.2,0.0,0.0,0.0,0.0,0.0,0.0,53.99998800190964,15.9979678207278
6930-81414-0003_2830-3980-0012__T2__NORMAL__2830,2830,6930,5,0.0,0.0,0.0,0.0,0.0,0.0,0.0,0.0,45.0397111618863,12.457672339863418
6930-81414-0003_5683-32879-0016__T1__NORMAL__6930,6930,5683,5,0.0,0.2,0.0,0.0,0.0,0.0,0.0,0.0,45.84319778585759,22.214896778778314
6930-81414-0003_5683-32879-0016__T2__NORMAL__5683,5683,6930,5,0.0,0.0,0.0,0.0,0.0,0.0,0.0,0.0,41.30879518645084,10.829908530031608
6930-81414-0003_7127-75946-0021__T1__NORMAL__6930,6930,7127,5,0.0,0.0,0.0,0.0,0.0,0.0,0.0,0.0,33.07815524331947,12.443519670071712
6930-81414-0003_7127-75946-0021__T2__NORMAL__7127,7127,6930,5,0.0,0.0,0.0,0.0,0.0,0.0,0.0,0.0,45.638514742609836,13.68757563101897
6930-81414-0004_908-31957-0019__T1__NORMAL__6930,6930,908,17,0.0,0.0,0.0,0.0,0.0,0.0,0.0,0.0,59.00212860838795,19.22322278304613
6930-81414-0004_908-31957-0019__T2__NORMAL__908,908,6930,17,0.0,0.058823529411764705,0.0,0.0,0.0,0.0,0.0,0.0,53.70470188937455,16.925562819302478
6930-81414-0006_1284-134647-0000__T1__NORMAL__6930,6930,1284,12,0.0,0.08333333333333333,0.0,0.0,0.0,0.0,0.0,0.0,59.37333026674042,21.0501180474821
6930-81414-0006_1284-134647-0000__T2__NORMAL__1284,1284,6930,12,0.0,0.0,0.0,0.0,0.0,0.0,0.0,0.0,57.48288763004564,13.820481182546231
6930-81414-0006_237-134493-0006__T1__NORMAL__6930,6930,237,7,0.0,0.0,0.0,0.0,0.0,0.0,0.0,0.0,62.2134885154152,17.232474037248405
6930-81414-0006_237-134493-0006__T2__NORMAL__237,237,6930,7,0.0,0.0,0.0,0.0,0.0,0.0,0.0,0.0,54.482679083357255,20.021588054109785
6930-81414-0007_3570-5694-0017__T1__NORMAL__6930,6930,3570,7,0.0,0.0,0.0,0.0,0.0,0.0,0.0,0.0,64.62768434510767,23.41260989547107
6930-81414-0007_3570-5694-0017__T2__NORMAL__3570,3570,6930,7,0.0,0.0,0.0,0.0,0.0,0.0,0.0,0.0,59.85650104708356,14.062188792262344
6930-81414-0008_3570-5696-0008__T1__NORMAL__6930,6930,3570,11,0.0,0.0,0.0,0.0,0.0,0.0,0.0,0.0,54.23188687168462,20.70077088706425
6930-81414-0008_3570-5696-0008__T2__NORMAL__3570,3570,6930,11,0.0,0.0,0.0,0.0,0.0,0.0,0.0,0.0,60.67475091421802,16.86314561781844
6930-81414-0008_4446-2275-0038__T1__NORMAL__6930,6930,4446,8,0.0,0.125,0.0,0.0,0.0,0.0,0.0,0.0,58.51891673771476,23.167975373321987
6930-81414-0008_4446-2275-0038__T2__NORMAL__4446,4446,6930,8,1.0,1.0,1.0,1.0,1.0,1.0,1.0,1.0,-58.17806607492595,-52.2056478840827
6930-81414-0010_3729-6852-0036__T1__NORMAL__6930,6930,3729,6,0.0,0.0,0.0,0.0,0.0,0.0,0.0,0.0,45.88799651798431,10.075160805962913
6930-81414-0010_3729-6852-0036__T2__NORMAL__3729,3729,6930,6,0.0,0.16666666666666666,0.0,0.0,0.0,0.0,0.0,0.0,41.146484821948796,12.594934209146755
6930-81414-0010_5142-33396-0020__T1__NORMAL__6930,6930,5142,5,0.0,0.2,0.2,0.0,0.2,0.0,0.0,0.0,52.2951712575512,15.779250072106445
6930-81414-0010_5142-33396-0020__T2__NORMAL__5142,5142,6930,5,0.0,0.0,0.0,0.0,0.0,0.0,0.0,0.0,45.68998732022429,10.049878742709629
6930-81414-0011_4992-41806-0006__T1__NORMAL__6930,6930,4992,8,0.0,0.0,0.0,0.0,0.0,0.0,0.0,0.0,70.41984795076439,15.546784092889158
6930-81414-0011_4992-41806-0006__T2__NORMAL__4992,4992,6930,8,0.0,0.125,0.0,0.0,0.0,0.0,0.0,0.0,57.08034737678038,16.33840438899556
6930-81414-0012_8455-210777-0049__T1__NORMAL__6930,6930,8455,7,0.0,0.14285714285714285,0.0,0.0,0.0,0.0,0.0,0.0,58.52795949740819,16.75375767504099
6930-81414-0012_8455-210777-0049__T2__NORMAL__8455,8455,6930,7,0.0,0.0,0.0,0.0,0.0,0.0,0.0,0.0,51.66591281169286,15.638897598240018
6930-81414-0013_2830-3980-0047__T1__NORMAL__6930,6930,2830,13,0.0,0.0,0.0,0.0,0.0,0.0,0.0,0.0,47.438698423227606,17.474341828902894
6930-81414-0013_2830-3980-0047__T2__NORMAL__2830,2830,6930,13,0.0,0.07692307692307693,0.0,0.0,0.0,0.0,0.0,0.0,53.5889432479613,11.361848585093403
6930-81414-0014_1580-141083-0049__T1__NORMAL__6930,6930,1580,6,0.0,0.0,0.0,0.0,0.0,0.0,0.0,0.0,55.223609002091564,19.82115687966932
6930-81414-0014_1580-141083-0049__T2__NORMAL__1580,1580,6930,6,0.0,0.0,0.0,0.0,0.0,0.0,0.0,0.0,52.39279094015669,15.942366519546946
6930-81414-0015_5142-36377-0025__T1__NORMAL__6930,6930,5142,6,0.0,0.0,0.0,0.0,0.0,0.0,0.0,0.0,48.57898135840903,10.835395445911995
6930-81414-0015_5142-36377-0025__T2__NORMAL__5142,5142,6930,6,0.0,0.0,0.0,0.0,0.0,0.0,0.0,0.0,39.9751869199386,15.654108936308978
6930-81414-0019_8463-287645-0005__T1__NORMAL__6930,6930,8463,5,0.0,0.0,0.0,0.0,0.0,0.0,0.0,0.0,50.35917951441651,13.978779424963165
6930-81414-0019_8463-287645-0005__T2__NORMAL__8463,8463,6930,5,0.0,0.0,0.0,0.0,0.0,0.0,0.0,0.0,56.45216570847426,18.32005744921541
6930-81414-0020_260-123286-0002__T1__NORMAL__6930,6930,260,9,0.0,0.1111111111111111,0.0,0.0,0.0,0.0,0.0,0.0,61.39675082485433,18.46238381767
6930-81414-0020_260-123286-0002__T2__NORMAL__260,260,6930,9,0.0,0.0,0.0,0.0,0.0,0.0,0.0,0.0,52.48425785587579,16.336083762770226
6930-81414-0020_260-123286-0026__T1__NORMAL__6930,6930,260,9,0.0,0.1111111111111111,0.0,0.0,0.0,0.0,0.0,0.0,52.126395466251545,21.461705612135425
6930-81414-0020_260-123286-0026__T2__NORMAL__260,260,6930,9,0.0,0.0,0.0,0.0,0.0,0.0,0.0,0.0,62.8710563717527,13.945060376236835
6930-81414-0021_1320-122617-0003__T1__NORMAL__6930,6930,1320,5,0.0,0.0,0.0,0.0,0.0,0.0,0.0,0.0,55.96464600319704,20.85878859169944
6930-81414-0021_1320-122617-0003__T2__NORMAL__1320,1320,6930,5,0.0,0.0,0.2,0.0,0.0,0.0,0.0,0.0,55.52476043589343,11.68776218548092
6930-81414-0021_61-70968-0032__T1__NORMAL__6930,6930,61,5,0.0,0.0,0.0,0.0,0.0,0.0,0.0,0.0,49.13619030058569,12.3746080623106
6930-81414-0021_61-70968-0032__T2__NORMAL__61,61,6930,5,0.0,0.0,0.0,0.0,0.0,0.0,0.0,0.0,36.95953452761445,15.093656200953996
6930-81414-0022_1320-122617-0003__T1__NORMAL__6930,6930,1320,7,0.0,0.0,0.0,0.0,0.0,0.0,0.0,0.0,49.79725921805966,22.10282636176396
6930-81414-0022_1320-122617-0003__T2__NORMAL__1320,1320,6930,7,0.0,0.0,0.14285714285714285,0.0,0.0,0.0,0.0,0.0,52.64152988152251,13.573582068567038
6930-81414-0022_908-157963-0006__T1__NORMAL__6930,6930,908,7,0.0,0.0,0.0,0.0,0.0,0.0,0.0,0.0,61.897334587286466,18.52559101963119
6930-81414-0022_908-157963-0006__T2__NORMAL__908,908,6930,7,0.0,0.0,0.0,0.0,0.0,0.0,0.0,0.0,63.33975096824977,20.57066816139899
6930-81414-0023_4507-16021-0014__T1__NORMAL__6930,6930,4507,8,0.0,0.125,0.0,0.0,0.0,0.0,0.0,0.0,43.27309521890476,19.00281021408323
6930-81414-0023_4507-16021-0014__T2__NORMAL__4507,4507,6930,8,0.0,0.0,0.0,0.0,0.0,0.0,0.0,0.0,56.823843879230324,10.596770016512178
6930-81414-0023_5142-33396-0012__T1__NORMAL__6930,6930,5142,8,0.0,0.0,0.0,0.0,0.0,0.0,0.0,0.0,56.675997171285076,14.167169875114867
6930-81414-0023_5142-33396-0012__T2__NORMAL__5142,5142,6930,8,0.0,0.0,0.0,0.0,0.0,0.0,0.0,0.0,42.50547508638864,15.276116922774774
6930-81414-0026_8463-294828-0015__T1__NORMAL__6930,6930,8463,5,0.0,0.0,0.0,0.0,0.0,0.0,0.0,0.0,51.034367203569005,20.09394428977888
6930-81414-0026_8463-294828-0015__T2__NORMAL__8463,8463,6930,5,1.0,1.0,1.0,1.0,1.0,1.0,1.0,1.0,-48.58237543497089,-38.90004467554829
7021-79730-0001_5142-33396-0064__T1__NORMAL__7021,7021,5142,5,0.0,0.0,0.0,0.0,0.0,0.0,0.0,0.0,59.26165356156143,22.027909644227705
7021-79730-0001_5142-33396-0064__T2__NORMAL__5142,5142,7021,5,0.0,0.0,0.0,0.0,0.0,0.0,0.0,0.0,58.04900493332984,22.69392914501597
7021-79730-0004_2830-3980-0009__T1__NORMAL__7021,7021,2830,6,0.0,0.3333333333333333,0.16666666666666666,0.0,0.0,0.0,0.0,0.0,37.05600202209168,8.043101421720062
7021-79730-0004_2830-3980-0009__T2__NORMAL__2830,2830,7021,6,0.0,0.0,0.0,0.0,0.0,0.0,0.0,0.0,48.32003207641938,11.979179381717763
7021-79730-0005_1320-122617-0008__T1__NORMAL__7021,7021,1320,7,0.0,0.0,0.0,0.0,0.0,0.0,0.0,0.0,51.08873493984753,19.37311343315074
7021-79730-0005_1320-122617-0008__T2__NORMAL__1320,1320,7021,7,0.0,0.0,0.0,0.0,0.0,0.0,0.0,0.0,51.483161677944125,15.18977682370494
7021-79730-0005_5142-36377-0007__T1__NORMAL__7021,7021,5142,11,0.0,0.0,0.0,0.0,0.0,0.0,0.0,0.0,63.641051800614896,18.78374592961172
7021-79730-0005_5142-36377-0007__T2__NORMAL__5142,5142,7021,11,0.0,0.0,0.0,0.0,0.0,0.0,0.0,0.0,59.332945987042905,20.89538045234672
7021-79730-0006_4446-2271-0005__T1__NORMAL__7021,7021,4446,5,0.0,0.2,0.4,0.2,0.2,0.0,0.2,0.0,44.56769395182336,16.909534089965433
7021-79730-0006_4446-2271-0005__T2__NORMAL__4446,4446,7021,5,0.0,0.0,0.0,0.0,0.0,0.0,0.0,0.0,50.13707278811442,13.73232602170413
7021-79730-0006_8455-210777-0037__T1__NORMAL__7021,7021,8455,8,0.0,0.0,0.0,0.0,0.0,0.0,0.0,0.0,52.297497820713055,16.728144701491757
7021-79730-0006_8455-210777-0037__T2__NORMAL__8455,8455,7021,8,0.0,0.0,0.0,0.0,0.0,0.0,0.0,0.0,50.063006474343894,16.475597056359433
7021-79730-0007_908-157963-0028__T1__NORMAL__7021,7021,908,8,0.0,0.0,0.125,0.0,0.0,0.0,0.0,0.0,46.592114055010086,16.757471555989714
7021-79730-0007_908-157963-0028__T2__NORMAL__908,908,7021,8,0.0,0.0,0.0,0.0,0.0,0.0,0.0,0.0,46.89454282980478,15.85279231221014
7021-79730-0008_260-123288-0027__T1__NORMAL__7021,7021,260,11,0.0,0.0,0.09090909090909091,0.0,0.0,0.0,0.0,0.0,51.998192597220466,18.251194764130325
7021-79730-0008_260-123288-0027__T2__NORMAL__260,260,7021,11,0.0,0.09090909090909091,0.0,0.0,0.0,0.0,0.0,0.0,47.648371031162085,14.60950203907019
7021-79730-0008_6829-68771-0020__T1__NORMAL__7021,7021,6829,8,0.0,0.0,0.0,0.0,0.0,0.0,0.0,0.0,49.64066167836945,17.949094904757644
7021-79730-0008_6829-68771-0020__T2__NORMAL__6829,6829,7021,8,0.0,0.125,0.0,0.0,0.0,0.0,0.0,0.0,51.59582228478067,17.694925574182886
7021-79730-0009_237-126133-0021__T1__NORMAL__7021,7021,237,7,0.0,0.0,0.0,0.0,0.0,0.0,0.0,0.0,56.2282108269922,16.41708965295974
7021-79730-0009_237-126133-0021__T2__NORMAL__237,237,7021,7,0.0,0.0,0.0,0.0,0.0,0.0,0.0,0.0,60.89577675301439,15.940730422476568
7021-79740-0003_1320-122617-0010__T1__NORMAL__7021,7021,1320,8,1.0,1.0,1.0,1.0,1.0,1.0,1.0,1.0,-54.8726310483851,-34.78462746810666
7021-79740-0003_1320-122617-0010__T2__NORMAL__1320,1320,7021,8,0.0,0.0,0.0,0.0,0.0,0.0,0.0,0.0,54.72614845318277,11.74199858558242
7021-79740-0004_1089-134691-0004__T1__NORMAL__7021,7021,1089,9,0.0,0.0,0.0,0.0,0.0,0.0,0.0,0.0,58.74918890542665,17.962440136205018
7021-79740-0004_1089-134691-0004__T2__NORMAL__1089,1089,7021,9,0.0,0.0,0.0,0.0,0.0,0.0,0.0,0.0,54.65125502273327,21.423053094892207
7021-79740-0006_2830-3980-0019__T1__NORMAL__7021,7021,2830,10,0.0,0.1,0.0,0.0,0.0,0.0,0.0,0.0,26.773095555590224,8.167063426590245
7021-79740-0006_2830-3980-0019__T2__NORMAL__2830,2830,7021,10,0.0,0.0,0.0,0.0,0.0,0.0,0.0,0.0,40.64411753172141,11.902254495113944
7021-79740-0006_4446-2273-0034__T1__NORMAL__7021,7021,4446,6,0.0,0.0,0.0,0.0,0.0,0.0,0.0,0.0,59.26961023917113,15.104216563746496
7021-79740-0006_4446-2273-0034__T2__NORMAL__4446,4446,7021,6,1.0,1.0,1.0,1.0,1.0,1.0,1.0,1.0,-59.184488170942075,-44.09465890845658
7021-79740-0006_672-122797-0027__T1__NORMAL__7021,7021,672,8,0.375,0.75,0.5,0.625,0.375,0.25,0.375,0.25,-5.723271897943494,-7.675673424406554
7021-79740-0006_672-122797-0027__T2__NORMAL__672,672,7021,8,0.0,0.0,0.0,0.0,0.0,0.0,0.0,0.0,41.55601516353269,14.4275642821658
7021-79740-0007_260-123286-0029__T1__NORMAL__7021,7021,260,8,0.5,0.5,0.375,0.375,0.375,0.25,0.375,0.25,8.399029835640015,0.1379124522618178
7021-79740-0007_260-123286-0029__T2__NORMAL__260,260,7021,8,0.0,0.25,0.125,0.125,0.125,0.0,0.125,0.0,31.70603603354575,6.115825428787169
7021-79740-0007_4077-13751-0020__T1__NORMAL__7021,7021,4077,12,0.8333333333333334,0.8333333333333334,0.8333333333333334,0.9166666666666666,0.75,0.75,0.75,0.75,-24.934570726387594,-7.883771083820802
7021-79740-0007_4077-13751-0020__T2__NORMAL__4077,4077,7021,12,0.0,0.0,0.0,0.0,0.0,0.0,0.0,0.0,53.78498931585387,10.28024203134036
7021-79740-0007_4507-16021-0051__T1__NORMAL__7021,7021,4507,11,0.0,0.18181818181818182,0.09090909090909091,0.0,0.09090909090909091,0.0,0.0,0.0,57.33182890430207,18.99957495179829
7021-79740-0007_4507-16021-0051__T2__NORMAL__4507,4507,7021,11,0.0,0.0,0.0,0.0,0.0,0.0,0.0,0.0,53.32624861423585,17.793995606549238
7021-79740-0007_8555-284447-0018__T1__NORMAL__7021,7021,8555,9,0.0,0.0,0.0,0.0,0.0,0.0,0.0,0.0,60.10611765015158,20.406290068879983
7021-79740-0007_8555-284447-0018__T2__NORMAL__8555,8555,7021,9,0.0,0.0,0.0,0.0,0.0,0.0,0.0,0.0,70.978724413159,17.741415232964975
7021-79740-0009_61-70970-0018__T1__NORMAL__7021,7021,61,6,0.6666666666666666,0.6666666666666666,0.6666666666666666,0.5,0.6666666666666666,0.5,0.5,0.3333333333333333,1.2669157310421362,-3.407701598337172
7021-79740-0009_61-70970-0018__T2__NORMAL__61,61,7021,6,0.0,0.0,0.0,0.0,0.0,0.0,0.0,0.0,44.20124779479693,17.464550948430944
7021-79740-0009_8463-294828-0014__T1__NORMAL__7021,7021,8463,6,0.0,0.0,0.0,0.0,0.0,0.0,0.0,0.0,66.61032747903093,19.12730556806668
7021-79740-0009_8463-294828-0014__T2__NORMAL__8463,8463,7021,6,0.0,0.0,0.0,0.0,0.0,0.0,0.0,0.0,60.41587784393071,21.4526535920252
7021-79740-0010_8455-210777-0051__T1__NORMAL__7021,7021,8455,23,0.0,0.08695652173913043,0.0,0.08695652173913043,0.0,0.0,0.0,0.0,48.16024189393294,14.638905202304402
7021-79740-0010_8455-210777-0051__T2__NORMAL__8455,8455,7021,23,0.0,0.0,0.0,0.0,0.0,0.0,0.0,0.0,51.721133106457835,16.458523966865307
7021-79740-0011_3575-170457-0014__T1__NORMAL__7021,7021,3575,12,0.0,0.0,0.0,0.0,0.0,0.0,0.0,0.0,60.99660468498823,20.49767625889784
7021-79740-0011_3575-170457-0014__T2__NORMAL__3575,3575,7021,12,0.0,0.0,0.0,0.0,0.0,0.0,0.0,0.0,57.89405708324431,19.523657882342185
7021-79740-0012_1580-141084-0004__T1__NORMAL__7021,7021,1580,5,0.0,0.0,0.0,0.0,0.0,0.0,0.0,0.0,73.59960571924196,21.419397568467808
7021-79740-0012_1580-141084-0004__T2__NORMAL__1580,1580,7021,5,0.0,0.0,0.0,0.0,0.0,0.0,0.0,0.0,76.26853342818683,25.924923128557868
7021-79740-0012_2830-3980-0057__T1__NORMAL__7021,7021,2830,5,0.0,0.2,0.0,0.0,0.0,0.0,0.0,0.0,37.66418586867893,9.186118629924222
7021-79740-0012_2830-3980-0057__T2__NORMAL__2830,2830,7021,5,0.0,0.2,0.0,0.0,0.0,0.0,0.0,0.0,44.541792254062706,6.3512449884024855
7021-79740-0012_8455-210777-0020__T1__NORMAL__7021,7021,8455,5,0.0,0.0,0.0,0.0,0.0,0.0,0.0,0.0,52.55414130615825,16.688321816164603
7021-79740-0012_8455-210777-0020__T2__NORMAL__8455,8455,7021,5,0.0,0.0,0.0,0.0,0.0,0.0,0.0,0.0,50.468229113823966,23.67113703627361
7021-79740-0013_7127-75946-0006__T1__NORMAL__7021,7021,7127,13,0.0,0.0,0.0,0.0,0.0,0.0,0.0,0.0,50.33612302376803,17.824468128848444
7021-79740-0013_7127-75946-0006__T2__NORMAL__7127,7127,7021,13,0.0,0.0,0.0,0.0,0.0,0.0,0.0,0.0,55.21559761693,15.99118681878332
7021-79740-0014_2300-131720-0023__T1__NORMAL__7021,7021,2300,21,1.0,1.0,1.0,1.0,1.0,1.0,1.0,1.0,-54.24517699297574,-34.14593852814099
7021-79740-0014_2300-131720-0023__T2__NORMAL__2300,2300,7021,21,0.0,0.0,0.0,0.0,0.0,0.0,0.0,0.0,53.67201467506416,16.42015333454587
7021-79759-0000_672-122797-0065__T1__NORMAL__7021,7021,672,5,0.0,0.4,0.0,0.0,0.0,0.0,0.0,0.0,41.060680936292194,17.13939652604119
7021-79759-0000_672-122797-0065__T2__NORMAL__672,672,7021,5,0.0,0.0,0.0,0.0,0.0,0.0,0.0,0.0,49.49765859388448,14.613272464822286
7021-79759-0000_7729-102255-0016__T1__NORMAL__7021,7021,7729,8,0.0,0.0,0.0,0.0,0.0,0.0,0.0,0.0,56.167398475500605,15.78643793164562
7021-79759-0000_7729-102255-0016__T2__NORMAL__7729,7729,7021,8,0.0,0.125,0.0,0.0,0.0,0.0,0.0,0.0,49.37147463434879,20.636738155922743
7021-79759-0000_8230-279154-0018__T1__NORMAL__7021,7021,8230,8,0.0,0.0,0.0,0.0,0.0,0.0,0.0,0.0,53.38054370633956,13.826341258340804
7021-79759-0000_8230-279154-0018__T2__NORMAL__8230,8230,7021,8,0.0,0.0,0.0,0.0,0.0,0.0,0.0,0.0,48.60119434166732,19.72105020376315
7021-79759-0002_1188-133604-0039__T1__NORMAL__7021,7021,1188,9,0.0,0.0,0.0,0.0,0.0,0.0,0.0,0.0,46.618299877330706,18.599477438283007
7021-79759-0002_1188-133604-0039__T2__NORMAL__1188,1188,7021,9,0.0,0.0,0.0,0.0,0.0,0.0,0.0,0.0,56.137073959357394,15.306843169611572
7021-79759-0002_2830-3979-0011__T1__NORMAL__7021,7021,2830,9,0.0,0.0,0.0,0.0,0.0,0.0,0.0,0.0,50.46822765482736,16.412870120923166
7021-79759-0002_2830-3979-0011__T2__NORMAL__2830,2830,7021,9,0.0,0.1111111111111111,0.0,0.0,0.0,0.0,0.0,0.0,48.43357908110721,19.856470954217457
7021-79759-0003_260-123286-0022__T1__NORMAL__7021,7021,260,5,0.0,0.0,0.0,0.0,0.0,0.0,0.0,0.0,56.76656431789756,13.844966925208004
7021-79759-0003_260-123286-0022__T2__NORMAL__260,260,7021,5,0.0,0.0,0.0,0.0,0.0,0.0,0.0,0.0,61.83978906029481,19.83847254812848
7021-79759-0005_2094-142345-0049__T1__NORMAL__7021,7021,2094,11,0.0,0.09090909090909091,0.09090909090909091,0.0,0.09090909090909091,0.0,0.0,0.0,44.16740385913387,12.73270284013821
7021-79759-0005_2094-142345-0049__T2__NORMAL__2094,2094,7021,11,0.0,0.0,0.0,0.0,0.0,0.0,0.0,0.0,50.678561772293875,14.765251140853742
7021-79759-0005_61-70968-0041__T1__NORMAL__7021,7021,61,12,0.0,0.16666666666666666,0.0,0.0,0.0,0.0,0.0,0.0,52.48532159793664,15.197375434738928
7021-79759-0005_61-70968-0041__T2__NORMAL__61,61,7021,12,0.0,0.0,0.0,0.0,0.0,0.0,0.0,0.0,52.582789999636766,19.8556723225024
7021-85628-0000_672-122797-0031__T1__NORMAL__7021,7021,672,4,1.0,1.0,1.0,0.75,1.0,1.0,0.75,0.75,-16.107269229069722,-21.30253642577758
7021-85628-0000_672-122797-0031__T2__NORMAL__672,672,7021,4,0.25,0.0,0.0,0.0,0.0,0.0,0.0,0.0,23.594898181795894,5.148695136726
7021-85628-0001_1580-141084-0027__T1__NORMAL__7021,7021,1580,5,0.0,0.0,0.0,0.0,0.0,0.0,0.0,0.0,65.08146995652716,19.50955542213315
7021-85628-0001_1580-141084-0027__T2__NORMAL__1580,1580,7021,5,0.0,0.0,0.0,0.0,0.0,0.0,0.0,0.0,62.50621480610765,24.42255775476477
7021-85628-0001_5683-32866-0008__T1__NORMAL__7021,7021,5683,5,0.0,0.0,0.0,0.0,0.0,0.0,0.0,0.0,60.03366855990631,20.77387673648409
7021-85628-0001_5683-32866-0008__T2__NORMAL__5683,5683,7021,5,0.0,0.0,0.0,0.0,0.0,0.0,0.0,0.0,61.770251484480085,21.3688188689108
7021-85628-0002_8455-210777-0008__T1__NORMAL__7021,7021,8455,11,0.0,0.0,0.0,0.0,0.0,0.0,0.0,0.0,41.953744235593,8.688996999804333
7021-85628-0002_8455-210777-0008__T2__NORMAL__8455,8455,7021,11,0.0,0.0,0.0,0.0,0.0,0.0,0.0,0.0,49.1721105046853,13.498112041264896
7021-85628-0003_4992-23283-0011__T1__NORMAL__7021,7021,4992,7,0.0,0.0,0.0,0.0,0.0,0.0,0.0,0.0,58.15001218353033,15.475871715197949
7021-85628-0003_4992-23283-0011__T2__NORMAL__4992,4992,7021,7,0.0,0.0,0.0,0.0,0.0,0.0,0.0,0.0,65.58257084520365,19.866486855183112
7021-85628-0005_1089-134691-0001__T1__NORMAL__7021,7021,1089,9,0.0,0.0,0.0,0.0,0.0,0.0,0.0,0.0,56.343149820394075,21.666138424016857
7021-85628-0005_1089-134691-0001__T2__NORMAL__1089,1089,7021,9,0.0,0.0,0.0,0.0,0.0,0.0,0.0,0.0,49.856054434804754,16.134258181792084
7021-85628-0006_8555-284449-0013__T1__NORMAL__7021,7021,8555,6,0.0,0.0,0.0,0.0,0.0,0.0,0.0,0.0,63.714737340644554,23.31496836607239
7021-85628-0006_8555-284449-0013__T2__NORMAL__8555,8555,7021,6,0.0,0.0,0.0,0.0,0.0,0.0,0.0,0.0,65.74816727272497,20.78724234228546
7021-85628-0008_237-134500-0013__T1__NORMAL__7021,7021,237,13,0.0,0.0,0.0,0.0,0.0,0.0,0.0,0.0,62.583662596488736,22.710478386140743
7021-85628-0008_237-134500-0013__T2__NORMAL__237,237,7021,13,0.0,0.0,0.0,0.0,0.0,0.0,0.0,0.0,67.75514029583161,19.646009814600617
7021-85628-0008_5142-33396-0002__T1__NORMAL__7021,7021,5142,6,0.0,0.0,0.0,0.0,0.0,0.0,0.0,0.0,62.599738931764705,15.693128695775243
7021-85628-0008_5142-33396-0002__T2__NORMAL__5142,5142,7021,6,0.0,0.0,0.0,0.0,0.0,0.0,0.0,0.0,59.299378945948945,24.11839078772111
7021-85628-0009_4992-41797-0016__T1__NORMAL__7021,7021,4992,5,0.0,0.0,0.2,0.0,0.0,0.0,0.0,0.0,49.06401607542656,20.50151585488291
7021-85628-0009_4992-41797-0016__T2__NORMAL__4992,4992,7021,5,0.0,0.0,0.0,0.0,0.0,0.0,0.0,0.0,56.86195581603643,13.865956559343408
7021-85628-0010_5683-32865-0007__T1__NORMAL__7021,7021,5683,11,0.0,0.0,0.0,0.0,0.0,0.0,0.0,0.0,61.020151731578146,14.726095089248595
7021-85628-0010_5683-32865-0007__T2__NORMAL__5683,5683,7021,11,0.0,0.0,0.0,0.0,0.0,0.0,0.0,0.0,53.46524222558587,21.094041155790467
7021-85628-0012_7127-75947-0001__T1__NORMAL__7021,7021,7127,9,0.0,0.0,0.1111111111111111,0.0,0.0,0.0,0.0,0.0,52.129130895219355,21.79395974678291
7021-85628-0012_7127-75947-0001__T2__NORMAL__7127,7127,7021,9,0.0,0.0,0.0,0.0,0.0,0.0,0.0,0.0,54.983988026623436,16.335538452557504
7021-85628-0012_8455-210777-0004__T1__NORMAL__7021,7021,8455,9,0.0,0.0,0.1111111111111111,0.0,0.0,0.0,0.0,0.0,48.31106149694439,10.96015586313431
7021-85628-0012_8455-210777-0004__T2__NORMAL__8455,8455,7021,9,0.0,0.1111111111111111,0.0,0.0,0.0,0.0,0.0,0.0,51.808916141094144,19.33903654333016
7021-85628-0013_5683-32866-0007__T1__NORMAL__7021,7021,5683,7,0.0,0.0,0.0,0.0,0.0,0.0,0.0,0.0,56.59219991458377,22.6495183351412
7021-85628-0013_5683-32866-0007__T2__NORMAL__5683,5683,7021,7,0.0,0.0,0.0,0.0,0.0,0.0,0.0,0.0,62.27380864699193,22.875898372111426
7021-85628-0015_1284-134647-0006__T1__NORMAL__7021,7021,1284,19,0.0,0.0,0.0,0.0,0.0,0.0,0.0,0.0,49.69236640388578,14.17313950731626
7021-85628-0015_1284-134647-0006__T2__NORMAL__1284,1284,7021,19,0.0,0.05263157894736842,0.0,0.0,0.0,0.0,0.0,0.0,54.97165445001275,19.64444401842332
7021-85628-0015_4992-41797-0013__T1__NORMAL__7021,7021,4992,18,0.0,0.0,0.05555555555555555,0.0,0.0,0.0,0.0,0.0,54.35827737733963,16.45619306996466
7021-85628-0015_4992-41797-0013__T2__NORMAL__4992,4992,7021,18,0.0,0.1111111111111111,0.0,0.0,0.0,0.0,0.0,0.0,53.695827590041894,20.961461942658595
7021-85628-0015_61-70968-0035__T1__NORMAL__7021,7021,61,14,0.0,0.0,0.0,0.0,0.0,0.0,0.0,0.0,42.72582951152434,14.404932704789886
7021-85628-0015_61-70968-0035__T2__NORMAL__61,61,7021,14,0.0,0.0,0.0,0.0,0.0,0.0,0.0,0.0,46.49353269202074,13.533962690300497
7021-85628-0016_3729-6852-0039__T1__NORMAL__7021,7021,3729,7,0.0,0.0,0.0,0.0,0.0,0.0,0.0,0.0,55.54989983934599,16.701430150172712
7021-85628-0016_3729-6852-0039__T2__NORMAL__3729,3729,7021,7,0.0,0.0,0.0,0.0,0.0,0.0,0.0,0.0,63.22932864093123,16.394679910899114
7021-85628-0016_5683-32865-0005__T1__NORMAL__7021,7021,5683,7,0.0,0.0,0.0,0.0,0.0,0.0,0.0,0.0,61.066399722709505,18.80056665925791
7021-85628-0016_5683-32865-0005__T2__NORMAL__5683,5683,7021,7,0.0,0.0,0.0,0.0,0.0,0.0,0.0,0.0,50.31891174900881,18.63100834864387
7021-85628-0016_8555-284449-0002__T1__NORMAL__7021,7021,8555,7,0.0,0.0,0.0,0.0,0.0,0.0,0.0,0.0,62.72849619042432,23.23423623399829
7021-85628-0016_8555-284449-0002__T2__NORMAL__8555,8555,7021,7,0.0,0.0,0.0,0.0,0.0,0.0,0.0,0.0,68.55659193452787,20.20326682810141
7021-85628-0018_4507-16021-0039__T1__NORMAL__7021,7021,4507,15,0.0,0.06666666666666667,0.0,0.0,0.0,0.0,0.0,0.0,53.688161945913,14.825168306569685
7021-85628-0018_4507-16021-0039__T2__NORMAL__4507,4507,7021,15,0.0,0.0,0.13333333333333333,0.06666666666666667,0.0,0.0,0.0,0.0,48.90117903182982,19.298402715744736
7021-85628-0019_7729-102255-0033__T1__NORMAL__7021,7021,7729,5,0.0,0.0,0.0,0.0,0.0,0.0,0.0,0.0,44.80432493522831,16.336630217894836
7021-85628-0019_7729-102255-0033__T2__NORMAL__7729,7729,7021,5,0.0,0.0,0.0,0.0,0.0,0.0,0.0,0.0,54.36421410675739,16.008129843582466
7021-85628-0020_5142-33396-0046__T1__NORMAL__7021,7021,5142,6,0.0,0.0,0.0,0.0,0.0,0.0,0.0,0.0,71.7754631926414,21.880248955341763
7021-85628-0020_5142-33396-0046__T2__NORMAL__5142,5142,7021,6,0.0,0.0,0.0,0.0,0.0,0.0,0.0,0.0,72.60529717890309,25.01964825152956
7021-85628-0020_8463-287645-0011__T1__NORMAL__7021,7021,8463,11,0.0,0.0,0.0,0.0,0.0,0.0,0.0,0.0,58.74875626350485,15.622339900676495
7021-85628-0020_8463-287645-0011__T2__NORMAL__8463,8463,7021,11,0.0,0.0,0.09090909090909091,0.0,0.0,0.0,0.0,0.0,50.08115532411492,21.315117825663734
7021-85628-0022_2300-131720-0009__T1__NORMAL__7021,7021,2300,9,1.0,1.0,1.0,1.0,1.0,1.0,1.0,1.0,-47.18773066795756,-31.16375818333024
7021-85628-0022_2300-131720-0009__T2__NORMAL__2300,2300,7021,9,0.0,0.0,0.0,0.0,0.0,0.0,0.0,0.0,47.182719507661034,15.72775987169361
7021-85628-0022_2300-131720-0014__T1__NORMAL__7021,7021,2300,6,1.0,1.0,1.0,1.0,1.0,1.0,1.0,1.0,-45.99550170269715,-58.31897645298418
7021-85628-0022_2300-131720-0014__T2__NORMAL__2300,2300,7021,6,0.0,0.0,0.0,0.0,0.0,0.0,0.0,0.0,45.74313456956725,19.65466903047573
7021-85628-0022_61-70968-0001__T1__NORMAL__7021,7021,61,6,0.0,0.0,0.0,0.0,0.0,0.0,0.0,0.0,57.17856239007216,13.409166523297609
7021-85628-0022_61-70968-0001__T2__NORMAL__61,61,7021,6,0.0,0.0,0.16666666666666666,0.0,0.0,0.0,0.0,0.0,56.21603187006617,20.04102739351853
7127-75946-0002_1284-134647-0007__T1__NORMAL__7127,7127,1284,25,0.0,0.0,0.0,0.0,0.0,0.0,0.0,0.0,49.61746898606625,16.690739803837015
7127-75946-0002_1284-134647-0007__T2__NORMAL__1284,1284,7127,25,0.0,0.04,0.0,0.0,0.0,0.0,0.0,0.0,52.801292629031366,17.272772051160892
7127-75946-0003_3729-6852-0022__T1__NORMAL__7127,7127,3729,8,0.0,0.0,0.0,0.0,0.0,0.0,0.0,0.0,54.60855831548016,16.950828386288055
7127-75946-0003_3729-6852-0022__T2__NORMAL__3729,3729,7127,8,0.0,0.0,0.0,0.0,0.0,0.0,0.0,0.0,51.59319337199208,19.824171137269325
7127-75946-0004_2961-960-0013__T1__NORMAL__7127,7127,2961,7,0.0,0.0,0.14285714285714285,0.0,0.0,0.0,0.0,0.0,37.013451106863265,16.357123181608078
7127-75946-0004_2961-960-0013__T2__NORMAL__2961,2961,7127,7,0.0,0.0,0.0,0.0,0.0,0.0,0.0,0.0,45.3441446720048,9.393169786905112
7127-75946-0006_3570-5696-0008__T1__NORMAL__7127,7127,3570,13,0.0,0.0,0.0,0.0,0.0,0.0,0.0,0.0,51.04795944939007,19.40897327635517
7127-75946-0006_3570-5696-0008__T2__NORMAL__3570,3570,7127,13,0.0,0.0,0.0,0.0,0.0,0.0,0.0,0.0,57.531620657999255,13.349437463311222
7127-75946-0007_1580-141084-0034__T1__NORMAL__7127,7127,1580,7,0.0,0.0,0.0,0.0,0.0,0.0,0.0,0.0,57.276844289340666,18.792263745319687
7127-75946-0007_1580-141084-0034__T2__NORMAL__1580,1580,7127,7,0.0,0.0,0.0,0.0,0.0,0.0,0.0,0.0,59.695490800823066,19.0898470763386
7127-75946-0008_2300-131720-0002__T1__NORMAL__7127,7127,2300,7,0.0,0.0,0.0,0.0,0.0,0.0,0.0,0.0,58.53160586594929,21.413365956784965
7127-75946-0008_2300-131720-0002__T2__NORMAL__2300,2300,7127,7,0.0,0.0,0.0,0.0,0.0,0.0,0.0,0.0,59.18554626050866,16.41984139925147
7127-75946-0008_5142-33396-0020__T1__NORMAL__7127,7127,5142,5,0.0,0.0,0.0,0.0,0.0,0.0,0.0,0.0,70.62303909198127,19.965761429050485
7127-75946-0008_5142-33396-0020__T2__NORMAL__5142,5142,7127,5,0.0,0.2,0.0,0.0,0.0,0.0,0.0,0.0,60.043987028359005,20.79507060475152
7127-75946-0009_1089-134686-0019__T1__NORMAL__7127,7127,1089,8,0.0,0.0,0.0,0.0,0.0,0.0,0.0,0.0,65.32295613394852,25.233971261553688
7127-75946-0009_1089-134686-0019__T2__NORMAL__1089,1089,7127,8,0.0,0.0,0.0,0.0,0.0,0.0,0.0,0.0,60.5504125212277,19.255486089838023
7127-75946-0009_121-127105-0001__T1__NORMAL__7127,7127,121,8,0.0,0.0,0.0,0.0,0.0,0.0,0.0,0.0,47.874107679116904,9.352908334638292
7127-75946-0009_121-127105-0001__T2__NORMAL__121,121,7127,8,0.0,0.0,0.0,0.0,0.0,0.0,0.0,0.0,38.59630415890618,12.6008792704283
7127-75946-0009_1580-141083-0010__T1__NORMAL__7127,7127,1580,8,0.0,0.0,0.0,0.0,0.0,0.0,0.0,0.0,65.35290217752501,19.672697893776004
7127-75946-0009_1580-141083-0010__T2__NORMAL__1580,1580,7127,8,0.0,0.0,0.125,0.0,0.0,0.0,0.0,0.0,54.665577703733824,19.79654660943679
7127-75946-0010_260-123286-0030__T1__NORMAL__7127,7127,260,6,0.0,0.0,0.0,0.0,0.0,0.0,0.0,0.0,54.93275529103018,18.273818450226013
7127-75946-0010_260-123286-0030__T2__NORMAL__260,260,7127,6,0.0,0.0,0.0,0.0,0.0,0.0,0.0,0.0,55.73885312559376,16.70939442698331
7127-75946-0010_5639-40744-0029__T1__NORMAL__7127,7127,5639,6,0.0,0.0,0.0,0.0,0.0,0.0,0.0,0.0,55.760505244343214,17.473299499920486
7127-75946-0010_5639-40744-0029__T2__NORMAL__5639,5639,7127,6,0.0,0.0,0.0,0.0,0.0,0.0,0.0,0.0,44.99498836669801,17.868959932131606
7127-75946-0010_908-31957-0021__T1__NORMAL__7127,7127,908,6,0.0,0.0,0.0,0.0,0.0,0.0,0.0,0.0,49.87609412285105,17.154235948802842
7127-75946-0010_908-31957-0021__T2__NORMAL__908,908,7127,6,0.0,0.0,0.0,0.0,0.0,0.0,0.0,0.0,43.138677935703015,19.30601747404576
7127-75946-0015_1580-141083-0025__T1__NORMAL__7127,7127,1580,6,0.0,0.16666666666666666,0.0,0.0,0.0,0.0,0.0,0.0,52.66531008512664,18.36717137660952
7127-75946-0015_1580-141083-0025__T2__NORMAL__1580,1580,7127,6,0.0,0.0,0.0,0.0,0.0,0.0,0.0,0.0,52.699728215362825,17.41479259311501
7127-75946-0015_4446-2273-0035__T1__NORMAL__7127,7127,4446,11,0.0,0.0,0.0,0.0,0.0,0.0,0.0,0.0,55.00676293488819,18.873851967771675
7127-75946-0015_4446-2273-0035__T2__NORMAL__4446,4446,7127,11,0.0,0.09090909090909091,0.0,0.0,0.0,0.0,0.0,0.0,49.772605460242524,21.4167565571502
7127-75946-0016_1320-122617-0026__T1__NORMAL__7127,7127,1320,9,0.0,0.0,0.0,0.0,0.0,0.0,0.0,0.0,57.58214334679144,21.53031078941216
7127-75946-0016_1320-122617-0026__T2__NORMAL__1320,1320,7127,9,0.0,0.0,0.0,0.0,0.0,0.0,0.0,0.0,59.85831457320286,18.764025129576225
7127-75946-0016_5639-40744-0002__T1__NORMAL__7127,7127,5639,16,0.0,0.0,0.0,0.0,0.0,0.0,0.0,0.0,55.912985142094705,21.226954276347016
7127-75946-0016_5639-40744-0002__T2__NORMAL__5639,5639,7127,16,0.0,0.0625,0.0,0.0,0.0,0.0,0.0,0.0,54.79166679836119,16.2220444788175
7127-75946-0016_7176-92135-0006__T1__NORMAL__7127,7127,7176,14,0.0,0.0,0.0,0.0,0.0,0.0,0.0,0.0,55.69725797088789,21.49052496643216
7127-75946-0016_7176-92135-0006__T2__NORMAL__7176,7176,7127,14,0.0,0.0,0.0,0.0,0.0,0.0,0.0,0.0,60.44451183949019,17.735733752424796
7127-75946-0018_1580-141084-0041__T1__NORMAL__7127,7127,1580,14,0.0,0.0,0.0,0.0,0.0,0.0,0.0,0.0,60.751401415032,15.419883058356016
7127-75946-0018_1580-141084-0041__T2__NORMAL__1580,1580,7127,14,0.0,0.0,0.0,0.0,0.0,0.0,0.0,0.0,53.664431972927126,22.46056085216064
7127-75946-0018_7176-92135-0040__T1__NORMAL__7127,7127,7176,17,0.0,0.0,0.0,0.0,0.0,0.0,0.0,0.0,60.31040197651505,20.939322296142272
7127-75946-0018_7176-92135-0040__T2__NORMAL__7176,7176,7127,17,0.0,0.058823529411764705,0.0,0.0,0.0,0.0,0.0,0.0,60.5254590420053,19.42412685818743
7127-75946-0020_672-122797-0054__T1__NORMAL__7127,7127,672,7,0.0,0.0,0.0,0.0,0.0,0.0,0.0,0.0,45.18471734636289,15.81667572331657
7127-75946-0020_672-122797-0054__T2__NORMAL__672,672,7127,7,0.5714285714285714,0.2857142857142857,0.2857142857142857,0.42857142857142855,0.2857142857142857,0.2857142857142857,0.2857142857142857,0.2857142857142857,-0.3983528815761023,-6.547463396718046
7127-75946-0020_8455-210777-0037__T1__NORMAL__7127,7127,8455,8,0.0,0.0,0.0,0.0,0.0,0.0,0.0,0.0,44.35873773204281,17.73602335383109
7127-75946-0020_8455-210777-0037__T2__NORMAL__8455,8455,7127,8,0.0,0.0,0.0,0.0,0.0,0.0,0.0,0.0,43.28486894273397,16.03207723991906
7127-75946-0021_5639-40744-0024__T1__NORMAL__7127,7127,5639,5,0.0,0.2,0.0,0.0,0.0,0.0,0.0,0.0,51.57551199122473,18.810700926063483
7127-75946-0021_5639-40744-0024__T2__NORMAL__5639,5639,7127,5,0.0,0.0,0.0,0.0,0.0,0.0,0.0,0.0,48.399328943719425,20.12057417418967
7127-75946-0022_1995-1836-0003__T1__NORMAL__7127,7127,1995,14,0.0,0.0,0.0,0.0,0.0,0.0,0.0,0.0,59.9106100603526,20.86038678618397
7127-75946-0022_1995-1836-0003__T2__NORMAL__1995,1995,7127,14,0.0,0.0,0.07142857142857142,0.0,0.0,0.0,0.0,0.0,63.2686518656961,20.500107022935744
7127-75946-0022_5105-28240-0012__T1__NORMAL__7127,7127,5105,8,0.0,0.0,0.0,0.0,0.0,0.0,0.0,0.0,50.97682200777166,17.098872068170344
7127-75946-0022_5105-28240-0012__T2__NORMAL__5105,5105,7127,8,1.0,1.0,1.0,1.0,1.0,1.0,1.0,1.0,-48.958049349757744,-32.936534707756806
7127-75946-0022_8230-279154-0017__T1__NORMAL__7127,7127,8230,14,0.0,0.0,0.0,0.0,0.0,0.0,0.0,0.0,50.50797968480109,14.855629994066938
7127-75946-0022_8230-279154-0017__T2__NORMAL__8230,8230,7127,14,0.0,0.0,0.0,0.0,0.0,0.0,0.0,0.0,46.417040051930314,13.590680660402626
7127-75946-0023_1320-122612-0004__T1__NORMAL__7127,7127,1320,6,0.0,0.0,0.0,0.0,0.0,0.0,0.0,0.0,60.792786139198135,21.422095873798245
7127-75946-0023_1320-122612-0004__T2__NORMAL__1320,1320,7127,6,0.0,0.0,0.0,0.0,0.0,0.0,0.0,0.0,63.70053701674109,18.758922082925743
7127-75946-0023_7729-102255-0045__T1__NORMAL__7127,7127,7729,6,0.0,0.0,0.0,0.0,0.0,0.0,0.0,0.0,44.76697554815925,18.21160199112372
7127-75946-0023_7729-102255-0045__T2__NORMAL__7729,7729,7127,6,0.0,0.0,0.0,0.0,0.0,0.0,0.0,0.0,48.883241856415616,15.048291116655353
7127-75946-0024_3575-170457-0038__T1__NORMAL__7127,7127,3575,9,0.0,0.0,0.0,0.0,0.0,0.0,0.0,0.0,61.509159895283766,23.80671269408105
7127-75946-0024_3575-170457-0038__T2__NORMAL__3575,3575,7127,9,0.0,0.0,0.0,0.0,0.0,0.0,0.0,0.0,59.284337209217114,18.2035469061674
7127-75946-0025_2830-3980-0020__T1__NORMAL__7127,7127,2830,5,0.0,0.0,0.0,0.0,0.0,0.0,0.0,0.0,41.508438056991864,17.14502561369303
7127-75946-0025_2830-3980-0020__T2__NORMAL__2830,2830,7127,5,0.0,0.0,0.0,0.0,0.0,0.0,0.0,0.0,42.39235030576126,6.512683668298
7127-75946-0025_2961-960-0016__T1__NORMAL__7127,7127,2961,6,0.0,0.0,0.16666666666666666,0.0,0.0,0.0,0.0,0.0,47.58150446463221,19.02118798290693
7127-75946-0025_2961-960-0016__T2__NORMAL__2961,2961,7127,6,0.0,0.0,0.0,0.0,0.0,0.0,0.0,0.0,52.999054492790776,16.505284211720273
7127-75946-0025_7021-85628-0002__T1__NORMAL__7127,7127,7021,6,0.0,0.16666666666666666,0.16666666666666666,0.0,0.0,0.0,0.0,0.0,56.767751478129405,17.52632069917231
7127-75946-0025_7021-85628-0002__T2__NORMAL__7021,7021,7127,6,0.0,0.16666666666666666,0.0,0.0,0.0,0.0,0.0,0.0,49.60386530856525,17.470214297948708
7127-75946-0027_6930-76324-0011__T1__NORMAL__7127,7127,6930,17,0.0,0.058823529411764705,0.0,0.0,0.0,0.0,0.0,0.0,46.27763046461981,15.7429611643251
7127-75946-0027_6930-76324-0011__T2__NORMAL__6930,6930,7127,17,0.0,0.23529411764705882,0.0,0.0,0.0,0.0,0.0,0.0,45.8206030142405,17.954040532711424
7127-75946-0027_908-31957-0014__T1__NORMAL__7127,7127,908,14,0.0,0.07142857142857142,0.0,0.0,0.0,0.0,0.0,0.0,44.976533705464746,17.232521930249266
7127-75946-0027_908-31957-0014__T2__NORMAL__908,908,7127,14,0.0,0.0,0.0,0.0,0.0,0.0,0.0,0.0,38.800022436631494,15.401781338534942
7127-75946-0029_4992-23283-0009__T1__NORMAL__7127,7127,4992,15,0.0,0.2,0.0,0.2,0.0,0.0,0.0,0.0,38.83621514720192,18.38598081059504
7127-75946-0029_4992-23283-0009__T2__NORMAL__4992,4992,7127,15,0.0,0.13333333333333333,0.06666666666666667,0.0,0.0,0.0,0.0,0.0,53.1115493013777,13.71970698055098
7127-75946-0029_6829-68771-0011__T1__NORMAL__7127,7127,6829,10,0.0,0.0,0.0,0.0,0.0,0.0,0.0,0.0,55.72309243766043,15.967947688022004
7127-75946-0029_6829-68771-0011__T2__NORMAL__6829,6829,7127,10,0.0,0.1,0.0,0.0,0.0,0.0,0.0,0.0,54.95109306434904,20.45156310803456
7127-75947-0000_5683-32879-0009__T1__NORMAL__7127,7127,5683,9,0.0,0.0,0.0,0.0,0.0,0.0,0.0,0.0,60.24849201486786,16.043864012836202
7127-75947-0000_5683-32879-0009__T2__NORMAL__5683,5683,7127,9,0.0,0.0,0.0,0.0,0.0,0.0,0.0,0.0,51.4090235841696,19.75611270300468
7127-75947-0001_260-123286-0008__T1__NORMAL__7127,7127,260,6,0.0,0.0,0.0,0.0,0.0,0.0,0.0,0.0,55.15000905929261,17.922799675608047
7127-75947-0001_260-123286-0008__T2__NORMAL__260,260,7127,6,0.0,0.0,0.0,0.0,0.0,0.0,0.0,0.0,52.943575998485095,20.62835876380127
7127-75947-0001_61-70968-0041__T1__NORMAL__7127,7127,61,12,0.0,0.08333333333333333,0.0,0.0,0.0,0.0,0.0,0.0,62.73297587823524,20.55248514009838
7127-75947-0001_61-70968-0041__T2__NORMAL__61,61,7127,12,0.0,0.0,0.0,0.0,0.0,0.0,0.0,0.0,57.93646336589821,17.73105697422558
7127-75947-0001_7176-92135-0039__T1__NORMAL__7127,7127,7176,5,0.0,0.0,0.0,0.0,0.0,0.0,0.0,0.0,58.75822155543153,20.00942039778193
7127-75947-0001_7176-92135-0039__T2__NORMAL__7176,7176,7127,5,0.0,0.0,0.0,0.0,0.0,0.0,0.0,0.0,55.73503906592096,22.97739312436097
7127-75947-0002_1089-134686-0015__T1__NORMAL__7127,7127,1089,5,0.0,0.2,0.0,0.0,0.0,0.0,0.0,0.0,58.79803957520469,21.50857200032128
7127-75947-0002_1089-134686-0015__T2__NORMAL__1089,1089,7127,5,0.0,0.0,0.0,0.0,0.0,0.0,0.0,0.0,55.63961347573435,23.30215746165129
7127-75947-0002_4446-2271-0019__T1__NORMAL__7127,7127,4446,5,0.0,0.0,0.0,0.0,0.0,0.0,0.0,0.0,51.81884271382607,14.90219854831028
7127-75947-0002_4446-2271-0019__T2__NORMAL__4446,4446,7127,5,0.0,0.0,0.0,0.0,0.0,0.0,0.0,0.0,57.91855559960398,17.6153633840773
7127-75947-0002_5639-40744-0028__T1__NORMAL__7127,7127,5639,5,0.0,0.0,0.0,0.0,0.0,0.0,0.0,0.0,64.58750192016541,13.607964595277007
7127-75947-0002_5639-40744-0028__T2__NORMAL__5639,5639,7127,5,0.0,0.2,0.2,0.2,0.0,0.0,0.0,0.0,42.73672269071487,20.450163777992323
7127-75947-0003_4970-29095-0030__T1__NORMAL__7127,7127,4970,8,0.0,0.125,0.0,0.0,0.0,0.0,0.0,0.0,66.49898257840152,21.500362485567408
7127-75947-0003_4970-29095-0030__T2__NORMAL__4970,4970,7127,8,0.0,0.0,0.0,0.0,0.0,0.0,0.0,0.0,66.09230937671767,21.787034629128726
7127-75947-0006_1580-141084-0027__T1__NORMAL__7127,7127,1580,5,0.0,0.0,0.0,0.0,0.0,0.0,0.0,0.0,53.20260684479066,14.71272457177475
7127-75947-0006_1580-141084-0027__T2__NORMAL__1580,1580,7127,5,0.0,0.0,0.0,0.0,0.0,0.0,0.0,0.0,47.86098699568,20.86043201076968
7127-75947-0006_5142-36377-0025__T1__NORMAL__7127,7127,5142,5,0.0,0.0,0.0,0.0,0.0,0.0,0.0,0.0,60.53406157279005,22.296305640987608
7127-75947-0006_5142-36377-0025__T2__NORMAL__5142,5142,7127,5,0.0,0.0,0.0,0.0,0.0,0.0,0.0,0.0,59.35763684492135,21.85934434669377
7127-75947-0007_237-134500-0027__T1__NORMAL__7127,7127,237,5,0.0,0.0,0.0,0.0,0.0,0.0,0.0,0.0,67.32449284669173,17.52531801506037
7127-75947-0007_237-134500-0027__T2__NORMAL__237,237,7127,5,0.0,0.0,0.0,0.0,0.0,0.0,0.0,0.0,55.418157582315075,20.66383804523374
7127-75947-0007_5683-32866-0022__T1__NORMAL__7127,7127,5683,5,0.0,0.0,0.0,0.0,0.0,0.0,0.0,0.0,57.494657748912246,21.71731610394017
7127-75947-0007_5683-32866-0022__T2__NORMAL__5683,5683,7127,5,0.0,0.0,0.0,0.0,0.0,0.0,0.0,0.0,53.59310492290202,19.056845501387123
7127-75947-0011_1284-1181-0011__T1__NORMAL__7127,7127,1284,6,0.0,0.0,0.0,0.0,0.0,0.0,0.0,0.0,60.422317027763704,19.38190754608999
7127-75947-0011_1284-1181-0011__T2__NORMAL__1284,1284,7127,6,0.0,0.0,0.16666666666666666,0.0,0.0,0.0,0.0,0.0,59.18426573466869,19.601590610716304
7127-75947-0011_6930-75918-0004__T1__NORMAL__7127,7127,6930,6,0.0,0.0,0.0,0.0,0.0,0.0,0.0,0.0,50.84289053784746,17.523792720398944
7127-75947-0011_6930-75918-0004__T2__NORMAL__6930,6930,7127,6,0.0,0.0,0.0,0.0,0.0,0.0,0.0,0.0,60.42075116609195,17.52685847694736
7127-75947-0013_1320-122617-0039__T1__NORMAL__7127,7127,1320,8,0.0,0.125,0.0,0.0,0.0,0.0,0.0,0.0,63.08215028961531,22.405849663915514
7127-75947-0013_1320-122617-0039__T2__NORMAL__1320,1320,7127,8,0.0,0.0,0.0,0.0,0.0,0.0,0.0,0.0,61.64628495442828,20.471243925760945
7127-75947-0013_5639-40744-0017__T1__NORMAL__7127,7127,5639,9,0.0,0.1111111111111111,0.0,0.0,0.0,0.0,0.0,0.0,65.719194843542,17.65530099489186
7127-75947-0013_5639-40744-0017__T2__NORMAL__5639,5639,7127,9,0.0,0.0,0.0,0.0,0.0,0.0,0.0,0.0,61.50913284828169,23.658132105449543
7127-75947-0014_1580-141083-0002__T1__NORMAL__7127,7127,1580,11,0.0,0.09090909090909091,0.0,0.0,0.0,0.0,0.0,0.0,61.14545291757956,20.52797123720429
7127-75947-0014_1580-141083-0002__T2__NORMAL__1580,1580,7127,11,0.0,0.0,0.0,0.0,0.0,0.0,0.0,0.0,51.17698817639489,16.872692275711433
7127-75947-0015_2830-3980-0023__T1__NORMAL__7127,7127,2830,11,0.0,0.09090909090909091,0.09090909090909091,0.0,0.0,0.0,0.0,0.0,50.33687340920149,17.032515293500722
7127-75947-0015_2830-3980-0023__T2__NORMAL__2830,2830,7127,11,0.0,0.0,0.0,0.0,0.0,0.0,0.0,0.0,51.04055792116581,17.1721075063338
7127-75947-0015_3729-6852-0029__T1__NORMAL__7127,7127,3729,11,0.0,0.09090909090909091,0.09090909090909091,0.0,0.0,0.0,0.0,0.0,50.50787513053306,17.567889200690537
7127-75947-0015_3729-6852-0029__T2__NORMAL__3729,3729,7127,11,0.0,0.0,0.0,0.0,0.0,0.0,0.0,0.0,46.05423675446446,19.712366067791955
7127-75947-0015_4970-29093-0007__T1__NORMAL__7127,7127,4970,11,0.0,0.0,0.0,0.0,0.0,0.0,0.0,0.0,62.19021448392178,20.07643900622885
7127-75947-0015_4970-29093-0007__T2__NORMAL__4970,4970,7127,11,0.0,0.09090909090909091,0.0,0.0,0.0,0.0,0.0,0.0,57.326298793351356,21.1574765343188
7127-75947-0015_8555-284447-0003__T1__NORMAL__7127,7127,8555,7,0.0,0.14285714285714285,0.0,0.0,0.0,0.0,0.0,0.0,58.09058210099905,22.58776477296578
7127-75947-0015_8555-284447-0003__T2__NORMAL__8555,8555,7127,7,0.0,0.0,0.0,0.0,0.0,0.0,0.0,0.0,60.22071765375618,19.344045686580788
7127-75947-0016_4507-16021-0059__T1__NORMAL__7127,7127,4507,10,0.0,0.0,0.0,0.0,0.0,0.0,0.0,0.0,58.317303620906046,19.68158944158277
7127-75947-0016_4507-16021-0059__T2__NORMAL__4507,4507,7127,10,0.0,0.0,0.0,0.0,0.0,0.0,0.0,0.0,57.76320405371983,23.294714117532266
7127-75947-0016_7176-92135-0017__T1__NORMAL__7127,7127,7176,13,0.0,0.0,0.0,0.0,0.0,0.0,0.0,0.0,60.2948279174066,20.65990903405271
7127-75947-0016_7176-92135-0017__T2__NORMAL__7176,7176,7127,13,0.0,0.0,0.07692307692307693,0.0,0.0,0.0,0.0,0.0,62.09469809510113,21.02229988070299
7127-75947-0018_1580-141084-0015__T1__NORMAL__7127,7127,1580,5,0.0,0.0,0.2,0.0,0.0,0.0,0.0,0.0,61.23417865847637,20.631268624229104
7127-75947-0018_1580-141084-0015__T2__NORMAL__1580,1580,7127,5,0.0,0.0,0.0,0.0,0.0,0.0,0.0,0.0,61.79373485297881,18.400911333374715
7127-75947-0018_3575-170457-0035__T1__NORMAL__7127,7127,3575,7,0.0,0.0,0.0,0.0,0.0,0.0,0.0,0.0,50.65126742541495,20.87312874092386
7127-75947-0018_3575-170457-0035__T2__NORMAL__3575,3575,7127,7,0.0,0.0,0.0,0.0,0.0,0.0,0.0,0.0,55.26620038404657,19.05720792551555
7127-75947-0018_5105-28240-0016__T1__NORMAL__7127,7127,5105,7,0.0,0.14285714285714285,0.0,0.0,0.0,0.0,0.0,0.0,45.77936177056576,15.579706500499933
7127-75947-0018_5105-28240-0016__T2__NORMAL__5105,5105,7127,7,1.0,0.8571428571428571,1.0,1.0,0.8571428571428571,0.8571428571428571,0.8571428571428571,0.8571428571428571,-45.73526692528096,-30.001461680471568
7127-75947-0018_5142-36377-0002__T1__NORMAL__7127,7127,5142,7,0.0,0.0,0.0,0.0,0.0,0.0,0.0,0.0,52.23448763357009,19.66436036791853
7127-75947-0018_5142-36377-0002__T2__NORMAL__5142,5142,7127,7,0.0,0.0,0.0,0.0,0.0,0.0,0.0,0.0,53.587033772565135,20.70044903808526
7127-75947-0019_1089-134691-0018__T1__NORMAL__7127,7127,1089,5,0.0,0.2,0.0,0.0,0.0,0.0,0.0,0.0,68.78947930765952,22.58830108494779
7127-75947-0019_1089-134691-0018__T2__NORMAL__1089,1089,7127,5,0.0,0.0,0.0,0.0,0.0,0.0,0.0,0.0,67.8242863673477,26.652114266506786
7127-75947-0019_1284-1180-0015__T1__NORMAL__7127,7127,1284,5,0.0,0.0,0.0,0.0,0.0,0.0,0.0,0.0,52.43527102376538,19.507206892979035
7127-75947-0019_1284-1180-0015__T2__NORMAL__1284,1284,7127,5,0.0,0.0,0.0,0.0,0.0,0.0,0.0,0.0,50.55334489867383,20.27492151707753
7127-75947-0019_6930-76324-0000__T1__NORMAL__7127,7127,6930,4,0.0,0.25,0.0,0.0,0.0,0.0,0.0,0.0,38.270230849649195,7.99811393784129
7127-75947-0019_6930-76324-0000__T2__NORMAL__6930,6930,7127,4,0.0,0.0,0.25,0.0,0.0,0.0,0.0,0.0,35.978609575853106,16.615431730500223
7127-75947-0019_8463-294825-0003__T1__NORMAL__7127,7127,8463,5,0.0,0.0,0.0,0.0,0.0,0.0,0.0,0.0,61.68542399810794,24.463252156353608
7127-75947-0019_8463-294825-0003__T2__NORMAL__8463,8463,7127,5,1.0,1.0,1.0,1.0,1.0,1.0,1.0,1.0,-58.85162426727267,-46.03885476682137
7127-75947-0021_2830-3980-0004__T1__NORMAL__7127,7127,2830,6,0.0,0.0,0.0,0.0,0.0,0.0,0.0,0.0,50.33755401843627,17.599441873224528
7127-75947-0021_2830-3980-0004__T2__NORMAL__2830,2830,7127,6,0.0,0.0,0.0,0.0,0.0,0.0,0.0,0.0,51.704821212107326,18.418286847599983
7127-75947-0021_4507-16021-0048__T1__NORMAL__7127,7127,4507,6,0.0,0.0,0.0,0.0,0.0,0.0,0.0,0.0,55.30673884299847,20.657652680945752
7127-75947-0021_4507-16021-0048__T2__NORMAL__4507,4507,7127,6,0.0,0.0,0.0,0.0,0.0,0.0,0.0,0.0,56.932324905892166,16.48130476819843
7127-75947-0022_1284-1181-0005__T1__NORMAL__7127,7127,1284,6,0.0,0.0,0.0,0.0,0.0,0.0,0.0,0.0,44.206276750659576,17.66930753050001
7127-75947-0022_1284-1181-0005__T2__NORMAL__1284,1284,7127,6,0.0,0.0,0.0,0.0,0.0,0.0,0.0,0.0,57.05241412952381,20.24358917507774
7127-75947-0023_4077-13754-0007__T1__NORMAL__7127,7127,4077,9,0.0,0.1111111111111111,0.0,0.0,0.0,0.0,0.0,0.0,37.28711041685958,4.740256861469365
7127-75947-0023_4077-13754-0007__T2__NORMAL__4077,4077,7127,9,0.0,0.0,0.0,0.0,0.0,0.0,0.0,0.0,50.212481190420725,18.364321159460346
7127-75947-0024_1089-134686-0026__T1__NORMAL__7127,7127,1089,7,0.0,0.0,0.0,0.0,0.0,0.0,0.0,0.0,59.1145156829146,23.90189482992201
7127-75947-0024_1089-134686-0026__T2__NORMAL__1089,1089,7127,7,0.0,0.0,0.0,0.0,0.0,0.0,0.0,0.0,55.42427932328771,20.2902603319973
7127-75947-0025_3575-170457-0039__T1__NORMAL__7127,7127,3575,10,0.0,0.2,0.0,0.0,0.0,0.0,0.0,0.0,56.04471500916583,16.891962031775776
7127-75947-0025_3575-170457-0039__T2__NORMAL__3575,3575,7127,10,0.0,0.1,0.0,0.0,0.0,0.0,0.0,0.0,55.07066992015858,21.987044843657515
7127-75947-0025_4970-29095-0022__T1__NORMAL__7127,7127,4970,8,0.0,0.125,0.0,0.0,0.0,0.0,0.0,0.0,54.086691528121385,19.79100716043829
7127-75947-0025_4970-29095-0022__T2__NORMAL__4970,4970,7127,8,0.0,0.0,0.0,0.0,0.0,0.0,0.0,0.0,50.07724253766227,17.773936699910372
7127-75947-0027_260-123440-0016__T1__NORMAL__7127,7127,260,8,0.0,0.125,0.0,0.0,0.0,0.0,0.0,0.0,55.94099844395975,22.515076875183148
7127-75947-0027_260-123440-0016__T2__NORMAL__260,260,7127,8,0.0,0.0,0.0,0.0,0.0,0.0,0.0,0.0,65.04420700710963,17.072838291671637
7127-75947-0027_3575-170457-0053__T1__NORMAL__7127,7127,3575,15,0.0,0.13333333333333333,0.0,0.0,0.0,0.0,0.0,0.0,56.77811948659429,22.620107486618394
7127-75947-0027_3575-170457-0053__T2__NORMAL__3575,3575,7127,15,0.0,0.0,0.0,0.0,0.0,0.0,0.0,0.0,55.062916281711665,18.366872332050363
7127-75947-0028_2300-131720-0014__T1__NORMAL__7127,7127,2300,6,0.0,0.0,0.0,0.0,0.0,0.0,0.0,0.0,51.10087551569015,16.465130052429206
7127-75947-0028_2300-131720-0014__T2__NORMAL__2300,2300,7127,6,0.0,0.0,0.0,0.0,0.0,0.0,0.0,0.0,51.84260595860957,20.839697348416017
7127-75947-0028_61-70968-0001__T1__NORMAL__7127,7127,61,6,0.0,0.0,0.16666666666666666,0.0,0.0,0.0,0.0,0.0,51.73411754786256,16.97246510935344
7127-75947-0028_61-70968-0001__T2__NORMAL__61,61,7127,6,0.0,0.0,0.0,0.0,0.0,0.0,0.0,0.0,50.184211004060394,18.39088448927924
7127-75947-0029_3570-5694-0022__T1__NORMAL__7127,7127,3570,7,0.0,0.14285714285714285,0.0,0.0,0.0,0.0,0.0,0.0,50.45203923729793,19.244037131903827
7127-75947-0029_3570-5694-0022__T2__NORMAL__3570,3570,7127,7,0.0,0.0,0.0,0.0,0.0,0.0,0.0,0.0,49.64760527070563,13.934269162247528
7127-75947-0029_3570-5695-0014__T1__NORMAL__7127,7127,3570,9,0.0,0.2222222222222222,0.0,0.0,0.0,0.0,0.0,0.0,64.88093408301194,23.26709209407631
7127-75947-0029_3570-5695-0014__T2__NORMAL__3570,3570,7127,9,0.0,0.0,0.0,0.0,0.0,0.0,0.0,0.0,69.53852377813149,21.72281761557777
7127-75947-0029_6829-68769-0036__T1__NORMAL__7127,7127,6829,9,0.0,0.0,0.0,0.0,0.0,0.0,0.0,0.0,57.445015927577145,22.31011491891732
7127-75947-0029_6829-68769-0036__T2__NORMAL__6829,6829,7127,9,0.0,0.1111111111111111,0.0,0.0,0.0,0.0,0.0,0.0,60.39598059571535,19.18312725161932
7127-75947-0032_1188-133604-0010__T1__NORMAL__7127,7127,1188,7,0.0,0.14285714285714285,0.0,0.0,0.0,0.0,0.0,0.0,61.4242225502129,22.310115097819263
7127-75947-0032_1188-133604-0010__T2__NORMAL__1188,1188,7127,7,0.0,0.0,0.0,0.0,0.0,0.0,0.0,0.0,66.73814809829236,18.211339118057868
7127-75947-0032_6829-68769-0008__T1__NORMAL__7127,7127,6829,7,0.0,0.14285714285714285,0.0,0.0,0.0,0.0,0.0,0.0,47.34776620987809,21.15141527050292
7127-75947-0032_6829-68769-0008__T2__NORMAL__6829,6829,7127,7,0.0,0.0,0.0,0.0,0.0,0.0,0.0,0.0,48.855712888614725,16.073080715218637
7127-75947-0033_1089-134691-0007__T1__NORMAL__7127,7127,1089,5,0.0,0.0,0.0,0.0,0.0,0.0,0.0,0.0,55.64803122437473,19.41128387105364
7127-75947-0033_1089-134691-0007__T2__NORMAL__1089,1089,7127,5,0.0,0.0,0.0,0.0,0.0,0.0,0.0,0.0,53.60613219679989,22.844090053301493
7127-75947-0033_908-157963-0030__T1__NORMAL__7127,7127,908,8,0.0,0.0,0.0,0.0,0.0,0.0,0.0,0.0,44.37524300312624,19.850373402072865
7127-75947-0033_908-157963-0030__T2__NORMAL__908,908,7127,8,0.0,0.125,0.0,0.0,0.0,0.0,0.0,0.0,53.75100144400128,16.423596076220754
7127-75947-0035_1320-122617-0031__T1__NORMAL__7127,7127,1320,7,0.0,0.0,0.0,0.0,0.0,0.0,0.0,0.0,69.18913083773121,20.04603865145111
7127-75947-0035_1320-122617-0031__T2__NORMAL__1320,1320,7127,7,0.0,0.0,0.14285714285714285,0.0,0.0,0.0,0.0,0.0,66.45169746673214,21.22434083839133
7127-75947-0035_1580-141084-0021__T1__NORMAL__7127,7127,1580,7,0.0,0.14285714285714285,0.14285714285714285,0.0,0.14285714285714285,0.0,0.0,0.0,58.79236050626853,24.60848831970473
7127-75947-0035_1580-141084-0021__T2__NORMAL__1580,1580,7127,7,0.0,0.0,0.0,0.0,0.0,0.0,0.0,0.0,57.265698760040884,18.310403734573192
7127-75947-0038_8463-294828-0016__T1__NORMAL__7127,7127,8463,5,0.0,0.2,0.0,0.0,0.0,0.0,0.0,0.0,56.28863808879705,17.288812148132696
7127-75947-0038_8463-294828-0016__T2__NORMAL__8463,8463,7127,5,1.0,0.8,1.0,1.0,0.8,0.8,0.8,0.8,-56.54157066931098,-39.86950541666565
7127-75947-0039_1580-141084-0008__T1__NORMAL__7127,7127,1580,12,0.0,0.0,0.0,0.0,0.0,0.0,0.0,0.0,59.756566298707014,15.254942263827278
7127-75947-0039_1580-141084-0008__T2__NORMAL__1580,1580,7127,12,0.0,0.0,0.0,0.0,0.0,0.0,0.0,0.0,52.93174792143339,23.23727530524017
7127-75947-0039_3570-5694-0006__T1__NORMAL__7127,7127,3570,19,0.0,0.10526315789473684,0.05263157894736842,0.0,0.0,0.0,0.0,0.0,61.01316034538046,22.91323149770362
7127-75947-0039_3570-5694-0006__T2__NORMAL__3570,3570,7127,19,0.0,0.0,0.0,0.0,0.0,0.0,0.0,0.0,62.75053452775742,20.23387581424864
7127-75947-0039_7021-79740-0000__T1__NORMAL__7127,7127,7021,19,0.0,0.05263157894736842,0.0,0.0,0.0,0.0,0.0,0.0,58.923593409737,18.18122130911153
7127-75947-0039_7021-79740-0000__T2__NORMAL__7021,7021,7127,19,0.0,0.05263157894736842,0.10526315789473684,0.0,0.0,0.0,0.0,0.0,60.30918178539551,21.790334881745068
7127-75947-0040_237-126133-0002__T1__NORMAL__7127,7127,237,16,0.0,0.0625,0.0,0.0,0.0,0.0,0.0,0.0,62.715473157951585,18.57951349617086
7127-75947-0040_237-126133-0002__T2__NORMAL__237,237,7127,16,0.0,0.0,0.0,0.0,0.0,0.0,0.0,0.0,63.70419010119716,24.06366445293444
7176-88083-0000_1089-134686-0009__T1__NORMAL__7176,7176,1089,10,0.0,0.0,0.0,0.0,0.0,0.0,0.0,0.0,53.217747009918675,21.76937043793459
7176-88083-0000_1089-134686-0009__T2__NORMAL__1089,1089,7176,10,0.0,0.1,0.1,0.0,0.0,0.0,0.0,0.0,56.70098389172689,21.354183543293
7176-88083-0000_4077-13754-0000__T1__NORMAL__7176,7176,4077,8,0.0,0.0,0.0,0.0,0.0,0.0,0.0,0.0,57.032211916748786,17.63281636567473
7176-88083-0000_4077-13754-0000__T2__NORMAL__4077,4077,7176,8,0.0,0.0,0.0,0.0,0.0,0.0,0.0,0.0,55.3274192329976,22.61067635210605
7176-88083-0000_61-70970-0022__T1__NORMAL__7176,7176,61,6,0.0,0.0,0.0,0.0,0.0,0.0,0.0,0.0,45.30944543014571,17.691707907734784
7176-88083-0000_61-70970-0022__T2__NORMAL__61,61,7176,6,0.0,0.0,0.0,0.0,0.0,0.0,0.0,0.0,43.44134967834128,15.928044723384447
7176-88083-0001_1221-135767-0009__T1__NORMAL__7176,7176,1221,25,0.0,0.08,0.0,0.0,0.0,0.0,0.0,0.0,50.782142004025765,19.762977783071964
7176-88083-0001_1221-135767-0009__T2__NORMAL__1221,1221,7176,25,0.0,0.0,0.0,0.0,0.0,0.0,0.0,0.0,56.49180605721579,16.77171891059617
7176-88083-0002_1221-135767-0019__T1__NORMAL__7176,7176,1221,6,0.0,0.0,0.16666666666666666,0.0,0.0,0.0,0.0,0.0,71.09657997908272,19.03841663646637
7176-88083-0002_1221-135767-0019__T2__NORMAL__1221,1221,7176,6,0.0,0.0,0.0,0.0,0.0,0.0,0.0,0.0,65.27469085109293,23.94552127397381
7176-88083-0002_8455-210777-0023__T1__NORMAL__7176,7176,8455,8,0.0,0.125,0.125,0.0,0.0,0.0,0.0,0.0,53.666179653361425,21.58213700548106
7176-88083-0002_8455-210777-0023__T2__NORMAL__8455,8455,7176,8,0.0,0.0,0.0,0.0,0.0,0.0,0.0,0.0,55.86260936218201,18.38824128919032
7176-88083-0003_1089-134686-0012__T1__NORMAL__7176,7176,1089,14,0.0,0.0,0.0,0.0,0.0,0.0,0.0,0.0,56.74638224625255,25.34120733697237
7176-88083-0003_1089-134686-0012__T2__NORMAL__1089,1089,7176,14,0.0,0.14285714285714285,0.0,0.0,0.0,0.0,0.0,0.0,56.24992049415242,19.202989460846748
7176-88083-0003_4507-16021-0057__T1__NORMAL__7176,7176,4507,8,0.0,0.0,0.0,0.0,0.0,0.0,0.0,0.0,58.891714106359274,16.389685573246616
7176-88083-0003_4507-16021-0057__T2__NORMAL__4507,4507,7176,8,0.0,0.0,0.0,0.0,0.0,0.0,0.0,0.0,56.9681531219514,17.219179875490237
7176-88083-0003_8230-279154-0010__T1__NORMAL__7176,7176,8230,14,0.0,0.0,0.0,0.0,0.0,0.0,0.0,0.0,60.913625082540555,23.38068258824952
7176-88083-0003_8230-279154-0010__T2__NORMAL__8230,8230,7176,14,0.0,0.0,0.0,0.0,0.0,0.0,0.0,0.0,54.271093224939214,18.63989884449068
7176-88083-0005_672-122797-0022__T1__NORMAL__7176,7176,672,8,0.125,0.375,0.0,0.25,0.0,0.0,0.0,0.0,20.460744976975427,-0.0553860734384337
7176-88083-0005_672-122797-0022__T2__NORMAL__672,672,7176,8,0.0,0.0,0.0,0.0,0.0,0.0,0.0,0.0,43.0571977235879,16.397905277477008
7176-88083-0006_672-122797-0071__T1__NORMAL__7176,7176,672,7,0.0,0.5714285714285714,0.0,0.0,0.0,0.0,0.0,0.0,53.04047515607848,16.62896271542819
7176-88083-0006_672-122797-0071__T2__NORMAL__672,672,7176,7,0.0,0.14285714285714285,0.0,0.0,0.0,0.0,0.0,0.0,59.10033366896501,17.706736177976374
7176-88083-0008_2830-3980-0048__T1__NORMAL__7176,7176,2830,5,0.0,0.0,0.0,0.0,0.0,0.0,0.0,0.0,47.61257448776557,14.92383069444534
7176-88083-0008_2830-3980-0048__T2__NORMAL__2830,2830,7176,5,0.0,0.0,0.0,0.0,0.0,0.0,0.0,0.0,61.876965645175744,16.287710961246717
7176-88083-0009_5105-28241-0002__T1__NORMAL__7176,7176,5105,7,0.0,0.0,0.0,0.0,0.0,0.0,0.0,0.0,55.395756399141064,22.04890477614332
7176-88083-0009_5105-28241-0002__T2__NORMAL__5105,5105,7176,7,0.0,0.0,0.14285714285714285,0.0,0.0,0.0,0.0,0.0,52.9920084185228,24.00141349307893
7176-88083-0010_121-127105-0022__T1__NORMAL__7176,7176,121,9,0.0,0.0,0.0,0.0,0.0,0.0,0.0,0.0,54.84841105828612,15.218347548829108
7176-88083-0010_121-127105-0022__T2__NORMAL__121,121,7176,9,0.0,0.1111111111111111,0.0,0.0,0.0,0.0,0.0,0.0,54.79823285217501,23.042615177537343
7176-88083-0010_8455-210777-0028__T1__NORMAL__7176,7176,8455,11,0.0,0.0,0.0,0.0,0.0,0.0,0.0,0.0,44.58082292423697,16.299741295980795
7176-88083-0010_8455-210777-0028__T2__NORMAL__8455,8455,7176,11,0.0,0.09090909090909091,0.0,0.0,0.0,0.0,0.0,0.0,48.606629978351656,19.590093056382376
7176-88083-0010_8455-210777-0065__T1__NORMAL__7176,7176,8455,6,0.0,0.0,0.0,0.0,0.0,0.0,0.0,0.0,36.760048324307405,16.072935868005064
7176-88083-0010_8455-210777-0065__T2__NORMAL__8455,8455,7176,6,0.0,0.0,0.0,0.0,0.0,0.0,0.0,0.0,48.485952932899814,18.45000228738037
7176-88083-0012_121-121726-0011__T1__NORMAL__7176,7176,121,7,0.0,0.0,0.0,0.0,0.0,0.0,0.0,0.0,54.94763520079281,19.4136027824948
7176-88083-0012_121-121726-0011__T2__NORMAL__121,121,7176,7,0.0,0.0,0.0,0.0,0.0,0.0,0.0,0.0,59.47172089568614,27.372147575575905
7176-88083-0013_672-122797-0058__T1__NORMAL__7176,7176,672,7,0.0,0.0,0.0,0.0,0.0,0.0,0.0,0.0,47.084155919056535,12.65760214487844
7176-88083-0013_672-122797-0058__T2__NORMAL__672,672,7176,7,0.0,0.0,0.0,0.0,0.0,0.0,0.0,0.0,37.92301521499629,17.12311055163537
7176-88083-0016_121-127105-0013__T1__NORMAL__7176,7176,121,6,0.0,0.0,0.0,0.0,0.0,0.0,0.0,0.0,51.532561132668256,19.322638023767613
7176-88083-0016_121-127105-0013__T2__NORMAL__121,121,7176,6,0.0,0.0,0.0,0.0,0.0,0.0,0.0,0.0,56.27899501979553,16.872431075227915
7176-88083-0016_5639-40744-0019__T1__NORMAL__7176,7176,5639,6,0.0,0.0,0.0,0.0,0.0,0.0,0.0,0.0,46.72918562282828,15.413872820826136
7176-88083-0016_5639-40744-0019__T2__NORMAL__5639,5639,7176,6,0.0,0.0,0.0,0.0,0.0,0.0,0.0,0.0,46.58900202525124,21.048888563312072
7176-88083-0017_2094-142345-0025__T1__NORMAL__7176,7176,2094,6,0.0,0.0,0.0,0.0,0.0,0.0,0.0,0.0,35.266322577515005,11.435688738482112
7176-88083-0017_2094-142345-0025__T2__NORMAL__2094,2094,7176,6,0.0,0.0,0.0,0.0,0.0,0.0,0.0,0.0,52.70163942563915,15.568801129085688
7176-88083-0017_4446-2271-0004__T1__NORMAL__7176,7176,4446,6,0.0,0.0,0.0,0.0,0.0,0.0,0.0,0.0,48.59577881647363,17.729582406195394
7176-88083-0017_4446-2271-0004__T2__NORMAL__4446,4446,7176,6,0.0,0.0,0.0,0.0,0.0,0.0,0.0,0.0,51.30832424067867,15.409744650162866
7176-88083-0017_4992-41806-0003__T1__NORMAL__7176,7176,4992,6,0.0,0.0,0.0,0.0,0.0,0.0,0.0,0.0,51.34309431110094,18.827321476416863
7176-88083-0017_4992-41806-0003__T2__NORMAL__4992,4992,7176,6,0.0,0.0,0.0,0.0,0.0,0.0,0.0,0.0,54.81427294338855,16.17389846014689
7176-88083-0018_2830-3980-0052__T1__NORMAL__7176,7176,2830,8,0.0,0.0,0.0,0.0,0.0,0.0,0.0,0.0,38.29474434065362,14.637334637142043
7176-88083-0018_2830-3980-0052__T2__NORMAL__2830,2830,7176,8,0.0,0.0,0.0,0.0,0.0,0.0,0.0,0.0,44.72867227703952,12.837777586718232
7176-88083-0019_2830-3980-0037__T1__NORMAL__7176,7176,2830,10,0.0,0.0,0.0,0.0,0.0,0.0,0.0,0.0,49.532349776149275,12.076084477500304
7176-88083-0019_2830-3980-0037__T2__NORMAL__2830,2830,7176,10,0.0,0.1,0.0,0.0,0.0,0.0,0.0,0.0,54.65536936126783,19.97865530529677
7176-88083-0019_5142-36377-0000__T1__NORMAL__7176,7176,5142,5,0.0,0.4,0.0,0.0,0.0,0.0,0.0,0.0,71.33115563589755,17.948075931721785
7176-88083-0019_5142-36377-0000__T2__NORMAL__5142,5142,7176,5,0.0,0.0,0.0,0.0,0.0,0.0,0.0,0.0,60.01641274540314,22.16687699992489
7176-88083-0019_61-70968-0019__T1__NORMAL__7176,7176,61,9,0.0,0.2222222222222222,0.0,0.0,0.0,0.0,0.0,0.0,47.91528106334724,14.899563366066108
7176-88083-0019_61-70968-0019__T2__NORMAL__61,61,7176,9,0.0,0.0,0.0,0.0,0.0,0.0,0.0,0.0,47.516534759901916,19.989717914795506
7176-88083-0020_5683-32879-0003__T1__NORMAL__7176,7176,5683,9,0.0,0.1111111111111111,0.0,0.0,0.0,0.0,0.0,0.0,52.61553958134716,19.14100584712681
7176-88083-0020_5683-32879-0003__T2__NORMAL__5683,5683,7176,9,0.0,0.0,0.0,0.0,0.0,0.0,0.0,0.0,51.520197258353306,19.135994349700024
7176-88083-0021_1320-122612-0014__T1__NORMAL__7176,7176,1320,6,0.0,0.0,0.16666666666666666,0.0,0.0,0.0,0.0,0.0,55.31512141040105,21.151415813793164
7176-88083-0021_1320-122612-0014__T2__NORMAL__1320,1320,7176,6,0.0,0.0,0.0,0.0,0.0,0.0,0.0,0.0,57.244082621312515,23.24609403241949
7176-88083-0022_908-31957-0001__T1__NORMAL__7176,7176,908,17,0.0,0.058823529411764705,0.0,0.0,0.0,0.0,0.0,0.0,49.05567926879356,16.053386473051688
7176-88083-0022_908-31957-0001__T2__NORMAL__908,908,7176,17,0.0,0.0,0.0,0.0,0.0,0.0,0.0,0.0,47.19641107460429,20.202588664417696
7176-88083-0023_2300-131720-0040__T1__NORMAL__7176,7176,2300,9,0.0,0.0,0.0,0.0,0.0,0.0,0.0,0.0,38.38489026212563,14.252269991964427
7176-88083-0023_2300-131720-0040__T2__NORMAL__2300,2300,7176,9,0.0,0.0,0.0,0.0,0.0,0.0,0.0,0.0,53.338375459855115,16.828674915559453
7176-88083-0023_7127-75946-0022__T1__NORMAL__7176,7176,7127,18,0.0,0.0,0.0,0.0,0.0,0.0,0.0,0.0,52.07072376924452,17.34713665122252
7176-88083-0023_7127-75946-0022__T2__NORMAL__7127,7127,7176,18,0.0,0.0,0.05555555555555555,0.0,0.0,0.0,0.0,0.0,54.154778274324755,17.714788315725578
7176-88083-0025_1089-134686-0033__T1__NORMAL__7176,7176,1089,5,0.0,0.0,0.0,0.0,0.0,0.0,0.0,0.0,63.779372652325364,20.480637708245588
7176-88083-0025_1089-134686-0033__T2__NORMAL__1089,1089,7176,5,0.0,0.0,0.0,0.0,0.0,0.0,0.0,0.0,62.74926671333088,24.27925494333372
7176-88083-0026_121-127105-0003__T1__NORMAL__7176,7176,121,10,0.0,0.0,0.0,0.0,0.0,0.0,0.0,0.0,55.62438068923217,18.707601461537447
7176-88083-0026_121-127105-0003__T2__NORMAL__121,121,7176,10,0.0,0.0,0.0,0.0,0.0,0.0,0.0,0.0,51.78847771136323,22.213456867106565
7176-92135-0002_8555-284449-0020__T1__NORMAL__7176,7176,8555,5,0.0,0.0,0.0,0.0,0.0,0.0,0.0,0.0,58.00330989503918,21.32869310492764
7176-92135-0002_8555-284449-0020__T2__NORMAL__8555,8555,7176,5,0.0,0.0,0.0,0.0,0.0,0.0,0.0,0.0,63.132921877104025,19.01820422816164
7176-92135-0005_3570-5694-0004__T1__NORMAL__7176,7176,3570,9,0.0,0.0,0.0,0.0,0.0,0.0,0.0,0.0,57.0402129644757,21.591667495370544
7176-92135-0005_3570-5694-0004__T2__NORMAL__3570,3570,7176,9,0.0,0.0,0.0,0.0,0.0,0.0,0.0,0.0,50.57276778411427,22.0727735544208
7176-92135-0009_5142-36377-0000__T1__NORMAL__7176,7176,5142,5,0.0,0.0,0.0,0.0,0.0,0.0,0.0,0.0,57.68351317456238,16.36706316705934
7176-92135-0009_5142-36377-0000__T2__NORMAL__5142,5142,7176,5,0.0,0.0,0.0,0.0,0.0,0.0,0.0,0.0,54.706999866509776,23.61175692751952
7176-92135-0012_4992-41797-0000__T1__NORMAL__7176,7176,4992,9,0.0,0.2222222222222222,0.0,0.0,0.0,0.0,0.0,0.0,68.0069004800557,21.055710833219475
7176-92135-0012_4992-41797-0000__T2__NORMAL__4992,4992,7176,9,0.0,0.2222222222222222,0.0,0.0,0.0,0.0,0.0,0.0,69.42450424206893,20.51065630163373
7176-92135-0013_3575-170457-0008__T1__NORMAL__7176,7176,3575,5,0.0,0.0,0.0,0.0,0.0,0.0,0.0,0.0,77.10637725484708,20.40080482787729
7176-92135-0013_3575-170457-0008__T2__NORMAL__3575,3575,7176,5,0.0,0.0,0.0,0.0,0.0,0.0,0.0,0.0,65.55948403918237,23.24579094496488
7176-92135-0013_61-70970-0031__T1__NORMAL__7176,7176,61,5,0.0,0.0,0.0,0.0,0.0,0.0,0.0,0.0,49.67725140053538,15.70144332848198
7176-92135-0013_61-70970-0031__T2__NORMAL__61,61,7176,5,0.0,0.0,0.0,0.0,0.0,0.0,0.0,0.0,49.2277938490605,16.300071273928097
7176-92135-0013_672-122797-0059__T1__NORMAL__7176,7176,672,5,0.0,0.0,0.0,0.0,0.0,0.0,0.0,0.0,61.92771384505968,14.267270681180204
7176-92135-0013_672-122797-0059__T2__NORMAL__672,672,7176,5,0.0,0.0,0.0,0.0,0.0,0.0,0.0,0.0,51.0142889235861,19.42222774960881
7176-92135-0014_1089-134691-0004__T1__NORMAL__7176,7176,1089,9,0.0,0.0,0.0,0.0,0.0,0.0,0.0,0.0,59.89628255446732,23.937366809164555
7176-92135-0014_1089-134691-0004__T2__NORMAL__1089,1089,7176,9,0.0,0.1111111111111111,0.0,0.0,0.0,0.0,0.0,0.0,56.700074672332924,18.963180757713
7176-92135-0015_1320-122617-0017__T1__NORMAL__7176,7176,1320,10,1.0,1.0,1.0,1.0,1.0,1.0,1.0,1.0,-53.954665437188645,-34.67167197455159
7176-92135-0015_1320-122617-0017__T2__NORMAL__1320,1320,7176,10,0.0,0.0,0.0,0.0,0.0,0.0,0.0,0.0,54.7372812916564,20.312162504699995
7176-92135-0015_4992-23283-0007__T1__NORMAL__7176,7176,4992,7,0.0,0.0,0.0,0.0,0.0,0.0,0.0,0.0,43.194101442965575,18.28558968819972
7176-92135-0015_4992-23283-0007__T2__NORMAL__4992,4992,7176,7,0.0,0.0,0.0,0.0,0.0,0.0,0.0,0.0,57.163393848427056,14.688006990361446
7176-92135-0017_1580-141083-0006__T1__NORMAL__7176,7176,1580,13,0.0,0.0,0.0,0.0,0.0,0.0,0.0,0.0,56.87672374173054,19.937840730148512
7176-92135-0017_1580-141083-0006__T2__NORMAL__1580,1580,7176,13,0.0,0.0,0.0,0.0,0.0,0.0,0.0,0.0,53.07170422543084,23.419651673589897
7176-92135-0020_2830-3980-0010__T1__NORMAL__7176,7176,2830,12,0.0,0.08333333333333333,0.0,0.0,0.0,0.0,0.0,0.0,51.47831967438577,17.721850885677505
7176-92135-0020_2830-3980-0010__T2__NORMAL__2830,2830,7176,12,0.0,0.0,0.0,0.0,0.0,0.0,0.0,0.0,61.45551435186015,19.401000961797912
7176-92135-0020_2830-3980-0029__T1__NORMAL__7176,7176,2830,13,0.0,0.15384615384615385,0.07692307692307693,0.07692307692307693,0.07692307692307693,0.0,0.07692307692307693,0.0,40.015228647351215,8.498102833784078
7176-92135-0020_2830-3980-0029__T2__NORMAL__2830,2830,7176,13,0.07692307692307693,0.0,0.15384615384615385,0.15384615384615385,0.0,0.0,0.0,0.0,51.828688898916816,9.758810336428017
7176-92135-0022_1995-1837-0017__T1__NORMAL__7176,7176,1995,5,0.0,0.0,0.0,0.0,0.0,0.0,0.0,0.0,54.85730084908253,23.08791973982352
7176-92135-0022_1995-1837-0017__T2__NORMAL__1995,1995,7176,5,0.0,0.0,0.0,0.0,0.0,0.0,0.0,0.0,57.111755698264595,22.19887921137452
7176-92135-0022_4507-16021-0040__T1__NORMAL__7176,7176,4507,5,0.0,0.0,0.0,0.0,0.0,0.0,0.0,0.0,66.51578881308043,21.394892270984364
7176-92135-0022_4507-16021-0040__T2__NORMAL__4507,4507,7176,5,0.0,0.0,0.0,0.0,0.0,0.0,0.0,0.0,63.077943972297625,26.129535558347225
7176-92135-0022_672-122797-0054__T1__NORMAL__7176,7176,672,7,0.0,0.0,0.0,0.0,0.0,0.0,0.0,0.0,48.51914190865575,14.236990911030883
7176-92135-0022_672-122797-0054__T2__NORMAL__672,672,7176,7,0.0,0.0,0.0,0.0,0.0,0.0,0.0,0.0,50.80165706570561,19.62670305940105
7176-92135-0023_1188-133604-0032__T1__NORMAL__7176,7176,1188,11,0.0,0.0,0.0,0.0,0.0,0.0,0.0,0.0,51.35741264766553,18.675829085948383
7176-92135-0023_1188-133604-0032__T2__NORMAL__1188,1188,7176,11,0.0,0.0,0.0,0.0,0.0,0.0,0.0,0.0,54.42992774467694,14.081117286074436
7176-92135-0023_1320-122617-0011__T1__NORMAL__7176,7176,1320,11,1.0,0.8181818181818182,1.0,1.0,0.8181818181818182,0.8181818181818182,0.8181818181818182,0.8181818181818182,-55.5707698571634,-35.95535812515772
7176-92135-0023_1320-122617-0011__T2__NORMAL__1320,1320,7176,11,0.0,0.18181818181818182,0.0,0.0,0.0,0.0,0.0,0.0,55.99698755994043,18.154026718894
7176-92135-0023_1995-1826-0019__T1__NORMAL__7176,7176,1995,9,0.0,0.0,0.0,0.0,0.0,0.0,0.0,0.0,66.22679440029829,24.024897669958904
7176-92135-0023_1995-1826-0019__T2__NORMAL__1995,1995,7176,9,0.0,0.0,0.0,0.0,0.0,0.0,0.0,0.0,75.51971993783101,21.503220631976
7176-92135-0028_4446-2275-0043__T1__NORMAL__7176,7176,4446,5,0.0,0.4,0.0,0.0,0.0,0.0,0.0,0.0,58.57728559003658,15.784985074112765
7176-92135-0028_4446-2275-0043__T2__NORMAL__4446,4446,7176,5,1.0,0.6,1.0,1.0,0.6,0.6,0.6,0.6,-59.58503706285946,-22.03802846274229
7176-92135-0028_6930-81414-0022__T1__NORMAL__7176,7176,6930,5,0.0,0.0,0.0,0.0,0.0,0.0,0.0,0.0,68.97714398813994,15.24474267143585
7176-92135-0028_6930-81414-0022__T2__NORMAL__6930,6930,7176,5,0.0,0.0,0.0,0.0,0.0,0.0,0.0,0.0,58.23191811719998,23.211754472862488
7176-92135-0028_8455-210777-0024__T1__NORMAL__7176,7176,8455,5,1.0,1.0,1.0,1.0,1.0,1.0,1.0,1.0,-51.05280480081328,-24.353660163688435
7176-92135-0028_8455-210777-0024__T2__NORMAL__8455,8455,7176,5,0.0,0.0,0.0,0.0,0.0,0.0,0.0,0.0,54.69874619508106,19.45948715754289
7176-92135-0031_4446-2273-0021__T1__NORMAL__7176,7176,4446,9,0.0,0.0,0.0,0.0,0.0,0.0,0.0,0.0,64.18176983750608,17.3937384723464
7176-92135-0031_4446-2273-0021__T2__NORMAL__4446,4446,7176,9,1.0,1.0,1.0,1.0,1.0,1.0,1.0,1.0,-63.78830031582897,-30.823525962597845
7176-92135-0031_7729-102255-0025__T1__NORMAL__7176,7176,7729,9,0.0,0.0,0.0,0.0,0.0,0.0,0.0,0.0,54.154791172165275,18.26678124861183
7176-92135-0031_7729-102255-0025__T2__NORMAL__7729,7729,7176,9,0.0,0.0,0.0,0.0,0.0,0.0,0.0,0.0,59.60998478349638,19.62898948498266
7176-92135-0031_8224-274384-0002__T1__NORMAL__7176,7176,8224,18,0.0,0.0,0.05555555555555555,0.0,0.0,0.0,0.0,0.0,52.19874968249412,10.554821837604855
7176-92135-0031_8224-274384-0002__T2__NORMAL__8224,8224,7176,18,0.0,0.0,0.0,0.0,0.0,0.0,0.0,0.0,52.65298136666361,21.01181611814638
7176-92135-0032_4970-29093-0011__T1__NORMAL__7176,7176,4970,5,0.0,0.0,0.0,0.0,0.0,0.0,0.0,0.0,59.387642253009616,20.94240373590648
7176-92135-0032_4970-29093-0011__T2__NORMAL__4970,4970,7176,5,0.0,0.2,0.0,0.0,0.0,0.0,0.0,0.0,55.65709802463616,24.41859834906623
7176-92135-0034_4992-41806-0012__T1__NORMAL__7176,7176,4992,7,0.0,0.0,0.0,0.0,0.0,0.0,0.0,0.0,56.05471534375338,19.55141263417405
7176-92135-0034_4992-41806-0012__T2__NORMAL__4992,4992,7176,7,0.0,0.0,0.0,0.0,0.0,0.0,0.0,0.0,56.70891633902153,19.33185400454443
7176-92135-0035_4992-23283-0003__T1__NORMAL__7176,7176,4992,5,0.0,0.0,0.0,0.0,0.0,0.0,0.0,0.0,48.87770130655366,16.530189099612667
7176-92135-0035_4992-23283-0003__T2__NORMAL__4992,4992,7176,5,0.0,0.2,0.0,0.0,0.0,0.0,0.0,0.0,53.894171308994814,19.40408866922205
7176-92135-0035_61-70968-0013__T1__NORMAL__7176,7176,61,5,0.0,0.0,0.0,0.0,0.0,0.0,0.0,0.0,54.07054877696422,10.689993455869423
7176-92135-0035_61-70968-0013__T2__NORMAL__61,61,7176,5,0.0,0.0,0.0,0.0,0.0,0.0,0.0,0.0,51.47714450207229,21.00698842696966
7176-92135-0035_7729-102255-0029__T1__NORMAL__7176,7176,7729,5,0.0,0.0,0.0,0.0,0.0,0.0,0.0,0.0,55.308175852190104,17.026898584684098
7176-92135-0035_7729-102255-0029__T2__NORMAL__7729,7729,7176,5,0.0,0.0,0.2,0.0,0.0,0.0,0.0,0.0,55.720519213977774,22.799408929854653
7176-92135-0036_1320-122617-0026__T1__NORMAL__7176,7176,1320,9,1.0,0.7777777777777778,1.0,1.0,0.7777777777777778,0.7777777777777778,0.7777777777777778,0.7777777777777778,-50.19218750159918,-32.354130427789414
7176-92135-0036_1320-122617-0026__T2__NORMAL__1320,1320,7176,9,0.0,0.2222222222222222,0.0,0.0,0.0,0.0,0.0,0.0,51.52478548584012,19.578611970257988
7176-92135-0036_3570-5696-0004__T1__NORMAL__7176,7176,3570,8,0.0,0.0,0.0,0.0,0.0,0.0,0.0,0.0,54.24575078446158,19.017295453256843
7176-92135-0036_3570-5696-0004__T2__NORMAL__3570,3570,7176,8,0.0,0.0,0.0,0.0,0.0,0.0,0.0,0.0,54.72023013471245,22.896714812879623
7176-92135-0038_260-123288-0027__T1__NORMAL__7176,7176,260,11,0.0,0.0,0.0,0.0,0.0,0.0,0.0,0.0,62.64742042275809,21.737259380298287
7176-92135-0038_260-123288-0027__T2__NORMAL__260,260,7176,11,0.0,0.0,0.0,0.0,0.0,0.0,0.0,0.0,65.21676022304291,21.888751953917808
7176-92135-0040_1089-134686-0005__T1__NORMAL__7176,7176,1089,18,0.0,0.0,0.0,0.0,0.0,0.0,0.0,0.0,60.61842610420071,21.371293401103088
7176-92135-0040_1089-134686-0005__T2__NORMAL__1089,1089,7176,18,0.0,0.1111111111111111,0.0,0.0,0.0,0.0,0.0,0.0,53.803460375728264,19.88478118805139
7176-92135-0041_672-122797-0045__T1__NORMAL__7176,7176,672,8,0.0,0.25,0.0,0.0,0.0,0.0,0.0,0.0,51.36564525369225,22.46130683352257
7176-92135-0041_672-122797-0045__T2__NORMAL__672,672,7176,8,0.0,0.125,0.0,0.0,0.0,0.0,0.0,0.0,50.375949257164095,17.835674858836917
7176-92135-0041_6829-68771-0032__T1__NORMAL__7176,7176,6829,8,0.0,0.25,0.0,0.0,0.0,0.0,0.0,0.0,60.5392666579252,23.79106707154838
7176-92135-0041_6829-68771-0032__T2__NORMAL__6829,6829,7176,8,0.0,0.0,0.0,0.0,0.0,0.0,0.0,0.0,59.380497429444645,19.832071792255928
7176-92135-0041_7127-75947-0037__T1__NORMAL__7176,7176,7127,8,0.0,0.375,0.0,0.0,0.0,0.0,0.0,0.0,54.537386521973716,22.12082747492049
7176-92135-0041_7127-75947-0037__T2__NORMAL__7127,7127,7176,8,0.0,0.25,0.0,0.0,0.0,0.0,0.0,0.0,55.437607981450554,21.876571120047924
7176-92135-0042_1580-141084-0015__T1__NORMAL__7176,7176,1580,5,0.0,0.0,0.0,0.0,0.0,0.0,0.0,0.0,63.561673336895446,24.086291143258663
7176-92135-0042_1580-141084-0015__T2__NORMAL__1580,1580,7176,5,0.0,0.0,0.0,0.0,0.0,0.0,0.0,0.0,64.12558811876791,25.5085858918722
7176-92135-0042_5105-28241-0012__T1__NORMAL__7176,7176,5105,12,0.0,0.08333333333333333,0.0,0.0,0.0,0.0,0.0,0.0,58.82515777300066,21.44715899106493
7176-92135-0042_5105-28241-0012__T2__NORMAL__5105,5105,7176,12,0.0,0.08333333333333333,0.0,0.0,0.0,0.0,0.0,0.0,52.70451499181008,20.35829242494168
7176-92135-0042_7021-79730-0001__T1__NORMAL__7176,7176,7021,13,0.38461538461538464,0.23076923076923078,0.46153846153846156,0.23076923076923078,0.23076923076923078,0.23076923076923078,0.23076923076923078,0.23076923076923078,4.773909251892253,0.1248814480759108
7176-92135-0042_7021-79730-0001__T2__NORMAL__7021,7021,7176,13,0.0,0.07692307692307693,0.0,0.0,0.0,0.0,0.0,0.0,46.050487655120726,12.39759246970483
7176-92135-0043_1284-1181-0010__T1__NORMAL__7176,7176,1284,11,0.0,0.0,0.0,0.0,0.0,0.0,0.0,0.0,63.15084214869353,21.97483562439841
7176-92135-0043_1284-1181-0010__T2__NORMAL__1284,1284,7176,11,0.0,0.0,0.0,0.0,0.0,0.0,0.0,0.0,61.83151593958355,19.430793267842287
7176-92135-0043_2830-3979-0001__T1__NORMAL__7176,7176,2830,25,0.0,0.0,0.0,0.0,0.0,0.0,0.0,0.0,54.216951887479446,11.967056305411855
7176-92135-0043_2830-3979-0001__T2__NORMAL__2830,2830,7176,25,0.0,0.0,0.0,0.0,0.0,0.0,0.0,0.0,50.26574264382502,15.11781684777612
7176-92135-0044_61-70970-0039__T1__NORMAL__7176,7176,61,9,0.0,0.1111111111111111,0.0,0.0,0.0,0.0,0.0,0.0,50.08442250880314,19.03493380433056
7176-92135-0044_61-70970-0039__T2__NORMAL__61,61,7176,9,1.0,0.6666666666666666,0.8888888888888888,1.0,0.5555555555555556,0.5555555555555556,0.5555555555555556,0.5555555555555556,-23.787525145943217,-15.32630286112938
7176-92135-0045_3729-6852-0039__T1__NORMAL__7176,7176,3729,9,0.0,0.0,0.0,0.0,0.0,0.0,0.0,0.0,65.84602330380325,17.341339881546315
7176-92135-0045_3729-6852-0039__T2__NORMAL__3729,3729,7176,9,0.0,0.0,0.0,0.0,0.0,0.0,0.0,0.0,59.01083853293959,22.544885717423924
7176-92135-0045_4970-29095-0033__T1__NORMAL__7176,7176,4970,9,0.0,0.0,0.0,0.0,0.0,0.0,0.0,0.0,71.21109156881664,22.39149319963625
7176-92135-0045_4970-29095-0033__T2__NORMAL__4970,4970,7176,9,0.0,0.1111111111111111,0.0,0.0,0.0,0.0,0.0,0.0,66.34757253720538,24.281939923613432
7176-92135-0045_8555-284447-0014__T1__NORMAL__7176,7176,8555,9,0.0,0.2222222222222222,0.0,0.0,0.0,0.0,0.0,0.0,63.89521913875876,26.222616956247258
7176-92135-0045_8555-284447-0014__T2__NORMAL__8555,8555,7176,9,0.0,0.0,0.0,0.0,0.0,0.0,0.0,0.0,65.20657532131384,21.00163544578624
7729-102255-0000_1580-141084-0039__T1__NORMAL__7729,7729,1580,5,0.0,0.0,0.0,0.0,0.0,0.0,0.0,0.0,54.76394468241536,16.683888227699416
7729-102255-0000_1580-141084-0039__T2__NORMAL__1580,1580,7729,5,0.0,0.0,0.0,0.0,0.0,0.0,0.0,0.0,48.55646532655835,22.38270159186989
7729-102255-0001_1089-134691-0010__T1__NORMAL__7729,7729,1089,5,0.0,0.0,0.0,0.0,0.0,0.0,0.0,0.0,61.07555107500694,21.38928605703811
7729-102255-0001_1089-134691-0010__T2__NORMAL__1089,1089,7729,5,0.0,0.0,0.2,0.2,0.0,0.0,0.0,0.0,57.97153189673274,19.96455209935653
7729-102255-0001_260-123286-0006__T1__NORMAL__7729,7729,260,5,0.0,0.0,0.0,0.0,0.0,0.0,0.0,0.0,51.84349330417113,16.93477329442406
7729-102255-0001_260-123286-0006__T2__NORMAL__260,260,7729,5,0.0,0.0,0.0,0.0,0.0,0.0,0.0,0.0,48.61503038956794,16.725280353952595
7729-102255-0001_5683-32866-0030__T1__NORMAL__7729,7729,5683,5,0.0,0.0,0.0,0.0,0.0,0.0,0.0,0.0,48.38974234947692,12.166647020536384
7729-102255-0001_5683-32866-0030__T2__NORMAL__5683,5683,7729,5,0.0,0.0,0.0,0.0,0.0,0.0,0.0,0.0,34.48603350863077,16.530636036089277
7729-102255-0002_1221-135766-0001__T1__NORMAL__7729,7729,1221,15,0.0,0.0,0.0,0.0,0.0,0.0,0.0,0.0,52.173112390646345,13.960844046387308
7729-102255-0002_1221-135766-0001__T2__NORMAL__1221,1221,7729,15,0.0,0.0,0.0,0.0,0.0,0.0,0.0,0.0,44.395723214186575,19.044961323634297
7729-102255-0002_1995-1837-0025__T1__NORMAL__7729,7729,1995,15,0.0,0.0,0.0,0.0,0.0,0.0,0.0,0.0,49.31594270501543,21.99389565507628
7729-102255-0002_1995-1837-0025__T2__NORMAL__1995,1995,7729,15,0.0,0.0,0.0,0.0,0.0,0.0,0.0,0.0,55.226996878696276,19.77797401071045
7729-102255-0005_121-121726-0007__T1__NORMAL__7729,7729,121,8,0.0,0.125,0.0,0.0,0.0,0.0,0.0,0.0,55.626677355355696,19.34068316466156
7729-102255-0005_121-121726-0007__T2__NORMAL__121,121,7729,8,0.0,0.125,0.0,0.0,0.0,0.0,0.0,0.0,50.00197465392226,21.49067702475469
7729-102255-0005_7021-85628-0005__T1__NORMAL__7729,7729,7021,9,0.0,0.1111111111111111,0.0,0.1111111111111111,0.0,0.0,0.0,0.0,43.83057004049337,16.873403510609826
7729-102255-0005_7021-85628-0005__T2__NORMAL__7021,7021,7729,9,0.0,0.2222222222222222,0.0,0.0,0.0,0.0,0.0,0.0,49.03175681198552,17.038253121241734
7729-102255-0007_1320-122612-0009__T1__NORMAL__7729,7729,1320,6,0.0,0.0,0.0,0.0,0.0,0.0,0.0,0.0,49.468180219031666,15.799940404361816
7729-102255-0007_1320-122612-0009__T2__NORMAL__1320,1320,7729,6,0.0,0.0,0.0,0.0,0.0,0.0,0.0,0.0,48.530531075053005,19.52539694508861
7729-102255-0007_7021-85628-0010__T1__NORMAL__7729,7729,7021,15,0.0,0.0,0.0,0.0,0.0,0.0,0.0,0.0,52.70968268880572,17.643478122483707
7729-102255-0007_7021-85628-0010__T2__NORMAL__7021,7021,7729,15,0.0,0.0,0.0,0.0,0.0,0.0,0.0,0.0,54.11169438934447,17.602090324434847
7729-102255-0010_8555-284449-0003__T1__NORMAL__7729,7729,8555,16,0.0,0.0625,0.0625,0.0,0.0,0.0,0.0,0.0,56.6024980846377,18.852534491690747
7729-102255-0010_8555-284449-0003__T2__NORMAL__8555,8555,7729,16,0.0,0.0,0.0,0.0,0.0,0.0,0.0,0.0,53.95303935310046,17.447208845703507
7729-102255-0012_1320-122617-0000__T1__NORMAL__7729,7729,1320,7,0.0,0.14285714285714285,0.0,0.0,0.0,0.0,0.0,0.0,55.36016341608413,20.69965637989266
7729-102255-0012_1320-122617-0000__T2__NORMAL__1320,1320,7729,7,0.0,0.0,0.0,0.0,0.0,0.0,0.0,0.0,60.959507070098326,18.56971928037952
7729-102255-0012_5142-36377-0022__T1__NORMAL__7729,7729,5142,7,0.0,0.0,0.0,0.0,0.0,0.0,0.0,0.0,53.71385166176266,21.18386158187372
7729-102255-0012_5142-36377-0022__T2__NORMAL__5142,5142,7729,7,0.0,0.14285714285714285,0.0,0.0,0.0,0.0,0.0,0.0,52.284126385379366,18.55024809565901
7729-102255-0014_1320-122617-0023__T1__NORMAL__7729,7729,1320,9,0.0,0.0,0.0,0.0,0.0,0.0,0.0,0.0,46.350162390341865,22.035309121164747
7729-102255-0014_1320-122617-0023__T2__NORMAL__1320,1320,7729,9,0.0,0.0,0.0,0.0,0.0,0.0,0.0,0.0,49.79976395693903,19.10900967951853
7729-102255-0014_4446-2271-0011__T1__NORMAL__7729,7729,4446,6,0.0,0.0,0.0,0.0,0.0,0.0,0.0,0.0,46.49237899029203,11.788083785912193
7729-102255-0014_4446-2271-0011__T2__NORMAL__4446,4446,7729,6,0.0,0.0,0.16666666666666666,0.0,0.0,0.0,0.0,0.0,46.02078455578053,19.7015891247806
7729-102255-0015_2830-3980-0074__T1__NORMAL__7729,7729,2830,10,0.0,0.0,0.0,0.0,0.0,0.0,0.0,0.0,43.61213359217032,13.936885408671603
7729-102255-0015_2830-3980-0074__T2__NORMAL__2830,2830,7729,10,0.0,0.0,0.1,0.0,0.0,0.0,0.0,0.0,55.84781042670356,18.237460042933133
7729-102255-0015_7127-75946-0012__T1__NORMAL__7729,7729,7127,18,0.0,0.0,0.0,0.0,0.0,0.0,0.0,0.0,52.988754914523646,17.24132611280543
7729-102255-0015_7127-75946-0012__T2__NORMAL__7127,7127,7729,18,0.0,0.05555555555555555,0.1111111111111111,0.0,0.0,0.0,0.0,0.0,51.33731501341369,18.9509482148122
7729-102255-0017_4970-29093-0009__T1__NORMAL__7729,7729,4970,17,0.0,0.058823529411764705,0.0,0.0,0.0,0.0,0.0,0.0,57.6422590503976,15.92125235455333
7729-102255-0017_4970-29093-0009__T2__NORMAL__4970,4970,7729,17,0.0,0.0,0.11764705882352941,0.0,0.0,0.0,0.0,0.0,53.886284515515584,23.571537196667137
7729-102255-0017_672-122797-0063__T1__NORMAL__7729,7729,672,9,0.0,0.0,0.0,0.0,0.0,0.0,0.0,0.0,52.07847007514485,15.089584167676977
7729-102255-0017_672-122797-0063__T2__NORMAL__672,672,7729,9,0.0,0.0,0.2222222222222222,0.1111111111111111,0.0,0.0,0.0,0.0,39.12770023954485,18.842267993494406
7729-102255-0018_3575-170457-0037__T1__NORMAL__7729,7729,3575,20,0.0,0.0,0.0,0.0,0.0,0.0,0.0,0.0,56.89812160304871,20.19425786867018
7729-102255-0018_3575-170457-0037__T2__NORMAL__3575,3575,7729,20,0.0,0.0,0.0,0.0,0.0,0.0,0.0,0.0,56.26180378240944,18.66727415632017
7729-102255-0018_7127-75946-0024__T1__NORMAL__7729,7729,7127,9,0.0,0.1111111111111111,0.0,0.0,0.0,0.0,0.0,0.0,45.525302193000165,15.942569706236236
7729-102255-0018_7127-75946-0024__T2__NORMAL__7127,7127,7729,9,0.0,0.0,0.0,0.0,0.0,0.0,0.0,0.0,43.76162027568341,15.67727468647976
7729-102255-0019_1188-133604-0017__T1__NORMAL__7729,7729,1188,8,0.0,0.0,0.0,0.0,0.0,0.0,0.0,0.0,46.18616590352225,17.59276345248462
7729-102255-0019_1188-133604-0017__T2__NORMAL__1188,1188,7729,8,0.0,0.0,0.0,0.0,0.0,0.0,0.0,0.0,45.911172050318754,16.862026658185346
7729-102255-0021_61-70968-0050__T1__NORMAL__7729,7729,61,10,0.0,0.0,0.0,0.0,0.0,0.0,0.0,0.0,45.73073767191925,15.590491215056671
7729-102255-0021_61-70968-0050__T2__NORMAL__61,61,7729,10,0.0,0.0,0.0,0.0,0.0,0.0,0.0,0.0,47.93319452470687,16.821480779937197
7729-102255-0021_8463-294825-0019__T1__NORMAL__7729,7729,8463,5,0.0,0.0,0.0,0.0,0.0,0.0,0.0,0.0,51.94229772419271,16.1852603122957
7729-102255-0021_8463-294825-0019__T2__NORMAL__8463,8463,7729,5,1.0,1.0,1.0,1.0,1.0,1.0,1.0,1.0,-47.6082606553255,-26.650804021005904
7729-102255-0022_1320-122617-0000__T1__NORMAL__7729,7729,1320,14,0.0,0.07142857142857142,0.0,0.0,0.0,0.0,0.0,0.0,53.290739543306195,17.547578250133192
7729-102255-0022_1320-122617-0000__T2__NORMAL__1320,1320,7729,14,0.0,0.0,0.07142857142857142,0.0,0.0,0.0,0.0,0.0,54.65405058714095,20.13284261539529
7729-102255-0023_2094-142345-0014__T1__NORMAL__7729,7729,2094,9,0.0,0.0,0.0,0.0,0.0,0.0,0.0,0.0,42.06756518297924,19.35047151160953
7729-102255-0023_2094-142345-0014__T2__NORMAL__2094,2094,7729,9,0.0,0.0,0.0,0.0,0.0,0.0,0.0,0.0,49.69576096012433,10.087153998518817
7729-102255-0023_237-134500-0040__T1__NORMAL__7729,7729,237,7,0.0,0.0,0.0,0.0,0.0,0.0,0.0,0.0,54.28554394453237,15.61307069840806
7729-102255-0023_237-134500-0040__T2__NORMAL__237,237,7729,7,0.0,0.0,0.0,0.0,0.0,0.0,0.0,0.0,50.64400128310326,20.55186129608585
7729-102255-0023_61-70968-0033__T1__NORMAL__7729,7729,61,9,0.0,0.0,0.0,0.0,0.0,0.0,0.0,0.0,50.468072605836625,18.608008048409253
7729-102255-0023_61-70968-0033__T2__NORMAL__61,61,7729,9,0.0,0.1111111111111111,0.0,0.0,0.0,0.0,0.0,0.0,48.94908004108918,14.49829141721617
7729-102255-0024_237-134493-0011__T1__NORMAL__7729,7729,237,9,0.0,0.0,0.0,0.0,0.0,0.0,0.0,0.0,63.90614690306565,16.16369739030563
7729-102255-0024_237-134493-0011__T2__NORMAL__237,237,7729,9,0.0,0.0,0.0,0.0,0.0,0.0,0.0,0.0,57.08162059157436,22.756359232463005
7729-102255-0024_3575-170457-0047__T1__NORMAL__7729,7729,3575,12,0.0,0.0,0.0,0.0,0.0,0.0,0.0,0.0,54.29615408256348,17.294232800280387
7729-102255-0024_3575-170457-0047__T2__NORMAL__3575,3575,7729,12,0.0,0.0,0.0,0.0,0.0,0.0,0.0,0.0,47.812377492500666,19.55432892438799
7729-102255-0024_61-70970-0002__T1__NORMAL__7729,7729,61,7,0.0,0.0,0.0,0.0,0.0,0.0,0.0,0.0,53.45851352537597,18.344466718545696
7729-102255-0024_61-70970-0002__T2__NORMAL__61,61,7729,7,0.0,0.0,0.0,0.0,0.0,0.0,0.0,0.0,55.49160649712214,17.068006331685705
7729-102255-0025_2830-3980-0029__T1__NORMAL__7729,7729,2830,9,0.0,0.0,0.0,0.0,0.0,0.0,0.0,0.0,40.870302239582,16.08890648847146
7729-102255-0025_2830-3980-0029__T2__NORMAL__2830,2830,7729,9,0.0,0.1111111111111111,0.0,0.0,0.0,0.0,0.0,0.0,56.270142244884774,12.8760287915622
7729-102255-0025_5639-40744-0026__T1__NORMAL__7729,7729,5639,9,0.0,0.0,0.0,0.0,0.0,0.0,0.0,0.0,54.95281038471066,16.184709520132497
7729-102255-0025_5639-40744-0026__T2__NORMAL__5639,5639,7729,9,0.0,0.0,0.0,0.0,0.0,0.0,0.0,0.0,45.255695489868025,18.54299271710291
7729-102255-0026_2961-961-0000__T1__NORMAL__7729,7729,2961,8,0.0,0.125,0.0,0.0,0.0,0.0,0.0,0.0,46.76375719491291,18.494221683662943
7729-102255-0026_2961-961-0000__T2__NORMAL__2961,2961,7729,8,0.0,0.125,0.0,0.0,0.0,0.0,0.0,0.0,48.29312987337211,16.228364339724997
7729-102255-0027_8463-294828-0017__T1__NORMAL__7729,7729,8463,10,0.0,0.1,0.0,0.0,0.0,0.0,0.0,0.0,50.02124917990703,14.853888457251369
7729-102255-0027_8463-294828-0017__T2__NORMAL__8463,8463,7729,10,1.0,0.9,1.0,1.0,0.9,0.9,0.9,0.9,-50.26965911710028,-31.364696411341587
7729-102255-0027_8555-284449-0015__T1__NORMAL__7729,7729,8555,9,0.0,0.0,0.1111111111111111,0.0,0.0,0.0,0.0,0.0,52.512663069918624,18.108466278549937
7729-102255-0027_8555-284449-0015__T2__NORMAL__8555,8555,7729,9,0.0,0.0,0.0,0.0,0.0,0.0,0.0,0.0,50.035414768705586,14.53147733149592
7729-102255-0028_6930-75918-0019__T1__NORMAL__7729,7729,6930,18,0.0,0.05555555555555555,0.0,0.0,0.0,0.0,0.0,0.0,48.53400536112542,14.127514626311516
7729-102255-0028_6930-75918-0019__T2__NORMAL__6930,6930,7729,18,0.0,0.0,0.0,0.0,0.0,0.0,0.0,0.0,51.550005768267205,18.02305795763726
7729-102255-0028_7127-75946-0020__T1__NORMAL__7729,7729,7127,12,0.0,0.08333333333333333,0.0,0.0,0.0,0.0,0.0,0.0,59.651132948254734,17.728764085510345
7729-102255-0028_7127-75946-0020__T2__NORMAL__7127,7127,7729,12,0.0,0.0,0.0,0.0,0.0,0.0,0.0,0.0,60.14996157005257,17.79526370050177
7729-102255-0028_7176-92135-0039__T1__NORMAL__7729,7729,7176,5,0.0,0.2,0.0,0.0,0.0,0.0,0.0,0.0,60.41973653981446,18.973732340233504
7729-102255-0028_7176-92135-0039__T2__NORMAL__7176,7176,7729,5,0.0,0.0,0.0,0.0,0.0,0.0,0.0,0.0,53.50065370619077,19.723333014327583
7729-102255-0030_5142-33396-0001__T1__NORMAL__7729,7729,5142,9,0.0,0.1111111111111111,0.0,0.0,0.0,0.0,0.0,0.0,62.36706147813378,16.901461679324214
7729-102255-0030_5142-33396-0001__T2__NORMAL__5142,5142,7729,9,0.0,0.0,0.0,0.0,0.0,0.0,0.0,0.0,59.595630048605734,21.314003171626
7729-102255-0030_672-122797-0057__T1__NORMAL__7729,7729,672,12,0.0,0.0,0.0,0.0,0.0,0.0,0.0,0.0,48.864164141936214,13.08422135783016
7729-102255-0030_672-122797-0057__T2__NORMAL__672,672,7729,12,0.0,0.08333333333333333,0.0,0.16666666666666666,0.0,0.0,0.0,0.0,32.47154150526363,16.595971443611376
7729-102255-0031_2094-142345-0028__T1__NORMAL__7729,7729,2094,12,0.0,0.0,0.08333333333333333,0.0,0.0,0.0,0.0,0.0,53.5771138564287,13.256626068688236
7729-102255-0031_2094-142345-0028__T2__NORMAL__2094,2094,7729,12,0.0,0.08333333333333333,0.0,0.0,0.0,0.0,0.0,0.0,49.142042700049075,14.569297395210953
7729-102255-0033_61-70968-0010__T1__NORMAL__7729,7729,61,12,0.0,0.08333333333333333,0.0,0.0,0.0,0.0,0.0,0.0,41.41533976574441,17.358953381590077
7729-102255-0033_61-70968-0010__T2__NORMAL__61,61,7729,12,0.0,0.0,0.0,0.0,0.0,0.0,0.0,0.0,47.11441269919112,16.16443362779003
7729-102255-0035_1320-122617-0041__T1__NORMAL__7729,7729,1320,7,0.0,0.0,0.0,0.0,0.0,0.0,0.0,0.0,67.08139536755813,23.832819301677084
7729-102255-0035_1320-122617-0041__T2__NORMAL__1320,1320,7729,7,0.0,0.14285714285714285,0.0,0.0,0.0,0.0,0.0,0.0,62.02676935639247,16.35716547082258
7729-102255-0035_61-70968-0005__T1__NORMAL__7729,7729,61,9,0.0,0.0,0.0,0.0,0.0,0.0,0.0,0.0,42.512676836722996,13.582349865225268
7729-102255-0035_61-70968-0005__T2__NORMAL__61,61,7729,9,0.0,0.0,0.0,0.0,0.0,0.0,0.0,0.0,44.148549908599925,18.08169704126746
7729-102255-0036_1580-141083-0031__T1__NORMAL__7729,7729,1580,11,0.0,0.0,0.0,0.0,0.0,0.0,0.0,0.0,62.710709500509914,15.04860523681046
7729-102255-0036_1580-141083-0031__T2__NORMAL__1580,1580,7729,11,0.0,0.09090909090909091,0.0,0.0,0.0,0.0,0.0,0.0,46.86581199728928,22.02066929933531
7729-102255-0037_237-126133-0024__T1__NORMAL__7729,7729,237,18,0.0,0.0,0.0,0.0,0.0,0.0,0.0,0.0,58.97199010210406,21.62563394538197
7729-102255-0037_237-126133-0024__T2__NORMAL__237,237,7729,18,0.0,0.0,0.0,0.0,0.0,0.0,0.0,0.0,58.09646870587554,20.515051151424256
7729-102255-0037_8463-294828-0000__T1__NORMAL__7729,7729,8463,6,0.0,0.0,0.0,0.0,0.0,0.0,0.0,0.0,51.833836497748926,15.3657909667562
7729-102255-0037_8463-294828-0000__T2__NORMAL__8463,8463,7729,6,0.0,0.0,0.0,0.0,0.0,0.0,0.0,0.0,36.21591345542239,17.04345674754423
7729-102255-0038_1284-1180-0000__T1__NORMAL__7729,7729,1284,14,0.0,0.07142857142857142,0.0,0.0,0.0,0.0,0.0,0.0,49.57663578670254,19.0770637959745
7729-102255-0038_1284-1180-0000__T2__NORMAL__1284,1284,7729,14,0.0,0.0,0.0,0.0,0.0,0.0,0.0,0.0,52.590884908671384,16.59620263433216
7729-102255-0038_8463-294828-0012__T1__NORMAL__7729,7729,8463,8,0.0,0.125,0.0,0.0,0.0,0.0,0.0,0.0,61.296236774229456,20.37170702374468
7729-102255-0038_8463-294828-0012__T2__NORMAL__8463,8463,7729,8,1.0,0.875,1.0,1.0,0.875,0.875,0.875,0.875,-61.3454353579412,-44.2604283791668
7729-102255-0039_121-127105-0006__T1__NORMAL__7729,7729,121,8,0.0,0.0,0.0,0.0,0.0,0.0,0.0,0.0,58.67007053146162,14.235852189634926
7729-102255-0039_121-127105-0006__T2__NORMAL__121,121,7729,8,0.0,0.0,0.0,0.0,0.0,0.0,0.0,0.0,49.62488911685408,19.75622057620455
7729-102255-0039_4992-41797-0014__T1__NORMAL__7729,7729,4992,12,0.0,0.0,0.0,0.0,0.0,0.0,0.0,0.0,50.22001137679529,15.094238614771005
7729-102255-0039_4992-41797-0014__T2__NORMAL__4992,4992,7729,12,0.0,0.0,0.0,0.0,0.0,0.0,0.0,0.0,47.003445461435525,17.943496792735825
7729-102255-0039_6829-68769-0017__T1__NORMAL__7729,7729,6829,6,0.0,0.0,0.16666666666666666,0.0,0.0,0.0,0.0,0.0,52.761270530377494,19.065272389436576
7729-102255-0039_6829-68769-0017__T2__NORMAL__6829,6829,7729,6,0.0,0.0,0.0,0.0,0.0,0.0,0.0,0.0,51.85268049341921,19.12009506729669
7729-102255-0040_672-122797-0044__T1__NORMAL__7729,7729,672,6,0.0,0.0,0.0,0.0,0.0,0.0,0.0,0.0,53.83251804578634,17.435908050309862
7729-102255-0040_672-122797-0044__T2__NORMAL__672,672,7729,6,0.0,0.0,0.0,0.0,0.0,0.0,0.0,0.0,57.801127725972854,16.130676671947576
7729-102255-0041_1320-122617-0019__T1__NORMAL__7729,7729,1320,15,0.0,0.0,0.0,0.0,0.0,0.0,0.0,0.0,53.10542320970301,18.58320095717224
7729-102255-0041_1320-122617-0019__T2__NORMAL__1320,1320,7729,15,0.0,0.0,0.06666666666666667,0.0,0.0,0.0,0.0,0.0,53.43014716731941,19.2360938728774
7729-102255-0042_121-121726-0005__T1__NORMAL__7729,7729,121,5,0.0,0.0,0.0,0.0,0.0,0.0,0.0,0.0,65.76916193583082,9.91157927332988
7729-102255-0042_121-121726-0005__T2__NORMAL__121,121,7729,5,0.0,0.2,0.6,0.6,0.2,0.0,0.2,0.0,30.281424782336877,19.357517384618763
7729-102255-0043_1284-1180-0003__T1__NORMAL__7729,7729,1284,8,0.0,0.0,0.0,0.0,0.0,0.0,0.0,0.0,50.08312673985765,15.144199050150808
7729-102255-0043_1284-1180-0003__T2__NORMAL__1284,1284,7729,8,0.0,0.125,0.0,0.0,0.0,0.0,0.0,0.0,47.49902484806027,21.07940110467365
7729-102255-0043_3575-170457-0028__T1__NORMAL__7729,7729,3575,10,0.0,0.0,0.0,0.0,0.0,0.0,0.0,0.0,60.46165648623211,18.890374116826013
7729-102255-0043_3575-170457-0028__T2__NORMAL__3575,3575,7729,10,0.0,0.0,0.0,0.0,0.0,0.0,0.0,0.0,50.67631542182627,19.61992455861817
7729-102255-0043_5142-33396-0023__T1__NORMAL__7729,7729,5142,5,0.0,0.0,0.0,0.0,0.0,0.0,0.0,0.0,58.11520861885062,19.785147805186902
7729-102255-0043_5142-33396-0023__T2__NORMAL__5142,5142,7729,5,0.0,0.0,0.0,0.0,0.0,0.0,0.0,0.0,51.75762410288489,22.09610883306813
7729-102255-0045_61-70968-0016__T1__NORMAL__7729,7729,61,6,0.0,0.0,0.0,0.0,0.0,0.0,0.0,0.0,43.29814425757062,11.933188878930151
7729-102255-0045_61-70968-0016__T2__NORMAL__61,61,7729,6,0.0,0.0,0.0,0.0,0.0,0.0,0.0,0.0,41.5134281684174,14.528066797191556
8224-274381-0003_260-123440-0014__T1__NORMAL__8224,8224,260,6,0.0,0.16666666666666666,0.0,0.16666666666666666,0.0,0.0,0.0,0.0,47.533183514486154,9.808544401189842
8224-274381-0003_260-123440-0014__T2__NORMAL__260,260,8224,6,1.0,0.8333333333333334,1.0,0.8333333333333334,0.8333333333333334,0.8333333333333334,0.8333333333333334,0.8333333333333334,-47.07109833866753,-22.897817380312738
8224-274381-0010_5105-28240-0000__T1__NORMAL__8224,8224,5105,9,0.0,0.0,0.0,0.0,0.0,0.0,0.0,0.0,64.41517788999133,18.176152604848383
8224-274381-0010_5105-28240-0000__T2__NORMAL__5105,5105,8224,9,0.0,0.0,0.0,0.0,0.0,0.0,0.0,0.0,51.39088285819816,19.4158690978986
8224-274381-0010_6930-75918-0018__T1__NORMAL__8224,8224,6930,20,0.0,0.0,0.0,0.0,0.0,0.0,0.0,0.0,54.747076967570095,13.203807011461958
8224-274381-0010_6930-75918-0018__T2__NORMAL__6930,6930,8224,20,0.0,0.05,0.0,0.0,0.0,0.0,0.0,0.0,51.84571601463297,19.282105840541803
8224-274381-0011_1580-141083-0050__T1__NORMAL__8224,8224,1580,5,0.0,0.0,0.0,0.0,0.0,0.0,0.0,0.0,50.560296824077106,18.48684069457071
8224-274381-0011_1580-141083-0050__T2__NORMAL__1580,1580,8224,5,0.0,0.0,0.0,0.0,0.0,0.0,0.0,0.0,47.2864996486051,19.999949177399458
8224-274381-0011_5683-32865-0010__T1__NORMAL__8224,8224,5683,11,0.0,0.0,0.0,0.0,0.0,0.0,0.0,0.0,57.24938195467235,18.09146242969513
8224-274381-0011_5683-32865-0010__T2__NORMAL__5683,5683,8224,11,0.0,0.0,0.0,0.0,0.0,0.0,0.0,0.0,51.2304560616741,17.404777349080263
8224-274381-0013_1284-1180-0026__T1__NORMAL__8224,8224,1284,15,0.0,0.06666666666666667,0.0,0.0,0.0,0.0,0.0,0.0,61.3859507913213,16.66369933998622
8224-274381-0013_1284-1180-0026__T2__NORMAL__1284,1284,8224,15,0.0,0.0,0.06666666666666667,0.0,0.0,0.0,0.0,0.0,54.644994560612155,20.99287415487628
8224-274381-0013_1320-122617-0013__T1__NORMAL__8224,8224,1320,20,0.0,0.0,0.0,0.0,0.0,0.0,0.0,0.0,55.56416920983046,16.87813633199098
8224-274381-0013_1320-122617-0013__T2__NORMAL__1320,1320,8224,20,0.0,0.0,0.0,0.0,0.0,0.0,0.0,0.0,50.535484473656894,20.65541911520772
8224-274384-0000_5683-32865-0004__T1__NORMAL__8224,8224,5683,13,0.0,0.0,0.0,0.0,0.0,0.0,0.0,0.0,51.12437364515016,19.391333611332595
8224-274384-0000_5683-32865-0004__T2__NORMAL__5683,5683,8224,13,0.0,0.0,0.0,0.0,0.0,0.0,0.0,0.0,56.648868085125706,15.882988455713663
8224-274384-0002_2830-3979-0010__T1__NORMAL__8224,8224,2830,5,0.0,0.0,0.2,0.0,0.0,0.0,0.0,0.0,51.19309073995749,18.28292558269037
8224-274384-0002_2830-3979-0010__T2__NORMAL__2830,2830,8224,5,1.0,0.6,0.4,0.6,0.4,0.4,0.4,0.4,-21.521476022369317,-13.658360211168304
8224-274384-0002_4446-2275-0019__T1__NORMAL__8224,8224,4446,8,0.0,0.0,0.25,0.0,0.0,0.0,0.0,0.0,57.41872774186687,22.41738822904299
8224-274384-0002_4446-2275-0019__T2__NORMAL__4446,4446,8224,8,1.0,1.0,0.875,1.0,0.875,0.875,0.875,0.875,-57.0378416007555,-42.78394874180693
8224-274384-0003_3570-5694-0016__T1__NORMAL__8224,8224,3570,6,0.0,0.0,0.0,0.0,0.0,0.0,0.0,0.0,56.29054419732236,21.606673282406337
8224-274384-0003_3570-5694-0016__T2__NORMAL__3570,3570,8224,6,0.0,0.0,0.0,0.0,0.0,0.0,0.0,0.0,62.23118792053922,18.72175938564657
8224-274384-0005_5639-40744-0021__T1__NORMAL__8224,8224,5639,16,0.0,0.0,0.0,0.0,0.0,0.0,0.0,0.0,54.262126783828094,18.92839032971398
8224-274384-0005_5639-40744-0021__T2__NORMAL__5639,5639,8224,16,0.0,0.0625,0.0,0.0,0.0,0.0,0.0,0.0,49.759430548457026,19.19690032275844
8224-274384-0007_2961-961-0019__T1__NORMAL__8224,8224,2961,11,0.0,0.0,0.0,0.0,0.0,0.0,0.0,0.0,51.948371349650785,16.65164602381892
8224-274384-0007_2961-961-0019__T2__NORMAL__2961,2961,8224,11,0.0,0.0,0.0,0.0,0.0,0.0,0.0,0.0,44.80759268494231,17.51829006688409
8224-274384-0007_6930-76324-0002__T1__NORMAL__8224,8224,6930,10,0.0,0.1,0.0,0.0,0.0,0.0,0.0,0.0,56.37565616800778,12.367163053991248
8224-274384-0007_6930-76324-0002__T2__NORMAL__6930,6930,8224,10,0.0,0.1,0.0,0.0,0.0,0.0,0.0,0.0,44.41660522902214,18.903956294860137
8224-274384-0008_1188-133604-0031__T1__NORMAL__8224,8224,1188,7,0.0,0.0,0.0,0.0,0.0,0.0,0.0,0.0,56.14731820014278,15.013556285473673
8224-274384-0008_1188-133604-0031__T2__NORMAL__1188,1188,8224,7,0.0,0.0,0.0,0.0,0.0,0.0,0.0,0.0,46.68697421553202,20.15235473516864
8224-274384-0008_61-70970-0035__T1__NORMAL__8224,8224,61,13,0.0,0.0,0.07692307692307693,0.0,0.0,0.0,0.0,0.0,48.35260643366076,18.637992226388143
8224-274384-0008_61-70970-0035__T2__NORMAL__61,61,8224,13,0.0,0.15384615384615385,0.0,0.0,0.0,0.0,0.0,0.0,52.58865914071853,15.791326605456945
8224-274384-0009_3575-170457-0048__T1__NORMAL__8224,8224,3575,8,0.0,0.0,0.0,0.0,0.0,0.0,0.0,0.0,53.716680616732205,12.372433332351392
8224-274384-0009_3575-170457-0048__T2__NORMAL__3575,3575,8224,8,0.0,0.0,0.0,0.0,0.0,0.0,0.0,0.0,41.077513243106594,17.58337865507166
8224-274384-0013_1995-1826-0000__T1__NORMAL__8224,8224,1995,9,0.0,0.0,0.0,0.0,0.0,0.0,0.0,0.0,50.993179690293616,20.96437602539115
8224-274384-0013_1995-1826-0000__T2__NORMAL__1995,1995,8224,9,0.0,0.0,0.0,0.0,0.0,0.0,0.0,0.0,49.3197666428838,19.467509818322373
8224-274384-0013_5639-40744-0012__T1__NORMAL__8224,8224,5639,9,0.0,0.0,0.0,0.0,0.0,0.0,0.0,0.0,58.679937779326046,19.92579173549624
8224-274384-0013_5639-40744-0012__T2__NORMAL__5639,5639,8224,9,0.0,0.0,0.0,0.0,0.0,0.0,0.0,0.0,64.99608733057154,20.085962038231564
8230-279154-0001_8555-284447-0005__T1__NORMAL__8230,8230,8555,12,0.0,0.0,0.0,0.0,0.0,0.0,0.0,0.0,62.52472014978278,23.771092653068337
8230-279154-0001_8555-284447-0005__T2__NORMAL__8555,8555,8230,12,0.0,0.0,0.0,0.0,0.0,0.0,0.0,0.0,68.23821137647771,24.76567863408952
8230-279154-0003_1580-141083-0001__T1__NORMAL__8230,8230,1580,5,0.0,0.0,0.0,0.0,0.0,0.0,0.0,0.0,57.6984814237869,21.285629999516782
8230-279154-0003_1580-141083-0001__T2__NORMAL__1580,1580,8230,5,0.0,0.0,0.0,0.0,0.0,0.0,0.0,0.0,52.9515357839641,22.138929883249464
8230-279154-0003_2300-131720-0011__T1__NORMAL__8230,8230,2300,5,0.0,0.0,0.0,0.0,0.0,0.0,0.0,0.0,53.889971215648835,15.918436665851695
8230-279154-0003_2300-131720-0011__T2__NORMAL__2300,2300,8230,5,0.0,0.0,0.0,0.0,0.0,0.0,0.0,0.0,64.29216785980884,20.30928495073917
8230-279154-0003_3570-5695-0002__T1__NORMAL__8230,8230,3570,5,0.0,0.0,0.0,0.0,0.0,0.0,0.0,0.0,50.65719801856052,21.386544978455785
8230-279154-0003_3570-5695-0002__T2__NORMAL__3570,3570,8230,5,0.0,0.0,0.0,0.0,0.0,0.0,0.0,0.0,53.47156778454271,21.142026795200834
8230-279154-0004_7127-75947-0023__T1__NORMAL__8230,8230,7127,9,0.0,0.1111111111111111,0.2222222222222222,0.0,0.0,0.0,0.0,0.0,57.66887363739009,19.08689356236197
8230-279154-0004_7127-75947-0023__T2__NORMAL__7127,7127,8230,9,0.0,0.1111111111111111,0.0,0.0,0.0,0.0,0.0,0.0,61.11435625458599,20.674449524248075
8230-279154-0005_2300-131720-0038__T1__NORMAL__8230,8230,2300,10,0.0,0.0,0.0,0.0,0.0,0.0,0.0,0.0,44.43371709653923,17.152098382012927
8230-279154-0005_2300-131720-0038__T2__NORMAL__2300,2300,8230,10,0.0,0.0,0.0,0.0,0.0,0.0,0.0,0.0,49.188150498895496,12.663513878257138
8230-279154-0005_5683-32866-0002__T1__NORMAL__8230,8230,5683,9,0.0,0.0,0.0,0.0,0.0,0.0,0.0,0.0,58.965836732111384,23.75989462631708
8230-279154-0005_5683-32866-0002__T2__NORMAL__5683,5683,8230,9,0.0,0.0,0.0,0.0,0.0,0.0,0.0,0.0,60.75027577362952,18.996401489535945
8230-279154-0005_6829-68769-0028__T1__NORMAL__8230,8230,6829,5,0.0,0.0,0.0,0.0,0.0,0.0,0.0,0.0,61.9444810652066,18.04683848634724
8230-279154-0005_6829-68769-0028__T2__NORMAL__6829,6829,8230,5,0.0,0.0,0.0,0.0,0.0,0.0,0.0,0.0,69.80125883564673,24.378651143458363
8230-279154-0006_237-126133-0005__T1__NORMAL__8230,8230,237,12,0.0,0.08333333333333333,0.0,0.0,0.0,0.0,0.0,0.0,64.27914740331236,19.38329579636182
8230-279154-0006_237-126133-0005__T2__NORMAL__237,237,8230,12,0.0,0.0,0.0,0.0,0.0,0.0,0.0,0.0,63.5594177206443,26.108152982439805
8230-279154-0007_8555-292519-0007__T1__NORMAL__8230,8230,8555,15,0.0,0.0,0.0,0.0,0.0,0.0,0.0,0.0,54.48624080530864,22.012901187904905
8230-279154-0007_8555-292519-0007__T2__NORMAL__8555,8555,8230,15,0.0,0.06666666666666667,0.0,0.0,0.0,0.0,0.0,0.0,58.22958712593475,22.39941047701853
8230-279154-0008_7021-85628-0021__T1__NORMAL__8230,8230,7021,6,0.0,0.0,0.0,0.0,0.0,0.0,0.0,0.0,41.47239449412301,20.782090636264023
8230-279154-0008_7021-85628-0021__T2__NORMAL__7021,7021,8230,6,1.0,1.0,1.0,1.0,1.0,1.0,1.0,1.0,-39.248340001015244,-33.88759437703072
8230-279154-0008_8555-284447-0017__T1__NORMAL__8230,8230,8555,6,0.0,0.16666666666666666,0.0,0.0,0.0,0.0,0.0,0.0,53.115743486314784,24.187371531912312
8230-279154-0008_8555-284447-0017__T2__NORMAL__8555,8555,8230,6,0.0,0.0,0.0,0.0,0.0,0.0,0.0,0.0,60.67834155550823,19.353851699127635
8230-279154-0011_5683-32879-0002__T1__NORMAL__8230,8230,5683,11,0.0,0.09090909090909091,0.0,0.0,0.0,0.0,0.0,0.0,63.98332179961664,21.180956058952034
8230-279154-0011_5683-32879-0002__T2__NORMAL__5683,5683,8230,11,0.0,0.0,0.0,0.0,0.0,0.0,0.0,0.0,65.73646063169355,24.6174354342703
8230-279154-0012_260-123286-0005__T1__NORMAL__8230,8230,260,6,0.0,0.16666666666666666,0.0,0.0,0.0,0.0,0.0,0.0,52.702866473405784,17.328350898879346
8230-279154-0012_260-123286-0005__T2__NORMAL__260,260,8230,6,0.0,0.16666666666666666,0.0,0.0,0.0,0.0,0.0,0.0,53.69285112440164,21.437555797394488
8230-279154-0012_260-123288-0024__T1__NORMAL__8230,8230,260,6,0.0,0.0,0.0,0.0,0.0,0.0,0.0,0.0,49.63816297198911,21.75584918066784
8230-279154-0012_260-123288-0024__T2__NORMAL__260,260,8230,6,0.0,0.0,0.16666666666666666,0.0,0.0,0.0,0.0,0.0,55.86835865296723,17.45462386836465
8230-279154-0014_121-123859-0003__T1__NORMAL__8230,8230,121,13,0.0,0.0,0.0,0.0,0.0,0.0,0.0,0.0,57.393255892671775,20.58899530300448
8230-279154-0014_121-123859-0003__T2__NORMAL__121,121,8230,13,1.0,1.0,1.0,1.0,1.0,1.0,1.0,1.0,-56.77641858263948,-43.03912529892988
8230-279154-0015_1221-135767-0002__T1__NORMAL__8230,8230,1221,15,0.0,0.06666666666666667,0.0,0.0,0.0,0.0,0.0,0.0,48.205601110472394,17.25150955109605
8230-279154-0015_1221-135767-0002__T2__NORMAL__1221,1221,8230,15,0.0,0.0,0.0,0.0,0.0,0.0,0.0,0.0,48.93157012878058,19.15820394375393
8230-279154-0016_1188-133604-0004__T1__NORMAL__8230,8230,1188,20,0.0,0.05,0.0,0.0,0.0,0.0,0.0,0.0,50.26826585502431,19.45894134607874
8230-279154-0016_1188-133604-0004__T2__NORMAL__1188,1188,8230,20,0.0,0.0,0.0,0.0,0.0,0.0,0.0,0.0,53.80642971926879,21.09438330178905
8230-279154-0016_1580-141083-0030__T1__NORMAL__8230,8230,1580,5,0.0,0.0,0.0,0.0,0.0,0.0,0.0,0.0,58.41706794398023,19.410970964106703
8230-279154-0016_1580-141083-0030__T2__NORMAL__1580,1580,8230,5,0.0,0.0,0.0,0.0,0.0,0.0,0.0,0.0,56.63849118282515,24.294477470540905
8230-279154-0017_8224-274384-0004__T1__NORMAL__8230,8230,8224,14,0.0,0.0,0.0,0.0,0.0,0.0,0.0,0.0,47.66294329582406,19.5182290326996
8230-279154-0017_8224-274384-0004__T2__NORMAL__8224,8224,8230,14,0.0,0.0,0.0,0.0,0.0,0.0,0.0,0.0,55.70717112353681,19.79947437625517
8230-279154-0018_1284-1181-0008__T1__NORMAL__8230,8230,1284,11,0.0,0.0,0.0,0.0,0.0,0.0,0.0,0.0,63.19576355353558,24.191396808754263
8230-279154-0018_1284-1181-0008__T2__NORMAL__1284,1284,8230,11,0.0,0.0,0.0,0.0,0.0,0.0,0.0,0.0,63.1701885187938,19.978543407898265
8230-279154-0020_2961-960-0013__T1__NORMAL__8230,8230,2961,14,0.0,0.07142857142857142,0.0,0.0,0.0,0.0,0.0,0.0,54.301699646355196,20.14147026245079
8230-279154-0020_2961-960-0013__T2__NORMAL__2961,2961,8230,14,0.0,0.0,0.0,0.0,0.0,0.0,0.0,0.0,54.96924688513853,16.174557677125655
8230-279154-0021_1995-1826-0011__T1__NORMAL__8230,8230,1995,12,0.0,0.0,0.0,0.0,0.0,0.0,0.0,0.0,55.448603817824456,24.007325679632714
8230-279154-0021_1995-1826-0011__T2__NORMAL__1995,1995,8230,12,0.0,0.0,0.08333333333333333,0.0,0.0,0.0,0.0,0.0,58.3567892115224,21.499107791022134
8230-279154-0022_1284-1181-0020__T1__NORMAL__8230,8230,1284,11,0.0,0.0,0.0,0.0,0.0,0.0,0.0,0.0,53.459277290346286,21.62298859790793
8230-279154-0022_1284-1181-0020__T2__NORMAL__1284,1284,8230,11,0.0,0.0,0.0,0.0,0.0,0.0,0.0,0.0,56.16686915062892,17.19475418043408
8230-279154-0022_237-126133-0008__T1__NORMAL__8230,8230,237,6,0.0,0.0,0.0,0.0,0.0,0.0,0.0,0.0,57.747650614513304,19.709952722426948
8230-279154-0022_237-126133-0008__T2__NORMAL__237,237,8230,6,0.0,0.0,0.0,0.0,0.0,0.0,0.0,0.0,60.72003651145587,22.462517088378046
8230-279154-0022_4446-2271-0009__T1__NORMAL__8230,8230,4446,11,0.0,0.2727272727272727,0.09090909090909091,0.0,0.0,0.0,0.0,0.0,48.78655085990246,19.979192374233925
8230-279154-0022_4446-2271-0009__T2__NORMAL__4446,4446,8230,11,0.0,0.0,0.0,0.0,0.0,0.0,0.0,0.0,60.455033463317,16.541806098205996
8230-279154-0023_260-123286-0002__T1__NORMAL__8230,8230,260,11,0.0,0.0,0.0,0.0,0.0,0.0,0.0,0.0,54.95725837870011,17.219049726897445
8230-279154-0023_260-123286-0002__T2__NORMAL__260,260,8230,11,0.0,0.0,0.0,0.0,0.0,0.0,0.0,0.0,51.981709648799296,21.46630875297977
8230-279154-0024_8463-287645-0014__T1__NORMAL__8230,8230,8463,5,0.0,0.0,0.0,0.0,0.0,0.0,0.0,0.0,61.22302630661761,21.66529008053368
8230-279154-0024_8463-287645-0014__T2__NORMAL__8463,8463,8230,5,0.0,0.0,0.0,0.0,0.0,0.0,0.0,0.0,64.67650826342458,21.10781170577008
8230-279154-0026_2300-131720-0034__T1__NORMAL__8230,8230,2300,16,0.0,0.0625,0.0,0.0,0.0,0.0,0.0,0.0,47.57480261589093,23.1651341841404
8230-279154-0026_2300-131720-0034__T2__NORMAL__2300,2300,8230,16,0.0,0.0,0.0,0.0,0.0,0.0,0.0,0.0,53.029482858632534,15.708576012450594
8230-279154-0026_672-122797-0020__T1__NORMAL__8230,8230,672,16,0.0,0.0625,0.0625,0.0,0.0,0.0,0.0,0.0,50.325627665442646,20.81767945991712
8230-279154-0026_672-122797-0020__T2__NORMAL__672,672,8230,16,0.0,0.0,0.0,0.0,0.0,0.0,0.0,0.0,57.48907954803303,17.56231153485481
8230-279154-0027_672-122797-0057__T1__NORMAL__8230,8230,672,10,0.0,0.0,0.0,0.0,0.0,0.0,0.0,0.0,56.29610441409112,18.42859419925467
8230-279154-0027_672-122797-0057__T2__NORMAL__672,672,8230,10,1.0,0.9,1.0,1.0,0.9,0.9,0.9,0.9,-55.403534345382994,-55.82415988298173
8230-279154-0027_7127-75946-0021__T1__NORMAL__8230,8230,7127,5,0.0,0.0,0.0,0.0,0.0,0.0,0.0,0.0,50.42134713047688,14.942269962853896
8230-279154-0027_7127-75946-0021__T2__NORMAL__7127,7127,8230,5,0.0,0.0,0.0,0.0,0.0,0.0,0.0,0.0,52.20987877579104,26.534949157612942
8230-279154-0029_4446-2275-0022__T1__NORMAL__8230,8230,4446,5,0.0,0.0,0.0,0.0,0.0,0.0,0.0,0.0,60.18382557815441,19.546834389089906
8230-279154-0029_4446-2275-0022__T2__NORMAL__4446,4446,8230,5,0.0,0.0,0.0,0.0,0.0,0.0,0.0,0.0,55.45970767324398,21.51109819397237
8230-279154-0029_61-70968-0025__T1__NORMAL__8230,8230,61,7,0.0,0.0,0.0,0.0,0.0,0.0,0.0,0.0,48.24253211703785,18.20780568506685
8230-279154-0029_61-70968-0025__T2__NORMAL__61,61,8230,7,0.0,0.14285714285714285,0.0,0.0,0.0,0.0,0.0,0.0,50.951439996568126,18.70799169079793
8230-279154-0029_61-70970-0032__T1__NORMAL__8230,8230,61,5,0.0,0.0,0.0,0.0,0.0,0.0,0.0,0.0,51.66691882736469,17.432600465076977
8230-279154-0029_61-70970-0032__T2__NORMAL__61,61,8230,5,0.0,0.0,0.0,0.0,0.0,0.0,0.0,0.0,49.595132586801,15.817231699815196
8230-279154-0030_121-127105-0001__T1__NORMAL__8230,8230,121,9,0.0,0.0,0.0,0.0,0.0,0.0,0.0,0.0,56.65737825900479,18.49020042430384
8230-279154-0030_121-127105-0001__T2__NORMAL__121,121,8230,9,0.0,0.2222222222222222,0.0,0.0,0.0,0.0,0.0,0.0,53.15260944947434,23.44256811917917
8230-279154-0030_61-70970-0030__T1__NORMAL__8230,8230,61,5,0.0,0.2,0.0,0.0,0.0,0.0,0.0,0.0,50.086804850728086,20.14785675677078
8230-279154-0030_61-70970-0030__T2__NORMAL__61,61,8230,5,0.0,0.0,0.0,0.0,0.0,0.0,0.0,0.0,53.40445413505088,14.364857744013548
8230-279154-0030_6829-68769-0018__T1__NORMAL__8230,8230,6829,13,0.0,0.0,0.0,0.0,0.0,0.0,0.0,0.0,54.221179280110135,18.660429251822503
8230-279154-0030_6829-68769-0018__T2__NORMAL__6829,6829,8230,13,0.0,0.07692307692307693,0.0,0.0,0.0,0.0,0.0,0.0,53.00107457796202,20.16061707989552
8230-279154-0031_121-123859-0003__T1__NORMAL__8230,8230,121,18,0.0,0.0,0.0,0.0,0.0,0.0,0.0,0.0,62.61020149615146,20.179265769249785
8230-279154-0031_121-123859-0003__T2__NORMAL__121,121,8230,18,0.0,0.0,0.0,0.0,0.0,0.0,0.0,0.0,59.76821194085973,22.176518320464893
8230-279154-0031_237-126133-0016__T1__NORMAL__8230,8230,237,7,0.0,0.0,0.0,0.0,0.0,0.0,0.0,0.0,58.80834544875251,19.684120829762108
8230-279154-0031_237-126133-0016__T2__NORMAL__237,237,8230,7,0.0,0.0,0.0,0.0,0.0,0.0,0.0,0.0,58.88642152206677,28.11658002720488
8230-279154-0032_2830-3980-0028__T1__NORMAL__8230,8230,2830,6,0.0,0.0,0.0,0.0,0.0,0.0,0.0,0.0,37.12533246584578,16.276411586446464
8230-279154-0032_2830-3980-0028__T2__NORMAL__2830,2830,8230,6,0.0,0.0,0.0,0.0,0.0,0.0,0.0,0.0,51.54984517740013,13.332270536796514
8230-279154-0032_3570-5695-0000__T1__NORMAL__8230,8230,3570,6,0.0,0.0,0.0,0.0,0.0,0.0,0.0,0.0,56.09376299754367,23.276973626152085
8230-279154-0032_3570-5695-0000__T2__NORMAL__3570,3570,8230,6,0.0,0.0,0.0,0.0,0.0,0.0,0.0,0.0,59.19329089318131,23.08294067260209
8230-279154-0032_61-70968-0008__T1__NORMAL__8230,8230,61,6,0.0,0.0,0.0,0.0,0.0,0.0,0.0,0.0,47.747152946671946,16.281358747534288
8230-279154-0032_61-70968-0008__T2__NORMAL__61,61,8230,6,0.0,0.0,0.0,0.0,0.0,0.0,0.0,0.0,51.12080086221536,18.201127557554347
8230-279154-0032_8555-284447-0020__T1__NORMAL__8230,8230,8555,6,0.0,0.0,0.0,0.0,0.0,0.0,0.0,0.0,46.59999334695822,22.79565302209032
8230-279154-0032_8555-284447-0020__T2__NORMAL__8555,8555,8230,6,0.0,0.0,0.0,0.0,0.0,0.0,0.0,0.0,52.515096345543746,24.03132436715025
8230-279154-0034_5142-33396-0014__T1__NORMAL__8230,8230,5142,5,0.0,0.0,0.0,0.0,0.0,0.0,0.0,0.0,60.20872204748606,22.85923995820293
8230-279154-0034_5142-33396-0014__T2__NORMAL__5142,5142,8230,5,0.0,0.0,0.0,0.0,0.0,0.0,0.0,0.0,66.5307674892521,23.837646221133475
8230-279154-0035_1188-133604-0036__T1__NORMAL__8230,8230,1188,14,0.0,0.0,0.0,0.0,0.0,0.0,0.0,0.0,47.66324628829661,20.068181525472884
8230-279154-0035_1188-133604-0036__T2__NORMAL__1188,1188,8230,14,0.0,0.0,0.0,0.0,0.0,0.0,0.0,0.0,52.77075273450787,19.776342449017736
8230-279154-0035_1580-141084-0047__T1__NORMAL__8230,8230,1580,9,0.0,0.0,0.0,0.0,0.0,0.0,0.0,0.0,61.82636651787689,21.623026071561537
8230-279154-0035_1580-141084-0047__T2__NORMAL__1580,1580,8230,9,0.0,0.0,0.0,0.0,0.0,0.0,0.0,0.0,59.56242221410152,23.208653813322044
8230-279154-0036_2961-960-0005__T1__NORMAL__8230,8230,2961,5,0.0,0.0,0.0,0.0,0.0,0.0,0.0,0.0,57.92753793674996,21.913615056434303
8230-279154-0036_2961-960-0005__T2__NORMAL__2961,2961,8230,5,0.0,0.0,0.0,0.0,0.0,0.0,0.0,0.0,66.4991995676842,22.341609388964887
8230-279154-0036_5142-33396-0034__T1__NORMAL__8230,8230,5142,5,0.0,0.0,0.0,0.0,0.0,0.0,0.0,0.0,60.26288918880825,23.346102948095425
8230-279154-0036_5142-33396-0034__T2__NORMAL__5142,5142,8230,5,0.0,0.0,0.0,0.0,0.0,0.0,0.0,0.0,55.360093651238536,23.469456547830017
8230-279154-0039_1320-122617-0031__T1__NORMAL__8230,8230,1320,8,1.0,1.0,1.0,1.0,1.0,1.0,1.0,1.0,-58.347905769897054,-32.72147028904656
8230-279154-0039_1320-122617-0031__T2__NORMAL__1320,1320,8230,8,0.0,0.0,0.0,0.0,0.0,0.0,0.0,0.0,57.259275326058635,19.63511392093808
8230-279154-0039_4446-2273-0007__T1__NORMAL__8230,8230,4446,5,0.0,0.0,0.0,0.0,0.0,0.0,0.0,0.0,54.63785813348943,23.636666156300016
8230-279154-0039_4446-2273-0007__T2__NORMAL__4446,4446,8230,5,0.0,0.0,0.0,0.0,0.0,0.0,0.0,0.0,55.11901850074888,26.222188020531124
8455-210777-0000_5142-33396-0051__T1__NORMAL__8455,8455,5142,10,0.0,0.0,0.0,0.0,0.0,0.0,0.0,0.0,64.40720390394458,19.65074960815653
8455-210777-0000_5142-33396-0051__T2__NORMAL__5142,5142,8455,10,0.0,0.0,0.0,0.1,0.0,0.0,0.0,0.0,62.12441763155579,22.95302341265192
8455-210777-0000_61-70968-0011__T1__NORMAL__8455,8455,61,11,0.0,0.0,0.0,0.0,0.0,0.0,0.0,0.0,53.757251602642164,18.559351412125967
8455-210777-0000_61-70968-0011__T2__NORMAL__61,61,8455,11,0.0,0.09090909090909091,0.0,0.0,0.0,0.0,0.0,0.0,55.377470995344204,17.157504093080757
8455-210777-0001_237-126133-0021__T1__NORMAL__8455,8455,237,7,0.0,0.0,0.0,0.0,0.0,0.0,0.0,0.0,59.787120335106174,19.05154501806984
8455-210777-0001_237-126133-0021__T2__NORMAL__237,237,8455,7,0.0,0.0,0.0,0.0,0.0,0.0,0.0,0.0,54.365583955949674,20.89282124486301
8455-210777-0002_8230-279154-0015__T1__NORMAL__8455,8455,8230,11,0.0,0.0,0.0,0.0,0.0,0.0,0.0,0.0,56.41884477998106,20.311132569331782
8455-210777-0002_8230-279154-0015__T2__NORMAL__8230,8230,8455,11,0.0,0.18181818181818182,0.0,0.0,0.0,0.0,0.0,0.0,54.20355837898269,19.552820902751773
8455-210777-0003_237-126133-0025__T1__NORMAL__8455,8455,237,6,0.0,0.0,0.0,0.0,0.0,0.0,0.0,0.0,72.07307932944731,21.705589299455497
8455-210777-0003_237-126133-0025__T2__NORMAL__237,237,8455,6,0.0,0.0,0.0,0.0,0.0,0.0,0.0,0.0,63.69772848573424,21.69382069324837
8455-210777-0003_908-157963-0011__T1__NORMAL__8455,8455,908,19,0.0,0.0,0.0,0.0,0.0,0.0,0.0,0.0,46.08264464150468,17.278430607822862
8455-210777-0003_908-157963-0011__T2__NORMAL__908,908,8455,19,0.0,0.05263157894736842,0.0,0.05263157894736842,0.0,0.0,0.0,0.0,48.79230571110656,17.038877344960042
8455-210777-0004_4507-16021-0034__T1__NORMAL__8455,8455,4507,14,0.0,0.0,0.0,0.0,0.0,0.0,0.0,0.0,54.85421833533701,17.953137476162116
8455-210777-0004_4507-16021-0034__T2__NORMAL__4507,4507,8455,14,0.0,0.14285714285714285,0.0,0.0,0.0,0.0,0.0,0.0,53.57852410752053,16.080820355656343
8455-210777-0005_2830-3980-0074__T1__NORMAL__8455,8455,2830,10,0.0,0.1,0.0,0.0,0.0,0.0,0.0,0.0,36.75654112934121,14.86953825615171
8455-210777-0005_2830-3980-0074__T2__NORMAL__2830,2830,8455,10,0.0,0.1,0.1,0.0,0.0,0.0,0.0,0.0,50.40609612827023,13.239511083497929
8455-210777-0006_1995-1826-0022__T1__NORMAL__8455,8455,1995,8,0.0,0.0,0.0,0.0,0.0,0.0,0.0,0.0,55.39819791147738,19.215723628130803
8455-210777-0006_1995-1826-0022__T2__NORMAL__1995,1995,8455,8,0.0,0.0,0.0,0.0,0.0,0.0,0.0,0.0,53.697912625983676,18.12892715322366
8455-210777-0006_2830-3979-0007__T1__NORMAL__8455,8455,2830,8,0.0,0.0,0.0,0.0,0.0,0.0,0.0,0.0,49.05554412595744,19.65403723891902
8455-210777-0006_2830-3979-0007__T2__NORMAL__2830,2830,8455,8,0.0,0.0,0.0,0.125,0.0,0.0,0.0,0.0,50.30466878905707,16.362169116587864
8455-210777-0008_8555-292519-0000__T1__NORMAL__8455,8455,8555,22,0.0,0.0,0.0,0.0,0.0,0.0,0.0,0.0,59.9536488035241,21.328557553102065
8455-210777-0008_8555-292519-0000__T2__NORMAL__8555,8555,8455,22,0.0,0.045454545454545456,0.0,0.045454545454545456,0.0,0.0,0.0,0.0,60.694483808878,19.02597652270708
8455-210777-0009_2830-3980-0068__T1__NORMAL__8455,8455,2830,8,0.0,0.125,0.0,0.0,0.0,0.0,0.0,0.0,48.67687020100995,13.343904917412594
8455-210777-0009_2830-3980-0068__T2__NORMAL__2830,2830,8455,8,0.0,0.0,0.0,0.0,0.0,0.0,0.0,0.0,57.59542157043991,17.642308793016838
8455-210777-0009_4970-29093-0004__T1__NORMAL__8455,8455,4970,6,0.0,0.0,0.0,0.0,0.0,0.0,0.0,0.0,60.204219448356895,20.024165061654795
8455-210777-0009_4970-29093-0004__T2__NORMAL__4970,4970,8455,6,0.0,0.0,0.0,0.0,0.0,0.0,0.0,0.0,55.11215945482843,21.5572905849998
8455-210777-0010_1995-1826-0024__T1__NORMAL__8455,8455,1995,5,0.0,0.0,0.0,0.0,0.0,0.0,0.0,0.0,62.99412166486324,21.794476900330466
8455-210777-0010_1995-1826-0024__T2__NORMAL__1995,1995,8455,5,0.0,0.0,0.0,0.0,0.0,0.0,0.0,0.0,58.93710462115266,21.02912268769145
8455-210777-0012_61-70970-0033__T1__NORMAL__8455,8455,61,5,0.0,0.0,0.0,0.0,0.0,0.0,0.0,0.0,46.953949906153994,14.33989219693175
8455-210777-0012_61-70970-0033__T2__NORMAL__61,61,8455,5,0.4,0.4,0.6,0.4,0.2,0.0,0.0,0.0,3.1884529220260176,-0.3135427925070093
8455-210777-0013_1221-135766-0007__T1__NORMAL__8455,8455,1221,13,0.0,0.0,0.0,0.0,0.0,0.0,0.0,0.0,61.11110819862742,15.509483126987016
8455-210777-0013_1221-135766-0007__T2__NORMAL__1221,1221,8455,13,0.0,0.0,0.0,0.0,0.0,0.0,0.0,0.0,57.731798569065106,21.0028258346103
8455-210777-0013_4446-2275-0023__T1__NORMAL__8455,8455,4446,6,0.0,0.0,0.0,0.0,0.0,0.0,0.0,0.0,46.80293023257274,15.777083625360028
8455-210777-0013_4446-2275-0023__T2__NORMAL__4446,4446,8455,6,1.0,1.0,1.0,1.0,1.0,1.0,1.0,1.0,-46.77523775829935,-30.198072747525664
8455-210777-0015_1284-1180-0021__T1__NORMAL__8455,8455,1284,16,0.0,0.0,0.0,0.0,0.0,0.0,0.0,0.0,61.20594693610314,18.53164629225329
8455-210777-0015_1284-1180-0021__T2__NORMAL__1284,1284,8455,16,0.0,0.0,0.0625,0.0,0.0,0.0,0.0,0.0,60.11365106532808,18.604381222139537
8455-210777-0015_61-70968-0030__T1__NORMAL__8455,8455,61,10,0.0,0.0,0.0,0.0,0.0,0.0,0.0,0.0,52.04359810938274,18.411801915517497
8455-210777-0015_61-70968-0030__T2__NORMAL__61,61,8455,10,0.0,0.1,0.0,0.0,0.0,0.0,0.0,0.0,54.416606191041716,17.752150305724413
8455-210777-0015_61-70970-0011__T1__NORMAL__8455,8455,61,11,0.0,0.0,0.0,0.0,0.0,0.0,0.0,0.0,46.55600319682756,15.842397024422
8455-210777-0015_61-70970-0011__T2__NORMAL__61,61,8455,11,0.0,0.0,0.0,0.0,0.0,0.0,0.0,0.0,46.161937471080364,18.756479898875863
8455-210777-0016_2830-3980-0030__T1__NORMAL__8455,8455,2830,9,0.0,0.0,0.0,0.0,0.0,0.0,0.0,0.0,44.34380781114365,13.894445228756185
8455-210777-0016_2830-3980-0030__T2__NORMAL__2830,2830,8455,9,0.0,0.0,0.0,0.0,0.0,0.0,0.0,0.0,41.05971432029001,19.20652408663425
8455-210777-0017_260-123286-0013__T1__NORMAL__8455,8455,260,8,0.0,0.125,0.0,0.0,0.0,0.0,0.0,0.0,57.73603556343733,16.333138625916533
8455-210777-0017_260-123286-0013__T2__NORMAL__260,260,8455,8,0.0,0.0,0.0,0.125,0.0,0.0,0.0,0.0,51.81225636891094,18.80315603808496
8455-210777-0017_672-122797-0038__T1__NORMAL__8455,8455,672,9,0.0,0.0,0.0,0.0,0.0,0.0,0.0,0.0,47.6379897664152,17.27619765796837
8455-210777-0017_672-122797-0038__T2__NORMAL__672,672,8455,9,0.0,0.0,0.0,0.0,0.0,0.0,0.0,0.0,52.770238780605354,15.206189570656369
8455-210777-0018_1995-1836-0001__T1__NORMAL__8455,8455,1995,9,0.0,0.0,0.0,0.0,0.0,0.0,0.0,0.0,57.6042590666617,21.805375744611368
8455-210777-0018_1995-1836-0001__T2__NORMAL__1995,1995,8455,9,0.0,0.0,0.0,0.0,0.0,0.0,0.0,0.0,54.96010165346752,18.186936961443514
8455-210777-0018_5142-36377-0015__T1__NORMAL__8455,8455,5142,6,0.0,0.0,0.0,0.0,0.0,0.0,0.0,0.0,54.08214776595724,16.228664507822387
8455-210777-0018_5142-36377-0015__T2__NORMAL__5142,5142,8455,6,0.0,0.16666666666666666,0.0,0.0,0.0,0.0,0.0,0.0,52.32523625516848,17.62371994442446
8455-210777-0019_2094-142345-0059__T1__NORMAL__8455,8455,2094,15,0.0,0.0,0.0,0.0,0.0,0.0,0.0,0.0,41.488059320148636,12.112062178893288
8455-210777-0019_2094-142345-0059__T2__NORMAL__2094,2094,8455,15,0.0,0.0,0.0,0.0,0.0,0.0,0.0,0.0,51.921596355204215,10.2027239663578
8455-210777-0019_61-70968-0051__T1__NORMAL__8455,8455,61,5,0.0,0.0,0.0,0.0,0.0,0.0,0.0,0.0,62.83406740221666,12.197193836664669
8455-210777-0019_61-70968-0051__T2__NORMAL__61,61,8455,5,0.0,0.2,0.0,0.0,0.0,0.0,0.0,0.0,48.52563279617077,20.44507585270847
8455-210777-0020_61-70968-0054__T1__NORMAL__8455,8455,61,5,0.0,0.0,0.0,0.0,0.0,0.0,0.0,0.0,44.29191973665827,18.15944895726608
8455-210777-0020_61-70968-0054__T2__NORMAL__61,61,8455,5,0.0,0.0,0.0,0.0,0.0,0.0,0.0,0.0,48.28008493557424,16.546656303050096
8455-210777-0020_6930-81414-0013__T1__NORMAL__8455,8455,6930,5,0.0,0.0,0.0,0.0,0.0,0.0,0.0,0.0,61.941757099217114,14.987877519232388
8455-210777-0020_6930-81414-0013__T2__NORMAL__6930,6930,8455,5,0.0,0.0,0.0,0.0,0.0,0.0,0.0,0.0,50.947258893659416,20.9540098742115
8455-210777-0020_8463-294828-0036__T1__NORMAL__8455,8455,8463,5,0.0,0.0,0.2,0.0,0.0,0.0,0.0,0.0,57.802580966723326,21.06040953714761
8455-210777-0020_8463-294828-0036__T2__NORMAL__8463,8463,8455,5,0.0,0.0,0.0,0.0,0.0,0.0,0.0,0.0,58.102121167119925,20.10240431537574
8455-210777-0022_121-127105-0011__T1__NORMAL__8455,8455,121,10,0.0,0.0,0.0,0.0,0.0,0.0,0.0,0.0,54.63314047815775,14.403411413120317
8455-210777-0022_121-127105-0011__T2__NORMAL__121,121,8455,10,0.0,0.0,0.0,0.0,0.0,0.0,0.0,0.0,54.50554180383857,19.55151748214293
8455-210777-0025_6930-75918-0009__T1__NORMAL__8455,8455,6930,6,0.0,0.0,0.0,0.0,0.0,0.0,0.0,0.0,64.5245971653675,14.260669104901552
8455-210777-0025_6930-75918-0009__T2__NORMAL__6930,6930,8455,6,0.0,0.0,0.0,0.0,0.0,0.0,0.0,0.0,52.57711682422656,22.0353855438921
8455-210777-0025_8555-292519-0008__T1__NORMAL__8455,8455,8555,6,0.0,0.0,0.0,0.0,0.0,0.0,0.0,0.0,42.07091088048211,19.57625358049096
8455-210777-0025_8555-292519-0008__T2__NORMAL__8555,8555,8455,6,0.0,0.0,0.0,0.0,0.0,0.0,0.0,0.0,43.57434852284185,16.987866515304642
8455-210777-0026_4077-13754-0014__T1__NORMAL__8455,8455,4077,5,0.0,0.0,0.0,0.0,0.0,0.0,0.0,0.0,47.247720750603676,15.449833552661982
8455-210777-0026_4077-13754-0014__T2__NORMAL__4077,4077,8455,5,0.0,0.0,0.0,0.0,0.0,0.0,0.0,0.0,45.09758402730366,17.659337224238502
8455-210777-0026_4992-41806-0007__T1__NORMAL__8455,8455,4992,5,0.0,0.0,0.0,0.0,0.0,0.0,0.0,0.0,52.29615740083746,19.06081526854704
8455-210777-0026_4992-41806-0007__T2__NORMAL__4992,4992,8455,5,0.0,0.0,0.0,0.0,0.0,0.0,0.0,0.0,59.411072685578816,16.842860529738413
8455-210777-0027_6930-76324-0021__T1__NORMAL__8455,8455,6930,13,0.0,0.0,0.0,0.0,0.0,0.0,0.0,0.0,48.51724668640212,10.237407425792352
8455-210777-0027_6930-76324-0021__T2__NORMAL__6930,6930,8455,13,0.0,0.0,0.0,0.0,0.0,0.0,0.0,0.0,47.17728979043601,16.90236292161826
8455-210777-0028_6930-76324-0024__T1__NORMAL__8455,8455,6930,6,0.0,0.0,0.0,0.0,0.0,0.0,0.0,0.0,45.0843389657108,11.989932532306998
8455-210777-0028_6930-76324-0024__T2__NORMAL__6930,6930,8455,6,0.0,0.0,0.0,0.0,0.0,0.0,0.0,0.0,57.802974796863715,13.293377121543852
8455-210777-0029_1089-134686-0020__T1__NORMAL__8455,8455,1089,5,0.0,0.0,0.0,0.0,0.0,0.0,0.0,0.0,63.81729722309225,20.763776988480497
8455-210777-0029_1089-134686-0020__T2__NORMAL__1089,1089,8455,5,0.0,0.0,0.0,0.0,0.0,0.0,0.0,0.0,55.07299122430347,22.137541249038648
8455-210777-0029_1580-141083-0035__T1__NORMAL__8455,8455,1580,5,0.0,0.0,0.0,0.0,0.0,0.0,0.0,0.0,46.4138119748563,15.03624548122629
8455-210777-0029_1580-141083-0035__T2__NORMAL__1580,1580,8455,5,0.0,0.0,0.0,0.0,0.0,0.0,0.0,0.0,43.80756482420909,22.50363808952604
8455-210777-0029_7176-92135-0017__T1__NORMAL__8455,8455,7176,5,0.0,0.0,0.0,0.0,0.0,0.0,0.0,0.0,42.5477671422422,22.519324449272567
8455-210777-0029_7176-92135-0017__T2__NORMAL__7176,7176,8455,5,0.0,0.0,0.0,0.0,0.0,0.0,0.0,0.0,49.73252011104006,1.920815159392632
8455-210777-0030_8463-294825-0004__T1__NORMAL__8455,8455,8463,6,0.0,0.0,0.0,0.0,0.0,0.0,0.0,0.0,62.83114653135781,23.54380812394994
8455-210777-0030_8463-294825-0004__T2__NORMAL__8463,8463,8455,6,0.0,0.0,0.0,0.0,0.0,0.0,0.0,0.0,65.43424702098868,21.26878815026151
8455-210777-0031_121-127105-0028__T1__NORMAL__8455,8455,121,12,0.0,0.0,0.0,0.0,0.0,0.0,0.0,0.0,59.68289969476379,17.720749880717438
8455-210777-0031_121-127105-0028__T2__NORMAL__121,121,8455,12,0.0,0.0,0.0,0.0,0.0,0.0,0.0,0.0,55.3997526305416,18.68755651470115
8455-210777-0031_6829-68769-0030__T1__NORMAL__8455,8455,6829,8,0.0,0.0,0.0,0.0,0.0,0.0,0.0,0.0,64.8849425675206,23.848452134140345
8455-210777-0031_6829-68769-0030__T2__NORMAL__6829,6829,8455,8,0.0,0.0,0.0,0.0,0.0,0.0,0.0,0.0,58.708673981016474,18.238477471551448
8455-210777-0033_1284-1180-0008__T1__NORMAL__8455,8455,1284,14,0.0,0.07142857142857142,0.0,0.0,0.0,0.0,0.0,0.0,58.58981785444762,18.565220800551124
8455-210777-0033_1284-1180-0008__T2__NORMAL__1284,1284,8455,14,0.0,0.0,0.07142857142857142,0.07142857142857142,0.0,0.0,0.0,0.0,55.46942051950976,18.63565022429034
8455-210777-0033_1580-141084-0016__T1__NORMAL__8455,8455,1580,10,0.0,0.1,0.0,0.0,0.0,0.0,0.0,0.0,67.67713059084832,20.96536381978408
8455-210777-0033_1580-141084-0016__T2__NORMAL__1580,1580,8455,10,0.0,0.0,0.0,0.0,0.0,0.0,0.0,0.0,63.04860008037279,21.154704408371444
8455-210777-0034_4970-29095-0008__T1__NORMAL__8455,8455,4970,5,0.0,0.0,0.0,0.0,0.0,0.0,0.0,0.0,56.787869270169836,17.28882879241453
8455-210777-0034_4970-29095-0008__T2__NORMAL__4970,4970,8455,5,0.0,0.2,0.2,0.2,0.2,0.0,0.2,0.0,51.16039271605302,19.21044796802764
8455-210777-0034_5639-40744-0023__T1__NORMAL__8455,8455,5639,14,0.0,0.0,0.0,0.0,0.0,0.0,0.0,0.0,58.68884124776738,15.062899872656264
8455-210777-0034_5639-40744-0023__T2__NORMAL__5639,5639,8455,14,0.0,0.07142857142857142,0.0,0.07142857142857142,0.0,0.0,0.0,0.0,48.2044615269558,19.97733917886446
8455-210777-0034_8555-284449-0004__T1__NORMAL__8455,8455,8555,14,0.0,0.0,0.0,0.0,0.0,0.0,0.0,0.0,56.74485335022683,15.514053212547877
8455-210777-0034_8555-284449-0004__T2__NORMAL__8555,8555,8455,14,0.0,0.0,0.0,0.07142857142857142,0.0,0.0,0.0,0.0,50.54123275460189,20.13365309422339
8455-210777-0035_7176-92135-0008__T1__NORMAL__8455,8455,7176,7,0.0,0.0,0.0,0.0,0.0,0.0,0.0,0.0,48.789703607383196,19.937430940471724
8455-210777-0035_7176-92135-0008__T2__NORMAL__7176,7176,8455,7,0.0,0.14285714285714285,0.0,0.0,0.0,0.0,0.0,0.0,49.9598355406306,17.407721314432184
8455-210777-0037_8463-294828-0009__T1__NORMAL__8455,8455,8463,7,0.0,0.0,0.0,0.0,0.0,0.0,0.0,0.0,58.93208738802639,19.58591545947888
8455-210777-0037_8463-294828-0009__T2__NORMAL__8463,8463,8455,7,0.0,0.0,0.0,0.0,0.0,0.0,0.0,0.0,56.209902687914216,21.707750907566226
8455-210777-0039_1580-141083-0033__T1__NORMAL__8455,8455,1580,10,0.0,0.0,0.0,0.0,0.0,0.0,0.0,0.0,53.366828929576016,21.21358765171956
8455-210777-0039_1580-141083-0033__T2__NORMAL__1580,1580,8455,10,0.0,0.0,0.0,0.0,0.0,0.0,0.0,0.0,52.43385120909329,18.68783387621552
8455-210777-0040_1995-1826-0020__T1__NORMAL__8455,8455,1995,11,0.0,0.0,0.0,0.0,0.0,0.0,0.0,0.0,61.76043509577291,19.382654528085126
8455-210777-0040_1995-1826-0020__T2__NORMAL__1995,1995,8455,11,0.0,0.0,0.0,0.0,0.0,0.0,0.0,0.0,58.08186722388462,20.76099464811693
8455-210777-0040_7127-75946-0028__T1__NORMAL__8455,8455,7127,11,0.0,0.09090909090909091,0.0,0.0,0.0,0.0,0.0,0.0,47.003936262891564,16.416372301895585
8455-210777-0040_7127-75946-0028__T2__NORMAL__7127,7127,8455,11,0.0,0.09090909090909091,0.0,0.0,0.0,0.0,0.0,0.0,46.477820283506325,15.707157486322131
8455-210777-0041_5683-32879-0019__T1__NORMAL__8455,8455,5683,11,0.0,0.0,0.0,0.0,0.0,0.0,0.0,0.0,64.20903205668357,14.257302210097444
8455-210777-0041_5683-32879-0019__T2__NORMAL__5683,5683,8455,11,0.0,0.09090909090909091,0.0,0.09090909090909091,0.0,0.0,0.0,0.0,50.44177114646639,18.948959920606683
8455-210777-0042_4077-13754-0014__T1__NORMAL__8455,8455,4077,8,0.0,0.125,0.0,0.0,0.0,0.0,0.0,0.0,41.6191789282651,18.692755083997334
8455-210777-0042_4077-13754-0014__T2__NORMAL__4077,4077,8455,8,0.0,0.0,0.0,0.0,0.0,0.0,0.0,0.0,44.71194067276381,14.456397470639091
8455-210777-0042_5639-40744-0037__T1__NORMAL__8455,8455,5639,8,0.0,0.0,0.0,0.0,0.0,0.0,0.0,0.0,51.0365161536826,19.5017939496974
8455-210777-0042_5639-40744-0037__T2__NORMAL__5639,5639,8455,8,0.0,0.125,0.0,0.0,0.0,0.0,0.0,0.0,54.40305750792798,17.20602830252169
8455-210777-0042_8555-284449-0020__T1__NORMAL__8455,8455,8555,8,0.0,0.0,0.0,0.0,0.0,0.0,0.0,0.0,62.919824336943975,19.18040411948871
8455-210777-0042_8555-284449-0020__T2__NORMAL__8555,8555,8455,8,0.0,0.125,0.0,0.0,0.0,0.0,0.0,0.0,68.36509239372216,20.59947203744597
8455-210777-0043_4992-41806-0005__T1__NORMAL__8455,8455,4992,5,0.0,0.0,0.0,0.0,0.0,0.0,0.0,0.0,40.16790829782242,16.306454909946105
8455-210777-0043_4992-41806-0005__T2__NORMAL__4992,4992,8455,5,0.0,0.2,0.0,0.0,0.0,0.0,0.0,0.0,56.59207852143097,15.22287930663404
8455-210777-0044_4507-16021-0015__T1__NORMAL__8455,8455,4507,6,0.0,0.0,0.0,0.0,0.0,0.0,0.0,0.0,53.013996868005215,13.2177074306331
8455-210777-0044_4507-16021-0015__T2__NORMAL__4507,4507,8455,6,0.0,0.0,0.0,0.0,0.0,0.0,0.0,0.0,45.18519865634667,18.950655141121675
8455-210777-0044_5639-40744-0024__T1__NORMAL__8455,8455,5639,13,0.0,0.0,0.07692307692307693,0.0,0.0,0.0,0.0,0.0,55.20500862435793,17.34643407782058
8455-210777-0044_5639-40744-0024__T2__NORMAL__5639,5639,8455,13,0.0,0.0,0.0,0.0,0.0,0.0,0.0,0.0,50.310097217367336,16.594842419782502
8455-210777-0045_260-123286-0011__T1__NORMAL__8455,8455,260,7,0.0,0.0,0.0,0.0,0.0,0.0,0.0,0.0,44.73142868653637,16.26687911137421
8455-210777-0045_260-123286-0011__T2__NORMAL__260,260,8455,7,0.0,0.14285714285714285,0.2857142857142857,0.0,0.14285714285714285,0.0,0.0,0.0,42.97066746731251,17.602843097743186
8455-210777-0046_2961-960-0017__T1__NORMAL__8455,8455,2961,14,0.0,0.0,0.0,0.0,0.0,0.0,0.0,0.0,53.993009608138195,17.303438847260047
8455-210777-0046_2961-960-0017__T2__NORMAL__2961,2961,8455,14,0.0,0.0,0.0,0.0,0.0,0.0,0.0,0.0,45.301388887836616,16.12957283279068
8455-210777-0046_3570-5694-0012__T1__NORMAL__8455,8455,3570,5,0.0,0.0,0.0,0.0,0.0,0.0,0.0,0.0,53.7420561590141,14.31355795319066
8455-210777-0046_3570-5694-0012__T2__NORMAL__3570,3570,8455,5,0.0,0.0,0.4,0.0,0.0,0.0,0.0,0.0,47.43823786554709,20.25546555946296
8455-210777-0046_3575-170457-0020__T1__NORMAL__8455,8455,3575,16,0.0,0.0625,0.0,0.0,0.0,0.0,0.0,0.0,57.023379106318245,20.32739967560429
8455-210777-0046_3575-170457-0020__T2__NORMAL__3575,3575,8455,16,0.0,0.0,0.0,0.0,0.0,0.0,0.0,0.0,59.7780495778455,17.826521645954337
8455-210777-0046_8230-279154-0016__T1__NORMAL__8455,8455,8230,17,0.0,0.0,0.0,0.0,0.0,0.0,0.0,0.0,50.5244468183818,12.981993269485091
8455-210777-0046_8230-279154-0016__T2__NORMAL__8230,8230,8455,17,0.0,0.058823529411764705,0.0,0.11764705882352941,0.0,0.0,0.0,0.0,43.730421772813635,18.676736618449645
8455-210777-0048_2961-961-0008__T1__NORMAL__8455,8455,2961,5,0.0,0.0,0.0,0.0,0.0,0.0,0.0,0.0,53.6643959395426,14.045107385938149
8455-210777-0048_2961-961-0008__T2__NORMAL__2961,2961,8455,5,0.0,0.0,0.0,0.0,0.0,0.0,0.0,0.0,43.98652716593787,16.617049622890047
8455-210777-0050_1089-134686-0009__T1__NORMAL__8455,8455,1089,6,0.0,0.0,0.0,0.0,0.0,0.0,0.0,0.0,51.651365926388586,18.509133391968163
8455-210777-0050_1089-134686-0009__T2__NORMAL__1089,1089,8455,6,0.0,0.16666666666666666,0.0,0.0,0.0,0.0,0.0,0.0,48.12007144052264,18.79537393023816
8455-210777-0050_3575-170457-0050__T1__NORMAL__8455,8455,3575,6,0.0,0.0,0.0,0.0,0.0,0.0,0.0,0.0,58.58782374728556,20.701345794092333
8455-210777-0050_3575-170457-0050__T2__NORMAL__3575,3575,8455,6,0.0,0.0,0.0,0.0,0.0,0.0,0.0,0.0,51.45820303894814,18.467493885676312
8455-210777-0050_4992-23283-0015__T1__NORMAL__8455,8455,4992,6,0.0,0.0,0.0,0.0,0.0,0.0,0.0,0.0,56.81533580074662,13.641767035994668
8455-210777-0050_4992-23283-0015__T2__NORMAL__4992,4992,8455,6,0.0,0.0,0.0,0.0,0.0,0.0,0.0,0.0,55.74297008758399,18.337984963770644
8455-210777-0052_3729-6852-0011__T1__NORMAL__8455,8455,3729,7,0.0,0.0,0.0,0.0,0.0,0.0,0.0,0.0,58.24042576804806,20.559528308062845
8455-210777-0052_3729-6852-0011__T2__NORMAL__3729,3729,8455,7,0.0,0.0,0.0,0.0,0.0,0.0,0.0,0.0,47.17652652113043,14.06534496197342
8455-210777-0052_61-70970-0014__T1__NORMAL__8455,8455,61,4,0.0,0.0,0.0,0.0,0.0,0.0,0.0,0.0,49.857072579280754,16.193787051045522
8455-210777-0052_61-70970-0014__T2__NORMAL__61,61,8455,4,0.0,0.0,0.0,0.0,0.0,0.0,0.0,0.0,51.327635169069715,19.40538998896904
8455-210777-0053_1580-141084-0041__T1__NORMAL__8455,8455,1580,12,0.0,0.0,0.0,0.0,0.0,0.0,0.0,0.0,61.4323826155192,16.736139202139867
8455-210777-0053_1580-141084-0041__T2__NORMAL__1580,1580,8455,12,0.0,0.0,0.0,0.0,0.0,0.0,0.0,0.0,50.70035193057671,20.21464328773391
8455-210777-0053_2830-3980-0009__T1__NORMAL__8455,8455,2830,6,0.0,0.0,0.0,0.0,0.0,0.0,0.0,0.0,50.350007175228406,17.506065249475647
8455-210777-0053_2830-3980-0009__T2__NORMAL__2830,2830,8455,6,0.0,0.0,0.0,0.16666666666666666,0.0,0.0,0.0,0.0,40.35505516203501,11.142491375257787
8455-210777-0053_3575-170457-0033__T1__NORMAL__8455,8455,3575,12,0.0,0.0,0.0,0.0,0.0,0.0,0.0,0.0,54.54505765547768,15.493685311166589
8455-210777-0053_3575-170457-0033__T2__NORMAL__3575,3575,8455,12,0.0,0.0,0.0,0.0,0.0,0.0,0.0,0.0,49.515890057703196,21.340381226464125
8455-210777-0055_4970-29095-0002__T1__NORMAL__8455,8455,4970,9,0.0,0.0,0.0,0.0,0.0,0.0,0.0,0.0,59.260952485042395,17.809751168154204
8455-210777-0055_4970-29095-0002__T2__NORMAL__4970,4970,8455,9,0.0,0.0,0.0,0.0,0.0,0.0,0.0,0.0,61.397650157158374,18.917260024135377
8455-210777-0055_672-122797-0070__T1__NORMAL__8455,8455,672,11,0.0,0.0,0.0,0.0,0.0,0.0,0.0,0.0,45.78208114421602,15.166039966986933
8455-210777-0055_672-122797-0070__T2__NORMAL__672,672,8455,11,0.0,0.0,0.0,0.0,0.0,0.0,0.0,0.0,48.07906820832559,17.461360838097555
8455-210777-0055_7127-75946-0025__T1__NORMAL__8455,8455,7127,6,0.0,0.0,0.0,0.0,0.0,0.0,0.0,0.0,50.023769120058965,15.171933493565366
8455-210777-0055_7127-75946-0025__T2__NORMAL__7127,7127,8455,6,0.0,0.0,0.0,0.0,0.0,0.0,0.0,0.0,51.602366505181834,17.632458797619513
8455-210777-0056_1188-133604-0022__T1__NORMAL__8455,8455,1188,10,0.0,0.0,0.0,0.0,0.0,0.0,0.0,0.0,57.5931770133318,16.76731812408088
8455-210777-0056_1188-133604-0022__T2__NORMAL__1188,1188,8455,10,0.0,0.1,0.1,0.0,0.0,0.0,0.0,0.0,51.37674907187611,20.21027358262235
8455-210777-0056_6829-68771-0008__T1__NORMAL__8455,8455,6829,10,0.0,0.0,0.0,0.0,0.0,0.0,0.0,0.0,51.059704807722184,20.296475436183183
8455-210777-0056_6829-68771-0008__T2__NORMAL__6829,6829,8455,10,0.0,0.0,0.0,0.0,0.0,0.0,0.0,0.0,52.14200037937265,18.46173439471261
8455-210777-0057_1284-1181-0015__T1__NORMAL__8455,8455,1284,9,0.0,0.1111111111111111,0.0,0.0,0.0,0.0,0.0,0.0,57.39402903454389,13.294507234260369
8455-210777-0057_1284-1181-0015__T2__NORMAL__1284,1284,8455,9,0.0,0.0,0.1111111111111111,0.1111111111111111,0.0,0.0,0.0,0.0,52.57784618738637,18.17006632693846
8455-210777-0058_1188-133604-0039__T1__NORMAL__8455,8455,1188,12,0.0,0.0,0.0,0.0,0.0,0.0,0.0,0.0,49.96470543056876,15.428784258324397
8455-210777-0058_1188-133604-0039__T2__NORMAL__1188,1188,8455,12,0.0,0.16666666666666666,0.08333333333333333,0.0,0.08333333333333333,0.0,0.0,0.0,47.59992607206046,18.01078376973982
8455-210777-0058_7176-88083-0006__T1__NORMAL__8455,8455,7176,7,0.0,0.14285714285714285,0.0,0.0,0.0,0.0,0.0,0.0,56.46953842765706,16.26304403486136
8455-210777-0058_7176-88083-0006__T2__NORMAL__7176,7176,8455,7,0.0,0.2857142857142857,0.0,0.0,0.0,0.0,0.0,0.0,53.3975253596423,16.743882482322068
8455-210777-0060_8463-287645-0006__T1__NORMAL__8455,8455,8463,13,0.0,0.0,0.15384615384615385,0.0,0.0,0.0,0.0,0.0,53.697537146768894,16.025838302397116
8455-210777-0060_8463-287645-0006__T2__NORMAL__8463,8463,8455,13,0.0,0.0,0.0,0.0,0.0,0.0,0.0,0.0,50.36598121969458,16.73336754000862
8455-210777-0060_908-157963-0009__T1__NORMAL__8455,8455,908,7,0.0,0.0,0.2857142857142857,0.0,0.0,0.0,0.0,0.0,53.7642779189303,13.011258517783704
8455-210777-0060_908-157963-0009__T2__NORMAL__908,908,8455,7,0.0,0.0,0.0,0.0,0.0,0.0,0.0,0.0,37.54687131301044,17.583044344534056
8455-210777-0062_2830-3980-0018__T1__NORMAL__8455,8455,2830,5,0.0,0.0,0.0,0.0,0.0,0.0,0.0,0.0,24.652558581620738,7.923067295862034
8455-210777-0062_2830-3980-0018__T2__NORMAL__2830,2830,8455,5,0.0,0.0,0.2,0.2,0.0,0.0,0.0,0.0,17.10641839057495,0.4141323124816645
8455-210777-0064_6829-68769-0048__T1__NORMAL__8455,8455,6829,6,0.0,0.0,0.0,0.0,0.0,0.0,0.0,0.0,64.66784048652941,20.00628149315348
8455-210777-0064_6829-68769-0048__T2__NORMAL__6829,6829,8455,6,0.0,0.0,0.0,0.0,0.0,0.0,0.0,0.0,59.18349979163719,20.221485801879336
8455-210777-0065_1089-134691-0015__T1__NORMAL__8455,8455,1089,4,0.0,0.0,0.0,0.0,0.0,0.0,0.0,0.0,60.32587719405453,18.47663931805108
8455-210777-0065_1089-134691-0015__T2__NORMAL__1089,1089,8455,4,0.0,0.0,0.0,0.25,0.0,0.0,0.0,0.0,47.2801420476683,20.3290056871198
8455-210777-0065_1284-1181-0009__T1__NORMAL__8455,8455,1284,6,0.0,0.0,0.0,0.0,0.0,0.0,0.0,0.0,43.645517267483235,18.82403013659442
8455-210777-0065_1284-1181-0009__T2__NORMAL__1284,1284,8455,6,0.0,0.0,0.0,0.0,0.0,0.0,0.0,0.0,44.5027389204615,16.957939252769407
8455-210777-0065_1320-122617-0022__T1__NORMAL__8455,8455,1320,6,0.0,0.0,0.0,0.0,0.0,0.0,0.0,0.0,55.7076905315289,19.1624341203146
8455-210777-0065_1320-122617-0022__T2__NORMAL__1320,1320,8455,6,0.0,0.16666666666666666,0.0,0.0,0.0,0.0,0.0,0.0,54.75498105619823,18.59610217309489
8455-210777-0067_2830-3979-0009__T1__NORMAL__8455,8455,2830,6,0.0,0.0,0.0,0.0,0.0,0.0,0.0,0.0,63.666820928084455,21.63415473625873
8455-210777-0067_2830-3979-0009__T2__NORMAL__2830,2830,8455,6,0.0,0.0,0.0,0.0,0.0,0.0,0.0,0.0,54.610360572013064,16.955767724066128
8455-210777-0069_2300-131720-0034__T1__NORMAL__8455,8455,2300,16,0.0,0.0,0.0,0.0,0.0,0.0,0.0,0.0,54.27076576536361,19.424076835519607
8455-210777-0069_2300-131720-0034__T2__NORMAL__2300,2300,8455,16,0.0,0.0625,0.0,0.0,0.0,0.0,0.0,0.0,56.13085952064888,17.664157948109885
8463-287645-0000_4970-29095-0023__T1__NORMAL__8463,8463,4970,6,0.0,0.0,0.0,0.0,0.0,0.0,0.0,0.0,54.98097996065403,20.08380641657313
8463-287645-0000_4970-29095-0023__T2__NORMAL__4970,4970,8463,6,0.0,0.0,0.0,0.0,0.0,0.0,0.0,0.0,55.65795748853167,20.558618847731346
8463-287645-0001_61-70968-0056__T1__NORMAL__8463,8463,61,6,0.0,0.0,0.0,0.0,0.0,0.0,0.0,0.0,55.858656462458065,18.460350938965508
8463-287645-0001_61-70968-0056__T2__NORMAL__61,61,8463,6,0.0,0.0,0.0,0.0,0.0,0.0,0.0,0.0,49.89527092165633,18.49873329642921
8463-287645-0002_260-123440-0015__T1__NORMAL__8463,8463,260,11,0.0,0.0,0.0,0.0,0.0,0.0,0.0,0.0,46.73884607980486,16.54488195907585
8463-287645-0002_260-123440-0015__T2__NORMAL__260,260,8463,11,0.0,0.0,0.0,0.0,0.0,0.0,0.0,0.0,51.73505237833569,16.150742626878777
8463-287645-0003_5105-28233-0010__T1__NORMAL__8463,8463,5105,14,0.0,0.0,0.0,0.0,0.0,0.0,0.0,0.0,48.87187724314641,20.080405340904537
8463-287645-0003_5105-28233-0010__T2__NORMAL__5105,5105,8463,14,0.0,0.0,0.0,0.0,0.0,0.0,0.0,0.0,47.4271497978664,15.608655382946887
8463-287645-0003_5105-28240-0011__T1__NORMAL__8463,8463,5105,11,0.0,0.0,0.0,0.0,0.0,0.0,0.0,0.0,61.081458891990025,18.7257600750496
8463-287645-0003_5105-28240-0011__T2__NORMAL__5105,5105,8463,11,1.0,1.0,1.0,1.0,1.0,1.0,1.0,1.0,-59.49466277142565,-37.38781581234829
8463-287645-0006_1580-141083-0002__T1__NORMAL__8463,8463,1580,11,0.0,0.0,0.0,0.0,0.0,0.0,0.0,0.0,53.86235143967312,15.87764365623049
8463-287645-0006_1580-141083-0002__T2__NORMAL__1580,1580,8463,11,0.0,0.0,0.0,0.0,0.0,0.0,0.0,0.0,45.49977663924345,19.72470980341879
8463-287645-0008_4507-16021-0001__T1__NORMAL__8463,8463,4507,5,0.0,0.0,0.0,0.0,0.0,0.0,0.0,0.0,42.76374739544376,16.59027184542539
8463-287645-0008_4507-16021-0001__T2__NORMAL__4507,4507,8463,5,0.0,0.0,0.0,0.0,0.0,0.0,0.0,0.0,49.5916947977988,18.042711407278137
8463-287645-0009_1284-1181-0008__T1__NORMAL__8463,8463,1284,6,0.0,0.0,0.0,0.0,0.0,0.0,0.0,0.0,59.21402242759959,19.6513079271395
8463-287645-0009_1284-1181-0008__T2__NORMAL__1284,1284,8463,6,0.0,0.16666666666666666,0.16666666666666666,0.0,0.0,0.0,0.0,0.0,38.36115378401261,8.73657133273393
8463-287645-0009_5683-32866-0001__T1__NORMAL__8463,8463,5683,5,0.0,0.0,0.0,0.0,0.0,0.0,0.0,0.0,60.36996568138985,15.259654321006945
8463-287645-0009_5683-32866-0001__T2__NORMAL__5683,5683,8463,5,0.0,0.0,0.0,0.0,0.0,0.0,0.0,0.0,54.16850883109621,19.52535836219581
8463-287645-0010_237-126133-0022__T1__NORMAL__8463,8463,237,7,0.0,0.0,0.0,0.0,0.0,0.0,0.0,0.0,64.80566950199838,25.006803594582315
8463-287645-0010_237-126133-0022__T2__NORMAL__237,237,8463,7,0.0,0.0,0.0,0.0,0.0,0.0,0.0,0.0,59.34899503007707,19.52679763503465
8463-287645-0010_3575-170457-0039__T1__NORMAL__8463,8463,3575,7,0.0,0.0,0.0,0.0,0.0,0.0,0.0,0.0,53.92488359095888,15.811538492434318
8463-287645-0010_3575-170457-0039__T2__NORMAL__3575,3575,8463,7,0.0,0.14285714285714285,0.0,0.0,0.0,0.0,0.0,0.0,46.821118238910366,23.02417832248385
8463-287645-0010_7021-85628-0011__T1__NORMAL__8463,8463,7021,7,0.0,0.0,0.0,0.0,0.0,0.0,0.0,0.0,51.487042164963746,17.568369006002563
8463-287645-0010_7021-85628-0011__T2__NORMAL__7021,7021,8463,7,0.0,0.0,0.0,0.0,0.0,0.0,0.0,0.0,53.236192420551056,17.532902275067894
8463-287645-0010_8555-284447-0009__T1__NORMAL__8463,8463,8555,5,0.0,0.0,0.0,0.0,0.0,0.0,0.0,0.0,42.56184083558751,19.39044404997812
8463-287645-0010_8555-284447-0009__T2__NORMAL__8555,8555,8463,5,0.0,0.0,0.0,0.0,0.0,0.0,0.0,0.0,42.024592264723566,12.60623771998788
8463-287645-0011_1284-1181-0010__T1__NORMAL__8463,8463,1284,11,0.0,0.09090909090909091,0.0,0.0,0.0,0.0,0.0,0.0,55.924316570509134,20.1037683733725
8463-287645-0011_1284-1181-0010__T2__NORMAL__1284,1284,8463,11,0.0,0.0,0.0,0.0,0.0,0.0,0.0,0.0,55.332966550081146,17.55331588489893
8463-287645-0011_2961-960-0005__T1__NORMAL__8463,8463,2961,11,0.0,0.0,0.0,0.0,0.0,0.0,0.0,0.0,51.79974569343884,17.673462328663287
8463-287645-0011_2961-960-0005__T2__NORMAL__2961,2961,8463,11,0.0,0.09090909090909091,0.0,0.0,0.0,0.0,0.0,0.0,46.191258547851824,16.96412799776633
8463-287645-0012_121-127105-0032__T1__NORMAL__8463,8463,121,5,0.0,0.0,0.0,0.0,0.0,0.0,0.0,0.0,48.130775225124715,12.089371815781632
8463-287645-0012_121-127105-0032__T2__NORMAL__121,121,8463,5,0.0,0.0,0.0,0.2,0.0,0.0,0.0,0.0,37.698146325842195,17.651382916416566
8463-287645-0013_4992-23283-0019__T1__NORMAL__8463,8463,4992,12,0.0,0.0,0.0,0.0,0.0,0.0,0.0,0.0,48.32145570951254,15.74435775180554
8463-287645-0013_4992-23283-0019__T2__NORMAL__4992,4992,8463,12,0.0,0.16666666666666666,0.08333333333333333,0.16666666666666666,0.08333333333333333,0.0,0.08333333333333333,0.0,40.764728282393634,18.1487290418731
8463-287645-0013_5142-33396-0037__T1__NORMAL__8463,8463,5142,6,0.0,0.0,0.0,0.0,0.0,0.0,0.0,0.0,57.61980003554023,23.284167234007587
8463-287645-0013_5142-33396-0037__T2__NORMAL__5142,5142,8463,6,0.0,0.0,0.0,0.0,0.0,0.0,0.0,0.0,57.00425953878139,19.84361146682538
8463-287645-0014_1320-122617-0041__T1__NORMAL__8463,8463,1320,5,0.0,0.2,0.0,0.0,0.0,0.0,0.0,0.0,62.82567710413658,21.90515772037737
8463-287645-0014_1320-122617-0041__T2__NORMAL__1320,1320,8463,5,0.0,0.0,0.0,0.0,0.0,0.0,0.0,0.0,59.65520558660088,21.27066437826456
8463-294825-0001_1188-133604-0001__T1__NORMAL__8463,8463,1188,12,0.0,0.08333333333333333,0.0,0.0,0.0,0.0,0.0,0.0,60.71384565328717,22.549956881841336
8463-294825-0001_1188-133604-0001__T2__NORMAL__1188,1188,8463,12,0.0,0.0,0.0,0.0,0.0,0.0,0.0,0.0,70.06152869244443,18.8498076380188
8463-294825-0001_5639-40744-0013__T1__NORMAL__8463,8463,5639,12,0.6666666666666666,0.4166666666666667,0.5,0.5833333333333334,0.25,0.16666666666666666,0.25,0.16666666666666666,-8.264396498877538,-11.097381074357443
8463-294825-0001_5639-40744-0013__T2__NORMAL__5639,5639,8463,12,0.0,0.0,0.0,0.0,0.0,0.0,0.0,0.0,55.528432974350835,20.001091659708056
8463-294825-0001_908-31957-0003__T1__NORMAL__8463,8463,908,12,0.0,0.0,0.0,0.0,0.0,0.0,0.0,0.0,50.88614904298111,18.372949654968245
8463-294825-0001_908-31957-0003__T2__NORMAL__908,908,8463,12,0.0,0.0,0.0,0.0,0.0,0.0,0.0,0.0,67.64848827021935,19.318907911481627
8463-294825-0002_1188-133604-0000__T1__NORMAL__8463,8463,1188,18,0.0,0.0,0.0,0.0,0.0,0.0,0.0,0.0,66.22846644237286,22.64252642880071
8463-294825-0002_1188-133604-0000__T2__NORMAL__1188,1188,8463,18,0.0,0.0,0.0,0.0,0.0,0.0,0.0,0.0,69.64263635089664,22.8497513119572
8463-294825-0003_1580-141083-0036__T1__NORMAL__8463,8463,1580,6,1.0,1.0,1.0,1.0,1.0,1.0,1.0,1.0,-52.43830446697933,-31.898240902002453
8463-294825-0003_1580-141083-0036__T2__NORMAL__1580,1580,8463,6,0.0,0.0,0.0,0.0,0.0,0.0,0.0,0.0,52.45783602885161,18.408892145423813
8463-294825-0003_6930-81414-0013__T1__NORMAL__8463,8463,6930,13,1.0,1.0,1.0,1.0,1.0,1.0,1.0,1.0,-58.78479891258791,-52.10667931227407
8463-294825-0003_6930-81414-0013__T2__NORMAL__6930,6930,8463,13,0.0,0.0,0.0,0.0,0.0,0.0,0.0,0.0,58.29784676318786,16.868857691773695
8463-294825-0004_4446-2271-0016__T1__NORMAL__8463,8463,4446,6,1.0,1.0,1.0,1.0,1.0,1.0,1.0,1.0,-57.29360157231195,-37.49910614489129
8463-294825-0004_4446-2271-0016__T2__NORMAL__4446,4446,8463,6,0.0,0.0,0.0,0.0,0.0,0.0,0.0,0.0,64.43384857054319,23.927495815089348
8463-294825-0004_4970-29095-0036__T1__NORMAL__8463,8463,4970,6,0.0,0.0,0.0,0.0,0.0,0.0,0.0,0.0,57.37526750334285,25.401727622977543
8463-294825-0004_4970-29095-0036__T2__NORMAL__4970,4970,8463,6,0.0,0.16666666666666666,0.0,0.0,0.0,0.0,0.0,0.0,58.462933404683234,20.50412405287037
8463-294825-0004_61-70970-0024__T1__NORMAL__8463,8463,61,6,0.0,0.0,0.0,0.0,0.0,0.0,0.0,0.0,61.09945453878377,20.4961275553066
8463-294825-0004_61-70970-0024__T2__NORMAL__61,61,8463,6,0.0,0.0,0.0,0.0,0.0,0.0,0.0,0.0,60.329241605229235,20.121380514132305
8463-294825-0005_1089-134691-0019__T1__NORMAL__8463,8463,1089,5,0.0,0.0,0.0,0.0,0.0,0.0,0.0,0.0,57.643440024576606,25.25954732184905
8463-294825-0005_1089-134691-0019__T2__NORMAL__1089,1089,8463,5,0.0,0.0,0.0,0.0,0.0,0.0,0.0,0.0,55.32497562954391,21.32424621334112
8463-294825-0005_1580-141083-0031__T1__NORMAL__8463,8463,1580,11,1.0,1.0,1.0,1.0,1.0,1.0,1.0,1.0,-46.917061089503,-45.05125633764824
8463-294825-0005_1580-141083-0031__T2__NORMAL__1580,1580,8463,11,0.0,0.0,0.0,0.0,0.0,0.0,0.0,0.0,47.32333982754514,23.834662385278264
8463-294825-0005_7729-102255-0042__T1__NORMAL__8463,8463,7729,14,1.0,1.0,1.0,1.0,1.0,1.0,1.0,1.0,-26.475774847082523,-18.50414587875011
8463-294825-0005_7729-102255-0042__T2__NORMAL__7729,7729,8463,14,0.0,0.0,0.0,0.0,0.0,0.0,0.0,0.0,56.224458738494846,20.91201085453011
8463-294825-0008_260-123286-0028__T1__NORMAL__8463,8463,260,6,0.0,0.0,0.0,0.0,0.0,0.0,0.0,0.0,61.827011920528264,21.969801646339224
8463-294825-0008_260-123286-0028__T2__NORMAL__260,260,8463,6,0.0,0.0,0.0,0.0,0.0,0.0,0.0,0.0,65.91262225447686,21.10724634645624
8463-294825-0010_4446-2273-0036__T1__NORMAL__8463,8463,4446,5,1.0,1.0,1.0,1.0,1.0,1.0,1.0,1.0,-71.29668594263353,-57.50373882490881
8463-294825-0010_4446-2273-0036__T2__NORMAL__4446,4446,8463,5,1.0,1.0,1.0,1.0,1.0,1.0,1.0,1.0,-59.784563558347884,-37.537362556558136
8463-294825-0010_61-70968-0034__T1__NORMAL__8463,8463,61,7,1.0,1.0,1.0,1.0,1.0,1.0,1.0,1.0,-68.20181204915112,-48.19376229820482
8463-294825-0010_61-70968-0034__T2__NORMAL__61,61,8463,7,0.0,0.0,0.0,0.0,0.0,0.0,0.0,0.0,69.11000969078631,18.074409999128463
8463-294825-0010_61-70968-0054__T1__NORMAL__8463,8463,61,8,0.0,0.0,0.0,0.0,0.0,0.0,0.0,0.0,49.10113359735642,17.383074150586186
8463-294825-0010_61-70968-0054__T2__NORMAL__61,61,8463,8,0.0,0.0,0.0,0.0,0.0,0.0,0.0,0.0,56.99085623026896,19.404984566298573
8463-294825-0013_61-70970-0037__T1__NORMAL__8463,8463,61,10,0.0,0.0,0.0,0.0,0.0,0.0,0.0,0.0,46.563140046414745,17.01660092700077
8463-294825-0013_61-70970-0037__T2__NORMAL__61,61,8463,10,0.0,0.0,0.0,0.0,0.0,0.0,0.0,0.0,56.750786270240916,20.44309550428645
8463-294825-0016_1320-122617-0026__T1__NORMAL__8463,8463,1320,7,0.0,0.0,0.0,0.0,0.0,0.0,0.0,0.0,67.304345346153,25.267946290570865
8463-294825-0016_1320-122617-0026__T2__NORMAL__1320,1320,8463,7,0.0,0.14285714285714285,0.0,0.0,0.0,0.0,0.0,0.0,68.12104446926382,22.89064293198677
8463-294825-0016_1580-141084-0001__T1__NORMAL__8463,8463,1580,5,1.0,1.0,1.0,1.0,1.0,1.0,1.0,1.0,-52.599255040460946,-43.170805835624975
8463-294825-0016_1580-141084-0001__T2__NORMAL__1580,1580,8463,5,0.0,0.0,0.0,0.0,0.0,0.0,0.0,0.0,52.634396615433126,23.75664836833038
8463-294825-0016_3575-170457-0032__T1__NORMAL__8463,8463,3575,4,1.0,1.0,1.0,1.0,1.0,1.0,1.0,1.0,-47.42672763833214,-36.32089071451552
8463-294825-0016_3575-170457-0032__T2__NORMAL__3575,3575,8463,4,0.0,0.0,0.0,0.0,0.0,0.0,0.0,0.0,47.68609994848867,25.623183136684748
8463-294825-0019_1320-122617-0005__T1__NORMAL__8463,8463,1320,5,0.0,0.0,0.0,0.0,0.0,0.0,0.0,0.0,49.87394739082261,19.87899106030501
8463-294825-0019_1320-122617-0005__T2__NORMAL__1320,1320,8463,5,0.0,0.0,0.2,0.0,0.0,0.0,0.0,0.0,51.962816443291956,24.257494262945603
8463-294825-0019_5639-40744-0038__T1__NORMAL__8463,8463,5639,5,0.0,0.0,0.0,0.0,0.0,0.0,0.0,0.0,56.87547861881832,24.13214817661572
8463-294825-0019_5639-40744-0038__T2__NORMAL__5639,5639,8463,5,0.0,0.0,0.0,0.0,0.0,0.0,0.0,0.0,62.24256111304982,19.22231055056732
8463-294825-0019_8555-284449-0016__T1__NORMAL__8463,8463,8555,5,1.0,1.0,1.0,1.0,1.0,1.0,1.0,1.0,-57.026614645751025,-52.10085394762763
8463-294825-0019_8555-284449-0016__T2__NORMAL__8555,8555,8463,5,0.0,0.0,0.0,0.0,0.0,0.0,0.0,0.0,57.02548864869395,22.414828758307063
8463-294828-0000_237-134500-0037__T1__NORMAL__8463,8463,237,6,1.0,1.0,1.0,1.0,1.0,1.0,1.0,1.0,-66.13831784975925,-67.64131307468767
8463-294828-0000_237-134500-0037__T2__NORMAL__237,237,8463,6,0.0,0.0,0.0,0.0,0.0,0.0,0.0,0.0,65.99104643157578,23.212027718128404
8463-294828-0000_4446-2275-0010__T1__NORMAL__8463,8463,4446,6,1.0,1.0,1.0,1.0,1.0,1.0,1.0,1.0,-60.56684140567909,-38.39572946256768
8463-294828-0000_4446-2275-0010__T2__NORMAL__4446,4446,8463,6,1.0,1.0,1.0,1.0,1.0,1.0,1.0,1.0,-53.363943580274274,-38.18242972963255
8463-294828-0000_7176-92135-0008__T1__NORMAL__8463,8463,7176,6,0.0,0.0,0.0,0.0,0.0,0.0,0.0,0.0,70.77850757322065,29.340409673341423
8463-294828-0000_7176-92135-0008__T2__NORMAL__7176,7176,8463,6,0.0,0.16666666666666666,0.0,0.0,0.0,0.0,0.0,0.0,77.41424948290344,19.859876924863705
8463-294828-0001_4507-16021-0028__T1__NORMAL__8463,8463,4507,5,1.0,1.0,1.0,1.0,1.0,1.0,1.0,1.0,-62.105690845632274,-41.38794539828918
8463-294828-0001_4507-16021-0028__T2__NORMAL__4507,4507,8463,5,0.0,0.0,0.0,0.0,0.0,0.0,0.0,0.0,63.21582091422268,20.355960198671703
8463-294828-0002_1995-1837-0027__T1__NORMAL__8463,8463,1995,11,1.0,1.0,1.0,1.0,1.0,1.0,1.0,1.0,-63.007670142300576,-41.553675843736606
8463-294828-0002_1995-1837-0027__T2__NORMAL__1995,1995,8463,11,0.0,0.0,0.0,0.0,0.0,0.0,0.0,0.0,61.24735044484084,25.39470647329604
8463-294828-0002_7176-92135-0044__T1__NORMAL__8463,8463,7176,9,0.0,0.0,0.0,0.0,0.0,0.0,0.0,0.0,56.01401640408877,23.28540990575277
8463-294828-0002_7176-92135-0044__T2__NORMAL__7176,7176,8463,9,0.0,0.0,0.0,0.0,0.0,0.0,0.0,0.0,65.48490244525955,19.331840301479204
8463-294828-0003_4992-41797-0006__T1__NORMAL__8463,8463,4992,8,1.0,0.875,1.0,1.0,0.875,0.875,0.875,0.875,-61.75719846923076,-35.069324056095994
8463-294828-0003_4992-41797-0006__T2__NORMAL__4992,4992,8463,8,0.0,0.125,0.0,0.0,0.0,0.0,0.0,0.0,60.75888935899333,20.713638130563588
8463-294828-0006_8230-279154-0026__T1__NORMAL__8463,8463,8230,13,1.0,0.9230769230769231,1.0,1.0,0.9230769230769231,0.9230769230769231,0.9230769230769231,0.9230769230769231,-64.05164405134148,-65.20045451973178
8463-294828-0006_8230-279154-0026__T2__NORMAL__8230,8230,8463,13,0.0,0.07692307692307693,0.0,0.0,0.0,0.0,0.0,0.0,66.16125571137118,23.92416257060448
8463-294828-0007_1580-141084-0026__T1__NORMAL__8463,8463,1580,12,1.0,0.9166666666666666,1.0,1.0,0.9166666666666666,0.9166666666666666,0.9166666666666666,0.9166666666666666,-59.28272936145539,-40.44055533492401
8463-294828-0007_1580-141084-0026__T2__NORMAL__1580,1580,8463,12,0.0,0.08333333333333333,0.0,0.0,0.0,0.0,0.0,0.0,59.650483080096386,22.73032382240184
8463-294828-0009_2830-3980-0049__T1__NORMAL__8463,8463,2830,5,1.0,1.0,1.0,1.0,1.0,1.0,1.0,1.0,-61.02530204661745,-57.62148524248473
8463-294828-0009_2830-3980-0049__T2__NORMAL__2830,2830,8463,5,0.0,0.0,0.0,0.0,0.0,0.0,0.0,0.0,58.5914028844105,16.7151327628382
8463-294828-0009_3570-5694-0015__T1__NORMAL__8463,8463,3570,7,1.0,1.0,0.8571428571428571,1.0,0.8571428571428571,0.8571428571428571,0.8571428571428571,0.8571428571428571,-60.40493190640039,-38.17798990768936
8463-294828-0009_3570-5694-0015__T2__NORMAL__3570,3570,8463,7,0.0,0.0,0.0,0.0,0.0,0.0,0.0,0.0,61.7066005198433,22.235535168865844
8463-294828-0009_5142-33396-0025__T1__NORMAL__8463,8463,5142,5,1.0,1.0,1.0,1.0,1.0,1.0,1.0,1.0,-55.04478137141302,-40.70603415886985
8463-294828-0009_5142-33396-0025__T2__NORMAL__5142,5142,8463,5,0.0,0.0,0.0,0.0,0.0,0.0,0.0,0.0,56.2183499567884,18.64388499172619
8463-294828-0012_8555-284447-0009__T1__NORMAL__8463,8463,8555,5,1.0,1.0,1.0,1.0,1.0,1.0,1.0,1.0,-50.443806922588564,-25.494956127334564
8463-294828-0012_8555-284447-0009__T2__NORMAL__8555,8555,8463,5,0.0,0.0,0.0,0.0,0.0,0.0,0.0,0.0,50.56206943564972,16.710348999832135
8463-294828-0013_1221-135767-0021__T1__NORMAL__8463,8463,1221,13,1.0,0.9230769230769231,1.0,1.0,0.9230769230769231,0.9230769230769231,0.9230769230769231,0.9230769230769231,-54.51436536205651,-61.08695888008802
8463-294828-0013_1221-135767-0021__T2__NORMAL__1221,1221,8463,13,0.0,0.07692307692307693,0.0,0.0,0.0,0.0,0.0,0.0,53.604712625447554,15.631680015339828
8463-294828-0013_8224-274381-0004__T1__NORMAL__8463,8463,8224,12,1.0,1.0,0.9166666666666666,1.0,0.9166666666666666,0.9166666666666666,0.9166666666666666,0.9166666666666666,-58.60657624254898,-41.48153284473543
8463-294828-0013_8224-274381-0004__T2__NORMAL__8224,8224,8463,12,0.0,0.0,0.08333333333333333,0.0,0.0,0.0,0.0,0.0,58.736905579335875,20.075983538453624
8463-294828-0014_2300-131720-0000__T1__NORMAL__8463,8463,2300,9,0.0,0.1111111111111111,0.0,0.0,0.0,0.0,0.0,0.0,42.33641002812601,13.434880796146214
8463-294828-0014_2300-131720-0000__T2__NORMAL__2300,2300,8463,9,0.0,0.0,0.1111111111111111,0.0,0.0,0.0,0.0,0.0,72.16090335649581,19.40484166547928
8463-294828-0014_260-123440-0005__T1__NORMAL__8463,8463,260,5,1.0,1.0,1.0,1.0,1.0,1.0,1.0,1.0,-54.281824180355876,-32.87178712820282
8463-294828-0014_260-123440-0005__T2__NORMAL__260,260,8463,5,0.0,0.0,0.0,0.0,0.0,0.0,0.0,0.0,54.84693240983795,15.85978312315903
8463-294828-0014_3575-170457-0044__T1__NORMAL__8463,8463,3575,10,1.0,1.0,0.9,1.0,0.9,0.9,0.9,0.9,-71.34066957963685,-51.2313459232541
8463-294828-0014_3575-170457-0044__T2__NORMAL__3575,3575,8463,10,0.0,0.0,0.1,0.0,0.0,0.0,0.0,0.0,71.52111596593696,21.429147000153232
8463-294828-0015_121-127105-0002__T1__NORMAL__8463,8463,121,7,1.0,1.0,1.0,1.0,1.0,1.0,1.0,1.0,-26.527030364018167,-16.242781652359163
8463-294828-0015_121-127105-0002__T2__NORMAL__121,121,8463,7,0.0,0.0,0.0,0.0,0.0,0.0,0.0,0.0,59.21218633365246,20.64903062144858
8463-294828-0015_2830-3980-0044__T1__NORMAL__8463,8463,2830,5,0.0,0.0,0.0,0.0,0.0,0.0,0.0,0.0,41.331213758621246,14.112333523105695
8463-294828-0015_2830-3980-0044__T2__NORMAL__2830,2830,8463,5,0.0,0.0,0.0,0.0,0.0,0.0,0.0,0.0,71.98417015734796,14.578693845645835
8463-294828-0017_4446-2273-0027__T1__NORMAL__8463,8463,4446,6,1.0,1.0,1.0,1.0,1.0,1.0,1.0,1.0,-55.972775628551936,-40.57235497686385
8463-294828-0017_4446-2273-0027__T2__NORMAL__4446,4446,8463,6,1.0,1.0,1.0,1.0,1.0,1.0,1.0,1.0,-54.853556713182655,-31.116577164894164
8463-294828-0019_6930-76324-0026__T1__NORMAL__8463,8463,6930,5,1.0,1.0,0.8,1.0,0.8,0.8,0.8,0.8,-44.58880286453912,-33.18978737655274
8463-294828-0019_6930-76324-0026__T2__NORMAL__6930,6930,8463,5,0.0,0.0,0.0,0.0,0.0,0.0,0.0,0.0,44.88875703051956,13.594365570498995
8463-294828-0020_1580-141083-0021__T1__NORMAL__8463,8463,1580,6,1.0,1.0,1.0,1.0,1.0,1.0,1.0,1.0,-51.64158164099147,-40.01381609485455
8463-294828-0020_1580-141083-0021__T2__NORMAL__1580,1580,8463,6,0.0,0.0,0.0,0.0,0.0,0.0,0.0,0.0,51.51429531596151,22.3385304016659
8463-294828-0023_1580-141083-0036__T1__NORMAL__8463,8463,1580,6,1.0,1.0,1.0,1.0,1.0,1.0,1.0,1.0,-49.28379453610239,-38.02811182728014
8463-294828-0023_1580-141083-0036__T2__NORMAL__1580,1580,8463,6,0.0,0.0,0.0,0.0,0.0,0.0,0.0,0.0,49.362126895133486,21.69522297362918
8463-294828-0023_1995-1826-0003__T1__NORMAL__8463,8463,1995,5,1.0,1.0,1.0,1.0,1.0,1.0,1.0,1.0,-67.90257746806076,-39.43994463500139
8463-294828-0023_1995-1826-0003__T2__NORMAL__1995,1995,8463,5,0.0,0.0,0.0,0.0,0.0,0.0,0.0,0.0,67.70657009134568,21.18762566213576
8463-294828-0027_5683-32866-0030__T1__NORMAL__8463,8463,5683,8,1.0,1.0,1.0,1.0,1.0,1.0,1.0,1.0,-56.952668665021044,-40.81638291868347
8463-294828-0027_5683-32866-0030__T2__NORMAL__5683,5683,8463,8,0.0,0.0,0.0,0.0,0.0,0.0,0.0,0.0,57.24519801048926,20.897905866125235
8463-294828-0029_237-134500-0010__T1__NORMAL__8463,8463,237,6,1.0,1.0,1.0,1.0,1.0,1.0,1.0,1.0,-56.377815519696874,-37.914066615682
8463-294828-0029_237-134500-0010__T2__NORMAL__237,237,8463,6,0.0,0.0,0.0,0.0,0.0,0.0,0.0,0.0,56.171564501651915,22.16513255799257
8463-294828-0029_2961-961-0017__T1__NORMAL__8463,8463,2961,9,1.0,0.8888888888888888,1.0,1.0,0.8888888888888888,0.8888888888888888,0.8888888888888888,0.8888888888888888,-33.2424115428565,-18.85965061191668
8463-294828-0029_2961-961-0017__T2__NORMAL__2961,2961,8463,9,0.0,0.0,0.0,0.0,0.0,0.0,0.0,0.0,46.77611521130794,16.234525625208253
8463-294828-0029_5142-36377-0015__T1__NORMAL__8463,8463,5142,7,1.0,1.0,1.0,1.0,1.0,1.0,1.0,1.0,-54.552630302456976,-46.38768234346138
8463-294828-0029_5142-36377-0015__T2__NORMAL__5142,5142,8463,7,0.0,0.0,0.0,0.0,0.0,0.0,0.0,0.0,54.30927661822758,17.685841899526046
8463-294828-0031_121-127105-0007__T1__NORMAL__8463,8463,121,10,1.0,1.0,1.0,1.0,1.0,1.0,1.0,1.0,-56.42866812096558,-30.52884669789349
8463-294828-0031_121-127105-0007__T2__NORMAL__121,121,8463,10,0.0,0.0,0.0,0.0,0.0,0.0,0.0,0.0,58.30177730035143,15.405909157066551
8463-294828-0031_6829-68769-0051__T1__NORMAL__8463,8463,6829,6,1.0,1.0,1.0,1.0,1.0,1.0,1.0,1.0,-54.28106573213291,-47.89603207421644
8463-294828-0031_6829-68769-0051__T2__NORMAL__6829,6829,8463,6,0.0,0.0,0.0,0.0,0.0,0.0,0.0,0.0,54.12691437144159,23.064501887871284
8463-294828-0031_7729-102255-0021__T1__NORMAL__8463,8463,7729,14,1.0,0.9285714285714286,0.8571428571428571,1.0,0.7857142857142857,0.7857142857142857,0.7857142857142857,0.7857142857142857,-56.12644063950783,-42.47836974146008
8463-294828-0031_7729-102255-0021__T2__NORMAL__7729,7729,8463,14,0.0,0.07142857142857142,0.14285714285714285,0.0,0.0,0.0,0.0,0.0,55.43645486345637,19.74681613664088
8463-294828-0031_908-157963-0023__T1__NORMAL__8463,8463,908,14,1.0,1.0,1.0,1.0,1.0,1.0,1.0,1.0,-56.33750507727459,-51.68498563538767
8463-294828-0031_908-157963-0023__T2__NORMAL__908,908,8463,14,0.0,0.0,0.0,0.0,0.0,0.0,0.0,0.0,56.60595280329598,14.313050298171872
8463-294828-0032_260-123288-0018__T1__NORMAL__8463,8463,260,5,0.0,0.0,0.0,0.0,0.0,0.0,0.0,0.0,63.67673858046663,18.516582613722484
8463-294828-0032_260-123288-0018__T2__NORMAL__260,260,8463,5,0.0,0.2,0.2,0.0,0.0,0.0,0.0,0.0,58.4834416792623,24.27700979008946
8463-294828-0032_5142-33396-0002__T1__NORMAL__8463,8463,5142,6,1.0,1.0,1.0,1.0,1.0,1.0,1.0,1.0,-62.4771230801654,-47.99006886528953
8463-294828-0032_5142-33396-0002__T2__NORMAL__5142,5142,8463,6,0.0,0.0,0.0,0.0,0.0,0.0,0.0,0.0,67.10332122069109,22.47565444106324
8463-294828-0033_1995-1837-0017__T1__NORMAL__8463,8463,1995,5,1.0,1.0,1.0,1.0,1.0,1.0,1.0,1.0,-65.91208183739126,-39.6457426917871
8463-294828-0033_1995-1837-0017__T2__NORMAL__1995,1995,8463,5,0.0,0.0,0.0,0.0,0.0,0.0,0.0,0.0,63.73619617749905,25.38333893614395
8463-294828-0033_61-70968-0029__T1__NORMAL__8463,8463,61,5,0.0,0.2,0.0,0.0,0.0,0.0,0.0,0.0,49.00342300520741,20.66404735671334
8463-294828-0033_61-70968-0029__T2__NORMAL__61,61,8463,5,0.0,0.0,0.0,0.0,0.0,0.0,0.0,0.0,51.458484360003794,14.80355295221352
8463-294828-0034_4992-41806-0017__T1__NORMAL__8463,8463,4992,6,0.0,0.0,0.16666666666666666,0.16666666666666666,0.0,0.0,0.0,0.0,43.18003315549746,21.736333698482195
8463-294828-0034_4992-41806-0017__T2__NORMAL__4992,4992,8463,6,0.0,0.0,0.0,0.0,0.0,0.0,0.0,0.0,60.6428478725853,14.018939041674203
8463-294828-0036_3570-5694-0019__T1__NORMAL__8463,8463,3570,6,1.0,1.0,1.0,1.0,1.0,1.0,1.0,1.0,-75.34316819771776,-50.122790694159065
8463-294828-0036_3570-5694-0019__T2__NORMAL__3570,3570,8463,6,0.0,0.0,0.0,0.0,0.0,0.0,0.0,0.0,76.19801842912442,23.828553442688687
8463-294828-0037_4970-29095-0024__T1__NORMAL__8463,8463,4970,9,1.0,1.0,1.0,1.0,1.0,1.0,1.0,1.0,-61.18843126940067,-35.5412355651365
8463-294828-0037_4970-29095-0024__T2__NORMAL__4970,4970,8463,9,0.0,0.0,0.0,0.0,0.0,0.0,0.0,0.0,61.13857001715218,20.058153422261217
8463-294828-0038_4077-13754-0016__T1__NORMAL__8463,8463,4077,22,0.0,0.0,0.0,0.0,0.0,0.0,0.0,0.0,53.75799486383698,19.089144928807627
8463-294828-0038_4077-13754-0016__T2__NORMAL__4077,4077,8463,22,0.0,0.0,0.0,0.0,0.0,0.0,0.0,0.0,56.1437896464673,18.407414165325804
8555-284447-0000_1284-1180-0012__T1__NORMAL__8555,8555,1284,7,0.0,0.0,0.0,0.0,0.0,0.0,0.0,0.0,55.41153521950518,21.867236776262043
8555-284447-0000_1284-1180-0012__T2__NORMAL__1284,1284,8555,7,0.0,0.0,0.0,0.0,0.0,0.0,0.0,0.0,60.50533101249469,20.969740397258843
8555-284447-0000_7021-85628-0009__T1__NORMAL__8555,8555,7021,16,0.0,0.0,0.0,0.0,0.0,0.0,0.0,0.0,63.701986797277506,22.20905327092525
8555-284447-0000_7021-85628-0009__T2__NORMAL__7021,7021,8555,16,0.0,0.0,0.0,0.0,0.0,0.0,0.0,0.0,68.48675175951331,21.841488759991265
8555-284447-0001_237-134500-0039__T1__NORMAL__8555,8555,237,8,0.0,0.0,0.0,0.0,0.0,0.0,0.0,0.0,72.52103810205051,22.63344679937072
8555-284447-0001_237-134500-0039__T2__NORMAL__237,237,8555,8,0.125,0.0,0.0,0.0,0.0,0.0,0.0,0.0,64.61073671897906,1.225859339174756
8555-284447-0001_4077-13751-0003__T1__NORMAL__8555,8555,4077,16,0.0,0.0,0.0,0.0,0.0,0.0,0.0,0.0,54.01945588081391,18.544122042603888
8555-284447-0001_4077-13751-0003__T2__NORMAL__4077,4077,8555,16,0.0,0.125,0.0,0.0,0.0,0.0,0.0,0.0,62.24161841468358,20.658239103847123
8555-284447-0001_7176-88083-0024__T1__NORMAL__8555,8555,7176,15,0.0,0.06666666666666667,0.0,0.0,0.0,0.0,0.0,0.0,61.035734732403384,22.20097274301473
8555-284447-0001_7176-88083-0024__T2__NORMAL__7176,7176,8555,15,0.0,0.0,0.0,0.0,0.0,0.0,0.0,0.0,61.24335059652141,24.52305446212853
8555-284447-0002_6829-68769-0024__T1__NORMAL__8555,8555,6829,8,0.0,0.125,0.0,0.0,0.0,0.0,0.0,0.0,55.60530870778916,20.634167409455856
8555-284447-0002_6829-68769-0024__T2__NORMAL__6829,6829,8555,8,0.0,0.0,0.0,0.0,0.0,0.0,0.0,0.0,66.12061252478482,16.540803518040935
8555-284447-0003_1320-122617-0029__T1__NORMAL__8555,8555,1320,7,0.0,0.0,0.0,0.0,0.0,0.0,0.0,0.0,62.06047975565464,22.69265741772664
8555-284447-0003_1320-122617-0029__T2__NORMAL__1320,1320,8555,7,0.0,0.2857142857142857,0.0,0.0,0.0,0.0,0.0,0.0,61.81028240495145,25.186368681039173
8555-284447-0003_4992-23283-0008__T1__NORMAL__8555,8555,4992,7,0.0,0.0,0.0,0.0,0.0,0.0,0.0,0.0,50.4285913628706,17.444729036479764
8555-284447-0003_4992-23283-0008__T2__NORMAL__4992,4992,8555,7,0.0,0.0,0.0,0.0,0.0,0.0,0.0,0.0,57.62297536812541,20.924189678072388
8555-284447-0003_7021-79740-0011__T1__NORMAL__8555,8555,7021,7,0.0,0.0,0.0,0.0,0.0,0.0,0.0,0.0,48.852551325522235,20.18075066397391
8555-284447-0003_7021-79740-0011__T2__NORMAL__7021,7021,8555,7,0.0,0.0,0.0,0.0,0.0,0.0,0.0,0.0,57.772440749323884,14.381550340101064
8555-284447-0004_5683-32879-0000__T1__NORMAL__8555,8555,5683,9,0.0,0.0,0.0,0.0,0.0,0.0,0.0,0.0,53.45394792054739,20.059323540132585
8555-284447-0004_5683-32879-0000__T2__NORMAL__5683,5683,8555,9,0.0,0.0,0.0,0.0,0.0,0.0,0.0,0.0,62.46374988168255,19.622477146146583
8555-284447-0004_7176-92135-0001__T1__NORMAL__8555,8555,7176,9,0.0,0.0,0.0,0.0,0.0,0.0,0.0,0.0,56.8331727363974,24.26233860671612
8555-284447-0004_7176-92135-0001__T2__NORMAL__7176,7176,8555,9,0.0,0.0,0.0,0.0,0.0,0.0,0.0,0.0,60.02276367910123,21.777382827042445
8555-284447-0004_8463-287645-0009__T1__NORMAL__8555,8555,8463,6,0.0,0.0,0.0,0.0,0.0,0.0,0.0,0.0,49.810636461792065,15.186561167255968
8555-284447-0004_8463-287645-0009__T2__NORMAL__8463,8463,8555,6,0.0,0.0,0.0,0.0,0.0,0.0,0.0,0.0,56.3368629381638,20.936216558341087
8555-284447-0006_1320-122617-0024__T1__NORMAL__8555,8555,1320,14,0.0,0.0,0.0,0.0,0.0,0.0,0.0,0.0,63.659407755171905,22.946094078196115
8555-284447-0006_1320-122617-0024__T2__NORMAL__1320,1320,8555,14,0.0,0.0,0.0,0.0,0.0,0.0,0.0,0.0,59.88605375830152,25.03058620412935
8555-284447-0006_908-31957-0021__T1__NORMAL__8555,8555,908,19,0.0,0.0,0.0,0.0,0.0,0.0,0.0,0.0,54.502799492362385,15.84842012239204
8555-284447-0006_908-31957-0021__T2__NORMAL__908,908,8555,19,0.0,0.05263157894736842,0.0,0.0,0.0,0.0,0.0,0.0,52.0549760278806,19.588059573907422
8555-284447-0007_6829-68771-0033__T1__NORMAL__8555,8555,6829,9,0.0,0.0,0.0,0.0,0.0,0.0,0.0,0.0,62.998967497795824,20.6112430585688
8555-284447-0007_6829-68771-0033__T2__NORMAL__6829,6829,8555,9,0.0,0.1111111111111111,0.0,0.0,0.0,0.0,0.0,0.0,62.54692535583701,23.405248995584696
8555-284447-0008_3570-5695-0002__T1__NORMAL__8555,8555,3570,14,0.0,0.0,0.0,0.07142857142857142,0.0,0.0,0.0,0.0,59.39309149164899,21.83572382817458
8555-284447-0008_3570-5695-0002__T2__NORMAL__3570,3570,8555,14,0.0,0.0,0.0,0.0,0.0,0.0,0.0,0.0,55.62928671617987,20.7715106267911
8555-284447-0008_7176-92135-0017__T1__NORMAL__8555,8555,7176,13,0.0,0.0,0.0,0.0,0.0,0.0,0.0,0.0,62.81237586064173,23.949073418196267
8555-284447-0008_7176-92135-0017__T2__NORMAL__7176,7176,8555,13,0.0,0.0,0.07692307692307693,0.0,0.0,0.0,0.0,0.0,65.0206147507886,24.129759550838315
8555-284447-0009_260-123440-0012__T1__NORMAL__8555,8555,260,5,0.0,0.0,0.0,0.0,0.0,0.0,0.0,0.0,57.61551294071658,21.09662853282428
8555-284447-0009_260-123440-0012__T2__NORMAL__260,260,8555,5,0.0,0.0,0.0,0.0,0.0,0.0,0.0,0.0,60.57536635987107,19.868430782270003
8555-284447-0009_4507-16021-0048__T1__NORMAL__8555,8555,4507,5,0.0,0.2,0.0,0.0,0.0,0.0,0.0,0.0,48.94496063877721,18.2876833248724
8555-284447-0009_4507-16021-0048__T2__NORMAL__4507,4507,8555,5,0.0,0.0,0.0,0.0,0.0,0.0,0.0,0.0,56.03728888698707,13.049925634959502
8555-284447-0010_7729-102255-0005__T1__NORMAL__8555,8555,7729,9,0.0,0.0,0.1111111111111111,0.0,0.0,0.0,0.0,0.0,50.402347098200934,19.41012417500659
8555-284447-0010_7729-102255-0005__T2__NORMAL__7729,7729,8555,9,0.0,0.0,0.0,0.0,0.0,0.0,0.0,0.0,59.81314516878646,19.980924521521352
8555-284447-0013_3575-170457-0004__T1__NORMAL__8555,8555,3575,5,0.0,0.0,0.0,0.0,0.0,0.0,0.0,0.0,53.80255900040224,20.663913450560983
8555-284447-0013_3575-170457-0004__T2__NORMAL__3575,3575,8555,5,0.0,0.0,0.0,0.0,0.0,0.0,0.0,0.0,51.06899248257174,25.1200261211576
8555-284447-0013_5683-32879-0021__T1__NORMAL__8555,8555,5683,7,0.0,0.0,0.14285714285714285,0.0,0.0,0.0,0.0,0.0,53.31519042213552,17.58691202591569
8555-284447-0013_5683-32879-0021__T2__NORMAL__5683,5683,8555,7,0.42857142857142855,0.2857142857142857,0.2857142857142857,0.2857142857142857,0.14285714285714285,0.14285714285714285,0.14285714285714285,0.14285714285714285,18.241166282409676,0.685805964547809
8555-284447-0014_8463-287645-0006__T1__NORMAL__8555,8555,8463,14,0.0,0.0,0.0,0.0,0.0,0.0,0.0,0.0,51.59396159435254,18.19994385920934
8555-284447-0014_8463-287645-0006__T2__NORMAL__8463,8463,8555,14,0.0,0.0,0.07142857142857142,0.0,0.0,0.0,0.0,0.0,50.98589984319042,14.264639439781288
8555-284447-0017_1284-1180-0005__T1__NORMAL__8555,8555,1284,12,0.0,0.0,0.0,0.0,0.0,0.0,0.0,0.0,61.94708714171662,24.307363369958093
8555-284447-0017_1284-1180-0005__T2__NORMAL__1284,1284,8555,12,0.0,0.0,0.08333333333333333,0.0,0.0,0.0,0.0,0.0,66.05610809455946,20.47930643585041
8555-284447-0018_5683-32879-0001__T1__NORMAL__8555,8555,5683,6,0.0,0.0,0.0,0.0,0.0,0.0,0.0,0.0,72.89126809711401,20.735122544357584
8555-284447-0018_5683-32879-0001__T2__NORMAL__5683,5683,8555,6,0.0,0.16666666666666666,0.0,0.0,0.0,0.0,0.0,0.0,65.80793064537379,22.37236562053064
8555-284447-0020_908-157963-0014__T1__NORMAL__8555,8555,908,7,0.0,0.0,0.0,0.0,0.0,0.0,0.0,0.0,68.51374620301866,20.99881991538113
8555-284447-0020_908-157963-0014__T2__NORMAL__908,908,8555,7,0.0,0.0,0.0,0.0,0.0,0.0,0.0,0.0,67.78768719006804,17.564860896998653
8555-284447-0021_121-127105-0000__T1__NORMAL__8555,8555,121,18,0.0,0.1111111111111111,0.05555555555555555,0.0,0.0,0.0,0.0,0.0,58.33852162516021,22.717100923177703
8555-284447-0021_121-127105-0000__T2__NORMAL__121,121,8555,18,0.0,0.05555555555555555,0.0,0.0,0.0,0.0,0.0,0.0,58.29256336787265,16.851388895370416
8555-284447-0022_3575-170457-0047__T1__NORMAL__8555,8555,3575,6,0.0,0.16666666666666666,0.0,0.0,0.0,0.0,0.0,0.0,59.82369252667153,20.872791125568813
8555-284447-0022_3575-170457-0047__T2__NORMAL__3575,3575,8555,6,0.0,0.0,0.0,0.0,0.0,0.0,0.0,0.0,61.94598203517745,20.182694666141263
8555-284447-0023_3570-5696-0000__T1__NORMAL__8555,8555,3570,13,0.0,0.0,0.15384615384615385,0.0,0.0,0.0,0.0,0.0,55.182925025189554,23.35482638498013
8555-284447-0023_3570-5696-0000__T2__NORMAL__3570,3570,8555,13,0.0,0.0,0.0,0.0,0.0,0.0,0.0,0.0,57.96519211406041,19.12701719863701
8555-284447-0023_6829-68771-0006__T1__NORMAL__8555,8555,6829,10,0.0,0.0,0.0,0.0,0.0,0.0,0.0,0.0,65.25352213200141,18.028450260577348
8555-284447-0023_6829-68771-0006__T2__NORMAL__6829,6829,8555,10,0.0,0.0,0.0,0.0,0.0,0.0,0.0,0.0,62.51298524293206,19.48257518667345
8555-284447-0024_1320-122617-0026__T1__NORMAL__8555,8555,1320,8,0.0,0.0,0.0,0.0,0.0,0.0,0.0,0.0,61.11767306246563,25.33390684426421
8555-284447-0024_1320-122617-0026__T2__NORMAL__1320,1320,8555,8,0.0,0.0,0.0,0.0,0.0,0.0,0.0,0.0,71.09123078891591,24.57164995476658
8555-284449-0000_1580-141083-0040__T1__NORMAL__8555,8555,1580,6,0.0,0.16666666666666666,0.0,0.0,0.0,0.0,0.0,0.0,59.62535716111617,10.37128430848422
8555-284449-0000_1580-141083-0040__T2__NORMAL__1580,1580,8555,6,0.0,0.16666666666666666,0.0,0.0,0.0,0.0,0.0,0.0,60.35112233959654,18.91127496954049
8555-284449-0000_3575-170457-0024__T1__NORMAL__8555,8555,3575,23,0.0,0.043478260869565216,0.0,0.0,0.0,0.0,0.0,0.0,62.87049001493976,21.52893789270401
8555-284449-0000_3575-170457-0024__T2__NORMAL__3575,3575,8555,23,0.0,0.0,0.043478260869565216,0.0,0.0,0.0,0.0,0.0,59.9852467562231,24.07228658059441
8555-284449-0000_6829-68771-0001__T1__NORMAL__8555,8555,6829,19,0.0,0.05263157894736842,0.0,0.0,0.0,0.0,0.0,0.0,56.65205687791254,23.023352449650243
8555-284449-0000_6829-68771-0001__T2__NORMAL__6829,6829,8555,19,0.0,0.05263157894736842,0.0,0.0,0.0,0.0,0.0,0.0,62.60385916728627,20.90979426428212
8555-284449-0001_4446-2275-0041__T1__NORMAL__8555,8555,4446,8,0.0,0.0,0.0,0.0,0.0,0.0,0.0,0.0,55.98795284072365,21.551520057525263
8555-284449-0001_4446-2275-0041__T2__NORMAL__4446,4446,8555,8,1.0,1.0,1.0,1.0,1.0,1.0,1.0,1.0,-43.910875059819524,-26.59815384758265
8555-284449-0002_61-70968-0001__T1__NORMAL__8555,8555,61,6,0.0,0.0,0.0,0.0,0.0,0.0,0.0,0.0,61.41633058013192,19.098513593331948
8555-284449-0002_61-70968-0001__T2__NORMAL__61,61,8555,6,0.0,0.0,0.0,0.0,0.0,0.0,0.0,0.0,54.451305420142724,16.442037464933357
8555-284449-0003_6930-81414-0027__T1__NORMAL__8555,8555,6930,6,0.0,0.0,0.0,0.0,0.0,0.0,0.0,0.0,60.555085551562776,18.413075818001225
8555-284449-0003_6930-81414-0027__T2__NORMAL__6930,6930,8555,6,0.0,0.16666666666666666,0.0,0.0,0.0,0.0,0.0,0.0,59.17392128922187,22.72307796595217
8555-284449-0004_8463-294828-0015__T1__NORMAL__8555,8555,8463,7,0.0,0.0,0.0,0.0,0.0,0.0,0.0,0.0,63.81179370798814,21.94894793008052
8555-284449-0004_8463-294828-0015__T2__NORMAL__8463,8463,8555,7,1.0,1.0,1.0,1.0,1.0,1.0,1.0,1.0,-63.200380615943175,-47.03367371237407
8555-284449-0006_1580-141083-0009__T1__NORMAL__8555,8555,1580,6,0.0,0.0,0.0,0.0,0.0,0.0,0.0,0.0,59.58414242730473,19.69351293701293
8555-284449-0006_1580-141083-0009__T2__NORMAL__1580,1580,8555,6,0.0,0.0,0.0,0.0,0.0,0.0,0.0,0.0,54.83341945217733,23.83951097715209
8555-284449-0006_2830-3980-0011__T1__NORMAL__8555,8555,2830,6,0.0,0.0,0.0,0.0,0.0,0.0,0.0,0.0,54.27504952119429,20.940258087834497
8555-284449-0006_2830-3980-0011__T2__NORMAL__2830,2830,8555,6,0.0,0.0,0.0,0.0,0.0,0.0,0.0,0.0,51.15456389464598,18.48846103388584
8555-284449-0007_5683-32866-0005__T1__NORMAL__8555,8555,5683,8,0.0,0.0,0.0,0.0,0.0,0.0,0.0,0.0,58.78793363649332,24.151517773748115
8555-284449-0007_5683-32866-0005__T2__NORMAL__5683,5683,8555,8,0.0,0.0,0.125,0.0,0.0,0.0,0.0,0.0,60.27527019163581,12.115119259645883
8555-284449-0008_4077-13751-0012__T1__NORMAL__8555,8555,4077,11,0.0,0.0,0.0,0.0,0.0,0.0,0.0,0.0,55.886130496897884,20.160086877026185
8555-284449-0008_4077-13751-0012__T2__NORMAL__4077,4077,8555,11,0.0,0.0,0.0,0.0,0.0,0.0,0.0,0.0,56.279934913086976,22.415616780802765
8555-284449-0009_3570-5694-0014__T1__NORMAL__8555,8555,3570,5,0.0,0.0,0.0,0.0,0.0,0.0,0.0,0.0,63.09536501053856,22.734928592724174
8555-284449-0009_3570-5694-0014__T2__NORMAL__3570,3570,8555,5,0.0,0.0,0.0,0.0,0.0,0.0,0.0,0.0,59.22718983361565,17.512586719406457
8555-284449-0009_4992-41797-0020__T1__NORMAL__8555,8555,4992,5,0.0,0.2,0.2,0.2,0.2,0.0,0.2,0.0,46.51368893019607,19.99174065908955
8555-284449-0009_4992-41797-0020__T2__NORMAL__4992,4992,8555,5,0.0,0.0,0.0,0.0,0.0,0.0,0.0,0.0,60.99402243033171,17.09168180456359
8555-284449-0009_61-70968-0032__T1__NORMAL__8555,8555,61,5,0.0,0.0,0.0,0.0,0.0,0.0,0.0,0.0,40.04577797694328,22.324279592569933
8555-284449-0009_61-70968-0032__T2__NORMAL__61,61,8555,5,0.0,0.0,0.0,0.0,0.0,0.0,0.0,0.0,50.160449133075,13.160301896193488
8555-284449-0009_6829-68771-0024__T1__NORMAL__8555,8555,6829,5,0.0,0.0,0.0,0.0,0.0,0.0,0.0,0.0,53.30827725886043,18.950675465040312
8555-284449-0009_6829-68771-0024__T2__NORMAL__6829,6829,8555,5,0.0,0.0,0.0,0.0,0.0,0.0,0.0,0.0,60.31268370270277,19.24785043233483
8555-284449-0011_2830-3979-0010__T1__NORMAL__8555,8555,2830,5,0.0,0.0,0.0,0.0,0.0,0.0,0.0,0.0,70.58395637256679,24.038351791513687
8555-284449-0011_2830-3979-0010__T2__NORMAL__2830,2830,8555,5,0.0,0.0,0.0,0.0,0.0,0.0,0.0,0.0,62.54969674352376,22.43948874210301
8555-284449-0012_1580-141084-0004__T1__NORMAL__8555,8555,1580,17,0.058823529411764705,0.0,0.058823529411764705,0.0,0.0,0.0,0.0,0.0,54.723993617936976,8.543802966255134
8555-284449-0012_1580-141084-0004__T2__NORMAL__1580,1580,8555,17,0.0,0.0,0.0,0.0,0.0,0.0,0.0,0.0,58.46602046356048,20.513281275370453
8555-284449-0013_2830-3980-0055__T1__NORMAL__8555,8555,2830,10,0.0,0.0,0.0,0.0,0.0,0.0,0.0,0.0,50.53853177681273,18.97475354557619
8555-284449-0013_2830-3980-0055__T2__NORMAL__2830,2830,8555,10,0.0,0.0,0.0,0.0,0.0,0.0,0.0,0.0,58.93993967024086,18.30206243542063
8555-284449-0013_4992-23283-0013__T1__NORMAL__8555,8555,4992,10,0.0,0.2,0.0,0.0,0.0,0.0,0.0,0.0,54.1170787686896,16.1267442994602
8555-284449-0013_4992-23283-0013__T2__NORMAL__4992,4992,8555,10,0.0,0.0,0.0,0.0,0.0,0.0,0.0,0.0,53.7918110005791,17.200955539962095
8555-284449-0015_4992-23283-0014__T1__NORMAL__8555,8555,4992,8,0.0,0.0,0.0,0.0,0.0,0.0,0.0,0.0,53.30296347500775,18.25774738189905
8555-284449-0015_4992-23283-0014__T2__NORMAL__4992,4992,8555,8,0.0,0.0,0.0,0.0,0.0,0.0,0.0,0.0,59.490424423984834,19.249189056131463
8555-284449-0017_6829-68771-0022__T1__NORMAL__8555,8555,6829,6,0.0,0.0,0.0,0.0,0.0,0.0,0.0,0.0,59.296679146762074,21.621829088528315
8555-284449-0017_6829-68771-0022__T2__NORMAL__6829,6829,8555,6,0.0,0.0,0.0,0.0,0.0,0.0,0.0,0.0,66.50695736778805,21.003010292536388
8555-284449-0018_8455-210777-0057__T1__NORMAL__8555,8555,8455,13,0.0,0.0,0.07692307692307693,0.0,0.0,0.0,0.0,0.0,54.676681269305135,22.56580293973002
8555-284449-0018_8455-210777-0057__T2__NORMAL__8455,8455,8555,13,0.0,0.07692307692307693,0.0,0.0,0.0,0.0,0.0,0.0,57.209883056582534,16.71978480884174
8555-284449-0018_8463-287645-0000__T1__NORMAL__8555,8555,8463,8,0.0,0.0,0.0,0.0,0.0,0.0,0.0,0.0,60.21876122413906,21.373796695158084
8555-284449-0018_8463-287645-0000__T2__NORMAL__8463,8463,8555,8,0.0,0.0,0.0,0.0,0.0,0.0,0.0,0.0,56.739182635812625,20.07891614500452
8555-284449-0019_4992-41797-0000__T1__NORMAL__8555,8555,4992,9,0.0,0.0,0.0,0.0,0.0,0.0,0.0,0.0,59.869282564161004,20.94371759739685
8555-284449-0019_4992-41797-0000__T2__NORMAL__4992,4992,8555,9,0.0,0.0,0.0,0.0,0.0,0.0,0.0,0.0,66.69156146137718,20.13516153800728
8555-284449-0019_5142-33396-0054__T1__NORMAL__8555,8555,5142,10,0.0,0.1,0.0,0.0,0.0,0.0,0.0,0.0,71.34255669431795,23.19155810590657
8555-284449-0019_5142-33396-0054__T2__NORMAL__5142,5142,8555,10,0.0,0.0,0.0,0.0,0.0,0.0,0.0,0.0,72.8260083849426,24.58395581818614
8555-284449-0020_1580-141084-0003__T1__NORMAL__8555,8555,1580,7,0.0,0.0,0.0,0.0,0.0,0.0,0.0,0.0,67.3959569333992,21.10117689935466
8555-284449-0020_1580-141084-0003__T2__NORMAL__1580,1580,8555,7,0.0,0.0,0.0,0.0,0.0,0.0,0.0,0.0,60.576054772211805,23.56596237680501
8555-292519-0003_4446-2271-0010__T1__NORMAL__8555,8555,4446,5,0.0,0.0,0.0,0.0,0.0,0.0,0.0,0.0,51.920045217301904,15.987598629591568
8555-292519-0003_4446-2271-0010__T2__NORMAL__4446,4446,8555,5,0.0,0.0,0.0,0.0,0.0,0.0,0.0,0.0,66.00803831171122,17.295071024286457
8555-292519-0004_260-123288-0002__T1__NORMAL__8555,8555,260,5,0.0,0.0,0.0,0.0,0.0,0.0,0.0,0.0,52.568730594869024,18.52279955620909
8555-292519-0004_260-123288-0002__T2__NORMAL__260,260,8555,5,0.0,0.0,0.0,0.0,0.0,0.0,0.0,0.0,50.27748745410592,16.519468040560003
8555-292519-0006_61-70970-0037__T1__NORMAL__8555,8555,61,10,0.0,0.0,0.0,0.0,0.0,0.0,0.0,0.0,53.761147537783664,20.626718786923465
8555-292519-0006_61-70970-0037__T2__NORMAL__61,61,8555,10,0.0,0.0,0.0,0.0,0.0,0.0,0.0,0.0,50.833266924488534,18.36669545377465
8555-292519-0007_2830-3980-0011__T1__NORMAL__8555,8555,2830,10,0.0,0.0,0.0,0.0,0.0,0.0,0.0,0.0,58.762239451538605,18.894508498122125
8555-292519-0007_2830-3980-0011__T2__NORMAL__2830,2830,8555,10,0.0,0.1,0.0,0.0,0.0,0.0,0.0,0.0,62.29030021959706,20.24648334585344
8555-292519-0010_1089-134686-0013__T1__NORMAL__8555,8555,1089,10,0.0,0.0,0.0,0.0,0.0,0.0,0.0,0.0,53.72563005654386,21.369080859378
8555-292519-0010_1089-134686-0013__T2__NORMAL__1089,1089,8555,10,0.0,0.0,0.0,0.0,0.0,0.0,0.0,0.0,53.73152116702927,21.04135657651314
8555-292519-0011_7127-75947-0038__T1__NORMAL__8555,8555,7127,5,0.0,0.0,0.0,0.0,0.0,0.0,0.0,0.0,56.605220343613,21.14282874598157
8555-292519-0011_7127-75947-0038__T2__NORMAL__7127,7127,8555,5,0.0,0.0,0.0,0.0,0.0,0.0,0.0,0.0,56.76014804229062,20.393438632704417
8555-292519-0012_4970-29093-0002__T1__NORMAL__8555,8555,4970,9,0.0,0.0,0.0,0.0,0.0,0.0,0.0,0.0,67.657763803602,18.17069669149965
8555-292519-0012_4970-29093-0002__T2__NORMAL__4970,4970,8555,9,0.0,0.0,0.0,0.0,0.0,0.0,0.0,0.0,59.19671910344073,20.57920596512376
8555-292519-0013_5105-28240-0017__T1__NORMAL__8555,8555,5105,7,0.0,0.14285714285714285,0.14285714285714285,0.0,0.0,0.0,0.0,0.0,57.498467869197256,15.946502359136566
8555-292519-0013_5105-28240-0017__T2__NORMAL__5105,5105,8555,7,0.0,0.0,0.0,0.0,0.0,0.0,0.0,0.0,54.803619797943156,22.61289517212145
8555-292519-0013_5105-28241-0013__T1__NORMAL__8555,8555,5105,7,0.0,0.0,0.0,0.0,0.0,0.0,0.0,0.0,55.965661045034835,16.608255414871984
8555-292519-0013_5105-28241-0013__T2__NORMAL__5105,5105,8555,7,0.0,0.0,0.0,0.0,0.0,0.0,0.0,0.0,47.593887174660104,23.77935108825248
908-157963-0003_1221-135766-0005__T1__NORMAL__908,908,1221,5,0.0,0.0,0.0,0.0,0.0,0.0,0.0,0.0,65.08141788401477,16.805192619566615
908-157963-0003_1221-135766-0005__T2__NORMAL__1221,1221,908,5,0.0,0.0,0.0,0.0,0.0,0.0,0.0,0.0,56.07090650683788,19.314004217389773
908-157963-0004_7021-79740-0002__T1__NORMAL__908,908,7021,17,0.0,0.0,0.0,0.0,0.0,0.0,0.0,0.0,51.4080162359374,17.73540783598139
908-157963-0004_7021-79740-0002__T2__NORMAL__7021,7021,908,17,0.0,0.058823529411764705,0.058823529411764705,0.0,0.058823529411764705,0.0,0.0,0.0,48.73596925498568,15.280077010299966
908-157963-0006_6829-68769-0033__T1__NORMAL__908,908,6829,7,0.0,0.14285714285714285,0.0,0.0,0.0,0.0,0.0,0.0,50.58684867382019,20.538844994869848
908-157963-0006_6829-68769-0033__T2__NORMAL__6829,6829,908,7,0.0,0.0,0.0,0.0,0.0,0.0,0.0,0.0,53.4928634552449,16.428696626565586
908-157963-0009_237-134493-0001__T1__NORMAL__908,908,237,7,0.0,0.14285714285714285,0.0,0.0,0.0,0.0,0.0,0.0,59.22812615092342,16.96430905987872
908-157963-0009_237-134493-0001__T2__NORMAL__237,237,908,7,0.0,0.0,0.0,0.0,0.0,0.0,0.0,0.0,59.27757942855341,19.09836981335828
908-157963-0009_61-70968-0013__T1__NORMAL__908,908,61,7,0.0,0.0,0.0,0.0,0.0,0.0,0.0,0.0,41.83459019975677,16.381623591247642
908-157963-0009_61-70968-0013__T2__NORMAL__61,61,908,7,0.0,0.0,0.0,0.0,0.0,0.0,0.0,0.0,47.912804911411286,16.726214801507496
908-157963-0010_260-123440-0010__T1__NORMAL__908,908,260,11,0.0,0.0,0.0,0.0,0.0,0.0,0.0,0.0,48.512237215714805,18.9413030242522
908-157963-0010_260-123440-0010__T2__NORMAL__260,260,908,11,0.0,0.0,0.0,0.0,0.0,0.0,0.0,0.0,48.95656631298468,15.271913905719757
908-157963-0010_61-70970-0038__T1__NORMAL__908,908,61,11,0.0,0.09090909090909091,0.0,0.0,0.0,0.0,0.0,0.0,41.81099832055307,17.403742128447828
908-157963-0010_61-70970-0038__T2__NORMAL__61,61,908,11,0.0,0.0,0.0,0.0,0.0,0.0,0.0,0.0,47.18854229001622,12.670110541694031
908-157963-0011_8230-279154-0024__T1__NORMAL__908,908,8230,11,0.0,0.0,0.0,0.0,0.0,0.0,0.0,0.0,56.69500834443922,24.50615492044612
908-157963-0011_8230-279154-0024__T2__NORMAL__8230,8230,908,11,0.0,0.0,0.0,0.0,0.0,0.0,0.0,0.0,55.01689085046391,17.36514915497659
908-157963-0012_4446-2271-0011__T1__NORMAL__908,908,4446,6,0.0,0.0,0.0,0.0,0.0,0.0,0.0,0.0,38.89796304203707,14.18136015624123
908-157963-0012_4446-2271-0011__T2__NORMAL__4446,4446,908,6,0.0,0.0,0.0,0.0,0.0,0.0,0.0,0.0,47.979774488212605,14.392133804835948
908-157963-0012_8463-294828-0010__T1__NORMAL__908,908,8463,14,0.0,0.0,0.0,0.0,0.0,0.0,0.0,0.0,55.62206745746808,20.776258066847475
908-157963-0012_8463-294828-0010__T2__NORMAL__8463,8463,908,14,1.0,1.0,1.0,1.0,1.0,1.0,1.0,1.0,-52.94014229121336,-39.01395908266018
908-157963-0013_3575-170457-0006__T1__NORMAL__908,908,3575,7,0.0,0.0,0.14285714285714285,0.0,0.0,0.0,0.0,0.0,50.717685281587805,22.60636187621247
908-157963-0013_3575-170457-0006__T2__NORMAL__3575,3575,908,7,0.0,0.0,0.0,0.0,0.0,0.0,0.0,0.0,48.93305137851519,16.611325612638055
908-157963-0014_4507-16021-0056__T1__NORMAL__908,908,4507,8,0.0,0.125,0.125,0.0,0.125,0.0,0.0,0.0,44.35151677642973,16.82879618875363
908-157963-0014_4507-16021-0056__T2__NORMAL__4507,4507,908,8,0.0,0.0,0.0,0.0,0.0,0.0,0.0,0.0,49.5840868399649,18.14507607467442
908-157963-0014_8555-284449-0020__T1__NORMAL__908,908,8555,8,0.0,0.0,0.125,0.0,0.0,0.0,0.0,0.0,50.62076623645591,17.817436780396015
908-157963-0014_8555-284449-0020__T2__NORMAL__8555,8555,908,8,0.0,0.0,0.0,0.0,0.0,0.0,0.0,0.0,52.39147566098801,21.04853426219473
908-157963-0015_672-122797-0030__T1__NORMAL__908,908,672,8,0.0,0.0,0.0,0.0,0.0,0.0,0.0,0.0,49.999458727319364,9.53282508770758
908-157963-0015_672-122797-0030__T2__NORMAL__672,672,908,8,1.0,1.0,1.0,1.0,1.0,1.0,1.0,1.0,-47.79328940342101,-31.38977230346961
908-157963-0016_2830-3980-0039__T1__NORMAL__908,908,2830,9,0.0,0.2222222222222222,0.0,0.0,0.0,0.0,0.0,0.0,36.28278335044983,15.026327130401102
908-157963-0016_2830-3980-0039__T2__NORMAL__2830,2830,908,9,0.0,0.0,0.0,0.0,0.0,0.0,0.0,0.0,48.147528064280515,10.467131663109592
908-157963-0016_4446-2271-0017__T1__NORMAL__908,908,4446,9,0.0,0.0,0.0,0.1111111111111111,0.0,0.0,0.0,0.0,42.75806820339868,14.297652155006949
908-157963-0016_4446-2271-0017__T2__NORMAL__4446,4446,908,9,0.0,0.0,0.1111111111111111,0.0,0.0,0.0,0.0,0.0,49.32165315543232,17.011320565131037
908-157963-0016_4992-41806-0015__T1__NORMAL__908,908,4992,9,0.0,0.1111111111111111,0.0,0.0,0.0,0.0,0.0,0.0,62.32990601941911,15.352759618102652
908-157963-0016_4992-41806-0015__T2__NORMAL__4992,4992,908,9,0.0,0.3333333333333333,0.1111111111111111,0.0,0.1111111111111111,0.0,0.0,0.0,46.06089860765308,20.679471824427512
908-157963-0017_237-134500-0028__T1__NORMAL__908,908,237,8,0.0,0.0,0.0,0.0,0.0,0.0,0.0,0.0,61.76928712676667,21.04085427845464
908-157963-0017_237-134500-0028__T2__NORMAL__237,237,908,8,0.0,0.125,0.0,0.0,0.0,0.0,0.0,0.0,56.978360917606665,19.544403504186377
908-157963-0017_7729-102255-0041__T1__NORMAL__908,908,7729,8,0.0,0.0,0.0,0.0,0.0,0.0,0.0,0.0,53.99531328521584,14.39557202747242
908-157963-0017_7729-102255-0041__T2__NORMAL__7729,7729,908,8,0.0,0.0,0.0,0.0,0.0,0.0,0.0,0.0,49.82200437086739,19.761985756248503
908-157963-0018_1320-122617-0014__T1__NORMAL__908,908,1320,7,0.0,0.0,0.0,0.0,0.0,0.0,0.0,0.0,60.143739859526264,17.558785789646784
908-157963-0018_1320-122617-0014__T2__NORMAL__1320,1320,908,7,0.0,0.0,0.0,0.0,0.0,0.0,0.0,0.0,56.45019489442195,18.01442116173984
908-157963-0018_5105-28240-0002__T1__NORMAL__908,908,5105,7,0.0,0.0,0.0,0.0,0.0,0.0,0.0,0.0,55.058025639313506,14.68424102361115
908-157963-0018_5105-28240-0002__T2__NORMAL__5105,5105,908,7,1.0,1.0,1.0,1.0,1.0,1.0,1.0,1.0,-53.66162145829212,-29.77633103051493
908-157963-0018_61-70970-0040__T1__NORMAL__908,908,61,7,0.0,0.0,0.0,0.0,0.0,0.0,0.0,0.0,46.761649183990656,16.026411270053668
908-157963-0018_61-70970-0040__T2__NORMAL__61,61,908,7,0.0,0.0,0.0,0.0,0.0,0.0,0.0,0.0,46.83319327473225,16.29891840354523
908-157963-0018_7127-75947-0026__T1__NORMAL__908,908,7127,7,0.0,0.0,0.0,0.0,0.0,0.0,0.0,0.0,50.85039290671689,14.82521040825458
908-157963-0018_7127-75947-0026__T2__NORMAL__7127,7127,908,7,0.0,0.14285714285714285,0.0,0.0,0.0,0.0,0.0,0.0,48.34447615110729,19.583106776005465
908-157963-0020_5683-32879-0007__T1__NORMAL__908,908,5683,12,0.0,0.0,0.0,0.0,0.0,0.0,0.0,0.0,58.18530990139087,18.08270297093253
908-157963-0020_5683-32879-0007__T2__NORMAL__5683,5683,908,12,0.0,0.0,0.0,0.0,0.0,0.0,0.0,0.0,57.38759372612847,21.491838283611905
908-157963-0021_8455-210777-0012__T1__NORMAL__908,908,8455,5,0.0,0.0,0.0,0.0,0.0,0.0,0.0,0.0,58.25934340030051,17.237049796238804
908-157963-0021_8455-210777-0012__T2__NORMAL__8455,8455,908,5,0.0,0.0,0.0,0.0,0.0,0.0,0.0,0.0,56.68688170779287,16.34168257170717
908-157963-0021_8463-287645-0001__T1__NORMAL__908,908,8463,5,0.0,0.0,0.0,0.0,0.0,0.0,0.0,0.0,63.276482392214106,15.276245223988466
908-157963-0021_8463-287645-0001__T2__NORMAL__8463,8463,908,5,0.0,0.0,0.0,0.0,0.0,0.0,0.0,0.0,57.053813983965846,15.601843251439476
908-157963-0022_1089-134686-0023__T1__NORMAL__908,908,1089,8,0.0,0.0,0.0,0.0,0.0,0.0,0.0,0.0,50.137277990888265,21.198220004949707
908-157963-0022_1089-134686-0023__T2__NORMAL__1089,1089,908,8,0.0,0.375,0.0,0.0,0.0,0.0,0.0,0.0,51.002785542340206,17.758214145011724
908-157963-0022_3570-5694-0005__T1__NORMAL__908,908,3570,8,0.0,0.0,0.0,0.0,0.0,0.0,0.0,0.0,54.383240648915994,13.203807320485796
908-157963-0022_3570-5694-0005__T2__NORMAL__3570,3570,908,8,0.0,0.0,0.0,0.0,0.0,0.0,0.0,0.0,49.88366591611056,17.080268593543977
908-157963-0022_4970-29093-0014__T1__NORMAL__908,908,4970,7,0.0,0.0,0.0,0.0,0.0,0.0,0.0,0.0,52.95998531480497,15.97780711441235
908-157963-0022_4970-29093-0014__T2__NORMAL__4970,4970,908,7,0.0,0.14285714285714285,0.0,0.0,0.0,0.0,0.0,0.0,44.22300452306283,19.93901312687399
908-157963-0022_61-70970-0007__T1__NORMAL__908,908,61,7,0.0,0.0,0.0,0.0,0.0,0.0,0.0,0.0,50.066703344209465,15.85021745287878
908-157963-0022_61-70970-0007__T2__NORMAL__61,61,908,7,0.0,0.0,0.0,0.0,0.0,0.0,0.0,0.0,51.3086442139706,15.42871468472102
908-157963-0023_61-70968-0049__T1__NORMAL__908,908,61,15,0.0,0.0,0.0,0.0,0.0,0.0,0.0,0.0,46.82614244679299,17.038801466429693
908-157963-0023_61-70968-0049__T2__NORMAL__61,61,908,15,0.0,0.06666666666666667,0.0,0.0,0.0,0.0,0.0,0.0,48.9608525333967,17.243681101157264
908-157963-0024_1188-133604-0033__T1__NORMAL__908,908,1188,5,0.0,0.0,0.0,0.0,0.0,0.0,0.0,0.0,53.72642491225774,17.058864925485068
908-157963-0024_1188-133604-0033__T2__NORMAL__1188,1188,908,5,0.0,0.0,0.0,0.0,0.0,0.0,0.0,0.0,50.09454166973262,17.85203570141742
908-157963-0025_1089-134691-0018__T1__NORMAL__908,908,1089,5,0.0,0.0,0.0,0.0,0.0,0.0,0.0,0.0,78.48682875477492,18.26641658012656
908-157963-0025_1089-134691-0018__T2__NORMAL__1089,1089,908,5,0.0,0.2,0.2,0.2,0.2,0.0,0.2,0.0,54.751018480035654,22.55595803748507
908-157963-0026_2830-3980-0068__T1__NORMAL__908,908,2830,9,0.0,0.0,0.0,0.0,0.0,0.0,0.0,0.0,35.57010770748508,14.969030319339373
908-157963-0026_2830-3980-0068__T2__NORMAL__2830,2830,908,9,0.0,0.0,0.0,0.0,0.0,0.0,0.0,0.0,49.86328656663264,11.115921849110634
908-157963-0026_61-70970-0012__T1__NORMAL__908,908,61,5,0.0,0.0,0.0,0.0,0.0,0.0,0.0,0.0,48.900232813606905,14.531512873240164
908-157963-0026_61-70970-0012__T2__NORMAL__61,61,908,5,0.0,0.2,0.0,0.0,0.0,0.0,0.0,0.0,53.296389988557564,17.281634429210563
908-157963-0027_5105-28240-0008__T1__NORMAL__908,908,5105,9,0.0,0.0,0.0,0.0,0.0,0.0,0.0,0.0,51.495295978218046,20.550704868962008
908-157963-0027_5105-28240-0008__T2__NORMAL__5105,5105,908,9,1.0,1.0,1.0,1.0,1.0,1.0,1.0,1.0,-48.11841855291933,-43.35528579278371
908-157963-0027_7127-75947-0037__T1__NORMAL__908,908,7127,9,0.0,0.0,0.0,0.0,0.0,0.0,0.0,0.0,46.92101358354651,16.77795327831576
908-157963-0027_7127-75947-0037__T2__NORMAL__7127,7127,908,9,0.0,0.3333333333333333,0.0,0.0,0.0,0.0,0.0,0.0,48.73508412208549,19.07629083334385
908-157963-0028_7021-85628-0018__T1__NORMAL__908,908,7021,8,0.0,0.125,0.0,0.0,0.0,0.0,0.0,0.0,53.17826721981754,18.13649689397082
908-157963-0028_7021-85628-0018__T2__NORMAL__7021,7021,908,8,0.0,0.375,0.5,0.375,0.25,0.0,0.125,0.0,15.551131717747532,1.5681364782430651
908-157963-0028_7127-75946-0013__T1__NORMAL__908,908,7127,8,0.0,0.125,0.0,0.0,0.0,0.0,0.0,0.0,53.00745342174348,9.342722976436118
908-157963-0028_7127-75946-0013__T2__NORMAL__7127,7127,908,8,0.0,0.0,0.0,0.125,0.0,0.0,0.0,0.0,45.890672033724755,18.07458775622672
908-157963-0029_3729-6852-0024__T1__NORMAL__908,908,3729,6,0.0,0.0,0.16666666666666666,0.0,0.0,0.0,0.0,0.0,51.59946576305587,13.073853400204424
908-157963-0029_3729-6852-0024__T2__NORMAL__3729,3729,908,6,0.0,0.16666666666666666,0.0,0.0,0.0,0.0,0.0,0.0,37.28983506782357,17.231572410744523
908-157963-0029_5683-32866-0002__T1__NORMAL__908,908,5683,6,0.0,0.16666666666666666,0.16666666666666666,0.0,0.0,0.0,0.0,0.0,49.12877044590905,17.72624627918155
908-157963-0029_5683-32866-0002__T2__NORMAL__5683,5683,908,6,0.0,0.0,0.0,0.0,0.0,0.0,0.0,0.0,49.166799370584734,15.251709286125196
908-157963-0030_2961-960-0019__T1__NORMAL__908,908,2961,8,0.0,0.0,0.125,0.0,0.0,0.0,0.0,0.0,58.95527918109881,17.223854369378348
908-157963-0030_2961-960-0019__T2__NORMAL__2961,2961,908,8,0.0,0.0,0.125,0.0,0.0,0.0,0.0,0.0,52.11057693949657,17.38115594509972
908-31957-0002_2300-131720-0041__T1__NORMAL__908,908,2300,6,0.0,0.0,0.0,0.0,0.0,0.0,0.0,0.0,47.45364889000192,15.385922541203916
908-31957-0002_2300-131720-0041__T2__NORMAL__2300,2300,908,6,0.0,0.0,0.0,0.0,0.0,0.0,0.0,0.0,47.324924726873554,16.24335850038485
908-31957-0003_260-123288-0022__T1__NORMAL__908,908,260,6,0.0,0.0,0.0,0.0,0.0,0.0,0.0,0.0,45.10636041660317,15.375798306871818
908-31957-0003_260-123288-0022__T2__NORMAL__260,260,908,6,0.0,0.0,0.0,0.0,0.0,0.0,0.0,0.0,41.47160739085143,14.83957978789373
908-31957-0004_4446-2275-0016__T1__NORMAL__908,908,4446,12,0.0,0.0,0.0,0.0,0.0,0.0,0.0,0.0,61.28699896403126,17.8884285303289
908-31957-0004_4446-2275-0016__T2__NORMAL__4446,4446,908,12,0.0,0.0,0.08333333333333333,0.0,0.0,0.0,0.0,0.0,54.849442568208126,19.64250132940561
908-31957-0005_2830-3979-0012__T1__NORMAL__908,908,2830,6,0.0,0.0,0.0,0.0,0.0,0.0,0.0,0.0,59.6918010012538,19.13371769758873
908-31957-0005_2830-3979-0012__T2__NORMAL__2830,2830,908,6,0.0,0.0,0.0,0.0,0.0,0.0,0.0,0.0,54.489731331230615,21.92108155306849
908-31957-0005_3575-170457-0027__T1__NORMAL__908,908,3575,7,0.0,0.0,0.0,0.0,0.0,0.0,0.0,0.0,55.0954374855203,18.64699225543305
908-31957-0005_3575-170457-0027__T2__NORMAL__3575,3575,908,7,0.0,0.0,0.0,0.0,0.0,0.0,0.0,0.0,59.75661135450082,20.003240325153207
908-31957-0005_5105-28233-0004__T1__NORMAL__908,908,5105,7,0.0,0.0,0.0,0.0,0.0,0.0,0.0,0.0,63.55679632522804,16.365254662345762
908-31957-0005_5105-28233-0004__T2__NORMAL__5105,5105,908,7,0.0,0.0,0.0,0.0,0.0,0.0,0.0,0.0,54.02229642163585,20.75164526166661
908-31957-0005_8555-292519-0008__T1__NORMAL__908,908,8555,7,0.0,0.0,0.14285714285714285,0.14285714285714285,0.0,0.0,0.0,0.0,39.98772040469885,22.677219596216982
908-31957-0005_8555-292519-0008__T2__NORMAL__8555,8555,908,7,0.0,0.0,0.0,0.0,0.0,0.0,0.0,0.0,46.59840017555083,15.19155021244393
908-31957-0006_237-126133-0022__T1__NORMAL__908,908,237,9,0.0,0.0,0.0,0.0,0.0,0.0,0.0,0.0,60.45850873662044,23.086981595949112
908-31957-0006_237-126133-0022__T2__NORMAL__237,237,908,9,0.0,0.0,0.0,0.0,0.0,0.0,0.0,0.0,55.576265927788576,21.136001325399302
908-31957-0006_8224-274381-0015__T1__NORMAL__908,908,8224,10,0.0,0.0,0.0,0.0,0.0,0.0,0.0,0.0,40.78822369222529,17.913223961947594
908-31957-0006_8224-274381-0015__T2__NORMAL__8224,8224,908,10,0.0,0.0,0.0,0.0,0.0,0.0,0.0,0.0,49.030415582528,15.510043068758591
908-31957-0007_5105-28233-0000__T1__NORMAL__908,908,5105,8,0.0,0.125,0.0,0.0,0.0,0.0,0.0,0.0,63.78119614623053,18.07451029953618
908-31957-0007_5105-28233-0000__T2__NORMAL__5105,5105,908,8,0.0,0.0,0.0,0.0,0.0,0.0,0.0,0.0,57.30929405051043,20.76843536233948
908-31957-0008_121-121726-0012__T1__NORMAL__908,908,121,7,0.0,0.0,0.0,0.0,0.0,0.0,0.0,0.0,51.98766829093835,15.0946754917311
908-31957-0008_121-121726-0012__T2__NORMAL__121,121,908,7,0.0,0.0,0.0,0.0,0.0,0.0,0.0,0.0,58.38181031130783,17.403888158408552
908-31957-0008_2961-961-0010__T1__NORMAL__908,908,2961,14,0.0,0.14285714285714285,0.0,0.07142857142857142,0.0,0.0,0.0,0.0,41.79934774312456,16.514097824143207
908-31957-0008_2961-961-0010__T2__NORMAL__2961,2961,908,14,0.0,0.0,0.14285714285714285,0.14285714285714285,0.0,0.0,0.0,0.0,42.15662044962841,13.153324974496188
908-31957-0008_4446-2271-0020__T1__NORMAL__908,908,4446,14,0.0,0.07142857142857142,0.07142857142857142,0.07142857142857142,0.0,0.0,0.0,0.0,39.49271800514049,13.196949548418909
908-31957-0008_4446-2271-0020__T2__NORMAL__4446,4446,908,14,0.0,0.0,0.14285714285714285,0.07142857142857142,0.0,0.0,0.0,0.0,45.00102561981612,14.58819887333377
908-31957-0009_2094-142345-0024__T1__NORMAL__908,908,2094,9,0.0,0.0,0.0,0.0,0.0,0.0,0.0,0.0,51.24852267784393,23.42252490103622
908-31957-0009_2094-142345-0024__T2__NORMAL__2094,2094,908,9,0.0,0.0,0.0,0.0,0.0,0.0,0.0,0.0,58.42380267239852,18.933145970946587
908-31957-0012_6829-68769-0025__T1__NORMAL__908,908,6829,10,0.0,0.1,0.0,0.0,0.0,0.0,0.0,0.0,59.730605819262124,16.069366142102417
908-31957-0012_6829-68769-0025__T2__NORMAL__6829,6829,908,10,0.0,0.0,0.0,0.0,0.0,0.0,0.0,0.0,52.85245385502479,20.07050217476964
908-31957-0014_3729-6852-0031__T1__NORMAL__908,908,3729,7,0.0,0.0,0.0,0.0,0.0,0.0,0.0,0.0,48.569509811882185,15.789191460889096
908-31957-0014_3729-6852-0031__T2__NORMAL__3729,3729,908,7,0.0,0.0,0.0,0.0,0.0,0.0,0.0,0.0,50.00917771281097,18.50510231716365
908-31957-0017_2094-142345-0005__T1__NORMAL__908,908,2094,14,0.0,0.0,0.0,0.0,0.0,0.0,0.0,0.0,34.49811193310909,13.30448638190436
908-31957-0017_2094-142345-0005__T2__NORMAL__2094,2094,908,14,0.0,0.0,0.0,0.0,0.0,0.0,0.0,0.0,54.303010933896026,4.864712521463408
908-31957-0017_5683-32866-0013__T1__NORMAL__908,908,5683,14,0.0,0.0,0.0,0.0,0.0,0.0,0.0,0.0,53.4138300619527,15.24913956934471
908-31957-0017_5683-32866-0013__T2__NORMAL__5683,5683,908,14,0.0,0.0,0.0,0.0,0.0,0.0,0.0,0.0,51.13701896661846,19.174179097267995
908-31957-0017_6930-81414-0004__T1__NORMAL__908,908,6930,14,0.0,0.07142857142857142,0.0,0.0,0.0,0.0,0.0,0.0,52.99938560516717,15.2216616607375
908-31957-0017_6930-81414-0004__T2__NORMAL__6930,6930,908,14,0.0,0.14285714285714285,0.0,0.0,0.0,0.0,0.0,0.0,50.5869558524544,18.76268881981964
908-31957-0018_5683-32879-0022__T1__NORMAL__908,908,5683,6,0.0,0.0,0.0,0.0,0.0,0.0,0.0,0.0,50.89865395193336,18.24448761251285
908-31957-0018_5683-32879-0022__T2__NORMAL__5683,5683,908,6,0.0,0.0,0.0,0.0,0.0,0.0,0.0,0.0,45.4337460113535,19.335273242876323
908-31957-0018_7021-85628-0011__T1__NORMAL__908,908,7021,6,0.0,0.0,0.0,0.0,0.0,0.0,0.0,0.0,51.17667525941729,18.06696292480915
908-31957-0018_7021-85628-0011__T2__NORMAL__7021,7021,908,6,0.0,0.0,0.0,0.0,0.0,0.0,0.0,0.0,57.6070907501855,16.504850192588925
908-31957-0019_4970-29095-0028__T1__NORMAL__908,908,4970,17,0.0,0.0,0.0,0.0,0.0,0.0,0.0,0.0,60.58865605190581,24.74743919975318
908-31957-0019_4970-29095-0028__T2__NORMAL__4970,4970,908,17,0.0,0.0,0.0,0.0,0.0,0.0,0.0,0.0,62.207384815360285,18.08506493806827
908-31957-0022_1221-135766-0007__T1__NORMAL__908,908,1221,16,0.0,0.0,0.0,0.0,0.0,0.0,0.0,0.0,55.877274738639834,15.214267892072233
908-31957-0022_1221-135766-0007__T2__NORMAL__1221,1221,908,16,0.0,0.0,0.0,0.0,0.0,0.0,0.0,0.0,52.95275185580965,19.01956436700777
908-31957-0022_6930-81414-0014__T1__NORMAL__908,908,6930,13,0.0,0.0,0.0,0.0,0.0,0.0,0.0,0.0,48.0834629505887,15.764200552267216
908-31957-0022_6930-81414-0014__T2__NORMAL__6930,6930,908,13,0.0,0.07692307692307693,0.0,0.0,0.0,0.0,0.0,0.0,56.09439213777137,17.396743636071665
908-31957-0023_5142-33396-0065__T1__NORMAL__908,908,5142,9,0.0,0.0,0.0,0.0,0.0,0.0,0.0,0.0,67.65230337321027,17.39563363117627
908-31957-0023_5142-33396-0065__T2__NORMAL__5142,5142,908,9,0.0,0.0,0.0,0.0,0.0,0.0,0.0,0.0,55.85966456000761,22.38353527266252
908-31957-0024_5142-36586-0004__T1__NORMAL__908,908,5142,5,0.0,0.0,0.0,0.0,0.0,0.0,0.0,0.0,66.01111745985114,18.33917314378868
908-31957-0024_5142-36586-0004__T2__NORMAL__5142,5142,908,5,0.0,0.0,0.0,0.0,0.0,0.0,0.0,0.0,60.54723908213781,20.582846394687184
908-31957-0024_5683-32865-0017__T1__NORMAL__908,908,5683,9,0.0,0.0,0.0,0.0,0.0,0.0,0.0,0.0,51.140975520341705,13.821744230982995
908-31957-0024_5683-32865-0017__T2__NORMAL__5683,5683,908,9,0.0,0.0,0.0,0.0,0.0,0.0,0.0,0.0,40.46624365906597,17.945217942342
