key,target_spk,interferer_spk,num_chunks,ecapa_mismatch_rate,xvector_mismatch_rate,mv_speaker_mismatch_rate,waveform_interferer_rate,mv_true_drift_rate,mean_local_target_interferer_si_sdr_gap,sisnr_i
1089-134686-0000_121-127105-0031__T2__121-121-127105-0031__HSIMV3__237-237-126133-0024__SIRm5,121,1089,17,0.0,0.0,0.0,0.0,0.0,47.4304023936894,20.083876534344743
1089-134686-0000_260-123440-0016__T2__260-260-123440-0016__HSIMV3__672-672-122797-0017__SIRm5,260,1089,8,0.0,0.0,0.0,0.0,0.0,53.203401754393184,20.68501866756716
1089-134686-0000_61-70968-0047__T2__61-61-70968-0047__HSIMV3__8230-8230-279154-0039__SIRm5,61,1089,8,0.0,0.0,0.0,0.0,0.0,48.757015820502716,18.61738914634634
1089-134686-0002_7729-102255-0037__T2__7729-7729-102255-0037__HSIMV3__7176-7176-88083-0018__SIRm5,7729,1089,19,0.0,0.0,0.0,0.0,0.0,41.31138996470368,16.879407391402868
1089-134686-0004_1284-1180-0027__T2__1284-1284-1180-0027__HSIMV3__4446-4446-2271-0005__SIRm5,1284,1089,5,0.0,0.0,0.0,0.0,0.0,44.92325156508718,18.940427690217263
1089-134686-0004_6829-68771-0005__T2__6829-6829-68771-0005__HSIMV3__4970-4970-29093-0022__SIRm5,6829,1089,11,0.0,0.0,0.0,0.0,0.0,47.739871360509,18.703059506859216
1089-134686-0004_8463-294828-0016__T2__8463-8463-294828-0016__HSIMV3__4992-4992-23283-0002__SIRm5,8463,1089,5,0.0,0.0,0.0,0.0,0.0,40.01897943596449,18.59519809199981
1089-134686-0005_7176-92135-0020__T2__7176-7176-92135-0020__HSIMV3__61-61-70970-0024__SIRm5,7176,1089,13,0.07692307692307693,0.0,0.0,0.0,0.0,48.0032876680107,19.00370487232024
1089-134686-0006_1580-141083-0022__T2__1580-1580-141083-0022__HSIMV3__237-237-134500-0003__SIRm5,1580,1089,5,0.0,0.0,0.0,0.0,0.0,36.34119571103801,11.98801093664016
1089-134686-0006_4446-2271-0018__T2__4446-4446-2271-0018__HSIMV3__1284-1284-1180-0032__SIRm5,4446,1089,10,1.0,1.0,1.0,1.0,1.0,-58.933730951277575,-37.009249420749605
1089-134686-0007_1995-1836-0000__T2__1995-1995-1836-0000__HSIMV3__2094-2094-142345-0057__SIRm5,1995,1089,16,0.0,0.0625,0.0,0.0,0.0,41.90983158351543,18.78267020711628
1089-134686-0007_7021-85628-0018__T2__7021-7021-85628-0018__HSIMV3__5105-5105-28240-0024__SIRm5,7021,1089,15,0.0,0.0,0.0,0.0,0.0,56.73688998265064,21.523270228326066
1089-134686-0007_8455-210777-0052__T2__8455-8455-210777-0052__HSIMV3__1320-1320-122617-0014__SIRm5,8455,1089,8,0.0,0.0,0.0,0.0,0.0,52.70537473004828,20.421255185486967
1089-134686-0008_672-122797-0007__T2__672-672-122797-0007__HSIMV3__260-260-123288-0027__SIRm5,672,1089,11,0.09090909090909091,0.09090909090909091,0.09090909090909091,0.0,0.0,49.42944643834713,19.064709539432748
1089-134686-0008_8230-279154-0012__T2__8230-8230-279154-0012__HSIMV3__61-61-70970-0003__SIRm5,8230,1089,6,0.0,0.0,0.0,0.0,0.0,42.466217294106826,18.164773634953853
1089-134686-0010_4507-16021-0023__T2__4507-4507-16021-0023__HSIMV3__3729-3729-6852-0001__SIRm5,4507,1089,23,0.0,0.043478260869565216,0.0,0.0,0.0,49.295414938898936,21.02544784271404
1089-134686-0011_1320-122612-0004__T2__1320-1320-122612-0004__HSIMV3__5105-5105-28240-0019__SIRm5,1320,1089,11,0.0,0.0,0.0,0.0,0.0,52.47129204597875,20.084329786584263
1089-134686-0013_3570-5695-0000__T2__3570-3570-5695-0000__HSIMV3__4507-4507-16021-0046__SIRm5,3570,1089,8,0.0,0.0,0.0,0.0,0.0,49.38016156322008,22.531432823226268
1089-134686-0013_7127-75946-0007__T2__7127-7127-75946-0007__HSIMV3__8455-8455-210777-0042__SIRm5,7127,1089,8,0.0,0.125,0.0,0.0,0.0,42.851475482254635,16.721687084465486
1089-134686-0015_4970-29093-0003__T2__4970-4970-29093-0003__HSIMV3__6829-6829-68771-0009__SIRm5,4970,1089,25,0.04,0.08,0.04,0.0,0.0,52.607957175562184,21.24713217743412
1089-134686-0015_5142-33396-0067__T2__5142-5142-33396-0067__HSIMV3__4970-4970-29095-0002__SIRm5,5142,1089,9,0.0,0.0,0.0,0.0,0.0,49.259467795227266,20.98905529281693
1089-134686-0016_672-122797-0004__T2__672-672-122797-0004__HSIMV3__260-260-123288-0010__SIRm5,672,1089,18,0.05555555555555555,0.0,0.0,0.0,0.0,42.38360140057605,17.411636931635716
1089-134686-0017_1580-141084-0045__T2__1580-1580-141084-0045__HSIMV3__237-237-134500-0027__SIRm5,1580,1089,5,0.0,0.0,0.0,0.0,0.0,55.00088822871692,19.79250699345597
1089-134686-0019_5142-33396-0021__T2__5142-5142-33396-0021__HSIMV3__4970-4970-29093-0008__SIRm5,5142,1089,6,0.0,0.0,0.0,0.0,0.0,40.746366645427436,18.33866566052297
1089-134686-0021_4992-41797-0018__T2__4992-4992-41797-0018__HSIMV3__4446-4446-2271-0016__SIRm5,4992,1089,17,0.0,0.0,0.0,0.0,0.0,46.44398140409834,19.93378915028109
1089-134686-0022_1580-141083-0044__T2__1580-1580-141083-0044__HSIMV3__237-237-126133-0017__SIRm5,1580,1089,10,0.0,0.0,0.0,0.0,0.0,42.33512394778104,19.69464663076897
1089-134686-0022_8455-210777-0023__T2__8455-8455-210777-0023__HSIMV3__1320-1320-122617-0014__SIRm5,8455,1089,8,0.0,0.0,0.0,0.0,0.0,47.49103731321209,19.3830340432938
1089-134686-0023_6829-68771-0020__T2__6829-6829-68771-0020__HSIMV3__4970-4970-29095-0030__SIRm5,6829,1089,8,0.0,0.0,0.0,0.0,0.0,53.09318489266618,20.82079201386328
1089-134686-0024_1995-1836-0013__T2__1995-1995-1836-0013__HSIMV3__2094-2094-142345-0021__SIRm5,1995,1089,9,0.0,0.0,0.0,0.0,0.0,54.04164628383844,18.980734743171865
1089-134686-0024_5683-32865-0016__T2__5683-5683-32865-0016__HSIMV3__237-237-134500-0016__SIRm5,5683,1089,5,0.0,0.0,0.0,0.0,0.0,46.42107993557096,20.14814081418552
1089-134686-0024_7176-92135-0042__T2__7176-7176-92135-0042__HSIMV3__61-61-70970-0035__SIRm5,7176,1089,13,1.0,1.0,1.0,1.0,1.0,-37.82954598647529,-17.772322712407416
1089-134686-0025_7127-75947-0035__T2__7127-7127-75947-0035__HSIMV3__8455-8455-210777-0049__SIRm5,7127,1089,7,0.0,0.0,0.0,0.0,0.0,45.21101747638506,18.16039989576256
1089-134686-0026_8224-274384-0010__T2__8224-8224-274384-0010__HSIMV3__8455-8455-210777-0061__SIRm5,8224,1089,28,0.0,0.0,0.0,0.0,0.0,47.477806768019306,18.54929063332452
1089-134686-0028_6829-68771-0025__T2__6829-6829-68771-0025__HSIMV3__4970-4970-29093-0013__SIRm5,6829,1089,14,0.07142857142857142,0.0,0.0,0.0,0.0,48.744229809621494,19.24993243853943
1089-134686-0028_8224-274384-0005__T2__8224-8224-274384-0005__HSIMV3__8455-8455-210777-0000__SIRm5,8224,1089,16,0.0,0.0,0.0,0.0,0.0,47.373611037929656,19.422384526934383
1089-134686-0029_121-127105-0007__T2__121-121-127105-0007__HSIMV3__237-237-126133-0017__SIRm5,121,1089,10,0.0,0.0,0.0,0.0,0.0,38.12863672153013,17.914250780180435
1089-134686-0031_1320-122612-0008__T2__1320-1320-122612-0008__HSIMV3__5105-5105-28240-0024__SIRm5,1320,1089,14,0.0,0.0,0.0,0.0,0.0,52.68888053431248,21.09161762906172
1089-134686-0031_61-70968-0026__T2__61-61-70968-0026__HSIMV3__8230-8230-279154-0039__SIRm5,61,1089,8,0.0,0.0,0.0,0.0,0.0,47.694728116518505,19.77055016903676
1089-134686-0032_4507-16021-0049__T2__4507-4507-16021-0049__HSIMV3__3729-3729-6852-0037__SIRm5,4507,1089,10,0.0,0.0,0.0,0.0,0.0,41.955022467194944,20.55888866778778
1089-134686-0032_6829-68771-0030__T2__6829-6829-68771-0030__HSIMV3__4446-4446-2275-0000__SIRm5,6829,1089,11,0.0,0.0,0.0,0.0,0.0,51.19567021479727,20.30830611340638
1089-134686-0033_1320-122612-0001__T2__1320-1320-122612-0001__HSIMV3__5105-5105-28241-0008__SIRm5,1320,1089,16,0.0625,0.0,0.0,0.0,0.0,55.46568965766063,21.30782189110518
1089-134686-0034_5639-40744-0005__T2__5639-5639-40744-0005__HSIMV3__1089-1089-134686-0034__SIRm5,5639,1089,9,0.0,0.0,0.0,0.0,0.0,50.54703125195854,20.025653693975563
1089-134686-0034_8455-210777-0067__T2__8455-8455-210777-0067__HSIMV3__1320-1320-122617-0022__SIRm5,8455,1089,6,0.0,0.0,0.0,0.0,0.0,47.28702905281065,20.21907805741937
1089-134686-0034_8463-294828-0036__T2__8463-8463-294828-0036__HSIMV3__4992-4992-41797-0007__SIRm5,8463,1089,12,0.0,0.0,0.0,0.0,0.0,46.12874887251013,19.415420841194187
1089-134686-0035_2300-131720-0025__T2__2300-2300-131720-0025__HSIMV3__61-61-70970-0004__SIRm5,2300,1089,20,0.0,0.05,0.0,0.0,0.0,42.38856336550625,17.831173556504016
1089-134686-0035_5683-32866-0010__T2__5683-5683-32866-0010__HSIMV3__237-237-134500-0018__SIRm5,5683,1089,24,0.125,0.0,0.0,0.0,0.0,54.50276590961812,22.05025787995727
1089-134686-0036_6930-75918-0008__T2__6930-6930-75918-0008__HSIMV3__260-260-123288-0006__SIRm5,6930,1089,8,0.0,0.0,0.0,0.0,0.0,40.72666113034012,16.73452088592948
1089-134686-0037_2094-142345-0001__T2__2094-2094-142345-0001__HSIMV3__3729-3729-6852-0023__SIRm5,2094,1089,15,0.0,0.0,0.0,0.0,0.0,47.16972741601724,18.30447318718788
1089-134686-0037_4446-2271-0000__T2__4446-4446-2271-0000__HSIMV3__1284-1284-1180-0014__SIRm5,4446,1089,5,1.0,1.0,1.0,1.0,1.0,-38.63334103292143,-17.288665768091658
1089-134691-0001_1320-122617-0013__T2__1320-1320-122617-0013__HSIMV3__5105-5105-28233-0008__SIRm5,1320,1089,20,0.0,0.0,0.0,0.0,0.0,48.97007518312772,19.771905390598448
1089-134691-0002_4507-16021-0036__T2__4507-4507-16021-0036__HSIMV3__3729-3729-6852-0038__SIRm5,4507,1089,9,0.0,0.0,0.0,0.0,0.0,47.08567301535505,16.560507159463494
1089-134691-0002_8455-210777-0005__T2__8455-8455-210777-0005__HSIMV3__1320-1320-122617-0006__SIRm5,8455,1089,10,0.0,0.1,0.0,0.0,0.0,47.91071486505748,20.03012166891406
1089-134691-0005_908-157963-0011__T2__908-908-157963-0011__HSIMV3__7176-7176-88083-0011__SIRm5,908,1089,19,0.05263157894736842,0.0,0.0,0.0,0.0,40.28025685140123,17.301101929414898
1089-134691-0006_4446-2275-0012__T2__4446-4446-2275-0012__HSIMV3__1284-1284-1180-0020__SIRm5,4446,1089,10,0.0,0.0,0.0,0.0,0.0,46.863070159070446,19.05483911703653
1089-134691-0006_4446-2275-0026__T2__4446-4446-2275-0026__HSIMV3__4992-4992-41797-0000__SIRm5,4446,1089,9,0.0,0.0,0.0,0.0,0.0,52.1980077645613,21.80046248991249
1089-134691-0012_1320-122612-0015__T2__1320-1320-122612-0015__HSIMV3__5105-5105-28241-0016__SIRm5,1320,1089,11,0.0,0.0,0.0,0.0,0.0,45.8287722818306,20.362060070093584
1089-134691-0013_4992-23283-0007__T2__4992-4992-23283-0007__HSIMV3__4446-4446-2275-0008__SIRm5,4992,1089,7,0.0,0.0,0.0,0.0,0.0,52.73501024341517,19.36904488242837
1089-134691-0014_237-134500-0012__T2__237-237-134500-0012__HSIMV3__5683-5683-32879-0002__SIRm5,237,1089,20,0.05,0.05,0.05,0.0,0.0,56.47337902602577,19.134076036384364
1089-134691-0014_2830-3980-0041__T2__2830-2830-3980-0041__HSIMV3__1188-1188-133604-0017__SIRm5,2830,1089,8,0.0,0.0,0.0,0.0,0.0,50.65945971729767,18.56580887604199
1089-134691-0014_7127-75947-0023__T2__7127-7127-75947-0023__HSIMV3__8455-8455-210777-0056__SIRm5,7127,1089,9,0.0,0.0,0.0,0.0,0.0,42.58174511439912,16.79116909875139
1089-134691-0015_3575-170457-0015__T2__3575-3575-170457-0015__HSIMV3__237-237-134500-0018__SIRm5,3575,1089,24,0.041666666666666664,0.0,0.0,0.0,0.0,57.74787042194651,21.73722682040657
1089-134691-0015_5683-32879-0011__T2__5683-5683-32879-0011__HSIMV3__1221-1221-135766-0007__SIRm5,5683,1089,16,0.0,0.0,0.0,0.0,0.0,44.17875181587039,19.087121185097388
1089-134691-0015_672-122797-0050__T2__672-672-122797-0050__HSIMV3__260-260-123288-0006__SIRm5,672,1089,8,0.0,0.0,0.0,0.0,0.0,39.60153595252346,16.522886277190842
1089-134691-0016_260-123286-0009__T2__260-260-123286-0009__HSIMV3__672-672-122797-0070__SIRm5,260,1089,10,0.0,0.0,0.0,0.0,0.0,47.519003273647414,17.54145428292776
1089-134691-0017_5142-36586-0004__T2__5142-5142-36586-0004__HSIMV3__4970-4970-29093-0008__SIRm5,5142,1089,6,0.0,0.0,0.0,0.0,0.0,44.920702588889974,18.78582039687801
1089-134691-0018_4970-29095-0024__T2__4970-4970-29095-0024__HSIMV3__8555-8555-284449-0013__SIRm5,4970,1089,10,0.0,0.0,0.0,0.0,0.0,67.24337881531338,24.81215122112365
1089-134691-0019_2830-3980-0011__T2__2830-2830-3980-0011__HSIMV3__1188-1188-133604-0038__SIRm5,2830,1089,9,0.1111111111111111,0.0,0.0,0.0,0.0,53.131968285155295,19.84703331754772
1089-134691-0019_672-122797-0023__T2__672-672-122797-0023__HSIMV3__260-260-123288-0010__SIRm5,672,1089,18,0.0,0.0,0.0,0.0,0.0,30.802194852861547,16.175925891591213
1089-134691-0020_7021-85628-0000__T2__7021-7021-85628-0000__HSIMV3__5105-5105-28240-0014__SIRm5,7021,1089,5,0.0,0.0,0.0,0.0,0.0,46.17040008287764,20.82293413327528
1089-134691-0020_908-31957-0004__T2__908-908-31957-0004__HSIMV3__7176-7176-88083-0013__SIRm5,908,1089,28,0.0,0.0,0.0,0.0,0.0,46.37369620942729,18.641661659976933
1089-134691-0022_2830-3979-0000__T2__2830-2830-3979-0000__HSIMV3__1188-1188-133604-0010__SIRm5,2830,1089,11,0.0,0.0,0.0,0.0,0.0,49.95012901273919,20.41106473106138
1089-134691-0023_1580-141083-0000__T2__1580-1580-141083-0000__HSIMV3__237-237-126133-0002__SIRm5,1580,1089,16,0.0,0.0,0.0,0.0,0.0,48.91126810531365,20.63547372404281
1089-134691-0023_8224-274381-0011__T2__8224-8224-274381-0011__HSIMV3__8455-8455-210777-0011__SIRm5,8224,1089,11,0.0,0.0,0.0,0.0,0.0,48.177360124995516,19.39986093059458
1089-134691-0025_4970-29095-0012__T2__4970-4970-29095-0012__HSIMV3__6829-6829-68769-0011__SIRm5,4970,1089,8,0.75,1.0,0.75,0.875,0.75,-11.79779845754049,-0.49651300600061
1089-134691-0025_5105-28233-0004__T2__5105-5105-28233-0004__HSIMV3__1320-1320-122617-0014__SIRm5,5105,1089,8,0.0,0.0,0.0,0.0,0.0,49.718420420382564,19.06630264211593
1089-134691-0025_8224-274384-0005__T2__8224-8224-274384-0005__HSIMV3__8455-8455-210777-0000__SIRm5,8224,1089,16,0.0,0.0,0.0,0.0,0.0,47.372515484146675,19.42156525514782
1188-133604-0001_1995-1826-0012__T2__1995-1995-1826-0012__HSIMV3__2094-2094-142345-0049__SIRm5,1995,1188,11,0.0,0.0,0.0,0.0,0.0,47.141833844790945,19.16702462498581
1188-133604-0003_672-122797-0056__T2__672-672-122797-0056__HSIMV3__260-260-123288-0006__SIRm5,672,1188,8,0.0,0.0,0.0,0.0,0.0,39.086909713805184,16.48166106132911
1188-133604-0003_8230-279154-0014__T2__8230-8230-279154-0014__HSIMV3__61-61-70968-0035__SIRm5,8230,1188,14,0.07142857142857142,0.0,0.0,0.0,0.0,46.38446766946396,17.514222122518117
1188-133604-0004_672-122797-0017__T2__672-672-122797-0017__HSIMV3__260-260-123440-0016__SIRm5,672,1188,8,0.0,0.0,0.0,0.0,0.0,51.48397927957996,19.717500927789704
1188-133604-0005_1580-141083-0020__T2__1580-1580-141083-0020__HSIMV3__237-237-126133-0022__SIRm5,1580,1188,9,0.0,0.0,0.0,0.0,0.0,44.736374288761866,18.401019656822463
1188-133604-0005_4446-2271-0003__T2__4446-4446-2271-0003__HSIMV3__1284-1284-1180-0014__SIRm5,4446,1188,6,1.0,1.0,1.0,1.0,1.0,-48.38233501753285,-24.3637071815482
1188-133604-0005_6829-68769-0036__T2__6829-6829-68769-0036__HSIMV3__4970-4970-29095-0009__SIRm5,6829,1188,10,0.0,0.0,0.0,0.0,0.0,49.98941993652942,20.4612000938374
1188-133604-0010_5105-28240-0024__T2__5105-5105-28240-0024__HSIMV3__1320-1320-122612-0008__SIRm5,5105,1188,14,0.0,0.0,0.0,0.0,0.0,51.84590780174561,20.301044252404875
1188-133604-0010_61-70970-0014__T2__61-61-70970-0014__HSIMV3__8230-8230-279154-0003__SIRm5,61,1188,5,0.0,0.0,0.0,0.0,0.0,49.808995534351546,16.966599698195424
1188-133604-0011_4970-29095-0008__T2__4970-4970-29095-0008__HSIMV3__6829-6829-68769-0002__SIRm5,4970,1188,5,0.0,0.2,0.0,0.0,0.0,50.076043926175785,18.149855384588573
1188-133604-0012_5105-28241-0016__T2__5105-5105-28241-0016__HSIMV3__1320-1320-122612-0015__SIRm5,5105,1188,11,0.0,0.0,0.0,0.0,0.0,47.14287068938782,20.14461105866385
1188-133604-0013_2830-3980-0004__T2__2830-2830-3980-0004__HSIMV3__1188-1188-133604-0029__SIRm5,2830,1188,6,0.0,0.0,0.0,0.0,0.0,40.05318369764608,19.5655270703986
1188-133604-0014_4992-23283-0016__T2__4992-4992-23283-0016__HSIMV3__4446-4446-2275-0041__SIRm5,4992,1188,7,0.0,0.0,0.0,0.0,0.0,48.705248625248316,18.14335384901054
1188-133604-0016_7176-88083-0018__T2__7176-7176-88083-0018__HSIMV3__61-61-70970-0004__SIRm5,7176,1188,19,0.05263157894736842,0.0,0.0,0.0,0.0,44.112411652313334,17.40201691863838
1188-133604-0017_5142-33396-0001__T2__5142-5142-33396-0001__HSIMV3__4970-4970-29095-0035__SIRm5,5142,1188,8,0.0,0.0,0.0,0.0,0.0,48.9556332869532,20.345624826158275
1188-133604-0017_6930-81414-0007__T2__6930-6930-81414-0007__HSIMV3__260-260-123288-0004__SIRm5,6930,1188,7,0.0,0.0,0.0,0.0,0.0,53.082592107476685,20.482591656649333
1188-133604-0018_1089-134686-0026__T2__1089-1089-134686-0026__HSIMV3__8230-8230-279154-0008__SIRm5,1089,1188,6,0.0,0.0,0.0,0.0,0.0,48.26777320041979,19.94373948659892
1188-133604-0019_7127-75947-0006__T2__7127-7127-75947-0006__HSIMV3__8455-8455-210777-0012__SIRm5,7127,1188,5,0.2,0.0,0.0,0.0,0.0,42.56334546087529,18.16105812719045
1188-133604-0019_8224-274384-0008__T2__8224-8224-274384-0008__HSIMV3__8455-8455-210777-0051__SIRm5,8224,1188,25,0.0,0.04,0.0,0.0,0.0,47.76428550968367,19.537968862396585
1188-133604-0020_1320-122617-0025__T2__1320-1320-122617-0025__HSIMV3__5105-5105-28240-0019__SIRm5,1320,1188,11,0.09090909090909091,0.09090909090909091,0.0,0.0,0.0,59.60938670053492,20.51676450338012
1188-133604-0020_3729-6852-0044__T2__3729-3729-6852-0044__HSIMV3__4507-4507-16021-0035__SIRm5,3729,1188,12,0.0,0.0,0.0,0.0,0.0,47.68365834779005,19.307078186078336
1188-133604-0022_1221-135767-0019__T2__1221-1221-135767-0019__HSIMV3__4992-4992-41806-0005__SIRm5,1221,1188,6,0.0,0.0,0.0,0.0,0.0,54.67683765935664,21.849915744459903
1188-133604-0022_1320-122617-0034__T2__1320-1320-122617-0034__HSIMV3__5105-5105-28241-0008__SIRm5,1320,1188,16,0.0,0.0625,0.0,0.0,0.0,55.00733440222437,21.65065401711226
1188-133604-0025_121-121726-0010__T2__121-121-121726-0010__HSIMV3__237-237-126133-0024__SIRm5,121,1188,17,0.0,0.4117647058823529,0.0,0.0,0.0,50.27667160046645,21.669973108216283
1188-133604-0025_4992-23283-0016__T2__4992-4992-23283-0016__HSIMV3__4446-4446-2275-0041__SIRm5,4992,1188,7,0.0,0.0,0.0,0.0,0.0,48.71218299707537,18.144736953537222
1188-133604-0025_6829-68769-0005__T2__6829-6829-68769-0005__HSIMV3__4970-4970-29095-0032__SIRm5,6829,1188,12,0.0,0.0,0.0,0.0,0.0,48.428145926942825,17.603844769392907
1188-133604-0027_4446-2275-0032__T2__4446-4446-2275-0032__HSIMV3__1284-1284-1181-0019__SIRm5,4446,1188,5,0.0,0.0,0.0,0.0,0.0,59.770542480297124,18.83984517745028
1188-133604-0029_1284-1180-0013__T2__1284-1284-1180-0013__HSIMV3__4446-4446-2271-0003__SIRm5,1284,1188,6,0.0,0.0,0.0,0.0,0.0,46.151503782561015,20.872696656109905
1188-133604-0029_4077-13751-0006__T2__4077-4077-13751-0006__HSIMV3__8455-8455-210777-0030__SIRm5,4077,1188,24,0.0,0.041666666666666664,0.0,0.0,0.0,53.41943445164073,19.77725256935479
1188-133604-0029_8455-210777-0003__T2__8455-8455-210777-0003__HSIMV3__1320-1320-122612-0010__SIRm5,8455,1188,19,0.05263157894736842,0.05263157894736842,0.0,0.0,0.0,45.62848777022216,19.51061114838703
1188-133604-0031_5142-33396-0054__T2__5142-5142-33396-0054__HSIMV3__4970-4970-29095-0002__SIRm5,5142,1188,9,0.0,0.0,0.0,0.0,0.0,49.80584321592424,20.54462742199457
1188-133604-0032_8224-274384-0000__T2__8224-8224-274384-0000__HSIMV3__8455-8455-210777-0028__SIRm5,8224,1188,14,0.14285714285714285,0.14285714285714285,0.07142857142857142,0.0,0.0,36.74559597173025,18.18099141951741
1188-133604-0033_7127-75947-0027__T2__7127-7127-75947-0027__HSIMV3__8455-8455-210777-0013__SIRm5,7127,1188,13,0.0,0.0,0.0,0.0,0.0,50.97534828939509,18.489561438437747
1188-133604-0036_2961-960-0007__T2__2961-2961-960-0007__HSIMV3__3570-3570-5694-0005__SIRm5,2961,1188,14,0.0,0.0,0.0,0.0,0.0,51.03414932496223,20.843458949175947
1188-133604-0036_4507-16021-0015__T2__4507-4507-16021-0015__HSIMV3__3729-3729-6852-0016__SIRm5,4507,1188,6,0.0,0.0,0.0,0.0,0.0,52.89513609403195,21.209060608048965
1188-133604-0038_1995-1837-0012__T2__1995-1995-1837-0012__HSIMV3__2094-2094-142345-0034__SIRm5,1995,1188,14,0.0,0.0,0.0,0.0,0.0,56.718467048960655,23.20195248366168
1188-133604-0038_5142-33396-0043__T2__5142-5142-33396-0043__HSIMV3__4970-4970-29093-0004__SIRm5,5142,1188,6,0.0,0.0,0.0,0.0,0.0,40.78768737811025,19.003254785543263
1188-133604-0038_61-70970-0012__T2__61-61-70970-0012__HSIMV3__8230-8230-279154-0003__SIRm5,61,1188,5,0.0,0.0,0.0,0.0,0.0,43.729453080548694,15.91548102403868
1188-133604-0040_2094-142345-0057__T2__2094-2094-142345-0057__HSIMV3__3729-3729-6852-0041__SIRm5,2094,1188,19,0.0,0.0,0.0,0.0,0.0,51.64764470580972,19.299209944135868
1188-133604-0040_4970-29093-0002__T2__4970-4970-29093-0002__HSIMV3__6829-6829-68771-0001__SIRm5,4970,1188,19,0.0,0.0,0.0,0.0,0.0,53.898371662072684,20.13099526350917
1188-133604-0041_61-70968-0003__T2__61-61-70968-0003__HSIMV3__8230-8230-279154-0039__SIRm5,61,1188,7,0.0,0.0,0.0,0.0,0.0,34.0216780728756,17.95599393971683
121-121726-0000_3570-5694-0022__T2__3570-3570-5694-0022__HSIMV3__4507-4507-16021-0054__SIRm5,3570,121,7,0.14285714285714285,0.0,0.0,0.0,0.0,54.38712815193467,21.786177104843013
121-121726-0001_3729-6852-0018__T2__3729-3729-6852-0018__HSIMV3__4507-4507-16021-0051__SIRm5,3729,121,11,0.0,0.0,0.0,0.0,0.0,45.77408617011151,19.638567202575324
121-121726-0001_672-122797-0015__T2__672-672-122797-0015__HSIMV3__260-260-123286-0029__SIRm5,672,121,7,1.0,1.0,1.0,1.0,1.0,-47.5274005136415,-25.910203035359068
121-121726-0002_260-123286-0011__T2__260-260-123286-0011__HSIMV3__6930-6930-76324-0014__SIRm5,260,121,7,0.0,0.0,0.0,0.0,0.0,46.983654903832715,19.248534379330145
121-121726-0002_8455-210777-0041__T2__8455-8455-210777-0041__HSIMV3__1320-1320-122617-0003__SIRm5,8455,121,11,0.18181818181818182,0.09090909090909091,0.09090909090909091,0.0,0.0,43.60319090811109,18.830676096501783
121-121726-0003_1089-134691-0014__T2__1089-1089-134691-0014__HSIMV3__8230-8230-279154-0039__SIRm5,1089,121,8,0.125,0.0,0.0,0.0,0.0,45.783213492289015,18.73450074406
121-121726-0003_672-122797-0059__T2__672-672-122797-0059__HSIMV3__260-260-123288-0022__SIRm5,672,121,6,0.3333333333333333,0.3333333333333333,0.3333333333333333,0.5,0.3333333333333333,-2.9420284318710803,5.050438133973749
121-121726-0004_2830-3980-0020__T2__2830-2830-3980-0020__HSIMV3__1188-1188-133604-0040__SIRm5,2830,121,5,0.0,0.0,0.0,0.0,0.0,39.06433915272604,16.17645693223428
121-121726-0004_6930-81414-0003__T2__6930-6930-81414-0003__HSIMV3__260-260-123288-0018__SIRm5,6930,121,5,0.0,0.0,0.0,0.0,0.0,49.69569770479105,18.25619087359174
121-121726-0005_8455-210777-0005__T2__8455-8455-210777-0005__HSIMV3__1320-1320-122617-0006__SIRm5,8455,121,10,0.0,0.1,0.0,0.0,0.0,47.901590943685505,20.03044852305257
121-121726-0006_260-123286-0027__T2__260-260-123286-0027__HSIMV3__672-672-122797-0061__SIRm5,260,121,13,0.0,0.0,0.0,0.0,0.0,53.21741421129121,20.3427298995982
121-121726-0006_4507-16021-0056__T2__4507-4507-16021-0056__HSIMV3__3729-3729-6852-0037__SIRm5,4507,121,10,0.0,0.0,0.0,0.0,0.0,58.672681309438985,20.52727300323716
121-121726-0006_61-70970-0003__T2__61-61-70970-0003__HSIMV3__8230-8230-279154-0012__SIRm5,61,121,6,0.0,0.0,0.0,0.0,0.0,42.757610442270334,17.959796977950873
121-121726-0007_1995-1826-0023__T2__1995-1995-1826-0023__HSIMV3__2094-2094-142345-0034__SIRm5,1995,121,14,0.07142857142857142,0.0,0.0,0.0,0.0,56.744774880722595,22.75836557606313
121-121726-0008_4446-2273-0000__T2__4446-4446-2273-0000__HSIMV3__1284-1284-1180-0025__SIRm5,4446,121,16,0.0,0.0,0.0,0.0,0.0,53.32059412841701,18.899481485828023
121-121726-0008_5105-28240-0008__T2__5105-5105-28240-0008__HSIMV3__1320-1320-122617-0013__SIRm5,5105,121,20,0.0,0.0,0.0,0.0,0.0,52.22347637708539,20.21323840785132
121-121726-0009_1284-1181-0019__T2__1284-1284-1181-0019__HSIMV3__4446-4446-2271-0010__SIRm5,1284,121,5,0.0,0.0,0.0,0.0,0.0,43.588381873045385,18.19116964524947
121-121726-0009_7176-92135-0006__T2__7176-7176-92135-0006__HSIMV3__61-61-70970-0025__SIRm5,7176,121,13,0.0,0.0,0.0,0.0,0.0,38.21322524007597,16.389287555342744
121-121726-0010_2300-131720-0001__T2__2300-2300-131720-0001__HSIMV3__61-61-70970-0004__SIRm5,2300,121,20,0.0,0.0,0.0,0.0,0.0,43.87907310414798,18.0493131038527
121-121726-0010_260-123286-0031__T2__260-260-123286-0031__HSIMV3__672-672-122797-0034__SIRm5,260,121,9,0.0,0.6666666666666666,0.0,0.0,0.0,49.02977026941473,20.18019819894944
121-121726-0011_237-126133-0017__T2__237-237-126133-0017__HSIMV3__5683-5683-32865-0011__SIRm5,237,121,11,0.0,0.0,0.0,0.0,0.0,52.284332480270116,20.950449603846245
121-121726-0011_4507-16021-0038__T2__4507-4507-16021-0038__HSIMV3__3729-3729-6852-0016__SIRm5,4507,121,6,0.0,0.0,0.0,0.0,0.0,50.28528231830479,22.08663808867232
121-121726-0012_2830-3980-0020__T2__2830-2830-3980-0020__HSIMV3__1188-1188-133604-0040__SIRm5,2830,121,5,0.0,0.0,0.0,0.0,0.0,39.09090209622873,16.17410857503777
121-121726-0014_7021-79740-0000__T2__7021-7021-79740-0000__HSIMV3__5105-5105-28233-0005__SIRm5,7021,121,21,0.0,0.0,0.0,0.0,0.0,48.78561420707677,20.466334938810803
121-121726-0014_7127-75946-0012__T2__7127-7127-75946-0012__HSIMV3__8455-8455-210777-0055__SIRm5,7127,121,18,0.05555555555555555,0.1111111111111111,0.05555555555555555,0.0,0.0,44.19652910301892,17.47151528809694
121-123852-0002_1188-133604-0003__T2__1188-1188-133604-0003__HSIMV3__2830-2830-3979-0007__SIRm5,1188,121,23,0.043478260869565216,0.0,0.0,0.0,0.0,51.61839497034867,19.62405815785792
121-123852-0004_7176-92135-0002__T2__7176-7176-92135-0002__HSIMV3__61-61-70970-0009__SIRm5,7176,121,5,0.0,0.0,0.0,0.0,0.0,29.877084039144574,8.256042540378743
121-123859-0003_260-123288-0025__T2__260-260-123288-0025__HSIMV3__672-672-122797-0002__SIRm5,260,121,24,0.041666666666666664,0.0,0.0,0.0,0.0,52.3959873270715,19.677236214631336
121-123859-0004_2830-3980-0075__T2__2830-2830-3980-0075__HSIMV3__1188-1188-133604-0038__SIRm5,2830,121,9,0.0,0.0,0.0,0.0,0.0,51.05341004981154,18.78951102973721
121-127105-0000_2961-961-0016__T2__2961-2961-961-0016__HSIMV3__3570-3570-5694-0005__SIRm5,2961,121,14,0.0,0.0,0.0,0.0,0.0,52.60967868852563,19.150450873474963
121-127105-0000_5142-33396-0044__T2__5142-5142-33396-0044__HSIMV3__4970-4970-29095-0035__SIRm5,5142,121,8,0.0,0.0,0.0,0.0,0.0,50.39867245343736,19.903867338967736
121-127105-0001_260-123440-0019__T2__260-260-123440-0019__HSIMV3__672-672-122797-0057__SIRm5,260,121,12,0.0,0.0,0.0,0.0,0.0,48.833751930884716,14.830767631718658
121-127105-0002_2961-960-0015__T2__2961-2961-960-0015__HSIMV3__3570-3570-5694-0005__SIRm5,2961,121,14,0.0,0.0,0.0,0.0,0.0,57.29807470455927,22.755371080690644
121-127105-0002_4446-2273-0036__T2__4446-4446-2273-0036__HSIMV3__1284-1284-1181-0018__SIRm5,4446,121,5,0.0,0.0,0.0,0.0,0.0,49.60913762514493,21.451703275157225
121-127105-0002_7729-102255-0007__T2__7729-7729-102255-0007__HSIMV3__7176-7176-88083-0018__SIRm5,7729,121,19,0.0,0.0,0.0,0.0,0.0,49.39488785765095,18.03262907181166
121-127105-0005_237-134493-0003__T2__237-237-134493-0003__HSIMV3__5683-5683-32866-0009__SIRm5,237,121,24,0.0,0.0,0.0,0.0,0.0,54.03492406893403,21.96837422055897
121-127105-0005_4507-16021-0046__T2__4507-4507-16021-0046__HSIMV3__3729-3729-6852-0036__SIRm5,4507,121,8,0.0,0.0,0.0,0.0,0.0,56.82260798550814,21.566217645894184
121-127105-0005_8455-210777-0039__T2__8455-8455-210777-0039__HSIMV3__1320-1320-122617-0021__SIRm5,8455,121,9,0.0,0.1111111111111111,0.0,0.0,0.0,52.79490589116093,20.8010265012113
121-127105-0006_8455-210777-0045__T2__8455-8455-210777-0045__HSIMV3__1320-1320-122617-0032__SIRm5,8455,121,21,0.0,0.0,0.0,0.0,0.0,51.09266124411378,19.939939718544416
121-127105-0011_4970-29095-0009__T2__4970-4970-29095-0009__HSIMV3__6829-6829-68769-0036__SIRm5,4970,121,10,0.0,0.0,0.0,0.0,0.0,51.50134585320046,20.796696538975667
121-127105-0012_61-70968-0028__T2__61-61-70968-0028__HSIMV3__8230-8230-279154-0023__SIRm5,61,121,9,0.0,0.0,0.0,0.0,0.0,44.03458970324854,17.87075000217778
121-127105-0012_6829-68771-0035__T2__6829-6829-68771-0035__HSIMV3__4446-4446-2275-0005__SIRm5,6829,121,7,0.0,0.0,0.0,0.0,0.0,52.72558564863673,18.91344578060887
121-127105-0013_260-123288-0009__T2__260-260-123288-0009__HSIMV3__672-672-122797-0047__SIRm5,260,121,5,0.0,0.0,0.0,0.0,0.0,46.26280167218763,19.68108821364597
121-127105-0019_1284-1181-0017__T2__1284-1284-1181-0017__HSIMV3__4446-4446-2271-0004__SIRm5,1284,121,22,0.0,0.0,0.0,0.0,0.0,53.20560100774566,20.11510242197897
121-127105-0019_4446-2275-0029__T2__4446-4446-2275-0029__HSIMV3__1284-1284-1180-0009__SIRm5,4446,121,11,0.0,0.0,0.0,0.0,0.0,46.545551767001236,18.307350982493645
121-127105-0019_7176-88083-0026__T2__7176-7176-88083-0026__HSIMV3__61-61-70970-0026__SIRm5,7176,121,9,0.0,0.0,0.0,0.0,0.0,45.57176964037977,17.26046144267717
121-127105-0020_2830-3980-0039__T2__2830-2830-3980-0039__HSIMV3__1188-1188-133604-0038__SIRm5,2830,121,9,0.0,0.0,0.0,0.0,0.0,56.70405540204161,20.441151891891977
121-127105-0020_5683-32866-0030__T2__5683-5683-32866-0030__HSIMV3__237-237-134500-0032__SIRm5,5683,121,8,0.0,0.0,0.0,0.0,0.0,49.15556086650673,20.76511603214392
121-127105-0023_1580-141083-0021__T2__1580-1580-141083-0021__HSIMV3__237-237-126133-0025__SIRm5,1580,121,6,0.0,0.0,0.0,0.0,0.0,39.47656399770702,17.47529606626723
121-127105-0023_5142-33396-0058__T2__5142-5142-33396-0058__HSIMV3__4970-4970-29095-0008__SIRm5,5142,121,5,0.0,0.0,0.0,0.0,0.0,41.74153733485936,18.03635530148213
121-127105-0026_4446-2273-0033__T2__4446-4446-2273-0033__HSIMV3__1284-1284-1181-0019__SIRm5,4446,121,5,0.0,0.0,0.0,0.0,0.0,47.96642306136862,18.11089910596808
121-127105-0026_4446-2275-0029__T2__4446-4446-2275-0029__HSIMV3__4992-4992-23283-0019__SIRm5,4446,121,11,0.0,0.0,0.0,0.0,0.0,58.16352089133568,21.10132942244808
121-127105-0026_5683-32879-0020__T2__5683-5683-32879-0020__HSIMV3__1221-1221-135767-0014__SIRm5,5683,121,12,0.08333333333333333,0.0,0.0,0.0,0.0,43.68002529665918,18.49894393142069
121-127105-0026_7127-75946-0017__T2__7127-7127-75946-0017__HSIMV3__8455-8455-210777-0057__SIRm5,7127,121,20,0.0,0.0,0.0,0.0,0.0,38.692059661009054,16.720467144164793
121-127105-0028_4507-16021-0025__T2__4507-4507-16021-0025__HSIMV3__3729-3729-6852-0039__SIRm5,4507,121,16,0.0,0.0,0.0,0.0,0.0,53.0006595468162,19.172268606824648
121-127105-0029_5142-33396-0065__T2__5142-5142-33396-0065__HSIMV3__4970-4970-29095-0002__SIRm5,5142,121,9,0.0,0.0,0.0,0.0,0.0,53.541113725735926,21.19770401991069
121-127105-0029_8455-210777-0048__T2__8455-8455-210777-0048__HSIMV3__1320-1320-122612-0014__SIRm5,8455,121,5,0.0,0.0,0.0,0.0,0.0,41.31061926704737,17.133234885091415
121-127105-0031_260-123288-0009__T2__260-260-123288-0009__HSIMV3__672-672-122797-0047__SIRm5,260,121,5,0.0,0.0,0.0,0.0,0.0,46.26092377085174,19.6780723444714
121-127105-0031_5142-33396-0046__T2__5142-5142-33396-0046__HSIMV3__4970-4970-29095-0017__SIRm5,5142,121,6,0.0,0.0,0.0,0.0,0.0,41.24375237414599,18.981282448731783
121-127105-0032_7127-75947-0037__T2__7127-7127-75947-0037__HSIMV3__8455-8455-210777-0000__SIRm5,7127,121,16,0.0,0.0,0.0,0.0,0.0,45.647630155777804,17.82588314681679
121-127105-0034_2830-3980-0000__T2__2830-2830-3980-0000__HSIMV3__1188-1188-133604-0029__SIRm5,2830,121,6,0.0,0.0,0.0,0.0,0.0,45.91433064179083,19.725427633393195
121-127105-0035_1995-1826-0013__T2__1995-1995-1826-0013__HSIMV3__2094-2094-142345-0034__SIRm5,1995,121,14,0.0,0.0,0.0,0.0,0.0,58.027164352395694,22.875789341815143
121-127105-0035_2961-961-0004__T2__2961-2961-961-0004__HSIMV3__3570-3570-5694-0014__SIRm5,2961,121,21,0.0,0.0,0.0,0.0,0.0,56.46430337542378,20.73994119079603
121-127105-0036_2961-960-0012__T2__2961-2961-960-0012__HSIMV3__3570-3570-5695-0008__SIRm5,2961,121,12,0.0,0.0,0.0,0.0,0.0,47.56785870165735,22.463330158579552
121-127105-0036_5683-32865-0005__T2__5683-5683-32865-0005__HSIMV3__237-237-126133-0024__SIRm5,5683,121,18,0.9444444444444444,0.8888888888888888,0.8888888888888888,1.0,0.8888888888888888,-27.7071981170466,-9.185431132051324
1221-135766-0000_1580-141083-0013__T2__1580-1580-141083-0013__HSIMV3__237-237-134493-0000__SIRm5,1580,1221,7,0.0,0.0,0.0,0.0,0.0,49.277336712001635,20.79679931331498
1221-135766-0002_121-127105-0005__T2__121-121-127105-0005__HSIMV3__237-237-126133-0017__SIRm5,121,1221,10,0.0,0.0,0.0,0.0,0.0,46.598707165501445,19.51860411317618
1221-135766-0003_1320-122617-0009__T2__1320-1320-122617-0009__HSIMV3__5105-5105-28240-0005__SIRm5,1320,1221,13,0.07692307692307693,0.0,0.0,0.0,0.0,56.12843904801544,20.9563066352108
1221-135766-0003_908-31957-0002__T2__908-908-31957-0002__HSIMV3__7176-7176-88083-0005__SIRm5,908,1221,8,0.0,0.0,0.0,0.0,0.0,40.01753197147035,18.281116784429067
1221-135766-0004_237-126133-0022__T2__237-237-126133-0022__HSIMV3__5683-5683-32866-0002__SIRm5,237,1221,9,0.0,0.0,0.0,0.0,0.0,52.40502693892126,22.626332549581576
1221-135766-0004_5105-28240-0011__T2__5105-5105-28240-0011__HSIMV3__1320-1320-122617-0003__SIRm5,5105,1221,11,0.0,0.0,0.0,0.0,0.0,46.03676642779505,19.638319218646263
1221-135766-0006_7176-92135-0040__T2__7176-7176-92135-0040__HSIMV3__61-61-70970-0004__SIRm5,7176,1221,19,0.2631578947368421,0.21052631578947367,0.10526315789473684,0.10526315789473684,0.10526315789473684,18.255300096825717,7.324677434405872
1221-135766-0007_121-121726-0005__T2__121-121-121726-0005__HSIMV3__237-237-134500-0034__SIRm5,121,1221,5,0.0,0.6,0.0,0.0,0.0,39.60367081291224,18.20761076548522
1221-135766-0008_7127-75946-0003__T2__7127-7127-75946-0003__HSIMV3__8455-8455-210777-0042__SIRm5,7127,1221,8,0.0,0.125,0.0,0.0,0.0,44.55074119079624,18.040069657675225
1221-135766-0009_5142-33396-0058__T2__5142-5142-33396-0058__HSIMV3__4970-4970-29095-0008__SIRm5,5142,1221,5,0.0,0.0,0.0,0.0,0.0,41.73019165690266,18.034226220378216
1221-135766-0012_6930-76324-0003__T2__6930-6930-76324-0003__HSIMV3__260-260-123288-0018__SIRm5,6930,1221,5,0.0,0.0,0.0,0.0,0.0,44.097656056908704,18.234695381776927
1221-135766-0013_121-127105-0028__T2__121-121-127105-0028__HSIMV3__237-237-134500-0036__SIRm5,121,1221,12,0.8333333333333334,1.0,0.8333333333333334,1.0,0.8333333333333334,-32.28144922712825,-11.981803507824656
1221-135766-0013_1284-1181-0013__T2__1284-1284-1181-0013__HSIMV3__4446-4446-2271-0004__SIRm5,1284,1221,23,0.0,0.0,0.0,0.0,0.0,48.494147523846905,18.76955911403253
1221-135766-0014_3729-6852-0011__T2__3729-3729-6852-0011__HSIMV3__4507-4507-16021-0035__SIRm5,3729,1221,13,0.0,0.0,0.0,0.0,0.0,46.82415595578596,20.222902470926435
1221-135766-0014_61-70968-0049__T2__61-61-70968-0049__HSIMV3__8230-8230-279154-0029__SIRm5,61,1221,15,0.06666666666666667,0.0,0.0,0.0,0.0,40.23150424117218,16.639374613023662
1221-135766-0014_7127-75946-0004__T2__7127-7127-75946-0004__HSIMV3__8455-8455-210777-0009__SIRm5,7127,1221,7,0.0,0.0,0.0,0.0,0.0,36.49450522918149,17.489810300781453
1221-135767-0001_7127-75947-0008__T2__7127-7127-75947-0008__HSIMV3__8455-8455-210777-0049__SIRm5,7127,1221,7,0.0,0.0,0.0,0.0,0.0,40.94409206616533,16.22152089537213
1221-135767-0005_61-70970-0020__T2__61-61-70970-0020__HSIMV3__8230-8230-279154-0039__SIRm5,61,1221,8,0.0,0.0,0.0,0.0,0.0,46.413958754169535,18.294596027928776
1221-135767-0008_260-123286-0027__T2__260-260-123286-0027__HSIMV3__672-672-122797-0061__SIRm5,260,1221,13,0.0,0.0,0.0,0.0,0.0,53.22052635659994,20.34207453189711
1221-135767-0008_3570-5695-0015__T2__3570-3570-5695-0015__HSIMV3__4507-4507-16021-0053__SIRm5,3570,1221,14,0.0,0.0,0.0,0.0,0.0,52.41194298794708,21.13170846375384
1221-135767-0008_5683-32865-0011__T2__5683-5683-32865-0011__HSIMV3__237-237-134500-0033__SIRm5,5683,1221,11,0.0,0.0,0.0,0.0,0.0,47.64323246904605,21.28894551755365
1221-135767-0009_237-134500-0033__T2__237-237-134500-0033__HSIMV3__5683-5683-32879-0005__SIRm5,237,1221,11,0.0,0.0,0.0,0.0,0.0,54.133815391478315,22.417100764344948
1221-135767-0010_1995-1837-0021__T2__1995-1995-1837-0021__HSIMV3__2094-2094-142345-0018__SIRm5,1995,1221,5,0.0,0.0,0.0,0.0,0.0,52.286499371786405,23.588651234343093
1221-135767-0010_2830-3980-0039__T2__2830-2830-3980-0039__HSIMV3__1188-1188-133604-0038__SIRm5,2830,1221,9,0.0,0.0,0.0,0.0,0.0,56.71150322257381,20.44079096929739
1221-135767-0013_5683-32865-0007__T2__5683-5683-32865-0007__HSIMV3__237-237-134500-0036__SIRm5,5683,1221,11,0.0,0.0,0.0,0.0,0.0,53.220699148803845,21.35798512848061
1221-135767-0014_1089-134691-0023__T2__1089-1089-134691-0023__HSIMV3__8230-8230-279154-0006__SIRm5,1089,1221,14,0.0,0.0,0.0,0.0,0.0,42.71787374505522,18.271407454460064
1221-135767-0014_2300-131720-0034__T2__2300-2300-131720-0034__HSIMV3__61-61-70970-0015__SIRm5,2300,1221,15,0.0,0.0,0.0,0.0,0.0,43.03522024861146,16.452300812442495
1221-135767-0014_61-70968-0014__T2__61-61-70968-0014__HSIMV3__7176-7176-92135-0001__SIRm5,61,1221,13,0.0,0.0,0.0,0.0,0.0,44.83000120342845,17.31580613684443
1221-135767-0014_672-122797-0074__T2__672-672-122797-0074__HSIMV3__260-260-123288-0003__SIRm5,672,1221,15,0.06666666666666667,0.0,0.0,0.0,0.0,42.89537215422675,17.78164501606421
1221-135767-0016_4970-29093-0012__T2__4970-4970-29093-0012__HSIMV3__6829-6829-68771-0029__SIRm5,4970,1221,16,0.0,0.0,0.0,0.0,0.0,47.30903145758252,19.54246304965477
1221-135767-0020_61-70968-0009__T2__61-61-70968-0009__HSIMV3__8230-8230-279154-0039__SIRm5,61,1221,8,0.0,0.0,0.0,0.0,0.0,47.952937416286844,18.13013513155215
1221-135767-0022_7176-92135-0032__T2__7176-7176-92135-0032__HSIMV3__61-61-70970-0033__SIRm5,7176,1221,5,1.0,1.0,1.0,1.0,1.0,-29.715897707070155,-14.909687222365363
1221-135767-0024_2094-142345-0028__T2__2094-2094-142345-0028__HSIMV3__3729-3729-6852-0044__SIRm5,2094,1221,12,0.0,0.08333333333333333,0.0,0.0,0.0,58.712806534092515,23.116194918983936
1221-135767-0024_8555-284449-0015__T2__8555-8555-284449-0015__HSIMV3__4970-4970-29095-0036__SIRm5,8555,1221,9,0.0,0.0,0.0,0.0,0.0,57.24243319456986,22.705565495819027
1284-1180-0001_1580-141083-0003__T2__1580-1580-141083-0003__HSIMV3__237-237-126133-0013__SIRm5,1580,1284,12,0.0,0.0,0.0,0.0,0.0,52.677616402079195,20.995229758482907
1284-1180-0002_61-70970-0009__T2__61-61-70970-0009__HSIMV3__8230-8230-279154-0003__SIRm5,61,1284,5,0.0,0.0,0.0,0.0,0.0,42.26868972460447,18.0869862878976
1284-1180-0002_7021-79759-0003__T2__7021-7021-79759-0003__HSIMV3__5105-5105-28233-0000__SIRm5,7021,1284,8,0.0,0.0,0.0,0.0,0.0,50.67138707471668,21.645249305370285
1284-1180-0003_237-134493-0014__T2__237-237-134493-0014__HSIMV3__5683-5683-32879-0001__SIRm5,237,1284,6,0.0,0.0,0.0,0.0,0.0,51.230371037342344,22.07742756894473
1284-1180-0004_8455-210777-0031__T2__8455-8455-210777-0031__HSIMV3__1320-1320-122612-0002__SIRm5,8455,1284,13,0.0,0.07692307692307693,0.0,0.0,0.0,51.48868693498563,19.85928462860825
1284-1180-0005_6829-68771-0000__T2__6829-6829-68771-0000__HSIMV3__4970-4970-29093-0001__SIRm5,6829,1284,22,0.0,0.0,0.0,0.0,0.0,60.011223945794285,21.886810695663733
1284-1180-0006_121-127105-0022__T2__121-121-127105-0022__HSIMV3__237-237-134500-0032__SIRm5,121,1284,9,1.0,1.0,1.0,1.0,1.0,-59.974533292966186,-44.37663540284389
1284-1180-0006_1320-122612-0004__T2__1320-1320-122612-0004__HSIMV3__5105-5105-28240-0019__SIRm5,1320,1284,11,0.0,0.0,0.0,0.0,0.0,52.471661760423416,20.08422229606727
1284-1180-0006_6829-68769-0002__T2__6829-6829-68769-0002__HSIMV3__4970-4970-29093-0000__SIRm5,6829,1284,5,0.0,0.0,0.0,0.0,0.0,48.03041250172666,19.784567616408417
1284-1180-0007_2094-142345-0002__T2__2094-2094-142345-0002__HSIMV3__3729-3729-6852-0042__SIRm5,2094,1284,29,0.0,0.06896551724137931,0.0,0.0,0.0,50.70468986894272,21.1671662088568
1284-1180-0007_260-123286-0015__T2__260-260-123286-0015__HSIMV3__672-672-122797-0034__SIRm5,260,1284,9,0.0,0.0,0.0,0.0,0.0,55.80903596416246,21.46110933580649
1284-1180-0008_2830-3980-0008__T2__2830-2830-3980-0008__HSIMV3__1188-1188-133604-0017__SIRm5,2830,1284,8,0.0,0.125,0.0,0.0,0.0,49.0227826698449,19.293737648484267
1284-1180-0009_1580-141083-0045__T2__1580-1580-141083-0045__HSIMV3__237-237-126133-0009__SIRm5,1580,1284,6,0.0,0.0,0.0,0.0,0.0,56.69535653720711,20.172977790212524
1284-1180-0009_2830-3980-0022__T2__2830-2830-3980-0022__HSIMV3__1188-1188-133604-0040__SIRm5,2830,1284,5,0.0,0.0,0.0,0.0,0.0,40.99537447885679,18.147436389606057
1284-1180-0010_1580-141084-0008__T2__1580-1580-141084-0008__HSIMV3__237-237-134500-0036__SIRm5,1580,1284,12,0.0,0.08333333333333333,0.0,0.0,0.0,47.424318826730875,20.055239664390392
1284-1180-0010_4507-16021-0024__T2__4507-4507-16021-0024__HSIMV3__3729-3729-6852-0028__SIRm5,4507,1284,9,0.0,0.0,0.0,0.0,0.0,58.56361516116166,20.76967329273187
1284-1180-0010_4992-41806-0003__T2__4992-4992-41806-0003__HSIMV3__4446-4446-2271-0016__SIRm5,4992,1284,17,0.0,0.0,0.0,0.0,0.0,51.756575582047624,19.94642132074545
1284-1180-0011_3570-5695-0007__T2__3570-3570-5695-0007__HSIMV3__4507-4507-16021-0017__SIRm5,3570,1284,18,0.0,0.0,0.0,0.0,0.0,52.686456439268305,22.57690228596192
1284-1180-0011_4446-2275-0043__T2__4446-4446-2275-0043__HSIMV3__1284-1284-1180-0020__SIRm5,4446,1284,10,0.0,0.0,0.0,0.0,0.0,47.30321663587894,18.464349425873944
1284-1180-0012_5683-32866-0008__T2__5683-5683-32866-0008__HSIMV3__237-237-134500-0016__SIRm5,5683,1284,5,0.0,0.0,0.0,0.0,0.0,36.463901823089394,19.437885931160764
1284-1180-0013_1089-134691-0006__T2__1089-1089-134691-0006__HSIMV3__8230-8230-279154-0023__SIRm5,1089,1284,10,0.0,0.0,0.0,0.0,0.0,39.293533676228165,19.65168726747185
1284-1180-0014_1320-122612-0003__T2__1320-1320-122612-0003__HSIMV3__5105-5105-28233-0008__SIRm5,1320,1284,18,0.0,0.0,0.0,0.0,0.0,52.66795070330803,20.761686050577016
1284-1180-0014_260-123440-0008__T2__260-260-123440-0008__HSIMV3__672-672-122797-0039__SIRm5,260,1284,6,0.0,0.0,0.0,0.0,0.0,49.59992335620797,20.02415124890729
1284-1180-0014_4077-13754-0002__T2__4077-4077-13754-0002__HSIMV3__8455-8455-210777-0022__SIRm5,4077,1284,31,0.0,0.0,0.0,0.0,0.0,39.285971505167645,16.018090642466923
1284-1180-0014_6829-68769-0006__T2__6829-6829-68769-0006__HSIMV3__4446-4446-2275-0033__SIRm5,6829,1284,13,0.0,0.0,0.0,0.0,0.0,51.42102898915085,19.77506961964376
1284-1180-0015_260-123288-0001__T2__260-260-123288-0001__HSIMV3__672-672-122797-0034__SIRm5,260,1284,8,0.125,0.375,0.125,0.0,0.0,45.40348175166838,19.73519315351305
1284-1180-0015_6829-68771-0023__T2__6829-6829-68771-0023__HSIMV3__4970-4970-29095-0034__SIRm5,6829,1284,9,0.1111111111111111,0.4444444444444444,0.1111111111111111,0.0,0.0,54.35536006991361,20.236237612317545
1284-1180-0017_1580-141084-0031__T2__1580-1580-141084-0031__HSIMV3__237-237-126133-0017__SIRm5,1580,1284,11,0.0,0.0,0.0,0.0,0.0,45.639104032185905,18.43491946933258
1284-1180-0017_2094-142345-0001__T2__2094-2094-142345-0001__HSIMV3__3729-3729-6852-0023__SIRm5,2094,1284,15,0.0,0.0,0.0,0.0,0.0,47.17058854139476,18.30784305550509
1284-1180-0017_7127-75947-0016__T2__7127-7127-75947-0016__HSIMV3__8455-8455-210777-0013__SIRm5,7127,1284,13,0.0,0.0,0.0,0.0,0.0,42.17881066963879,17.758042343547935
1284-1180-0018_1320-122617-0019__T2__1320-1320-122617-0019__HSIMV3__5105-5105-28240-0024__SIRm5,1320,1284,15,0.0,0.06666666666666667,0.0,0.0,0.0,53.76183234795099,20.74465698882722
1284-1180-0018_4446-2275-0035__T2__4446-4446-2275-0035__HSIMV3__1284-1284-1180-0004__SIRm5,4446,1284,7,0.0,0.0,0.0,0.0,0.0,46.55578151042472,19.864035943125785
1284-1180-0019_672-122797-0057__T2__672-672-122797-0057__HSIMV3__260-260-123440-0015__SIRm5,672,1284,11,0.0,0.0,0.0,0.0,0.0,39.4657563478207,15.530177413316938
1284-1180-0020_3570-5696-0005__T2__3570-3570-5696-0005__HSIMV3__4507-4507-16021-0023__SIRm5,3570,1284,23,0.0,0.0,0.0,0.0,0.0,59.36546714284565,23.299621678774933
1284-1180-0020_8555-284447-0005__T2__8555-8555-284447-0005__HSIMV3__4970-4970-29095-0016__SIRm5,8555,1284,12,1.0,1.0,1.0,1.0,1.0,-53.32976903547177,-30.42172765197379
1284-1180-0021_2961-961-0007__T2__2961-2961-961-0007__HSIMV3__3570-3570-5694-0005__SIRm5,2961,1284,15,0.0,0.0,0.0,0.0,0.0,52.8360442297885,19.90335578515428
1284-1180-0021_8455-210777-0062__T2__8455-8455-210777-0062__HSIMV3__1320-1320-122612-0014__SIRm5,8455,1284,5,0.0,0.0,0.0,0.0,0.0,46.46727772461054,19.78794952141984
1284-1180-0023_5142-36377-0013__T2__5142-5142-36377-0013__HSIMV3__4970-4970-29095-0032__SIRm5,5142,1284,12,0.08333333333333333,0.0,0.0,0.16666666666666666,0.0,32.38641285237484,6.306232102954958
1284-1180-0024_6930-81414-0006__T2__6930-6930-81414-0006__HSIMV3__260-260-123440-0019__SIRm5,6930,1284,12,0.0,0.0,0.0,0.0,0.0,35.02603531689861,9.186553446298491
1284-1180-0026_1580-141084-0009__T2__1580-1580-141084-0009__HSIMV3__237-237-134500-0028__SIRm5,1580,1284,8,0.0,0.0,0.0,0.0,0.0,48.85088756983883,20.452549254247828
1284-1180-0027_8230-279154-0013__T2__8230-8230-279154-0013__HSIMV3__61-61-70970-0004__SIRm5,8230,1284,20,0.0,0.0,0.0,0.0,0.0,44.042793698565,17.71093784824104
1284-1180-0028_3570-5696-0000__T2__3570-3570-5696-0000__HSIMV3__4507-4507-16021-0009__SIRm5,3570,1284,21,0.0,0.0,0.0,0.0,0.0,53.89787794391874,22.871967174048727
1284-1180-0028_4446-2273-0028__T2__4446-4446-2273-0028__HSIMV3__1284-1284-1180-0029__SIRm5,4446,1284,9,0.0,0.0,0.0,0.0,0.0,50.282752803183214,20.2404538901694
1284-1180-0028_5683-32879-0001__T2__5683-5683-32879-0001__HSIMV3__1221-1221-135767-0019__SIRm5,5683,1284,6,0.16666666666666666,0.0,0.0,0.0,0.0,53.92993851433383,21.9723670195373
1284-1180-0029_5683-32879-0010__T2__5683-5683-32879-0010__HSIMV3__237-237-134493-0001__SIRm5,5683,1284,13,0.0,0.0,0.0,0.0,0.0,47.40693185886856,17.957110743748586
1284-1180-0031_5142-33396-0048__T2__5142-5142-33396-0048__HSIMV3__4970-4970-29095-0017__SIRm5,5142,1284,6,0.0,0.0,0.0,0.0,0.0,51.357535178738424,20.486473820726346
1284-1180-0031_7127-75947-0007__T2__7127-7127-75947-0007__HSIMV3__8455-8455-210777-0056__SIRm5,7127,1284,9,0.0,0.1111111111111111,0.0,0.0,0.0,44.376857502383245,18.506106922544912
1284-1180-0031_8230-279154-0021__T2__8230-8230-279154-0021__HSIMV3__1089-1089-134686-0021__SIRm5,8230,1284,12,0.08333333333333333,0.25,0.08333333333333333,0.0,0.0,21.994974453005657,12.63594294384243
1284-1180-0032_260-123440-0008__T2__260-260-123440-0008__HSIMV3__672-672-122797-0039__SIRm5,260,1284,6,0.0,0.0,0.0,0.0,0.0,49.61085031191925,20.023606986526783
1284-1180-0032_2830-3979-0003__T2__2830-2830-3979-0003__HSIMV3__1188-1188-133604-0036__SIRm5,2830,1284,14,0.0,0.0,0.0,0.0,0.0,55.83495886154996,19.908292011191435
1284-1180-0032_4992-23283-0004__T2__4992-4992-23283-0004__HSIMV3__4446-4446-2273-0003__SIRm5,4992,1284,14,0.0,0.0,0.0,0.0,0.0,52.5199564417153,21.69906956326513
1284-1181-0000_121-121726-0008__T2__121-121-121726-0008__HSIMV3__237-237-134500-0032__SIRm5,121,1284,8,1.0,1.0,1.0,1.0,1.0,-15.704771479896044,-1.9361386656190216
1284-1181-0000_3570-5696-0008__T2__3570-3570-5696-0008__HSIMV3__4507-4507-16021-0053__SIRm5,3570,1284,13,0.0,0.0,0.0,0.0,0.0,53.52977486513554,22.268475634072047
1284-1181-0001_61-70968-0026__T2__61-61-70968-0026__HSIMV3__8230-8230-279154-0039__SIRm5,61,1284,8,0.0,0.0,0.0,0.0,0.0,47.68461293780419,19.76937481341277
1284-1181-0002_3570-5694-0002__T2__3570-3570-5694-0002__HSIMV3__4507-4507-16021-0017__SIRm5,3570,1284,20,0.0,0.0,0.0,0.0,0.0,54.447704356960344,21.93256881614557
1284-1181-0003_237-126133-0016__T2__237-237-126133-0016__HSIMV3__5683-5683-32865-0015__SIRm5,237,1284,6,0.0,0.0,0.0,0.0,0.0,51.372518226313844,21.476530765513143
1284-1181-0003_8463-294825-0015__T2__8463-8463-294825-0015__HSIMV3__4992-4992-41797-0016__SIRm5,8463,1284,5,0.0,0.0,0.0,0.0,0.0,50.47408694380842,19.87753557353172
1284-1181-0004_2830-3980-0049__T2__2830-2830-3980-0049__HSIMV3__1188-1188-133604-0040__SIRm5,2830,1284,5,0.0,0.0,0.0,0.0,0.0,39.342054925562124,16.721744914910516
1284-1181-0004_61-70970-0038__T2__61-61-70970-0038__HSIMV3__8230-8230-279154-0016__SIRm5,61,1284,19,0.0,0.0,0.0,0.0,0.0,38.11234875019029,15.190403683552285
1284-1181-0004_7176-92135-0016__T2__7176-7176-92135-0016__HSIMV3__61-61-70970-0035__SIRm5,7176,1284,13,1.0,1.0,1.0,1.0,1.0,-45.645198888469494,-22.12349466516533
1284-1181-0006_61-70968-0004__T2__61-61-70968-0004__HSIMV3__8230-8230-279154-0008__SIRm5,61,1284,6,1.0,1.0,1.0,1.0,1.0,-30.635473387210507,-16.64667507484114
1284-1181-0007_1089-134686-0007__T2__1089-1089-134686-0007__HSIMV3__8230-8230-279154-0039__SIRm5,1089,1284,7,0.0,0.0,0.0,0.0,0.0,52.80993435606373,19.439997255364784
1284-1181-0007_1580-141084-0045__T2__1580-1580-141084-0045__HSIMV3__237-237-134500-0027__SIRm5,1580,1284,5,0.0,0.0,0.0,0.0,0.0,54.97069214355955,19.792663512647216
1284-1181-0008_2300-131720-0030__T2__2300-2300-131720-0030__HSIMV3__61-61-70970-0004__SIRm5,2300,1284,18,0.0,0.0,0.0,0.0,0.0,43.2113829238448,17.31309382102203
1284-1181-0008_4970-29095-0030__T2__4970-4970-29095-0030__HSIMV3__6829-6829-68771-0015__SIRm5,4970,1284,8,0.75,0.75,0.75,0.625,0.625,-8.45243156004178,-0.4024186951812032
1284-1181-0009_2830-3980-0013__T2__2830-2830-3980-0013__HSIMV3__1188-1188-133604-0031__SIRm5,2830,1284,7,0.0,0.0,0.0,0.0,0.0,57.122337923855476,19.14801603925425
1284-1181-0009_4446-2271-0003__T2__4446-4446-2271-0003__HSIMV3__1284-1284-1180-0014__SIRm5,4446,1284,6,1.0,1.0,1.0,1.0,1.0,-48.383621348922155,-24.364915149454447
1284-1181-0011_4446-2273-0036__T2__4446-4446-2273-0036__HSIMV3__1284-1284-1181-0018__SIRm5,4446,1284,5,0.0,0.0,0.0,0.0,0.0,49.6122967469947,21.45205280852296
1284-1181-0011_6829-68769-0031__T2__6829-6829-68769-0031__HSIMV3__4970-4970-29095-0034__SIRm5,6829,1284,10,0.2,0.1,0.1,0.1,0.1,44.36040833034126,12.91087337938539
1284-1181-0012_3729-6852-0023__T2__3729-3729-6852-0023__HSIMV3__4507-4507-16021-0053__SIRm5,3729,1284,15,0.0,0.0,0.0,0.0,0.0,44.75718385159141,19.19393436391527
1284-1181-0012_672-122797-0040__T2__672-672-122797-0040__HSIMV3__260-260-123288-0006__SIRm5,672,1284,8,0.0,0.0,0.0,0.0,0.0,40.27667974201583,18.65608197246212
1284-1181-0013_3575-170457-0034__T2__3575-3575-170457-0034__HSIMV3__237-237-134493-0012__SIRm5,3575,1284,5,0.0,0.0,0.0,0.0,0.0,45.60455169015948,11.50443310068786
1284-1181-0014_2094-142345-0001__T2__2094-2094-142345-0001__HSIMV3__3729-3729-6852-0023__SIRm5,2094,1284,15,0.0,0.0,0.0,0.0,0.0,47.16445902993213,18.304306866443028
1284-1181-0014_6829-68771-0012__T2__6829-6829-68771-0012__HSIMV3__4970-4970-29095-0018__SIRm5,6829,1284,23,0.0,0.0,0.0,0.0,0.0,46.70212549328123,18.619156908642385
1284-1181-0015_8555-284447-0007__T2__8555-8555-284447-0007__HSIMV3__4970-4970-29095-0009__SIRm5,8555,1284,10,1.0,1.0,1.0,1.0,1.0,-63.594329728776685,-36.64910731020173
1284-1181-0016_1089-134686-0028__T2__1089-1089-134686-0028__HSIMV3__8230-8230-279154-0020__SIRm5,1089,1284,14,0.0,0.0,0.0,0.0,0.0,55.388485031058394,20.14933706609046
1284-1181-0016_1188-133604-0031__T2__1188-1188-133604-0031__HSIMV3__2830-2830-3979-0002__SIRm5,1188,1284,7,0.2857142857142857,0.0,0.0,0.14285714285714285,0.0,32.36003723724617,10.719005330831436
1284-1181-0016_3729-6852-0044__T2__3729-3729-6852-0044__HSIMV3__4507-4507-16021-0035__SIRm5,3729,1284,12,0.0,0.0,0.0,0.0,0.0,47.6963443782287,19.307328283907097
1284-1181-0017_7176-88083-0012__T2__7176-7176-88083-0012__HSIMV3__61-61-70968-0023__SIRm5,7176,1284,9,0.0,0.1111111111111111,0.0,0.0,0.0,38.710397749492344,15.052824756578044
1284-1181-0018_6930-81414-0026__T2__6930-6930-81414-0026__HSIMV3__260-260-123286-0001__SIRm5,6930,1284,5,0.0,0.0,0.0,0.0,0.0,43.20467341595292,18.29630378894914
1284-1181-0018_8555-284447-0008__T2__8555-8555-284447-0008__HSIMV3__4970-4970-29095-0038__SIRm5,8555,1284,15,0.0,0.06666666666666667,0.0,0.0,0.0,43.78983888801645,23.0269309371566
1284-1181-0020_2830-3980-0010__T2__2830-2830-3980-0010__HSIMV3__1188-1188-133604-0039__SIRm5,2830,1284,12,0.0,0.0,0.0,0.0,0.0,49.657130786631605,18.28812731538124
1284-134647-0000_5142-36377-0018__T2__5142-5142-36377-0018__HSIMV3__4970-4970-29095-0035__SIRm5,5142,1284,8,0.0,0.0,0.0,0.0,0.0,44.721241770093116,18.9530041699688
1284-134647-0001_2961-960-0015__T2__2961-2961-960-0015__HSIMV3__3570-3570-5694-0005__SIRm5,2961,1284,14,0.0,0.0,0.0,0.0,0.0,57.29835173478317,22.75518613476958
1284-134647-0004_8230-279154-0021__T2__8230-8230-279154-0021__HSIMV3__61-61-70970-0028__SIRm5,8230,1284,12,0.0,0.0,0.0,0.0,0.0,41.62669646659651,16.288610687486965
1284-134647-0006_8455-210777-0067__T2__8455-8455-210777-0067__HSIMV3__1320-1320-122617-0022__SIRm5,8455,1284,6,0.0,0.0,0.0,0.0,0.0,47.2866696935475,20.217353180245325
1320-122612-0000_6829-68769-0000__T2__6829-6829-68769-0000__HSIMV3__4970-4970-29095-0033__SIRm5,6829,1320,22,0.045454545454545456,0.045454545454545456,0.0,0.0,0.0,53.2642416424003,20.7611276929142
1320-122612-0001_2300-131720-0002__T2__2300-2300-131720-0002__HSIMV3__61-61-70970-0004__SIRm5,2300,1320,20,0.0,0.05,0.0,0.0,0.0,44.983200446775314,17.990621427912092
1320-122612-0002_4507-16021-0038__T2__4507-4507-16021-0038__HSIMV3__3729-3729-6852-0016__SIRm5,4507,1320,6,0.0,0.0,0.0,0.0,0.0,50.275473700142875,22.086117019703696
1320-122612-0003_7176-88083-0025__T2__7176-7176-88083-0025__HSIMV3__61-61-70970-0035__SIRm5,7176,1320,13,0.07692307692307693,0.0,0.0,0.0,0.0,41.73811161808774,16.189548486023952
1320-122612-0005_8230-279154-0027__T2__8230-8230-279154-0027__HSIMV3__61-61-70970-0004__SIRm5,8230,1320,20,0.0,0.0,0.0,0.0,0.0,40.636292896364566,17.12332855878007
1320-122612-0005_908-157963-0028__T2__908-908-157963-0028__HSIMV3__7176-7176-92135-0041__SIRm5,908,1320,8,1.0,1.0,1.0,1.0,1.0,-52.63164212816351,-24.79581042205317
1320-122612-0006_2094-142345-0034__T2__2094-2094-142345-0034__HSIMV3__3729-3729-6852-0023__SIRm5,2094,1320,14,0.0,0.0,0.0,0.0,0.0,46.51944473222788,18.79756473916669
1320-122612-0006_2830-3979-0010__T2__2830-2830-3979-0010__HSIMV3__1188-1188-133604-0040__SIRm5,2830,1320,5,0.0,0.0,0.0,0.0,0.0,42.97167254403287,17.504277749772875
1320-122612-0006_4446-2271-0018__T2__4446-4446-2271-0018__HSIMV3__1284-1284-1180-0032__SIRm5,4446,1320,10,1.0,1.0,1.0,1.0,1.0,-58.925997829672994,-37.001009310363976
1320-122612-0007_2300-131720-0005__T2__2300-2300-131720-0005__HSIMV3__61-61-70970-0036__SIRm5,2300,1320,12,0.0,0.0,0.0,0.0,0.0,50.13606866950901,19.219178106638275
1320-122612-0007_8463-287645-0013__T2__8463-8463-287645-0013__HSIMV3__4992-4992-23283-0013__SIRm5,8463,1320,12,0.0,0.0,0.0,0.0,0.0,44.66872992686617,18.335168379299272
1320-122612-0009_6930-81414-0011__T2__6930-6930-81414-0011__HSIMV3__260-260-123288-0006__SIRm5,6930,1320,8,0.0,0.0,0.0,0.0,0.0,41.9765698482212,17.165177953228454
1320-122612-0010_2094-142345-0048__T2__2094-2094-142345-0048__HSIMV3__3729-3729-6852-0014__SIRm5,2094,1320,10,0.0,0.0,0.0,0.0,0.0,50.92300613158555,20.167396334845964
1320-122612-0010_3570-5695-0003__T2__3570-3570-5695-0003__HSIMV3__4507-4507-16021-0037__SIRm5,3570,1320,9,0.0,0.0,0.0,0.0,0.0,54.951542834239426,22.867406014363688
1320-122612-0010_61-70968-0008__T2__61-61-70968-0008__HSIMV3__8230-8230-279154-0008__SIRm5,61,1320,6,0.0,0.0,0.0,0.0,0.0,32.69252708784063,16.312966988216576
1320-122612-0012_4507-16021-0014__T2__4507-4507-16021-0014__HSIMV3__3729-3729-6852-0037__SIRm5,4507,1320,10,0.0,0.0,0.0,0.0,0.0,53.38039053361015,21.95349403035668
1320-122612-0013_908-157963-0025__T2__908-908-157963-0025__HSIMV3__7176-7176-88083-0022__SIRm5,908,1320,17,1.0,1.0,1.0,1.0,1.0,-50.77580697352946,-25.117058347080416
1320-122612-0014_1995-1826-0003__T2__1995-1995-1826-0003__HSIMV3__2094-2094-142345-0045__SIRm5,1995,1320,5,0.0,0.0,0.0,0.4,0.0,11.838864569657904,6.876950453569039
1320-122612-0014_908-31957-0016__T2__908-908-31957-0016__HSIMV3__7176-7176-88083-0010__SIRm5,908,1320,11,0.09090909090909091,0.0,0.0,0.0,0.0,41.885655654872814,17.33693266817876
1320-122612-0015_6829-68771-0018__T2__6829-6829-68771-0018__HSIMV3__4970-4970-29093-0012__SIRm5,6829,1320,15,0.0,0.0,0.0,0.0,0.0,56.24356506255916,20.68800401944315
1320-122612-0016_7127-75946-0007__T2__7127-7127-75946-0007__HSIMV3__8455-8455-210777-0042__SIRm5,7127,1320,8,0.0,0.125,0.0,0.0,0.0,42.848810798792414,16.71990191939554
1320-122617-0002_8455-210777-0028__T2__8455-8455-210777-0028__HSIMV3__1320-1320-122617-0009__SIRm5,8455,1320,14,0.07142857142857142,0.07142857142857142,0.07142857142857142,0.0,0.0,52.23662642391304,21.25669979145613
1320-122617-0003_1580-141084-0014__T2__1580-1580-141084-0014__HSIMV3__237-237-126133-0009__SIRm5,1580,1320,6,0.0,0.0,0.0,0.0,0.0,49.210525216820635,20.052905304468368
1320-122617-0003_8230-279154-0039__T2__8230-8230-279154-0039__HSIMV3__1089-1089-134686-0010__SIRm5,8230,1320,7,0.0,0.0,0.0,0.0,0.0,47.66309441119621,19.567091809853554
1320-122617-0004_4507-16021-0005__T2__4507-4507-16021-0005__HSIMV3__3729-3729-6852-0016__SIRm5,4507,1320,7,0.0,0.0,0.0,0.0,0.0,51.83611782334186,19.170071880214778
1320-122617-0004_7127-75946-0003__T2__7127-7127-75946-0003__HSIMV3__8455-8455-210777-0042__SIRm5,7127,1320,8,0.0,0.125,0.0,0.0,0.0,44.54556308878833,18.04064796972904
1320-122617-0005_3729-6852-0014__T2__3729-3729-6852-0014__HSIMV3__4507-4507-16021-0011__SIRm5,3729,1320,10,0.0,0.0,0.0,0.0,0.0,50.94213950445682,21.985436688840498
1320-122617-0006_5105-28240-0001__T2__5105-5105-28240-0001__HSIMV3__1320-1320-122612-0011__SIRm5,5105,1320,26,0.0,0.0,0.0,0.0,0.0,43.52935653014222,14.077577454236764
1320-122617-0008_1221-135767-0021__T2__1221-1221-135767-0021__HSIMV3__4992-4992-41797-0009__SIRm5,1221,1320,24,0.0,0.0,0.0,0.0,0.0,49.672816340584696,20.08869554764554
1320-122617-0008_4970-29095-0014__T2__4970-4970-29095-0014__HSIMV3__6829-6829-68769-0002__SIRm5,4970,1320,5,0.2,0.2,0.2,0.0,0.0,65.92609818632364,21.18296278891016
1320-122617-0009_4992-23283-0019__T2__4992-4992-23283-0019__HSIMV3__4446-4446-2275-0029__SIRm5,4992,1320,11,0.0,0.0,0.0,0.0,0.0,53.01934440762668,20.95812386668282
1320-122617-0011_61-70968-0000__T2__61-61-70968-0000__HSIMV3__8230-8230-279154-0039__SIRm5,61,1320,8,0.0,0.0,0.0,0.0,0.0,31.952516048114305,16.336754166831778
1320-122617-0011_7127-75947-0003__T2__7127-7127-75947-0003__HSIMV3__8455-8455-210777-0056__SIRm5,7127,1320,10,0.0,0.0,0.0,0.0,0.0,46.943141151789845,18.23357408187245
1320-122617-0012_4446-2273-0007__T2__4446-4446-2273-0007__HSIMV3__1284-1284-1181-0018__SIRm5,4446,1320,5,0.0,0.0,0.0,0.0,0.0,54.25771629245095,21.690514054697893
1320-122617-0012_4446-2273-0029__T2__4446-4446-2273-0029__HSIMV3__1284-1284-1180-0027__SIRm5,4446,1320,5,0.0,0.0,0.0,0.0,0.0,41.47922931580998,19.40718729875825
1320-122617-0012_672-122797-0036__T2__672-672-122797-0036__HSIMV3__1320-1320-122617-0017__SIRm5,672,1320,9,1.0,1.0,1.0,1.0,1.0,-53.88795026419316,-29.24193629500978
1320-122617-0012_8463-294828-0003__T2__8463-8463-294828-0003__HSIMV3__4992-4992-41806-0003__SIRm5,8463,1320,17,0.0,0.0,0.0,0.0,0.0,56.615838996615835,21.58228056309104
1320-122617-0013_2094-142345-0036__T2__2094-2094-142345-0036__HSIMV3__3729-3729-6852-0044__SIRm5,2094,1320,12,0.0,0.0,0.0,0.0,0.0,50.002468103203974,19.557814553993914
1320-122617-0014_1089-134686-0008__T2__1089-1089-134686-0008__HSIMV3__8230-8230-279154-0022__SIRm5,1089,1320,11,0.0,0.0,0.0,0.0,0.0,44.04443281259213,17.7743785690024
1320-122617-0015_672-122797-0051__T2__672-672-122797-0051__HSIMV3__260-260-123288-0006__SIRm5,672,1320,8,0.0,0.0,0.0,0.0,0.0,31.093023601710883,15.447638445076254
1320-122617-0016_2961-960-0020__T2__2961-2961-960-0020__HSIMV3__3570-3570-5694-0008__SIRm5,2961,1320,17,0.0,0.0,0.0,0.0,0.0,51.237817068591106,20.59816436715436
1320-122617-0017_4992-41797-0005__T2__4992-4992-41797-0005__HSIMV3__4446-4446-2271-0011__SIRm5,4992,1320,6,0.0,0.16666666666666666,0.0,0.0,0.0,49.19891678437719,20.130290528065625
1320-122617-0017_6930-76324-0004__T2__6930-6930-76324-0004__HSIMV3__260-260-123440-0015__SIRm5,6930,1320,11,0.0,0.0,0.0,0.0,0.0,45.33262079529624,18.206096863172807
1320-122617-0018_1995-1826-0004__T2__1995-1995-1826-0004__HSIMV3__2094-2094-142345-0045__SIRm5,1995,1320,5,0.0,0.0,0.0,0.0,0.0,57.15863030857304,23.659786525501048
1320-122617-0018_672-122797-0007__T2__672-672-122797-0007__HSIMV3__260-260-123288-0027__SIRm5,672,1320,11,0.09090909090909091,0.09090909090909091,0.09090909090909091,0.0,0.0,49.426884434048155,19.064937179446417
1320-122617-0020_61-70970-0019__T2__61-61-70970-0019__HSIMV3__8230-8230-279154-0008__SIRm5,61,1320,6,0.0,0.0,0.0,0.0,0.0,36.1414279420057,15.96486404603546
1320-122617-0020_6930-76324-0028__T2__6930-6930-76324-0028__HSIMV3__260-260-123288-0010__SIRm5,6930,1320,18,0.0,0.0,0.0,0.0,0.0,44.88506954703205,17.891961853659772
1320-122617-0021_5105-28233-0002__T2__5105-5105-28233-0002__HSIMV3__1320-1320-122612-0008__SIRm5,5105,1320,14,0.0,0.0,0.0,0.0,0.0,52.14999695591621,19.86781169592984
1320-122617-0021_6829-68771-0018__T2__6829-6829-68771-0018__HSIMV3__4970-4970-29093-0012__SIRm5,6829,1320,15,0.0,0.0,0.0,0.0,0.0,56.24433134443255,20.687706736015294
1320-122617-0022_1284-1180-0025__T2__1284-1284-1180-0025__HSIMV3__4446-4446-2271-0009__SIRm5,1284,1320,14,0.0,0.0,0.0,0.0,0.0,51.81740704664097,18.69450105703146
1320-122617-0023_6930-81414-0002__T2__6930-6930-81414-0002__HSIMV3__260-260-123288-0018__SIRm5,6930,1320,5,0.0,0.0,0.0,0.0,0.0,42.055613405504985,17.13937796377388
1320-122617-0025_260-123440-0019__T2__260-260-123440-0019__HSIMV3__672-672-122797-0057__SIRm5,260,1320,12,0.0,0.0,0.0,0.0,0.0,48.85654980748427,14.863954385042735
1320-122617-0025_2961-961-0001__T2__2961-2961-961-0001__HSIMV3__3570-3570-5694-0008__SIRm5,2961,1320,17,0.0,0.0,0.0,0.0,0.0,52.086019142203526,17.722097327857007
1320-122617-0026_6930-81414-0015__T2__6930-6930-81414-0015__HSIMV3__260-260-123288-0022__SIRm5,6930,1320,6,0.0,0.0,0.0,0.0,0.0,50.33190039979822,19.720541584579266
1320-122617-0027_1580-141084-0048__T2__1580-1580-141084-0048__HSIMV3__237-237-126133-0024__SIRm5,1580,1320,17,0.0,0.0,0.0,0.0,0.0,48.923378116923715,20.05813512322289
1320-122617-0027_4507-16021-0054__T2__4507-4507-16021-0054__HSIMV3__3729-3729-6852-0016__SIRm5,4507,1320,7,0.0,0.0,0.0,0.0,0.0,48.911549351037024,19.60345013510679
1320-122617-0029_4507-16021-0046__T2__4507-4507-16021-0046__HSIMV3__3729-3729-6852-0036__SIRm5,4507,1320,8,0.0,0.0,0.0,0.0,0.0,56.82439674097009,21.5652283308437
1320-122617-0030_1089-134686-0013__T2__1089-1089-134686-0013__HSIMV3__8230-8230-279154-0014__SIRm5,1089,1320,14,0.0,0.0,0.0,0.0,0.0,47.113478273358304,17.721325837697552
1320-122617-0030_8455-210777-0014__T2__8455-8455-210777-0014__HSIMV3__1320-1320-122617-0008__SIRm5,8455,1320,7,0.14285714285714285,0.0,0.0,0.0,0.0,45.93416543428826,18.878763164040524
1320-122617-0030_8455-210777-0056__T2__8455-8455-210777-0056__HSIMV3__1320-1320-122617-0017__SIRm5,8455,1320,10,0.0,0.0,0.0,0.0,0.0,43.01343658204814,18.496579666844216
1320-122617-0031_6829-68769-0010__T2__6829-6829-68769-0010__HSIMV3__4970-4970-29093-0015__SIRm5,6829,1320,5,0.0,0.0,0.0,0.0,0.0,49.75969369364871,12.55736395701318
1320-122617-0033_3575-170457-0045__T2__3575-3575-170457-0045__HSIMV3__237-237-134500-0036__SIRm5,3575,1320,12,0.0,0.0,0.0,0.0,0.0,51.66165621627792,20.37501989469936
1320-122617-0033_4507-16021-0018__T2__4507-4507-16021-0018__HSIMV3__3729-3729-6852-0019__SIRm5,4507,1320,5,0.0,0.0,0.0,0.0,0.0,45.51514099808444,19.43068398120817
1320-122617-0034_7127-75947-0007__T2__7127-7127-75947-0007__HSIMV3__8455-8455-210777-0056__SIRm5,7127,1320,9,0.0,0.1111111111111111,0.0,0.0,0.0,44.38333007163,18.50665920747068
1320-122617-0035_121-121726-0009__T2__121-121-121726-0009__HSIMV3__237-237-126133-0019__SIRm5,121,1320,13,0.0,0.46153846153846156,0.0,0.0,0.0,50.82764038783845,20.87775137909064
1320-122617-0036_237-134493-0012__T2__237-237-134493-0012__HSIMV3__5683-5683-32879-0001__SIRm5,237,1320,6,0.0,0.0,0.0,0.0,0.0,56.039561071110505,20.94907318525079
1320-122617-0037_1221-135767-0018__T2__1221-1221-135767-0018__HSIMV3__4992-4992-41806-0017__SIRm5,1221,1320,20,0.0,0.05,0.0,0.0,0.0,46.690264633654394,18.962747152847
1320-122617-0037_3570-5695-0009__T2__3570-3570-5695-0009__HSIMV3__4507-4507-16021-0046__SIRm5,3570,1320,8,0.0,0.125,0.0,0.0,0.0,40.98606868538046,21.58184290673269
1320-122617-0040_1580-141083-0023__T2__1580-1580-141083-0023__HSIMV3__237-237-134500-0027__SIRm5,1580,1320,5,0.0,0.0,0.0,0.0,0.0,44.18781881358949,19.660478104454967
1320-122617-0040_8224-274381-0007__T2__8224-8224-274381-0007__HSIMV3__8455-8455-210777-0055__SIRm5,8224,1320,18,0.0,0.05555555555555555,0.0,0.0,0.0,45.001924893976565,15.869987341140051
1320-122617-0041_1580-141083-0003__T2__1580-1580-141083-0003__HSIMV3__237-237-126133-0013__SIRm5,1580,1320,12,0.0,0.0,0.0,0.0,0.0,52.68124837545623,20.99652131761136
1580-141083-0000_7729-102255-0030__T2__7729-7729-102255-0030__HSIMV3__7176-7176-88083-0010__SIRm5,7729,1580,12,0.0,0.0,0.0,0.0,0.0,39.23116719412739,16.473403323005556
1580-141083-0001_3729-6852-0024__T2__3729-3729-6852-0024__HSIMV3__4507-4507-16021-0011__SIRm5,3729,1580,10,0.0,0.1,0.0,0.0,0.0,49.08560171650452,21.08167664607837
1580-141083-0002_1188-133604-0037__T2__1188-1188-133604-0037__HSIMV3__2830-2830-3979-0007__SIRm5,1188,1580,28,0.03571428571428571,0.03571428571428571,0.03571428571428571,0.0,0.0,49.27566319111619,19.15683691736038
1580-141083-0004_260-123286-0019__T2__260-260-123286-0019__HSIMV3__672-672-122797-0002__SIRm5,260,1580,21,0.047619047619047616,0.047619047619047616,0.0,0.0,0.0,47.39614108614745,13.830376655801356
1580-141083-0004_4446-2273-0007__T2__4446-4446-2273-0007__HSIMV3__4992-4992-41797-0016__SIRm5,4446,1580,5,0.0,0.0,0.0,0.0,0.0,47.20951378074545,21.14499276467633
1580-141083-0006_6829-68771-0014__T2__6829-6829-68771-0014__HSIMV3__4446-4446-2275-0001__SIRm5,6829,1580,8,0.0,0.0,0.0,0.0,0.0,39.9940396423751,16.826675441305646
1580-141083-0006_7176-88083-0024__T2__7176-7176-88083-0024__HSIMV3__61-61-70968-0049__SIRm5,7176,1580,15,0.2,0.2,0.13333333333333333,0.0,0.0,19.404621355224972,12.784829665463976
1580-141083-0008_1284-1181-0002__T2__1284-1284-1181-0002__HSIMV3__4446-4446-2271-0011__SIRm5,1284,1580,6,0.0,0.0,0.0,0.0,0.0,48.441900474108344,19.19700812799589
1580-141083-0008_4507-16021-0029__T2__4507-4507-16021-0029__HSIMV3__3729-3729-6852-0043__SIRm5,4507,1580,6,0.0,0.0,0.0,0.0,0.0,55.81941546683576,22.85228860270653
1580-141083-0008_5142-33396-0056__T2__5142-5142-33396-0056__HSIMV3__4970-4970-29095-0008__SIRm5,5142,1580,5,0.0,0.0,0.0,0.0,0.0,57.22327195140794,19.84278305329421
1580-141083-0008_7729-102255-0020__T2__7729-7729-102255-0020__HSIMV3__7176-7176-88083-0018__SIRm5,7729,1580,19,0.0,0.0,0.0,0.0,0.0,47.131719077173805,17.186770799983165
1580-141083-0010_260-123440-0007__T2__260-260-123440-0007__HSIMV3__6930-6930-81414-0019__SIRm5,260,1580,5,0.0,0.0,0.0,0.0,0.0,51.04179805417855,20.528899443886147
1580-141083-0013_237-134493-0004__T2__237-237-134493-0004__HSIMV3__5683-5683-32865-0013__SIRm5,237,1580,11,0.0,0.09090909090909091,0.0,0.0,0.0,58.5113513206513,23.73892284015772
1580-141083-0015_1995-1836-0008__T2__1995-1995-1836-0008__HSIMV3__2094-2094-142345-0036__SIRm5,1995,1580,12,0.0,0.0,0.0,0.0,0.0,51.32511831448631,22.95271285394601
1580-141083-0015_7127-75947-0008__T2__7127-7127-75947-0008__HSIMV3__8455-8455-210777-0049__SIRm5,7127,1580,7,0.0,0.0,0.0,0.0,0.0,40.94559812143348,16.224069546549977
1580-141083-0015_7176-92135-0006__T2__7176-7176-92135-0006__HSIMV3__61-61-70970-0025__SIRm5,7176,1580,13,0.0,0.0,0.0,0.0,0.0,38.40850032546618,16.4015604079677
1580-141083-0016_2830-3980-0065__T2__2830-2830-3980-0065__HSIMV3__1188-1188-133604-0039__SIRm5,2830,1580,12,0.0,0.0,0.0,0.0,0.0,48.573456927905625,18.016726906264232
1580-141083-0016_61-70968-0024__T2__61-61-70968-0024__HSIMV3__8230-8230-279154-0024__SIRm5,61,1580,11,0.0,0.0,0.0,0.0,0.0,44.84198309197413,18.669178875997925
1580-141083-0020_237-126133-0009__T2__237-237-126133-0009__HSIMV3__5683-5683-32879-0021__SIRm5,237,1580,6,0.16666666666666666,0.0,0.0,0.3333333333333333,0.0,34.67710798400784,6.3724416302481375
1580-141083-0020_5105-28241-0008__T2__5105-5105-28241-0008__HSIMV3__1320-1320-122617-0020__SIRm5,5105,1580,16,0.0,0.0,0.0,0.0,0.0,48.97089203455876,20.97908175630762
1580-141083-0021_2961-961-0005__T2__2961-2961-961-0005__HSIMV3__3570-3570-5694-0019__SIRm5,2961,1580,6,0.0,0.0,0.0,0.0,0.0,48.86980013505246,18.201690360104195
1580-141083-0022_4446-2271-0017__T2__4446-4446-2271-0017__HSIMV3__1284-1284-1181-0013__SIRm5,4446,1580,23,1.0,1.0,1.0,1.0,1.0,-56.72414704192833,-31.529376856425003
1580-141083-0022_4446-2273-0003__T2__4446-4446-2273-0003__HSIMV3__1284-1284-1181-0014__SIRm5,4446,1580,14,0.0,0.0,0.0,0.0,0.0,52.87720213253599,20.135406921153727
1580-141083-0023_121-127105-0012__T2__121-121-127105-0012__HSIMV3__237-237-126133-0022__SIRm5,121,1580,8,0.75,1.0,0.75,0.875,0.625,-16.923303131614375,-5.762713896502415
1580-141083-0023_8455-210777-0048__T2__8455-8455-210777-0048__HSIMV3__1320-1320-122612-0014__SIRm5,8455,1580,5,0.0,0.0,0.0,0.0,0.0,41.20893213315644,17.135679433606075
1580-141083-0024_1995-1837-0009__T2__1995-1995-1837-0009__HSIMV3__2094-2094-142345-0035__SIRm5,1995,1580,6,0.0,0.0,0.0,0.0,0.0,55.44039170926993,20.589111868474312
1580-141083-0024_237-134500-0028__T2__237-237-134500-0028__HSIMV3__5683-5683-32879-0012__SIRm5,237,1580,7,0.0,0.0,0.0,0.0,0.0,50.598373545562595,21.333462832693737
1580-141083-0025_4446-2275-0035__T2__4446-4446-2275-0035__HSIMV3__1284-1284-1180-0004__SIRm5,4446,1580,7,0.0,0.0,0.0,0.0,0.0,46.552525392601105,19.86372703767099
1580-141083-0025_672-122797-0013__T2__672-672-122797-0013__HSIMV3__1320-1320-122617-0020__SIRm5,672,1580,16,1.0,1.0,1.0,1.0,1.0,-52.69488120932097,-27.924117887510008
1580-141083-0026_1188-133604-0037__T2__1188-1188-133604-0037__HSIMV3__2830-2830-3979-0007__SIRm5,1188,1580,28,0.03571428571428571,0.03571428571428571,0.03571428571428571,0.0,0.0,49.24772062514933,19.1563994937717
1580-141083-0026_5683-32879-0023__T2__5683-5683-32879-0023__HSIMV3__237-237-134500-0032__SIRm5,5683,1580,8,0.0,0.0,0.0,0.0,0.0,50.8232813109402,21.260615168872352
1580-141083-0027_4077-13751-0000__T2__4077-4077-13751-0000__HSIMV3__8455-8455-210777-0055__SIRm5,4077,1580,18,0.0,0.0,0.0,0.0,0.0,45.312728125114035,17.600183375952632
1580-141083-0027_6930-75918-0005__T2__6930-6930-75918-0005__HSIMV3__260-260-123288-0025__SIRm5,6930,1580,25,0.0,0.0,0.0,0.0,0.0,52.85282491387352,20.20476443014521
1580-141083-0027_6930-76324-0024__T2__6930-6930-76324-0024__HSIMV3__260-260-123286-0017__SIRm5,6930,1580,6,0.0,0.0,0.0,0.0,0.0,36.71741065158597,16.04125673119868
1580-141083-0027_7127-75947-0008__T2__7127-7127-75947-0008__HSIMV3__8455-8455-210777-0049__SIRm5,7127,1580,7,0.0,0.0,0.0,0.0,0.0,40.94924906311543,16.222687792314474
1580-141083-0029_237-134500-0031__T2__237-237-134500-0031__HSIMV3__5683-5683-32866-0013__SIRm5,237,1580,18,0.0,0.0,0.0,0.0,0.0,48.27462252110145,19.946513583573967
1580-141083-0030_1995-1837-0014__T2__1995-1995-1837-0014__HSIMV3__2094-2094-142345-0033__SIRm5,1995,1580,23,0.043478260869565216,0.0,0.0,0.0,0.0,54.90439343172605,23.5478275807367
1580-141083-0030_260-123288-0018__T2__260-260-123288-0018__HSIMV3__6930-6930-81414-0021__SIRm5,260,1580,5,0.0,0.0,0.0,0.0,0.0,45.56180903795601,19.55818206017104
1580-141083-0032_61-70968-0033__T2__61-61-70968-0033__HSIMV3__8230-8230-279154-0021__SIRm5,61,1580,10,0.0,0.0,0.0,0.0,0.0,37.72464534653842,16.973507319151427
1580-141083-0032_672-122797-0032__T2__672-672-122797-0032__HSIMV3__260-260-123288-0004__SIRm5,672,1580,7,0.0,0.0,0.0,0.0,0.0,29.608340811692223,16.352841315472425
1580-141083-0032_672-122797-0065__T2__672-672-122797-0065__HSIMV3__260-260-123286-0020__SIRm5,672,1580,5,1.0,0.2,0.2,1.0,0.2,-40.80694506318764,-18.30319367748965
1580-141083-0033_121-121726-0014__T2__121-121-121726-0014__HSIMV3__237-237-134500-0027__SIRm5,121,1580,5,1.0,1.0,1.0,1.0,1.0,-31.216639170716583,-12.134821139832294
1580-141083-0034_3729-6852-0024__T2__3729-3729-6852-0024__HSIMV3__4507-4507-16021-0011__SIRm5,3729,1580,10,0.0,0.1,0.0,0.0,0.0,49.082458914145406,21.08070692502165
1580-141083-0034_4507-16021-0017__T2__4507-4507-16021-0017__HSIMV3__3729-3729-6852-0041__SIRm5,4507,1580,20,0.0,0.0,0.0,0.0,0.0,48.58250874442167,20.755045650849315
1580-141083-0034_7021-79730-0007__T2__7021-7021-79730-0007__HSIMV3__5105-5105-28240-0021__SIRm5,7021,1580,23,0.043478260869565216,0.0,0.0,0.0,0.0,45.43321113132128,19.476335288731622
1580-141083-0035_8463-294828-0006__T2__8463-8463-294828-0006__HSIMV3__4992-4992-41797-0004__SIRm5,8463,1580,13,0.0,0.0,0.0,0.0,0.0,50.58993954488853,20.071285220460155
1580-141083-0036_2300-131720-0012__T2__2300-2300-131720-0012__HSIMV3__61-61-70970-0004__SIRm5,2300,1580,20,0.0,0.0,0.0,0.0,0.0,46.804977559476335,18.61361334761262
1580-141083-0037_61-70968-0048__T2__61-61-70968-0048__HSIMV3__8230-8230-279154-0003__SIRm5,61,1580,5,0.0,0.0,0.0,0.0,0.0,35.52952166763515,14.825618933976449
1580-141083-0037_61-70970-0002__T2__61-61-70970-0002__HSIMV3__8230-8230-279154-0032__SIRm5,61,1580,6,0.0,0.0,0.0,0.0,0.0,42.16106939508609,19.18081847370649
1580-141083-0038_4077-13754-0009__T2__4077-4077-13754-0009__HSIMV3__8455-8455-210777-0013__SIRm5,4077,1580,13,0.0,0.0,0.0,0.0,0.0,41.293058955692636,16.85816170245878
1580-141083-0038_672-122797-0029__T2__672-672-122797-0029__HSIMV3__1320-1320-122612-0014__SIRm5,672,1580,5,0.0,0.0,0.0,0.0,0.0,41.99899535373932,19.89080374903122
1580-141083-0039_237-126133-0002__T2__237-237-126133-0002__HSIMV3__5683-5683-32865-0009__SIRm5,237,1580,16,0.0,0.0,0.0,0.0,0.0,52.56967313935267,19.26369349127319
1580-141083-0039_3729-6852-0041__T2__3729-3729-6852-0041__HSIMV3__4507-4507-16021-0013__SIRm5,3729,1580,19,0.0,0.05263157894736842,0.0,0.0,0.0,53.74977176508114,19.94493734957248
1580-141083-0039_5683-32865-0017__T2__5683-5683-32865-0017__HSIMV3__1221-1221-135767-0024__SIRm5,5683,1580,9,0.0,0.0,0.0,0.0,0.0,39.87823850566146,16.338911175171393
1580-141083-0040_6930-81414-0012__T2__6930-6930-81414-0012__HSIMV3__260-260-123288-0004__SIRm5,6930,1580,7,0.0,0.0,0.0,0.0,0.0,42.9572089223124,17.842889940258118
1580-141083-0041_3729-6852-0028__T2__3729-3729-6852-0028__HSIMV3__4507-4507-16021-0024__SIRm5,3729,1580,9,0.1111111111111111,0.2222222222222222,0.1111111111111111,0.0,0.0,52.2845616275804,21.14025277114981
1580-141083-0041_5142-36377-0024__T2__5142-5142-36377-0024__HSIMV3__4970-4970-29095-0002__SIRm5,5142,1580,9,0.0,0.0,0.0,0.0,0.0,43.623661530950514,19.108467264913088
1580-141083-0041_672-122797-0021__T2__672-672-122797-0021__HSIMV3__1320-1320-122617-0041__SIRm5,672,1580,7,0.0,0.0,0.0,0.0,0.0,39.1014029942776,18.04249614957176
1580-141083-0041_8463-294828-0011__T2__8463-8463-294828-0011__HSIMV3__4992-4992-41806-0005__SIRm5,8463,1580,6,0.0,0.0,0.0,0.0,0.0,48.64909097161566,18.919744894146856
1580-141083-0044_8555-284449-0016__T2__8555-8555-284449-0016__HSIMV3__4970-4970-29095-0024__SIRm5,8555,1580,10,0.0,0.0,0.0,0.0,0.0,47.51684825079006,21.209684324724925
1580-141083-0045_7176-92135-0008__T2__7176-7176-92135-0008__HSIMV3__61-61-70968-0025__SIRm5,7176,1580,7,0.0,0.0,0.0,0.0,0.0,49.09639262341939,19.685088713346502
1580-141083-0046_121-127105-0007__T2__121-121-127105-0007__HSIMV3__237-237-126133-0017__SIRm5,121,1580,10,0.0,0.0,0.0,0.0,0.0,40.56778636187639,18.11693724936728
1580-141083-0046_7021-79730-0005__T2__7021-7021-79730-0005__HSIMV3__5105-5105-28240-0024__SIRm5,7021,1580,15,0.06666666666666667,0.0,0.0,0.0,0.0,54.13718022670924,20.41078456642537
1580-141083-0046_908-157963-0012__T2__908-908-157963-0012__HSIMV3__7176-7176-88083-0011__SIRm5,908,1580,19,0.21052631578947367,0.10526315789473684,0.10526315789473684,0.05263157894736842,0.05263157894736842,18.811662559734224,13.074695710727124
1580-141083-0049_7176-92135-0036__T2__7176-7176-92135-0036__HSIMV3__61-61-70970-0036__SIRm5,7176,1580,11,0.8181818181818182,0.9090909090909091,0.7272727272727273,0.5454545454545454,0.45454545454545453,0.49479526882593183,4.2516222527312495
1580-141083-0049_8224-274384-0000__T2__8224-8224-274384-0000__HSIMV3__8455-8455-210777-0028__SIRm5,8224,1580,14,0.07142857142857142,0.14285714285714285,0.07142857142857142,0.0,0.0,36.13680935562157,18.09960684095833
1580-141083-0052_1320-122617-0022__T2__1320-1320-122617-0022__HSIMV3__5105-5105-28240-0002__SIRm5,1320,1580,6,0.0,0.0,0.0,0.0,0.0,47.25666975173991,19.796372708977525
1580-141083-0052_2961-960-0004__T2__2961-2961-960-0004__HSIMV3__3570-3570-5694-0005__SIRm5,2961,1580,15,0.0,0.0,0.0,0.0,0.0,55.2450690038625,21.66929431375613
1580-141083-0052_8455-210777-0049__T2__8455-8455-210777-0049__HSIMV3__1320-1320-122617-0030__SIRm5,8455,1580,6,0.0,0.0,0.0,0.0,0.0,49.061233851683085,21.47181836410693
1580-141084-0000_4446-2275-0007__T2__4446-4446-2275-0007__HSIMV3__4992-4992-41797-0015__SIRm5,4446,1580,16,0.0,0.0,0.0,0.0,0.0,54.590871475334396,20.96673281666734
1580-141084-0001_237-134500-0022__T2__237-237-134500-0022__HSIMV3__5683-5683-32879-0009__SIRm5,237,1580,9,0.0,0.0,0.0,0.0,0.0,49.65687748625303,22.350036621642364
1580-141084-0001_260-123286-0029__T2__260-260-123286-0029__HSIMV3__672-672-122797-0015__SIRm5,260,1580,7,0.14285714285714285,0.0,0.0,0.0,0.0,53.535519480589116,19.774226833127404
1580-141084-0001_61-70970-0015__T2__61-61-70970-0015__HSIMV3__8230-8230-279154-0029__SIRm5,61,1580,15,0.0,0.0,0.0,0.0,0.0,40.409007859353075,15.385143127141532
1580-141084-0002_4992-41797-0004__T2__4992-4992-41797-0004__HSIMV3__4446-4446-2275-0033__SIRm5,4992,1580,13,0.0,0.0,0.0,0.0,0.0,46.26995366119054,20.02619893072
1580-141084-0002_7127-75947-0027__T2__7127-7127-75947-0027__HSIMV3__8455-8455-210777-0013__SIRm5,7127,1580,13,0.0,0.0,0.0,0.0,0.0,50.91958837112737,18.49059636683955
1580-141084-0003_3729-6852-0041__T2__3729-3729-6852-0041__HSIMV3__4507-4507-16021-0013__SIRm5,3729,1580,19,0.0,0.05263157894736842,0.0,0.0,0.0,53.75342327546024,19.94599379163233
1580-141084-0003_61-70968-0055__T2__61-61-70968-0055__HSIMV3__8230-8230-279154-0008__SIRm5,61,1580,6,0.0,0.0,0.0,0.0,0.0,31.404738361930608,15.56711410262626
1580-141084-0008_8463-287645-0000__T2__8463-8463-287645-0000__HSIMV3__4992-4992-41797-0006__SIRm5,8463,1580,8,0.0,0.0,0.0,0.0,0.0,50.98979463208847,21.3440652738083
1580-141084-0008_908-157963-0027__T2__908-908-157963-0027__HSIMV3__7176-7176-92135-0045__SIRm5,908,1580,9,0.0,0.0,0.0,0.0,0.0,48.30471361086707,19.274074656736783
1580-141084-0009_7176-88083-0018__T2__7176-7176-88083-0018__HSIMV3__61-61-70970-0004__SIRm5,7176,1580,19,0.05263157894736842,0.0,0.0,0.0,0.0,44.08692876389441,17.398432418024406
1580-141084-0010_3570-5696-0002__T2__3570-3570-5696-0002__HSIMV3__4507-4507-16021-0053__SIRm5,3570,1580,14,0.0,0.0,0.0,0.0,0.0,53.73902050799783,21.320795152258327
1580-141084-0011_1284-1181-0003__T2__1284-1284-1181-0003__HSIMV3__1580-1580-141083-0024__SIRm5,1284,1580,7,0.0,0.0,0.0,0.0,0.0,60.25806936645978,21.585207088244765
1580-141084-0011_7127-75946-0013__T2__7127-7127-75946-0013__HSIMV3__8455-8455-210777-0000__SIRm5,7127,1580,16,0.0,0.0,0.0,0.0,0.0,45.16046991629698,18.004747253021904
1580-141084-0011_7176-92135-0001__T2__7176-7176-92135-0001__HSIMV3__61-61-70970-0035__SIRm5,7176,1580,13,1.0,1.0,1.0,1.0,1.0,-40.01997191881291,-22.220048766668707
1580-141084-0014_4992-23283-0015__T2__4992-4992-23283-0015__HSIMV3__4446-4446-2275-0023__SIRm5,4992,1580,6,0.0,0.0,0.0,0.0,0.0,51.57466438919411,20.49679898227004
1580-141084-0015_4992-41806-0008__T2__4992-4992-41806-0008__HSIMV3__4446-4446-2271-0017__SIRm5,4992,1580,22,0.0,0.045454545454545456,0.0,0.0,0.0,49.05711691053261,18.785607215796507
1580-141084-0015_5105-28233-0008__T2__5105-5105-28233-0008__HSIMV3__1320-1320-122612-0012__SIRm5,5105,1580,19,0.0,0.0,0.0,0.0,0.0,48.907528124563264,19.375061255523818
1580-141084-0016_4446-2273-0034__T2__4446-4446-2273-0034__HSIMV3__1284-1284-1180-0014__SIRm5,4446,1580,6,0.0,0.0,0.0,0.0,0.0,47.99960595262499,19.8754395455673
1580-141084-0016_61-70970-0026__T2__61-61-70970-0026__HSIMV3__8230-8230-279154-0024__SIRm5,61,1580,9,0.0,0.0,0.0,0.0,0.0,52.497089989776555,19.55298381625288
1580-141084-0016_8455-210777-0037__T2__8455-8455-210777-0037__HSIMV3__1320-1320-122612-0006__SIRm5,8455,1580,8,0.0,0.0,0.0,0.0,0.0,61.37147447777086,19.476007291938288
1580-141084-0018_1995-1826-0022__T2__1995-1995-1826-0022__HSIMV3__2094-2094-142345-0058__SIRm5,1995,1580,8,0.0,0.0,0.0,0.0,0.0,58.32260764127638,21.30210979537978
1580-141084-0018_4446-2273-0019__T2__4446-4446-2273-0019__HSIMV3__4992-4992-23283-0002__SIRm5,4446,1580,5,0.0,0.0,0.0,0.0,0.0,50.608135003988465,19.271874798947124
1580-141084-0018_5142-33396-0068__T2__5142-5142-33396-0068__HSIMV3__4970-4970-29093-0014__SIRm5,5142,1580,7,0.5714285714285714,0.14285714285714285,0.14285714285714285,0.7142857142857143,0.14285714285714285,-3.442171077878545,2.366072367938388
1580-141084-0019_3575-170457-0003__T2__3575-3575-170457-0003__HSIMV3__237-237-134500-0037__SIRm5,3575,1580,13,0.07692307692307693,0.07692307692307693,0.07692307692307693,0.0,0.0,58.37982335826731,22.13116352461316
1580-141084-0019_3729-6852-0016__T2__3729-3729-6852-0016__HSIMV3__4507-4507-16021-0043__SIRm5,3729,1580,6,0.0,0.0,0.0,0.0,0.0,45.51781622516779,17.95085820748653
1580-141084-0021_8555-284447-0007__T2__8555-8555-284447-0007__HSIMV3__4970-4970-29095-0009__SIRm5,8555,1580,10,1.0,1.0,1.0,1.0,1.0,-62.81316816359445,-33.76759835604863
1580-141084-0023_2830-3979-0012__T2__2830-2830-3979-0012__HSIMV3__1188-1188-133604-0029__SIRm5,2830,1580,6,0.0,0.0,0.0,0.0,0.0,52.37107475550545,19.87992338097304
1580-141084-0023_672-122797-0061__T2__672-672-122797-0061__HSIMV3__1320-1320-122617-0012__SIRm5,672,1580,14,1.0,1.0,1.0,1.0,1.0,-55.401971227341264,-28.525782231694865
1580-141084-0024_2094-142345-0025__T2__2094-2094-142345-0025__HSIMV3__3729-3729-6852-0043__SIRm5,2094,1580,6,0.0,0.0,0.0,0.0,0.0,48.11158825889233,18.86459629884086
1580-141084-0027_5639-40744-0005__T2__5639-5639-40744-0005__HSIMV3__1089-1089-134686-0034__SIRm5,5639,1580,9,0.0,0.0,0.0,0.0,0.0,50.559037521513446,20.027581233623245
1580-141084-0029_2094-142345-0044__T2__2094-2094-142345-0044__HSIMV3__3729-3729-6852-0027__SIRm5,2094,1580,5,0.0,0.0,0.0,0.0,0.0,47.036613607762995,20.57057649362672
1580-141084-0029_5683-32879-0023__T2__5683-5683-32879-0023__HSIMV3__1221-1221-135766-0014__SIRm5,5683,1580,8,0.0,0.0,0.0,0.0,0.0,50.951049095392236,20.2087755862938
1580-141084-0029_61-70968-0039__T2__61-61-70968-0039__HSIMV3__7176-7176-88083-0016__SIRm5,61,1580,6,0.0,0.0,0.0,0.0,0.0,28.291216819850508,15.10368427306008
1580-141084-0031_61-70970-0023__T2__61-61-70970-0023__HSIMV3__8230-8230-279154-0008__SIRm5,61,1580,6,0.0,0.0,0.0,0.16666666666666666,0.0,14.834262924227389,6.220381573627135
1580-141084-0032_260-123440-0016__T2__260-260-123440-0016__HSIMV3__672-672-122797-0017__SIRm5,260,1580,8,0.0,0.0,0.0,0.0,0.0,53.20393834362595,20.685353020669005
1580-141084-0032_8455-210777-0014__T2__8455-8455-210777-0014__HSIMV3__1320-1320-122617-0008__SIRm5,8455,1580,7,0.14285714285714285,0.0,0.0,0.0,0.0,45.98930114415397,18.879049576747374
1580-141084-0033_7127-75946-0013__T2__7127-7127-75946-0013__HSIMV3__8455-8455-210777-0000__SIRm5,7127,1580,16,0.0,0.0,0.0,0.0,0.0,45.16106272722383,18.003877773362426
1580-141084-0033_8463-294828-0028__T2__8463-8463-294828-0028__HSIMV3__4992-4992-41806-0001__SIRm5,8463,1580,14,0.0,0.0,0.0,0.0,0.0,54.28301962648961,21.37705931581344
1580-141084-0034_1089-134691-0010__T2__1089-1089-134691-0010__HSIMV3__8230-8230-279154-0003__SIRm5,1089,1580,5,0.0,0.0,0.0,0.0,0.0,41.9862709898686,15.87127743510193
1580-141084-0034_1089-134691-0016__T2__1089-1089-134691-0016__HSIMV3__8230-8230-279154-0000__SIRm5,1089,1580,16,0.0,0.0,0.0,0.0,0.0,46.26552101917807,20.23612352538923
1580-141084-0039_7176-88083-0004__T2__7176-7176-88083-0004__HSIMV3__61-61-70970-0035__SIRm5,7176,1580,13,0.0,0.0,0.0,0.0,0.0,40.95777631035735,16.16381832360732
1580-141084-0040_1089-134691-0004__T2__1089-1089-134691-0004__HSIMV3__8230-8230-279154-0039__SIRm5,1089,1580,8,0.0,0.0,0.0,0.0,0.0,57.19235811040971,20.78387719330663
1580-141084-0040_5639-40744-0022__T2__5639-5639-40744-0022__HSIMV3__1089-1089-134686-0019__SIRm5,5639,1580,26,0.0,0.0,0.0,0.0,0.0,57.545894271267585,21.544130899655134
1580-141084-0040_7176-88083-0026__T2__7176-7176-88083-0026__HSIMV3__61-61-70970-0026__SIRm5,7176,1580,9,0.0,0.0,0.0,0.0,0.0,45.596992515138155,17.26779071624216
1580-141084-0042_2830-3980-0010__T2__2830-2830-3980-0010__HSIMV3__1188-1188-133604-0039__SIRm5,2830,1580,12,0.0,0.0,0.0,0.0,0.0,49.68438245801055,18.28596339238054
1580-141084-0042_6930-75918-0010__T2__6930-6930-75918-0010__HSIMV3__260-260-123286-0020__SIRm5,6930,1580,5,0.0,0.0,0.0,0.0,0.0,52.1424390295202,20.285451392393814
1580-141084-0042_8455-210777-0053__T2__8455-8455-210777-0053__HSIMV3__1320-1320-122617-0039__SIRm5,8455,1580,12,0.0,0.0,0.0,0.0,0.0,45.9055730309625,19.24176555412693
1580-141084-0047_7176-88083-0008__T2__7176-7176-88083-0008__HSIMV3__61-61-70970-0030__SIRm5,7176,1580,5,0.2,0.0,0.0,0.0,0.0,26.6523202419475,12.943484741880882
1580-141084-0047_8230-279154-0006__T2__8230-8230-279154-0006__HSIMV3__61-61-70968-0014__SIRm5,8230,1580,13,0.07692307692307693,0.07692307692307693,0.07692307692307693,0.0,0.0,39.692337493497675,16.6188536620792
1580-141084-0048_237-134500-0037__T2__237-237-134500-0037__HSIMV3__5683-5683-32865-0013__SIRm5,237,1580,12,0.0,0.0,0.0,0.0,0.0,55.276890457817736,21.04005887895186
1580-141084-0049_4507-16021-0008__T2__4507-4507-16021-0008__HSIMV3__3729-3729-6852-0016__SIRm5,4507,1580,6,0.0,0.0,0.0,0.0,0.0,49.92411976203274,22.236754055817173
1995-1826-0001_8463-287645-0012__T2__8463-8463-287645-0012__HSIMV3__4992-4992-41797-0011__SIRm5,8463,1995,9,0.0,0.0,0.0,0.0,0.0,38.97074173922312,17.732381213400256
1995-1826-0002_7176-92135-0045__T2__7176-7176-92135-0045__HSIMV3__61-61-70970-0026__SIRm5,7176,1995,9,0.0,0.0,0.0,0.0,0.0,39.046092626238405,18.36202780149883
1995-1826-0003_8230-279154-0036__T2__8230-8230-279154-0036__HSIMV3__61-61-70970-0030__SIRm5,8230,1995,5,0.2,0.0,0.0,0.0,0.0,44.450403959790414,18.47315646395193
1995-1826-0005_61-70970-0024__T2__61-61-70970-0024__HSIMV3__8230-8230-279154-0030__SIRm5,61,1995,13,0.0,0.0,0.0,0.0,0.0,38.86273805703626,17.111892068571755
1995-1826-0005_7127-75947-0002__T2__7127-7127-75947-0002__HSIMV3__8455-8455-210777-0010__SIRm5,7127,1995,5,0.0,0.0,0.0,0.0,0.0,40.61303776285071,17.77089679685463
1995-1826-0007_1284-1180-0000__T2__1284-1284-1180-0000__HSIMV3__1580-1580-141084-0041__SIRm5,1284,1995,14,0.0,0.0,0.0,0.0,0.0,50.701406613397346,20.776261528781184
1995-1826-0007_4446-2275-0043__T2__4446-4446-2275-0043__HSIMV3__1284-1284-1180-0020__SIRm5,4446,1995,10,0.0,0.0,0.0,0.0,0.0,47.30251418219909,18.46490617557223
1995-1826-0009_7127-75947-0040__T2__7127-7127-75947-0040__HSIMV3__8455-8455-210777-0051__SIRm5,7127,1995,26,0.0,0.0,0.0,0.0,0.0,48.71082896271274,18.02336766791925
1995-1826-0011_2094-142345-0037__T2__2094-2094-142345-0037__HSIMV3__3729-3729-6852-0041__SIRm5,2094,1995,19,0.0,0.0,0.0,0.0,0.0,49.890352891411624,19.93989611940502
1995-1826-0011_8463-287645-0014__T2__8463-8463-287645-0014__HSIMV3__4992-4992-41797-0016__SIRm5,8463,1995,5,0.0,0.0,0.0,0.0,0.0,51.52891403187955,20.730745133078145
1995-1826-0012_3729-6852-0011__T2__3729-3729-6852-0011__HSIMV3__4507-4507-16021-0035__SIRm5,3729,1995,13,0.0,0.0,0.0,0.0,0.0,46.82629646316197,20.22299263878307
1995-1826-0013_8555-284449-0018__T2__8555-8555-284449-0018__HSIMV3__4970-4970-29095-0016__SIRm5,8555,1995,12,0.0,0.0,0.0,0.0,0.0,49.57397924750657,24.19741902332768
1995-1826-0015_1320-122617-0037__T2__1320-1320-122617-0037__HSIMV3__5105-5105-28240-0005__SIRm5,1320,1995,13,0.07692307692307693,0.0,0.0,0.0,0.0,50.34328911174512,19.758851713779634
1995-1826-0015_2830-3980-0020__T2__2830-2830-3980-0020__HSIMV3__1188-1188-133604-0040__SIRm5,2830,1995,5,0.0,0.0,0.0,0.0,0.0,39.03896732645905,16.166086034264616
1995-1826-0015_908-157963-0005__T2__908-908-157963-0005__HSIMV3__7176-7176-88083-0010__SIRm5,908,1995,12,0.08333333333333333,0.0,0.0,0.0,0.0,30.792128421411743,17.79519810521693
1995-1826-0016_4992-41797-0008__T2__4992-4992-41797-0008__HSIMV3__4446-4446-2275-0007__SIRm5,4992,1995,16,0.0,0.0,0.0,0.0,0.0,53.942525811386986,20.54002823280326
1995-1826-0016_6930-76324-0027__T2__6930-6930-76324-0027__HSIMV3__260-260-123440-0010__SIRm5,6930,1995,15,0.0,0.0,0.0,0.0,0.0,44.980696904794414,18.90054216611392
1995-1826-0017_1284-134647-0001__T2__1284-1284-134647-0001__HSIMV3__4446-4446-2271-0016__SIRm5,1284,1995,19,0.0,0.0,0.0,0.0,0.0,51.07016371427398,20.61688524871952
1995-1826-0017_1580-141083-0034__T2__1580-1580-141083-0034__HSIMV3__237-237-126133-0014__SIRm5,1580,1995,12,0.0,0.0,0.0,0.0,0.0,47.493465176195286,19.9283407977284
1995-1826-0017_5639-40744-0001__T2__5639-5639-40744-0001__HSIMV3__1089-1089-134686-0011__SIRm5,5639,1995,23,0.0,0.0,0.0,0.0,0.0,50.63238413199886,19.33668061186285
1995-1826-0018_6930-75918-0018__T2__6930-6930-75918-0018__HSIMV3__260-260-123288-0007__SIRm5,6930,1995,20,0.0,0.0,0.0,0.0,0.0,47.35837080303763,18.67872771967981
1995-1826-0020_3729-6852-0019__T2__3729-3729-6852-0019__HSIMV3__4507-4507-16021-0058__SIRm5,3729,1995,5,0.0,0.0,0.0,0.0,0.0,44.45115086640409,18.74925452659226
1995-1826-0020_61-70970-0027__T2__61-61-70970-0027__HSIMV3__8230-8230-279154-0039__SIRm5,61,1995,8,0.0,0.0,0.0,0.0,0.0,47.64905455753748,19.42521031393378
1995-1826-0021_7176-92135-0008__T2__7176-7176-92135-0008__HSIMV3__61-61-70968-0025__SIRm5,7176,1995,7,0.0,0.0,0.0,0.0,0.0,49.052623566033006,19.663738490460453
1995-1826-0022_5683-32879-0014__T2__5683-5683-32879-0014__HSIMV3__237-237-134500-0041__SIRm5,5683,1995,15,0.06666666666666667,0.0,0.0,0.0,0.0,51.76963574552003,20.08383734438724
1995-1826-0024_5683-32879-0013__T2__5683-5683-32879-0013__HSIMV3__237-237-134493-0002__SIRm5,5683,1995,21,0.0,0.0,0.0,0.0,0.0,56.003545104037705,22.260251830833543
1995-1826-0024_6829-68769-0033__T2__6829-6829-68769-0033__HSIMV3__4970-4970-29095-0017__SIRm5,6829,1995,6,0.0,0.0,0.0,0.0,0.0,51.027123237151905,19.920700109521054
1995-1826-0025_2830-3980-0047__T2__2830-2830-3980-0047__HSIMV3__1188-1188-133604-0036__SIRm5,2830,1995,14,0.0,0.0,0.0,0.0,0.0,43.10586634275139,17.555147248973807
1995-1826-0025_7021-85628-0007__T2__7021-7021-85628-0007__HSIMV3__5105-5105-28240-0001__SIRm5,7021,1995,31,0.06451612903225806,0.0,0.0,0.0,0.0,52.68745425671432,20.933883298548608
1995-1826-0025_8463-294825-0008__T2__8463-8463-294825-0008__HSIMV3__4992-4992-23283-0007__SIRm5,8463,1995,6,0.0,0.0,0.0,0.0,0.0,47.72838664069929,18.443918996225715
1995-1826-0026_6829-68771-0029__T2__6829-6829-68771-0029__HSIMV3__4970-4970-29093-0012__SIRm5,6829,1995,16,0.0,0.0,0.0,0.0,0.0,52.4836259591581,19.58151023479342
1995-1836-0000_1320-122617-0015__T2__1320-1320-122617-0015__HSIMV3__5105-5105-28233-0006__SIRm5,1320,1995,9,0.0,0.0,0.0,0.0,0.0,49.72290137330184,20.460870843669625
1995-1836-0001_8455-210777-0049__T2__8455-8455-210777-0049__HSIMV3__1320-1320-122617-0030__SIRm5,8455,1995,6,0.0,0.0,0.0,0.0,0.0,49.06322425354205,21.47166387565874
1995-1836-0003_4992-41806-0011__T2__4992-4992-41806-0011__HSIMV3__4446-4446-2271-0009__SIRm5,4992,1995,14,0.0,0.0,0.0,0.0,0.0,51.055362492265765,20.30999392429065
1995-1836-0003_8230-279154-0000__T2__8230-8230-279154-0000__HSIMV3__61-61-70970-0015__SIRm5,8230,1995,15,0.0,0.0,0.0,0.0,0.0,42.71826816411008,16.343989696187244
1995-1836-0005_2300-131720-0012__T2__2300-2300-131720-0012__HSIMV3__61-61-70970-0004__SIRm5,2300,1995,20,0.0,0.0,0.0,0.0,0.0,46.803057196402634,18.613934198961783
1995-1836-0005_6930-81414-0019__T2__6930-6930-81414-0019__HSIMV3__260-260-123288-0018__SIRm5,6930,1995,5,0.0,0.0,0.0,0.0,0.0,47.82442459063575,19.454293154367647
1995-1836-0006_2094-142345-0036__T2__2094-2094-142345-0036__HSIMV3__3729-3729-6852-0044__SIRm5,2094,1995,12,0.0,0.0,0.0,0.0,0.0,50.004183067946485,19.55810179768854
1995-1836-0007_2830-3980-0070__T2__2830-2830-3980-0070__HSIMV3__1188-1188-133604-0029__SIRm5,2830,1995,6,0.16666666666666666,0.0,0.0,0.0,0.0,51.35993008075431,20.486500400335785
1995-1836-0007_5683-32865-0010__T2__5683-5683-32865-0010__HSIMV3__237-237-126133-0014__SIRm5,5683,1995,11,1.0,1.0,1.0,1.0,1.0,-56.454486951198604,-36.47796239608333
1995-1836-0008_5683-32866-0006__T2__5683-5683-32866-0006__HSIMV3__1221-1221-135767-0019__SIRm5,5683,1995,6,0.0,0.0,0.0,0.0,0.0,39.635119287728145,18.22326914456402
1995-1836-0009_4507-16021-0034__T2__4507-4507-16021-0034__HSIMV3__3729-3729-6852-0000__SIRm5,4507,1995,21,0.0,0.0,0.0,0.0,0.0,52.26119114980303,18.76591852660763
1995-1836-0009_672-122797-0047__T2__672-672-122797-0047__HSIMV3__260-260-123288-0009__SIRm5,672,1995,5,0.0,0.0,0.0,0.0,0.0,42.81053042727602,19.83016982422608
1995-1836-0009_7729-102255-0020__T2__7729-7729-102255-0020__HSIMV3__7176-7176-88083-0018__SIRm5,7729,1995,19,0.0,0.0,0.0,0.0,0.0,47.10289182822341,17.185643111382014
1995-1836-0011_8463-294825-0015__T2__8463-8463-294825-0015__HSIMV3__4992-4992-41797-0016__SIRm5,8463,1995,5,0.0,0.0,0.0,0.0,0.0,50.45620164306515,19.87801382478503
1995-1836-0012_4446-2275-0034__T2__4446-4446-2275-0034__HSIMV3__1284-1284-1181-0018__SIRm5,4446,1995,5,0.0,0.0,0.0,0.0,0.0,46.79719987658775,18.54502431636877
1995-1836-0012_7021-79730-0006__T2__7021-7021-79730-0006__HSIMV3__5105-5105-28233-0005__SIRm5,7021,1995,21,0.047619047619047616,0.0,0.0,0.0,0.0,52.802228134328125,20.360114908482444
1995-1836-0013_2961-961-0014__T2__2961-2961-961-0014__HSIMV3__3570-3570-5694-0008__SIRm5,2961,1995,17,0.0,0.0,0.0,0.0,0.0,51.139387130817084,21.0533650004147
1995-1836-0014_3570-5695-0002__T2__3570-3570-5695-0002__HSIMV3__4507-4507-16021-0053__SIRm5,3570,1995,14,0.0,0.07142857142857142,0.0,0.0,0.0,52.43155470404293,21.37194486468796
1995-1836-0014_8455-210777-0025__T2__8455-8455-210777-0025__HSIMV3__1320-1320-122617-0022__SIRm5,8455,1995,6,0.0,0.0,0.0,0.0,0.0,48.189086224792504,19.71254928885956
1995-1837-0000_237-134493-0014__T2__237-237-134493-0014__HSIMV3__1580-1580-141083-0039__SIRm5,237,1995,6,0.0,0.0,0.0,0.0,0.0,46.204732313962644,22.00849729504577
1995-1837-0000_8224-274384-0013__T2__8224-8224-274384-0013__HSIMV3__8455-8455-210777-0059__SIRm5,8224,1995,9,0.0,0.0,0.0,0.0,0.0,50.04951386821145,18.19634067857736
1995-1837-0001_672-122797-0001__T2__672-672-122797-0001__HSIMV3__260-260-123288-0024__SIRm5,672,1995,27,0.07407407407407407,0.07407407407407407,0.07407407407407407,0.0,0.0,46.062469366380874,18.08457607531145
1995-1837-0001_6930-76324-0014__T2__6930-6930-76324-0014__HSIMV3__260-260-123286-0005__SIRm5,6930,1995,8,0.0,0.125,0.0,0.0,0.0,38.31780227948656,16.50723045406218
1995-1837-0004_3575-170457-0034__T2__3575-3575-170457-0034__HSIMV3__237-237-134493-0012__SIRm5,3575,1995,5,0.0,0.0,0.0,0.0,0.0,45.69609569492923,11.504809373846015
1995-1837-0004_5639-40744-0007__T2__5639-5639-40744-0007__HSIMV3__1089-1089-134691-0006__SIRm5,5639,1995,10,0.0,0.0,0.0,0.0,0.0,49.76014885615117,20.45188204500413
1995-1837-0007_61-70970-0010__T2__61-61-70970-0010__HSIMV3__8230-8230-279154-0036__SIRm5,61,1995,5,0.0,0.0,0.0,0.0,0.0,47.52165210734357,18.27543997538358
1995-1837-0009_5683-32879-0016__T2__5683-5683-32879-0016__HSIMV3__1221-1221-135766-0008__SIRm5,5683,1995,19,0.10526315789473684,0.0,0.0,0.0,0.0,49.42462136186754,19.31551293747394
1995-1837-0009_6829-68769-0017__T2__6829-6829-68769-0017__HSIMV3__4970-4970-29095-0029__SIRm5,6829,1995,6,0.0,0.0,0.0,0.0,0.0,48.91174373979076,20.77422409742916
1995-1837-0009_7176-88083-0006__T2__7176-7176-88083-0006__HSIMV3__61-61-70968-0034__SIRm5,7176,1995,7,0.0,0.0,0.0,0.0,0.0,53.38696524141317,19.688761506961605
1995-1837-0010_5639-40744-0033__T2__5639-5639-40744-0033__HSIMV3__1089-1089-134686-0017__SIRm5,5639,1995,16,0.0,0.0,0.0,0.0,0.0,49.469548085673395,20.43566948193275
1995-1837-0011_1580-141084-0009__T2__1580-1580-141084-0009__HSIMV3__237-237-134500-0028__SIRm5,1580,1995,8,0.0,0.0,0.0,0.0,0.0,48.85365532561134,20.45250480716696
1995-1837-0011_4446-2275-0013__T2__4446-4446-2275-0013__HSIMV3__1284-1284-1180-0014__SIRm5,4446,1995,6,0.0,0.0,0.0,0.0,0.0,39.62796915968002,17.56510621666818
1995-1837-0012_8463-287645-0009__T2__8463-8463-287645-0009__HSIMV3__4992-4992-23283-0015__SIRm5,8463,1995,6,0.0,0.0,0.0,0.0,0.0,39.50737552825262,18.584177068697755
1995-1837-0013_260-123288-0016__T2__260-260-123288-0016__HSIMV3__672-672-122797-0034__SIRm5,260,1995,8,0.0,0.125,0.0,0.0,0.0,48.08150211171896,19.89801144544226
1995-1837-0013_3570-5694-0008__T2__3570-3570-5694-0008__HSIMV3__4507-4507-16021-0017__SIRm5,3570,1995,17,0.0,0.0,0.0,0.0,0.0,59.324078827777306,22.563571562599137
1995-1837-0013_7176-92135-0009__T2__7176-7176-92135-0009__HSIMV3__61-61-70968-0025__SIRm5,7176,1995,7,0.7142857142857143,0.2857142857142857,0.2857142857142857,0.2857142857142857,0.2857142857142857,-1.5821007585537623,-0.9386274387516692
1995-1837-0015_1580-141083-0012__T2__1580-1580-141083-0012__HSIMV3__237-237-126133-0013__SIRm5,1580,1995,12,0.0,0.0,0.0,0.0,0.0,52.68445929497896,20.079270502748543
1995-1837-0015_4077-13751-0001__T2__4077-4077-13751-0001__HSIMV3__8455-8455-210777-0000__SIRm5,4077,1995,16,0.0,0.0,0.0,0.0,0.0,44.52791520689555,18.576870941170487
1995-1837-0016_1320-122617-0006__T2__1320-1320-122617-0006__HSIMV3__5105-5105-28240-0000__SIRm5,1320,1995,9,0.0,0.0,0.0,0.0,0.0,48.97595886953086,21.581060101199288
1995-1837-0016_3575-170457-0038__T2__3575-3575-170457-0038__HSIMV3__237-237-134493-0002__SIRm5,3575,1995,21,0.0,0.14285714285714285,0.0,0.0,0.0,60.958232028422636,23.20462265819292
1995-1837-0016_8230-279154-0006__T2__8230-8230-279154-0006__HSIMV3__61-61-70968-0014__SIRm5,8230,1995,13,0.07692307692307693,0.07692307692307693,0.07692307692307693,0.0,0.0,39.67883971546356,16.616645622308283
1995-1837-0017_7176-88083-0011__T2__7176-7176-88083-0011__HSIMV3__61-61-70970-0004__SIRm5,7176,1995,19,0.05263157894736842,0.0,0.0,0.0,0.0,41.79171201713936,15.482693575225165
1995-1837-0019_1089-134686-0009__T2__1089-1089-134686-0009__HSIMV3__8230-8230-279154-0016__SIRm5,1089,1995,20,0.0,0.0,0.0,0.0,0.0,47.439957424365566,19.22946622196109
1995-1837-0019_672-122797-0023__T2__672-672-122797-0023__HSIMV3__260-260-123288-0010__SIRm5,672,1995,18,0.0,0.0,0.0,0.0,0.0,31.742863601704855,16.357548932338087
1995-1837-0020_5142-33396-0032__T2__5142-5142-33396-0032__HSIMV3__4970-4970-29095-0004__SIRm5,5142,1995,18,0.0,0.0,0.0,0.0,0.0,45.928890967787005,19.76614379898957
1995-1837-0021_4970-29095-0026__T2__4970-4970-29095-0026__HSIMV3__6829-6829-68769-0000__SIRm5,4970,1995,20,0.05,0.0,0.0,0.0,0.0,56.96318011034219,20.40933549234081
1995-1837-0022_4992-41797-0008__T2__4992-4992-41797-0008__HSIMV3__4446-4446-2275-0007__SIRm5,4992,1995,16,0.0,0.0,0.0,0.0,0.0,53.9500352484379,20.53920411594594
1995-1837-0024_908-157963-0005__T2__908-908-157963-0005__HSIMV3__7176-7176-88083-0010__SIRm5,908,1995,12,0.08333333333333333,0.0,0.0,0.0,0.0,30.571314033192085,17.764108448008166
1995-1837-0025_5142-36377-0017__T2__5142-5142-36377-0017__HSIMV3__4970-4970-29095-0035__SIRm5,5142,1995,8,0.0,0.0,0.0,0.0,0.0,42.75719096480998,17.381935898358666
1995-1837-0027_1089-134686-0017__T2__1089-1089-134686-0017__HSIMV3__8230-8230-279154-0000__SIRm5,1089,1995,16,0.0,0.0,0.0,0.0,0.0,51.3032595121632,19.12272395859497
1995-1837-0027_4970-29095-0022__T2__4970-4970-29095-0022__HSIMV3__6829-6829-68769-0011__SIRm5,4970,1995,8,0.0,0.0,0.0,0.0,0.0,41.323861046371206,17.780909051235597
1995-1837-0027_7176-88083-0008__T2__7176-7176-88083-0008__HSIMV3__61-61-70970-0030__SIRm5,7176,1995,5,0.2,0.0,0.0,0.0,0.0,26.629015734499102,12.934478798892604
1995-1837-0029_5683-32865-0013__T2__5683-5683-32865-0013__HSIMV3__237-237-134500-0037__SIRm5,5683,1995,12,1.0,1.0,1.0,1.0,1.0,-56.140329085132144,-30.15167521748845
2094-142345-0001_1089-134691-0008__T2__1089-1089-134691-0008__HSIMV3__8230-8230-279154-0034__SIRm5,1089,2094,28,0.03571428571428571,0.0,0.0,0.0,0.0,50.569076325429656,20.401454917936785
2094-142345-0003_6930-81414-0004__T2__6930-6930-81414-0004__HSIMV3__260-260-123288-0011__SIRm5,6930,2094,16,0.0,0.0,0.0,0.0,0.0,46.339551182257466,18.72697570824965
2094-142345-0009_8455-210777-0035__T2__8455-8455-210777-0035__HSIMV3__1320-1320-122612-0006__SIRm5,8455,2094,8,0.125,0.0,0.0,0.0,0.0,56.126350576234245,21.819450959741964
2094-142345-0011_1580-141083-0001__T2__1580-1580-141083-0001__HSIMV3__237-237-126133-0024__SIRm5,1580,2094,18,0.0,0.0,0.0,0.0,0.0,51.885768866740335,20.95895706852641
2094-142345-0012_4446-2275-0026__T2__4446-4446-2275-0026__HSIMV3__1284-1284-1180-0029__SIRm5,4446,2094,9,0.0,0.0,0.0,0.0,0.0,42.22956566983269,16.899270855311155
2094-142345-0018_1284-1181-0000__T2__1284-1284-1181-0000__HSIMV3__1580-1580-141083-0032__SIRm5,1284,2094,6,0.0,0.0,0.0,0.0,0.0,54.18538864372319,22.711242627874427
2094-142345-0018_1320-122617-0018__T2__1320-1320-122617-0018__HSIMV3__5105-5105-28233-0008__SIRm5,1320,2094,18,0.0,0.0,0.0,0.0,0.0,50.07798084324866,21.16997677110207
2094-142345-0018_8555-292519-0008__T2__8555-8555-292519-0008__HSIMV3__4970-4970-29095-0009__SIRm5,8555,2094,10,0.0,0.0,0.0,0.0,0.0,45.81453279541744,20.06882752430609
2094-142345-0021_1995-1826-0019__T2__1995-1995-1826-0019__HSIMV3__2094-2094-142345-0051__SIRm5,1995,2094,9,0.1111111111111111,0.0,0.0,0.0,0.0,56.53480092964962,22.93799118911188
2094-142345-0023_4507-16021-0002__T2__4507-4507-16021-0002__HSIMV3__3729-3729-6852-0027__SIRm5,4507,2094,5,0.0,0.0,0.0,0.0,0.0,52.978607155019176,21.639426161895173
2094-142345-0023_908-157963-0024__T2__908-908-157963-0024__HSIMV3__7176-7176-92135-0032__SIRm5,908,2094,5,0.0,0.0,0.0,0.0,0.0,42.16230247581454,18.401266473555744
2094-142345-0024_6829-68771-0036__T2__6829-6829-68771-0036__HSIMV3__4970-4970-29095-0036__SIRm5,6829,2094,9,0.0,0.0,0.0,0.0,0.0,54.89341998251717,21.069167941233225
2094-142345-0027_260-123288-0007__T2__260-260-123288-0007__HSIMV3__672-672-122797-0025__SIRm5,260,2094,20,0.0,0.0,0.0,0.0,0.0,51.571324611772376,19.59445977308374
2094-142345-0027_4446-2273-0028__T2__4446-4446-2273-0028__HSIMV3__1284-1284-1180-0029__SIRm5,4446,2094,9,0.0,0.0,0.0,0.0,0.0,50.283705263138515,20.240096271911952
2094-142345-0027_7021-79759-0000__T2__7021-7021-79759-0000__HSIMV3__5105-5105-28233-0000__SIRm5,7021,2094,8,0.0,0.0,0.0,0.0,0.0,48.17647561513583,20.905615999334778
2094-142345-0028_6829-68769-0024__T2__6829-6829-68769-0024__HSIMV3__4446-4446-2275-0019__SIRm5,6829,2094,8,0.0,0.0,0.0,0.0,0.0,44.474876022121485,19.1921428084038
2094-142345-0028_8455-210777-0038__T2__8455-8455-210777-0038__HSIMV3__1320-1320-122612-0003__SIRm5,8455,2094,18,0.05555555555555555,0.0,0.0,0.0,0.0,43.3244211050544,19.659166481423814
2094-142345-0029_1995-1837-0012__T2__1995-1995-1837-0012__HSIMV3__2094-2094-142345-0034__SIRm5,1995,2094,14,0.0,0.0,0.0,0.0,0.0,56.72109021119552,23.20307637758101
2094-142345-0029_7127-75946-0014__T2__7127-7127-75946-0014__HSIMV3__8455-8455-210777-0055__SIRm5,7127,2094,18,0.0,0.05555555555555555,0.0,0.0,0.0,44.50809841020974,17.874969467121183
2094-142345-0030_5142-36377-0009__T2__5142-5142-36377-0009__HSIMV3__4970-4970-29095-0036__SIRm5,5142,2094,9,0.0,0.0,0.0,0.0,0.0,43.40282556828169,19.757321078841343
2094-142345-0032_1284-1180-0025__T2__1284-1284-1180-0025__HSIMV3__4446-4446-2271-0009__SIRm5,1284,2094,14,0.0,0.0,0.0,0.0,0.0,51.57310072627316,18.694279059244728
2094-142345-0032_1995-1836-0001__T2__1995-1995-1836-0001__HSIMV3__2094-2094-142345-0049__SIRm5,1995,2094,11,0.0,0.0,0.0,0.0,0.0,48.995873177779146,20.38543847246513
2094-142345-0032_5639-40744-0012__T2__5639-5639-40744-0012__HSIMV3__1089-1089-134686-0017__SIRm5,5639,2094,16,0.0,0.0,0.0,0.0,0.0,45.30042717141138,20.07459870329016
2094-142345-0032_672-122797-0046__T2__672-672-122797-0046__HSIMV3__260-260-123288-0006__SIRm5,672,2094,8,1.0,0.875,0.875,1.0,0.875,-36.67068778032692,-16.496483054794307
2094-142345-0033_4446-2275-0007__T2__4446-4446-2275-0007__HSIMV3__1284-1284-1180-0025__SIRm5,4446,2094,16,0.0,0.0625,0.0,0.0,0.0,48.44889967422226,18.77874692544588
2094-142345-0034_4507-16021-0051__T2__4507-4507-16021-0051__HSIMV3__3729-3729-6852-0014__SIRm5,4507,2094,10,0.0,0.0,0.0,0.0,0.0,57.76186699757376,21.412761412373563
2094-142345-0034_672-122797-0015__T2__672-672-122797-0015__HSIMV3__260-260-123286-0029__SIRm5,672,2094,7,1.0,1.0,1.0,1.0,1.0,-47.475603783393794,-25.866465382369007
2094-142345-0035_4507-16021-0022__T2__4507-4507-16021-0022__HSIMV3__3729-3729-6852-0037__SIRm5,4507,2094,10,0.0,0.0,0.0,0.0,0.0,48.12541679093328,18.71154737139893
2094-142345-0035_4970-29095-0006__T2__4970-4970-29095-0006__HSIMV3__8555-8555-284447-0024__SIRm5,4970,2094,7,0.0,0.0,0.0,0.0,0.0,57.05132539096321,24.121267120763942
2094-142345-0035_6930-81414-0007__T2__6930-6930-81414-0007__HSIMV3__260-260-123288-0004__SIRm5,6930,2094,7,0.0,0.0,0.0,0.0,0.0,53.08296071656431,20.48274759678944
2094-142345-0037_5105-28240-0016__T2__5105-5105-28240-0016__HSIMV3__1320-1320-122617-0008__SIRm5,5105,2094,7,0.0,0.0,0.0,0.0,0.0,50.4206658881004,20.191148719599106
2094-142345-0039_3729-6852-0025__T2__3729-3729-6852-0025__HSIMV3__4507-4507-16021-0058__SIRm5,3729,2094,5,0.0,0.2,0.0,0.0,0.0,64.03974626415894,19.19845464295263
2094-142345-0039_5683-32865-0009__T2__5683-5683-32865-0009__HSIMV3__1221-1221-135766-0009__SIRm5,5683,2094,18,0.0,0.0,0.0,0.0,0.0,45.514540032454654,19.6418691506374
2094-142345-0039_6930-75918-0001__T2__6930-6930-75918-0001__HSIMV3__260-260-123288-0024__SIRm5,6930,2094,27,0.0,0.0,0.0,0.0,0.0,44.367906178730664,17.57902967080934
2094-142345-0043_1580-141084-0040__T2__1580-1580-141084-0040__HSIMV3__237-237-126133-0017__SIRm5,1580,2094,10,0.0,0.0,0.0,0.0,0.0,44.47128792155424,19.175520212324425
2094-142345-0045_2830-3980-0001__T2__2830-2830-3980-0001__HSIMV3__1188-1188-133604-0017__SIRm5,2830,2094,6,0.0,0.0,0.0,0.0,0.0,40.47820317395888,16.624355774111002
2094-142345-0048_121-127105-0029__T2__121-121-127105-0029__HSIMV3__237-237-126133-0013__SIRm5,121,2094,12,0.0,0.16666666666666666,0.0,0.0,0.0,51.988367493694504,22.05427007764836
2094-142345-0050_1580-141083-0042__T2__1580-1580-141083-0042__HSIMV3__237-237-126133-0017__SIRm5,1580,2094,10,0.0,0.0,0.0,0.0,0.0,58.216405629665985,21.8557031695696
2094-142345-0050_5142-33396-0049__T2__5142-5142-33396-0049__HSIMV3__4970-4970-29093-0015__SIRm5,5142,2094,5,0.0,0.0,0.0,0.0,0.0,34.917655379068016,17.161443738257695
2094-142345-0050_8463-287645-0006__T2__8463-8463-287645-0006__HSIMV3__4992-4992-41806-0011__SIRm5,8463,2094,14,0.0,0.0,0.0,0.0,0.0,50.026875876531314,20.444465636072856
2094-142345-0051_260-123440-0017__T2__260-260-123440-0017__HSIMV3__6930-6930-81414-0021__SIRm5,260,2094,5,0.0,0.0,0.0,0.0,0.0,50.39595360617305,20.23856647805952
2094-142345-0052_1089-134691-0001__T2__1089-1089-134691-0001__HSIMV3__8230-8230-279154-0022__SIRm5,1089,2094,9,0.0,0.0,0.0,0.0,0.0,47.01820592286971,18.461632537365457
2094-142345-0053_1284-1180-0003__T2__1284-1284-1180-0003__HSIMV3__4446-4446-2275-0019__SIRm5,1284,2094,8,0.0,0.0,0.0,0.0,0.0,50.206261288395226,20.82982530890672
2094-142345-0053_3575-170457-0041__T2__3575-3575-170457-0041__HSIMV3__237-237-134500-0018__SIRm5,3575,2094,24,0.0,0.041666666666666664,0.0,0.0,0.0,55.054991124760555,21.65127458664044
2094-142345-0053_4992-23283-0008__T2__4992-4992-23283-0008__HSIMV3__4446-4446-2275-0021__SIRm5,4992,2094,8,0.0,0.0,0.0,0.0,0.0,51.38556502286694,19.54801830773105
2094-142345-0054_1995-1836-0005__T2__1995-1995-1836-0005__HSIMV3__2094-2094-142345-0037__SIRm5,1995,2094,19,0.0,0.0,0.0,0.0,0.0,52.08296902337412,21.693788088287327
2094-142345-0054_61-70970-0034__T2__61-61-70970-0034__HSIMV3__7176-7176-92135-0009__SIRm5,61,2094,7,0.14285714285714285,0.0,0.0,0.0,0.0,45.533674448803204,13.46486984910647
2094-142345-0056_1320-122612-0015__T2__1320-1320-122612-0015__HSIMV3__5105-5105-28241-0016__SIRm5,1320,2094,11,0.0,0.0,0.0,0.0,0.0,45.8313130590104,20.36128329194478
2094-142345-0057_3570-5694-0004__T2__3570-3570-5694-0004__HSIMV3__4507-4507-16021-0037__SIRm5,3570,2094,9,0.0,0.0,0.0,0.0,0.0,59.815961916541305,23.84375936771113
2094-142345-0058_6930-76324-0008__T2__6930-6930-76324-0008__HSIMV3__260-260-123288-0017__SIRm5,6930,2094,9,0.0,0.0,0.0,0.0,0.0,49.253442095072536,19.65418664890585
2094-142345-0058_8455-210777-0004__T2__8455-8455-210777-0004__HSIMV3__1320-1320-122617-0040__SIRm5,8455,2094,14,0.0,0.0,0.0,0.0,0.0,47.31353638264891,18.85706136455704
2094-142345-0059_237-126133-0024__T2__237-237-126133-0024__HSIMV3__5683-5683-32865-0009__SIRm5,237,2094,18,0.0,0.0,0.0,0.0,0.0,53.79081647747658,21.73520310545164
2094-142345-0059_8555-292519-0006__T2__8555-8555-292519-0006__HSIMV3__4970-4970-29095-0003__SIRm5,8555,2094,19,0.0,0.0,0.0,0.0,0.0,53.337234618800906,21.08282854791519
2300-131720-0000_1284-1181-0020__T2__1284-1284-1181-0020__HSIMV3__4446-4446-2271-0001__SIRm5,1284,2300,11,0.0,0.0,0.0,0.0,0.0,49.588658509493165,18.133142586787017
2300-131720-0000_3570-5694-0000__T2__3570-3570-5694-0000__HSIMV3__4507-4507-16021-0023__SIRm5,3570,2300,23,0.0,0.0,0.0,0.0,0.0,58.84815372305254,22.9885784440514
2300-131720-0000_8463-294828-0017__T2__8463-8463-294828-0017__HSIMV3__4992-4992-41806-0003__SIRm5,8463,2300,17,0.0,0.0,0.0,0.0,0.0,51.82831880046003,20.95242135857596
2300-131720-0001_5683-32879-0012__T2__5683-5683-32879-0012__HSIMV3__237-237-134500-0028__SIRm5,5683,2300,7,0.0,0.0,0.0,0.0,0.0,50.66448560395615,21.69381433409628
2300-131720-0002_8455-210777-0036__T2__8455-8455-210777-0036__HSIMV3__1320-1320-122612-0000__SIRm5,8455,2300,24,0.0,0.0,0.0,0.0,0.0,50.66799134240148,19.768532557127443
2300-131720-0003_672-122797-0055__T2__672-672-122797-0055__HSIMV3__260-260-123288-0003__SIRm5,672,2300,14,0.0,0.0,0.0,0.0,0.0,41.05927774083443,17.426401497338382
2300-131720-0005_4446-2271-0014__T2__4446-4446-2271-0014__HSIMV3__1284-1284-1180-0029__SIRm5,4446,2300,9,1.0,1.0,1.0,1.0,1.0,-47.12480977282165,-22.137320093812555
2300-131720-0006_1284-1181-0000__T2__1284-1284-1181-0000__HSIMV3__4446-4446-2271-0011__SIRm5,1284,2300,6,0.0,0.0,0.0,0.0,0.0,47.43419993579326,19.47756247486952
2300-131720-0006_6930-81414-0015__T2__6930-6930-81414-0015__HSIMV3__260-260-123288-0022__SIRm5,6930,2300,6,0.0,0.0,0.0,0.0,0.0,50.32864235222849,19.72045508182008
2300-131720-0006_8455-210777-0043__T2__8455-8455-210777-0043__HSIMV3__1320-1320-122612-0014__SIRm5,8455,2300,5,0.0,0.0,0.0,0.0,0.0,40.91442532148817,18.719858914188947
2300-131720-0007_8224-274384-0007__T2__8224-8224-274384-0007__HSIMV3__8455-8455-210777-0040__SIRm5,8224,2300,11,0.0,0.0,0.0,0.0,0.0,48.260363966687414,20.260307707461024
2300-131720-0008_5683-32866-0021__T2__5683-5683-32866-0021__HSIMV3__237-237-134500-0041__SIRm5,5683,2300,14,0.0,0.0,0.0,0.0,0.0,54.97954231205495,19.526706354633536
2300-131720-0009_61-70968-0033__T2__61-61-70968-0033__HSIMV3__8230-8230-279154-0021__SIRm5,61,2300,10,0.0,0.0,0.0,0.0,0.0,37.7235277249923,16.97337923641206
2300-131720-0009_908-157963-0010__T2__908-908-157963-0010__HSIMV3__7176-7176-88083-0010__SIRm5,908,2300,11,0.5454545454545454,0.6363636363636364,0.45454545454545453,0.09090909090909091,0.09090909090909091,5.107470285906561,6.979791873612594
2300-131720-0010_1089-134686-0001__T2__1089-1089-134686-0001__HSIMV3__8230-8230-279154-0003__SIRm5,1089,2300,5,0.0,0.0,0.0,0.0,0.0,45.487167904444505,19.03417405120054
2300-131720-0010_8230-279154-0013__T2__8230-8230-279154-0013__HSIMV3__61-61-70970-0004__SIRm5,8230,2300,20,0.0,0.0,0.0,0.0,0.0,44.045855040214086,17.711834809902378
2300-131720-0014_2094-142345-0035__T2__2094-2094-142345-0035__HSIMV3__3729-3729-6852-0043__SIRm5,2094,2300,6,0.0,0.0,0.0,0.0,0.0,50.88724784212486,19.497324771400965
2300-131720-0015_2830-3980-0023__T2__2830-2830-3980-0023__HSIMV3__1188-1188-133604-0039__SIRm5,2830,2300,11,0.0,0.0,0.0,0.0,0.0,45.56372217030894,17.949497181568375
2300-131720-0015_3575-170457-0006__T2__3575-3575-170457-0006__HSIMV3__237-237-134500-0041__SIRm5,3575,2300,15,0.0,0.0,0.0,0.0,0.0,52.467552534865476,18.5382026600779
2300-131720-0015_5105-28241-0000__T2__5105-5105-28241-0000__HSIMV3__1320-1320-122612-0013__SIRm5,5105,2300,11,0.0,0.0,0.0,0.0,0.0,52.6977907291263,20.57947886970003
2300-131720-0018_1188-133604-0018__T2__1188-1188-133604-0018__HSIMV3__2830-2830-3980-0048__SIRm5,1188,2300,19,0.0,0.0,0.0,0.0,0.0,43.26174795683811,19.224255441044285
2300-131720-0020_61-70968-0061__T2__61-61-70968-0061__HSIMV3__8230-8230-279154-0022__SIRm5,61,2300,10,1.0,1.0,1.0,1.0,1.0,-34.48208265528389,-13.590569912527725
2300-131720-0021_121-121726-0004__T2__121-121-121726-0004__HSIMV3__237-237-126133-0016__SIRm5,121,2300,7,0.0,0.2857142857142857,0.0,0.0,0.0,51.981569925940335,18.998071950932484
2300-131720-0021_260-123286-0003__T2__260-260-123286-0003__HSIMV3__6930-6930-81414-0014__SIRm5,260,2300,13,0.0,0.0,0.0,0.0,0.0,48.69099875082019,18.94564387863685
2300-131720-0021_7176-88083-0009__T2__7176-7176-88083-0009__HSIMV3__61-61-70970-0029__SIRm5,7176,2300,7,1.0,0.8571428571428571,0.8571428571428571,1.0,0.8571428571428571,-13.697567852047825,-1.891617943905107
2300-131720-0022_8555-284447-0019__T2__8555-8555-284447-0019__HSIMV3__4970-4970-29095-0003__SIRm5,8555,2300,19,0.0,0.0,0.0,0.0,0.0,39.68107634839305,20.682009234182143
2300-131720-0023_5142-33396-0042__T2__5142-5142-33396-0042__HSIMV3__4970-4970-29095-0024__SIRm5,5142,2300,11,0.0,0.0,0.0,0.0,0.0,46.35368632727514,19.71251542322682
2300-131720-0024_7021-85628-0008__T2__7021-7021-85628-0008__HSIMV3__5105-5105-28240-0005__SIRm5,7021,2300,13,0.0,0.0,0.0,0.0,0.0,51.27692865635265,20.585758934091672
2300-131720-0024_7176-92135-0003__T2__7176-7176-92135-0003__HSIMV3__61-61-70970-0029__SIRm5,7176,2300,6,1.0,1.0,1.0,1.0,1.0,-31.54591376740179,-13.045087673821245
2300-131720-0024_8555-284447-0010__T2__8555-8555-284447-0010__HSIMV3__4970-4970-29095-0020__SIRm5,8555,2300,23,0.9565217391304348,0.8695652173913043,0.8695652173913043,1.0,0.8695652173913043,-61.23850164585628,-29.097567897814585
2300-131720-0026_4446-2273-0008__T2__4446-4446-2273-0008__HSIMV3__1284-1284-1181-0014__SIRm5,4446,2300,14,0.0,0.0,0.0,0.0,0.0,35.73950795547536,17.33048889034476
2300-131720-0029_1580-141083-0010__T2__1580-1580-141083-0010__HSIMV3__237-237-134500-0021__SIRm5,1580,2300,9,0.0,0.0,0.0,0.0,0.0,52.659992186801105,21.264693476209057
2300-131720-0029_2830-3980-0067__T2__2830-2830-3980-0067__HSIMV3__1188-1188-133604-0025__SIRm5,2830,2300,13,0.0,0.0,0.0,0.0,0.0,53.364686071417935,20.321053013619167
2300-131720-0030_1089-134686-0025__T2__1089-1089-134686-0025__HSIMV3__8230-8230-279154-0021__SIRm5,1089,2300,12,0.0,0.0,0.0,0.0,0.0,41.82361065761372,18.70092338220616
2300-131720-0031_7176-88083-0020__T2__7176-7176-88083-0020__HSIMV3__61-61-70968-0015__SIRm5,7176,2300,9,0.0,0.0,0.0,0.0,0.0,37.768711709932425,15.012964059739414
2300-131720-0034_260-123286-0023__T2__260-260-123286-0023__HSIMV3__672-672-122797-0070__SIRm5,260,2300,10,0.0,0.0,0.0,0.0,0.0,54.72026673087531,19.99284562963696
2300-131720-0036_2094-142345-0039__T2__2094-2094-142345-0039__HSIMV3__3729-3729-6852-0014__SIRm5,2094,2300,10,0.0,0.0,0.0,0.0,0.0,52.49955909345515,20.097796028893683
2300-131720-0036_4507-16021-0009__T2__4507-4507-16021-0009__HSIMV3__3729-3729-6852-0000__SIRm5,4507,2300,21,0.0,0.0,0.0,0.0,0.0,53.142292942703186,20.54823862776984
2300-131720-0036_7176-92135-0006__T2__7176-7176-92135-0006__HSIMV3__61-61-70970-0025__SIRm5,7176,2300,13,0.0,0.0,0.0,0.0,0.0,38.16307653556487,16.38490239211535
2300-131720-0037_4077-13751-0002__T2__4077-4077-13751-0002__HSIMV3__8455-8455-210777-0038__SIRm5,4077,2300,18,0.0,0.0,0.0,0.0,0.0,55.65382018526421,17.510491969100798
2300-131720-0037_4970-29095-0001__T2__4970-4970-29095-0001__HSIMV3__6829-6829-68771-0009__SIRm5,4970,2300,25,0.0,0.0,0.0,0.0,0.0,53.08587291301446,20.73460176084892
2300-131720-0037_7021-79740-0013__T2__7021-7021-79740-0013__HSIMV3__5105-5105-28240-0005__SIRm5,7021,2300,13,0.07692307692307693,0.0,0.0,0.0,0.0,53.758464941711445,20.163230615725872
2300-131720-0038_6829-68771-0000__T2__6829-6829-68771-0000__HSIMV3__4970-4970-29093-0001__SIRm5,6829,2300,22,0.0,0.0,0.0,0.0,0.0,60.01347187606154,21.886889158273192
2300-131720-0038_8224-274381-0015__T2__8224-8224-274381-0015__HSIMV3__8455-8455-210777-0030__SIRm5,8224,2300,24,0.0,0.0,0.0,0.0,0.0,45.729036159718326,18.77920287888452
2300-131720-0040_1320-122612-0001__T2__1320-1320-122612-0001__HSIMV3__5105-5105-28241-0008__SIRm5,1320,2300,16,0.0625,0.0,0.0,0.0,0.0,55.47157640675628,21.307540765009104
2300-131720-0040_5142-36586-0000__T2__5142-5142-36586-0000__HSIMV3__4970-4970-29093-0008__SIRm5,5142,2300,6,0.0,0.0,0.0,0.0,0.0,43.38956060235082,17.449899141569006
2300-131720-0041_1284-1180-0023__T2__1284-1284-1180-0023__HSIMV3__4446-4446-2271-0008__SIRm5,1284,2300,9,0.0,0.0,0.0,0.0,0.0,37.904520242819245,19.841254970244268
2300-131720-0041_1320-122617-0006__T2__1320-1320-122617-0006__HSIMV3__5105-5105-28240-0000__SIRm5,1320,2300,9,0.0,0.0,0.0,0.0,0.0,48.98082996637592,21.58226060826604
2300-131720-0041_1995-1836-0011__T2__1995-1995-1836-0011__HSIMV3__2094-2094-142345-0058__SIRm5,1995,2300,8,0.0,0.0,0.0,0.0,0.0,52.445948850275286,21.34329413798496
237-126133-0001_7729-102255-0000__T2__7729-7729-102255-0000__HSIMV3__7176-7176-88083-0008__SIRm5,7729,237,5,0.0,0.0,0.0,0.0,0.0,33.20727968645055,16.412215835035724
237-126133-0002_2961-960-0019__T2__2961-2961-960-0019__HSIMV3__3570-3570-5694-0009__SIRm5,2961,237,23,0.0,0.0,0.0,0.0,0.0,52.49347709721989,20.500851875793185
237-126133-0003_2830-3980-0028__T2__2830-2830-3980-0028__HSIMV3__1188-1188-133604-0040__SIRm5,2830,237,5,0.0,0.0,0.0,0.0,0.0,49.071952304771024,19.188945825031663
237-126133-0003_7176-92135-0024__T2__7176-7176-92135-0024__HSIMV3__61-61-70970-0040__SIRm5,7176,237,7,1.0,1.0,1.0,1.0,1.0,-12.159169169474518,-2.273429876564176
237-126133-0003_7176-92135-0044__T2__7176-7176-92135-0044__HSIMV3__61-61-70970-0026__SIRm5,7176,237,9,0.0,0.0,0.0,0.0,0.0,40.967645458007404,17.764990379422795
237-126133-0004_672-122797-0000__T2__672-672-122797-0000__HSIMV3__1320-1320-122617-0041__SIRm5,672,237,7,0.0,0.0,0.0,0.0,0.0,43.555369588683234,20.44334346802972
237-126133-0004_8230-279154-0035__T2__8230-8230-279154-0035__HSIMV3__61-61-70968-0014__SIRm5,8230,237,13,0.0,0.07692307692307693,0.0,0.0,0.0,35.28536015325602,15.034134057941992
237-126133-0004_8455-210777-0033__T2__8455-8455-210777-0033__HSIMV3__1320-1320-122612-0002__SIRm5,8455,237,13,0.0,0.07692307692307693,0.0,0.0,0.0,47.80004795045572,19.7407571691279
237-126133-0005_1580-141083-0050__T2__1580-1580-141083-0050__HSIMV3__237-237-134500-0034__SIRm5,1580,237,5,0.0,0.0,0.0,0.0,0.0,42.081468712997534,17.965928430559877
237-126133-0005_4970-29093-0013__T2__4970-4970-29093-0013__HSIMV3__8555-8555-284447-0008__SIRm5,4970,237,15,0.0,0.0,0.0,0.0,0.0,56.83579802299971,24.525544685946347
237-126133-0005_7176-92135-0005__T2__7176-7176-92135-0005__HSIMV3__61-61-70970-0026__SIRm5,7176,237,9,0.0,0.0,0.0,0.0,0.0,50.66202507599163,17.78738102933783
237-126133-0006_1221-135767-0005__T2__1221-1221-135767-0005__HSIMV3__4992-4992-41797-0011__SIRm5,1221,237,9,0.0,0.0,0.0,0.0,0.0,56.976829409956935,20.99381811940413
237-126133-0006_5639-40744-0018__T2__5639-5639-40744-0018__HSIMV3__1089-1089-134691-0012__SIRm5,5639,237,29,0.0,0.0,0.0,0.0,0.0,51.319883021729716,19.121952371063216
237-126133-0006_8463-294828-0033__T2__8463-8463-294828-0033__HSIMV3__4992-4992-41797-0022__SIRm5,8463,237,11,0.0,0.0,0.0,0.0,0.0,45.25911133925317,18.556684456156127
237-126133-0007_5683-32865-0004__T2__5683-5683-32865-0004__HSIMV3__237-237-126133-0019__SIRm5,5683,237,13,0.0,0.0,0.0,0.0,0.0,40.2713833253946,19.41945363218113
237-126133-0008_2830-3979-0002__T2__2830-2830-3979-0002__HSIMV3__1188-1188-133604-0014__SIRm5,2830,237,7,0.0,0.0,0.0,0.0,0.0,45.78123859585728,18.7436231009728
237-126133-0010_6829-68769-0003__T2__6829-6829-68769-0003__HSIMV3__4970-4970-29095-0029__SIRm5,6829,237,6,0.0,0.0,0.0,0.0,0.0,56.31550106322994,20.56064559469701
237-126133-0013_8224-274381-0011__T2__8224-8224-274381-0011__HSIMV3__8455-8455-210777-0011__SIRm5,8224,237,11,0.0,0.0,0.0,0.0,0.0,48.17286345648078,19.40061772128838
237-126133-0013_908-157963-0010__T2__908-908-157963-0010__HSIMV3__7176-7176-88083-0010__SIRm5,908,237,11,0.5454545454545454,0.6363636363636364,0.45454545454545453,0.09090909090909091,0.09090909090909091,3.325717666049681,6.17784310517257
237-126133-0014_3729-6852-0037__T2__3729-3729-6852-0037__HSIMV3__4507-4507-16021-0014__SIRm5,3729,237,10,0.0,0.0,0.0,0.0,0.0,52.06021268248047,22.40775117714333
237-126133-0015_1320-122612-0008__T2__1320-1320-122612-0008__HSIMV3__5105-5105-28240-0024__SIRm5,1320,237,14,0.0,0.0,0.0,0.0,0.0,52.69331270646103,21.09181303019972
237-126133-0016_7127-75947-0022__T2__7127-7127-75947-0022__HSIMV3__8455-8455-210777-0027__SIRm5,7127,237,23,0.043478260869565216,0.13043478260869565,0.043478260869565216,0.0,0.0,45.78583388808559,19.12504671964694
237-126133-0018_2830-3980-0018__T2__2830-2830-3980-0018__HSIMV3__1188-1188-133604-0040__SIRm5,2830,237,5,0.0,0.0,0.0,0.0,0.0,43.30950374777797,18.24055624580203
237-126133-0019_2830-3980-0035__T2__2830-2830-3980-0035__HSIMV3__1188-1188-133604-0040__SIRm5,2830,237,5,0.0,0.0,0.0,0.0,0.0,44.24143227024331,18.7071153651797
237-126133-0019_5639-40744-0024__T2__5639-5639-40744-0024__HSIMV3__1089-1089-134686-0017__SIRm5,5639,237,16,0.0,0.0,0.0,0.0,0.0,51.1562848486466,20.547317920324858
237-126133-0019_6829-68771-0016__T2__6829-6829-68771-0016__HSIMV3__4970-4970-29095-0032__SIRm5,6829,237,12,0.0,0.0,0.0,0.0,0.0,56.20924108154543,21.42520043141867
237-126133-0021_1284-1181-0018__T2__1284-1284-1181-0018__HSIMV3__1580-1580-141083-0023__SIRm5,1284,237,5,0.0,0.0,0.0,0.0,0.0,55.0423572470032,21.81466406294112
237-126133-0022_3575-170457-0054__T2__3575-3575-170457-0054__HSIMV3__237-237-134500-0041__SIRm5,3575,237,15,0.0,0.0,0.0,0.0,0.0,49.63114146168791,17.85448780978632
237-126133-0023_121-121726-0014__T2__121-121-121726-0014__HSIMV3__237-237-134500-0027__SIRm5,121,237,5,1.0,1.0,1.0,1.0,1.0,-33.42481056264557,-14.290108527845806
237-126133-0023_672-122797-0005__T2__672-672-122797-0005__HSIMV3__260-260-123286-0020__SIRm5,672,237,5,0.0,0.0,0.0,0.0,0.0,45.84547268653496,16.8782024993211
237-126133-0024_121-127105-0019__T2__121-121-127105-0019__HSIMV3__237-237-126133-0004__SIRm5,121,237,5,0.0,0.0,0.0,0.0,0.0,39.736906483314634,19.13907408258308
237-126133-0024_8555-284449-0003__T2__8555-8555-284449-0003__HSIMV3__4970-4970-29095-0038__SIRm5,8555,237,16,0.9375,0.9375,0.9375,1.0,0.9375,-24.50991768303864,-8.458205512224232
237-126133-0025_1284-1180-0023__T2__1284-1284-1180-0023__HSIMV3__4446-4446-2271-0008__SIRm5,1284,237,9,0.0,0.0,0.0,0.0,0.0,37.90584579196611,19.841441125658008
237-126133-0025_1995-1826-0016__T2__1995-1995-1826-0016__HSIMV3__2094-2094-142345-0049__SIRm5,1995,237,10,0.0,0.0,0.0,0.0,0.0,53.42057276702013,22.778271701136475
237-134493-0000_260-123286-0017__T2__260-260-123286-0017__HSIMV3__672-672-122797-0031__SIRm5,260,237,6,0.0,0.0,0.0,0.0,0.0,50.12980242276745,21.01832995688167
237-134493-0000_2961-960-0004__T2__2961-2961-960-0004__HSIMV3__3570-3570-5694-0005__SIRm5,2961,237,15,0.0,0.0,0.0,0.0,0.0,55.265811300411364,21.66818819499825
237-134493-0000_7729-102255-0042__T2__7729-7729-102255-0042__HSIMV3__7176-7176-88083-0022__SIRm5,7729,237,17,0.0,0.0,0.0,0.0,0.0,43.0909347321175,16.90826487866213
237-134493-0002_4992-41797-0002__T2__4992-4992-41797-0002__HSIMV3__4446-4446-2271-0018__SIRm5,4992,237,10,0.0,0.0,0.0,0.0,0.0,51.90537822544807,19.572047609934145
237-134493-0004_1320-122617-0039__T2__1320-1320-122617-0039__HSIMV3__5105-5105-28240-0005__SIRm5,1320,237,13,0.15384615384615385,0.0,0.0,0.0,0.0,48.61626056200521,19.72261154743093
237-134493-0005_5105-28241-0017__T2__5105-5105-28241-0017__HSIMV3__1320-1320-122612-0011__SIRm5,5105,237,24,0.0,0.0,0.0,0.0,0.0,59.072560138597794,22.50972923975102
237-134493-0006_2961-961-0008__T2__2961-2961-961-0008__HSIMV3__3570-3570-5695-0008__SIRm5,2961,237,12,0.0,0.0,0.0,0.0,0.0,63.88253144385851,21.915830314582497
237-134493-0006_4446-2271-0008__T2__4446-4446-2271-0008__HSIMV3__1284-1284-1181-0009__SIRm5,4446,237,9,1.0,1.0,1.0,1.0,1.0,-53.64104911156379,-32.94387315038984
237-134493-0011_672-122797-0012__T2__672-672-122797-0012__HSIMV3__260-260-123286-0003__SIRm5,672,237,13,0.07692307692307693,0.0,0.0,0.0,0.0,38.581013206605434,16.186564301958523
237-134493-0011_8224-274384-0013__T2__8224-8224-274384-0013__HSIMV3__8455-8455-210777-0059__SIRm5,8224,237,9,0.0,0.0,0.0,0.0,0.0,50.047231007898354,18.19687893850911
237-134493-0013_4992-23283-0009__T2__4992-4992-23283-0009__HSIMV3__4446-4446-2271-0009__SIRm5,4992,237,14,0.0,0.0,0.0,0.0,0.0,49.83073917276835,19.192613808344586
237-134493-0013_672-122797-0025__T2__672-672-122797-0025__HSIMV3__260-260-123288-0007__SIRm5,672,237,20,0.0,0.1,0.0,0.0,0.0,45.072824366913025,18.69035149369759
237-134493-0013_8463-294825-0015__T2__8463-8463-294825-0015__HSIMV3__4992-4992-41797-0016__SIRm5,8463,237,5,0.0,0.0,0.0,0.0,0.0,50.46143720887594,19.87743669762952
237-134493-0013_908-31957-0018__T2__908-908-31957-0018__HSIMV3__7176-7176-88083-0016__SIRm5,908,237,6,0.0,0.0,0.0,0.0,0.0,39.51817162185135,15.892761835869225
237-134493-0014_3570-5694-0009__T2__3570-3570-5694-0009__HSIMV3__4507-4507-16021-0023__SIRm5,3570,237,23,0.0,0.0,0.0,0.0,0.0,60.24000482000277,22.704418470505804
237-134493-0015_3570-5694-0002__T2__3570-3570-5694-0002__HSIMV3__4507-4507-16021-0017__SIRm5,3570,237,20,0.0,0.0,0.0,0.0,0.0,54.451838569834614,21.93349606937351
237-134493-0015_5105-28240-0008__T2__5105-5105-28240-0008__HSIMV3__1320-1320-122617-0013__SIRm5,5105,237,20,0.0,0.0,0.0,0.0,0.0,52.226308088170484,20.213340737281843
237-134493-0016_4446-2275-0031__T2__4446-4446-2275-0031__HSIMV3__4992-4992-41797-0016__SIRm5,4446,237,5,0.0,0.0,0.0,0.0,0.0,58.55109642706702,22.6974145003919
237-134493-0016_7176-92135-0005__T2__7176-7176-92135-0005__HSIMV3__61-61-70970-0026__SIRm5,7176,237,9,0.0,0.0,0.0,0.0,0.0,50.57280146029373,17.785010764207755
237-134493-0016_908-31957-0012__T2__908-908-31957-0012__HSIMV3__7176-7176-88083-0004__SIRm5,908,237,13,0.0,0.0,0.0,0.0,0.0,39.20284140770184,19.05787589965953
237-134493-0017_1089-134686-0025__T2__1089-1089-134686-0025__HSIMV3__8230-8230-279154-0021__SIRm5,1089,237,12,0.0,0.0,0.0,0.0,0.0,41.802699383873275,18.692205567596
237-134493-0017_4077-13754-0009__T2__4077-4077-13754-0009__HSIMV3__8455-8455-210777-0013__SIRm5,4077,237,13,0.0,0.0,0.0,0.0,0.0,41.29359078852528,16.855243023152887
237-134493-0017_4446-2275-0000__T2__4446-4446-2275-0000__HSIMV3__4992-4992-41797-0022__SIRm5,4446,237,11,0.0,0.0,0.0,0.0,0.0,48.923356101185895,20.15553804822932
237-134493-0018_1284-1181-0019__T2__1284-1284-1181-0019__HSIMV3__4446-4446-2271-0010__SIRm5,1284,237,5,0.0,0.0,0.0,0.0,0.0,43.57996959907778,18.190490604624912
237-134500-0000_1221-135767-0018__T2__1221-1221-135767-0018__HSIMV3__4992-4992-41806-0017__SIRm5,1221,237,20,0.0,0.05,0.0,0.0,0.0,46.69263208430414,18.962653615843667
237-134500-0000_1284-1180-0012__T2__1284-1284-1180-0012__HSIMV3__1580-1580-141083-0026__SIRm5,1284,237,8,0.0,0.125,0.0,0.0,0.0,57.358334784322196,21.51312668566393
237-134500-0000_7021-79740-0002__T2__7021-7021-79740-0002__HSIMV3__5105-5105-28240-0024__SIRm5,7021,237,15,0.0,0.2,0.0,0.0,0.0,53.75551334126997,22.142926750734567
237-134500-0000_8463-294828-0029__T2__8463-8463-294828-0029__HSIMV3__4992-4992-23283-0010__SIRm5,8463,237,9,0.0,0.0,0.0,0.0,0.0,45.71460801974941,19.45033910888897
237-134500-0002_1995-1836-0008__T2__1995-1995-1836-0008__HSIMV3__2094-2094-142345-0036__SIRm5,1995,237,12,0.0,0.0,0.0,0.0,0.0,51.30729510223185,22.95114977518628
237-134500-0002_4970-29093-0019__T2__4970-4970-29093-0019__HSIMV3__6829-6829-68771-0013__SIRm5,4970,237,13,0.0,0.0,0.0,0.0,0.0,49.69507188099013,19.67259594039448
237-134500-0003_1188-133604-0041__T2__1188-1188-133604-0041__HSIMV3__2830-2830-3980-0007__SIRm5,1188,237,19,0.0,0.0,0.0,0.0,0.0,48.35498769541265,20.013513414842723
237-134500-0003_4446-2273-0015__T2__4446-4446-2273-0015__HSIMV3__1284-1284-1180-0004__SIRm5,4446,237,7,0.0,0.0,0.0,0.0,0.0,47.26405672415925,17.93546142342279
237-134500-0006_908-157963-0000__T2__908-908-157963-0000__HSIMV3__7176-7176-88083-0021__SIRm5,908,237,24,1.0,1.0,1.0,1.0,1.0,-37.01092114458754,-15.861123047683112
237-134500-0008_2830-3980-0013__T2__2830-2830-3980-0013__HSIMV3__1188-1188-133604-0031__SIRm5,2830,237,7,0.0,0.0,0.0,0.0,0.0,57.14624683942948,19.150499033883108
237-134500-0008_8455-210777-0040__T2__8455-8455-210777-0040__HSIMV3__1320-1320-122617-0025__SIRm5,8455,237,11,0.09090909090909091,0.0,0.0,0.0,0.0,49.05941132183069,20.704337078196865
237-134500-0010_672-122797-0047__T2__672-672-122797-0047__HSIMV3__1320-1320-122612-0014__SIRm5,672,237,5,1.0,1.0,1.0,1.0,1.0,-26.389369015448985,-8.828214641819308
237-134500-0011_4992-41797-0010__T2__4992-4992-41797-0010__HSIMV3__4446-4446-2275-0016__SIRm5,4992,237,12,0.0,0.0,0.0,0.0,0.0,57.75481433589052,21.04633596845914
237-134500-0011_7176-92135-0000__T2__7176-7176-92135-0000__HSIMV3__61-61-70970-0004__SIRm5,7176,237,20,0.0,0.0,0.0,0.0,0.0,26.217189129482897,14.087002670528255
237-134500-0013_1580-141084-0014__T2__1580-1580-141084-0014__HSIMV3__237-237-126133-0009__SIRm5,1580,237,6,0.0,0.0,0.0,0.0,0.0,49.24497696717119,20.05443884386744
237-134500-0014_260-123288-0005__T2__260-260-123288-0005__HSIMV3__672-672-122797-0067__SIRm5,260,237,24,0.041666666666666664,0.0,0.0,0.0,0.0,45.60411060665982,18.59234480685804
237-134500-0015_1089-134691-0004__T2__1089-1089-134691-0004__HSIMV3__8230-8230-279154-0039__SIRm5,1089,237,8,0.0,0.0,0.0,0.0,0.0,57.21180475044452,20.78257480846697
237-134500-0015_2300-131720-0018__T2__2300-2300-131720-0018__HSIMV3__61-61-70970-0004__SIRm5,2300,237,20,0.0,0.0,0.0,0.0,0.0,44.58436885213898,18.15923536460276
237-134500-0016_260-123440-0003__T2__260-260-123440-0003__HSIMV3__672-672-122797-0039__SIRm5,260,237,6,0.0,0.0,0.0,0.0,0.0,34.91872944764429,15.131778185353324
237-134500-0016_6930-81414-0024__T2__6930-6930-81414-0024__HSIMV3__260-260-123288-0006__SIRm5,6930,237,8,0.0,0.0,0.0,0.0,0.0,44.36035927821517,18.109718097871465
237-134500-0018_1580-141083-0007__T2__1580-1580-141083-0007__HSIMV3__237-237-134500-0028__SIRm5,1580,237,8,0.0,0.0,0.0,0.0,0.0,42.94895748580056,18.25506322483484
237-134500-0018_8555-284447-0005__T2__8555-8555-284447-0005__HSIMV3__4970-4970-29095-0016__SIRm5,8555,237,12,1.0,1.0,1.0,1.0,1.0,-53.10377162841217,-30.185146649503885
237-134500-0022_121-121726-0001__T2__121-121-121726-0001__HSIMV3__237-237-134500-0000__SIRm5,121,237,9,0.0,1.0,0.0,0.0,0.0,55.25365003080573,20.996147935649294
237-134500-0023_1284-1180-0011__T2__1284-1284-1180-0011__HSIMV3__4446-4446-2275-0008__SIRm5,1284,237,7,0.0,0.0,0.0,0.0,0.0,48.59318466279683,19.48901067430296
237-134500-0023_4992-41806-0006__T2__4992-4992-41806-0006__HSIMV3__4446-4446-2271-0016__SIRm5,4992,237,18,0.0,0.05555555555555555,0.0,0.0,0.0,51.71147985384017,18.6760573441291
237-134500-0024_1089-134686-0011__T2__1089-1089-134686-0011__HSIMV3__8230-8230-279154-0031__SIRm5,1089,237,23,0.0,0.0,0.0,0.0,0.0,49.55145473046219,19.311009441493816
237-134500-0024_1320-122617-0024__T2__1320-1320-122617-0024__HSIMV3__5105-5105-28240-0005__SIRm5,1320,237,13,0.0,0.0,0.0,0.0,0.0,59.203743598653396,21.463137912920168
237-134500-0026_260-123286-0016__T2__260-260-123286-0016__HSIMV3__672-672-122797-0061__SIRm5,260,237,13,0.0,0.0,0.0,0.0,0.0,48.97422835954028,20.566915416437983
237-134500-0027_1580-141084-0033__T2__1580-1580-141084-0033__HSIMV3__237-237-126133-0014__SIRm5,1580,237,12,0.0,0.0,0.0,0.0,0.0,38.790893409363996,16.991768287686845
237-134500-0028_2830-3980-0023__T2__2830-2830-3980-0023__HSIMV3__1188-1188-133604-0039__SIRm5,2830,237,11,0.0,0.0,0.0,0.0,0.0,45.559191156175956,17.949242907276567
237-134500-0032_2830-3980-0055__T2__2830-2830-3980-0055__HSIMV3__1188-1188-133604-0025__SIRm5,2830,237,13,0.0,0.0,0.0,0.0,0.0,43.70037420427155,20.11654179784489
237-134500-0032_7176-92135-0032__T2__7176-7176-92135-0032__HSIMV3__61-61-70970-0033__SIRm5,7176,237,5,1.0,1.0,1.0,1.0,1.0,-29.595336292008437,-14.77713974631168
237-134500-0033_1284-134647-0001__T2__1284-1284-134647-0001__HSIMV3__4446-4446-2271-0016__SIRm5,1284,237,19,0.0,0.0,0.0,0.0,0.0,51.06694953886794,20.60697212210093
237-134500-0034_4077-13751-0011__T2__4077-4077-13751-0011__HSIMV3__8455-8455-210777-0045__SIRm5,4077,237,21,0.0,0.047619047619047616,0.0,0.0,0.0,45.21767355447479,17.781739942829105
237-134500-0036_6829-68771-0035__T2__6829-6829-68771-0035__HSIMV3__4970-4970-29095-0006__SIRm5,6829,237,7,0.7142857142857143,0.8571428571428571,0.7142857142857143,1.0,0.7142857142857143,-21.59589179274076,-6.093395817969999
237-134500-0037_2830-3980-0042__T2__2830-2830-3980-0042__HSIMV3__1188-1188-133604-0013__SIRm5,2830,237,5,0.0,0.0,0.0,0.0,0.0,41.384088458739896,17.305756524841158
237-134500-0037_4507-16021-0028__T2__4507-4507-16021-0028__HSIMV3__3729-3729-6852-0019__SIRm5,4507,237,5,0.0,0.0,0.0,0.0,0.0,41.68962543250294,19.5405985676366
237-134500-0040_1188-133604-0032__T2__1188-1188-133604-0032__HSIMV3__2830-2830-3980-0048__SIRm5,1188,237,18,0.0,0.0,0.0,0.0,0.0,50.802890518139826,18.94051847441485
237-134500-0040_1284-134647-0007__T2__1284-1284-134647-0007__HSIMV3__4446-4446-2271-0017__SIRm5,1284,237,23,0.0,0.043478260869565216,0.0,0.0,0.0,50.52230828886918,18.04463941861057
237-134500-0041_6930-75918-0011__T2__6930-6930-75918-0011__HSIMV3__260-260-123286-0020__SIRm5,6930,237,5,0.0,0.0,0.0,0.0,0.0,45.01604129205638,18.935810414486784
260-123286-0000_1320-122617-0031__T2__1320-1320-122617-0031__HSIMV3__5105-5105-28240-0019__SIRm5,1320,260,11,0.09090909090909091,0.18181818181818182,0.09090909090909091,0.0,0.0,54.933211167182684,19.5874030569827
260-123286-0000_1995-1837-0024__T2__1995-1995-1837-0024__HSIMV3__2094-2094-142345-0051__SIRm5,1995,260,9,0.0,0.0,0.0,0.0,0.0,57.45182087011199,23.887786621448488
260-123286-0000_4077-13754-0010__T2__4077-4077-13754-0010__HSIMV3__8455-8455-210777-0057__SIRm5,4077,260,20,0.0,0.05,0.0,0.0,0.0,46.39132445699265,18.44147581052125
260-123286-0001_1995-1836-0007__T2__1995-1995-1836-0007__HSIMV3__2094-2094-142345-0053__SIRm5,1995,260,5,0.0,0.0,0.0,0.0,0.0,44.66434422970779,23.33065284111188
260-123286-0001_8455-210777-0023__T2__8455-8455-210777-0023__HSIMV3__1320-1320-122617-0014__SIRm5,8455,260,8,0.0,0.0,0.0,0.0,0.0,47.492264825042476,19.38279756020214
260-123286-0003_2094-142345-0048__T2__2094-2094-142345-0048__HSIMV3__3729-3729-6852-0014__SIRm5,2094,260,10,0.0,0.0,0.0,0.0,0.0,50.92230962327092,20.167574513876964
260-123286-0003_7127-75947-0014__T2__7127-7127-75947-0014__HSIMV3__8455-8455-210777-0057__SIRm5,7127,260,19,0.0,0.0,0.0,0.0,0.0,39.470938847489734,17.193955837920498
260-123286-0004_5142-33396-0011__T2__5142-5142-33396-0011__HSIMV3__4970-4970-29093-0008__SIRm5,5142,260,6,0.0,0.0,0.0,0.0,0.0,43.992907625016834,19.34976854065837
260-123286-0004_6930-75918-0019__T2__6930-6930-75918-0019__HSIMV3__260-260-123288-0007__SIRm5,6930,260,21,0.0,0.0,0.0,0.0,0.0,45.44973967512575,18.32080724722518
260-123286-0005_237-126133-0000__T2__237-237-126133-0000__HSIMV3__5683-5683-32866-0009__SIRm5,237,260,25,0.0,0.0,0.0,0.0,0.0,51.70802671171145,21.09008761819089
260-123286-0005_237-134500-0039__T2__237-237-134500-0039__HSIMV3__1580-1580-141083-0024__SIRm5,237,260,7,0.0,0.0,0.0,0.0,0.0,45.669853843228374,16.095047651852056
260-123286-0005_3729-6852-0014__T2__3729-3729-6852-0014__HSIMV3__4507-4507-16021-0011__SIRm5,3729,260,10,0.0,0.0,0.0,0.0,0.0,50.940513349464574,21.985321008140737
260-123286-0006_4992-41797-0000__T2__4992-4992-41797-0000__HSIMV3__4446-4446-2271-0008__SIRm5,4992,260,9,0.0,0.0,0.0,0.0,0.0,51.63720352781945,19.002636647939266
260-123286-0007_5142-33396-0019__T2__5142-5142-33396-0019__HSIMV3__4970-4970-29095-0035__SIRm5,5142,260,8,0.0,0.0,0.0,0.0,0.0,46.80900805190281,19.366379637503208
260-123286-0008_3570-5695-0013__T2__3570-3570-5695-0013__HSIMV3__4507-4507-16021-0046__SIRm5,3570,260,8,0.0,0.0,0.0,0.0,0.0,48.32359021284658,20.885314853362114
260-123286-0008_4970-29095-0017__T2__4970-4970-29095-0017__HSIMV3__6829-6829-68769-0007__SIRm5,4970,260,6,0.0,0.0,0.0,0.0,0.0,47.58782889695137,16.089572257386223
260-123286-0008_4992-23283-0000__T2__4992-4992-23283-0000__HSIMV3__4446-4446-2271-0001__SIRm5,4992,260,11,0.0,0.0,0.0,0.0,0.0,45.34483996719992,19.050062182456088
260-123286-0009_1284-1181-0002__T2__1284-1284-1181-0002__HSIMV3__1580-1580-141083-0039__SIRm5,1284,260,6,0.0,0.0,0.0,0.0,0.0,68.7767942615331,22.900072223803846
260-123286-0013_3729-6852-0026__T2__3729-3729-6852-0026__HSIMV3__4507-4507-16021-0057__SIRm5,3729,260,8,0.0,0.125,0.0,0.0,0.0,48.21092088117901,17.645927413193505
260-123286-0015_237-134493-0001__T2__237-237-134493-0001__HSIMV3__5683-5683-32879-0018__SIRm5,237,260,13,0.0,0.0,0.0,0.0,0.0,56.951274699649794,22.68456788392163
260-123286-0016_3575-170457-0009__T2__3575-3575-170457-0009__HSIMV3__237-237-134500-0036__SIRm5,3575,260,12,0.0,0.0,0.0,0.0,0.0,52.87515363278306,16.792535427058638
260-123286-0017_5142-33396-0019__T2__5142-5142-33396-0019__HSIMV3__4970-4970-29095-0035__SIRm5,5142,260,8,0.0,0.0,0.0,0.0,0.0,46.81065172803968,19.36648178523137
260-123286-0017_5142-33396-0049__T2__5142-5142-33396-0049__HSIMV3__4970-4970-29093-0015__SIRm5,5142,260,5,0.0,0.0,0.0,0.0,0.0,34.918696812701825,17.150401826095926
260-123286-0018_5105-28240-0019__T2__5105-5105-28240-0019__HSIMV3__1320-1320-122617-0003__SIRm5,5105,260,11,0.0,0.0,0.0,0.0,0.0,50.062281305422395,19.86585021766844
260-123286-0019_1580-141083-0024__T2__1580-1580-141083-0024__HSIMV3__237-237-134500-0028__SIRm5,1580,260,7,0.0,0.0,0.0,0.0,0.0,48.77416678927059,19.43082581999348
260-123286-0020_2830-3979-0008__T2__2830-2830-3979-0008__HSIMV3__1188-1188-133604-0022__SIRm5,2830,260,17,0.0,0.0,0.0,0.0,0.0,48.65596531364375,18.78761402157268
260-123286-0020_4992-23283-0013__T2__4992-4992-23283-0013__HSIMV3__4446-4446-2271-0001__SIRm5,4992,260,11,0.0,0.0,0.0,0.0,0.0,52.21532002393795,18.500913240898868
260-123286-0022_4446-2271-0010__T2__4446-4446-2271-0010__HSIMV3__4992-4992-41797-0016__SIRm5,4446,260,5,0.0,0.0,0.0,0.0,0.0,49.59164876909093,19.59031981012216
260-123286-0022_4507-16021-0036__T2__4507-4507-16021-0036__HSIMV3__3729-3729-6852-0038__SIRm5,4507,260,9,0.0,0.0,0.0,0.0,0.0,47.07754592695887,16.560150053162605
260-123286-0023_2830-3980-0030__T2__2830-2830-3980-0030__HSIMV3__1188-1188-133604-0038__SIRm5,2830,260,9,0.0,0.0,0.0,0.0,0.0,45.4253318486562,18.49338595971911
260-123286-0023_4507-16021-0051__T2__4507-4507-16021-0051__HSIMV3__3729-3729-6852-0014__SIRm5,4507,260,10,0.0,0.0,0.0,0.0,0.0,57.7970367259991,21.41364732135261
260-123286-0024_61-70970-0032__T2__61-61-70970-0032__HSIMV3__8230-8230-279154-0003__SIRm5,61,260,5,0.0,0.0,0.0,0.0,0.0,37.77875260702483,15.704583941321252
260-123286-0025_1284-1181-0019__T2__1284-1284-1181-0019__HSIMV3__4446-4446-2271-0010__SIRm5,1284,260,5,0.0,0.0,0.0,0.0,0.0,43.57462366280568,18.19032890775963
260-123286-0025_5142-33396-0003__T2__5142-5142-33396-0003__HSIMV3__4970-4970-29093-0008__SIRm5,5142,260,5,0.0,0.0,0.0,0.0,0.0,42.53351786796797,16.96725379270965
260-123286-0026_121-121726-0004__T2__121-121-121726-0004__HSIMV3__237-237-126133-0016__SIRm5,121,260,7,0.0,0.2857142857142857,0.0,0.0,0.0,51.97176391282919,18.96686376058205
260-123286-0026_1580-141083-0025__T2__1580-1580-141083-0025__HSIMV3__237-237-126133-0009__SIRm5,1580,260,6,0.0,0.0,0.0,0.0,0.0,49.830404358868314,17.722928736073953
260-123286-0027_6930-75918-0011__T2__6930-6930-75918-0011__HSIMV3__260-260-123286-0020__SIRm5,6930,260,5,0.0,0.0,0.0,0.0,0.0,45.01439490762411,18.935864560329584
260-123286-0027_908-157963-0013__T2__908-908-157963-0013__HSIMV3__7176-7176-92135-0008__SIRm5,908,260,7,1.0,1.0,1.0,1.0,1.0,-40.283562107455175,-17.95360852140355
260-123286-0028_4446-2273-0035__T2__4446-4446-2273-0035__HSIMV3__1284-1284-1180-0028__SIRm5,4446,260,11,0.0,0.0,0.0,0.0,0.0,54.666947589503245,22.57835063073723
260-123286-0028_5683-32866-0014__T2__5683-5683-32866-0014__HSIMV3__237-237-134500-0040__SIRm5,5683,260,6,0.0,0.0,0.0,0.0,0.0,46.21878359133243,20.116956141091453
260-123286-0029_1580-141084-0026__T2__1580-1580-141084-0026__HSIMV3__237-237-134500-0036__SIRm5,1580,260,12,0.0,0.0,0.0,0.0,0.0,56.302513621565005,20.82356012467112
260-123286-0030_3729-6852-0004__T2__3729-3729-6852-0004__HSIMV3__4507-4507-16021-0039__SIRm5,3729,260,28,0.03571428571428571,0.14285714285714285,0.03571428571428571,0.0,0.0,46.55011677315978,19.71549027922984
260-123286-0030_6829-68769-0020__T2__6829-6829-68769-0020__HSIMV3__4446-4446-2275-0026__SIRm5,6829,260,9,0.0,0.0,0.0,0.0,0.0,44.472479800729076,16.50362076618088
260-123286-0031_2094-142345-0036__T2__2094-2094-142345-0036__HSIMV3__3729-3729-6852-0044__SIRm5,2094,260,12,0.0,0.0,0.0,0.0,0.0,50.00418631069595,19.556826873143628
260-123286-0031_237-126133-0009__T2__237-237-126133-0009__HSIMV3__5683-5683-32879-0021__SIRm5,237,260,6,0.16666666666666666,0.0,0.0,0.3333333333333333,0.0,34.62685752765723,6.3680116999694905
260-123288-0000_61-70968-0039__T2__61-61-70968-0039__HSIMV3__7176-7176-88083-0016__SIRm5,61,260,6,0.0,0.0,0.0,0.0,0.0,28.923289305723742,15.203242004022233
260-123288-0000_672-122797-0000__T2__672-672-122797-0000__HSIMV3__260-260-123440-0014__SIRm5,672,260,6,0.0,0.0,0.0,0.0,0.0,59.81910142378579,20.52026455033757
260-123288-0002_1580-141084-0019__T2__1580-1580-141084-0019__HSIMV3__237-237-134500-0027__SIRm5,1580,260,5,0.0,0.0,0.0,0.0,0.0,45.469118542300585,20.565769820341664
260-123288-0002_2094-142345-0045__T2__2094-2094-142345-0045__HSIMV3__3729-3729-6852-0027__SIRm5,2094,260,5,0.0,0.0,0.0,0.0,0.0,65.61607437864004,21.69626167304749
260-123288-0003_1089-134686-0026__T2__1089-1089-134686-0026__HSIMV3__8230-8230-279154-0008__SIRm5,1089,260,6,0.0,0.0,0.0,0.0,0.0,48.2635532781251,19.94421712554052
260-123288-0004_3729-6852-0007__T2__3729-3729-6852-0007__HSIMV3__4507-4507-16021-0034__SIRm5,3729,260,21,0.09523809523809523,0.0,0.0,0.0,0.0,52.2020150942082,19.89546667423121
260-123288-0004_672-122797-0056__T2__672-672-122797-0056__HSIMV3__260-260-123288-0006__SIRm5,672,260,8,0.0,0.0,0.0,0.0,0.0,39.10589699922819,16.48267144120142
260-123288-0004_908-157963-0025__T2__908-908-157963-0025__HSIMV3__7176-7176-88083-0022__SIRm5,908,260,17,1.0,1.0,1.0,1.0,1.0,-50.69818908864078,-24.94632253213694
260-123288-0005_5683-32879-0014__T2__5683-5683-32879-0014__HSIMV3__237-237-134500-0041__SIRm5,5683,260,15,0.06666666666666667,0.0,0.0,0.0,0.0,51.774660243463174,20.08445529086345
260-123288-0005_61-70968-0040__T2__61-61-70968-0040__HSIMV3__8230-8230-279154-0032__SIRm5,61,260,6,0.0,0.0,0.0,0.0,0.0,46.335806506876395,17.241724545789356
260-123288-0006_237-126133-0001__T2__237-237-126133-0001__HSIMV3__5683-5683-32879-0006__SIRm5,237,260,22,0.0,0.0,0.0,0.0,0.0,52.19510475349221,20.17671807570461
260-123288-0007_6930-75918-0010__T2__6930-6930-75918-0010__HSIMV3__260-260-123286-0020__SIRm5,6930,260,5,0.0,0.0,0.0,0.0,0.0,52.14360707634844,20.286401326712657
260-123288-0008_237-134500-0033__T2__237-237-134500-0033__HSIMV3__5683-5683-32879-0005__SIRm5,237,260,11,0.0,0.0,0.0,0.0,0.0,54.1323435441926,22.418055086855645
260-123288-0008_2830-3980-0056__T2__2830-2830-3980-0056__HSIMV3__1188-1188-133604-0038__SIRm5,2830,260,9,0.0,0.0,0.0,0.0,0.0,47.74659584646434,18.427199657630663
260-123288-0009_1320-122617-0023__T2__1320-1320-122617-0023__HSIMV3__5105-5105-28240-0024__SIRm5,1320,260,14,0.0,0.07142857142857142,0.0,0.0,0.0,55.149346310144736,20.827116257006704
260-123288-0011_4446-2275-0029__T2__4446-4446-2275-0029__HSIMV3__1284-1284-1180-0009__SIRm5,4446,260,11,0.0,0.0,0.0,0.0,0.0,46.545128789990095,18.307545677406164
260-123288-0011_6829-68769-0011__T2__6829-6829-68769-0011__HSIMV3__4970-4970-29095-0012__SIRm5,6829,260,8,0.0,0.0,0.0,0.0,0.0,53.145600246668316,20.64334345588354
260-123288-0012_3729-6852-0024__T2__3729-3729-6852-0024__HSIMV3__4507-4507-16021-0011__SIRm5,3729,260,10,0.0,0.1,0.0,0.0,0.0,49.08378669701971,21.08084276805973
260-123288-0012_4446-2273-0009__T2__4446-4446-2273-0009__HSIMV3__4992-4992-41806-0005__SIRm5,4446,260,6,0.0,0.0,0.0,0.0,0.0,40.93040458590494,18.597359165584
260-123288-0012_4446-2273-0025__T2__4446-4446-2273-0025__HSIMV3__4992-4992-23283-0008__SIRm5,4446,260,8,0.0,0.0,0.0,0.0,0.0,45.46623136211305,19.388427437199248
260-123288-0012_7021-85628-0010__T2__7021-7021-85628-0010__HSIMV3__5105-5105-28240-0024__SIRm5,7021,260,15,0.0,0.0,0.0,0.0,0.0,55.20808856857441,21.215910065699656
260-123288-0013_6930-76324-0013__T2__6930-6930-76324-0013__HSIMV3__260-260-123288-0004__SIRm5,6930,260,7,0.0,0.0,0.0,0.0,0.0,49.65539521397352,18.662730445527707
260-123288-0017_1580-141084-0049__T2__1580-1580-141084-0049__HSIMV3__237-237-126133-0013__SIRm5,1580,260,12,0.0,0.16666666666666666,0.0,0.0,0.0,57.58710087403626,21.18197973979132
260-123288-0018_2830-3979-0003__T2__2830-2830-3979-0003__HSIMV3__1188-1188-133604-0036__SIRm5,2830,260,14,0.0,0.0,0.0,0.0,0.0,55.86016576646882,19.90851330734759
260-123288-0018_3575-170457-0047__T2__3575-3575-170457-0047__HSIMV3__237-237-134500-0036__SIRm5,3575,260,12,0.0,0.08333333333333333,0.0,0.0,0.0,45.593883775529584,18.762756447172286
260-123288-0025_237-134500-0006__T2__237-237-134500-0006__HSIMV3__5683-5683-32866-0007__SIRm5,237,260,7,0.0,0.0,0.0,0.0,0.0,48.1132515140584,21.910310860208845
260-123288-0027_1995-1826-0001__T2__1995-1995-1826-0001__HSIMV3__2094-2094-142345-0037__SIRm5,1995,260,19,0.0,0.0,0.0,0.0,0.0,55.47456080251809,23.85477647480855
260-123440-0003_2961-960-0009__T2__2961-2961-960-0009__HSIMV3__3570-3570-5694-0000__SIRm5,2961,260,22,0.0,0.0,0.0,0.0,0.0,49.76441863796426,20.665114693548528
260-123440-0003_7729-102255-0045__T2__7729-7729-102255-0045__HSIMV3__7176-7176-88083-0010__SIRm5,7729,260,12,0.0,0.0,0.0,0.0,0.0,41.46124277591792,16.454101288813263
260-123440-0004_8455-210777-0061__T2__8455-8455-210777-0061__HSIMV3__1320-1320-122617-0001__SIRm5,8455,260,27,0.0,0.0,0.0,0.0,0.0,51.23012007006161,20.57568564699267
260-123440-0005_7127-75947-0026__T2__7127-7127-75947-0026__HSIMV3__8455-8455-210777-0041__SIRm5,7127,260,11,0.0,0.0,0.0,0.0,0.0,46.30840342797276,17.517677853472158
260-123440-0005_8555-284447-0014__T2__8555-8555-284447-0014__HSIMV3__4970-4970-29095-0038__SIRm5,8555,260,15,0.0,0.06666666666666667,0.0,0.0,0.0,45.12148586045223,22.67329343011665
260-123440-0007_1320-122612-0005__T2__1320-1320-122612-0005__HSIMV3__5105-5105-28240-0004__SIRm5,1320,260,10,0.0,0.0,0.0,0.0,0.0,48.86845966791732,18.148422782752377
260-123440-0008_6930-81414-0012__T2__6930-6930-81414-0012__HSIMV3__260-260-123288-0004__SIRm5,6930,260,7,0.0,0.0,0.0,0.0,0.0,42.96240908233541,17.842802044504978
260-123440-0009_4970-29095-0017__T2__4970-4970-29095-0017__HSIMV3__6829-6829-68769-0007__SIRm5,4970,260,6,0.0,0.0,0.0,0.0,0.0,47.57800980680448,16.08616344122253
260-123440-0009_5105-28240-0011__T2__5105-5105-28240-0011__HSIMV3__1320-1320-122617-0003__SIRm5,5105,260,11,0.0,0.0,0.0,0.0,0.0,46.0387201358532,19.63866635765878
260-123440-0010_237-126133-0018__T2__237-237-126133-0018__HSIMV3__5683-5683-32865-0015__SIRm5,237,260,6,0.0,0.0,0.0,0.0,0.0,51.053112451152714,21.57289729605848
260-123440-0010_4970-29095-0006__T2__4970-4970-29095-0006__HSIMV3__6829-6829-68769-0026__SIRm5,4970,260,7,0.0,0.0,0.0,0.0,0.0,51.31372330005748,22.5499135382478
260-123440-0010_908-31957-0023__T2__908-908-31957-0023__HSIMV3__7176-7176-88083-0024__SIRm5,908,260,15,0.0,0.0,0.0,0.0,0.0,49.88680306752993,19.237225309074983
260-123440-0011_1320-122617-0016__T2__1320-1320-122617-0016__HSIMV3__5105-5105-28233-0008__SIRm5,1320,260,19,0.0,0.0,0.0,0.0,0.0,49.508092506596675,19.69652936277814
260-123440-0011_3570-5694-0012__T2__3570-3570-5694-0012__HSIMV3__4507-4507-16021-0028__SIRm5,3570,260,5,0.0,0.0,0.0,0.0,0.0,53.238986684707584,23.143245815524235
260-123440-0011_4446-2275-0005__T2__4446-4446-2275-0005__HSIMV3__4992-4992-41797-0006__SIRm5,4446,260,7,0.0,0.0,0.0,0.0,0.0,49.72588447269086,19.9683488122658
260-123440-0012_61-70968-0015__T2__61-61-70968-0015__HSIMV3__8230-8230-279154-0024__SIRm5,61,260,9,0.0,0.0,0.0,0.0,0.0,30.83054415975488,16.34065066161146
260-123440-0012_8455-210777-0010__T2__8455-8455-210777-0010__HSIMV3__1320-1320-122612-0016__SIRm5,8455,260,5,0.0,0.0,0.0,0.0,0.0,46.600586107885405,19.35024013461056
260-123440-0013_1221-135767-0005__T2__1221-1221-135767-0005__HSIMV3__4992-4992-41797-0011__SIRm5,1221,260,9,0.0,0.0,0.0,0.0,0.0,57.098082439847616,20.993394057298072
260-123440-0013_7127-75947-0028__T2__7127-7127-75947-0028__HSIMV3__8455-8455-210777-0058__SIRm5,7127,260,13,0.0,0.0,0.0,0.0,0.0,40.42904292627479,17.504557721406655
260-123440-0013_8230-279154-0016__T2__8230-8230-279154-0016__HSIMV3__61-61-70970-0004__SIRm5,8230,260,20,0.0,0.0,0.0,0.0,0.0,43.073510743590745,18.11054425009144
260-123440-0014_4970-29095-0030__T2__4970-4970-29095-0030__HSIMV3__6829-6829-68771-0015__SIRm5,4970,260,8,0.75,0.75,0.75,0.625,0.625,-7.772783710583496,-0.3425490871868213
260-123440-0014_7176-88083-0012__T2__7176-7176-88083-0012__HSIMV3__61-61-70968-0023__SIRm5,7176,260,9,0.0,0.1111111111111111,0.0,0.0,0.0,38.7230177593904,15.05437185233329
260-123440-0015_7729-102255-0020__T2__7729-7729-102255-0020__HSIMV3__7176-7176-88083-0018__SIRm5,7729,260,19,0.0,0.0,0.0,0.0,0.0,47.10652059097401,17.18544635165984
260-123440-0017_7729-102255-0008__T2__7729-7729-102255-0008__HSIMV3__7176-7176-88083-0001__SIRm5,7729,260,32,0.0,0.0,0.0,0.0,0.0,43.64511462285046,17.630689159956358
260-123440-0019_121-121726-0010__T2__121-121-121726-0010__HSIMV3__237-237-126133-0024__SIRm5,121,260,17,0.0,0.4117647058823529,0.0,0.0,0.0,49.88480254540371,21.643165917620745
260-123440-0019_8455-210777-0044__T2__8455-8455-210777-0044__HSIMV3__1320-1320-122617-0037__SIRm5,8455,260,13,0.0,0.0,0.0,0.0,0.0,48.1569814504685,19.823683661427506
260-123440-0020_3570-5694-0021__T2__3570-3570-5694-0021__HSIMV3__4507-4507-16021-0017__SIRm5,3570,260,20,0.0,0.0,0.0,0.0,0.0,59.16873011097168,22.927306230927748
260-123440-0020_5683-32879-0002__T2__5683-5683-32879-0002__HSIMV3__237-237-134493-0005__SIRm5,5683,260,20,0.0,0.0,0.0,0.0,0.0,54.77222880284074,21.503726298247383
2830-3979-0000_1188-133604-0015__T2__1188-1188-133604-0015__HSIMV3__2830-2830-3979-0001__SIRm5,1188,2830,29,0.0,0.0,0.0,0.0,0.0,45.795971748482195,19.74312290061524
2830-3979-0000_5142-36377-0004__T2__5142-5142-36377-0004__HSIMV3__4970-4970-29095-0002__SIRm5,5142,2830,9,0.0,0.0,0.0,0.0,0.0,40.97168705881547,16.443707839877355
2830-3979-0002_1188-133604-0013__T2__1188-1188-133604-0013__HSIMV3__2830-2830-3980-0020__SIRm5,1188,2830,5,0.0,0.0,0.0,0.0,0.0,44.22691154241769,17.563856520103425
2830-3979-0002_237-126133-0018__T2__237-237-126133-0018__HSIMV3__5683-5683-32865-0015__SIRm5,237,2830,6,0.0,0.0,0.0,0.0,0.0,51.05958814315223,21.572555856726463
2830-3979-0002_260-123288-0017__T2__260-260-123288-0017__HSIMV3__6930-6930-76324-0008__SIRm5,260,2830,9,0.0,0.0,0.0,0.0,0.0,51.91989124989885,20.4832309632462
2830-3979-0006_237-126133-0014__T2__237-237-126133-0014__HSIMV3__1580-1580-141083-0034__SIRm5,237,2830,12,0.0,0.0,0.0,0.0,0.0,48.37121784708134,20.04700690348059
2830-3979-0007_3575-170457-0045__T2__3575-3575-170457-0045__HSIMV3__237-237-134500-0036__SIRm5,3575,2830,12,0.0,0.0,0.0,0.0,0.0,51.6586800279311,20.374836531514777
2830-3979-0008_672-122797-0026__T2__672-672-122797-0026__HSIMV3__260-260-123288-0025__SIRm5,672,2830,25,0.0,0.0,0.0,0.0,0.0,49.59805056221014,20.203689762188308
2830-3979-0009_1580-141083-0026__T2__1580-1580-141083-0026__HSIMV3__237-237-134500-0028__SIRm5,1580,2830,8,0.0,0.0,0.0,0.0,0.0,48.69676603113869,18.643059653776028
2830-3979-0011_1580-141084-0010__T2__1580-1580-141084-0010__HSIMV3__237-237-126133-0009__SIRm5,1580,2830,6,0.0,0.0,0.0,0.0,0.0,51.21285589412354,22.097900946134647
2830-3979-0011_672-122797-0024__T2__672-672-122797-0024__HSIMV3__1320-1320-122617-0030__SIRm5,672,2830,6,0.0,0.0,0.0,0.0,0.0,31.42427460554092,14.249515895605684
2830-3980-0000_1284-1181-0005__T2__1284-1284-1181-0005__HSIMV3__4446-4446-2271-0011__SIRm5,1284,2830,6,0.0,0.0,0.0,0.0,0.0,57.528383055011766,20.43965697616424
2830-3980-0000_3575-170457-0028__T2__3575-3575-170457-0028__HSIMV3__237-237-126133-0022__SIRm5,3575,2830,9,0.0,0.0,0.0,0.0,0.0,57.10043829829322,21.420723325980035
2830-3980-0004_4446-2275-0008__T2__4446-4446-2275-0008__HSIMV3__1284-1284-1181-0007__SIRm5,4446,2830,7,0.0,0.0,0.0,0.0,0.0,48.738877300280826,20.432364279026164
2830-3980-0004_61-70968-0008__T2__61-61-70968-0008__HSIMV3__8230-8230-279154-0008__SIRm5,61,2830,6,0.0,0.0,0.0,0.0,0.0,32.693630878306884,16.309180055962333
2830-3980-0005_5142-33396-0003__T2__5142-5142-33396-0003__HSIMV3__4970-4970-29093-0008__SIRm5,5142,2830,5,0.0,0.0,0.0,0.0,0.0,42.51014272343626,16.96904801081784
2830-3980-0006_7127-75946-0014__T2__7127-7127-75946-0014__HSIMV3__8455-8455-210777-0055__SIRm5,7127,2830,18,0.0,0.05555555555555555,0.0,0.0,0.0,44.504100814284456,17.874373061070756
2830-3980-0007_5142-33396-0026__T2__5142-5142-33396-0026__HSIMV3__4970-4970-29093-0015__SIRm5,5142,2830,5,0.0,0.0,0.0,0.0,0.0,41.521258029810966,18.738050087699985
2830-3980-0007_6829-68769-0014__T2__6829-6829-68769-0014__HSIMV3__4970-4970-29093-0015__SIRm5,6829,2830,5,0.0,0.0,0.0,0.0,0.0,52.93803727529687,19.75949223879289
2830-3980-0007_7176-88083-0000__T2__7176-7176-88083-0000__HSIMV3__61-61-70970-0026__SIRm5,7176,2830,9,0.0,0.0,0.0,0.0,0.0,47.307740260514734,17.47776516362859
2830-3980-0008_121-127105-0013__T2__121-121-127105-0013__HSIMV3__237-237-126133-0017__SIRm5,121,2830,10,0.0,0.0,0.0,0.0,0.0,40.89228827764146,17.65338796792246
2830-3980-0009_260-123286-0015__T2__260-260-123286-0015__HSIMV3__672-672-122797-0034__SIRm5,260,2830,9,0.0,0.0,0.0,0.0,0.0,55.84060598228963,21.460406192347868
2830-3980-0011_2300-131720-0027__T2__2300-2300-131720-0027__HSIMV3__61-61-70970-0015__SIRm5,2300,2830,15,0.0,0.0,0.0,0.0,0.0,48.64079009595222,17.17401451737114
2830-3980-0012_1320-122617-0027__T2__1320-1320-122617-0027__HSIMV3__5105-5105-28240-0000__SIRm5,1320,2830,9,0.0,0.0,0.0,0.0,0.0,51.24192497143012,18.987438999858583
2830-3980-0012_5105-28233-0010__T2__5105-5105-28233-0010__HSIMV3__1320-1320-122612-0011__SIRm5,5105,2830,26,0.0,0.0,0.0,0.0,0.0,53.10541636455068,19.38479784889159
2830-3980-0012_6930-81414-0010__T2__6930-6930-81414-0010__HSIMV3__260-260-123286-0017__SIRm5,6930,2830,6,0.0,0.0,0.0,0.0,0.0,40.14484045896926,15.786946516055291
2830-3980-0018_260-123286-0006__T2__260-260-123286-0006__HSIMV3__6930-6930-81414-0014__SIRm5,260,2830,13,0.0,0.0,0.0,0.0,0.0,55.27343557517616,21.273491633384943
2830-3980-0018_5105-28233-0003__T2__5105-5105-28233-0003__HSIMV3__1320-1320-122612-0011__SIRm5,5105,2830,26,0.0,0.0,0.0,0.0,0.0,47.34631806025139,14.621010696891569
2830-3980-0019_7021-79730-0009__T2__7021-7021-79730-0009__HSIMV3__5105-5105-28241-0017__SIRm5,7021,2830,24,0.0,0.0,0.0,0.0,0.0,55.14710769754586,20.939478152561897
2830-3980-0022_8555-292519-0010__T2__8555-8555-292519-0010__HSIMV3__4970-4970-29095-0002__SIRm5,8555,2830,9,1.0,0.8888888888888888,0.8888888888888888,1.0,0.8888888888888888,-41.659900529136465,-17.871732211230746
2830-3980-0024_1188-133604-0000__T2__1188-1188-133604-0000__HSIMV3__2830-2830-3980-0048__SIRm5,1188,2830,18,0.0,0.0,0.0,0.0,0.0,43.028848972749124,18.09862657593248
2830-3980-0025_1995-1826-0001__T2__1995-1995-1826-0001__HSIMV3__2094-2094-142345-0037__SIRm5,1995,2830,19,0.0,0.0,0.0,0.0,0.0,55.51725058491045,23.85876175581248
2830-3980-0028_6829-68771-0000__T2__6829-6829-68771-0000__HSIMV3__4970-4970-29093-0001__SIRm5,6829,2830,22,0.0,0.0,0.0,0.0,0.0,60.01474591532278,21.88629013435125
2830-3980-0031_1089-134686-0025__T2__1089-1089-134686-0025__HSIMV3__8230-8230-279154-0021__SIRm5,1089,2830,12,0.0,0.0,0.0,0.0,0.0,41.81605891630347,18.698003072246607
2830-3980-0032_237-134500-0010__T2__237-237-134500-0010__HSIMV3__5683-5683-32866-0007__SIRm5,237,2830,6,0.0,0.0,0.0,0.0,0.0,59.92279992753628,22.07395645172034
2830-3980-0032_4507-16021-0022__T2__4507-4507-16021-0022__HSIMV3__3729-3729-6852-0037__SIRm5,4507,2830,10,0.0,0.0,0.0,0.0,0.0,48.10570464950381,18.708694943338024
2830-3980-0032_8463-294828-0006__T2__8463-8463-294828-0006__HSIMV3__4992-4992-41797-0004__SIRm5,8463,2830,13,0.0,0.0,0.0,0.0,0.0,50.59082893643272,20.07104789902865
2830-3980-0035_3575-170457-0019__T2__3575-3575-170457-0019__HSIMV3__237-237-134500-0000__SIRm5,3575,2830,11,0.0,0.0,0.0,0.0,0.0,54.183594438253415,19.222572382164216
2830-3980-0035_6930-75918-0020__T2__6930-6930-75918-0020__HSIMV3__260-260-123288-0024__SIRm5,6930,2830,27,0.0,0.0,0.0,0.0,0.0,46.94880014711052,18.826552629947525
2830-3980-0036_1284-1180-0001__T2__1284-1284-1180-0001__HSIMV3__4446-4446-2271-0009__SIRm5,1284,2830,14,0.0,0.0,0.0,0.0,0.0,46.83309893532398,17.73221593708815
2830-3980-0036_6930-76324-0002__T2__6930-6930-76324-0002__HSIMV3__260-260-123286-0018__SIRm5,6930,2830,10,0.0,0.0,0.0,0.0,0.0,45.07579519871054,17.97144129119187
2830-3980-0037_1089-134691-0023__T2__1089-1089-134691-0023__HSIMV3__8230-8230-279154-0006__SIRm5,1089,2830,14,0.0,0.0,0.0,0.0,0.0,42.70922344553382,18.270199596011818
2830-3980-0037_4970-29095-0020__T2__4970-4970-29095-0020__HSIMV3__6829-6829-68771-0012__SIRm5,4970,2830,23,0.0,0.0,0.0,0.0,0.0,46.67821774509101,19.75399762876604
2830-3980-0038_121-127105-0007__T2__121-121-127105-0007__HSIMV3__237-237-126133-0017__SIRm5,121,2830,10,0.0,0.0,0.0,0.0,0.0,42.196063757902266,18.19759550256265
2830-3980-0038_4077-13754-0006__T2__4077-4077-13754-0006__HSIMV3__8455-8455-210777-0051__SIRm5,4077,2830,24,0.0,0.0,0.0,0.0,0.0,50.401996187938,18.62806880990759
2830-3980-0041_237-126133-0008__T2__237-237-126133-0008__HSIMV3__1580-1580-141084-0021__SIRm5,237,2830,6,0.0,0.0,0.0,0.0,0.0,42.22935819055898,18.8913591138514
2830-3980-0041_4970-29095-0036__T2__4970-4970-29095-0036__HSIMV3__6829-6829-68769-0036__SIRm5,4970,2830,9,0.0,0.0,0.0,0.0,0.0,56.9795736529149,20.6718393366818
2830-3980-0041_7021-79740-0004__T2__7021-7021-79740-0004__HSIMV3__5105-5105-28240-0019__SIRm5,7021,2830,11,0.0,0.0,0.0,0.0,0.0,50.28710203307253,21.292838740172616
2830-3980-0042_260-123288-0022__T2__260-260-123288-0022__HSIMV3__6930-6930-81414-0015__SIRm5,260,2830,6,0.0,0.0,0.0,0.0,0.0,54.99762390778067,20.28047882560354
2830-3980-0042_2961-960-0001__T2__2961-2961-960-0001__HSIMV3__3570-3570-5694-0005__SIRm5,2961,2830,15,0.0,0.0,0.0,0.0,0.0,56.57033077521467,21.074514172771693
2830-3980-0044_5639-40744-0028__T2__5639-5639-40744-0028__HSIMV3__1089-1089-134686-0011__SIRm5,5639,2830,22,0.0,0.0,0.0,0.0,0.0,61.185097045957725,21.235662176783336
2830-3980-0045_237-126133-0019__T2__237-237-126133-0019__HSIMV3__5683-5683-32865-0004__SIRm5,237,2830,13,0.0,0.0,0.0,0.0,0.0,50.56932893991268,20.62163389878172
2830-3980-0045_260-123288-0010__T2__260-260-123288-0010__HSIMV3__672-672-122797-0004__SIRm5,260,2830,18,0.0,0.0,0.0,0.0,0.0,44.32691411054182,18.64828242304106
2830-3980-0047_1284-1181-0013__T2__1284-1284-1181-0013__HSIMV3__4446-4446-2271-0004__SIRm5,1284,2830,23,0.0,0.0,0.0,0.0,0.0,48.4933903105745,18.77052652262008
2830-3980-0047_3729-6852-0022__T2__3729-3729-6852-0022__HSIMV3__4507-4507-16021-0035__SIRm5,3729,2830,14,0.0,0.0,0.0,0.0,0.0,50.56263352299151,20.4514410215667
2830-3980-0048_6829-68771-0010__T2__6829-6829-68771-0010__HSIMV3__4446-4446-2273-0000__SIRm5,6829,2830,16,0.0,0.0625,0.0,0.0,0.0,42.35583202596604,17.434616701776434
2830-3980-0048_6930-76324-0003__T2__6930-6930-76324-0003__HSIMV3__260-260-123288-0018__SIRm5,6930,2830,5,0.0,0.0,0.0,0.0,0.0,44.09693633050437,18.234057304414748
2830-3980-0048_8555-292519-0007__T2__8555-8555-292519-0007__HSIMV3__4970-4970-29095-0038__SIRm5,8555,2830,15,0.0,0.0,0.0,0.0,0.0,60.294967626229294,22.579531213326582
2830-3980-0049_672-122797-0069__T2__672-672-122797-0069__HSIMV3__260-260-123288-0006__SIRm5,672,2830,8,0.0,0.0,0.0,0.0,0.0,39.057704407930885,17.251121452003606
2830-3980-0050_260-123286-0000__T2__260-260-123286-0000__HSIMV3__672-672-122797-0061__SIRm5,260,2830,13,0.07692307692307693,0.07692307692307693,0.0,0.0,0.0,60.13367653870353,20.74274243327724
2830-3980-0050_672-122797-0025__T2__672-672-122797-0025__HSIMV3__260-260-123288-0007__SIRm5,672,2830,20,0.0,0.1,0.0,0.0,0.0,45.1312478510541,18.691485511255017
2830-3980-0051_4446-2273-0029__T2__4446-4446-2273-0029__HSIMV3__1284-1284-1180-0027__SIRm5,4446,2830,5,0.0,0.0,0.0,0.0,0.0,41.4869671150541,19.408453078296432
2830-3980-0051_7176-92135-0032__T2__7176-7176-92135-0032__HSIMV3__61-61-70970-0033__SIRm5,7176,2830,5,1.0,1.0,1.0,1.0,1.0,-29.589048418996658,-14.777434496461323
2830-3980-0052_1089-134691-0020__T2__1089-1089-134691-0020__HSIMV3__8230-8230-279154-0032__SIRm5,1089,2830,6,1.0,1.0,1.0,1.0,1.0,-50.68682520806655,-26.22833229888615
2830-3980-0052_4507-16021-0008__T2__4507-4507-16021-0008__HSIMV3__3729-3729-6852-0016__SIRm5,4507,2830,6,0.0,0.0,0.0,0.0,0.0,49.7799555125216,22.23446368391115
2830-3980-0052_8455-210777-0035__T2__8455-8455-210777-0035__HSIMV3__1320-1320-122612-0006__SIRm5,8455,2830,8,0.125,0.0,0.0,0.0,0.0,56.1614955576694,21.820135694709062
2830-3980-0053_1284-1180-0009__T2__1284-1284-1180-0009__HSIMV3__4446-4446-2271-0001__SIRm5,1284,2830,11,0.0,0.0,0.0,0.0,0.0,53.97700498833377,19.24426951527421
2830-3980-0053_1995-1837-0007__T2__1995-1995-1837-0007__HSIMV3__2094-2094-142345-0034__SIRm5,1995,2830,14,0.0,0.0,0.0,0.0,0.0,51.17229168986016,23.02539663433277
2830-3980-0053_6930-81414-0020__T2__6930-6930-81414-0020__HSIMV3__260-260-123286-0031__SIRm5,6930,2830,9,0.0,0.0,0.0,0.0,0.0,48.0150083169328,18.669552735757943
2830-3980-0053_7127-75946-0008__T2__7127-7127-75946-0008__HSIMV3__8455-8455-210777-0049__SIRm5,7127,2830,7,0.0,0.0,0.0,0.0,0.0,43.30531580480222,17.58677124042399
2830-3980-0054_237-134500-0034__T2__237-237-134500-0034__HSIMV3__5683-5683-32866-0022__SIRm5,237,2830,5,0.0,0.0,0.0,0.0,0.0,43.73822316185565,18.81912537775092
2830-3980-0054_3575-170457-0020__T2__3575-3575-170457-0020__HSIMV3__237-237-134500-0041__SIRm5,3575,2830,16,0.0,0.0,0.0,0.0,0.0,49.62512108087547,18.4882982299831
2830-3980-0056_2961-961-0012__T2__2961-2961-961-0012__HSIMV3__3570-3570-5694-0010__SIRm5,2961,2830,25,0.0,0.0,0.0,0.0,0.0,56.129051716188386,21.40934471487072
2830-3980-0061_5639-40744-0019__T2__5639-5639-40744-0019__HSIMV3__1089-1089-134686-0024__SIRm5,5639,2830,22,0.0,0.0,0.0,0.0,0.0,52.53680652945165,20.34469227515794
2830-3980-0061_908-31957-0018__T2__908-908-31957-0018__HSIMV3__7176-7176-88083-0016__SIRm5,908,2830,6,0.0,0.0,0.0,0.0,0.0,39.525346058480324,15.892754212011466
2830-3980-0062_1995-1836-0013__T2__1995-1995-1836-0013__HSIMV3__2094-2094-142345-0021__SIRm5,1995,2830,9,0.0,0.0,0.0,0.0,0.0,50.384937139695204,18.875068215164426
2830-3980-0062_6829-68769-0034__T2__6829-6829-68769-0034__HSIMV3__4970-4970-29095-0024__SIRm5,6829,2830,11,0.0,0.0,0.0,0.0,0.0,47.227998663959085,19.32874345992856
2830-3980-0062_7021-79730-0009__T2__7021-7021-79730-0009__HSIMV3__5105-5105-28241-0017__SIRm5,7021,2830,24,0.0,0.0,0.0,0.0,0.0,55.153559010473195,20.940038581060392
2830-3980-0063_4446-2271-0024__T2__4446-4446-2271-0024__HSIMV3__4992-4992-41797-0016__SIRm5,4446,2830,5,0.0,0.0,0.0,0.0,0.0,24.984133473477208,14.725430668452011
2830-3980-0065_1320-122612-0011__T2__1320-1320-122612-0011__HSIMV3__5105-5105-28240-0006__SIRm5,1320,2830,26,0.038461538461538464,0.038461538461538464,0.0,0.0,0.0,50.652810216675064,20.06658470844004
2830-3980-0066_1995-1837-0000__T2__1995-1995-1837-0000__HSIMV3__2094-2094-142345-0056__SIRm5,1995,2830,6,0.0,0.0,0.0,0.0,0.0,50.779840104576294,22.9787625640025
2830-3980-0066_260-123286-0009__T2__260-260-123286-0009__HSIMV3__672-672-122797-0070__SIRm5,260,2830,10,0.0,0.0,0.0,0.0,0.0,47.51091755591729,17.541012947740878
2830-3980-0068_2300-131720-0030__T2__2300-2300-131720-0030__HSIMV3__61-61-70970-0004__SIRm5,2300,2830,18,0.0,0.0,0.0,0.0,0.0,43.203887189280216,17.310822226577717
2830-3980-0069_1089-134686-0002__T2__1089-1089-134686-0002__HSIMV3__8230-8230-279154-0021__SIRm5,1089,2830,12,0.0,0.0,0.0,0.0,0.0,47.515387192809044,17.763571446553392
2830-3980-0070_3570-5694-0005__T2__3570-3570-5694-0005__HSIMV3__4507-4507-16021-0053__SIRm5,3570,2830,15,0.0,0.0,0.0,0.0,0.0,55.64804596178754,22.06102867165223
2830-3980-0071_5142-33396-0024__T2__5142-5142-33396-0024__HSIMV3__4970-4970-29095-0002__SIRm5,5142,2830,9,0.0,0.0,0.0,0.0,0.0,52.411720338548825,20.345706834660096
2830-3980-0072_3575-170457-0021__T2__3575-3575-170457-0021__HSIMV3__237-237-134500-0014__SIRm5,3575,2830,7,0.0,0.0,0.0,0.0,0.0,47.08514550015659,20.90397392796608
2830-3980-0072_6930-81414-0008__T2__6930-6930-81414-0008__HSIMV3__260-260-123440-0015__SIRm5,6930,2830,11,0.0,0.0,0.0,0.0,0.0,49.6492246601736,17.305791899071636
2830-3980-0073_2300-131720-0015__T2__2300-2300-131720-0015__HSIMV3__61-61-70970-0015__SIRm5,2300,2830,15,0.0,0.0,0.0,0.0,0.0,40.880070537623844,16.587114018389652
2830-3980-0075_4507-16021-0002__T2__4507-4507-16021-0002__HSIMV3__3729-3729-6852-0027__SIRm5,4507,2830,5,0.0,0.0,0.0,0.0,0.0,52.98088618301972,21.63744133980645
2830-3980-0075_8463-294825-0003__T2__8463-8463-294825-0003__HSIMV3__4992-4992-41797-0013__SIRm5,8463,2830,18,0.0,0.0,0.0,0.0,0.0,52.54386956256662,20.07278637819409
2830-3980-0076_237-126133-0009__T2__237-237-126133-0009__HSIMV3__5683-5683-32879-0021__SIRm5,237,2830,6,0.16666666666666666,0.0,0.0,0.3333333333333333,0.0,34.67586735553084,6.372151971809626
2830-3980-0076_8463-287645-0002__T2__8463-8463-287645-0002__HSIMV3__4992-4992-41806-0015__SIRm5,8463,2830,23,0.0,0.0,0.0,0.0,0.0,47.07129682230148,19.382390942731263
2961-960-0005_6829-68771-0003__T2__6829-6829-68771-0003__HSIMV3__4446-4446-2273-0005__SIRm5,6829,2961,7,0.0,0.0,0.0,0.0,0.0,53.26589067670869,19.467570658034514
2961-960-0006_5683-32866-0028__T2__5683-5683-32866-0028__HSIMV3__237-237-126133-0017__SIRm5,5683,2961,10,0.0,0.0,0.0,0.0,0.0,60.49858615020298,23.483451243715976
2961-960-0007_3729-6852-0002__T2__3729-3729-6852-0002__HSIMV3__4507-4507-16021-0053__SIRm5,3729,2961,15,0.06666666666666667,0.06666666666666667,0.06666666666666667,0.0,0.0,53.31119600278511,20.517410246188568
2961-960-0007_4446-2271-0020__T2__4446-4446-2271-0020__HSIMV3__1284-1284-1181-0014__SIRm5,4446,2961,14,1.0,1.0,1.0,1.0,1.0,-55.57155935302147,-29.199416870673787
2961-960-0007_672-122797-0017__T2__672-672-122797-0017__HSIMV3__260-260-123440-0016__SIRm5,672,2961,8,0.0,0.0,0.0,0.0,0.0,51.524869729740544,19.720755495120915
2961-960-0008_7176-92135-0015__T2__7176-7176-92135-0015__HSIMV3__61-61-70970-0036__SIRm5,7176,2961,12,0.9166666666666666,1.0,0.9166666666666666,0.8333333333333334,0.8333333333333334,-20.091519405026258,-5.076209332872886
2961-960-0009_1995-1826-0023__T2__1995-1995-1826-0023__HSIMV3__2094-2094-142345-0034__SIRm5,1995,2961,14,0.07142857142857142,0.0,0.0,0.0,0.0,56.728485602949796,22.756912307395183
2961-960-0009_6829-68769-0027__T2__6829-6829-68769-0027__HSIMV3__4970-4970-29093-0000__SIRm5,6829,2961,5,0.0,0.0,0.0,0.0,0.0,50.156257743571054,20.26760459332188
2961-960-0012_6829-68771-0015__T2__6829-6829-68771-0015__HSIMV3__4970-4970-29095-0030__SIRm5,6829,2961,8,0.0,0.0,0.0,0.0,0.0,56.432781211034055,21.51716757890997
2961-960-0013_1089-134686-0035__T2__1089-1089-134686-0035__HSIMV3__8230-8230-279154-0012__SIRm5,1089,2961,5,0.0,0.0,0.0,0.0,0.0,48.24049608741552,20.463186446475643
2961-960-0014_2830-3980-0010__T2__2830-2830-3980-0010__HSIMV3__1188-1188-133604-0039__SIRm5,2830,2961,12,0.0,0.0,0.0,0.0,0.0,49.69182885367264,18.286131059940665
2961-960-0014_5105-28240-0002__T2__5105-5105-28240-0002__HSIMV3__1320-1320-122617-0030__SIRm5,5105,2961,6,0.0,0.0,0.0,0.0,0.0,41.56213876818829,17.35654516756405
2961-960-0014_7176-92135-0000__T2__7176-7176-92135-0000__HSIMV3__61-61-70970-0004__SIRm5,7176,2961,20,0.0,0.0,0.0,0.0,0.0,26.746640977646827,14.19799647918714
2961-960-0015_8555-284449-0001__T2__8555-8555-284449-0001__HSIMV3__4970-4970-29095-0038__SIRm5,8555,2961,16,0.9375,1.0,0.9375,1.0,0.9375,-34.99759899697081,-13.616797900951886
2961-960-0016_4992-41806-0004__T2__4992-4992-41806-0004__HSIMV3__4446-4446-2271-0003__SIRm5,4992,2961,6,0.0,0.0,0.0,0.0,0.0,51.92456447483758,20.06036764315205
2961-960-0016_6829-68769-0005__T2__6829-6829-68769-0005__HSIMV3__4970-4970-29095-0032__SIRm5,6829,2961,12,0.0,0.0,0.0,0.0,0.0,48.427921254922694,17.603511398135627
2961-960-0017_6829-68769-0004__T2__6829-6829-68769-0004__HSIMV3__4970-4970-29095-0037__SIRm5,6829,2961,12,0.0,0.0,0.0,0.0,0.0,51.294874302131554,20.9906706009947
2961-960-0017_7729-102255-0014__T2__7729-7729-102255-0014__HSIMV3__7176-7176-88083-0020__SIRm5,7729,2961,9,0.0,0.0,0.0,0.0,0.0,40.266332858072296,17.214258696322663
2961-960-0018_6930-76324-0020__T2__6930-6930-76324-0020__HSIMV3__260-260-123440-0015__SIRm5,6930,2961,11,0.0,0.0,0.0,0.0,0.0,44.42221016247025,17.053698906346675
2961-960-0019_1320-122612-0007__T2__1320-1320-122612-0007__HSIMV3__5105-5105-28240-0000__SIRm5,1320,2961,9,0.1111111111111111,0.0,0.0,0.0,0.0,54.838974958915934,19.23656976213761
2961-960-0020_2094-142345-0006__T2__2094-2094-142345-0006__HSIMV3__3729-3729-6852-0032__SIRm5,2094,2961,26,0.0,0.038461538461538464,0.0,0.0,0.0,50.13314618172271,18.667341414054448
2961-960-0020_237-134493-0005__T2__237-237-134493-0005__HSIMV3__5683-5683-32879-0002__SIRm5,237,2961,20,0.0,0.0,0.0,0.0,0.0,53.48384474935517,21.29693110896196
2961-960-0022_4970-29095-0027__T2__4970-4970-29095-0027__HSIMV3__6829-6829-68769-0001__SIRm5,4970,2961,17,0.0,0.0,0.0,0.0,0.0,46.09973013315871,18.970830136245432
2961-961-0000_1320-122617-0014__T2__1320-1320-122617-0014__HSIMV3__5105-5105-28240-0012__SIRm5,1320,2961,8,0.0,0.0,0.0,0.0,0.0,49.96961094961987,18.761582450904008
2961-961-0000_237-134500-0013__T2__237-237-134500-0013__HSIMV3__1580-1580-141083-0029__SIRm5,237,2961,19,0.0,0.0,0.0,0.0,0.0,50.47989971725739,19.587831188546502
2961-961-0001_61-70968-0016__T2__61-61-70968-0016__HSIMV3__8230-8230-279154-0008__SIRm5,61,2961,6,0.0,0.0,0.0,0.0,0.0,45.30255386574137,17.51086811837368
2961-961-0001_7127-75947-0013__T2__7127-7127-75947-0013__HSIMV3__8455-8455-210777-0042__SIRm5,7127,2961,8,0.125,0.125,0.125,0.0,0.0,49.45548779379024,19.56746407191628
2961-961-0004_7729-102255-0040__T2__7729-7729-102255-0040__HSIMV3__7176-7176-88083-0021__SIRm5,7729,2961,22,0.0,0.0,0.0,0.0,0.0,40.134991375219606,16.422433918714596
2961-961-0005_1995-1837-0026__T2__1995-1995-1837-0026__HSIMV3__2094-2094-142345-0034__SIRm5,1995,2961,14,0.0,0.0,0.0,0.0,0.0,53.229898144366736,20.24825516680754
2961-961-0005_4507-16021-0005__T2__4507-4507-16021-0005__HSIMV3__3729-3729-6852-0016__SIRm5,4507,2961,7,0.0,0.0,0.0,0.0,0.0,51.8477138603455,19.174179904559946
2961-961-0006_1995-1837-0029__T2__1995-1995-1837-0029__HSIMV3__2094-2094-142345-0054__SIRm5,1995,2961,10,0.0,0.0,0.0,0.0,0.0,57.46118504389074,21.070320529375
2961-961-0006_8555-292519-0005__T2__8555-8555-292519-0005__HSIMV3__4970-4970-29095-0004__SIRm5,8555,2961,18,0.0,0.0,0.0,0.0,0.0,54.92701335963211,21.78873083910703
2961-961-0007_6930-76324-0016__T2__6930-6930-76324-0016__HSIMV3__260-260-123288-0011__SIRm5,6930,2961,16,0.0,0.0,0.0,0.0,0.0,41.15983938171153,17.005726315046118
2961-961-0007_7127-75947-0023__T2__7127-7127-75947-0023__HSIMV3__8455-8455-210777-0056__SIRm5,7127,2961,9,0.0,0.0,0.0,0.0,0.0,42.58370804317304,16.791574593631232
2961-961-0008_4992-23283-0002__T2__4992-4992-23283-0002__HSIMV3__4446-4446-2273-0019__SIRm5,4992,2961,5,0.0,0.0,0.0,0.0,0.0,47.920953642783026,16.216393157056068
2961-961-0009_1580-141083-0015__T2__1580-1580-141083-0015__HSIMV3__237-237-134500-0032__SIRm5,1580,2961,8,0.0,0.0,0.0,0.0,0.0,43.86165511416833,19.14789963628374
2961-961-0009_4446-2275-0005__T2__4446-4446-2275-0005__HSIMV3__1284-1284-1180-0004__SIRm5,4446,2961,7,0.0,0.0,0.0,0.0,0.0,48.095762249614225,20.42271205047997
2961-961-0009_5683-32865-0003__T2__5683-5683-32865-0003__HSIMV3__237-237-126133-0004__SIRm5,5683,2961,5,1.0,1.0,1.0,1.0,1.0,-49.195086233965895,-23.549548434044507
2961-961-0010_4992-41797-0015__T2__4992-4992-41797-0015__HSIMV3__4446-4446-2271-0009__SIRm5,4992,2961,14,0.0,0.0,0.0,0.0,0.0,48.89019909808838,19.58020835193354
2961-961-0010_7127-75946-0007__T2__7127-7127-75946-0007__HSIMV3__8455-8455-210777-0042__SIRm5,7127,2961,8,0.0,0.125,0.0,0.0,0.0,42.85342480799041,16.720307822857023
2961-961-0011_3729-6852-0043__T2__3729-3729-6852-0043__HSIMV3__4507-4507-16021-0043__SIRm5,3729,2961,6,0.0,0.0,0.0,0.0,0.0,45.473131751658876,18.249954325104227
2961-961-0011_5142-36377-0015__T2__5142-5142-36377-0015__HSIMV3__4970-4970-29095-0035__SIRm5,5142,2961,7,0.0,0.0,0.0,0.0,0.0,47.367557600560765,19.770556109548163
2961-961-0012_4992-41797-0016__T2__4992-4992-41797-0016__HSIMV3__4446-4446-2275-0032__SIRm5,4992,2961,5,0.0,0.0,0.0,0.0,0.0,51.69782197211216,21.452176361127524
2961-961-0013_4077-13751-0007__T2__4077-4077-13751-0007__HSIMV3__8455-8455-210777-0022__SIRm5,4077,2961,31,0.0,0.0,0.0,0.0,0.0,48.613602132571955,18.23206254049214
2961-961-0013_5105-28241-0017__T2__5105-5105-28241-0017__HSIMV3__1320-1320-122612-0011__SIRm5,5105,2961,24,0.0,0.0,0.0,0.0,0.0,59.07516125260069,22.51012525844623
2961-961-0013_8455-210777-0018__T2__8455-8455-210777-0018__HSIMV3__1320-1320-122612-0005__SIRm5,8455,2961,9,0.0,0.0,0.0,0.0,0.0,55.016957984156555,21.21662075428692
2961-961-0014_237-126133-0008__T2__237-237-126133-0008__HSIMV3__5683-5683-32865-0015__SIRm5,237,2961,5,0.0,0.0,0.0,0.0,0.0,45.9861140747906,18.448998913256823
2961-961-0015_5683-32865-0015__T2__5683-5683-32865-0015__HSIMV3__237-237-126133-0009__SIRm5,5683,2961,5,0.2,0.0,0.0,0.0,0.0,22.763830798478658,16.802128188622287
2961-961-0016_237-134500-0012__T2__237-237-134500-0012__HSIMV3__5683-5683-32879-0002__SIRm5,237,2961,20,0.05,0.05,0.05,0.0,0.0,56.46074662870732,19.081518508677792
2961-961-0018_8555-284447-0004__T2__8555-8555-284447-0004__HSIMV3__4970-4970-29095-0009__SIRm5,8555,2961,9,1.0,1.0,1.0,1.0,1.0,-59.17951755830225,-26.54373268510765
2961-961-0020_4446-2275-0012__T2__4446-4446-2275-0012__HSIMV3__4992-4992-41797-0022__SIRm5,4446,2961,11,0.0,0.0,0.0,0.0,0.0,48.149129978495054,19.252571374270467
2961-961-0020_5142-33396-0003__T2__5142-5142-33396-0003__HSIMV3__4970-4970-29093-0008__SIRm5,5142,2961,5,0.0,0.0,0.0,0.0,0.0,42.55834668342504,16.964985703204924
3570-5694-0000_7176-88083-0002__T2__7176-7176-88083-0002__HSIMV3__61-61-70970-0035__SIRm5,7176,3570,13,0.07692307692307693,0.0,0.0,0.0,0.0,39.022808153586574,17.2958320710257
3570-5694-0001_1089-134691-0022__T2__1089-1089-134691-0022__HSIMV3__8230-8230-279154-0023__SIRm5,1089,3570,10,0.0,0.0,0.0,0.0,0.0,49.39462933385844,20.62302446992282
3570-5694-0001_908-31957-0012__T2__908-908-31957-0012__HSIMV3__7176-7176-88083-0004__SIRm5,908,3570,13,0.0,0.0,0.0,0.0,0.0,38.32164484565671,18.99566721856972
3570-5694-0002_61-70968-0032__T2__61-61-70968-0032__HSIMV3__8230-8230-279154-0039__SIRm5,61,3570,7,0.0,0.0,0.0,0.0,0.0,40.36631346678799,17.9036099663135
3570-5694-0004_4992-23283-0020__T2__4992-4992-23283-0020__HSIMV3__4446-4446-2271-0016__SIRm5,4992,3570,19,0.0,0.0,0.0,0.0,0.0,57.44086755996033,20.178320060573043
3570-5694-0007_2300-131720-0027__T2__2300-2300-131720-0027__HSIMV3__61-61-70970-0015__SIRm5,2300,3570,15,0.0,0.0,0.0,0.0,0.0,48.642374505839015,17.174300593856046
3570-5694-0007_5142-36377-0003__T2__5142-5142-36377-0003__HSIMV3__4970-4970-29095-0017__SIRm5,5142,3570,6,0.0,0.0,0.0,0.0,0.0,47.732203602245,20.750873657479907
3570-5694-0007_672-122797-0059__T2__672-672-122797-0059__HSIMV3__260-260-123288-0022__SIRm5,672,3570,6,0.3333333333333333,0.3333333333333333,0.3333333333333333,0.5,0.3333333333333333,-3.0207841184586255,5.016168136254881
3570-5694-0008_237-126133-0023__T2__237-237-126133-0023__HSIMV3__5683-5683-32865-0010__SIRm5,237,3570,11,0.0,0.0,0.0,0.0,0.0,39.39625603334476,13.92124128459262
3570-5694-0008_7021-79740-0002__T2__7021-7021-79740-0002__HSIMV3__5105-5105-28240-0024__SIRm5,7021,3570,15,0.0,0.2,0.0,0.0,0.0,53.75320428194278,22.142820571833187
3570-5694-0010_5142-33396-0011__T2__5142-5142-33396-0011__HSIMV3__4970-4970-29093-0008__SIRm5,5142,3570,6,0.0,0.0,0.0,0.0,0.0,43.87036227129523,19.34694914943865
3570-5694-0010_7176-92135-0002__T2__7176-7176-92135-0002__HSIMV3__61-61-70970-0009__SIRm5,7176,3570,5,0.0,0.0,0.0,0.0,0.0,29.922112855773367,8.256060115582997
3570-5694-0010_908-31957-0012__T2__908-908-31957-0012__HSIMV3__7176-7176-88083-0004__SIRm5,908,3570,13,0.0,0.0,0.0,0.0,0.0,38.282260011862746,18.99320436416798
3570-5694-0011_672-122797-0074__T2__672-672-122797-0074__HSIMV3__260-260-123288-0003__SIRm5,672,3570,15,0.06666666666666667,0.0,0.0,0.0,0.0,42.91882301031307,17.780820036816245
3570-5694-0013_3575-170457-0017__T2__3575-3575-170457-0017__HSIMV3__237-237-134500-0018__SIRm5,3575,3570,24,0.041666666666666664,0.0,0.0,0.0,0.0,55.011620490993835,20.66478598497861
3570-5694-0013_3575-170457-0030__T2__3575-3575-170457-0030__HSIMV3__237-237-134500-0041__SIRm5,3575,3570,16,0.0,0.0625,0.0,0.0,0.0,52.37852294911988,21.309859643954184
3570-5694-0014_4507-16021-0052__T2__4507-4507-16021-0052__HSIMV3__3729-3729-6852-0038__SIRm5,4507,3570,10,0.1,0.0,0.0,0.0,0.0,49.67844021463439,19.848145579952668
3570-5694-0015_6829-68771-0010__T2__6829-6829-68771-0010__HSIMV3__4970-4970-29093-0018__SIRm5,6829,3570,18,0.0,0.05555555555555555,0.0,0.0,0.0,51.90236285812794,20.723105647198103
3570-5694-0015_8463-294828-0028__T2__8463-8463-294828-0028__HSIMV3__4992-4992-41806-0001__SIRm5,8463,3570,14,0.0,0.0,0.0,0.0,0.0,54.288075561545206,21.37468670443674
3570-5694-0017_1221-135766-0013__T2__1221-1221-135766-0013__HSIMV3__4992-4992-41806-0005__SIRm5,1221,3570,6,0.0,0.0,0.0,0.0,0.0,46.17741068698485,18.425493964746103
3570-5694-0017_4970-29095-0012__T2__4970-4970-29095-0012__HSIMV3__6829-6829-68769-0011__SIRm5,4970,3570,8,0.875,1.0,0.875,0.75,0.75,-7.3326085935593195,1.6967061275164743
3570-5694-0017_61-70970-0016__T2__61-61-70970-0016__HSIMV3__8230-8230-279154-0039__SIRm5,61,3570,7,0.0,0.0,0.0,0.0,0.0,42.160552941724916,17.165847531395162
3570-5694-0018_1188-133604-0041__T2__1188-1188-133604-0041__HSIMV3__2830-2830-3980-0007__SIRm5,1188,3570,19,0.0,0.0,0.0,0.0,0.0,48.37882603791605,20.017449148425506
3570-5694-0018_121-127105-0036__T2__121-121-127105-0036__HSIMV3__237-237-126133-0016__SIRm5,121,3570,7,0.0,0.42857142857142855,0.0,0.0,0.0,49.335924852510026,20.47577859352028
3570-5694-0018_8555-284447-0010__T2__8555-8555-284447-0010__HSIMV3__4970-4970-29095-0020__SIRm5,8555,3570,23,0.9565217391304348,0.8695652173913043,0.8695652173913043,1.0,0.8695652173913043,-60.24194235044006,-29.246457851804635
3570-5694-0019_5105-28240-0024__T2__5105-5105-28240-0024__HSIMV3__1320-1320-122612-0008__SIRm5,5105,3570,14,0.0,0.0,0.0,0.0,0.0,51.847252983759404,20.30199917211604
3570-5694-0019_6930-75918-0006__T2__6930-6930-75918-0006__HSIMV3__260-260-123286-0009__SIRm5,6930,3570,10,0.0,0.0,0.0,0.0,0.0,36.25112865433289,14.535296899403903
3570-5694-0020_4446-2273-0000__T2__4446-4446-2273-0000__HSIMV3__1284-1284-1180-0025__SIRm5,4446,3570,16,0.0,0.0,0.0,0.0,0.0,53.31867606454806,18.900765015534684
3570-5694-0021_237-134500-0014__T2__237-237-134500-0014__HSIMV3__5683-5683-32866-0006__SIRm5,237,3570,7,0.0,0.0,0.0,0.0,0.0,40.5028176873112,15.6868904463543
3570-5695-0000_5105-28233-0006__T2__5105-5105-28233-0006__HSIMV3__1320-1320-122612-0007__SIRm5,5105,3570,10,0.0,0.0,0.0,0.0,0.0,55.801551485696294,20.998322192934005
3570-5695-0001_672-122797-0050__T2__672-672-122797-0050__HSIMV3__260-260-123288-0006__SIRm5,672,3570,8,0.0,0.0,0.0,0.0,0.0,39.435518129428914,16.514801336909287
3570-5695-0002_8230-279154-0000__T2__8230-8230-279154-0000__HSIMV3__61-61-70970-0015__SIRm5,8230,3570,15,0.0,0.0,0.0,0.0,0.0,42.71871641488102,16.34356866704575
3570-5695-0003_3575-170457-0032__T2__3575-3575-170457-0032__HSIMV3__237-237-134500-0023__SIRm5,3575,3570,5,0.0,0.2,0.0,0.0,0.0,50.35957583734724,22.654980675767938
3570-5695-0003_8455-210777-0024__T2__8455-8455-210777-0024__HSIMV3__1320-1320-122612-0002__SIRm5,8455,3570,13,0.07692307692307693,0.0,0.0,0.0,0.0,54.80227240988731,21.05170493059407
3570-5695-0004_237-126133-0015__T2__237-237-126133-0015__HSIMV3__5683-5683-32865-0009__SIRm5,237,3570,17,0.0,0.0,0.0,0.0,0.0,52.979336345584514,20.45632874940138
3570-5695-0004_8455-210777-0010__T2__8455-8455-210777-0010__HSIMV3__1320-1320-122612-0016__SIRm5,8455,3570,5,0.0,0.0,0.0,0.0,0.0,46.625669506554786,19.35150812828135
3570-5695-0006_1284-1181-0015__T2__1284-1284-1181-0015__HSIMV3__4446-4446-2271-0014__SIRm5,1284,3570,9,0.0,0.0,0.0,0.0,0.0,45.25325137133515,18.419487766464943
3570-5695-0006_3575-170457-0053__T2__3575-3575-170457-0053__HSIMV3__237-237-134500-0018__SIRm5,3575,3570,22,0.0,0.0,0.0,0.0,0.0,49.71243637652197,19.36746050469377
3570-5695-0007_5105-28233-0001__T2__5105-5105-28233-0001__HSIMV3__1320-1320-122617-0005__SIRm5,5105,3570,7,0.0,0.0,0.0,0.0,0.0,49.648084230224,20.349276713892312
3570-5695-0008_7021-79759-0003__T2__7021-7021-79759-0003__HSIMV3__5105-5105-28233-0000__SIRm5,7021,3570,8,0.0,0.0,0.0,0.0,0.0,50.661146679967445,21.64185558784667
3570-5695-0009_237-134500-0032__T2__237-237-134500-0032__HSIMV3__5683-5683-32866-0030__SIRm5,237,3570,8,0.0,0.0,0.0,0.0,0.0,51.000085102081876,19.93492033415856
3570-5695-0009_2961-961-0017__T2__2961-2961-961-0017__HSIMV3__3570-3570-5694-0008__SIRm5,2961,3570,17,0.0,0.0,0.0,0.0,0.0,53.929986532465065,19.68379105247166
3570-5695-0009_4970-29095-0008__T2__4970-4970-29095-0008__HSIMV3__8555-8555-292519-0011__SIRm5,4970,3570,5,0.0,0.0,0.0,0.0,0.0,64.25194669597417,22.34309693386033
3570-5695-0010_5105-28240-0015__T2__5105-5105-28240-0015__HSIMV3__1320-1320-122617-0020__SIRm5,5105,3570,16,0.0,0.0,0.0,0.0,0.0,49.537576423145886,19.84057435560202
3570-5695-0010_672-122797-0058__T2__672-672-122797-0058__HSIMV3__260-260-123288-0004__SIRm5,672,3570,7,1.0,0.8571428571428571,0.8571428571428571,1.0,0.8571428571428571,-46.02998332873971,-22.66318311611208
3570-5695-0011_4507-16021-0056__T2__4507-4507-16021-0056__HSIMV3__3729-3729-6852-0037__SIRm5,4507,3570,10,0.0,0.0,0.0,0.0,0.0,58.72598188174313,20.52800606029237
3570-5695-0011_6829-68771-0009__T2__6829-6829-68771-0009__HSIMV3__4970-4970-29095-0018__SIRm5,6829,3570,23,0.0,0.0,0.0,0.0,0.0,56.03053457646976,21.30588736620601
3570-5695-0011_8455-210777-0058__T2__8455-8455-210777-0058__HSIMV3__1320-1320-122617-0037__SIRm5,8455,3570,13,0.07692307692307693,0.0,0.0,0.0,0.0,53.92378505418454,19.269975409475187
3570-5695-0012_5142-33396-0022__T2__5142-5142-33396-0022__HSIMV3__4970-4970-29095-0035__SIRm5,5142,3570,8,0.0,0.0,0.0,0.0,0.0,53.13448686089855,20.76998138150027
3570-5695-0015_1580-141084-0000__T2__1580-1580-141084-0000__HSIMV3__237-237-126133-0012__SIRm5,1580,3570,7,0.0,0.0,0.0,0.0,0.0,54.18020206655102,20.508014554037363
3570-5695-0015_6829-68771-0036__T2__6829-6829-68771-0036__HSIMV3__4970-4970-29095-0036__SIRm5,6829,3570,9,0.0,0.0,0.0,0.0,0.0,54.89064920243251,21.06911398478217
3570-5695-0015_8463-294828-0037__T2__8463-8463-294828-0037__HSIMV3__4992-4992-41797-0000__SIRm5,8463,3570,9,0.0,0.0,0.0,0.0,0.0,55.40333770807976,21.19560438213757
3570-5696-0002_237-134500-0016__T2__237-237-134500-0016__HSIMV3__5683-5683-32866-0008__SIRm5,237,3570,5,0.0,0.0,0.0,0.0,0.0,51.38492059725972,21.357262505265947
3570-5696-0002_5105-28240-0004__T2__5105-5105-28240-0004__HSIMV3__1320-1320-122612-0013__SIRm5,5105,3570,11,0.0,0.0,0.0,0.0,0.0,53.72873649858247,19.615091638824392
3570-5696-0004_1320-122617-0023__T2__1320-1320-122617-0023__HSIMV3__5105-5105-28240-0024__SIRm5,1320,3570,14,0.0,0.07142857142857142,0.0,0.0,0.0,55.170512957666276,20.828948271388764
3570-5696-0006_260-123286-0006__T2__260-260-123286-0006__HSIMV3__6930-6930-81414-0014__SIRm5,260,3570,13,0.0,0.0,0.0,0.0,0.0,55.27605137677823,21.27381552437392
3570-5696-0006_4507-16021-0021__T2__4507-4507-16021-0021__HSIMV3__3729-3729-6852-0042__SIRm5,4507,3570,27,0.037037037037037035,0.07407407407407407,0.037037037037037035,0.0,0.0,56.70859426683983,20.755572939781565
3570-5696-0006_8555-284449-0008__T2__8555-8555-284449-0008__HSIMV3__4970-4970-29095-0009__SIRm5,8555,3570,10,1.0,0.9,0.9,1.0,0.9,-49.150291689055074,-23.30427932499165
3570-5696-0007_1995-1837-0003__T2__1995-1995-1837-0003__HSIMV3__2094-2094-142345-0043__SIRm5,1995,3570,13,0.0,0.0,0.0,0.0,0.0,51.35258491400161,21.97578704653428
3570-5696-0007_260-123286-0016__T2__260-260-123286-0016__HSIMV3__672-672-122797-0061__SIRm5,260,3570,13,0.0,0.0,0.0,0.0,0.0,48.97308519905645,20.567739999174865
3570-5696-0007_5639-40744-0024__T2__5639-5639-40744-0024__HSIMV3__1089-1089-134686-0017__SIRm5,5639,3570,16,0.0,0.0,0.0,0.0,0.0,51.1659944389873,20.546758482063183
3570-5696-0008_4446-2271-0005__T2__4446-4446-2271-0005__HSIMV3__1284-1284-1180-0027__SIRm5,4446,3570,5,1.0,1.0,1.0,1.0,1.0,-42.70538278075743,-17.8038742696613
3570-5696-0009_7729-102255-0016__T2__7729-7729-102255-0016__HSIMV3__7176-7176-88083-0021__SIRm5,7729,3570,22,0.0,0.0,0.0,0.0,0.0,41.5508191822148,17.42247443784994
3575-170457-0000_672-122797-0005__T2__672-672-122797-0005__HSIMV3__260-260-123286-0020__SIRm5,672,3575,5,0.0,0.0,0.0,0.0,0.0,45.85937131974135,16.876206048798174
3575-170457-0003_7021-85628-0019__T2__7021-7021-85628-0019__HSIMV3__5105-5105-28240-0014__SIRm5,7021,3575,5,0.0,0.0,0.0,0.0,0.0,48.715761186124226,18.96658671197442
3575-170457-0003_7127-75947-0025__T2__7127-7127-75947-0025__HSIMV3__8455-8455-210777-0056__SIRm5,7127,3575,10,0.0,0.0,0.0,0.0,0.0,45.083772403706824,18.035280407128784
3575-170457-0004_8463-294825-0008__T2__8463-8463-294825-0008__HSIMV3__4992-4992-23283-0007__SIRm5,8463,3575,6,0.0,0.0,0.0,0.0,0.0,47.72570134211055,18.44245479559938
3575-170457-0005_6829-68769-0006__T2__6829-6829-68769-0006__HSIMV3__4970-4970-29095-0037__SIRm5,6829,3575,12,0.0,0.0,0.0,0.0,0.0,51.536091719961405,20.32241503725029
3575-170457-0005_7127-75947-0024__T2__7127-7127-75947-0024__HSIMV3__8455-8455-210777-0058__SIRm5,7127,3575,13,0.0,0.07692307692307693,0.0,0.0,0.0,46.955570344666576,18.702376975632067
3575-170457-0006_1284-1180-0002__T2__1284-1284-1180-0002__HSIMV3__4446-4446-2271-0009__SIRm5,1284,3575,14,0.0,0.0,0.0,0.0,0.0,49.56707739176779,19.630420932455184
3575-170457-0006_5639-40744-0025__T2__5639-5639-40744-0025__HSIMV3__1089-1089-134686-0017__SIRm5,5639,3575,16,0.0,0.0,0.0,0.0,0.0,54.92659259210892,20.790296767389624
3575-170457-0007_121-121726-0011__T2__121-121-121726-0011__HSIMV3__237-237-134500-0040__SIRm5,121,3575,7,0.2857142857142857,0.7142857142857143,0.2857142857142857,0.0,0.0,42.45469347958932,22.315185897637747
3575-170457-0007_1580-141084-0049__T2__1580-1580-141084-0049__HSIMV3__237-237-126133-0013__SIRm5,1580,3575,12,0.0,0.16666666666666666,0.0,0.0,0.0,57.451662560745575,21.18276692164728
3575-170457-0007_61-70970-0018__T2__61-61-70970-0018__HSIMV3__8230-8230-279154-0039__SIRm5,61,3575,8,0.75,0.5,0.5,0.5,0.25,1.8642340938817166,3.978248950468705
3575-170457-0007_7127-75946-0002__T2__7127-7127-75946-0002__HSIMV3__8455-8455-210777-0051__SIRm5,7127,3575,25,0.0,0.0,0.0,0.0,0.0,43.413637862898156,17.551567640552733
3575-170457-0008_1089-134691-0017__T2__1089-1089-134691-0017__HSIMV3__8230-8230-279154-0018__SIRm5,1089,3575,22,0.0,0.0,0.0,0.0,0.0,50.3201576542662,19.803106330034304
3575-170457-0009_8555-284447-0023__T2__8555-8555-284447-0023__HSIMV3__4970-4970-29095-0037__SIRm5,8555,3575,12,1.0,1.0,1.0,1.0,1.0,-55.99609073072926,-30.507669103312764
3575-170457-0010_1995-1837-0004__T2__1995-1995-1837-0004__HSIMV3__2094-2094-142345-0039__SIRm5,1995,3575,11,0.0,0.0,0.0,0.0,0.0,49.38773941622323,21.86207209486033
3575-170457-0010_8455-210777-0029__T2__8455-8455-210777-0029__HSIMV3__1320-1320-122612-0014__SIRm5,8455,3575,5,0.0,0.0,0.0,0.0,0.0,44.409746819540175,20.38316154855208
3575-170457-0011_121-127105-0027__T2__121-121-127105-0027__HSIMV3__237-237-126133-0000__SIRm5,121,3575,25,0.04,0.04,0.04,0.0,0.0,49.302157015609154,19.31244730314081
3575-170457-0011_2961-960-0020__T2__2961-2961-960-0020__HSIMV3__3570-3570-5694-0008__SIRm5,2961,3575,17,0.0,0.0,0.0,0.0,0.0,51.22415335734487,20.603612387787496
3575-170457-0012_1580-141083-0003__T2__1580-1580-141083-0003__HSIMV3__237-237-126133-0013__SIRm5,1580,3575,12,0.0,0.0,0.0,0.0,0.0,52.68343064348497,20.99720292281345
3575-170457-0012_2830-3980-0031__T2__2830-2830-3980-0031__HSIMV3__1188-1188-133604-0025__SIRm5,2830,3575,13,0.0,0.0,0.0,0.0,0.0,47.66832662007557,20.11197008391385
3575-170457-0012_6829-68769-0052__T2__6829-6829-68769-0052__HSIMV3__4446-4446-2275-0038__SIRm5,6829,3575,8,0.0,0.0,0.0,0.0,0.0,39.27859970102132,15.100878468870814
3575-170457-0013_8555-284449-0017__T2__8555-8555-284449-0017__HSIMV3__4970-4970-29095-0001__SIRm5,8555,3575,25,0.0,0.0,0.0,0.0,0.0,56.60062428907004,22.41068705958731
3575-170457-0013_908-31957-0014__T2__908-908-31957-0014__HSIMV3__7176-7176-92135-0001__SIRm5,908,3575,14,0.0,0.0,0.0,0.0,0.0,47.09243326281058,19.04225552614228
3575-170457-0014_4507-16021-0042__T2__4507-4507-16021-0042__HSIMV3__3729-3729-6852-0000__SIRm5,4507,3575,19,0.0,0.0,0.0,0.0,0.0,46.99157427192664,18.67634939817097
3575-170457-0017_237-126133-0011__T2__237-237-126133-0011__HSIMV3__5683-5683-32879-0007__SIRm5,237,3575,12,0.0,0.0,0.0,0.16666666666666666,0.0,41.521100253463864,10.624667692264463
3575-170457-0019_2961-960-0018__T2__2961-2961-960-0018__HSIMV3__3570-3570-5694-0005__SIRm5,2961,3575,15,0.0,0.0,0.0,0.0,0.0,53.77080051188029,20.86821976875683
3575-170457-0019_61-70970-0010__T2__61-61-70970-0010__HSIMV3__8230-8230-279154-0036__SIRm5,61,3575,5,0.0,0.0,0.0,0.0,0.0,47.502336258627054,18.274545674557032
3575-170457-0020_1320-122617-0024__T2__1320-1320-122617-0024__HSIMV3__5105-5105-28240-0005__SIRm5,1320,3575,13,0.0,0.0,0.0,0.0,0.0,59.230137975168574,21.46315311188396
3575-170457-0021_4992-41797-0015__T2__4992-4992-41797-0015__HSIMV3__4446-4446-2271-0009__SIRm5,4992,3575,14,0.0,0.0,0.0,0.0,0.0,48.88087738826376,19.577953142691243
3575-170457-0022_2094-142345-0045__T2__2094-2094-142345-0045__HSIMV3__3729-3729-6852-0027__SIRm5,2094,3575,5,0.0,0.0,0.0,0.0,0.0,65.60347149975871,21.69543788488424
3575-170457-0023_4507-16021-0002__T2__4507-4507-16021-0002__HSIMV3__3729-3729-6852-0027__SIRm5,4507,3575,5,0.0,0.0,0.0,0.0,0.0,52.99651239157023,21.63799985654329
3575-170457-0023_4970-29095-0029__T2__4970-4970-29095-0029__HSIMV3__6829-6829-68771-0022__SIRm5,4970,3575,6,0.0,0.0,0.0,0.0,0.0,47.90199136294385,18.709703107480337
3575-170457-0023_8230-279154-0008__T2__8230-8230-279154-0008__HSIMV3__61-61-70968-0056__SIRm5,8230,3575,6,0.16666666666666666,0.16666666666666666,0.16666666666666666,0.0,0.0,34.81683074662613,16.9055879898358
3575-170457-0024_61-70968-0041__T2__61-61-70968-0041__HSIMV3__8230-8230-279154-0021__SIRm5,61,3575,12,0.0,0.0,0.0,0.0,0.0,46.54657151517271,18.93842005547856
3575-170457-0025_2830-3980-0045__T2__2830-2830-3980-0045__HSIMV3__1188-1188-133604-0040__SIRm5,2830,3575,5,0.0,0.0,0.0,0.0,0.0,42.75558310684244,18.80152256730589
3575-170457-0025_4992-23283-0005__T2__4992-4992-23283-0005__HSIMV3__4446-4446-2271-0016__SIRm5,4992,3575,19,0.0,0.0,0.0,0.0,0.0,48.36127701959294,19.786380865274264
3575-170457-0026_1995-1826-0018__T2__1995-1995-1826-0018__HSIMV3__2094-2094-142345-0058__SIRm5,1995,3575,8,0.0,0.0,0.0,0.0,0.0,54.72580531026813,23.472343287853267
3575-170457-0027_1580-141083-0007__T2__1580-1580-141083-0007__HSIMV3__237-237-134500-0028__SIRm5,1580,3575,8,0.0,0.0,0.0,0.0,0.0,42.947879706985134,18.255079978933363
3575-170457-0027_61-70970-0021__T2__61-61-70970-0021__HSIMV3__8230-8230-279154-0024__SIRm5,61,3575,9,0.0,0.0,0.0,0.0,0.0,38.301664524375795,11.776409042638832
3575-170457-0028_7127-75947-0010__T2__7127-7127-75947-0010__HSIMV3__8455-8455-210777-0069__SIRm5,7127,3575,16,0.0,0.0,0.0,0.0,0.0,46.69909688616486,18.314527132225667
3575-170457-0029_8463-287645-0004__T2__8463-8463-287645-0004__HSIMV3__4992-4992-41797-0022__SIRm5,8463,3575,11,0.0,0.0,0.0,0.0,0.0,51.110526357515575,19.34281570253921
3575-170457-0030_237-134493-0015__T2__237-237-134493-0015__HSIMV3__5683-5683-32879-0019__SIRm5,237,3575,11,0.0,0.0,0.0,0.0,0.0,55.92943542998511,22.184288580956185
3575-170457-0030_672-122797-0036__T2__672-672-122797-0036__HSIMV3__260-260-123288-0017__SIRm5,672,3575,9,0.0,0.0,0.0,0.0,0.0,29.44971859365863,16.980682599130333
3575-170457-0031_4446-2271-0000__T2__4446-4446-2271-0000__HSIMV3__1284-1284-1180-0014__SIRm5,4446,3575,5,1.0,1.0,1.0,1.0,1.0,-38.63730088373102,-17.29036719075067
3575-170457-0031_4970-29093-0018__T2__4970-4970-29093-0018__HSIMV3__6829-6829-68771-0010__SIRm5,4970,3575,18,0.0,0.0,0.0,0.0,0.0,50.61314698722762,20.38083873482024
3575-170457-0031_4970-29095-0012__T2__4970-4970-29095-0012__HSIMV3__8555-8555-284447-0024__SIRm5,4970,3575,8,0.0,0.125,0.0,0.0,0.0,58.80165646305268,22.29823730344216
3575-170457-0031_7729-102255-0045__T2__7729-7729-102255-0045__HSIMV3__7176-7176-88083-0010__SIRm5,7729,3575,12,0.0,0.0,0.0,0.0,0.0,41.44700385806667,16.453452075315816
3575-170457-0032_7729-102255-0029__T2__7729-7729-102255-0029__HSIMV3__7176-7176-88083-0010__SIRm5,7729,3575,12,0.0,0.0,0.0,0.0,0.0,44.61625184901981,17.93935187290839
3575-170457-0032_8455-210777-0058__T2__8455-8455-210777-0058__HSIMV3__1320-1320-122617-0037__SIRm5,8455,3575,13,0.07692307692307693,0.0,0.0,0.0,0.0,53.92244754032959,19.26966485174584
3575-170457-0033_1320-122617-0002__T2__1320-1320-122617-0002__HSIMV3__5105-5105-28240-0006__SIRm5,1320,3575,26,0.0,0.0,0.0,0.0,0.0,53.905775846655715,20.584475064821547
3575-170457-0033_1320-122617-0016__T2__1320-1320-122617-0016__HSIMV3__5105-5105-28233-0008__SIRm5,1320,3575,19,0.0,0.0,0.0,0.0,0.0,49.50844350832278,19.696728768526
3575-170457-0033_5683-32879-0012__T2__5683-5683-32879-0012__HSIMV3__237-237-134500-0028__SIRm5,5683,3575,7,0.0,0.0,0.0,0.0,0.0,50.68026797208929,21.693829366622573
3575-170457-0035_1580-141084-0041__T2__1580-1580-141084-0041__HSIMV3__237-237-126133-0007__SIRm5,1580,3575,14,0.0,0.0,0.0,0.0,0.0,50.52467057172687,20.954357208774503
3575-170457-0038_6829-68769-0009__T2__6829-6829-68769-0009__HSIMV3__4970-4970-29095-0006__SIRm5,6829,3575,7,0.0,0.0,0.0,0.0,0.0,49.397502163331175,20.773854762958766
3575-170457-0040_8455-210777-0002__T2__8455-8455-210777-0002__HSIMV3__1320-1320-122617-0031__SIRm5,8455,3575,11,0.0,0.0,0.0,0.0,0.0,51.24186742809386,19.85053872989316
3575-170457-0041_3570-5695-0010__T2__3570-3570-5695-0010__HSIMV3__4507-4507-16021-0046__SIRm5,3570,3575,8,0.0,0.0,0.0,0.0,0.0,48.14064664101315,20.40371145783323
3575-170457-0042_1580-141083-0007__T2__1580-1580-141083-0007__HSIMV3__237-237-134500-0028__SIRm5,1580,3575,8,0.0,0.0,0.0,0.0,0.0,42.948195186294,18.25538058095188
3575-170457-0042_260-123288-0003__T2__260-260-123288-0003__HSIMV3__672-672-122797-0071__SIRm5,260,3575,16,0.0,0.0,0.0,0.0,0.0,47.767561055136525,19.367641075682805
3575-170457-0044_1089-134686-0017__T2__1089-1089-134686-0017__HSIMV3__8230-8230-279154-0000__SIRm5,1089,3575,16,0.0,0.0,0.0,0.0,0.0,51.301421831469284,19.12073920106237
3575-170457-0044_4446-2273-0004__T2__4446-4446-2273-0004__HSIMV3__4992-4992-41797-0000__SIRm5,4446,3575,9,0.0,0.0,0.0,0.0,0.0,51.78088050842737,20.82405650150756
3575-170457-0044_6930-81414-0021__T2__6930-6930-81414-0021__HSIMV3__260-260-123288-0018__SIRm5,6930,3575,5,0.0,0.0,0.0,0.0,0.0,41.600134140882396,18.16280350260668
3575-170457-0045_6829-68769-0040__T2__6829-6829-68769-0040__HSIMV3__4970-4970-29095-0012__SIRm5,6829,3575,8,0.25,0.125,0.125,0.25,0.125,21.92167983396208,7.15764184870555
3575-170457-0047_5105-28240-0009__T2__5105-5105-28240-0009__HSIMV3__1320-1320-122617-0013__SIRm5,5105,3575,20,0.0,0.0,0.0,0.0,0.0,53.210101508408435,20.641869639331325
3575-170457-0048_1580-141084-0033__T2__1580-1580-141084-0033__HSIMV3__237-237-126133-0014__SIRm5,1580,3575,12,0.0,0.0,0.0,0.0,0.0,38.74664554323519,16.996801506103747
3575-170457-0051_121-121726-0008__T2__121-121-121726-0008__HSIMV3__237-237-134500-0032__SIRm5,121,3575,8,1.0,1.0,1.0,1.0,1.0,-34.06922426472802,-12.525906433382628
3575-170457-0051_1284-1181-0006__T2__1284-1284-1181-0006__HSIMV3__4446-4446-2271-0004__SIRm5,1284,3575,21,0.0,0.0,0.0,0.0,0.0,54.404863766098345,19.280432793052142
3575-170457-0051_2830-3980-0066__T2__2830-2830-3980-0066__HSIMV3__1188-1188-133604-0039__SIRm5,2830,3575,11,0.0,0.0,0.0,0.0,0.0,50.06445764796343,19.36503148282562
3575-170457-0051_4507-16021-0001__T2__4507-4507-16021-0001__HSIMV3__3729-3729-6852-0000__SIRm5,4507,3575,20,0.0,0.0,0.0,0.0,0.0,56.43721690102562,21.74366790829145
3575-170457-0052_260-123288-0016__T2__260-260-123288-0016__HSIMV3__6930-6930-76324-0014__SIRm5,260,3575,8,0.0,0.25,0.0,0.0,0.0,48.881002516404884,19.421021025640123
3575-170457-0052_260-123440-0007__T2__260-260-123440-0007__HSIMV3__672-672-122797-0047__SIRm5,260,3575,5,0.4,0.2,0.2,0.0,0.0,30.27158257493435,10.927424454482887
3575-170457-0052_8463-287645-0008__T2__8463-8463-287645-0008__HSIMV3__4992-4992-41797-0016__SIRm5,8463,3575,5,0.0,0.0,0.0,0.0,0.0,56.69105804868921,20.397517005083905
3575-170457-0053_8230-279154-0021__T2__8230-8230-279154-0021__HSIMV3__61-61-70970-0028__SIRm5,8230,3575,12,0.0,0.0,0.0,0.0,0.0,40.7003385035694,16.25596419396404
3575-170457-0054_61-70970-0035__T2__61-61-70970-0035__HSIMV3__8230-8230-279154-0035__SIRm5,61,3575,13,0.0,0.0,0.0,0.07692307692307693,0.0,34.665086527524075,9.204112459915835
3575-170457-0055_3570-5695-0008__T2__3570-3570-5695-0008__HSIMV3__4507-4507-16021-0051__SIRm5,3570,3575,11,0.0,0.0,0.0,0.0,0.0,57.20224075319149,22.037057492116304
3575-170457-0056_1320-122617-0024__T2__1320-1320-122617-0024__HSIMV3__5105-5105-28240-0005__SIRm5,1320,3575,13,0.0,0.0,0.0,0.0,0.0,59.261806593896885,21.461730479293347
3575-170457-0056_237-134493-0002__T2__237-237-134493-0002__HSIMV3__1580-1580-141083-0029__SIRm5,237,3575,19,0.0,0.0,0.0,0.0,0.0,53.92398101135735,21.508419461826705
3729-6852-0001_4077-13751-0008__T2__4077-4077-13751-0008__HSIMV3__8455-8455-210777-0057__SIRm5,4077,3729,20,0.0,0.05,0.0,0.0,0.0,42.81019724875164,17.994144321363745
3729-6852-0001_8463-294825-0001__T2__8463-8463-294825-0001__HSIMV3__4992-4992-41806-0011__SIRm5,8463,3729,14,0.0,0.0,0.0,0.0,0.0,54.349784117680954,20.55073372103775
3729-6852-0002_5142-36586-0003__T2__5142-5142-36586-0003__HSIMV3__4970-4970-29095-0035__SIRm5,5142,3729,8,0.0,0.0,0.0,0.0,0.0,55.161508531046856,21.537800199702176
3729-6852-0002_61-70968-0019__T2__61-61-70968-0019__HSIMV3__8230-8230-279154-0022__SIRm5,61,3729,9,0.0,0.0,0.0,0.0,0.0,43.416374651444585,17.803752640143593
3729-6852-0007_8555-284447-0021__T2__8555-8555-284447-0021__HSIMV3__4970-4970-29095-0001__SIRm5,8555,3729,25,1.0,1.0,1.0,1.0,1.0,-48.87201014503183,-22.214687171693026
3729-6852-0009_8455-210777-0059__T2__8455-8455-210777-0059__HSIMV3__1320-1320-122612-0007__SIRm5,8455,3729,10,0.0,0.0,0.0,0.0,0.0,50.16540264808374,19.48393491487388
3729-6852-0013_1284-1180-0001__T2__1284-1284-1180-0001__HSIMV3__4446-4446-2271-0009__SIRm5,1284,3729,14,0.0,0.0,0.0,0.0,0.0,46.80909605912525,17.73286519274059
3729-6852-0013_1580-141083-0039__T2__1580-1580-141083-0039__HSIMV3__237-237-134500-0008__SIRm5,1580,3729,6,0.0,0.16666666666666666,0.0,0.0,0.0,61.087865556025946,21.48669931391268
3729-6852-0013_237-134500-0002__T2__237-237-134500-0002__HSIMV3__1580-1580-141083-0015__SIRm5,237,3729,8,0.0,0.0,0.0,0.0,0.0,47.55079537848765,19.656820816586706
3729-6852-0013_4992-41797-0014__T2__4992-4992-41797-0014__HSIMV3__4446-4446-2275-0016__SIRm5,4992,3729,12,0.0,0.0,0.0,0.0,0.0,57.51211817283709,21.933319821155123
3729-6852-0014_3570-5694-0022__T2__3570-3570-5694-0022__HSIMV3__4507-4507-16021-0054__SIRm5,3570,3729,7,0.14285714285714285,0.0,0.0,0.0,0.0,54.26943049103584,21.78652938722411
3729-6852-0014_7021-85628-0016__T2__7021-7021-85628-0016__HSIMV3__5105-5105-28240-0002__SIRm5,7021,3729,7,0.14285714285714285,0.0,0.0,0.0,0.0,54.66616856099937,19.99357158260037
3729-6852-0016_5683-32879-0022__T2__5683-5683-32879-0022__HSIMV3__237-237-134500-0014__SIRm5,5683,3729,7,0.0,0.0,0.0,0.0,0.0,43.99084587752748,19.56459271266463
3729-6852-0016_61-70968-0010__T2__61-61-70968-0010__HSIMV3__8230-8230-279154-0029__SIRm5,61,3729,15,0.0,0.0,0.0,0.0,0.0,38.1515979594252,16.51432229813244
3729-6852-0018_5683-32866-0022__T2__5683-5683-32866-0022__HSIMV3__1221-1221-135767-0008__SIRm5,5683,3729,5,0.0,0.0,0.0,0.0,0.0,38.908993376700764,17.913632562645287
3729-6852-0018_61-70970-0013__T2__61-61-70970-0013__HSIMV3__8230-8230-279154-0039__SIRm5,61,3729,7,0.0,0.0,0.0,0.0,0.0,44.456775639238835,16.335526382026764
3729-6852-0018_6829-68769-0010__T2__6829-6829-68769-0010__HSIMV3__4446-4446-2273-0007__SIRm5,6829,3729,5,0.0,0.0,0.0,0.0,0.0,52.65573244517792,21.142028536158087
3729-6852-0019_5639-40744-0037__T2__5639-5639-40744-0037__HSIMV3__1089-1089-134686-0024__SIRm5,5639,3729,21,0.0,0.0,0.0,0.0,0.0,51.538321422069124,21.096340907224544
3729-6852-0020_7176-92135-0016__T2__7176-7176-92135-0016__HSIMV3__61-61-70970-0035__SIRm5,7176,3729,13,1.0,1.0,1.0,1.0,1.0,-45.69945756571572,-22.17317497525828
3729-6852-0022_4992-41806-0011__T2__4992-4992-41806-0011__HSIMV3__4446-4446-2271-0009__SIRm5,4992,3729,14,0.0,0.0,0.0,0.0,0.0,51.03529715054969,20.306607563715783
3729-6852-0022_6930-76324-0004__T2__6930-6930-76324-0004__HSIMV3__260-260-123440-0015__SIRm5,6930,3729,11,0.0,0.0,0.0,0.0,0.0,45.33368850274946,18.20619561524529
3729-6852-0023_1089-134686-0032__T2__1089-1089-134686-0032__HSIMV3__8230-8230-279154-0008__SIRm5,1089,3729,6,0.0,0.0,0.0,0.0,0.0,43.265535378450444,20.68990938567081
3729-6852-0023_8224-274381-0015__T2__8224-8224-274381-0015__HSIMV3__8455-8455-210777-0030__SIRm5,8224,3729,24,0.0,0.0,0.0,0.0,0.0,45.68982789764624,18.777763624905944
3729-6852-0025_1284-134647-0004__T2__1284-1284-134647-0004__HSIMV3__4446-4446-2271-0004__SIRm5,1284,3729,23,0.0,0.0,0.0,0.0,0.0,47.78234086378618,19.932823494524992
3729-6852-0025_5105-28240-0004__T2__5105-5105-28240-0004__HSIMV3__1320-1320-122612-0013__SIRm5,5105,3729,11,0.0,0.0,0.0,0.0,0.0,53.728038416824454,19.61490663883209
3729-6852-0025_7176-88083-0014__T2__7176-7176-88083-0014__HSIMV3__61-61-70968-0020__SIRm5,7176,3729,8,0.0,0.0,0.0,0.0,0.0,42.793198772094115,14.1092666107783
3729-6852-0026_3570-5696-0006__T2__3570-3570-5696-0006__HSIMV3__4507-4507-16021-0029__SIRm5,3570,3729,6,0.0,0.0,0.0,0.0,0.0,67.87134592737537,23.68138235849048
3729-6852-0026_4992-41797-0021__T2__4992-4992-41797-0021__HSIMV3__4446-4446-2271-0009__SIRm5,4992,3729,14,0.0,0.0,0.0,0.0,0.0,48.4241071825878,19.472815022864804
3729-6852-0027_1995-1837-0024__T2__1995-1995-1837-0024__HSIMV3__2094-2094-142345-0051__SIRm5,1995,3729,9,0.0,0.0,0.0,0.0,0.0,57.334753616823,23.886310841136584
3729-6852-0028_3575-170457-0055__T2__3575-3575-170457-0055__HSIMV3__237-237-134493-0002__SIRm5,3575,3729,21,0.047619047619047616,0.09523809523809523,0.047619047619047616,0.0,0.0,60.22582371422016,23.27077530362532
3729-6852-0031_121-127105-0034__T2__121-121-127105-0034__HSIMV3__237-237-126133-0019__SIRm5,121,3729,13,0.0,0.0,0.0,0.0,0.0,52.253947836404215,19.390810452736023
3729-6852-0032_237-134500-0006__T2__237-237-134500-0006__HSIMV3__5683-5683-32866-0007__SIRm5,237,3729,7,0.0,0.0,0.0,0.0,0.0,48.114049708805446,21.90894188185087
3729-6852-0036_908-31957-0019__T2__908-908-31957-0019__HSIMV3__7176-7176-88083-0011__SIRm5,908,3729,18,0.05555555555555555,0.0,0.0,0.0,0.0,42.62009162805432,19.779295672464706
3729-6852-0037_1995-1826-0019__T2__1995-1995-1826-0019__HSIMV3__2094-2094-142345-0051__SIRm5,1995,3729,9,0.1111111111111111,0.0,0.0,0.0,0.0,56.542497194029586,22.9434051358398
3729-6852-0037_8463-287645-0000__T2__8463-8463-287645-0000__HSIMV3__4992-4992-41797-0006__SIRm5,8463,3729,8,0.0,0.0,0.0,0.0,0.0,51.06737936081532,21.346680937745184
3729-6852-0038_8455-210777-0033__T2__8455-8455-210777-0033__HSIMV3__1320-1320-122612-0002__SIRm5,8455,3729,13,0.0,0.07692307692307693,0.0,0.0,0.0,47.84801760208331,19.74004739188121
3729-6852-0038_8463-294828-0003__T2__8463-8463-294828-0003__HSIMV3__4992-4992-41806-0003__SIRm5,8463,3729,17,0.0,0.0,0.0,0.0,0.0,56.64011182041287,21.58178790558962
3729-6852-0039_672-122797-0067__T2__672-672-122797-0067__HSIMV3__260-260-123288-0005__SIRm5,672,3729,24,0.0,0.0,0.0,0.0,0.0,40.79919793229629,18.099469404781257
3729-6852-0040_672-122797-0030__T2__672-672-122797-0030__HSIMV3__260-260-123286-0029__SIRm5,672,3729,8,1.0,1.0,1.0,1.0,1.0,-37.932764623086456,-17.761191340245727
3729-6852-0040_908-31957-0013__T2__908-908-31957-0013__HSIMV3__7176-7176-92135-0015__SIRm5,908,3729,11,0.0,0.0,0.0,0.0,0.0,42.30199819342557,19.377790541366785
3729-6852-0042_6829-68769-0007__T2__6829-6829-68769-0007__HSIMV3__4970-4970-29095-0017__SIRm5,6829,3729,6,0.0,0.0,0.0,0.0,0.0,42.724233587351684,14.976180015574624
3729-6852-0043_2830-3980-0031__T2__2830-2830-3980-0031__HSIMV3__1188-1188-133604-0025__SIRm5,2830,3729,13,0.0,0.0,0.0,0.0,0.0,47.67404282064097,20.11258219396269
3729-6852-0043_8555-284447-0000__T2__8555-8555-284447-0000__HSIMV3__4970-4970-29095-0004__SIRm5,8555,3729,18,0.0,0.0,0.0,0.0,0.0,49.82185106407562,21.589429224419085
3729-6852-0044_3570-5694-0012__T2__3570-3570-5694-0012__HSIMV3__4507-4507-16021-0028__SIRm5,3570,3729,5,0.0,0.0,0.0,0.0,0.0,53.247858282370814,23.143045731593848
3729-6852-0046_672-122797-0044__T2__672-672-122797-0044__HSIMV3__260-260-123288-0022__SIRm5,672,3729,6,0.0,0.0,0.0,0.0,0.0,38.55725261056881,14.02832790386444
3729-6852-0046_6930-76324-0000__T2__6930-6930-76324-0000__HSIMV3__260-260-123286-0020__SIRm5,6930,3729,5,0.0,0.0,0.0,0.0,0.0,40.70935479570278,15.22055642781152
4077-13751-0000_237-134500-0039__T2__237-237-134500-0039__HSIMV3__1580-1580-141083-0024__SIRm5,237,4077,7,0.0,0.0,0.0,0.0,0.0,45.677128104474164,16.109411089716993
4077-13751-0000_8224-274384-0006__T2__8224-8224-274384-0006__HSIMV3__8455-8455-210777-0011__SIRm5,8224,4077,12,0.0,0.0,0.0,0.0,0.0,46.91201428873904,18.693726457155105
4077-13751-0006_8555-292519-0011__T2__8555-8555-292519-0011__HSIMV3__4970-4970-29095-0014__SIRm5,8555,4077,5,0.0,0.0,0.0,0.0,0.0,41.017693010186335,20.355705484291363
4077-13751-0008_1089-134691-0016__T2__1089-1089-134691-0016__HSIMV3__8230-8230-279154-0000__SIRm5,1089,4077,16,0.0,0.0,0.0,0.0,0.0,46.265958869285626,20.23651307066024
4077-13751-0008_4446-2275-0012__T2__4446-4446-2275-0012__HSIMV3__4992-4992-41797-0022__SIRm5,4446,4077,11,0.0,0.0,0.0,0.0,0.0,48.15078707096614,19.25381399410029
4077-13751-0009_5142-36377-0009__T2__5142-5142-36377-0009__HSIMV3__4970-4970-29095-0036__SIRm5,5142,4077,9,0.0,0.0,0.0,0.0,0.0,43.157399892187954,19.720745645867748
4077-13751-0009_908-157963-0017__T2__908-908-157963-0017__HSIMV3__7176-7176-92135-0041__SIRm5,908,4077,8,1.0,1.0,1.0,1.0,1.0,-50.5587494421074,-23.185492191838
4077-13751-0009_908-31957-0007__T2__908-908-31957-0007__HSIMV3__7176-7176-88083-0019__SIRm5,908,4077,10,0.0,0.0,0.0,0.0,0.0,40.75451186332556,18.012130089377855
4077-13751-0010_237-126133-0014__T2__237-237-126133-0014__HSIMV3__5683-5683-32879-0007__SIRm5,237,4077,12,0.0,0.0,0.0,0.0,0.0,52.229080120452046,19.52491430724988
4077-13751-0010_2830-3980-0006__T2__2830-2830-3980-0006__HSIMV3__1188-1188-133604-0039__SIRm5,2830,4077,11,0.0,0.0,0.0,0.0,0.0,57.37376922921044,20.148944877146544
4077-13751-0010_8463-294825-0002__T2__8463-8463-294825-0002__HSIMV3__4992-4992-41806-0017__SIRm5,8463,4077,20,0.0,0.0,0.0,0.0,0.0,53.191873646287306,20.30488421574509
4077-13751-0011_7729-102255-0021__T2__7729-7729-102255-0021__HSIMV3__7176-7176-88083-0024__SIRm5,7729,4077,14,0.0,0.0,0.0,0.0,0.0,45.584067134030946,18.985137785430435
4077-13751-0012_2094-142345-0051__T2__2094-2094-142345-0051__HSIMV3__3729-3729-6852-0036__SIRm5,2094,4077,9,0.0,0.0,0.0,0.0,0.0,48.10003765532002,20.382036298980186
4077-13751-0012_7729-102255-0038__T2__7729-7729-102255-0038__HSIMV3__7176-7176-88083-0024__SIRm5,7729,4077,14,0.0,0.0,0.0,0.0,0.0,47.31494580902888,17.582157091256292
4077-13751-0013_1284-1181-0005__T2__1284-1284-1181-0005__HSIMV3__4446-4446-2271-0011__SIRm5,1284,4077,6,0.0,0.0,0.0,0.0,0.0,57.55748504419072,20.43883799630969
4077-13751-0013_4970-29095-0024__T2__4970-4970-29095-0024__HSIMV3__6829-6829-68771-0006__SIRm5,4970,4077,10,0.0,0.0,0.0,0.0,0.0,56.8982401305571,21.3848234481601
4077-13751-0013_6829-68769-0005__T2__6829-6829-68769-0005__HSIMV3__4446-4446-2275-0040__SIRm5,6829,4077,12,0.0,0.0,0.0,0.0,0.0,50.96879276462866,19.71234484100737
4077-13751-0013_908-31957-0023__T2__908-908-31957-0023__HSIMV3__7176-7176-88083-0024__SIRm5,908,4077,15,0.0,0.0,0.0,0.0,0.0,49.87047797436753,19.235033668393232
4077-13751-0014_1320-122612-0009__T2__1320-1320-122612-0009__HSIMV3__5105-5105-28240-0002__SIRm5,1320,4077,6,0.16666666666666666,0.0,0.0,0.0,0.0,43.631508174663104,17.862096145936928
4077-13751-0015_1284-1180-0029__T2__1284-1284-1180-0029__HSIMV3__4446-4446-2273-0004__SIRm5,1284,4077,9,0.0,0.0,0.0,0.0,0.0,52.880404670899075,19.55313112094764
4077-13751-0016_1320-122617-0010__T2__1320-1320-122617-0010__HSIMV3__5105-5105-28233-0008__SIRm5,1320,4077,19,0.0,0.0,0.0,0.0,0.0,49.9960405898143,20.42312090613319
4077-13751-0016_5142-33396-0006__T2__5142-5142-33396-0006__HSIMV3__4970-4970-29093-0022__SIRm5,5142,4077,11,0.0,0.0,0.0,0.0,0.0,47.77252831531592,18.75978113475268
4077-13751-0017_4446-2275-0008__T2__4446-4446-2275-0008__HSIMV3__4992-4992-23283-0011__SIRm5,4446,4077,7,0.0,0.0,0.0,0.0,0.0,45.479873899362076,17.163226978740294
4077-13751-0017_4446-2275-0040__T2__4446-4446-2275-0040__HSIMV3__4992-4992-41797-0007__SIRm5,4446,4077,12,0.0,0.0,0.0,0.0,0.0,51.114275240376976,20.403945748793227
4077-13751-0017_5105-28241-0009__T2__5105-5105-28241-0009__HSIMV3__1320-1320-122612-0015__SIRm5,5105,4077,11,0.0,0.0,0.0,0.0,0.0,50.50855500126476,22.03978111679144
4077-13751-0017_8455-210777-0048__T2__8455-8455-210777-0048__HSIMV3__1320-1320-122612-0014__SIRm5,8455,4077,5,0.0,0.0,0.0,0.0,0.0,41.286737941838425,17.135328119300276
4077-13751-0020_4507-16021-0043__T2__4507-4507-16021-0043__HSIMV3__3729-3729-6852-0016__SIRm5,4507,4077,6,0.0,0.0,0.0,0.0,0.0,43.714237879765705,17.919604421989483
4077-13751-0020_8555-284449-0007__T2__8555-8555-284449-0007__HSIMV3__4970-4970-29095-0004__SIRm5,8555,4077,17,1.0,1.0,1.0,1.0,1.0,-56.73625660974636,-27.59706654130113
4077-13754-0000_2300-131720-0008__T2__2300-2300-131720-0008__HSIMV3__61-61-70970-0004__SIRm5,2300,4077,17,0.0,0.0,0.0,0.0,0.0,48.55708694840332,19.886163138268007
4077-13754-0000_2830-3980-0074__T2__2830-2830-3980-0074__HSIMV3__1188-1188-133604-0038__SIRm5,2830,4077,9,0.0,0.0,0.0,0.0,0.0,47.40351922182723,18.60778647854712
4077-13754-0000_6930-76324-0025__T2__6930-6930-76324-0025__HSIMV3__260-260-123288-0004__SIRm5,6930,4077,7,0.0,0.0,0.0,0.0,0.0,43.53388492665655,17.85715900832181
4077-13754-0001_5142-33396-0065__T2__5142-5142-33396-0065__HSIMV3__4970-4970-29095-0002__SIRm5,5142,4077,9,0.0,0.0,0.0,0.0,0.0,53.53686222795685,21.198390439438302
4077-13754-0003_2961-961-0017__T2__2961-2961-961-0017__HSIMV3__3570-3570-5694-0008__SIRm5,2961,4077,17,0.0,0.0,0.0,0.0,0.0,53.933194017603746,19.682187612743075
4077-13754-0003_8455-210777-0006__T2__8455-8455-210777-0006__HSIMV3__1320-1320-122617-0005__SIRm5,8455,4077,7,0.0,0.0,0.0,0.0,0.0,47.53745075410534,17.539119113662846
4077-13754-0004_3575-170457-0025__T2__3575-3575-170457-0025__HSIMV3__237-237-134500-0041__SIRm5,3575,4077,16,0.0,0.0625,0.0,0.0,0.0,52.52448596459395,21.835386798563924
4077-13754-0004_5142-36377-0020__T2__5142-5142-36377-0020__HSIMV3__4970-4970-29095-0035__SIRm5,5142,4077,8,0.0,0.0,0.0,0.0,0.0,44.42157225758122,18.8989608549286
4077-13754-0005_1221-135767-0005__T2__1221-1221-135767-0005__HSIMV3__4992-4992-41797-0011__SIRm5,1221,4077,9,0.0,0.0,0.0,0.0,0.0,56.9452085391805,20.99414993303191
4077-13754-0006_1995-1826-0007__T2__1995-1995-1826-0007__HSIMV3__2094-2094-142345-0036__SIRm5,1995,4077,12,0.0,0.0,0.0,0.0,0.0,52.19119946797363,23.16620648986968
4077-13754-0006_3575-170457-0000__T2__3575-3575-170457-0000__HSIMV3__237-237-134500-0041__SIRm5,3575,4077,15,0.0,0.0,0.0,0.0,0.0,53.526130473387845,20.09277711450655
4077-13754-0007_237-126133-0004__T2__237-237-126133-0004__HSIMV3__5683-5683-32865-0003__SIRm5,237,4077,5,0.0,0.0,0.0,0.0,0.0,58.478505850102934,20.08802283650006
4077-13754-0009_7127-75947-0010__T2__7127-7127-75947-0010__HSIMV3__8455-8455-210777-0069__SIRm5,7127,4077,16,0.0,0.0,0.0,0.0,0.0,46.703758940168456,18.31460176845448
4077-13754-0010_4507-16021-0010__T2__4507-4507-16021-0010__HSIMV3__3729-3729-6852-0042__SIRm5,4507,4077,29,0.0,0.0,0.0,0.0,0.0,56.25857848823338,21.12825795908393
4077-13754-0011_2300-131720-0008__T2__2300-2300-131720-0008__HSIMV3__61-61-70970-0004__SIRm5,2300,4077,17,0.0,0.0,0.0,0.0,0.0,48.5639067812665,19.886780759433336
4077-13754-0011_7729-102255-0028__T2__7729-7729-102255-0028__HSIMV3__7176-7176-88083-0011__SIRm5,7729,4077,18,0.0,0.0,0.0,0.0,0.0,39.9027622396177,16.24223418603965
4077-13754-0013_2961-960-0002__T2__2961-2961-960-0002__HSIMV3__3570-3570-5694-0006__SIRm5,2961,4077,28,0.0,0.0,0.0,0.0,0.0,52.77254794262608,20.63122495493192
4077-13754-0014_8555-284449-0006__T2__8555-8555-284449-0006__HSIMV3__4970-4970-29095-0029__SIRm5,8555,4077,6,0.0,0.0,0.0,0.0,0.0,44.69995710187658,18.14185936961812
4077-13754-0016_5639-40744-0022__T2__5639-5639-40744-0022__HSIMV3__1089-1089-134686-0019__SIRm5,5639,4077,26,0.0,0.0,0.0,0.0,0.0,57.53601408684199,21.542392929899133
4446-2271-0000_1221-135766-0006__T2__1221-1221-135766-0006__HSIMV3__4992-4992-41806-0017__SIRm5,1221,4446,20,0.0,0.0,0.0,0.0,0.0,46.9473803566928,19.229596632942712
4446-2271-0000_2830-3980-0029__T2__2830-2830-3980-0029__HSIMV3__1188-1188-133604-0022__SIRm5,2830,4446,17,0.058823529411764705,0.058823529411764705,0.058823529411764705,0.0,0.0,47.99926547556132,18.920541223033776
4446-2271-0001_1089-134691-0019__T2__1089-1089-134691-0019__HSIMV3__8230-8230-279154-0003__SIRm5,1089,4446,5,0.0,0.0,0.0,0.0,0.0,38.908443983154434,18.44009624333413
4446-2271-0001_1221-135767-0001__T2__1221-1221-135767-0001__HSIMV3__4992-4992-23283-0017__SIRm5,1221,4446,25,0.0,0.0,0.0,0.0,0.0,46.07633698959957,17.698216935907706
4446-2271-0001_1995-1837-0025__T2__1995-1995-1837-0025__HSIMV3__2094-2094-142345-0037__SIRm5,1995,4446,18,0.05555555555555555,0.0,0.0,0.0,0.0,65.7178765106067,22.86461234236785
4446-2271-0001_8463-294828-0007__T2__8463-8463-294828-0007__HSIMV3__4992-4992-41806-0015__SIRm5,8463,4446,23,0.0,0.0,0.0,0.0,0.0,53.457666194905485,20.904014206543664
4446-2271-0003_7127-75946-0021__T2__7127-7127-75946-0021__HSIMV3__8455-8455-210777-0012__SIRm5,7127,4446,5,0.0,0.0,0.0,0.0,0.0,56.023330585380606,20.262257472474747
4446-2271-0004_1995-1836-0011__T2__1995-1995-1836-0011__HSIMV3__2094-2094-142345-0058__SIRm5,1995,4446,8,0.0,0.0,0.0,0.0,0.0,52.450084341703786,21.3563503616784
4446-2271-0005_1320-122617-0041__T2__1320-1320-122617-0041__HSIMV3__5105-5105-28233-0000__SIRm5,1320,4446,7,0.0,0.0,0.0,0.0,0.0,48.54069611751195,20.58130719656404
4446-2271-0005_6829-68769-0040__T2__6829-6829-68769-0040__HSIMV3__4446-4446-2275-0019__SIRm5,6829,4446,8,0.0,0.0,0.0,0.0,0.0,52.38584452342619,20.91263396742608
4446-2271-0008_1580-141083-0012__T2__1580-1580-141083-0012__HSIMV3__237-237-126133-0013__SIRm5,1580,4446,12,0.0,0.0,0.0,0.0,0.0,52.68558511776258,20.079045557351407
4446-2271-0009_8463-294828-0011__T2__8463-8463-294828-0011__HSIMV3__4992-4992-41806-0005__SIRm5,8463,4446,6,0.0,0.0,0.0,0.0,0.0,48.64594414445518,18.91865513216853
4446-2271-0010_8555-284449-0016__T2__8555-8555-284449-0016__HSIMV3__4970-4970-29095-0024__SIRm5,8555,4446,10,0.0,0.0,0.0,0.0,0.0,46.50988261559636,21.00835820756512
4446-2271-0012_1580-141083-0012__T2__1580-1580-141083-0012__HSIMV3__237-237-126133-0013__SIRm5,1580,4446,12,0.0,0.0,0.0,0.0,0.0,52.681815516105615,20.079111921633704
4446-2271-0012_6930-76324-0011__T2__6930-6930-76324-0011__HSIMV3__260-260-123288-0011__SIRm5,6930,4446,16,0.0,0.0,0.0,0.0,0.0,39.96507561739483,17.892770860432204
4446-2271-0013_1284-1180-0024__T2__1284-1284-1180-0024__HSIMV3__4446-4446-2271-0008__SIRm5,1284,4446,9,0.0,0.0,0.0,0.0,0.0,44.73550812459312,19.246264151555074
4446-2271-0013_5683-32865-0004__T2__5683-5683-32865-0004__HSIMV3__237-237-126133-0019__SIRm5,5683,4446,13,0.0,0.0,0.0,0.0,0.0,40.21126160541488,19.42493888238469
4446-2271-0014_3570-5694-0003__T2__3570-3570-5694-0003__HSIMV3__4507-4507-16021-0016__SIRm5,3570,4446,33,0.0,0.0,0.0,0.0,0.0,61.283071998320686,23.21454310472465
4446-2271-0014_672-122797-0057__T2__672-672-122797-0057__HSIMV3__260-260-123440-0015__SIRm5,672,4446,11,0.0,0.0,0.0,0.0,0.0,39.4264394504333,15.513699140841666
4446-2271-0014_7127-75947-0029__T2__7127-7127-75947-0029__HSIMV3__8455-8455-210777-0056__SIRm5,7127,4446,9,0.0,0.0,0.0,0.0,0.0,38.49843487163472,15.920807676364433
4446-2271-0016_1284-1180-0000__T2__1284-1284-1180-0000__HSIMV3__4446-4446-2271-0009__SIRm5,1284,4446,14,0.0,0.0,0.0,0.0,0.0,48.19610713042891,17.582634661389868
4446-2271-0019_7176-88083-0010__T2__7176-7176-88083-0010__HSIMV3__61-61-70970-0028__SIRm5,7176,4446,12,0.0,0.0,0.0,0.0,0.0,38.903407024330185,16.488681656573895
4446-2271-0020_1320-122617-0020__T2__1320-1320-122617-0020__HSIMV3__5105-5105-28241-0008__SIRm5,1320,4446,16,0.0,0.0,0.0,0.0,0.0,49.19751841753717,20.899435808402025
4446-2271-0021_4970-29093-0013__T2__4970-4970-29093-0013__HSIMV3__6829-6829-68771-0025__SIRm5,4970,4446,14,0.0,0.0,0.0,0.0,0.0,36.90590919207063,18.08549875497571
4446-2271-0021_7021-79740-0003__T2__7021-7021-79740-0003__HSIMV3__5105-5105-28240-0022__SIRm5,7021,4446,8,0.0,0.0,0.0,0.0,0.0,44.850058439807725,17.84336869086946
4446-2271-0024_1284-1180-0009__T2__1284-1284-1180-0009__HSIMV3__4446-4446-2271-0001__SIRm5,1284,4446,11,0.0,0.0,0.0,0.0,0.0,53.98355266416416,19.24402924260929
4446-2271-0024_61-70970-0025__T2__61-61-70970-0025__HSIMV3__8230-8230-279154-0005__SIRm5,61,4446,13,0.0,0.0,0.0,0.0,0.0,46.91588198431764,18.22961029593469
4446-2271-0024_672-122797-0018__T2__672-672-122797-0018__HSIMV3__260-260-123288-0006__SIRm5,672,4446,8,1.0,0.875,0.875,1.0,0.875,-45.74595807025938,-22.93408086541205
4446-2273-0000_7127-75947-0025__T2__7127-7127-75947-0025__HSIMV3__8455-8455-210777-0056__SIRm5,7127,4446,10,0.0,0.0,0.0,0.0,0.0,45.07965353494076,18.035282816695503
4446-2273-0001_1089-134691-0018__T2__1089-1089-134691-0018__HSIMV3__8230-8230-279154-0003__SIRm5,1089,4446,5,0.2,0.0,0.0,0.0,0.0,38.502580881404626,19.69461982751947
4446-2273-0001_1580-141083-0029__T2__1580-1580-141083-0029__HSIMV3__237-237-126133-0024__SIRm5,1580,4446,18,0.0,0.0,0.0,0.0,0.0,47.65604657392023,19.9288871228472
4446-2273-0002_7176-88083-0004__T2__7176-7176-88083-0004__HSIMV3__61-61-70970-0035__SIRm5,7176,4446,13,0.0,0.0,0.0,0.0,0.0,40.958057322878055,16.17086283673646
4446-2273-0003_4992-41797-0006__T2__4992-4992-41797-0006__HSIMV3__4446-4446-2273-0015__SIRm5,4992,4446,8,0.0,0.0,0.0,0.0,0.0,55.93244790464031,21.107958467141064
4446-2273-0003_6829-68771-0005__T2__6829-6829-68771-0005__HSIMV3__4970-4970-29093-0022__SIRm5,6829,4446,11,0.0,0.0,0.0,0.0,0.0,47.73141980194658,18.69748243054522
4446-2273-0004_6829-68769-0009__T2__6829-6829-68769-0009__HSIMV3__4970-4970-29095-0006__SIRm5,6829,4446,7,0.0,0.0,0.0,0.0,0.0,49.26808280541228,20.747127099346187
4446-2273-0005_1221-135766-0009__T2__1221-1221-135766-0009__HSIMV3__4992-4992-41797-0013__SIRm5,1221,4446,18,0.0,0.0,0.0,0.0,0.0,54.020611118697694,20.76041555109474
4446-2273-0005_1284-1181-0003__T2__1284-1284-1181-0003__HSIMV3__4446-4446-2275-0008__SIRm5,1284,4446,7,0.0,0.0,0.0,0.0,0.0,45.29722859399908,20.151574861471627
4446-2273-0005_4992-23283-0009__T2__4992-4992-23283-0009__HSIMV3__4446-4446-2271-0009__SIRm5,4992,4446,14,0.0,0.0,0.0,0.0,0.0,49.88018668539837,19.198891400052016
4446-2273-0008_260-123440-0009__T2__260-260-123440-0009__HSIMV3__6930-6930-81414-0021__SIRm5,260,4446,5,0.0,0.0,0.0,0.0,0.0,49.13538143893669,19.901876007598567
4446-2273-0008_61-70968-0004__T2__61-61-70968-0004__HSIMV3__7176-7176-88083-0016__SIRm5,61,4446,6,1.0,1.0,1.0,1.0,1.0,-38.967799908454666,-17.90021002837379
4446-2273-0009_237-126133-0010__T2__237-237-126133-0010__HSIMV3__5683-5683-32865-0010__SIRm5,237,4446,11,0.0,0.0,0.0,0.0,0.0,57.8378001515194,22.296779589503124
4446-2273-0009_237-126133-0021__T2__237-237-126133-0021__HSIMV3__5683-5683-32865-0015__SIRm5,237,4446,6,0.3333333333333333,0.0,0.0,0.0,0.0,49.30654002092192,18.756825247142395
4446-2273-0009_8463-287645-0001__T2__8463-8463-287645-0001__HSIMV3__4992-4992-23283-0015__SIRm5,8463,4446,6,1.0,1.0,1.0,1.0,1.0,-34.892462516593945,-14.99464482954821
4446-2273-0015_672-122797-0071__T2__672-672-122797-0071__HSIMV3__260-260-123288-0003__SIRm5,672,4446,16,0.0,0.0,0.0,0.0,0.0,39.9701297822882,18.36684733212289
4446-2273-0015_7176-88083-0016__T2__7176-7176-88083-0016__HSIMV3__61-61-70970-0003__SIRm5,7176,4446,6,0.0,0.0,0.0,0.0,0.0,40.564262756262956,16.47782476760584
4446-2273-0016_1580-141083-0000__T2__1580-1580-141083-0000__HSIMV3__237-237-126133-0002__SIRm5,1580,4446,16,0.0,0.0,0.0,0.0,0.0,48.9133251617904,20.634668022937344
4446-2273-0016_7176-88083-0009__T2__7176-7176-88083-0009__HSIMV3__61-61-70970-0029__SIRm5,7176,4446,7,1.0,0.8571428571428571,0.8571428571428571,1.0,0.8571428571428571,-14.558830042275437,-2.3870665465092564
4446-2273-0016_8230-279154-0000__T2__8230-8230-279154-0000__HSIMV3__61-61-70970-0015__SIRm5,8230,4446,15,0.0,0.0,0.0,0.0,0.0,42.728997256418616,16.344575146059086
4446-2273-0018_2094-142345-0005__T2__2094-2094-142345-0005__HSIMV3__3729-3729-6852-0002__SIRm5,2094,4446,16,0.0625,0.0625,0.0625,0.0,0.0,49.19319039314118,18.99093580053271
4446-2273-0018_61-70968-0043__T2__61-61-70968-0043__HSIMV3__8230-8230-279154-0022__SIRm5,61,4446,11,0.0,0.0,0.0,0.0,0.0,42.306501294624965,16.97357796667112
4446-2273-0019_260-123288-0000__T2__260-260-123288-0000__HSIMV3__672-672-122797-0029__SIRm5,260,4446,5,0.0,0.0,0.0,0.0,0.0,43.62133753856368,23.061459738354262
4446-2273-0019_260-123288-0010__T2__260-260-123288-0010__HSIMV3__672-672-122797-0004__SIRm5,260,4446,18,0.0,0.0,0.0,0.0,0.0,44.33270437303183,18.64824677126564
4446-2273-0019_8555-284447-0022__T2__8555-8555-284447-0022__HSIMV3__4970-4970-29093-0008__SIRm5,8555,4446,6,0.0,0.0,0.0,0.0,0.0,33.71724956166342,17.213169902276686
4446-2273-0021_7176-92135-0024__T2__7176-7176-92135-0024__HSIMV3__61-61-70970-0040__SIRm5,7176,4446,7,1.0,1.0,1.0,1.0,1.0,-11.89292924229081,-2.22073223106416
4446-2273-0022_2094-142345-0057__T2__2094-2094-142345-0057__HSIMV3__3729-3729-6852-0041__SIRm5,2094,4446,19,0.0,0.0,0.0,0.0,0.0,51.647568000671846,19.30054124450607
4446-2273-0022_2830-3980-0023__T2__2830-2830-3980-0023__HSIMV3__1188-1188-133604-0039__SIRm5,2830,4446,11,0.0,0.0,0.0,0.0,0.0,45.54606776177943,17.9498935155757
4446-2273-0023_260-123288-0011__T2__260-260-123288-0011__HSIMV3__6930-6930-76324-0028__SIRm5,260,4446,16,0.0,0.0,0.0,0.0,0.0,46.28153123882521,19.53479591802373
4446-2273-0023_6829-68769-0002__T2__6829-6829-68769-0002__HSIMV3__4970-4970-29093-0000__SIRm5,6829,4446,5,0.0,0.0,0.0,0.0,0.0,48.033343899068896,19.78738110452481
4446-2273-0023_6930-81414-0020__T2__6930-6930-81414-0020__HSIMV3__260-260-123286-0031__SIRm5,6930,4446,9,0.0,0.0,0.0,0.0,0.0,48.013549350835056,18.669957934723698
4446-2273-0024_260-123440-0007__T2__260-260-123440-0007__HSIMV3__672-672-122797-0047__SIRm5,260,4446,5,0.4,0.2,0.2,0.0,0.0,30.327439875428958,10.97981219953534
4446-2273-0024_7176-92135-0036__T2__7176-7176-92135-0036__HSIMV3__61-61-70970-0036__SIRm5,7176,4446,11,0.9090909090909091,0.9090909090909091,0.8181818181818182,0.5454545454545454,0.5454545454545454,-2.261815727961951,2.943828461260113
4446-2273-0025_1284-1181-0010__T2__1284-1284-1181-0010__HSIMV3__4446-4446-2271-0001__SIRm5,1284,4446,11,0.0,0.0,0.0,0.0,0.0,49.694772235614636,18.080531223356395
4446-2273-0025_4992-41797-0002__T2__4992-4992-41797-0002__HSIMV3__4446-4446-2271-0018__SIRm5,4992,4446,10,0.0,0.0,0.0,0.0,0.0,51.92167548540283,19.5745192669076
4446-2273-0028_237-126133-0018__T2__237-237-126133-0018__HSIMV3__1580-1580-141084-0021__SIRm5,237,4446,7,0.0,0.0,0.0,0.0,0.0,39.384672318025125,14.995935475887872
4446-2273-0028_5142-33396-0025__T2__5142-5142-33396-0025__HSIMV3__4970-4970-29093-0015__SIRm5,5142,4446,5,0.0,0.0,0.0,0.0,0.0,30.507150351048836,10.2420927989511
4446-2273-0032_260-123440-0008__T2__260-260-123440-0008__HSIMV3__672-672-122797-0039__SIRm5,260,4446,6,0.0,0.0,0.0,0.0,0.0,49.6144089355918,20.02393892869969
4446-2273-0032_8230-279154-0039__T2__8230-8230-279154-0039__HSIMV3__61-61-70968-0025__SIRm5,8230,4446,7,0.0,0.0,0.0,0.0,0.0,50.558473579905204,18.44719233783369
4446-2273-0033_5683-32866-0020__T2__5683-5683-32866-0020__HSIMV3__237-237-126133-0009__SIRm5,5683,4446,6,0.5,0.6666666666666666,0.5,0.6666666666666666,0.5,-6.97960561448378,0.1700904049284055
4446-2273-0033_8230-279154-0028__T2__8230-8230-279154-0028__HSIMV3__61-61-70970-0004__SIRm5,8230,4446,20,0.0,0.0,0.0,0.0,0.0,43.139483095601435,17.92923113521031
4446-2273-0034_1284-1180-0005__T2__1284-1284-1180-0005__HSIMV3__1580-1580-141084-0031__SIRm5,1284,4446,11,0.0,0.0,0.0,0.0,0.0,52.324908606666284,21.27093410271508
4446-2273-0036_1089-134686-0017__T2__1089-1089-134686-0017__HSIMV3__8230-8230-279154-0000__SIRm5,1089,4446,16,0.0,0.0,0.0,0.0,0.0,51.259824031224326,19.12245949311649
4446-2275-0000_6930-76324-0028__T2__6930-6930-76324-0028__HSIMV3__260-260-123288-0010__SIRm5,6930,4446,18,0.0,0.0,0.0,0.0,0.0,44.88537551965684,17.89149960978927
4446-2275-0000_8555-284447-0013__T2__8555-8555-284447-0013__HSIMV3__4970-4970-29093-0009__SIRm5,8555,4446,17,0.0,0.0,0.0,0.0,0.0,60.43324626606124,21.82495545644131
4446-2275-0001_4077-13754-0001__T2__4077-4077-13754-0001__HSIMV3__8455-8455-210777-0049__SIRm5,4077,4446,6,0.0,0.0,0.0,0.0,0.0,44.82726994318883,18.716873699886143
4446-2275-0001_7176-88083-0003__T2__7176-7176-88083-0003__HSIMV3__61-61-70970-0035__SIRm5,7176,4446,13,0.0,0.0,0.0,0.0,0.0,35.22408706897273,17.426048255737683
4446-2275-0002_2300-131720-0023__T2__2300-2300-131720-0023__HSIMV3__61-61-70970-0004__SIRm5,2300,4446,20,0.0,0.0,0.0,0.0,0.0,48.1581403325512,19.19543482454823
4446-2275-0002_8455-210777-0045__T2__8455-8455-210777-0045__HSIMV3__1320-1320-122617-0032__SIRm5,8455,4446,21,0.0,0.0,0.0,0.0,0.0,51.08612865586604,19.93947311006525
4446-2275-0005_7176-92135-0016__T2__7176-7176-92135-0016__HSIMV3__61-61-70970-0035__SIRm5,7176,4446,13,1.0,1.0,1.0,1.0,1.0,-45.32397291585612,-21.942351328496123
4446-2275-0006_1284-134647-0002__T2__1284-1284-134647-0002__HSIMV3__4446-4446-2271-0017__SIRm5,1284,4446,23,0.0,0.0,0.0,0.0,0.0,46.56276898242284,18.825939313295496
4446-2275-0006_2300-131720-0005__T2__2300-2300-131720-0005__HSIMV3__61-61-70970-0036__SIRm5,2300,4446,12,0.0,0.0,0.0,0.0,0.0,50.119384696648716,19.21982038541765
4446-2275-0006_61-70968-0039__T2__61-61-70968-0039__HSIMV3__7176-7176-88083-0016__SIRm5,61,4446,6,0.0,0.0,0.0,0.0,0.0,28.73405621871106,15.173545943833036
4446-2275-0007_121-121726-0012__T2__121-121-121726-0012__HSIMV3__237-237-134500-0040__SIRm5,121,4446,7,0.0,0.0,0.0,0.0,0.0,40.85994282281261,19.69799448151216
4446-2275-0008_2300-131720-0032__T2__2300-2300-131720-0032__HSIMV3__61-61-70970-0004__SIRm5,2300,4446,20,0.0,0.0,0.0,0.0,0.0,42.59014104935706,16.647617354812567
4446-2275-0012_1284-1180-0029__T2__1284-1284-1180-0029__HSIMV3__4446-4446-2273-0004__SIRm5,1284,4446,9,0.0,0.0,0.0,0.0,0.0,52.91101747088208,19.55587947756934
4446-2275-0013_6930-81414-0023__T2__6930-6930-81414-0023__HSIMV3__260-260-123286-0005__SIRm5,6930,4446,8,0.0,0.0,0.0,0.0,0.0,43.640902007740664,17.03239769608958
4446-2275-0016_7176-92135-0003__T2__7176-7176-92135-0003__HSIMV3__61-61-70970-0029__SIRm5,7176,4446,6,1.0,1.0,1.0,1.0,1.0,-31.532146024179355,-13.037813472791251
4446-2275-0019_6930-81414-0024__T2__6930-6930-81414-0024__HSIMV3__260-260-123288-0006__SIRm5,6930,4446,8,0.0,0.0,0.0,0.0,0.0,44.359808719552156,18.109784707170693
4446-2275-0022_1995-1826-0018__T2__1995-1995-1826-0018__HSIMV3__2094-2094-142345-0058__SIRm5,1995,4446,8,0.0,0.0,0.0,0.0,0.0,54.719721951952366,23.471559664362683
4446-2275-0022_6930-81414-0012__T2__6930-6930-81414-0012__HSIMV3__260-260-123288-0004__SIRm5,6930,4446,7,0.0,0.0,0.0,0.0,0.0,42.95632086358142,17.84278456266351
4446-2275-0022_8455-210777-0014__T2__8455-8455-210777-0014__HSIMV3__1320-1320-122617-0008__SIRm5,8455,4446,7,0.14285714285714285,0.0,0.0,0.0,0.0,45.93406267584864,18.879756222537512
4446-2275-0026_1580-141084-0048__T2__1580-1580-141084-0048__HSIMV3__237-237-126133-0024__SIRm5,1580,4446,17,0.0,0.0,0.0,0.0,0.0,48.925496995692264,20.058479962243567
4446-2275-0028_3570-5696-0009__T2__3570-3570-5696-0009__HSIMV3__4507-4507-16021-0053__SIRm5,3570,4446,15,0.0,0.0,0.0,0.0,0.0,48.56855421216361,20.50124608439669
4446-2275-0028_7021-79740-0000__T2__7021-7021-79740-0000__HSIMV3__5105-5105-28233-0005__SIRm5,7021,4446,21,0.0,0.0,0.0,0.0,0.0,48.78307196183774,20.46630305500854
4446-2275-0031_5683-32866-0016__T2__5683-5683-32866-0016__HSIMV3__237-237-134493-0018__SIRm5,5683,4446,8,0.0,0.0,0.0,0.0,0.0,60.124371390723,23.879529762367167
4446-2275-0031_7127-75946-0011__T2__7127-7127-75946-0011__HSIMV3__8455-8455-210777-0043__SIRm5,7127,4446,5,0.0,0.0,0.0,0.0,0.0,37.556075235562915,13.614917006120647
4446-2275-0032_5142-36377-0015__T2__5142-5142-36377-0015__HSIMV3__4970-4970-29095-0035__SIRm5,5142,4446,7,0.0,0.0,0.0,0.0,0.0,47.38358526714416,19.775501423859573
4446-2275-0033_908-157963-0024__T2__908-908-157963-0024__HSIMV3__7176-7176-92135-0032__SIRm5,908,4446,5,0.0,0.0,0.0,0.0,0.0,42.17890518042022,18.40224224995399
4446-2275-0034_672-122797-0005__T2__672-672-122797-0005__HSIMV3__1320-1320-122612-0016__SIRm5,672,4446,5,0.0,0.0,0.0,0.0,0.0,41.46037000336878,16.629640453390582
4446-2275-0034_6930-75918-0016__T2__6930-6930-75918-0016__HSIMV3__260-260-123288-0010__SIRm5,6930,4446,18,0.0,0.0,0.0,0.0,0.0,43.4732961903542,17.944236004705203
4446-2275-0035_8463-287645-0003__T2__8463-8463-287645-0003__HSIMV3__4992-4992-41806-0001__SIRm5,8463,4446,14,0.0,0.0,0.0,0.0,0.0,33.4130336697026,18.858201041051004
4446-2275-0038_8230-279154-0033__T2__8230-8230-279154-0033__HSIMV3__61-61-70970-0004__SIRm5,8230,4446,20,0.0,0.0,0.0,0.0,0.0,44.92520614723566,17.895932301294167
4446-2275-0041_5142-33396-0010__T2__5142-5142-33396-0010__HSIMV3__4970-4970-29093-0008__SIRm5,5142,4446,5,0.0,0.0,0.0,0.0,0.0,49.837691193163714,20.21740142050929
4446-2275-0042_3570-5696-0004__T2__3570-3570-5696-0004__HSIMV3__4507-4507-16021-0046__SIRm5,3570,4446,8,0.0,0.0,0.0,0.0,0.0,59.42866518891312,21.15946336193124
4507-16021-0001_7176-88083-0023__T2__7176-7176-88083-0023__HSIMV3__61-61-70970-0004__SIRm5,7176,4507,18,0.05555555555555555,0.0,0.0,0.0,0.0,42.57421841533779,17.774572636524404
4507-16021-0002_4077-13751-0001__T2__4077-4077-13751-0001__HSIMV3__8455-8455-210777-0000__SIRm5,4077,4507,16,0.0,0.0,0.0,0.0,0.0,44.528662457111125,18.573846963181253
4507-16021-0003_1320-122617-0032__T2__1320-1320-122617-0032__HSIMV3__5105-5105-28233-0005__SIRm5,1320,4507,21,0.0,0.0,0.0,0.0,0.0,57.04182292260622,21.525821608965547
4507-16021-0003_237-134500-0039__T2__237-237-134500-0039__HSIMV3__5683-5683-32866-0005__SIRm5,237,4507,8,0.0,0.0,0.0,0.0,0.0,62.62268102059846,21.625576430156595
4507-16021-0003_672-122797-0003__T2__672-672-122797-0003__HSIMV3__1320-1320-122617-0014__SIRm5,672,4507,8,1.0,1.0,1.0,1.0,1.0,-29.84280109764488,-11.564047929534532
4507-16021-0005_8463-294825-0006__T2__8463-8463-294825-0006__HSIMV3__4992-4992-41806-0017__SIRm5,8463,4507,20,0.0,0.0,0.0,0.0,0.0,50.338864689384785,18.640847931040827
4507-16021-0008_237-134500-0041__T2__237-237-134500-0041__HSIMV3__5683-5683-32879-0000__SIRm5,237,4507,16,0.0,0.0,0.0,0.0,0.0,55.57192283141778,21.98929582102256
4507-16021-0009_2300-131720-0029__T2__2300-2300-131720-0029__HSIMV3__61-61-70970-0028__SIRm5,2300,4507,11,0.0,0.0,0.0,0.0,0.0,45.129369760268574,17.661379296373255
4507-16021-0009_5639-40744-0002__T2__5639-5639-40744-0002__HSIMV3__1089-1089-134686-0017__SIRm5,5639,4507,16,0.0,0.0,0.0,0.0,0.0,56.82634551043424,21.78078583480048
4507-16021-0011_1320-122612-0016__T2__1320-1320-122612-0016__HSIMV3__5105-5105-28240-0002__SIRm5,1320,4507,5,0.0,0.0,0.0,0.0,0.0,47.487473009916826,18.12393157195216
4507-16021-0013_1320-122617-0017__T2__1320-1320-122617-0017__HSIMV3__5105-5105-28240-0000__SIRm5,1320,4507,9,0.0,0.0,0.0,0.0,0.0,51.298744116790466,20.76327839693003
4507-16021-0013_5142-33396-0012__T2__5142-5142-33396-0012__HSIMV3__4970-4970-29095-0005__SIRm5,5142,4507,8,0.0,0.0,0.0,0.0,0.0,48.56049433048473,20.11830803767178
4507-16021-0013_61-70970-0007__T2__61-61-70970-0007__HSIMV3__8230-8230-279154-0039__SIRm5,61,4507,7,0.14285714285714285,0.2857142857142857,0.14285714285714285,0.2857142857142857,0.14285714285714285,32.116855786069785,7.250501100075686
4507-16021-0015_1580-141084-0049__T2__1580-1580-141084-0049__HSIMV3__237-237-126133-0013__SIRm5,1580,4507,12,0.0,0.16666666666666666,0.0,0.0,0.0,57.496461991577384,21.179946909178263
4507-16021-0016_1320-122617-0029__T2__1320-1320-122617-0029__HSIMV3__5105-5105-28240-0024__SIRm5,1320,4507,14,0.0,0.0,0.0,0.0,0.0,54.10821693394356,21.39996631884488
4507-16021-0017_8455-210777-0027__T2__8455-8455-210777-0027__HSIMV3__1320-1320-122617-0004__SIRm5,8455,4507,23,0.0,0.0,0.0,0.0,0.0,52.02824078192487,20.46852558617806
4507-16021-0022_8455-210777-0064__T2__8455-8455-210777-0064__HSIMV3__1320-1320-122617-0022__SIRm5,8455,4507,6,0.0,0.0,0.0,0.0,0.0,62.48058906160551,21.681524013533814
4507-16021-0024_4446-2273-0034__T2__4446-4446-2273-0034__HSIMV3__1284-1284-1180-0014__SIRm5,4446,4507,6,0.0,0.0,0.0,0.0,0.0,48.00173983717941,19.87505007134154
4507-16021-0024_61-70970-0033__T2__61-61-70970-0033__HSIMV3__8230-8230-279154-0012__SIRm5,61,4507,5,0.0,0.0,0.0,0.0,0.0,33.91785824804505,15.443330392324352
4507-16021-0025_5142-33396-0044__T2__5142-5142-33396-0044__HSIMV3__4970-4970-29095-0035__SIRm5,5142,4507,8,0.0,0.0,0.0,0.0,0.0,50.3792873728089,19.902974256537384
4507-16021-0028_1188-133604-0014__T2__1188-1188-133604-0014__HSIMV3__2830-2830-3979-0002__SIRm5,1188,4507,7,0.0,0.0,0.0,0.0,0.0,49.99253942808217,19.064265016444324
4507-16021-0028_237-134493-0001__T2__237-237-134493-0001__HSIMV3__5683-5683-32879-0018__SIRm5,237,4507,13,0.0,0.0,0.0,0.0,0.0,56.94306779114311,22.68481957985218
4507-16021-0029_8455-210777-0070__T2__8455-8455-210777-0070__HSIMV3__1320-1320-122612-0005__SIRm5,8455,4507,10,0.1,0.0,0.0,0.0,0.0,59.22079818969115,20.99043774335496
4507-16021-0030_2830-3980-0017__T2__2830-2830-3980-0017__HSIMV3__1188-1188-133604-0029__SIRm5,2830,4507,6,0.0,0.0,0.0,0.0,0.0,49.283154418832,19.00744185019206
4507-16021-0031_260-123288-0022__T2__260-260-123288-0022__HSIMV3__672-672-122797-0044__SIRm5,260,4507,6,0.0,0.0,0.0,0.0,0.0,46.84754992586212,17.269304087961057
4507-16021-0033_4992-23283-0005__T2__4992-4992-23283-0005__HSIMV3__4446-4446-2271-0016__SIRm5,4992,4507,19,0.0,0.0,0.0,0.0,0.0,48.32813934318521,19.788547339209693
4507-16021-0036_7021-85628-0027__T2__7021-7021-85628-0027__HSIMV3__5105-5105-28241-0008__SIRm5,7021,4507,15,0.06666666666666667,0.0,0.0,0.0,0.0,60.27151542581738,20.30144209204601
4507-16021-0037_1284-1181-0009__T2__1284-1284-1181-0009__HSIMV3__1580-1580-141083-0010__SIRm5,1284,4507,9,0.0,0.0,0.0,0.0,0.0,52.99955294576709,20.608638120690344
4507-16021-0037_1580-141084-0024__T2__1580-1580-141084-0024__HSIMV3__237-237-134500-0041__SIRm5,1580,4507,16,0.0625,0.125,0.0625,0.0,0.0,52.27511285441822,21.44992159589404
4507-16021-0040_5142-33396-0023__T2__5142-5142-33396-0023__HSIMV3__4970-4970-29093-0008__SIRm5,5142,4507,5,0.0,0.0,0.0,0.0,0.0,46.48427091297405,20.191629476775667
4507-16021-0042_1995-1837-0000__T2__1995-1995-1837-0000__HSIMV3__2094-2094-142345-0056__SIRm5,1995,4507,6,0.0,0.0,0.0,0.0,0.0,50.792216747997315,22.979638022993704
4507-16021-0042_260-123286-0011__T2__260-260-123286-0011__HSIMV3__672-672-122797-0052__SIRm5,260,4507,7,0.14285714285714285,0.0,0.0,0.0,0.0,46.594361998178165,19.361189751759085
4507-16021-0043_121-121726-0005__T2__121-121-121726-0005__HSIMV3__237-237-134500-0034__SIRm5,121,4507,5,0.0,0.6,0.0,0.0,0.0,39.11196849147184,18.15970316474417
4507-16021-0045_6829-68769-0012__T2__6829-6829-68769-0012__HSIMV3__4970-4970-29095-0006__SIRm5,6829,4507,7,0.0,0.0,0.0,0.0,0.0,43.58049213783583,21.609569564476324
4507-16021-0045_8555-284449-0012__T2__8555-8555-284449-0012__HSIMV3__4970-4970-29095-0003__SIRm5,8555,4507,18,0.0,0.05555555555555555,0.0,0.0,0.0,49.11471015470718,20.56211456972393
4507-16021-0046_121-127105-0023__T2__121-121-127105-0023__HSIMV3__237-237-126133-0024__SIRm5,121,4507,18,0.0,0.0,0.0,0.0,0.0,38.70390615831353,17.93010887469061
4507-16021-0046_237-134500-0031__T2__237-237-134500-0031__HSIMV3__5683-5683-32866-0013__SIRm5,237,4507,18,0.0,0.0,0.0,0.0,0.0,48.25703610050238,19.949789504116666
4507-16021-0048_2300-131720-0012__T2__2300-2300-131720-0012__HSIMV3__61-61-70970-0004__SIRm5,2300,4507,20,0.0,0.0,0.0,0.0,0.0,46.80833937320825,18.613842003710573
4507-16021-0049_260-123286-0007__T2__260-260-123286-0007__HSIMV3__672-672-122797-0015__SIRm5,260,4507,7,0.0,0.0,0.0,0.0,0.0,50.86459601652739,18.85243901982293
4507-16021-0049_5142-33396-0043__T2__5142-5142-33396-0043__HSIMV3__4970-4970-29093-0004__SIRm5,5142,4507,6,0.0,0.0,0.0,0.0,0.0,40.031421225278855,18.973538043774163
4507-16021-0050_2094-142345-0054__T2__2094-2094-142345-0054__HSIMV3__3729-3729-6852-0014__SIRm5,2094,4507,10,0.0,0.0,0.0,0.0,0.0,53.714068984710345,22.46253960735401
4507-16021-0050_2961-961-0003__T2__2961-2961-961-0003__HSIMV3__3570-3570-5696-0004__SIRm5,2961,4507,7,0.0,0.0,0.0,0.0,0.0,54.921983776510515,21.6102535509557
4507-16021-0050_8555-284449-0012__T2__8555-8555-284449-0012__HSIMV3__4970-4970-29095-0003__SIRm5,8555,4507,18,0.0,0.05555555555555555,0.0,0.0,0.0,48.71437746539747,20.547796700034503
4507-16021-0051_8455-210777-0005__T2__8455-8455-210777-0005__HSIMV3__1320-1320-122617-0006__SIRm5,8455,4507,10,0.0,0.1,0.0,0.0,0.0,47.89941184868016,20.03010206068688
4507-16021-0052_2830-3980-0069__T2__2830-2830-3980-0069__HSIMV3__1188-1188-133604-0038__SIRm5,2830,4507,9,0.0,0.0,0.0,0.0,0.0,52.18461870468371,20.12630730975492
4507-16021-0053_2300-131720-0005__T2__2300-2300-131720-0005__HSIMV3__61-61-70970-0036__SIRm5,2300,4507,12,0.0,0.0,0.0,0.0,0.0,50.12930795722655,19.21952874700805
4507-16021-0053_260-123286-0004__T2__260-260-123286-0004__HSIMV3__672-672-122797-0039__SIRm5,260,4507,5,0.0,0.2,0.0,0.0,0.0,29.50075142646247,12.338354547070129
4507-16021-0053_61-70968-0022__T2__61-61-70968-0022__HSIMV3__7176-7176-88083-0005__SIRm5,61,4507,8,0.0,0.0,0.0,0.0,0.0,43.08601368102697,16.65581486986413
4507-16021-0053_8455-210777-0009__T2__8455-8455-210777-0009__HSIMV3__1320-1320-122617-0005__SIRm5,8455,4507,7,0.0,0.0,0.0,0.0,0.0,57.25058326587674,19.76472111315492
4507-16021-0055_1089-134691-0007__T2__1089-1089-134691-0007__HSIMV3__8230-8230-279154-0008__SIRm5,1089,4507,5,0.0,0.0,0.0,0.0,0.0,50.27292399497219,18.172359118148904
4507-16021-0055_1580-141083-0013__T2__1580-1580-141083-0013__HSIMV3__237-237-134493-0000__SIRm5,1580,4507,7,0.0,0.0,0.0,0.0,0.0,49.27280077827336,20.797055582835743
4507-16021-0055_2830-3980-0030__T2__2830-2830-3980-0030__HSIMV3__1188-1188-133604-0038__SIRm5,2830,4507,9,0.0,0.0,0.0,0.0,0.0,45.42226833432445,18.49363306071482
4507-16021-0056_7021-85628-0002__T2__7021-7021-85628-0002__HSIMV3__5105-5105-28240-0019__SIRm5,7021,4507,11,0.0,0.0,0.0,0.0,0.0,51.512115812766886,16.52718027240767
4507-16021-0057_7021-85628-0018__T2__7021-7021-85628-0018__HSIMV3__5105-5105-28240-0024__SIRm5,7021,4507,15,0.0,0.0,0.0,0.0,0.0,56.722954098524234,21.523511305124675
4507-16021-0058_2830-3980-0044__T2__2830-2830-3980-0044__HSIMV3__1188-1188-133604-0040__SIRm5,2830,4507,5,0.0,0.0,0.0,0.0,0.0,47.22468127032111,18.484696193947297
4507-16021-0058_7729-102255-0029__T2__7729-7729-102255-0029__HSIMV3__7176-7176-88083-0010__SIRm5,7729,4507,12,0.0,0.0,0.0,0.0,0.0,44.63169489399365,17.940944865585248
4507-16021-0059_260-123288-0006__T2__260-260-123288-0006__HSIMV3__6930-6930-76324-0014__SIRm5,260,4507,8,0.0,0.25,0.0,0.0,0.0,46.4219639313534,18.23705973843597
4507-16021-0059_7176-88083-0005__T2__7176-7176-88083-0005__HSIMV3__61-61-70968-0047__SIRm5,7176,4507,8,0.0,0.0,0.0,0.0,0.0,34.137079690500464,14.818298027326604
4970-29093-0000_2094-142345-0056__T2__2094-2094-142345-0056__HSIMV3__3729-3729-6852-0036__SIRm5,2094,4970,6,0.0,0.0,0.0,0.0,0.0,63.426193575123314,20.11586438345037
4970-29093-0000_4446-2273-0002__T2__4446-4446-2273-0002__HSIMV3__1284-1284-1180-0027__SIRm5,4446,4970,5,0.0,0.0,0.0,0.0,0.0,43.99121868422236,18.325746618856485
4970-29093-0000_8455-210777-0070__T2__8455-8455-210777-0070__HSIMV3__1320-1320-122612-0005__SIRm5,8455,4970,10,0.1,0.0,0.0,0.0,0.0,59.10444291554295,20.988693834923147
4970-29093-0001_1188-133604-0004__T2__1188-1188-133604-0004__HSIMV3__2830-2830-3980-0048__SIRm5,1188,4970,19,0.21052631578947367,0.3157894736842105,0.21052631578947367,0.15789473684210525,0.10526315789473684,16.38582083924025,5.208676363295107
4970-29093-0001_237-134500-0003__T2__237-237-134500-0003__HSIMV3__5683-5683-32866-0008__SIRm5,237,4970,5,0.0,0.0,0.0,0.0,0.0,51.56048570763555,21.03746308552112
4970-29093-0002_6930-76324-0014__T2__6930-6930-76324-0014__HSIMV3__260-260-123286-0005__SIRm5,6930,4970,8,0.0,0.125,0.0,0.0,0.0,38.31678315054515,16.506945126002663
4970-29093-0004_8455-210777-0070__T2__8455-8455-210777-0070__HSIMV3__1320-1320-122612-0005__SIRm5,8455,4970,10,0.1,0.0,0.0,0.0,0.0,59.1303315147592,20.9895651776912
4970-29093-0007_1995-1826-0002__T2__1995-1995-1826-0002__HSIMV3__2094-2094-142345-0058__SIRm5,1995,4970,8,0.0,0.125,0.0,0.0,0.0,43.02705738713065,15.2638183510805
4970-29093-0007_3570-5694-0011__T2__3570-3570-5694-0011__HSIMV3__4507-4507-16021-0009__SIRm5,3570,4970,21,0.047619047619047616,0.0,0.0,0.0,0.0,62.98382123927587,24.422400752116715
4970-29093-0008_1995-1826-0004__T2__1995-1995-1826-0004__HSIMV3__2094-2094-142345-0045__SIRm5,1995,4970,5,0.0,0.0,0.0,0.0,0.0,57.33629091518962,23.664676862279777
4970-29093-0008_1995-1837-0003__T2__1995-1995-1837-0003__HSIMV3__2094-2094-142345-0043__SIRm5,1995,4970,13,0.0,0.0,0.0,0.0,0.0,51.35475933658856,21.97303601976634
4970-29093-0009_672-122797-0007__T2__672-672-122797-0007__HSIMV3__260-260-123288-0027__SIRm5,672,4970,11,0.09090909090909091,0.09090909090909091,0.09090909090909091,0.0,0.0,49.42477028101976,19.06504548232579
4970-29093-0009_672-122797-0032__T2__672-672-122797-0032__HSIMV3__260-260-123288-0004__SIRm5,672,4970,7,0.0,0.0,0.0,0.0,0.0,29.626242375964306,16.31627573003698
4970-29093-0011_260-123286-0001__T2__260-260-123286-0001__HSIMV3__672-672-122797-0029__SIRm5,260,4970,5,0.0,0.0,0.0,0.0,0.0,51.179691396554745,20.508519533158942
4970-29093-0012_1188-133604-0027__T2__1188-1188-133604-0027__HSIMV3__2830-2830-3980-0048__SIRm5,1188,4970,19,0.0,0.05263157894736842,0.0,0.0,0.0,50.33190331640983,20.95507667101141
4970-29093-0012_7729-102255-0033__T2__7729-7729-102255-0033__HSIMV3__7176-7176-88083-0010__SIRm5,7729,4970,12,0.0,0.0,0.0,0.0,0.0,34.62838072824433,16.71952293752753
4970-29093-0013_7021-85628-0006__T2__7021-7021-85628-0006__HSIMV3__5105-5105-28240-0002__SIRm5,7021,4970,6,0.0,0.16666666666666666,0.0,0.0,0.0,43.42162430612567,19.359541179791385
4970-29093-0014_4992-41797-0019__T2__4992-4992-41797-0019__HSIMV3__4446-4446-2275-0041__SIRm5,4992,4970,8,0.0,0.0,0.0,0.0,0.0,47.00864803255527,18.81201980781426
4970-29093-0015_237-126133-0012__T2__237-237-126133-0012__HSIMV3__5683-5683-32865-0015__SIRm5,237,4970,6,0.0,0.0,0.0,0.0,0.0,45.44965253436976,19.06354443723368
4970-29093-0015_2961-961-0016__T2__2961-2961-961-0016__HSIMV3__3570-3570-5694-0005__SIRm5,2961,4970,14,0.0,0.0,0.0,0.0,0.0,52.62436109156217,19.15836638859669
4970-29093-0015_6930-76324-0013__T2__6930-6930-76324-0013__HSIMV3__260-260-123288-0004__SIRm5,6930,4970,7,0.0,0.0,0.0,0.0,0.0,49.65330239977698,18.663175467834563
4970-29093-0018_1221-135766-0002__T2__1221-1221-135766-0002__HSIMV3__4992-4992-23283-0008__SIRm5,1221,4970,8,0.0,0.0,0.0,0.0,0.0,44.085333303832755,18.145267833907468
4970-29093-0018_1284-1180-0012__T2__1284-1284-1180-0012__HSIMV3__4446-4446-2275-0019__SIRm5,1284,4970,8,0.0,0.0,0.0,0.0,0.0,48.26279621408963,20.484777660619148
4970-29093-0019_121-121726-0000__T2__121-121-121726-0000__HSIMV3__237-237-126133-0007__SIRm5,121,4970,15,0.0,0.06666666666666667,0.0,0.0,0.0,48.0947662070093,21.084256693661835
4970-29093-0019_4446-2275-0010__T2__4446-4446-2275-0010__HSIMV3__1284-1284-1180-0014__SIRm5,4446,4970,6,0.0,0.0,0.0,0.0,0.0,44.43243830706921,17.22617834747132
4970-29093-0019_5683-32865-0015__T2__5683-5683-32865-0015__HSIMV3__1221-1221-135766-0013__SIRm5,5683,4970,5,0.0,0.2,0.0,0.0,0.0,16.95006047220637,10.015103452862462
4970-29093-0020_5142-33396-0015__T2__5142-5142-33396-0015__HSIMV3__4970-4970-29093-0014__SIRm5,5142,4970,7,0.0,0.0,0.0,0.0,0.0,42.49083074663549,18.51763102265982
4970-29093-0022_3729-6852-0038__T2__3729-3729-6852-0038__HSIMV3__4507-4507-16021-0014__SIRm5,3729,4970,10,0.0,0.1,0.0,0.0,0.0,51.620787108832246,18.59847061096819
4970-29093-0022_6829-68771-0024__T2__6829-6829-68771-0024__HSIMV3__4970-4970-29093-0022__SIRm5,6829,4970,11,0.0,0.0,0.0,0.0,0.0,48.52961345016258,20.11377836282431
4970-29093-0022_8463-287645-0004__T2__8463-8463-287645-0004__HSIMV3__4992-4992-41797-0022__SIRm5,8463,4970,11,0.0,0.0,0.0,0.0,0.0,51.11520187252718,19.34089075120304
4970-29093-0023_1320-122612-0000__T2__1320-1320-122612-0000__HSIMV3__5105-5105-28240-0006__SIRm5,1320,4970,25,0.04,0.08,0.0,0.0,0.0,50.83487002676614,16.671545267782697
4970-29093-0023_3575-170457-0009__T2__3575-3575-170457-0009__HSIMV3__237-237-134500-0036__SIRm5,3575,4970,12,0.0,0.0,0.0,0.0,0.0,52.859615741059635,16.792400716365343
4970-29093-0023_3575-170457-0040__T2__3575-3575-170457-0040__HSIMV3__237-237-134500-0037__SIRm5,3575,4970,12,0.0,0.0,0.0,0.0,0.0,57.667662900737525,21.60703119739456
4970-29095-0001_61-70968-0015__T2__61-61-70968-0015__HSIMV3__8230-8230-279154-0024__SIRm5,61,4970,9,0.0,0.0,0.0,0.0,0.0,30.963925058619168,16.378412306139683
4970-29095-0002_672-122797-0048__T2__672-672-122797-0048__HSIMV3__260-260-123440-0019__SIRm5,672,4970,11,1.0,1.0,1.0,1.0,1.0,-48.54187866664385,-26.447937879063765
4970-29095-0002_8463-294825-0005__T2__8463-8463-294825-0005__HSIMV3__4992-4992-41806-0011__SIRm5,8463,4970,14,0.0,0.0,0.0,0.0,0.0,50.82887006418838,21.45822820896048
4970-29095-0003_2094-142345-0021__T2__2094-2094-142345-0021__HSIMV3__3729-3729-6852-0036__SIRm5,2094,4970,9,0.0,0.0,0.0,0.0,0.0,58.88732086258926,19.66254233386868
4970-29095-0004_1089-134686-0012__T2__1089-1089-134686-0012__HSIMV3__8230-8230-279154-0018__SIRm5,1089,4970,22,0.0,0.0,0.0,0.0,0.0,50.41355475953289,20.0479765353369
4970-29095-0004_260-123286-0024__T2__260-260-123286-0024__HSIMV3__672-672-122797-0029__SIRm5,260,4970,5,0.0,0.0,0.0,0.0,0.0,57.323405894543974,24.58821000057341
4970-29095-0004_908-31957-0020__T2__908-908-31957-0020__HSIMV3__7176-7176-88083-0019__SIRm5,908,4970,10,0.0,0.0,0.0,0.0,0.0,46.53760576988371,19.35473791590056
4970-29095-0005_4446-2271-0018__T2__4446-4446-2271-0018__HSIMV3__4992-4992-41797-0002__SIRm5,4446,4970,10,0.0,0.0,0.0,0.0,0.0,43.60252059745339,19.4583822680194
4970-29095-0005_61-70968-0014__T2__61-61-70968-0014__HSIMV3__8230-8230-279154-0006__SIRm5,61,4970,13,0.0,0.0,0.0,0.0,0.0,37.32009262104817,15.857195451758674
4970-29095-0006_4507-16021-0021__T2__4507-4507-16021-0021__HSIMV3__3729-3729-6852-0042__SIRm5,4507,4970,27,0.037037037037037035,0.07407407407407407,0.037037037037037035,0.0,0.0,56.699192128148354,20.75414643058365
4970-29095-0006_7127-75947-0026__T2__7127-7127-75947-0026__HSIMV3__8455-8455-210777-0041__SIRm5,7127,4970,11,0.0,0.0,0.0,0.0,0.0,46.30124527198498,17.518609649886535
4970-29095-0007_1580-141083-0045__T2__1580-1580-141083-0045__HSIMV3__237-237-126133-0009__SIRm5,1580,4970,6,0.0,0.0,0.0,0.0,0.0,56.67797166347097,20.173383151487013
4970-29095-0007_2961-961-0020__T2__2961-2961-961-0020__HSIMV3__3570-3570-5695-0008__SIRm5,2961,4970,11,0.0,0.0,0.0,0.0,0.0,57.960889610282834,21.772267543290884
4970-29095-0008_5142-36377-0007__T2__5142-5142-36377-0007__HSIMV3__4970-4970-29095-0024__SIRm5,5142,4970,11,0.0,0.0,0.0,0.0,0.0,47.60207096395416,19.541228819880004
4970-29095-0009_1188-133604-0007__T2__1188-1188-133604-0007__HSIMV3__2830-2830-3979-0007__SIRm5,1188,4970,27,0.0,0.037037037037037035,0.0,0.0,0.0,51.90365879060372,20.2944206431324
4970-29095-0009_5639-40744-0014__T2__5639-5639-40744-0014__HSIMV3__1089-1089-134691-0023__SIRm5,5639,4970,14,0.0,0.0,0.0,0.0,0.0,47.69167135267195,18.87036508765575
4970-29095-0011_2830-3980-0024__T2__2830-2830-3980-0024__HSIMV3__1188-1188-133604-0031__SIRm5,2830,4970,6,0.0,0.0,0.0,0.0,0.0,50.45244296764469,19.8802382400162
4970-29095-0011_6930-75918-0006__T2__6930-6930-75918-0006__HSIMV3__260-260-123286-0009__SIRm5,6930,4970,10,0.0,0.0,0.0,0.0,0.0,36.251083052505194,14.535767248604216
4970-29095-0012_1995-1837-0001__T2__1995-1995-1837-0001__HSIMV3__2094-2094-142345-0034__SIRm5,1995,4970,14,0.07142857142857142,0.0,0.0,0.0,0.0,50.60475821989805,21.061503252947062
4970-29095-0014_7127-75947-0022__T2__7127-7127-75947-0022__HSIMV3__8455-8455-210777-0027__SIRm5,7127,4970,23,0.043478260869565216,0.13043478260869565,0.043478260869565216,0.0,0.0,45.796341129702704,19.126527593389795
4970-29095-0016_3570-5694-0019__T2__3570-3570-5694-0019__HSIMV3__4507-4507-16021-0029__SIRm5,3570,4970,6,0.0,0.0,0.0,0.0,0.0,59.46395948604806,21.689424871692257
4970-29095-0016_8455-210777-0064__T2__8455-8455-210777-0064__HSIMV3__1320-1320-122617-0022__SIRm5,8455,4970,6,0.0,0.0,0.0,0.0,0.0,62.47189866988314,21.681794515056712
4970-29095-0017_3575-170457-0052__T2__3575-3575-170457-0052__HSIMV3__237-237-134500-0026__SIRm5,3575,4970,5,0.0,0.0,0.0,0.0,0.0,40.88311756233054,18.424522635564777
4970-29095-0018_6930-81414-0010__T2__6930-6930-81414-0010__HSIMV3__260-260-123286-0017__SIRm5,6930,4970,6,0.0,0.0,0.0,0.0,0.0,40.145663265672354,15.786856894113804
4970-29095-0020_4507-16021-0038__T2__4507-4507-16021-0038__HSIMV3__3729-3729-6852-0016__SIRm5,4507,4970,6,0.0,0.0,0.0,0.0,0.0,50.27204600238813,22.087780946410845
4970-29095-0022_1320-122617-0010__T2__1320-1320-122617-0010__HSIMV3__5105-5105-28233-0008__SIRm5,1320,4970,19,0.0,0.0,0.0,0.0,0.0,49.99133650839136,20.42198063098975
4970-29095-0023_908-157963-0021__T2__908-908-157963-0021__HSIMV3__7176-7176-88083-0018__SIRm5,908,4970,19,1.0,0.9473684210526315,0.9473684210526315,1.0,0.9473684210526315,-51.6094368659248,-31.64192027756215
4970-29095-0025_2830-3980-0005__T2__2830-2830-3980-0005__HSIMV3__1188-1188-133604-0039__SIRm5,2830,4970,11,0.0,0.0,0.0,0.0,0.0,43.393067393771204,17.743560019887536
4970-29095-0025_3575-170457-0000__T2__3575-3575-170457-0000__HSIMV3__237-237-134500-0041__SIRm5,3575,4970,15,0.0,0.0,0.0,0.0,0.0,53.52551611403274,20.09234277905633
4970-29095-0026_6829-68769-0044__T2__6829-6829-68769-0044__HSIMV3__4970-4970-29093-0015__SIRm5,6829,4970,5,0.0,0.0,0.0,0.0,0.0,61.5275720183454,20.375557678959524
4970-29095-0028_2830-3980-0017__T2__2830-2830-3980-0017__HSIMV3__1188-1188-133604-0029__SIRm5,2830,4970,6,0.0,0.0,0.0,0.0,0.0,49.29201363082843,19.015749893037075
4970-29095-0029_1995-1826-0002__T2__1995-1995-1826-0002__HSIMV3__2094-2094-142345-0058__SIRm5,1995,4970,8,0.0,0.125,0.0,0.0,0.0,43.00892108684757,15.265885106269948
4970-29095-0029_5142-33396-0002__T2__5142-5142-33396-0002__HSIMV3__4970-4970-29093-0008__SIRm5,5142,4970,6,0.0,0.0,0.0,0.0,0.0,43.60969234135314,19.948549041538296
4970-29095-0030_4992-41797-0019__T2__4992-4992-41797-0019__HSIMV3__4446-4446-2275-0041__SIRm5,4992,4970,8,0.0,0.0,0.0,0.0,0.0,47.012272824222805,18.811898680465266
4970-29095-0031_237-134493-0003__T2__237-237-134493-0003__HSIMV3__5683-5683-32866-0009__SIRm5,237,4970,24,0.0,0.0,0.0,0.0,0.0,54.03442163678741,21.96867890708329
4970-29095-0032_1188-133604-0041__T2__1188-1188-133604-0041__HSIMV3__2830-2830-3980-0007__SIRm5,1188,4970,19,0.0,0.0,0.0,0.0,0.0,48.373721000067256,20.03443132048452
4970-29095-0032_1580-141084-0026__T2__1580-1580-141084-0026__HSIMV3__237-237-134500-0036__SIRm5,1580,4970,12,0.0,0.0,0.0,0.0,0.0,56.301512665134005,20.823722683102147
4970-29095-0032_237-134500-0026__T2__237-237-134500-0026__HSIMV3__5683-5683-32866-0008__SIRm5,237,4970,5,0.0,0.0,0.0,0.0,0.0,39.75826091424862,16.805810698716225
4970-29095-0033_2094-142345-0058__T2__2094-2094-142345-0058__HSIMV3__3729-3729-6852-0036__SIRm5,2094,4970,8,0.0,0.0,0.0,0.0,0.0,48.89885522451418,20.069161022152045
4970-29095-0033_3575-170457-0005__T2__3575-3575-170457-0005__HSIMV3__237-237-134500-0036__SIRm5,3575,4970,12,0.0,0.0,0.0,0.0,0.0,55.961620671021244,20.071647835729067
4970-29095-0034_4992-23283-0019__T2__4992-4992-23283-0019__HSIMV3__4446-4446-2275-0029__SIRm5,4992,4970,11,0.0,0.0,0.0,0.0,0.0,53.01216951344306,20.957401604000125
4970-29095-0034_5142-33396-0020__T2__5142-5142-33396-0020__HSIMV3__4970-4970-29093-0008__SIRm5,5142,4970,5,0.0,0.0,0.0,0.0,0.0,42.56575799233046,18.30575122238509
4970-29095-0034_8455-210777-0049__T2__8455-8455-210777-0049__HSIMV3__1320-1320-122617-0030__SIRm5,8455,4970,6,0.0,0.0,0.0,0.0,0.0,49.059901662837824,21.471511295035263
4970-29095-0035_2300-131720-0036__T2__2300-2300-131720-0036__HSIMV3__61-61-70970-0024__SIRm5,2300,4970,13,0.0,0.0,0.0,0.0,0.0,42.190973350845454,16.091154284918783
4970-29095-0036_1089-134686-0001__T2__1089-1089-134686-0001__HSIMV3__8230-8230-279154-0003__SIRm5,1089,4970,5,0.0,0.0,0.0,0.0,0.0,45.478630071633916,19.034132192202325
4970-29095-0037_4077-13754-0001__T2__4077-4077-13754-0001__HSIMV3__8455-8455-210777-0049__SIRm5,4077,4970,6,0.0,0.0,0.0,0.0,0.0,44.83241879877614,18.71699366776287
4970-29095-0037_4446-2273-0008__T2__4446-4446-2273-0008__HSIMV3__1284-1284-1181-0014__SIRm5,4446,4970,14,0.0,0.0,0.0,0.0,0.0,36.71487181123102,17.730339467294517
4970-29095-0037_5105-28240-0016__T2__5105-5105-28240-0016__HSIMV3__1320-1320-122617-0008__SIRm5,5105,4970,7,0.0,0.0,0.0,0.0,0.0,50.41847806906426,20.19068065207965
4970-29095-0037_7176-92135-0003__T2__7176-7176-92135-0003__HSIMV3__61-61-70970-0029__SIRm5,7176,4970,6,1.0,1.0,1.0,1.0,1.0,-31.389368483262757,-12.952031394528202
4970-29095-0038_5105-28240-0011__T2__5105-5105-28240-0011__HSIMV3__1320-1320-122617-0003__SIRm5,5105,4970,11,0.0,0.0,0.0,0.0,0.0,46.03618882601456,19.638473623432944
4970-29095-0038_5105-28240-0024__T2__5105-5105-28240-0024__HSIMV3__1320-1320-122612-0008__SIRm5,5105,4970,14,0.0,0.0,0.0,0.0,0.0,51.8457887076906,20.30132881248294
4970-29095-0038_5142-33396-0003__T2__5142-5142-33396-0003__HSIMV3__4970-4970-29093-0008__SIRm5,5142,4970,5,0.0,0.0,0.0,0.0,0.0,42.5185823668052,16.96786349981093
4992-23283-0000_121-127105-0011__T2__121-121-127105-0011__HSIMV3__237-237-126133-0017__SIRm5,121,4992,10,1.0,1.0,1.0,1.0,1.0,-49.97503939855499,-25.745021251839542
4992-23283-0000_237-134493-0017__T2__237-237-134493-0017__HSIMV3__5683-5683-32879-0000__SIRm5,237,4992,16,0.0,0.0,0.0,0.0,0.0,51.88682837645136,19.364101247198704
4992-23283-0002_2830-3980-0061__T2__2830-2830-3980-0061__HSIMV3__1188-1188-133604-0025__SIRm5,2830,4992,13,0.0,0.0,0.0,0.0,0.0,48.284845537044035,19.463451514525133
4992-23283-0002_672-122797-0073__T2__672-672-122797-0073__HSIMV3__260-260-123286-0003__SIRm5,672,4992,13,0.0,0.0,0.0,0.0,0.0,48.292820222081254,19.04354330370378
4992-23283-0003_1995-1837-0029__T2__1995-1995-1837-0029__HSIMV3__2094-2094-142345-0054__SIRm5,1995,4992,10,0.0,0.0,0.0,0.0,0.0,57.48581760116495,21.07477627543803
4992-23283-0004_1580-141083-0003__T2__1580-1580-141083-0003__HSIMV3__237-237-126133-0013__SIRm5,1580,4992,12,0.0,0.0,0.0,0.0,0.0,52.67472466930662,20.995223663921227
4992-23283-0004_8555-284449-0002__T2__8555-8555-284449-0002__HSIMV3__4970-4970-29095-0026__SIRm5,8555,4992,20,1.0,0.95,0.95,1.0,0.95,-56.6443506707378,-28.514633621792644
4992-23283-0005_6829-68769-0034__T2__6829-6829-68769-0034__HSIMV3__4970-4970-29095-0024__SIRm5,6829,4992,11,0.0,0.0,0.0,0.0,0.0,47.26815994053463,19.34357831511346
4992-23283-0008_237-126133-0015__T2__237-237-126133-0015__HSIMV3__5683-5683-32865-0009__SIRm5,237,4992,17,0.0,0.0,0.0,0.0,0.0,52.989589567987395,20.458053690047407
4992-23283-0008_7021-79740-0004__T2__7021-7021-79740-0004__HSIMV3__5105-5105-28240-0019__SIRm5,7021,4992,11,0.0,0.0,0.0,0.0,0.0,50.27492105050687,21.289312348049886
4992-23283-0010_6829-68769-0033__T2__6829-6829-68769-0033__HSIMV3__4970-4970-29095-0017__SIRm5,6829,4992,6,0.0,0.0,0.0,0.0,0.0,51.02832875254086,19.92230333759799
4992-23283-0010_8455-210777-0060__T2__8455-8455-210777-0060__HSIMV3__1320-1320-122617-0039__SIRm5,8455,4992,13,0.0,0.07692307692307693,0.0,0.0,0.0,45.904661742998414,18.49991891865556
4992-23283-0011_2830-3980-0005__T2__2830-2830-3980-0005__HSIMV3__1188-1188-133604-0039__SIRm5,2830,4992,11,0.0,0.0,0.0,0.0,0.0,43.38747747374957,17.742593999038128
4992-23283-0013_4507-16021-0011__T2__4507-4507-16021-0011__HSIMV3__3729-3729-6852-0024__SIRm5,4507,4992,10,0.0,0.0,0.0,0.0,0.0,48.77933498845696,19.94217802994301
4992-23283-0013_5683-32879-0012__T2__5683-5683-32879-0012__HSIMV3__237-237-134500-0028__SIRm5,5683,4992,7,0.0,0.0,0.0,0.0,0.0,50.67117828962372,21.694309348344973
4992-23283-0015_6829-68769-0016__T2__6829-6829-68769-0016__HSIMV3__4970-4970-29095-0029__SIRm5,6829,4992,6,0.0,0.0,0.0,0.0,0.0,51.199556765644985,23.723849620298736
4992-23283-0015_8455-210777-0013__T2__8455-8455-210777-0013__HSIMV3__1320-1320-122617-0024__SIRm5,8455,4992,13,0.0,0.0,0.0,0.0,0.0,46.72239949499534,19.51452426911993
4992-23283-0016_61-70968-0004__T2__61-61-70968-0004__HSIMV3__8230-8230-279154-0008__SIRm5,61,4992,6,1.0,1.0,1.0,1.0,1.0,-30.398268698056842,-16.47686695098802
4992-23283-0017_5142-33396-0002__T2__5142-5142-33396-0002__HSIMV3__4970-4970-29093-0008__SIRm5,5142,4992,6,0.0,0.0,0.0,0.0,0.0,43.693433040081665,19.95380213759188
4992-23283-0018_1188-133604-0013__T2__1188-1188-133604-0013__HSIMV3__2830-2830-3980-0020__SIRm5,1188,4992,5,0.0,0.0,0.0,0.0,0.0,44.19719446270045,17.556977630964884
4992-23283-0020_2300-131720-0014__T2__2300-2300-131720-0014__HSIMV3__61-61-70970-0003__SIRm5,2300,4992,6,0.0,0.0,0.0,0.0,0.0,44.57234223533221,18.004800024924492
4992-23283-0020_3575-170457-0022__T2__3575-3575-170457-0022__HSIMV3__237-237-134500-0000__SIRm5,3575,4992,10,0.0,0.0,0.0,0.0,0.0,50.30318124955441,22.02430129477033
4992-41797-0002_1089-134691-0002__T2__1089-1089-134691-0002__HSIMV3__8230-8230-279154-0027__SIRm5,1089,4992,21,0.0,0.0,0.0,0.0,0.0,49.134775080384955,19.05935661097119
4992-41797-0004_5142-36377-0017__T2__5142-5142-36377-0017__HSIMV3__4970-4970-29095-0035__SIRm5,5142,4992,8,0.0,0.0,0.0,0.0,0.0,42.76046121728838,17.383205717230897
4992-41797-0004_672-122797-0034__T2__672-672-122797-0034__HSIMV3__260-260-123286-0031__SIRm5,672,4992,9,0.0,0.0,0.0,0.0,0.0,44.88756641704013,19.82715856702353
4992-41797-0005_1580-141083-0049__T2__1580-1580-141083-0049__HSIMV3__237-237-126133-0009__SIRm5,1580,4992,6,0.0,0.0,0.0,0.0,0.0,54.13287423540347,20.17812890238413
4992-41797-0006_6829-68771-0013__T2__6829-6829-68771-0013__HSIMV3__4446-4446-2275-0040__SIRm5,6829,4992,12,0.0,0.0,0.0,0.0,0.0,48.34634186324585,15.362195890212988
4992-41797-0007_5142-36377-0020__T2__5142-5142-36377-0020__HSIMV3__4970-4970-29095-0035__SIRm5,5142,4992,8,0.0,0.0,0.0,0.0,0.0,44.42151386837982,18.89620459325417
4992-41797-0008_6930-76324-0009__T2__6930-6930-76324-0009__HSIMV3__260-260-123288-0018__SIRm5,6930,4992,5,0.0,0.0,0.0,0.0,0.0,47.479165444641254,17.97435362710068
4992-41797-0009_2094-142345-0051__T2__2094-2094-142345-0051__HSIMV3__3729-3729-6852-0036__SIRm5,2094,4992,9,0.0,0.0,0.0,0.0,0.0,48.093553561764594,20.38187057196976
4992-41797-0010_2830-3980-0037__T2__2830-2830-3980-0037__HSIMV3__1188-1188-133604-0039__SIRm5,2830,4992,11,0.09090909090909091,0.0,0.0,0.0,0.0,44.162398828786586,18.06210014632562
4992-41797-0010_7021-79740-0011__T2__7021-7021-79740-0011__HSIMV3__5105-5105-28233-0008__SIRm5,7021,4992,19,0.0,0.0,0.0,0.0,0.0,51.13470204094878,20.837905069976404
4992-41797-0011_5142-36377-0010__T2__5142-5142-36377-0010__HSIMV3__4970-4970-29093-0014__SIRm5,5142,4992,7,0.0,0.0,0.0,0.14285714285714285,0.0,30.966420483557005,7.586433930881307
4992-41797-0013_2094-142345-0033__T2__2094-2094-142345-0033__HSIMV3__3729-3729-6852-0020__SIRm5,2094,4992,24,0.0,0.0,0.0,0.0,0.0,53.52518623032203,19.53318926044068
4992-41797-0014_3575-170457-0014__T2__3575-3575-170457-0014__HSIMV3__237-237-134500-0036__SIRm5,3575,4992,12,0.0,0.0,0.0,0.0,0.0,52.30414720287038,20.799570611039208
4992-41797-0015_4446-2271-0013__T2__4446-4446-2271-0013__HSIMV3__4992-4992-23283-0003__SIRm5,4446,4992,7,1.0,1.0,1.0,1.0,1.0,-49.548682876953706,-28.49723161180496
4992-41797-0016_4446-2271-0017__T2__4446-4446-2271-0017__HSIMV3__1284-1284-1181-0013__SIRm5,4446,4992,23,1.0,1.0,1.0,1.0,1.0,-56.727745066737725,-31.5357541557342
4992-41797-0017_1995-1836-0006__T2__1995-1995-1836-0006__HSIMV3__2094-2094-142345-0043__SIRm5,1995,4992,13,0.0,0.0,0.0,0.0,0.0,51.47440939859392,22.864253286868163
4992-41797-0017_672-122797-0043__T2__672-672-122797-0043__HSIMV3__260-260-123288-0022__SIRm5,672,4992,6,1.0,1.0,1.0,1.0,1.0,-52.78730173866473,-30.922471508531693
4992-41797-0017_8555-284447-0002__T2__8555-8555-284447-0002__HSIMV3__4970-4970-29093-0013__SIRm5,8555,4992,15,0.0,0.0,0.0,0.0,0.0,48.51470317819039,19.575924177268483
4992-41797-0018_6930-75918-0017__T2__6930-6930-75918-0017__HSIMV3__260-260-123440-0015__SIRm5,6930,4992,11,0.0,0.0,0.0,0.0,0.0,44.56120093366103,17.380592535838357
4992-41797-0018_6930-81414-0011__T2__6930-6930-81414-0011__HSIMV3__260-260-123288-0006__SIRm5,6930,4992,8,0.0,0.0,0.0,0.0,0.0,41.97661920089682,17.164888095203345
4992-41797-0019_2830-3980-0063__T2__2830-2830-3980-0063__HSIMV3__1188-1188-133604-0038__SIRm5,2830,4992,9,0.0,0.0,0.0,0.0,0.0,51.31238207588414,19.56875731275249
4992-41797-0020_237-134500-0026__T2__237-237-134500-0026__HSIMV3__5683-5683-32866-0008__SIRm5,237,4992,5,0.0,0.0,0.0,0.0,0.0,39.764303717236636,16.807417421817476
4992-41797-0020_4970-29095-0018__T2__4970-4970-29095-0018__HSIMV3__6829-6829-68771-0012__SIRm5,4970,4992,23,0.0,0.08695652173913043,0.0,0.0,0.0,45.93562456354603,18.90498989046058
4992-41797-0021_5142-33396-0064__T2__5142-5142-33396-0064__HSIMV3__4970-4970-29095-0008__SIRm5,5142,4992,5,0.0,0.0,0.0,0.0,0.0,47.806593374318524,18.735650813728384
4992-41797-0022_1089-134686-0031__T2__1089-1089-134686-0031__HSIMV3__8230-8230-279154-0021__SIRm5,1089,4992,12,0.0,0.0,0.0,0.0,0.0,49.03042138478014,20.04327962740045
4992-41797-0022_3729-6852-0000__T2__3729-3729-6852-0000__HSIMV3__4507-4507-16021-0001__SIRm5,3729,4992,21,0.0,0.047619047619047616,0.0,0.0,0.0,59.700142976167776,21.87796152403959
4992-41806-0001_7127-75947-0028__T2__7127-7127-75947-0028__HSIMV3__8455-8455-210777-0058__SIRm5,7127,4992,13,0.0,0.0,0.0,0.0,0.0,40.426123539650355,17.50428418117042
4992-41806-0003_5683-32879-0016__T2__5683-5683-32879-0016__HSIMV3__237-237-126133-0024__SIRm5,5683,4992,18,0.0,0.0,0.0,0.0,0.0,46.750541879136,19.49073832117872
4992-41806-0003_8555-284447-0020__T2__8555-8555-284447-0020__HSIMV3__4970-4970-29095-0017__SIRm5,8555,4992,6,1.0,1.0,1.0,1.0,1.0,-45.59516075584563,-21.074475538656703
4992-41806-0005_672-122797-0051__T2__672-672-122797-0051__HSIMV3__1320-1320-122617-0014__SIRm5,672,4992,8,0.0,0.0,0.0,0.0,0.0,34.93826502310094,16.534239330830193
4992-41806-0005_8455-210777-0004__T2__8455-8455-210777-0004__HSIMV3__1320-1320-122617-0040__SIRm5,8455,4992,14,0.0,0.0,0.0,0.0,0.0,47.31934103227172,18.85740741913756
4992-41806-0005_8463-294828-0035__T2__8463-8463-294828-0035__HSIMV3__4992-4992-41806-0016__SIRm5,8463,4992,28,0.0,0.0,0.0,0.0,0.0,53.25599105408971,20.98636389942659
4992-41806-0006_7729-102255-0040__T2__7729-7729-102255-0040__HSIMV3__7176-7176-88083-0021__SIRm5,7729,4992,22,0.0,0.0,0.0,0.0,0.0,40.13597523558534,16.42266671847028
4992-41806-0007_7176-88083-0013__T2__7176-7176-88083-0013__HSIMV3__61-61-70970-0004__SIRm5,7176,4992,20,0.05,0.0,0.0,0.0,0.0,35.404810255332464,15.191226387355576
4992-41806-0008_6829-68771-0024__T2__6829-6829-68771-0024__HSIMV3__4970-4970-29093-0022__SIRm5,6829,4992,11,0.0,0.0,0.0,0.0,0.0,48.52747132267768,20.11254327326284
4992-41806-0008_6930-75918-0015__T2__6930-6930-75918-0015__HSIMV3__260-260-123440-0015__SIRm5,6930,4992,11,0.0,0.0,0.0,0.0,0.0,48.15969901130959,18.23675431262564
4992-41806-0009_1188-133604-0001__T2__1188-1188-133604-0001__HSIMV3__2830-2830-3979-0008__SIRm5,1188,4992,15,0.06666666666666667,0.0,0.0,0.0,0.0,46.077210138251885,18.655663553492182
4992-41806-0009_3570-5696-0001__T2__3570-3570-5696-0001__HSIMV3__4507-4507-16021-0016__SIRm5,3570,4992,32,0.0,0.03125,0.0,0.0,0.0,59.4563238397635,22.27281894145732
4992-41806-0011_4077-13751-0010__T2__4077-4077-13751-0010__HSIMV3__8455-8455-210777-0011__SIRm5,4077,4992,12,0.0,0.0,0.0,0.0,0.0,48.81171680557089,19.12254078034279
4992-41806-0012_1089-134686-0033__T2__1089-1089-134686-0033__HSIMV3__8230-8230-279154-0003__SIRm5,1089,4992,5,0.0,0.0,0.0,0.0,0.0,48.51985322613743,16.598647224797176
4992-41806-0012_4446-2273-0015__T2__4446-4446-2273-0015__HSIMV3__4992-4992-41797-0006__SIRm5,4446,4992,8,0.0,0.0,0.0,0.0,0.0,57.39588167000973,20.655311223711006
4992-41806-0013_4970-29095-0027__T2__4970-4970-29095-0027__HSIMV3__6829-6829-68769-0001__SIRm5,4970,4992,17,0.0,0.0,0.0,0.0,0.0,46.11159977526736,18.967573257586565
4992-41806-0013_672-122797-0021__T2__672-672-122797-0021__HSIMV3__260-260-123288-0004__SIRm5,672,4992,7,0.0,0.0,0.0,0.0,0.0,47.702771842902045,19.80471862874037
4992-41806-0014_1580-141083-0004__T2__1580-1580-141083-0004__HSIMV3__237-237-126133-0012__SIRm5,1580,4992,7,0.0,0.0,0.0,0.0,0.0,41.78981283898708,16.847665157895104
4992-41806-0015_260-123440-0020__T2__260-260-123440-0020__HSIMV3__672-672-122797-0017__SIRm5,260,4992,8,0.0,0.0,0.0,0.0,0.0,47.55860861098449,17.461183190954994
4992-41806-0015_2961-961-0004__T2__2961-2961-961-0004__HSIMV3__3570-3570-5694-0014__SIRm5,2961,4992,21,0.0,0.0,0.0,0.0,0.0,56.49313301319093,20.7404651216912
4992-41806-0016_8230-279154-0023__T2__8230-8230-279154-0023__HSIMV3__61-61-70970-0000__SIRm5,8230,4992,11,0.45454545454545453,0.7272727272727273,0.45454545454545453,0.09090909090909091,0.09090909090909091,10.324612421988014,8.915720189895287
4992-41806-0017_8555-284447-0024__T2__8555-8555-284447-0024__HSIMV3__4970-4970-29095-0035__SIRm5,8555,4992,8,1.0,1.0,1.0,1.0,1.0,-58.55424772924167,-31.9175381622223
4992-41806-0017_8555-292519-0003__T2__8555-8555-292519-0003__HSIMV3__4970-4970-29095-0007__SIRm5,8555,4992,28,0.03571428571428571,0.0,0.0,0.0,0.0,55.23117091560209,22.45468209620896
5105-28233-0000_1221-135767-0018__T2__1221-1221-135767-0018__HSIMV3__4992-4992-41806-0017__SIRm5,1221,5105,20,0.0,0.05,0.0,0.0,0.0,46.691959278834034,18.962741965222417
5105-28233-0001_672-122797-0039__T2__672-672-122797-0039__HSIMV3__260-260-123286-0011__SIRm5,672,5105,7,0.0,0.0,0.0,0.0,0.0,46.30490876696933,19.244706417421924
5105-28233-0002_1089-134686-0021__T2__1089-1089-134686-0021__HSIMV3__8230-8230-279154-0021__SIRm5,1089,5105,12,0.0,0.0,0.0,0.0,0.0,50.01992611518045,20.047944165197585
5105-28233-0002_121-127105-0022__T2__121-121-127105-0022__HSIMV3__237-237-134500-0032__SIRm5,121,5105,9,1.0,1.0,1.0,1.0,1.0,-60.5527945353865,-42.37123619219433
5105-28233-0005_4077-13754-0013__T2__4077-4077-13754-0013__HSIMV3__8455-8455-210777-0051__SIRm5,4077,5105,24,0.0,0.0,0.0,0.0,0.0,43.20023690143828,17.71359730737029
5105-28233-0005_4446-2275-0013__T2__4446-4446-2275-0013__HSIMV3__1284-1284-1180-0014__SIRm5,4446,5105,6,0.0,0.0,0.0,0.0,0.0,39.637483306346915,17.5666389173848
5105-28233-0005_5683-32865-0003__T2__5683-5683-32865-0003__HSIMV3__1221-1221-135766-0013__SIRm5,5683,5105,6,0.0,0.0,0.0,0.0,0.0,42.625383530057114,20.07991174051191
5105-28233-0006_7021-85628-0012__T2__7021-7021-85628-0012__HSIMV3__5105-5105-28240-0000__SIRm5,7021,5105,9,0.0,0.0,0.0,0.0,0.0,46.2768043488314,20.86833942590012
5105-28233-0008_4446-2275-0023__T2__4446-4446-2275-0023__HSIMV3__1284-1284-1181-0002__SIRm5,4446,5105,6,0.0,0.0,0.0,0.0,0.0,47.55465607840395,20.8422519924722
5105-28240-0000_2830-3979-0003__T2__2830-2830-3979-0003__HSIMV3__1188-1188-133604-0036__SIRm5,2830,5105,14,0.0,0.0,0.0,0.0,0.0,55.83184510239113,19.908719416404427
5105-28240-0003_1995-1826-0026__T2__1995-1995-1826-0026__HSIMV3__2094-2094-142345-0015__SIRm5,1995,5105,29,0.0,0.13793103448275862,0.0,0.0,0.0,51.56363960560564,21.87189540748456
5105-28240-0003_61-70970-0023__T2__61-61-70970-0023__HSIMV3__7176-7176-88083-0017__SIRm5,61,5105,6,0.0,0.0,0.0,0.0,0.0,9.446107169656457,7.571004455400645
5105-28240-0003_672-122797-0019__T2__672-672-122797-0019__HSIMV3__260-260-123288-0004__SIRm5,672,5105,7,1.0,0.8571428571428571,0.8571428571428571,1.0,0.8571428571428571,-34.79331961073316,-16.189472118613526
5105-28240-0003_8555-292519-0013__T2__8555-8555-292519-0013__HSIMV3__4970-4970-29095-0023__SIRm5,8555,5105,6,0.0,0.0,0.0,0.0,0.0,56.88836562390643,22.951495528970582
5105-28240-0004_2961-960-0021__T2__2961-2961-960-0021__HSIMV3__3570-3570-5694-0006__SIRm5,2961,5105,28,0.0,0.0,0.0,0.0,0.0,60.11774939325782,21.097879788170225
5105-28240-0004_4992-23283-0014__T2__4992-4992-23283-0014__HSIMV3__4446-4446-2275-0008__SIRm5,4992,5105,7,0.0,0.0,0.0,0.0,0.0,51.17885614353567,18.40295028237014
5105-28240-0005_6829-68769-0010__T2__6829-6829-68769-0010__HSIMV3__4970-4970-29093-0015__SIRm5,6829,5105,5,0.0,0.0,0.0,0.0,0.0,49.74633204609144,12.55401092414469
5105-28240-0005_7127-75946-0011__T2__7127-7127-75946-0011__HSIMV3__8455-8455-210777-0043__SIRm5,7127,5105,5,0.0,0.0,0.0,0.0,0.0,37.57890844111572,13.611933931536768
5105-28240-0005_8555-284449-0019__T2__8555-8555-284449-0019__HSIMV3__4970-4970-29095-0038__SIRm5,8555,5105,14,0.0,0.07142857142857142,0.0,0.0,0.0,59.20060209002496,21.789019618206066
5105-28240-0006_2830-3979-0006__T2__2830-2830-3979-0006__HSIMV3__1188-1188-133604-0017__SIRm5,2830,5105,8,0.375,0.125,0.125,0.0,0.0,14.56626030244034,7.079539742916273
5105-28240-0007_1089-134686-0001__T2__1089-1089-134686-0001__HSIMV3__8230-8230-279154-0003__SIRm5,1089,5105,5,0.0,0.0,0.0,0.0,0.0,45.48794210912051,19.035910160579547
5105-28240-0007_61-70970-0035__T2__61-61-70970-0035__HSIMV3__8230-8230-279154-0035__SIRm5,61,5105,13,0.0,0.0,0.0,0.07692307692307693,0.0,34.654601777719044,9.180571092466757
5105-28240-0009_61-70970-0034__T2__61-61-70970-0034__HSIMV3__8230-8230-279154-0039__SIRm5,61,5105,7,0.2857142857142857,0.2857142857142857,0.2857142857142857,0.2857142857142857,0.2857142857142857,20.19282636025843,-1.882368113901008
5105-28240-0012_3729-6852-0043__T2__3729-3729-6852-0043__HSIMV3__4507-4507-16021-0043__SIRm5,3729,5105,6,0.0,0.0,0.0,0.0,0.0,45.47347507555069,18.249094197568944
5105-28240-0014_1284-1180-0026__T2__1284-1284-1180-0026__HSIMV3__1580-1580-141084-0041__SIRm5,1284,5105,14,0.0,0.0,0.0,0.0,0.0,50.0408479885458,21.133385609058703
5105-28240-0014_7127-75947-0021__T2__7127-7127-75947-0021__HSIMV3__8455-8455-210777-0049__SIRm5,7127,5105,6,0.0,0.0,0.0,0.0,0.0,50.203901262959384,19.037619313729166
5105-28240-0015_2094-142345-0029__T2__2094-2094-142345-0029__HSIMV3__3729-3729-6852-0002__SIRm5,2094,5105,16,0.0,0.0,0.0,0.0,0.0,49.20303755640465,13.166303408815152
5105-28240-0015_2300-131720-0006__T2__2300-2300-131720-0006__HSIMV3__61-61-70970-0029__SIRm5,2300,5105,7,0.0,0.0,0.0,0.0,0.0,43.08236308284638,16.124037506064923
5105-28240-0017_6829-68769-0001__T2__6829-6829-68769-0001__HSIMV3__4970-4970-29095-0004__SIRm5,6829,5105,17,0.0,0.0,0.0,0.0,0.0,46.60868301451704,19.50943046706599
5105-28240-0017_6930-81414-0015__T2__6930-6930-81414-0015__HSIMV3__260-260-123288-0022__SIRm5,6930,5105,6,0.0,0.0,0.0,0.0,0.0,50.32708960403517,19.7202579872311
5105-28240-0019_1284-1181-0020__T2__1284-1284-1181-0020__HSIMV3__4446-4446-2271-0001__SIRm5,1284,5105,11,0.0,0.0,0.0,0.0,0.0,49.76405915281062,18.131278588469684
5105-28240-0019_1320-122612-0015__T2__1320-1320-122612-0015__HSIMV3__5105-5105-28241-0016__SIRm5,1320,5105,11,0.0,0.0,0.0,0.0,0.0,45.80867395434848,20.360199518715447
5105-28240-0019_6829-68771-0015__T2__6829-6829-68771-0015__HSIMV3__4970-4970-29095-0030__SIRm5,6829,5105,8,0.0,0.0,0.0,0.0,0.0,56.432289149978985,21.518393839087068
5105-28240-0021_7176-88083-0024__T2__7176-7176-88083-0024__HSIMV3__61-61-70968-0049__SIRm5,7176,5105,15,0.13333333333333333,0.13333333333333333,0.13333333333333333,0.0,0.0,22.26389507603526,13.575638541182908
5105-28240-0022_2830-3980-0065__T2__2830-2830-3980-0065__HSIMV3__1188-1188-133604-0039__SIRm5,2830,5105,12,0.0,0.0,0.0,0.0,0.0,48.589477818334615,18.01897331726626
5105-28240-0022_4446-2275-0021__T2__4446-4446-2275-0021__HSIMV3__1284-1284-1180-0029__SIRm5,4446,5105,9,0.0,0.0,0.0,0.0,0.0,40.0914191991142,17.64575560214214
5105-28240-0024_8230-279154-0014__T2__8230-8230-279154-0014__HSIMV3__61-61-70968-0035__SIRm5,8230,5105,14,0.07142857142857142,0.0,0.0,0.0,0.0,46.36866772884241,17.51612061770437
5105-28241-0002_7127-75946-0009__T2__7127-7127-75946-0009__HSIMV3__8455-8455-210777-0009__SIRm5,7127,5105,8,0.0,0.0,0.0,0.0,0.0,44.80613943880069,17.8991253985453
5105-28241-0003_1995-1826-0005__T2__1995-1995-1826-0005__HSIMV3__2094-2094-142345-0023__SIRm5,1995,5105,9,0.0,0.0,0.0,0.0,0.0,49.91066254833923,22.40474981852513
5105-28241-0003_4077-13751-0001__T2__4077-4077-13751-0001__HSIMV3__8455-8455-210777-0000__SIRm5,4077,5105,16,0.0,0.0,0.0,0.0,0.0,44.53476703544487,18.57788470275335
5105-28241-0005_672-122797-0051__T2__672-672-122797-0051__HSIMV3__260-260-123288-0006__SIRm5,672,5105,8,0.0,0.0,0.0,0.0,0.0,31.03800943989006,15.440037202828568
5105-28241-0006_8463-294828-0019__T2__8463-8463-294828-0019__HSIMV3__4992-4992-41797-0006__SIRm5,8463,5105,8,0.0,0.0,0.0,0.0,0.0,48.257141923089385,19.69425368323333
5105-28241-0008_1284-1180-0004__T2__1284-1284-1180-0004__HSIMV3__4446-4446-2275-0008__SIRm5,1284,5105,7,0.0,0.0,0.0,0.0,0.0,53.64852155323063,19.3351352100702
5105-28241-0009_4507-16021-0049__T2__4507-4507-16021-0049__HSIMV3__3729-3729-6852-0037__SIRm5,4507,5105,10,0.0,0.0,0.0,0.0,0.0,41.960082863090015,20.558585217382
5105-28241-0011_3575-170457-0024__T2__3575-3575-170457-0024__HSIMV3__237-237-134500-0018__SIRm5,3575,5105,23,0.0,0.0,0.0,0.0,0.0,58.84342475827539,21.674263636985508
5105-28241-0011_4446-2273-0004__T2__4446-4446-2273-0004__HSIMV3__1284-1284-1180-0029__SIRm5,4446,5105,9,0.0,0.0,0.0,0.0,0.0,53.482514141933194,18.73823006083073
5105-28241-0012_4507-16021-0017__T2__4507-4507-16021-0017__HSIMV3__3729-3729-6852-0041__SIRm5,4507,5105,20,0.0,0.0,0.0,0.0,0.0,48.60627279407236,20.75737479380193
5105-28241-0012_5683-32865-0016__T2__5683-5683-32865-0016__HSIMV3__237-237-134500-0016__SIRm5,5683,5105,5,0.0,0.0,0.0,0.0,0.0,46.19514867684944,20.119867147052425
5105-28241-0012_7021-85628-0023__T2__7021-7021-85628-0023__HSIMV3__5105-5105-28240-0015__SIRm5,7021,5105,16,0.0,0.0,0.0,0.0,0.0,51.97453363545516,20.40137051086645
5105-28241-0013_8555-284449-0001__T2__8555-8555-284449-0001__HSIMV3__4970-4970-29095-0038__SIRm5,8555,5105,16,0.9375,1.0,0.9375,1.0,0.9375,-37.96559705965755,-15.279952367693296
5105-28241-0013_8555-284449-0007__T2__8555-8555-284449-0007__HSIMV3__4970-4970-29095-0004__SIRm5,8555,5105,17,1.0,1.0,1.0,1.0,1.0,-56.57758834409329,-27.510061037278728
5105-28241-0016_7176-92135-0034__T2__7176-7176-92135-0034__HSIMV3__61-61-70968-0025__SIRm5,7176,5105,7,0.0,0.0,0.0,0.0,0.0,28.20988223731279,14.74527195535684
5105-28241-0017_1089-134691-0020__T2__1089-1089-134691-0020__HSIMV3__8230-8230-279154-0032__SIRm5,1089,5105,6,1.0,1.0,1.0,1.0,1.0,-50.763687825568525,-26.36467489918793
5105-28241-0018_1320-122617-0009__T2__1320-1320-122617-0009__HSIMV3__5105-5105-28240-0005__SIRm5,1320,5105,13,0.07692307692307693,0.0,0.0,0.0,0.0,56.13862812332174,20.95682544732632
5105-28241-0018_2830-3980-0071__T2__2830-2830-3980-0071__HSIMV3__1188-1188-133604-0031__SIRm5,2830,5105,6,0.0,0.0,0.0,0.0,0.0,49.9826722707247,20.2318253958694
5105-28241-0019_2830-3980-0013__T2__2830-2830-3980-0013__HSIMV3__1188-1188-133604-0031__SIRm5,2830,5105,7,0.0,0.0,0.0,0.0,0.0,57.20905471272317,19.146221286418506
5105-28241-0019_2830-3980-0050__T2__2830-2830-3980-0050__HSIMV3__1188-1188-133604-0025__SIRm5,2830,5105,13,0.0,0.0,0.0,0.0,0.0,45.18955966846468,18.321573221676644
5105-28241-0019_4446-2273-0022__T2__4446-4446-2273-0022__HSIMV3__1284-1284-1180-0032__SIRm5,4446,5105,10,0.0,0.0,0.0,0.0,0.0,55.470755768151605,21.62504423692001
5142-33396-0001_121-127105-0027__T2__121-121-127105-0027__HSIMV3__237-237-126133-0000__SIRm5,121,5142,25,0.04,0.04,0.04,0.0,0.0,48.180612545516254,19.02584452122508
5142-33396-0001_6930-76324-0005__T2__6930-6930-76324-0005__HSIMV3__260-260-123288-0006__SIRm5,6930,5142,8,0.0,0.0,0.0,0.0,0.0,39.320740823341374,16.279461862151738
5142-33396-0006_4970-29095-0029__T2__4970-4970-29095-0029__HSIMV3__8555-8555-284449-0006__SIRm5,4970,5142,6,0.0,0.0,0.0,0.0,0.0,50.995797853893045,18.20470401463228
5142-33396-0006_672-122797-0061__T2__672-672-122797-0061__HSIMV3__260-260-123286-0028__SIRm5,672,5142,13,0.0,0.0,0.0,0.0,0.0,35.68806737827283,17.3312182560827
5142-33396-0007_672-122797-0004__T2__672-672-122797-0004__HSIMV3__260-260-123288-0010__SIRm5,672,5142,18,0.05555555555555555,0.0,0.0,0.0,0.0,42.30710063598889,17.40097293272329
5142-33396-0009_2961-961-0021__T2__2961-2961-961-0021__HSIMV3__3570-3570-5694-0004__SIRm5,2961,5142,8,0.0,0.0,0.0,0.0,0.0,49.24183391419821,20.389417483091965
5142-33396-0009_5105-28233-0004__T2__5105-5105-28233-0004__HSIMV3__1320-1320-122617-0014__SIRm5,5105,5142,8,0.0,0.0,0.0,0.0,0.0,49.72114029587223,19.06574531673486
5142-33396-0009_8463-294828-0027__T2__8463-8463-294828-0027__HSIMV3__4992-4992-41806-0013__SIRm5,8463,5142,10,0.0,0.0,0.0,0.0,0.0,52.035610512035035,20.130269934809547
5142-33396-0010_237-134500-0011__T2__237-237-134500-0011__HSIMV3__1580-1580-141083-0023__SIRm5,237,5142,5,0.0,0.0,0.0,0.0,0.0,45.64095264774495,19.919607200434072
5142-33396-0010_6930-76324-0017__T2__6930-6930-76324-0017__HSIMV3__260-260-123286-0018__SIRm5,6930,5142,9,0.0,0.0,0.0,0.0,0.0,46.88091529940615,17.67463513378861
5142-33396-0010_8555-292519-0012__T2__8555-8555-292519-0012__HSIMV3__4970-4970-29095-0036__SIRm5,8555,5142,9,0.0,0.0,0.0,0.0,0.0,47.23077191890698,21.15861918988493
5142-33396-0011_260-123288-0006__T2__260-260-123288-0006__HSIMV3__672-672-122797-0066__SIRm5,260,5142,8,0.0,0.125,0.0,0.0,0.0,48.354552220518016,16.324109953041308
5142-33396-0014_4446-2275-0040__T2__4446-4446-2275-0040__HSIMV3__1284-1284-1181-0004__SIRm5,4446,5142,12,0.0,0.0,0.0,0.0,0.0,47.84308533615006,19.40247049292993
5142-33396-0014_7176-88083-0014__T2__7176-7176-88083-0014__HSIMV3__61-61-70968-0020__SIRm5,7176,5142,8,0.0,0.0,0.0,0.0,0.0,42.819083586437685,14.10658053063124
5142-33396-0015_2961-961-0021__T2__2961-2961-961-0021__HSIMV3__3570-3570-5694-0004__SIRm5,2961,5142,8,0.0,0.0,0.0,0.0,0.0,49.250625605683,20.3897893244283
5142-33396-0015_7729-102255-0036__T2__7729-7729-102255-0036__HSIMV3__7176-7176-92135-0001__SIRm5,7729,5142,14,0.0,0.0,0.0,0.0,0.0,43.43964072300097,16.561960863791413
5142-33396-0018_2094-142345-0043__T2__2094-2094-142345-0043__HSIMV3__3729-3729-6852-0011__SIRm5,2094,5142,13,0.0,0.0,0.0,0.0,0.0,53.73974666338727,19.317542205999644
5142-33396-0018_8463-294828-0011__T2__8463-8463-294828-0011__HSIMV3__4992-4992-41806-0005__SIRm5,8463,5142,6,0.0,0.0,0.0,0.0,0.0,48.64686062774731,18.921267300379988
5142-33396-0019_8463-294828-0010__T2__8463-8463-294828-0010__HSIMV3__4992-4992-41806-0001__SIRm5,8463,5142,15,0.0,0.0,0.0,0.0,0.0,49.38139998248968,19.77698817008116
5142-33396-0020_1089-134691-0006__T2__1089-1089-134691-0006__HSIMV3__8230-8230-279154-0023__SIRm5,1089,5142,10,0.0,0.0,0.0,0.0,0.0,38.46588018685512,19.584013584112697
5142-33396-0021_61-70970-0027__T2__61-61-70970-0027__HSIMV3__8230-8230-279154-0039__SIRm5,61,5142,8,0.0,0.0,0.0,0.0,0.0,47.65421073444037,19.42528837932016
5142-33396-0022_1089-134691-0007__T2__1089-1089-134691-0007__HSIMV3__8230-8230-279154-0008__SIRm5,1089,5142,5,0.0,0.0,0.0,0.0,0.0,50.33081695718181,18.17841211518182
5142-33396-0022_3570-5696-0009__T2__3570-3570-5696-0009__HSIMV3__4507-4507-16021-0053__SIRm5,3570,5142,15,0.0,0.0,0.0,0.0,0.0,48.57311432908782,20.50092209091251
5142-33396-0022_8463-294828-0028__T2__8463-8463-294828-0028__HSIMV3__4992-4992-41806-0001__SIRm5,8463,5142,14,0.0,0.0,0.0,0.0,0.0,54.29608781606812,21.37559586144555
5142-33396-0024_121-127105-0000__T2__121-121-127105-0000__HSIMV3__237-237-126133-0024__SIRm5,121,5142,18,1.0,1.0,1.0,1.0,1.0,-48.21489243348046,-25.216069873694835
5142-33396-0024_5105-28240-0007__T2__5105-5105-28240-0007__HSIMV3__1320-1320-122617-0005__SIRm5,5105,5142,7,0.0,0.0,0.0,0.0,0.0,42.97253559297395,18.4196000566726
5142-33396-0025_1284-1180-0023__T2__1284-1284-1180-0023__HSIMV3__1580-1580-141083-0037__SIRm5,1284,5142,10,0.0,0.0,0.0,0.0,0.0,48.97860269948806,20.34858376190913
5142-33396-0025_2961-961-0019__T2__2961-2961-961-0019__HSIMV3__3570-3570-5694-0010__SIRm5,2961,5142,23,0.0,0.0,0.0,0.0,0.0,54.133507696802425,21.712058074215506
5142-33396-0026_4507-16021-0043__T2__4507-4507-16021-0043__HSIMV3__3729-3729-6852-0016__SIRm5,4507,5142,6,0.0,0.0,0.0,0.0,0.0,43.71595429068191,17.918862418129077
5142-33396-0026_8455-210777-0059__T2__8455-8455-210777-0059__HSIMV3__1320-1320-122612-0007__SIRm5,8455,5142,10,0.0,0.0,0.0,0.0,0.0,50.14745405956912,19.485676985414266
5142-33396-0028_4970-29095-0026__T2__4970-4970-29095-0026__HSIMV3__6829-6829-68769-0000__SIRm5,4970,5142,20,0.05,0.0,0.0,0.0,0.0,58.60906639351721,20.39492311085719
5142-33396-0028_5105-28233-0009__T2__5105-5105-28233-0009__HSIMV3__1320-1320-122612-0011__SIRm5,5105,5142,26,0.0,0.0,0.0,0.0,0.0,50.46352254732349,20.253960177506965
5142-33396-0028_61-70968-0055__T2__61-61-70968-0055__HSIMV3__7176-7176-88083-0016__SIRm5,61,5142,6,0.0,0.0,0.0,0.0,0.0,43.60441000933452,15.294863656661654
5142-33396-0028_7729-102255-0024__T2__7729-7729-102255-0024__HSIMV3__7176-7176-88083-0011__SIRm5,7729,5142,19,0.0,0.0,0.0,0.0,0.0,41.40266725288618,17.195345485845493
5142-33396-0032_1221-135767-0020__T2__1221-1221-135767-0020__HSIMV3__4992-4992-41797-0016__SIRm5,1221,5142,5,0.0,0.0,0.0,0.0,0.0,48.1976085787537,20.19212701114176
5142-33396-0033_1320-122612-0016__T2__1320-1320-122612-0016__HSIMV3__5105-5105-28240-0002__SIRm5,1320,5142,5,0.0,0.0,0.0,0.0,0.0,47.49099046508046,18.124794581038635
5142-33396-0033_4507-16021-0029__T2__4507-4507-16021-0029__HSIMV3__3729-3729-6852-0043__SIRm5,4507,5142,6,0.0,0.0,0.0,0.0,0.0,55.83142637898297,22.85415731812671
5142-33396-0033_8455-210777-0011__T2__8455-8455-210777-0011__HSIMV3__1320-1320-122617-0025__SIRm5,8455,5142,11,0.0,0.0,0.0,0.0,0.0,52.73476755446934,20.364484172071293
5142-33396-0033_8455-210777-0060__T2__8455-8455-210777-0060__HSIMV3__1320-1320-122617-0039__SIRm5,8455,5142,13,0.0,0.07692307692307693,0.0,0.0,0.0,45.91174721843852,18.49972376735576
5142-33396-0034_7021-85628-0006__T2__7021-7021-85628-0006__HSIMV3__5105-5105-28240-0002__SIRm5,7021,5142,6,0.0,0.16666666666666666,0.0,0.0,0.0,43.42178168508951,19.360088274777624
5142-33396-0034_8455-210777-0059__T2__8455-8455-210777-0059__HSIMV3__1320-1320-122612-0007__SIRm5,8455,5142,10,0.0,0.0,0.0,0.0,0.0,50.11970568835312,19.48382709946036
5142-33396-0035_4077-13751-0011__T2__4077-4077-13751-0011__HSIMV3__8455-8455-210777-0045__SIRm5,4077,5142,21,0.0,0.0,0.0,0.0,0.0,45.21985608945407,17.78289690409481
5142-33396-0036_237-134493-0001__T2__237-237-134493-0001__HSIMV3__1580-1580-141083-0009__SIRm5,237,5142,13,0.0,0.0,0.0,0.0,0.0,45.26353655855031,19.102070288088232
5142-33396-0036_4446-2273-0032__T2__4446-4446-2273-0032__HSIMV3__4992-4992-41797-0020__SIRm5,4446,5142,13,0.07692307692307693,0.0,0.0,0.0,0.0,60.35975434644957,22.838338286998862
5142-33396-0036_4970-29093-0020__T2__4970-4970-29093-0020__HSIMV3__6829-6829-68771-0011__SIRm5,4970,5142,9,0.1111111111111111,0.3333333333333333,0.1111111111111111,0.0,0.0,47.58246502927618,20.673677248500177
5142-33396-0036_7127-75946-0011__T2__7127-7127-75946-0011__HSIMV3__8455-8455-210777-0043__SIRm5,7127,5142,5,0.0,0.0,0.0,0.0,0.0,37.57032265797878,13.614157469926187
5142-33396-0037_4446-2271-0010__T2__4446-4446-2271-0010__HSIMV3__1284-1284-1181-0019__SIRm5,4446,5142,5,0.0,0.0,0.0,0.0,0.0,46.13596800240268,18.7150165727842
5142-33396-0037_5105-28240-0012__T2__5105-5105-28240-0012__HSIMV3__1320-1320-122617-0014__SIRm5,5105,5142,8,0.0,0.0,0.0,0.0,0.0,51.55257681723771,18.76675943712744
5142-33396-0037_672-122797-0032__T2__672-672-122797-0032__HSIMV3__1320-1320-122617-0030__SIRm5,672,5142,6,0.0,0.0,0.0,0.0,0.0,44.24710334811417,19.4144661593276
5142-33396-0038_3570-5695-0008__T2__3570-3570-5695-0008__HSIMV3__4507-4507-16021-0051__SIRm5,3570,5142,11,0.0,0.0,0.0,0.0,0.0,57.28481970120538,22.03863934739228
5142-33396-0038_3729-6852-0031__T2__3729-3729-6852-0031__HSIMV3__4507-4507-16021-0057__SIRm5,3729,5142,7,0.0,0.0,0.0,0.0,0.0,45.07013747548359,21.061764739970613
5142-33396-0038_4446-2275-0021__T2__4446-4446-2275-0021__HSIMV3__1284-1284-1180-0029__SIRm5,4446,5142,9,0.0,0.0,0.0,0.0,0.0,40.093186593565804,17.64732020878719
5142-33396-0042_4507-16021-0037__T2__4507-4507-16021-0037__HSIMV3__3729-3729-6852-0036__SIRm5,4507,5142,9,0.0,0.0,0.0,0.0,0.0,52.82925823201331,20.189256806016125
5142-33396-0044_6829-68771-0004__T2__6829-6829-68771-0004__HSIMV3__4446-4446-2275-0007__SIRm5,6829,5142,15,0.0,0.0,0.0,0.0,0.0,45.55302233264174,17.85252274188573
5142-33396-0044_8455-210777-0070__T2__8455-8455-210777-0070__HSIMV3__1320-1320-122612-0005__SIRm5,8455,5142,10,0.1,0.0,0.0,0.0,0.0,59.17338028925392,20.99007407501247
5142-33396-0048_237-134493-0006__T2__237-237-134493-0006__HSIMV3__1580-1580-141083-0013__SIRm5,237,5142,7,0.0,0.0,0.0,0.0,0.0,54.49507149891281,22.04639728763877
5142-33396-0049_1089-134691-0022__T2__1089-1089-134691-0022__HSIMV3__8230-8230-279154-0023__SIRm5,1089,5142,10,0.0,0.0,0.0,0.0,0.0,49.39827849437974,20.622594505488305
5142-33396-0051_672-122797-0060__T2__672-672-122797-0060__HSIMV3__1320-1320-122612-0016__SIRm5,672,5142,5,0.0,0.0,0.0,0.0,0.0,45.64956430855726,17.434171912551037
5142-33396-0052_672-122797-0072__T2__672-672-122797-0072__HSIMV3__260-260-123286-0003__SIRm5,672,5142,13,0.0,0.0,0.0,0.0,0.0,46.31271941531062,17.94595944489599
5142-33396-0052_908-31957-0002__T2__908-908-31957-0002__HSIMV3__7176-7176-88083-0005__SIRm5,908,5142,8,0.0,0.0,0.0,0.0,0.0,39.74012707557444,18.27203367973984
5142-33396-0053_260-123286-0002__T2__260-260-123286-0002__HSIMV3__6930-6930-76324-0028__SIRm5,260,5142,18,0.05555555555555555,0.0,0.0,0.0,0.0,52.10177847029239,20.40166042799866
5142-33396-0053_3729-6852-0037__T2__3729-3729-6852-0037__HSIMV3__4507-4507-16021-0014__SIRm5,3729,5142,10,0.0,0.0,0.0,0.0,0.0,52.06255508921282,22.40827220601779
5142-33396-0054_1995-1836-0001__T2__1995-1995-1836-0001__HSIMV3__2094-2094-142345-0049__SIRm5,1995,5142,11,0.0,0.0,0.0,0.0,0.0,49.04035247692236,20.398169034228346
5142-33396-0056_237-126133-0010__T2__237-237-126133-0010__HSIMV3__1580-1580-141083-0002__SIRm5,237,5142,11,0.0,0.0,0.0,0.0,0.0,50.538957509642565,21.2978853604176
5142-33396-0057_1580-141083-0009__T2__1580-1580-141083-0009__HSIMV3__237-237-126133-0013__SIRm5,1580,5142,12,0.0,0.0,0.0,0.0,0.0,46.63687274950877,19.788168003266403
5142-33396-0057_6930-81414-0011__T2__6930-6930-81414-0011__HSIMV3__260-260-123288-0006__SIRm5,6930,5142,8,0.0,0.0,0.0,0.0,0.0,41.976147057281665,17.164525669707835
5142-33396-0057_7127-75946-0020__T2__7127-7127-75946-0020__HSIMV3__8455-8455-210777-0041__SIRm5,7127,5142,11,0.0,0.09090909090909091,0.0,0.0,0.0,42.81883674908858,17.55977519992774
5142-33396-0057_7729-102255-0010__T2__7729-7729-102255-0010__HSIMV3__7176-7176-88083-0024__SIRm5,7729,5142,15,0.0,0.0,0.0,0.0,0.0,45.545991316135336,18.162816847560872
5142-33396-0058_908-157963-0006__T2__908-908-157963-0006__HSIMV3__7176-7176-88083-0024__SIRm5,908,5142,15,0.06666666666666667,0.06666666666666667,0.06666666666666667,0.0,0.0,25.236246188051613,16.0697118365953
5142-33396-0059_237-134500-0027__T2__237-237-134500-0027__HSIMV3__5683-5683-32866-0001__SIRm5,237,5142,5,0.0,0.0,0.0,0.0,0.0,47.47980599282084,19.76831735149053
5142-33396-0059_6829-68769-0034__T2__6829-6829-68769-0034__HSIMV3__4446-4446-2275-0000__SIRm5,6829,5142,11,0.0,0.0,0.0,0.0,0.0,40.67360865677239,16.541338901501835
5142-33396-0059_6930-76324-0016__T2__6930-6930-76324-0016__HSIMV3__260-260-123288-0011__SIRm5,6930,5142,16,0.0,0.0,0.0,0.0,0.0,41.15839068216428,17.005774996362096
5142-33396-0064_8555-292519-0012__T2__8555-8555-292519-0012__HSIMV3__4970-4970-29095-0036__SIRm5,8555,5142,9,0.0,0.0,0.0,0.0,0.0,47.1893149844863,21.13998655215681
5142-33396-0065_121-127105-0032__T2__121-121-127105-0032__HSIMV3__237-237-126133-0004__SIRm5,121,5142,5,0.0,0.0,0.0,0.0,0.0,31.270808451203983,14.721142813162167
5142-33396-0067_1995-1836-0012__T2__1995-1995-1836-0012__HSIMV3__2094-2094-142345-0025__SIRm5,1995,5142,6,0.0,0.6666666666666666,0.0,0.0,0.0,35.21301535470744,9.717922919973905
5142-33396-0068_121-121726-0007__T2__121-121-121726-0007__HSIMV3__237-237-126133-0017__SIRm5,121,5142,10,0.1,0.7,0.1,0.0,0.0,53.40692544659497,22.31375837229951
5142-33396-0068_7127-75947-0013__T2__7127-7127-75947-0013__HSIMV3__8455-8455-210777-0042__SIRm5,7127,5142,8,0.125,0.125,0.125,0.0,0.0,49.45112345292996,19.56926406847576
5142-36377-0000_2094-142345-0044__T2__2094-2094-142345-0044__HSIMV3__3729-3729-6852-0027__SIRm5,2094,5142,5,0.0,0.0,0.0,0.0,0.0,47.036432035268106,20.569757070237337
5142-36377-0001_1221-135767-0007__T2__1221-1221-135767-0007__HSIMV3__4992-4992-23283-0017__SIRm5,1221,5142,24,0.0,0.0,0.0,0.0,0.0,45.18667830073431,18.09165917046497
5142-36377-0001_4992-41797-0010__T2__4992-4992-41797-0010__HSIMV3__4446-4446-2275-0016__SIRm5,4992,5142,12,0.0,0.0,0.0,0.0,0.0,57.79363266197138,21.043666194456843
5142-36377-0001_5683-32866-0012__T2__5683-5683-32866-0012__HSIMV3__237-237-134500-0037__SIRm5,5683,5142,13,0.15384615384615385,0.0,0.0,0.0,0.0,38.7429797066868,16.624241450257962
5142-36377-0002_6930-75918-0002__T2__6930-6930-75918-0002__HSIMV3__260-260-123288-0006__SIRm5,6930,5142,8,0.0,0.0,0.0,0.0,0.0,42.36983855781798,17.43721043386897
5142-36377-0003_1221-135767-0010__T2__1221-1221-135767-0010__HSIMV3__4992-4992-41806-0001__SIRm5,1221,5142,15,0.0,0.0,0.0,0.0,0.0,56.637224634148374,20.85227897238372
5142-36377-0003_1320-122612-0014__T2__1320-1320-122612-0014__HSIMV3__5105-5105-28240-0002__SIRm5,1320,5142,6,0.0,0.0,0.0,0.0,0.0,45.63353214038596,18.989365030344764
5142-36377-0004_1580-141083-0004__T2__1580-1580-141083-0004__HSIMV3__237-237-126133-0012__SIRm5,1580,5142,7,0.0,0.0,0.0,0.0,0.0,41.78646503087894,16.847772025888613
5142-36377-0004_61-70968-0055__T2__61-61-70968-0055__HSIMV3__8230-8230-279154-0008__SIRm5,61,5142,6,0.0,0.0,0.0,0.0,0.0,31.402435914956,15.56205482258623
5142-36377-0004_61-70970-0002__T2__61-61-70970-0002__HSIMV3__8230-8230-279154-0032__SIRm5,61,5142,6,0.0,0.0,0.0,0.0,0.0,42.29062244034133,19.18843426684625
5142-36377-0005_1221-135767-0022__T2__1221-1221-135767-0022__HSIMV3__4992-4992-23283-0017__SIRm5,1221,5142,27,0.0,0.0,0.0,0.0,0.0,43.30609733926164,17.776630220745844
5142-36377-0005_237-126133-0001__T2__237-237-126133-0001__HSIMV3__5683-5683-32879-0006__SIRm5,237,5142,22,0.0,0.0,0.0,0.0,0.0,52.1919265371485,20.1774279269874
5142-36377-0005_6930-81414-0019__T2__6930-6930-81414-0019__HSIMV3__260-260-123288-0018__SIRm5,6930,5142,5,0.0,0.0,0.0,0.0,0.0,47.82592751536485,19.454611375405456
5142-36377-0005_8455-210777-0019__T2__8455-8455-210777-0019__HSIMV3__1320-1320-122617-0040__SIRm5,8455,5142,14,0.0,0.0,0.0,0.0,0.0,51.71535265557669,18.162332030711205
5142-36377-0006_1995-1837-0022__T2__1995-1995-1837-0022__HSIMV3__2094-2094-142345-0053__SIRm5,1995,5142,5,0.0,0.0,0.0,0.0,0.0,50.550184106408366,21.988429746785616
5142-36377-0006_61-70968-0045__T2__61-61-70968-0045__HSIMV3__8230-8230-279154-0008__SIRm5,61,5142,5,0.0,0.0,0.0,0.0,0.0,30.70339689527367,14.53293932731374
5142-36377-0006_8463-294828-0010__T2__8463-8463-294828-0010__HSIMV3__4992-4992-41806-0001__SIRm5,8463,5142,15,0.0,0.0,0.0,0.0,0.0,49.38350520384979,19.77552306142115
5142-36377-0007_2830-3979-0012__T2__2830-2830-3979-0012__HSIMV3__1188-1188-133604-0029__SIRm5,2830,5142,6,0.0,0.0,0.0,0.0,0.0,52.37713942949873,19.880267286720496
5142-36377-0009_1284-1180-0007__T2__1284-1284-1180-0007__HSIMV3__4446-4446-2271-0001__SIRm5,1284,5142,11,0.0,0.0,0.0,0.0,0.0,49.69745755058438,20.342753704863725
5142-36377-0009_4446-2273-0018__T2__4446-4446-2273-0018__HSIMV3__4992-4992-41806-0005__SIRm5,4446,5142,5,0.0,0.0,0.0,0.0,0.0,53.15016964982759,20.445670259143668
5142-36377-0010_5105-28241-0003__T2__5105-5105-28241-0003__HSIMV3__1320-1320-122617-0030__SIRm5,5105,5142,6,0.0,0.0,0.0,0.0,0.0,46.14326661945654,19.29012733030676
5142-36377-0013_3729-6852-0040__T2__3729-3729-6852-0040__HSIMV3__4507-4507-16021-0042__SIRm5,3729,5142,19,0.05263157894736842,0.05263157894736842,0.0,0.0,0.0,52.284317405509206,20.774954205849863
5142-36377-0013_8455-210777-0009__T2__8455-8455-210777-0009__HSIMV3__1320-1320-122617-0005__SIRm5,8455,5142,7,0.0,0.0,0.0,0.0,0.0,57.257506582189635,19.764594876158608
5142-36377-0013_908-157963-0003__T2__908-908-157963-0003__HSIMV3__7176-7176-92135-0013__SIRm5,908,5142,5,1.0,1.0,1.0,1.0,1.0,-49.653924417378015,-25.761286796959737
5142-36377-0018_4970-29093-0010__T2__4970-4970-29093-0010__HSIMV3__6829-6829-68771-0009__SIRm5,4970,5142,25,0.0,0.0,0.0,0.0,0.0,48.208280792596625,19.93001878645536
5142-36377-0022_1089-134686-0006__T2__1089-1089-134686-0006__HSIMV3__8230-8230-279154-0016__SIRm5,1089,5142,20,0.05,0.0,0.0,0.0,0.0,48.56966351203177,18.285424905810444
5142-36377-0022_4992-41797-0015__T2__4992-4992-41797-0015__HSIMV3__4446-4446-2271-0009__SIRm5,4992,5142,14,0.0,0.0,0.0,0.0,0.0,48.875310291055776,19.577635338382805
5142-36377-0023_1320-122617-0019__T2__1320-1320-122617-0019__HSIMV3__5105-5105-28240-0024__SIRm5,1320,5142,15,0.0,0.06666666666666667,0.0,0.0,0.0,53.74569949432706,20.74508717437258
5142-36377-0023_1580-141084-0023__T2__1580-1580-141084-0023__HSIMV3__237-237-126133-0007__SIRm5,1580,5142,16,0.0,0.0,0.0,0.0,0.0,46.877076848116566,20.14700992062705
5142-36377-0023_2830-3979-0009__T2__2830-2830-3979-0009__HSIMV3__1188-1188-133604-0025__SIRm5,2830,5142,13,0.0,0.0,0.0,0.0,0.0,55.82554583850122,20.52146802427897
5142-36377-0023_7021-85628-0027__T2__7021-7021-85628-0027__HSIMV3__5105-5105-28241-0008__SIRm5,7021,5142,15,0.06666666666666667,0.0,0.0,0.0,0.0,60.201002995731386,20.30029435324674
5142-36377-0024_2961-961-0015__T2__2961-2961-961-0015__HSIMV3__3570-3570-5695-0008__SIRm5,2961,5142,12,0.0,0.0,0.0,0.0,0.0,53.27359547562697,22.98075103446338
5142-36377-0024_6930-81414-0026__T2__6930-6930-81414-0026__HSIMV3__260-260-123286-0001__SIRm5,6930,5142,5,0.0,0.0,0.0,0.0,0.0,43.204264613804796,18.296109851309787
5142-36377-0025_1995-1836-0007__T2__1995-1995-1836-0007__HSIMV3__2094-2094-142345-0053__SIRm5,1995,5142,5,0.0,0.0,0.0,0.0,0.0,44.66408466003769,23.331073441910167
5142-36586-0003_260-123288-0002__T2__260-260-123288-0002__HSIMV3__672-672-122797-0061__SIRm5,260,5142,13,0.0,0.0,0.0,0.0,0.0,47.62374051410157,19.297566459373066
5142-36586-0003_5683-32879-0017__T2__5683-5683-32879-0017__HSIMV3__237-237-134500-0018__SIRm5,5683,5142,24,0.125,0.041666666666666664,0.041666666666666664,0.0,0.0,52.587297830617935,22.52550824125167
5142-36586-0004_8230-279154-0040__T2__8230-8230-279154-0040__HSIMV3__61-61-70970-0004__SIRm5,8230,5142,20,0.0,0.0,0.0,0.0,0.0,44.13638092086449,17.910359375961054
5639-40744-0002_1995-1837-0003__T2__1995-1995-1837-0003__HSIMV3__2094-2094-142345-0043__SIRm5,1995,5639,13,0.0,0.0,0.0,0.0,0.0,51.35852386375473,21.97252822714028
5639-40744-0004_260-123286-0026__T2__260-260-123286-0026__HSIMV3__672-672-122797-0061__SIRm5,260,5639,12,0.0,0.0,0.0,0.0,0.0,52.11432943670789,19.241209091072413
5639-40744-0004_7127-75946-0017__T2__7127-7127-75946-0017__HSIMV3__8455-8455-210777-0057__SIRm5,7127,5639,20,0.0,0.0,0.0,0.0,0.0,38.69134158671575,16.72073872155788
5639-40744-0005_260-123288-0024__T2__260-260-123288-0024__HSIMV3__672-672-122797-0002__SIRm5,260,5639,25,0.12,0.08,0.04,0.0,0.0,49.694012458914614,20.39869527102924
5639-40744-0006_4446-2275-0041__T2__4446-4446-2275-0041__HSIMV3__1284-1284-1180-0029__SIRm5,4446,5639,8,0.0,0.0,0.0,0.0,0.0,52.60910161442097,20.15210690010805
5639-40744-0006_672-122797-0026__T2__672-672-122797-0026__HSIMV3__260-260-123288-0025__SIRm5,672,5639,25,0.0,0.0,0.0,0.0,0.0,49.55321663074895,20.20111743772037
5639-40744-0007_4970-29095-0023__T2__4970-4970-29095-0023__HSIMV3__6829-6829-68769-0033__SIRm5,4970,5639,6,0.0,0.0,0.0,0.0,0.0,49.297601874413594,20.659903172426525
5639-40744-0010_2961-961-0018__T2__2961-2961-961-0018__HSIMV3__3570-3570-5694-0004__SIRm5,2961,5639,9,0.0,0.0,0.0,0.0,0.0,45.28103052350221,18.9212146677406
5639-40744-0010_61-70968-0050__T2__61-61-70968-0050__HSIMV3__8230-8230-279154-0022__SIRm5,61,5639,10,0.0,0.0,0.0,0.0,0.0,42.96532002754622,16.50445078773525
5639-40744-0012_5683-32879-0021__T2__5683-5683-32879-0021__HSIMV3__237-237-126133-0009__SIRm5,5683,5639,6,0.0,0.0,0.0,0.0,0.0,49.372767250393366,20.580258713065792
5639-40744-0012_8555-292519-0011__T2__8555-8555-292519-0011__HSIMV3__4970-4970-29095-0014__SIRm5,8555,5639,5,0.0,0.0,0.0,0.0,0.0,40.593702694307204,20.00041527045005
5639-40744-0013_237-134500-0021__T2__237-237-134500-0021__HSIMV3__1580-1580-141083-0010__SIRm5,237,5639,9,0.0,0.0,0.0,0.0,0.0,54.66094513802261,21.62978897227701
5639-40744-0013_3570-5695-0014__T2__3570-3570-5695-0014__HSIMV3__4507-4507-16021-0017__SIRm5,3570,5639,20,0.0,0.0,0.0,0.0,0.0,57.467102833645,22.606959070848795
5639-40744-0013_6829-68769-0039__T2__6829-6829-68769-0039__HSIMV3__4970-4970-29095-0017__SIRm5,6829,5639,6,0.0,0.0,0.0,0.0,0.0,37.35379310375425,17.978032094443645
5639-40744-0014_1995-1837-0018__T2__1995-1995-1837-0018__HSIMV3__2094-2094-142345-0033__SIRm5,1995,5639,24,0.041666666666666664,0.0,0.0,0.0,0.0,50.31299204384643,21.22463269846713
5639-40744-0014_237-134493-0002__T2__237-237-134493-0002__HSIMV3__5683-5683-32879-0013__SIRm5,237,5639,21,0.0,0.0,0.0,0.0,0.0,55.6376205234205,21.94489115149975
5639-40744-0015_2961-961-0021__T2__2961-2961-961-0021__HSIMV3__3570-3570-5694-0004__SIRm5,2961,5639,8,0.0,0.0,0.0,0.0,0.0,49.261126459263025,20.38884437808533
5639-40744-0015_5683-32866-0017__T2__5683-5683-32866-0017__HSIMV3__237-237-134500-0024__SIRm5,5683,5639,7,0.0,0.0,0.0,0.0,0.0,62.56271468599647,21.56763470302605
5639-40744-0016_2830-3980-0006__T2__2830-2830-3980-0006__HSIMV3__1188-1188-133604-0039__SIRm5,2830,5639,11,0.0,0.0,0.0,0.0,0.0,57.389164150840436,20.149638356432447
5639-40744-0016_5142-36377-0002__T2__5142-5142-36377-0002__HSIMV3__4970-4970-29095-0009__SIRm5,5142,5639,10,0.0,0.0,0.0,0.0,0.0,54.26979990973642,22.17511674072241
5639-40744-0016_908-31957-0020__T2__908-908-31957-0020__HSIMV3__7176-7176-88083-0019__SIRm5,908,5639,10,0.0,0.0,0.0,0.0,0.0,46.545672565815146,19.353891959131133
5639-40744-0017_908-31957-0013__T2__908-908-31957-0013__HSIMV3__7176-7176-92135-0015__SIRm5,908,5639,11,0.0,0.0,0.0,0.0,0.0,42.510292506374064,19.390747392867112
5639-40744-0019_237-134500-0022__T2__237-237-134500-0022__HSIMV3__5683-5683-32879-0009__SIRm5,237,5639,9,0.0,0.0,0.0,0.0,0.0,49.666090380703885,22.35170902045412
5639-40744-0020_3570-5694-0009__T2__3570-3570-5694-0009__HSIMV3__4507-4507-16021-0023__SIRm5,3570,5639,23,0.0,0.0,0.0,0.0,0.0,60.2363855559632,22.704516999903458
5639-40744-0020_7021-79740-0001__T2__7021-7021-79740-0001__HSIMV3__5105-5105-28240-0004__SIRm5,7021,5639,10,0.0,0.9,0.0,0.0,0.0,48.876539852812876,20.117836151651563
5639-40744-0020_7021-85628-0001__T2__7021-7021-85628-0001__HSIMV3__5105-5105-28233-0005__SIRm5,7021,5639,21,0.0,0.0,0.0,0.0,0.0,58.94995923666443,22.076536058943624
5639-40744-0021_7176-92135-0034__T2__7176-7176-92135-0034__HSIMV3__61-61-70968-0025__SIRm5,7176,5639,7,0.0,0.0,0.0,0.0,0.0,27.950956773555777,14.666465491557622
5639-40744-0023_672-122797-0016__T2__672-672-122797-0016__HSIMV3__260-260-123288-0003__SIRm5,672,5639,16,1.0,1.0,1.0,1.0,1.0,-46.46768212703199,-22.01611442754276
5639-40744-0025_6829-68769-0009__T2__6829-6829-68769-0009__HSIMV3__4446-4446-2275-0035__SIRm5,6829,5639,7,0.0,0.0,0.0,0.0,0.0,52.16984427417385,20.737608812083348
5639-40744-0025_8463-294825-0016__T2__8463-8463-294825-0016__HSIMV3__4992-4992-23283-0003__SIRm5,8463,5639,7,0.0,0.0,0.0,0.0,0.0,54.88589576884113,20.810275487821
5639-40744-0028_4992-41797-0007__T2__4992-4992-41797-0007__HSIMV3__4446-4446-2275-0033__SIRm5,4992,5639,12,0.0,0.0,0.0,0.0,0.0,58.350431570228885,21.46696165329693
5639-40744-0029_1221-135766-0010__T2__1221-1221-135766-0010__HSIMV3__4992-4992-23283-0017__SIRm5,1221,5639,27,0.037037037037037035,0.0,0.0,0.0,0.0,47.36912436328121,18.753980647867188
5639-40744-0029_1995-1837-0015__T2__1995-1995-1837-0015__HSIMV3__2094-2094-142345-0058__SIRm5,1995,5639,7,0.0,0.0,0.0,0.0,0.0,52.872119178067635,21.215428106630178
5639-40744-0029_5683-32865-0008__T2__5683-5683-32865-0008__HSIMV3__237-237-134500-0000__SIRm5,5683,5639,11,0.0,0.0,0.0,0.0,0.0,46.981617073752545,19.62622893344619
5639-40744-0033_4446-2273-0035__T2__4446-4446-2273-0035__HSIMV3__1284-1284-1180-0028__SIRm5,4446,5639,11,0.0,0.0,0.0,0.0,0.0,54.66721741910374,22.57814435147188
5639-40744-0033_4446-2275-0034__T2__4446-4446-2275-0034__HSIMV3__1284-1284-1181-0018__SIRm5,4446,5639,5,0.0,0.0,0.0,0.0,0.0,46.799149070107966,18.542488144727063
5639-40744-0034_4507-16021-0058__T2__4507-4507-16021-0058__HSIMV3__3729-3729-6852-0027__SIRm5,4507,5639,5,0.0,0.0,0.0,0.0,0.0,47.95618913249423,18.413626370273523
5639-40744-0036_8224-274381-0003__T2__8224-8224-274381-0003__HSIMV3__8455-8455-210777-0030__SIRm5,8224,5639,24,0.0,0.0,0.0,0.0,0.0,51.516524509415795,19.6877512222782
5639-40744-0037_6930-76324-0002__T2__6930-6930-76324-0002__HSIMV3__260-260-123286-0018__SIRm5,6930,5639,10,0.0,0.0,0.0,0.0,0.0,45.0729415641514,17.97081019535606
5639-40744-0038_4446-2275-0042__T2__4446-4446-2275-0042__HSIMV3__1284-1284-1180-0024__SIRm5,4446,5639,9,0.1111111111111111,0.0,0.0,0.0,0.0,52.023466814631696,21.67692356944898
5639-40744-0039_6930-81414-0009__T2__6930-6930-81414-0009__HSIMV3__260-260-123440-0004__SIRm5,6930,5639,23,0.0,0.0,0.0,0.0,0.0,48.79990360552124,19.41052882206493
5639-40744-0040_908-31957-0024__T2__908-908-31957-0024__HSIMV3__7176-7176-92135-0001__SIRm5,908,5639,14,0.0,0.0,0.0,0.0,0.0,38.388498552829454,17.530655099770012
5683-32865-0003_2961-961-0018__T2__2961-2961-961-0018__HSIMV3__3570-3570-5694-0004__SIRm5,2961,5683,9,0.0,0.0,0.0,0.0,0.0,45.29240081635522,18.922803637702263
5683-32865-0006_5142-33396-0043__T2__5142-5142-33396-0043__HSIMV3__4970-4970-29093-0004__SIRm5,5142,5683,6,0.0,0.0,0.0,0.0,0.0,39.66583561727139,18.95932153614067
5683-32865-0006_61-70970-0027__T2__61-61-70970-0027__HSIMV3__8230-8230-279154-0039__SIRm5,61,5683,8,0.0,0.0,0.0,0.0,0.0,47.66047596087293,19.425973668436946
5683-32865-0006_908-157963-0020__T2__908-908-157963-0020__HSIMV3__7176-7176-92135-0031__SIRm5,908,5683,18,0.1111111111111111,0.0,0.0,0.0,0.0,44.1684210936551,19.630512311220137
5683-32865-0007_7176-88083-0011__T2__7176-7176-88083-0011__HSIMV3__61-61-70970-0004__SIRm5,7176,5683,19,0.05263157894736842,0.0,0.0,0.0,0.0,41.81960972423658,15.483542166632237
5683-32865-0008_1580-141084-0014__T2__1580-1580-141084-0014__HSIMV3__237-237-126133-0009__SIRm5,1580,5683,6,0.0,0.0,0.0,0.0,0.0,49.21248030800215,20.052999846202283
5683-32865-0008_2300-131720-0032__T2__2300-2300-131720-0032__HSIMV3__61-61-70970-0004__SIRm5,2300,5683,20,0.0,0.0,0.0,0.0,0.0,42.627450822751,16.64753990515959
5683-32865-0009_1580-141084-0000__T2__1580-1580-141084-0000__HSIMV3__237-237-126133-0012__SIRm5,1580,5683,7,0.0,0.0,0.0,0.0,0.0,54.18463274666333,20.5083838527166
5683-32865-0009_6829-68769-0016__T2__6829-6829-68769-0016__HSIMV3__4970-4970-29095-0029__SIRm5,6829,5683,6,0.0,0.0,0.0,0.0,0.0,51.07370547785997,23.719535894375586
5683-32865-0010_121-127105-0022__T2__121-121-127105-0022__HSIMV3__237-237-134500-0032__SIRm5,121,5683,9,1.0,1.0,1.0,1.0,1.0,-60.794816874124436,-41.76961853205994
5683-32865-0010_7176-92135-0024__T2__7176-7176-92135-0024__HSIMV3__61-61-70970-0040__SIRm5,7176,5683,7,1.0,1.0,1.0,1.0,1.0,-14.241082785309503,-3.2323791316922765
5683-32865-0011_4970-29095-0035__T2__4970-4970-29095-0035__HSIMV3__6829-6829-68771-0014__SIRm5,4970,5683,8,0.0,0.0,0.0,0.0,0.0,51.132517793042894,18.31661543138076
5683-32865-0011_7176-92135-0009__T2__7176-7176-92135-0009__HSIMV3__61-61-70968-0025__SIRm5,7176,5683,7,0.7142857142857143,0.2857142857142857,0.2857142857142857,0.2857142857142857,0.2857142857142857,-1.7076108291188044,-1.0143323766855668
5683-32865-0013_3570-5694-0001__T2__3570-3570-5694-0001__HSIMV3__4507-4507-16021-0011__SIRm5,3570,5683,10,0.0,0.0,0.0,0.0,0.0,50.55931909405682,21.701240514031745
5683-32865-0013_5105-28240-0007__T2__5105-5105-28240-0007__HSIMV3__1320-1320-122617-0005__SIRm5,5105,5683,7,0.0,0.0,0.0,0.0,0.0,42.96976826550191,18.41951988601689
5683-32865-0015_4970-29095-0016__T2__4970-4970-29095-0016__HSIMV3__6829-6829-68769-0004__SIRm5,4970,5683,12,0.16666666666666666,0.0,0.0,0.0,0.0,52.22186295876556,21.37749161341599
5683-32865-0015_5639-40744-0015__T2__5639-5639-40744-0015__HSIMV3__1089-1089-134686-0024__SIRm5,5639,5683,21,0.0,0.0,0.0,0.0,0.0,51.33303013598852,20.033877698148096
5683-32865-0017_672-122797-0073__T2__672-672-122797-0073__HSIMV3__1320-1320-122612-0008__SIRm5,672,5683,14,0.0,0.0,0.0,0.0,0.0,55.153648585518035,21.649968660177784
5683-32866-0001_1284-1180-0005__T2__1284-1284-1180-0005__HSIMV3__1580-1580-141084-0031__SIRm5,1284,5683,11,0.0,0.0,0.0,0.0,0.0,52.32626935813569,21.2703395719228
5683-32866-0001_5105-28241-0016__T2__5105-5105-28241-0016__HSIMV3__1320-1320-122612-0015__SIRm5,5105,5683,11,0.0,0.0,0.0,0.0,0.0,47.14070876555504,20.144349978684133
5683-32866-0001_7729-102255-0027__T2__7729-7729-102255-0027__HSIMV3__7176-7176-88083-0020__SIRm5,7729,5683,9,0.0,0.0,0.0,0.0,0.0,49.95756925077252,18.157787963004047
5683-32866-0004_237-134500-0021__T2__237-237-134500-0021__HSIMV3__5683-5683-32879-0009__SIRm5,237,5683,9,0.0,0.0,0.0,0.0,0.0,59.479320039136205,23.06733911922044
5683-32866-0004_5105-28233-0001__T2__5105-5105-28233-0001__HSIMV3__1320-1320-122617-0005__SIRm5,5105,5683,7,0.0,0.0,0.0,0.0,0.0,49.64933342172543,20.349146687842623
5683-32866-0004_5105-28240-0002__T2__5105-5105-28240-0002__HSIMV3__1320-1320-122617-0030__SIRm5,5105,5683,6,0.0,0.0,0.0,0.0,0.0,41.5660890519769,17.356725948823765
5683-32866-0004_8224-274384-0009__T2__8224-8224-274384-0009__HSIMV3__8455-8455-210777-0042__SIRm5,8224,5683,8,0.0,0.0,0.0,0.0,0.0,42.929710048440114,18.81375994319508
5683-32866-0005_1284-1181-0002__T2__1284-1284-1181-0002__HSIMV3__4446-4446-2271-0011__SIRm5,1284,5683,6,0.0,0.0,0.0,0.0,0.0,48.44229222515156,19.19658649234789
5683-32866-0006_61-70970-0033__T2__61-61-70970-0033__HSIMV3__8230-8230-279154-0012__SIRm5,61,5683,5,0.0,0.0,0.0,0.0,0.0,33.914817336706406,15.444220333242336
5683-32866-0006_8463-294828-0027__T2__8463-8463-294828-0027__HSIMV3__4992-4992-41806-0013__SIRm5,8463,5683,10,0.0,0.0,0.0,0.0,0.0,52.03512358684966,20.129946580148047
5683-32866-0007_237-126133-0010__T2__237-237-126133-0010__HSIMV3__1580-1580-141083-0002__SIRm5,237,5683,11,0.0,0.0,0.0,0.0,0.0,50.543408128775035,21.29875145523221
5683-32866-0008_6829-68769-0030__T2__6829-6829-68769-0030__HSIMV3__4970-4970-29095-0012__SIRm5,6829,5683,8,0.0,0.0,0.0,0.0,0.0,26.1452987897391,9.961634148170871
5683-32866-0009_5142-33396-0031__T2__5142-5142-33396-0031__HSIMV3__4970-4970-29093-0013__SIRm5,5142,5683,14,0.0,0.0,0.0,0.0,0.0,45.91223010824651,19.954572532537853
5683-32866-0009_6829-68769-0020__T2__6829-6829-68769-0020__HSIMV3__4970-4970-29095-0030__SIRm5,6829,5683,8,0.0,0.0,0.0,0.0,0.0,54.74839864580284,21.29170355113954
5683-32866-0010_7127-75946-0004__T2__7127-7127-75946-0004__HSIMV3__8455-8455-210777-0009__SIRm5,7127,5683,7,0.0,0.0,0.0,0.0,0.0,36.49032870350402,17.48688827583304
5683-32866-0011_3575-170457-0034__T2__3575-3575-170457-0034__HSIMV3__237-237-134493-0012__SIRm5,3575,5683,5,0.0,0.0,0.0,0.0,0.0,45.606665172986666,11.504449681743058
5683-32866-0011_4970-29095-0002__T2__4970-4970-29095-0002__HSIMV3__6829-6829-68769-0036__SIRm5,4970,5683,9,0.0,0.0,0.0,0.0,0.0,38.08759125608191,17.885835191068182
5683-32866-0011_61-70968-0022__T2__61-61-70968-0022__HSIMV3__7176-7176-88083-0005__SIRm5,61,5683,8,0.0,0.0,0.0,0.0,0.0,43.07928884090824,16.654945285400668
5683-32866-0012_121-121726-0001__T2__121-121-121726-0001__HSIMV3__237-237-134500-0000__SIRm5,121,5683,9,0.0,1.0,0.0,0.0,0.0,55.18919662220981,20.995850522047284
5683-32866-0012_121-127105-0024__T2__121-121-127105-0024__HSIMV3__237-237-126133-0000__SIRm5,121,5683,25,0.0,0.0,0.0,0.0,0.0,47.87308588937045,18.587440423280064
5683-32866-0013_6829-68771-0005__T2__6829-6829-68771-0005__HSIMV3__4970-4970-29093-0022__SIRm5,6829,5683,11,0.0,0.0,0.0,0.0,0.0,47.73193801883763,18.699631564497874
5683-32866-0013_8555-284447-0024__T2__8555-8555-284447-0024__HSIMV3__4970-4970-29095-0035__SIRm5,8555,5683,8,1.0,1.0,1.0,1.0,1.0,-58.99823416712324,-32.380337079372985
5683-32866-0016_3570-5696-0010__T2__3570-3570-5696-0010__HSIMV3__4507-4507-16021-0053__SIRm5,3570,5683,14,0.0,0.0,0.0,0.0,0.0,62.398861124396376,22.176569276994982
5683-32866-0016_4507-16021-0030__T2__4507-4507-16021-0030__HSIMV3__3729-3729-6852-0032__SIRm5,4507,5683,26,0.038461538461538464,0.07692307692307693,0.0,0.0,0.0,56.030431353331956,21.83938280897253
5683-32866-0016_8555-284449-0019__T2__8555-8555-284449-0019__HSIMV3__4970-4970-29095-0038__SIRm5,8555,5683,14,0.0,0.07142857142857142,0.0,0.0,0.0,59.22058338272306,21.79414554438216
5683-32866-0017_1580-141083-0053__T2__1580-1580-141083-0053__HSIMV3__237-237-126133-0009__SIRm5,1580,5683,6,0.0,0.0,0.0,0.0,0.0,52.07238468227112,22.03676097180343
5683-32866-0017_8455-210777-0024__T2__8455-8455-210777-0024__HSIMV3__1320-1320-122612-0002__SIRm5,8455,5683,13,0.07692307692307693,0.0,0.0,0.0,0.0,54.820068753758456,21.05049745629634
5683-32866-0018_1089-134686-0002__T2__1089-1089-134686-0002__HSIMV3__8230-8230-279154-0021__SIRm5,1089,5683,12,0.0,0.0,0.0,0.0,0.0,47.520218450801075,17.765776245535967
5683-32866-0018_1995-1837-0026__T2__1995-1995-1837-0026__HSIMV3__2094-2094-142345-0034__SIRm5,1995,5683,14,0.0,0.0,0.0,0.0,0.0,53.216601709180225,20.24563378512314
5683-32866-0018_8463-294825-0012__T2__8463-8463-294825-0012__HSIMV3__4992-4992-41797-0000__SIRm5,8463,5683,9,0.0,0.0,0.0,0.0,0.0,51.33288020345276,20.77040220371807
5683-32866-0020_1188-133604-0020__T2__1188-1188-133604-0020__HSIMV3__2830-2830-3980-0007__SIRm5,1188,5683,19,0.0,0.0,0.0,0.0,0.0,58.90142782203525,20.18069145815523
5683-32866-0020_8463-294828-0032__T2__8463-8463-294828-0032__HSIMV3__4992-4992-23283-0003__SIRm5,8463,5683,7,0.0,0.0,0.0,0.0,0.0,46.20661672779937,20.447754054081727
5683-32866-0021_672-122797-0050__T2__672-672-122797-0050__HSIMV3__1320-1320-122617-0014__SIRm5,672,5683,8,0.0,0.0,0.0,0.0,0.0,42.38249793619984,17.94276321714196
5683-32866-0021_8463-294828-0037__T2__8463-8463-294828-0037__HSIMV3__4992-4992-41797-0000__SIRm5,8463,5683,9,0.0,0.0,0.0,0.0,0.0,55.34797740238123,21.194910931115555
5683-32866-0022_3729-6852-0027__T2__3729-3729-6852-0027__HSIMV3__4507-4507-16021-0058__SIRm5,3729,5683,5,0.0,0.0,0.0,0.0,0.0,50.24711771021379,18.982768847005914
5683-32866-0022_4970-29093-0014__T2__4970-4970-29093-0014__HSIMV3__6829-6829-68771-0003__SIRm5,4970,5683,7,0.0,0.0,0.0,0.0,0.0,49.61969500593164,19.64932720472914
5683-32866-0024_1580-141083-0031__T2__1580-1580-141083-0031__HSIMV3__237-237-134500-0033__SIRm5,1580,5683,11,0.0,0.09090909090909091,0.0,0.0,0.0,51.20169375707091,20.939195110190177
5683-32866-0024_6930-76324-0021__T2__6930-6930-76324-0021__HSIMV3__260-260-123286-0003__SIRm5,6930,5683,13,0.0,0.0,0.0,0.0,0.0,46.09558495686399,17.80621028928855
5683-32866-0025_1995-1837-0019__T2__1995-1995-1837-0019__HSIMV3__2094-2094-142345-0021__SIRm5,1995,5683,9,0.0,0.0,0.0,0.0,0.0,55.86471627279615,24.273279656682806
5683-32866-0025_2830-3980-0063__T2__2830-2830-3980-0063__HSIMV3__1188-1188-133604-0038__SIRm5,2830,5683,9,0.0,0.0,0.0,0.0,0.0,51.29793313655548,19.567741706087496
5683-32866-0027_2830-3980-0030__T2__2830-2830-3980-0030__HSIMV3__1188-1188-133604-0038__SIRm5,2830,5683,9,0.0,0.0,0.0,0.0,0.0,45.42722019423753,18.491371197780765
5683-32866-0027_5639-40744-0000__T2__5639-5639-40744-0000__HSIMV3__1089-1089-134691-0012__SIRm5,5639,5683,29,0.0,0.0,0.0,0.0,0.0,47.56571076941708,19.152109726150805
5683-32866-0027_7021-85628-0027__T2__7021-7021-85628-0027__HSIMV3__5105-5105-28241-0008__SIRm5,7021,5683,15,0.06666666666666667,0.0,0.0,0.0,0.0,60.22505378480447,20.30023173462425
5683-32866-0028_1089-134691-0005__T2__1089-1089-134691-0005__HSIMV3__8230-8230-279154-0022__SIRm5,1089,5683,9,0.0,0.0,0.0,0.0,0.0,51.86224205089575,19.09646608799295
5683-32866-0028_1995-1837-0015__T2__1995-1995-1837-0015__HSIMV3__2094-2094-142345-0058__SIRm5,1995,5683,7,0.0,0.0,0.0,0.0,0.0,52.880014621948796,21.220231650261987
5683-32866-0028_6829-68769-0001__T2__6829-6829-68769-0001__HSIMV3__4970-4970-29095-0004__SIRm5,6829,5683,17,0.0,0.0,0.0,0.0,0.0,46.62149510641481,19.51028157522232
5683-32879-0000_3729-6852-0002__T2__3729-3729-6852-0002__HSIMV3__4507-4507-16021-0053__SIRm5,3729,5683,15,0.06666666666666667,0.06666666666666667,0.06666666666666667,0.0,0.0,53.31738866315479,20.51716346055227
5683-32879-0002_2830-3980-0067__T2__2830-2830-3980-0067__HSIMV3__1188-1188-133604-0025__SIRm5,2830,5683,13,0.0,0.0,0.0,0.0,0.0,53.35302639355014,20.320251759954267
5683-32879-0003_1995-1826-0013__T2__1995-1995-1826-0013__HSIMV3__2094-2094-142345-0034__SIRm5,1995,5683,14,0.0,0.0,0.0,0.0,0.0,58.017961390281855,22.874407850374137
5683-32879-0003_5142-33396-0035__T2__5142-5142-33396-0035__HSIMV3__4970-4970-29095-0017__SIRm5,5142,5683,6,0.0,0.0,0.0,0.0,0.0,41.650722556703165,19.71703147104992
5683-32879-0004_3575-170457-0010__T2__3575-3575-170457-0010__HSIMV3__237-237-134500-0039__SIRm5,3575,5683,8,0.0,0.0,0.0,0.0,0.0,61.36562098907469,23.2285554918364
5683-32879-0004_5105-28240-0022__T2__5105-5105-28240-0022__HSIMV3__1320-1320-122617-0014__SIRm5,5105,5683,8,0.0,0.0,0.0,0.0,0.0,46.42420291364833,20.216220710727463
5683-32879-0004_6930-81414-0013__T2__6930-6930-81414-0013__HSIMV3__260-260-123286-0003__SIRm5,6930,5683,13,0.0,0.0,0.0,0.0,0.0,41.7375602222388,16.654280266971394
5683-32879-0005_1995-1826-0000__T2__1995-1995-1826-0000__HSIMV3__2094-2094-142345-0057__SIRm5,1995,5683,17,0.0,0.0,0.0,0.0,0.0,46.9192174023396,21.19610670955334
5683-32879-0005_260-123288-0001__T2__260-260-123288-0001__HSIMV3__672-672-122797-0034__SIRm5,260,5683,8,0.125,0.375,0.125,0.0,0.0,45.409592399451,19.73890356021245
5683-32879-0006_3575-170457-0035__T2__3575-3575-170457-0035__HSIMV3__237-237-134500-0041__SIRm5,3575,5683,16,0.0625,0.0,0.0,0.0,0.0,58.90815810222657,23.401721197045187
5683-32879-0006_6829-68771-0035__T2__6829-6829-68771-0035__HSIMV3__4970-4970-29095-0006__SIRm5,6829,5683,7,0.8571428571428571,0.8571428571428571,0.8571428571428571,1.0,0.8571428571428571,-21.99948045633574,-6.284487756656077
5683-32879-0007_5142-33396-0019__T2__5142-5142-33396-0019__HSIMV3__4970-4970-29095-0035__SIRm5,5142,5683,8,0.0,0.0,0.0,0.0,0.0,46.82899726459537,19.365648100957035
5683-32879-0007_6829-68771-0011__T2__6829-6829-68771-0011__HSIMV3__4970-4970-29095-0034__SIRm5,6829,5683,10,0.0,0.0,0.0,0.0,0.0,47.321046948754855,16.592599408033074
5683-32879-0007_8455-210777-0025__T2__8455-8455-210777-0025__HSIMV3__1320-1320-122617-0022__SIRm5,8455,5683,6,0.0,0.0,0.0,0.0,0.0,48.18737560539338,19.71382026275392
5683-32879-0009_2961-960-0018__T2__2961-2961-960-0018__HSIMV3__3570-3570-5694-0005__SIRm5,2961,5683,15,0.0,0.0,0.0,0.0,0.0,53.7969821365366,20.86869500122945
5683-32879-0009_7176-88083-0020__T2__7176-7176-88083-0020__HSIMV3__61-61-70968-0015__SIRm5,7176,5683,9,0.0,0.0,0.0,0.0,0.0,37.82564285929993,15.08161604047658
5683-32879-0009_7729-102255-0014__T2__7729-7729-102255-0014__HSIMV3__7176-7176-88083-0020__SIRm5,7729,5683,9,0.0,0.0,0.0,0.0,0.0,40.26794951112196,17.214579338533586
5683-32879-0010_7127-75947-0032__T2__7127-7127-75947-0032__HSIMV3__8455-8455-210777-0042__SIRm5,7127,5683,7,0.0,0.0,0.0,0.0,0.0,41.589545737893225,17.5248653971086
5683-32879-0010_8455-210777-0010__T2__8455-8455-210777-0010__HSIMV3__1320-1320-122612-0016__SIRm5,8455,5683,5,0.0,0.0,0.0,0.0,0.0,46.49974674381541,19.348272008232257
5683-32879-0010_8463-294828-0036__T2__8463-8463-294828-0036__HSIMV3__4992-4992-41797-0007__SIRm5,8463,5683,12,0.0,0.0,0.0,0.0,0.0,46.123820653289044,19.41570773711352
5683-32879-0011_8230-279154-0033__T2__8230-8230-279154-0033__HSIMV3__61-61-70970-0004__SIRm5,8230,5683,20,0.0,0.0,0.0,0.0,0.0,44.92339306611288,17.895975538000055
5683-32879-0013_121-127105-0003__T2__121-121-127105-0003__HSIMV3__237-237-134493-0001__SIRm5,121,5683,13,0.15384615384615385,0.3076923076923077,0.07692307692307693,0.0,0.0,23.008702421636432,13.551383251031842
5683-32879-0013_4992-41797-0011__T2__4992-4992-41797-0011__HSIMV3__4446-4446-2275-0042__SIRm5,4992,5683,9,0.0,0.0,0.0,0.0,0.0,63.15172513237818,21.434918005976503
5683-32879-0014_8463-294828-0033__T2__8463-8463-294828-0033__HSIMV3__4992-4992-41797-0022__SIRm5,8463,5683,11,0.0,0.0,0.0,0.0,0.0,45.254455738338336,18.55717096388026
5683-32879-0018_260-123288-0022__T2__260-260-123288-0022__HSIMV3__672-672-122797-0044__SIRm5,260,5683,6,0.0,0.0,0.0,0.0,0.0,46.8475690191791,17.26854251294762
5683-32879-0018_2961-961-0013__T2__2961-2961-961-0013__HSIMV3__3570-3570-5694-0004__SIRm5,2961,5683,9,0.0,0.0,0.0,0.0,0.0,50.36769931169925,18.25420846997089
5683-32879-0018_8455-210777-0061__T2__8455-8455-210777-0061__HSIMV3__1320-1320-122617-0001__SIRm5,8455,5683,27,0.0,0.0,0.0,0.0,0.0,51.22980324216893,20.57553355982649
5683-32879-0019_1284-1180-0025__T2__1284-1284-1180-0025__HSIMV3__1580-1580-141084-0023__SIRm5,1284,5683,16,0.0,0.0,0.0,0.0,0.0,49.95640962606217,19.191456021333003
5683-32879-0019_260-123286-0025__T2__260-260-123286-0025__HSIMV3__672-672-122797-0016__SIRm5,260,5683,17,0.058823529411764705,0.0,0.0,0.0,0.0,49.9516765334094,14.925906759666663
5683-32879-0020_8463-287645-0013__T2__8463-8463-287645-0013__HSIMV3__4992-4992-23283-0013__SIRm5,8463,5683,12,0.0,0.0,0.0,0.0,0.0,44.70230697032007,18.33876009247912
5683-32879-0021_1995-1837-0010__T2__1995-1995-1837-0010__HSIMV3__2094-2094-142345-0035__SIRm5,1995,5683,5,0.0,0.0,0.0,0.0,0.0,53.56057303799251,23.000200179142663
5683-32879-0022_6829-68769-0016__T2__6829-6829-68769-0016__HSIMV3__4970-4970-29095-0029__SIRm5,6829,5683,6,0.0,0.0,0.0,0.0,0.0,51.3378892809096,23.729485507654942
5683-32879-0023_6829-68771-0003__T2__6829-6829-68771-0003__HSIMV3__4970-4970-29095-0017__SIRm5,6829,5683,6,0.0,0.0,0.0,0.0,0.0,50.7213738100468,20.58549276419152
61-70968-0000_8455-210777-0012__T2__8455-8455-210777-0012__HSIMV3__1320-1320-122612-0014__SIRm5,8455,61,6,0.0,0.0,0.0,0.0,0.0,44.21550670219173,18.06890319313855
61-70968-0000_8555-292519-0000__T2__8555-8555-292519-0000__HSIMV3__4970-4970-29095-0031__SIRm5,8555,61,28,0.0,0.0,0.0,0.0,0.0,58.27613427249047,24.097329019906223
61-70968-0003_2830-3980-0008__T2__2830-2830-3980-0008__HSIMV3__1188-1188-133604-0017__SIRm5,2830,61,8,0.0,0.125,0.0,0.0,0.0,49.012361715704316,19.295675834807444
61-70968-0003_2961-960-0017__T2__2961-2961-960-0017__HSIMV3__3570-3570-5694-0005__SIRm5,2961,61,14,0.0,0.0,0.0,0.0,0.0,49.33074220066261,20.39838219557522
61-70968-0003_5105-28240-0000__T2__5105-5105-28240-0000__HSIMV3__1320-1320-122617-0017__SIRm5,5105,61,9,0.0,0.0,0.0,0.0,0.0,49.16036500090081,20.689031665881625
61-70968-0004_1188-133604-0014__T2__1188-1188-133604-0014__HSIMV3__2830-2830-3979-0002__SIRm5,1188,61,7,0.0,0.0,0.0,0.0,0.0,49.7826985148076,19.07531672381401
61-70968-0005_1284-1180-0015__T2__1284-1284-1180-0015__HSIMV3__4446-4446-2275-0026__SIRm5,1284,61,9,0.0,0.0,0.0,0.0,0.0,51.961746284354234,20.200105782960225
61-70968-0005_5105-28233-0000__T2__5105-5105-28233-0000__HSIMV3__1320-1320-122617-0005__SIRm5,5105,61,7,0.0,0.0,0.0,0.0,0.0,54.392770575310365,18.646977335543085
61-70968-0007_7176-88083-0021__T2__7176-7176-88083-0021__HSIMV3__61-61-70970-0004__SIRm5,7176,61,20,0.0,0.0,0.0,0.0,0.0,45.756634551921536,17.49549786595874
61-70968-0009_4446-2271-0011__T2__4446-4446-2271-0011__HSIMV3__1284-1284-1181-0000__SIRm5,4446,61,6,1.0,1.0,1.0,1.0,1.0,-50.16767618758862,-29.10907905358267
61-70968-0010_3575-170457-0003__T2__3575-3575-170457-0003__HSIMV3__237-237-134500-0037__SIRm5,3575,61,13,0.07692307692307693,0.07692307692307693,0.07692307692307693,0.0,0.0,58.391369057052415,22.130527201197594
61-70968-0011_1221-135767-0013__T2__1221-1221-135767-0013__HSIMV3__4992-4992-41806-0008__SIRm5,1221,61,22,0.0,0.0,0.0,0.0,0.0,47.8786138695677,19.80060294182377
61-70968-0011_4992-41806-0004__T2__4992-4992-41806-0004__HSIMV3__4446-4446-2271-0003__SIRm5,4992,61,6,0.0,0.0,0.0,0.0,0.0,51.91343359727754,20.05000675751873
61-70968-0013_6829-68771-0028__T2__6829-6829-68771-0028__HSIMV3__4446-4446-2275-0006__SIRm5,6829,61,6,0.0,0.0,0.0,0.0,0.0,45.43710451117908,18.2469434145914
61-70968-0013_8555-284449-0003__T2__8555-8555-284449-0003__HSIMV3__4970-4970-29095-0038__SIRm5,8555,61,16,1.0,1.0,1.0,1.0,1.0,-44.07647424251941,-19.35772934164271
61-70968-0014_7176-92135-0009__T2__7176-7176-92135-0009__HSIMV3__61-61-70968-0025__SIRm5,7176,61,7,0.7142857142857143,0.2857142857142857,0.2857142857142857,0.2857142857142857,0.2857142857142857,-1.7194026204968995,-1.016358616916878
61-70968-0014_8224-274384-0003__T2__8224-8224-274384-0003__HSIMV3__8455-8455-210777-0050__SIRm5,8224,61,6,0.0,0.0,0.0,0.0,0.0,43.72452133729181,17.769176430840975
61-70968-0015_1580-141084-0010__T2__1580-1580-141084-0010__HSIMV3__237-237-126133-0009__SIRm5,1580,61,6,0.0,0.0,0.0,0.0,0.0,51.209793490959896,22.097877124664944
61-70968-0016_2961-961-0015__T2__2961-2961-961-0015__HSIMV3__3570-3570-5695-0008__SIRm5,2961,61,12,0.0,0.0,0.0,0.0,0.0,53.25775993999201,22.980032656510744
61-70968-0016_4992-41797-0022__T2__4992-4992-41797-0022__HSIMV3__4446-4446-2273-0035__SIRm5,4992,61,11,0.0,0.0,0.0,0.0,0.0,53.20992255223277,20.59539770971826
61-70968-0017_2830-3980-0057__T2__2830-2830-3980-0057__HSIMV3__1188-1188-133604-0025__SIRm5,2830,61,13,0.0,0.0,0.0,0.0,0.0,44.85043799739074,18.403732221079377
61-70968-0017_2961-960-0022__T2__2961-2961-960-0022__HSIMV3__3570-3570-5695-0008__SIRm5,2961,61,12,0.0,0.0,0.0,0.0,0.0,53.58918911024446,20.72430561952484
61-70968-0017_8230-279154-0024__T2__8230-8230-279154-0024__HSIMV3__61-61-70970-0001__SIRm5,8230,61,11,0.09090909090909091,0.09090909090909091,0.09090909090909091,0.0,0.0,30.266083537688985,16.832132668136783
61-70968-0019_2830-3980-0031__T2__2830-2830-3980-0031__HSIMV3__1188-1188-133604-0025__SIRm5,2830,61,13,0.0,0.0,0.0,0.0,0.0,47.667515706725894,20.111919849031697
61-70968-0020_1089-134691-0012__T2__1089-1089-134691-0012__HSIMV3__8230-8230-279154-0034__SIRm5,1089,61,28,0.03571428571428571,0.0,0.0,0.0,0.0,41.597532020815045,18.00143801784114
61-70968-0022_1221-135767-0011__T2__1221-1221-135767-0011__HSIMV3__4992-4992-23283-0017__SIRm5,1221,61,27,0.0,0.0,0.0,0.0,0.0,49.20729101512957,19.427741443196723
61-70968-0023_260-123286-0023__T2__260-260-123286-0023__HSIMV3__672-672-122797-0070__SIRm5,260,61,10,0.0,0.0,0.0,0.0,0.0,54.721535692974484,19.9902297811024
61-70968-0023_7176-88083-0011__T2__7176-7176-88083-0011__HSIMV3__61-61-70970-0004__SIRm5,7176,61,19,0.05263157894736842,0.0,0.0,0.0,0.0,41.77926788806163,15.48298746436106
61-70968-0025_1995-1837-0010__T2__1995-1995-1837-0010__HSIMV3__2094-2094-142345-0035__SIRm5,1995,61,5,0.0,0.0,0.0,0.0,0.0,53.56613465662703,22.998618073150904
61-70968-0025_2094-142345-0006__T2__2094-2094-142345-0006__HSIMV3__3729-3729-6852-0032__SIRm5,2094,61,26,0.0,0.038461538461538464,0.0,0.0,0.0,50.13163054342229,18.667363619110446
61-70968-0025_6930-76324-0006__T2__6930-6930-76324-0006__HSIMV3__260-260-123288-0004__SIRm5,6930,61,7,0.0,0.0,0.0,0.0,0.0,44.954800674295434,18.18175371311276
61-70968-0026_3729-6852-0038__T2__3729-3729-6852-0038__HSIMV3__4507-4507-16021-0014__SIRm5,3729,61,10,0.0,0.1,0.0,0.0,0.0,51.61730029038042,18.59841779532241
61-70968-0027_2094-142345-0005__T2__2094-2094-142345-0005__HSIMV3__3729-3729-6852-0002__SIRm5,2094,61,16,0.0625,0.0625,0.0625,0.0,0.0,49.174095127338916,18.98981444300613
61-70968-0027_260-123288-0027__T2__260-260-123288-0027__HSIMV3__6930-6930-76324-0020__SIRm5,260,61,11,0.0,0.0,0.0,0.0,0.0,53.58513665067615,19.98832690359158
61-70968-0027_3570-5695-0013__T2__3570-3570-5695-0013__HSIMV3__4507-4507-16021-0046__SIRm5,3570,61,8,0.0,0.0,0.0,0.0,0.0,48.3252529312046,20.88444625676213
61-70968-0027_4446-2273-0018__T2__4446-4446-2273-0018__HSIMV3__1284-1284-1180-0027__SIRm5,4446,61,5,0.0,0.0,0.0,0.0,0.0,47.22830059287285,19.813650495093466
61-70968-0028_7021-79730-0007__T2__7021-7021-79730-0007__HSIMV3__5105-5105-28240-0021__SIRm5,7021,61,23,0.043478260869565216,0.0,0.0,0.0,0.0,45.40883192845504,19.47616766338236
61-70968-0029_1320-122612-0003__T2__1320-1320-122612-0003__HSIMV3__5105-5105-28233-0008__SIRm5,1320,61,18,0.0,0.0,0.0,0.0,0.0,52.65746788510562,20.760769248067888
61-70968-0029_8463-294825-0012__T2__8463-8463-294825-0012__HSIMV3__4992-4992-41797-0000__SIRm5,8463,61,9,0.0,0.0,0.0,0.0,0.0,51.32361140673871,20.77041597848168
61-70968-0030_4507-16021-0055__T2__4507-4507-16021-0055__HSIMV3__3729-3729-6852-0011__SIRm5,4507,61,13,0.0,0.0,0.0,0.0,0.0,55.7788054094703,21.69577358519635
61-70968-0032_1995-1837-0020__T2__1995-1995-1837-0020__HSIMV3__2094-2094-142345-0018__SIRm5,1995,61,5,0.0,0.0,0.0,0.0,0.0,63.98490592010105,25.81042863280056
61-70968-0033_1580-141083-0023__T2__1580-1580-141083-0023__HSIMV3__237-237-134500-0027__SIRm5,1580,61,5,0.0,0.0,0.0,0.0,0.0,44.18783928899675,19.659993182567938
61-70968-0034_2961-961-0020__T2__2961-2961-961-0020__HSIMV3__3570-3570-5695-0008__SIRm5,2961,61,11,0.0,0.0,0.0,0.0,0.0,57.96444423643159,21.77301288403905
61-70968-0034_5105-28241-0006__T2__5105-5105-28241-0006__HSIMV3__1320-1320-122617-0012__SIRm5,5105,61,14,0.0,0.0,0.0,0.0,0.0,49.13761557530028,20.44045701743132
61-70968-0034_672-122797-0070__T2__672-672-122797-0070__HSIMV3__1320-1320-122612-0015__SIRm5,672,61,11,0.0,0.0,0.0,0.0,0.0,43.75714401197948,19.325727677007627
61-70968-0035_4446-2273-0016__T2__4446-4446-2273-0016__HSIMV3__1284-1284-1180-0021__SIRm5,4446,61,18,0.0,0.0,0.0,0.0,0.0,48.14658249766414,19.987876573401422
61-70968-0035_672-122797-0025__T2__672-672-122797-0025__HSIMV3__260-260-123288-0007__SIRm5,672,61,20,0.0,0.1,0.0,0.0,0.0,45.094180301689406,18.69107702037096
61-70968-0037_1221-135766-0008__T2__1221-1221-135766-0008__HSIMV3__4992-4992-41806-0017__SIRm5,1221,61,20,0.0,0.0,0.0,0.0,0.0,49.567488853792554,19.650525486598543
61-70968-0039_8463-294828-0020__T2__8463-8463-294828-0020__HSIMV3__4992-4992-41806-0013__SIRm5,8463,61,10,0.0,0.0,0.0,0.0,0.0,53.95482402981158,20.39756819634391
61-70968-0039_908-31957-0007__T2__908-908-31957-0007__HSIMV3__7176-7176-88083-0019__SIRm5,908,61,10,0.0,0.0,0.0,0.0,0.0,40.76890631712696,18.014812704826035
61-70968-0040_3570-5694-0012__T2__3570-3570-5694-0012__HSIMV3__4507-4507-16021-0028__SIRm5,3570,61,5,0.0,0.0,0.0,0.0,0.0,53.24423623903026,23.14283747796466
61-70968-0040_4970-29093-0004__T2__4970-4970-29093-0004__HSIMV3__6829-6829-68769-0007__SIRm5,4970,61,6,0.0,0.3333333333333333,0.0,0.0,0.0,45.12307471510744,19.02032958032671
61-70968-0043_7021-85628-0019__T2__7021-7021-85628-0019__HSIMV3__5105-5105-28240-0014__SIRm5,7021,61,5,0.0,0.0,0.0,0.0,0.0,48.71901984683706,18.9635239184364
61-70968-0045_2830-3980-0001__T2__2830-2830-3980-0001__HSIMV3__1188-1188-133604-0017__SIRm5,2830,61,6,0.0,0.0,0.0,0.0,0.0,40.48978550738721,16.624317570357277
61-70968-0045_6930-76324-0012__T2__6930-6930-76324-0012__HSIMV3__260-260-123288-0006__SIRm5,6930,61,8,0.0,0.0,0.0,0.0,0.0,40.38014046636607,16.55581185015308
61-70968-0046_121-121726-0000__T2__121-121-121726-0000__HSIMV3__237-237-126133-0007__SIRm5,121,61,15,0.0,0.06666666666666667,0.0,0.0,0.0,47.965044707400324,21.057333335919445
61-70968-0046_3570-5694-0004__T2__3570-3570-5694-0004__HSIMV3__4507-4507-16021-0037__SIRm5,3570,61,9,0.0,0.0,0.0,0.0,0.0,59.82208307412683,23.843784604854868
61-70968-0046_4970-29093-0008__T2__4970-4970-29093-0008__HSIMV3__8555-8555-284447-0022__SIRm5,4970,61,6,0.0,0.0,0.0,0.0,0.0,43.47614497537961,19.53275886290462
61-70968-0046_8230-279154-0017__T2__8230-8230-279154-0017__HSIMV3__61-61-70968-0054__SIRm5,8230,61,14,0.0,0.0,0.0,0.0,0.0,43.14281607413814,16.46154941720485
61-70968-0047_5683-32879-0012__T2__5683-5683-32879-0012__HSIMV3__1221-1221-135766-0014__SIRm5,5683,61,7,0.0,0.0,0.0,0.0,0.0,45.057024769806596,20.571102430497813
61-70968-0049_7021-79740-0014__T2__7021-7021-79740-0014__HSIMV3__5105-5105-28240-0006__SIRm5,7021,61,26,0.07692307692307693,0.0,0.0,0.0,0.0,50.50173887335927,21.47521424548595
61-70968-0050_237-134500-0003__T2__237-237-134500-0003__HSIMV3__1580-1580-141083-0023__SIRm5,237,61,5,0.0,0.0,0.0,0.0,0.0,49.29870676594573,19.92176488935916
61-70968-0050_7021-79740-0001__T2__7021-7021-79740-0001__HSIMV3__5105-5105-28240-0004__SIRm5,7021,61,10,0.0,0.9,0.0,0.0,0.0,48.87392397489704,20.11802447383008
61-70968-0051_4507-16021-0014__T2__4507-4507-16021-0014__HSIMV3__3729-3729-6852-0037__SIRm5,4507,61,10,0.0,0.0,0.0,0.0,0.0,53.38125525234331,21.955049967803227
61-70968-0051_4992-41806-0000__T2__4992-4992-41806-0000__HSIMV3__4446-4446-2271-0004__SIRm5,4992,61,23,0.0,0.0,0.0,0.0,0.0,56.35175275024307,20.49753200236807
61-70968-0053_3570-5696-0000__T2__3570-3570-5696-0000__HSIMV3__4507-4507-16021-0009__SIRm5,3570,61,21,0.0,0.0,0.0,0.0,0.0,53.899292904946044,22.873171255108986
61-70968-0053_3729-6852-0020__T2__3729-3729-6852-0020__HSIMV3__4507-4507-16021-0030__SIRm5,3729,61,25,0.04,0.08,0.0,0.0,0.0,55.19326900680913,21.185405009001894
61-70968-0053_5683-32865-0008__T2__5683-5683-32865-0008__HSIMV3__237-237-134500-0000__SIRm5,5683,61,11,0.0,0.0,0.0,0.0,0.0,47.008822466899254,19.62658620301416
61-70968-0053_8463-287645-0001__T2__8463-8463-287645-0001__HSIMV3__4992-4992-23283-0015__SIRm5,8463,61,6,1.0,1.0,1.0,1.0,1.0,-34.898314168315196,-15.003831698357184
61-70968-0056_1580-141084-0045__T2__1580-1580-141084-0045__HSIMV3__237-237-134500-0027__SIRm5,1580,61,5,0.0,0.0,0.0,0.0,0.0,55.05973492170788,19.792524202051624
61-70968-0056_7176-92135-0025__T2__7176-7176-92135-0025__HSIMV3__61-61-70970-0004__SIRm5,7176,61,20,0.0,0.0,0.0,0.0,0.0,40.6996469628775,17.48411769124171
61-70968-0057_2094-142345-0014__T2__2094-2094-142345-0014__HSIMV3__3729-3729-6852-0020__SIRm5,2094,61,24,0.0,0.0,0.0,0.0,0.0,51.58534156065593,19.633075176713177
61-70968-0057_237-126133-0000__T2__237-237-126133-0000__HSIMV3__5683-5683-32866-0009__SIRm5,237,61,25,0.0,0.0,0.0,0.0,0.0,51.716380078447784,21.091967662798584
61-70968-0057_8463-287645-0012__T2__8463-8463-287645-0012__HSIMV3__4992-4992-41797-0011__SIRm5,8463,61,9,0.0,0.0,0.0,0.0,0.0,38.97897369158272,17.73452811185559
61-70968-0060_3575-170457-0037__T2__3575-3575-170457-0037__HSIMV3__237-237-134500-0018__SIRm5,3575,61,23,0.0,0.0,0.0,0.0,0.0,56.34204478552183,22.255469849076643
61-70968-0060_7176-92135-0034__T2__7176-7176-92135-0034__HSIMV3__61-61-70968-0025__SIRm5,7176,61,7,0.0,0.0,0.0,0.0,0.0,27.745469848076652,14.59006287431472
61-70970-0000_121-121726-0002__T2__121-121-121726-0002__HSIMV3__237-237-134500-0024__SIRm5,121,61,7,0.14285714285714285,0.2857142857142857,0.14285714285714285,0.0,0.0,40.60801266182665,18.8444677270949
61-70970-0000_1284-134647-0006__T2__1284-1284-134647-0006__HSIMV3__4446-4446-2271-0016__SIRm5,1284,61,19,0.0,0.0,0.0,0.0,0.0,54.07568235398179,19.659295152978963
61-70970-0000_7729-102255-0018__T2__7729-7729-102255-0018__HSIMV3__7176-7176-88083-0018__SIRm5,7729,61,19,0.05263157894736842,0.0,0.0,0.0,0.0,40.44116337963158,16.922871880788154
61-70970-0001_1221-135766-0013__T2__1221-1221-135766-0013__HSIMV3__4992-4992-41806-0005__SIRm5,1221,61,6,0.0,0.0,0.0,0.0,0.0,46.17925243139652,18.42480286323405
61-70970-0001_4446-2275-0038__T2__4446-4446-2275-0038__HSIMV3__1284-1284-1180-0031__SIRm5,4446,61,8,0.0,0.0,0.0,0.0,0.0,52.7912777620367,19.674658456140488
61-70970-0003_1995-1836-0003__T2__1995-1995-1836-0003__HSIMV3__2094-2094-142345-0034__SIRm5,1995,61,14,0.0,0.2857142857142857,0.0,0.0,0.0,50.354849122290645,21.568816050771737
61-70970-0003_2830-3980-0032__T2__2830-2830-3980-0032__HSIMV3__1188-1188-133604-0025__SIRm5,2830,61,13,0.0,0.0,0.0,0.0,0.0,44.54942423281821,18.965915583266984
61-70970-0003_6930-76324-0024__T2__6930-6930-76324-0024__HSIMV3__260-260-123286-0017__SIRm5,6930,61,6,0.0,0.0,0.0,0.0,0.0,36.718502920112726,16.04113993834259
61-70970-0004_237-134500-0008__T2__237-237-134500-0008__HSIMV3__5683-5683-32879-0001__SIRm5,237,61,6,0.0,0.0,0.0,0.0,0.0,49.9102389219888,22.11476404337036
61-70970-0004_4077-13754-0003__T2__4077-4077-13754-0003__HSIMV3__8455-8455-210777-0056__SIRm5,4077,61,10,0.0,0.0,0.0,0.0,0.0,42.625995165802344,17.95252641867196
61-70970-0007_1995-1836-0011__T2__1995-1995-1836-0011__HSIMV3__2094-2094-142345-0058__SIRm5,1995,61,8,0.0,0.0,0.0,0.0,0.0,52.439843037654896,21.337788536369462
61-70970-0007_4507-16021-0035__T2__4507-4507-16021-0035__HSIMV3__3729-3729-6852-0011__SIRm5,4507,61,13,0.0,0.0,0.0,0.0,0.0,48.8218963907011,20.01531454877176
61-70970-0009_2961-960-0022__T2__2961-2961-960-0022__HSIMV3__3570-3570-5695-0008__SIRm5,2961,61,12,0.0,0.0,0.0,0.0,0.0,53.687626133077934,20.72385386042334
61-70970-0010_1188-133604-0005__T2__1188-1188-133604-0005__HSIMV3__2830-2830-3980-0031__SIRm5,1188,61,15,0.0,0.0,0.0,0.0,0.0,40.83155446289117,18.292644203579385
61-70970-0010_7021-85628-0022__T2__7021-7021-85628-0022__HSIMV3__5105-5105-28233-0006__SIRm5,7021,61,9,0.0,0.0,0.0,0.0,0.0,56.050233061536865,21.63744905491295
61-70970-0011_1995-1826-0009__T2__1995-1995-1826-0009__HSIMV3__2094-2094-142345-0043__SIRm5,1995,61,13,0.0,0.0,0.0,0.0,0.0,53.31525718978772,22.972023536391383
61-70970-0011_4077-13751-0002__T2__4077-4077-13751-0002__HSIMV3__8455-8455-210777-0038__SIRm5,4077,61,18,0.0,0.0,0.0,0.0,0.0,54.94279816452662,17.511770262145745
61-70970-0011_8230-279154-0028__T2__8230-8230-279154-0028__HSIMV3__61-61-70970-0004__SIRm5,8230,61,20,0.0,0.0,0.0,0.0,0.0,43.12777963152306,17.9278988356042
61-70970-0012_1995-1826-0000__T2__1995-1995-1826-0000__HSIMV3__2094-2094-142345-0057__SIRm5,1995,61,17,0.0,0.0,0.0,0.0,0.0,46.903029347223516,21.197996622429383
61-70970-0013_4507-16021-0035__T2__4507-4507-16021-0035__HSIMV3__3729-3729-6852-0011__SIRm5,4507,61,13,0.0,0.0,0.0,0.0,0.0,48.82650453218995,20.00926630636566
61-70970-0013_7127-75947-0021__T2__7127-7127-75947-0021__HSIMV3__8455-8455-210777-0049__SIRm5,7127,61,6,0.0,0.0,0.0,0.0,0.0,50.20684624657279,19.03776174665444
61-70970-0014_2830-3980-0029__T2__2830-2830-3980-0029__HSIMV3__1188-1188-133604-0022__SIRm5,2830,61,17,0.058823529411764705,0.058823529411764705,0.058823529411764705,0.0,0.0,48.01869266789973,18.91731338153492
61-70970-0015_4446-2275-0019__T2__4446-4446-2275-0019__HSIMV3__1284-1284-1180-0012__SIRm5,4446,61,8,0.0,0.0,0.0,0.0,0.0,50.43463163212607,19.85726656483594
61-70970-0015_7127-75946-0018__T2__7127-7127-75946-0018__HSIMV3__8455-8455-210777-0046__SIRm5,7127,61,17,0.0,0.058823529411764705,0.0,0.0,0.0,44.80224731456399,17.51025087169694
61-70970-0016_672-122797-0012__T2__672-672-122797-0012__HSIMV3__1320-1320-122612-0008__SIRm5,672,61,14,0.0,0.0,0.0,0.0,0.0,41.88292207202967,18.12976309975538
61-70970-0018_2300-131720-0010__T2__2300-2300-131720-0010__HSIMV3__61-61-70970-0004__SIRm5,2300,61,20,0.0,0.0,0.0,0.0,0.0,46.35690812530285,17.90256606981532
61-70970-0020_4507-16021-0018__T2__4507-4507-16021-0018__HSIMV3__3729-3729-6852-0019__SIRm5,4507,61,5,0.0,0.0,0.0,0.0,0.0,45.524285062003834,19.43138383195673
61-70970-0020_4507-16021-0031__T2__4507-4507-16021-0031__HSIMV3__3729-3729-6852-0032__SIRm5,4507,61,26,0.0,0.0,0.0,0.0,0.0,54.38760067562747,21.13002998939828
61-70970-0021_8230-279154-0035__T2__8230-8230-279154-0035__HSIMV3__1089-1089-134686-0028__SIRm5,8230,61,14,0.7142857142857143,0.7857142857142857,0.7142857142857143,0.8571428571428571,0.7142857142857143,-28.881371536625696,-4.419824593189319
61-70970-0022_1580-141083-0053__T2__1580-1580-141083-0053__HSIMV3__237-237-126133-0009__SIRm5,1580,61,6,0.0,0.0,0.0,0.0,0.0,52.07068530928914,22.0368701340448
61-70970-0022_237-134500-0034__T2__237-237-134500-0034__HSIMV3__5683-5683-32866-0022__SIRm5,237,61,5,0.0,0.0,0.0,0.0,0.0,43.73136983897374,18.82118945427643
61-70970-0023_3570-5696-0007__T2__3570-3570-5696-0007__HSIMV3__4507-4507-16021-0017__SIRm5,3570,61,17,0.0,0.0,0.0,0.0,0.0,55.650456002896114,22.977242921620498
61-70970-0023_908-31957-0009__T2__908-908-31957-0009__HSIMV3__7176-7176-92135-0001__SIRm5,908,61,14,0.0,0.0,0.0,0.0,0.0,38.61758962928058,17.31972505956748
61-70970-0024_2961-961-0018__T2__2961-2961-961-0018__HSIMV3__3570-3570-5694-0004__SIRm5,2961,61,9,0.0,0.0,0.0,0.0,0.0,45.34452006268127,18.93100968942452
61-70970-0025_4992-41806-0009__T2__4992-4992-41806-0009__HSIMV3__4446-4446-2273-0025__SIRm5,4992,61,7,0.0,0.0,0.0,0.0,0.0,61.60146988936931,20.89771078595463
61-70970-0026_6829-68769-0028__T2__6829-6829-68769-0028__HSIMV3__4446-4446-2271-0005__SIRm5,6829,61,5,0.0,0.0,0.0,0.0,0.0,51.31271168830004,18.08597977361919
61-70970-0026_8555-292519-0005__T2__8555-8555-292519-0005__HSIMV3__4970-4970-29095-0004__SIRm5,8555,61,18,0.0,0.0,0.0,0.0,0.0,54.90381082793879,21.785364404039186
61-70970-0027_5142-33396-0024__T2__5142-5142-33396-0024__HSIMV3__4970-4970-29095-0002__SIRm5,5142,61,9,0.0,0.0,0.0,0.0,0.0,52.423505451018414,20.347337122737777
61-70970-0028_2300-131720-0013__T2__2300-2300-131720-0013__HSIMV3__61-61-70970-0004__SIRm5,2300,61,20,0.0,0.0,0.0,0.0,0.0,48.35792764925186,18.001545612539214
61-70970-0028_908-31957-0009__T2__908-908-31957-0009__HSIMV3__7176-7176-92135-0001__SIRm5,908,61,14,0.0,0.0,0.0,0.0,0.0,38.496748697665154,17.30758097357644
61-70970-0029_1221-135767-0007__T2__1221-1221-135767-0007__HSIMV3__4992-4992-23283-0017__SIRm5,1221,61,24,0.0,0.0,0.0,0.0,0.0,45.189636312282346,18.091720864908755
61-70970-0029_5142-36377-0000__T2__5142-5142-36377-0000__HSIMV3__4970-4970-29093-0015__SIRm5,5142,61,5,0.0,0.0,0.0,0.0,0.0,40.46528962453674,18.083981747558955
61-70970-0030_1320-122617-0020__T2__1320-1320-122617-0020__HSIMV3__5105-5105-28241-0008__SIRm5,1320,61,16,0.0,0.0,0.0,0.0,0.0,49.19611972503223,20.89961312567508
61-70970-0031_1320-122617-0000__T2__1320-1320-122617-0000__HSIMV3__5105-5105-28240-0024__SIRm5,1320,61,14,0.07142857142857142,0.14285714285714285,0.0,0.0,0.0,53.42877910744384,19.86871703403392
61-70970-0031_4992-23283-0010__T2__4992-4992-23283-0010__HSIMV3__4446-4446-2273-0024__SIRm5,4992,61,8,0.0,0.0,0.0,0.0,0.0,49.162632609881015,19.11693177972075
61-70970-0032_7176-88083-0017__T2__7176-7176-88083-0017__HSIMV3__61-61-70968-0060__SIRm5,7176,61,6,0.0,0.0,0.0,0.0,0.0,32.84197415805559,14.980672021320274
61-70970-0033_5142-33396-0026__T2__5142-5142-33396-0026__HSIMV3__4970-4970-29093-0015__SIRm5,5142,61,5,0.0,0.0,0.0,0.0,0.0,41.34023960492507,18.74538789548457
61-70970-0034_4507-16021-0005__T2__4507-4507-16021-0005__HSIMV3__3729-3729-6852-0016__SIRm5,4507,61,7,0.0,0.0,0.0,0.0,0.0,51.84907272450432,19.17246783078001
61-70970-0034_908-31957-0020__T2__908-908-31957-0020__HSIMV3__7176-7176-88083-0019__SIRm5,908,61,10,0.0,0.0,0.0,0.0,0.0,46.559998244597054,19.35399326374781
61-70970-0035_5142-33396-0012__T2__5142-5142-33396-0012__HSIMV3__4970-4970-29095-0005__SIRm5,5142,61,8,0.0,0.0,0.0,0.0,0.0,48.56212933062117,20.11661134015776
61-70970-0036_1089-134686-0016__T2__1089-1089-134686-0016__HSIMV3__8230-8230-279154-0008__SIRm5,1089,61,6,0.0,0.0,0.0,0.0,0.0,41.02591890137747,16.762419023956948
61-70970-0036_2961-960-0001__T2__2961-2961-960-0001__HSIMV3__3570-3570-5694-0005__SIRm5,2961,61,15,0.0,0.0,0.0,0.0,0.0,56.75921435311827,21.077720483724008
61-70970-0036_8555-284447-0002__T2__8555-8555-284447-0002__HSIMV3__4970-4970-29093-0013__SIRm5,8555,61,15,0.0,0.0,0.0,0.0,0.0,48.078887628734556,19.57979837062892
61-70970-0037_1089-134691-0017__T2__1089-1089-134691-0017__HSIMV3__8230-8230-279154-0018__SIRm5,1089,61,22,0.0,0.0,0.0,0.0,0.0,50.320193436689806,19.803489975502107
61-70970-0038_6829-68771-0020__T2__6829-6829-68771-0020__HSIMV3__4970-4970-29095-0030__SIRm5,6829,61,8,0.0,0.0,0.0,0.0,0.0,53.083904967668325,20.825428380912683
61-70970-0039_5105-28233-0001__T2__5105-5105-28233-0001__HSIMV3__1320-1320-122617-0005__SIRm5,5105,61,7,0.0,0.0,0.0,0.0,0.0,49.64939141525623,20.349572174516904
61-70970-0039_5105-28240-0000__T2__5105-5105-28240-0000__HSIMV3__1320-1320-122617-0017__SIRm5,5105,61,9,0.0,0.0,0.0,0.0,0.0,49.16334436101053,20.68858501177634
61-70970-0040_7729-102255-0019__T2__7729-7729-102255-0019__HSIMV3__7176-7176-88083-0022__SIRm5,7729,61,16,0.0,0.0,0.0,0.0,0.0,46.68287942093456,17.691213973387953
672-122797-0000_8455-210777-0019__T2__8455-8455-210777-0019__HSIMV3__1320-1320-122617-0040__SIRm5,8455,672,14,0.0,0.0,0.0,0.0,0.0,51.469786157103286,18.16273421375587
672-122797-0002_237-126133-0012__T2__237-237-126133-0012__HSIMV3__5683-5683-32865-0015__SIRm5,237,672,6,0.0,0.0,0.0,0.0,0.0,45.70996962054067,19.078615363631
672-122797-0002_7729-102255-0012__T2__7729-7729-102255-0012__HSIMV3__7176-7176-88083-0016__SIRm5,7729,672,6,0.0,0.0,0.0,0.0,0.0,45.078096916354944,16.063769454826474
672-122797-0003_1284-1180-0024__T2__1284-1284-1180-0024__HSIMV3__4446-4446-2271-0008__SIRm5,1284,672,9,0.0,0.0,0.0,0.0,0.0,44.73025711910618,19.24529821701718
672-122797-0003_4446-2275-0010__T2__4446-4446-2275-0010__HSIMV3__1284-1284-1180-0014__SIRm5,4446,672,6,0.0,0.0,0.0,0.0,0.0,44.42113181874287,17.222871111182368
672-122797-0003_61-70968-0048__T2__61-61-70968-0048__HSIMV3__8230-8230-279154-0003__SIRm5,61,672,5,0.0,0.0,0.0,0.0,0.0,35.537006217894074,14.82760903470609
672-122797-0004_8455-210777-0013__T2__8455-8455-210777-0013__HSIMV3__1320-1320-122617-0024__SIRm5,8455,672,13,0.0,0.0,0.0,0.0,0.0,46.71906633429367,19.514858972737777
672-122797-0005_260-123440-0018__T2__260-260-123440-0018__HSIMV3__672-672-122797-0031__SIRm5,260,672,6,0.0,0.0,0.0,0.0,0.0,61.73734186075156,25.92742590638099
672-122797-0006_4077-13751-0002__T2__4077-4077-13751-0002__HSIMV3__8455-8455-210777-0038__SIRm5,4077,672,18,0.0,0.0,0.0,0.0,0.0,53.6201013603954,17.506147712341317
672-122797-0006_5683-32865-0017__T2__5683-5683-32865-0017__HSIMV3__237-237-126133-0022__SIRm5,5683,672,9,0.1111111111111111,0.0,0.0,0.0,0.0,31.030352486061286,17.836421659646987
672-122797-0010_237-134500-0021__T2__237-237-134500-0021__HSIMV3__1580-1580-141083-0010__SIRm5,237,672,9,0.0,0.0,0.0,0.0,0.0,54.66622155160909,21.63077593643512
672-122797-0010_4077-13751-0015__T2__4077-4077-13751-0015__HSIMV3__8455-8455-210777-0051__SIRm5,4077,672,25,0.0,0.0,0.0,0.0,0.0,39.158932738158384,17.629249107321836
672-122797-0012_260-123440-0002__T2__260-260-123440-0002__HSIMV3__672-672-122797-0002__SIRm5,260,672,25,0.04,0.0,0.0,0.0,0.0,50.996884334418326,20.1771322329094
672-122797-0013_908-31957-0001__T2__908-908-31957-0001__HSIMV3__7176-7176-88083-0018__SIRm5,908,672,19,0.05263157894736842,0.0,0.0,0.0,0.0,34.99173758949805,16.957645287310918
672-122797-0016_6930-81414-0027__T2__6930-6930-81414-0027__HSIMV3__260-260-123286-0017__SIRm5,6930,672,6,0.0,0.0,0.0,0.0,0.0,42.79187608328753,15.826531700280606
672-122797-0016_8463-294828-0006__T2__8463-8463-294828-0006__HSIMV3__4992-4992-41797-0004__SIRm5,8463,672,13,0.0,0.0,0.0,0.0,0.0,50.602469920037464,20.07126832468486
672-122797-0017_260-123286-0020__T2__260-260-123286-0020__HSIMV3__672-672-122797-0065__SIRm5,260,672,5,0.0,1.0,0.0,0.0,0.0,47.27203773879666,19.26860405623338
672-122797-0018_61-70970-0019__T2__61-61-70970-0019__HSIMV3__7176-7176-88083-0016__SIRm5,61,672,6,0.0,0.0,0.0,0.0,0.0,31.990796860619273,13.76812390490041
672-122797-0018_8230-279154-0041__T2__8230-8230-279154-0041__HSIMV3__61-61-70970-0004__SIRm5,8230,672,20,0.0,0.0,0.0,0.0,0.0,46.83222786378312,17.793326762336534
672-122797-0019_2830-3980-0001__T2__2830-2830-3980-0001__HSIMV3__1188-1188-133604-0017__SIRm5,2830,672,6,0.0,0.0,0.0,0.0,0.0,40.49071442397959,16.626288813069174
672-122797-0019_4507-16021-0033__T2__4507-4507-16021-0033__HSIMV3__3729-3729-6852-0024__SIRm5,4507,672,10,0.0,0.2,0.0,0.0,0.0,48.55273694357046,18.11203267240744
672-122797-0019_7176-92135-0016__T2__7176-7176-92135-0016__HSIMV3__61-61-70970-0035__SIRm5,7176,672,13,1.0,1.0,1.0,1.0,1.0,-45.71416816990056,-22.15777512944772
672-122797-0020_5105-28233-0006__T2__5105-5105-28233-0006__HSIMV3__1320-1320-122612-0007__SIRm5,5105,672,10,0.0,0.0,0.0,0.0,0.0,55.788733138922225,20.99844441949763
672-122797-0021_4446-2273-0032__T2__4446-4446-2273-0032__HSIMV3__4992-4992-41797-0020__SIRm5,4446,672,13,0.07692307692307693,0.0,0.0,0.0,0.0,60.35757186386132,22.838176521304423
672-122797-0021_5683-32866-0005__T2__5683-5683-32866-0005__HSIMV3__237-237-134500-0039__SIRm5,5683,672,8,1.0,1.0,1.0,1.0,1.0,-61.433164790580456,-31.47746520803325
672-122797-0021_7021-79759-0003__T2__7021-7021-79759-0003__HSIMV3__5105-5105-28233-0000__SIRm5,7021,672,8,0.0,0.0,0.0,0.0,0.0,50.68015212721693,21.64744288476212
672-122797-0023_237-134500-0002__T2__237-237-134500-0002__HSIMV3__5683-5683-32879-0009__SIRm5,237,672,9,0.0,0.0,0.0,0.0,0.0,56.333015209475484,21.020474671858747
672-122797-0024_2300-131720-0022__T2__2300-2300-131720-0022__HSIMV3__61-61-70970-0004__SIRm5,2300,672,20,0.0,0.0,0.0,0.0,0.0,47.69797971443094,18.24176004197613
672-122797-0027_2830-3980-0006__T2__2830-2830-3980-0006__HSIMV3__1188-1188-133604-0039__SIRm5,2830,672,11,0.0,0.0,0.0,0.0,0.0,57.34795410544326,20.15060693611403
672-122797-0027_3575-170457-0050__T2__3575-3575-170457-0050__HSIMV3__237-237-134500-0036__SIRm5,3575,672,11,0.0,0.18181818181818182,0.0,0.0,0.0,50.087867311832426,20.477129581789377
672-122797-0029_3575-170457-0040__T2__3575-3575-170457-0040__HSIMV3__237-237-134500-0037__SIRm5,3575,672,12,0.0,0.0,0.0,0.0,0.0,57.664758131732164,21.606462384459835
672-122797-0029_4446-2273-0001__T2__4446-4446-2273-0001__HSIMV3__1284-1284-1180-0029__SIRm5,4446,672,8,0.0,0.0,0.0,0.0,0.0,47.88906208286021,18.80293087090564
672-122797-0029_6829-68769-0026__T2__6829-6829-68769-0026__HSIMV3__4446-4446-2275-0019__SIRm5,6829,672,8,0.0,0.0,0.0,0.0,0.0,41.503198103730796,16.057637093745782
672-122797-0030_6930-76324-0009__T2__6930-6930-76324-0009__HSIMV3__260-260-123288-0018__SIRm5,6930,672,5,0.0,0.0,0.0,0.0,0.0,47.47868436671189,17.974148146711727
672-122797-0031_1089-134686-0016__T2__1089-1089-134686-0016__HSIMV3__8230-8230-279154-0008__SIRm5,1089,672,6,0.0,0.0,0.0,0.0,0.0,41.02809165358548,16.758991927006953
672-122797-0031_4992-23283-0014__T2__4992-4992-23283-0014__HSIMV3__4446-4446-2275-0008__SIRm5,4992,672,7,0.0,0.0,0.0,0.0,0.0,51.1758048276273,18.400129782223576
672-122797-0031_908-31957-0013__T2__908-908-31957-0013__HSIMV3__7176-7176-92135-0015__SIRm5,908,672,11,0.0,0.0,0.0,0.0,0.0,42.36856168968796,19.380600580728338
672-122797-0032_3570-5696-0005__T2__3570-3570-5696-0005__HSIMV3__4507-4507-16021-0023__SIRm5,3570,672,23,0.0,0.0,0.0,0.0,0.0,59.36358421210061,23.29942116680278
672-122797-0034_4992-41806-0007__T2__4992-4992-41806-0007__HSIMV3__4446-4446-2271-0017__SIRm5,4992,672,21,0.0,0.09523809523809523,0.0,0.0,0.0,54.487684576777234,19.91260585585536
672-122797-0034_61-70968-0026__T2__61-61-70968-0026__HSIMV3__8230-8230-279154-0039__SIRm5,61,672,8,0.0,0.0,0.0,0.0,0.0,47.69830672213822,19.77107734798935
672-122797-0036_7176-92135-0020__T2__7176-7176-92135-0020__HSIMV3__61-61-70970-0024__SIRm5,7176,672,13,0.07692307692307693,0.0,0.0,0.0,0.0,48.02679498992263,19.00574901038283
672-122797-0038_4992-41797-0017__T2__4992-4992-41797-0017__HSIMV3__4446-4446-2273-0032__SIRm5,4992,672,14,0.0,0.0,0.0,0.0,0.0,59.561900635456574,21.331195104202376
672-122797-0038_5683-32866-0002__T2__5683-5683-32866-0002__HSIMV3__237-237-126133-0022__SIRm5,5683,672,9,0.0,0.0,0.0,0.0,0.0,59.007234706333776,23.838368029252933
672-122797-0039_5142-33396-0053__T2__5142-5142-33396-0053__HSIMV3__4970-4970-29095-0017__SIRm5,5142,672,6,0.0,0.0,0.0,0.0,0.0,38.38883149204226,15.941158958520084
672-122797-0039_7127-75946-0015__T2__7127-7127-75946-0015__HSIMV3__8455-8455-210777-0058__SIRm5,7127,672,13,0.0,0.07692307692307693,0.0,0.0,0.0,44.40886659210458,18.592250999682943
672-122797-0040_1089-134686-0036__T2__1089-1089-134686-0036__HSIMV3__8230-8230-279154-0003__SIRm5,1089,672,5,0.0,0.0,0.0,0.0,0.0,47.69756537812223,16.584631769518474
672-122797-0040_5683-32866-0024__T2__5683-5683-32866-0024__HSIMV3__237-237-126133-0024__SIRm5,5683,672,18,0.0,0.0,0.0,0.0,0.0,55.654263174347,21.182462103692785
672-122797-0041_7021-85628-0021__T2__7021-7021-85628-0021__HSIMV3__5105-5105-28240-0000__SIRm5,7021,672,9,0.0,0.0,0.0,0.0,0.0,49.187105823654555,20.294401674633605
672-122797-0044_7127-75946-0003__T2__7127-7127-75946-0003__HSIMV3__8455-8455-210777-0042__SIRm5,7127,672,8,0.0,0.125,0.0,0.0,0.0,44.53851214654463,18.04004307034215
672-122797-0045_2094-142345-0023__T2__2094-2094-142345-0023__HSIMV3__3729-3729-6852-0036__SIRm5,2094,672,9,0.0,0.0,0.0,0.0,0.0,52.17439224057175,21.122098581174345
672-122797-0046_237-126133-0011__T2__237-237-126133-0011__HSIMV3__5683-5683-32879-0007__SIRm5,237,672,12,0.0,0.0,0.0,0.16666666666666666,0.0,41.52966237034337,10.641019924474104
672-122797-0046_2961-961-0003__T2__2961-2961-961-0003__HSIMV3__3570-3570-5696-0004__SIRm5,2961,672,7,0.0,0.0,0.0,0.0,0.0,54.937862356494506,21.61133431349144
672-122797-0047_1284-1181-0014__T2__1284-1284-1181-0014__HSIMV3__4446-4446-2271-0009__SIRm5,1284,672,14,0.0,0.0,0.0,0.0,0.0,48.632832105246436,19.38514786823533
672-122797-0048_237-134500-0022__T2__237-237-134500-0022__HSIMV3__5683-5683-32879-0009__SIRm5,237,672,9,0.0,0.0,0.0,0.0,0.0,49.65748793546586,22.35015861396518
672-122797-0048_61-70968-0020__T2__61-61-70968-0020__HSIMV3__8230-8230-279154-0039__SIRm5,61,672,8,0.0,0.0,0.0,0.0,0.0,54.19387231538049,19.610626941782225
672-122797-0051_1580-141083-0016__T2__1580-1580-141083-0016__HSIMV3__237-237-126133-0016__SIRm5,1580,672,7,0.0,0.0,0.0,0.0,0.0,39.27042253193672,18.90530413687457
672-122797-0052_2961-960-0004__T2__2961-2961-960-0004__HSIMV3__3570-3570-5694-0005__SIRm5,2961,672,15,0.0,0.0,0.0,0.0,0.0,55.198074522269124,21.67053456492254
672-122797-0052_4507-16021-0018__T2__4507-4507-16021-0018__HSIMV3__3729-3729-6852-0019__SIRm5,4507,672,5,0.0,0.0,0.0,0.0,0.0,45.515802863040406,19.42767607084425
672-122797-0054_2830-3980-0038__T2__2830-2830-3980-0038__HSIMV3__1188-1188-133604-0038__SIRm5,2830,672,9,0.0,0.0,0.0,0.0,0.0,49.73335732339054,19.916909203918728
672-122797-0055_61-70970-0021__T2__61-61-70970-0021__HSIMV3__8230-8230-279154-0024__SIRm5,61,672,9,0.0,0.0,0.0,0.0,0.0,38.30978884071173,11.77839565534424
672-122797-0058_2300-131720-0029__T2__2300-2300-131720-0029__HSIMV3__61-61-70970-0028__SIRm5,2300,672,11,0.0,0.0,0.0,0.0,0.0,45.12116876280743,17.662853524302413
672-122797-0058_4992-23283-0019__T2__4992-4992-23283-0019__HSIMV3__4446-4446-2275-0029__SIRm5,4992,672,11,0.0,0.0,0.0,0.0,0.0,53.013698499428195,20.956879386376343
672-122797-0060_237-134500-0015__T2__237-237-134500-0015__HSIMV3__5683-5683-32866-0013__SIRm5,237,672,18,0.0,0.0,0.0,0.0,0.0,52.49155121660381,20.27367173271045
672-122797-0060_7729-102255-0035__T2__7729-7729-102255-0035__HSIMV3__7176-7176-88083-0026__SIRm5,7729,672,10,0.0,0.0,0.0,0.0,0.0,42.71040457137725,15.413400604666428
672-122797-0060_8455-210777-0038__T2__8455-8455-210777-0038__HSIMV3__1320-1320-122612-0003__SIRm5,8455,672,18,0.05555555555555555,0.0,0.0,0.0,0.0,43.323183364229955,19.658062791348176
672-122797-0061_260-123286-0018__T2__260-260-123286-0018__HSIMV3__672-672-122797-0034__SIRm5,260,672,9,0.1111111111111111,0.0,0.0,0.0,0.0,41.84207496421886,16.98102582233797
672-122797-0061_2961-961-0015__T2__2961-2961-961-0015__HSIMV3__3570-3570-5695-0008__SIRm5,2961,672,12,0.0,0.0,0.0,0.0,0.0,53.23651762192193,22.976498294098803
672-122797-0063_1320-122617-0025__T2__1320-1320-122617-0025__HSIMV3__5105-5105-28240-0019__SIRm5,1320,672,11,0.09090909090909091,0.09090909090909091,0.0,0.0,0.0,59.59610094574361,20.51409429315368
672-122797-0063_1580-141084-0002__T2__1580-1580-141084-0002__HSIMV3__237-237-126133-0006__SIRm5,1580,672,10,0.0,0.0,0.0,0.0,0.0,52.541559987299536,20.16966049361796
672-122797-0063_4446-2275-0042__T2__4446-4446-2275-0042__HSIMV3__4992-4992-41797-0011__SIRm5,4446,672,9,0.0,0.0,0.0,0.0,0.0,54.58020254254995,20.965409127802417
672-122797-0064_8455-210777-0057__T2__8455-8455-210777-0057__HSIMV3__1320-1320-122617-0013__SIRm5,8455,672,20,0.0,0.0,0.0,0.0,0.0,49.53620742619553,19.60125366561953
672-122797-0065_8230-279154-0004__T2__8230-8230-279154-0004__HSIMV3__61-61-70970-0038__SIRm5,8230,672,19,0.0,0.0,0.0,0.0,0.0,41.33056880906728,17.50644070526427
672-122797-0066_1221-135766-0004__T2__1221-1221-135766-0004__HSIMV3__4992-4992-41797-0020__SIRm5,1221,672,13,0.0,0.0,0.0,0.0,0.0,58.28191423616438,20.01088630988048
672-122797-0066_7127-75947-0035__T2__7127-7127-75947-0035__HSIMV3__8455-8455-210777-0049__SIRm5,7127,672,7,0.0,0.0,0.0,0.0,0.0,45.20350898708366,18.16198814940713
672-122797-0067_6930-81414-0007__T2__6930-6930-81414-0007__HSIMV3__260-260-123288-0004__SIRm5,6930,672,7,0.0,0.0,0.0,0.0,0.0,53.08148012838406,20.482702038225646
672-122797-0068_2094-142345-0056__T2__2094-2094-142345-0056__HSIMV3__3729-3729-6852-0036__SIRm5,2094,672,6,0.0,0.0,0.0,0.0,0.0,61.51462439447456,20.11507645517128
672-122797-0068_7127-75947-0024__T2__7127-7127-75947-0024__HSIMV3__8455-8455-210777-0058__SIRm5,7127,672,13,0.0,0.07692307692307693,0.0,0.0,0.0,46.96144947789258,18.70266056821045
672-122797-0069_6829-68771-0033__T2__6829-6829-68771-0033__HSIMV3__4446-4446-2275-0026__SIRm5,6829,672,9,0.0,0.0,0.0,0.0,0.0,47.34837031958995,19.88783986431723
672-122797-0070_3570-5695-0006__T2__3570-3570-5695-0006__HSIMV3__4507-4507-16021-0053__SIRm5,3570,672,13,0.0,0.0,0.0,0.0,0.0,61.24494455487389,23.43779882775169
672-122797-0071_4446-2271-0012__T2__4446-4446-2271-0012__HSIMV3__1284-1284-1181-0005__SIRm5,4446,672,6,0.5,0.6666666666666666,0.5,1.0,0.5,-12.877778698694044,-1.8292504151178488
672-122797-0072_237-134493-0011__T2__237-237-134493-0011__HSIMV3__5683-5683-32866-0016__SIRm5,237,672,8,0.0,0.0,0.0,0.0,0.0,55.519731771107686,21.54790129911392
672-122797-0072_4507-16021-0034__T2__4507-4507-16021-0034__HSIMV3__3729-3729-6852-0000__SIRm5,4507,672,21,0.0,0.0,0.0,0.0,0.0,52.25071761985281,18.76568431497416
672-122797-0073_1580-141084-0004__T2__1580-1580-141084-0004__HSIMV3__237-237-126133-0007__SIRm5,1580,672,16,0.0,0.125,0.0,0.0,0.0,49.27459434058891,21.202541084533983
672-122797-0073_7127-75946-0006__T2__7127-7127-75946-0006__HSIMV3__8455-8455-210777-0058__SIRm5,7127,672,13,0.0,0.07692307692307693,0.0,0.0,0.0,39.972935573395574,16.507157464083456
672-122797-0074_237-134493-0018__T2__237-237-134493-0018__HSIMV3__5683-5683-32866-0016__SIRm5,237,672,8,0.0,0.0,0.0,0.0,0.0,61.14349826237426,20.758609416442287
672-122797-0074_4507-16021-0057__T2__4507-4507-16021-0057__HSIMV3__3729-3729-6852-0026__SIRm5,4507,672,8,0.0,0.0,0.0,0.0,0.0,47.41724461352811,17.02957486061402
6829-68769-0000_7021-79740-0004__T2__7021-7021-79740-0004__HSIMV3__5105-5105-28240-0019__SIRm5,7021,6829,11,0.0,0.0,0.0,0.0,0.0,50.2869305539507,21.29215380952029
6829-68769-0001_7127-75946-0011__T2__7127-7127-75946-0011__HSIMV3__8455-8455-210777-0043__SIRm5,7127,6829,5,0.0,0.0,0.0,0.0,0.0,37.6222405688511,13.613198734533336
6829-68769-0001_7729-102255-0022__T2__7729-7729-102255-0022__HSIMV3__7176-7176-88083-0021__SIRm5,7729,6829,22,0.0,0.045454545454545456,0.0,0.0,0.0,44.79741337963169,16.88983141787664
6829-68769-0002_3729-6852-0016__T2__3729-3729-6852-0016__HSIMV3__4507-4507-16021-0043__SIRm5,3729,6829,6,0.0,0.0,0.0,0.0,0.0,45.51830042310892,17.95108519337514
6829-68769-0003_1188-133604-0040__T2__1188-1188-133604-0040__HSIMV3__2830-2830-3980-0018__SIRm5,1188,6829,5,0.0,0.0,0.0,0.0,0.0,41.21875322966031,17.263891003036303
6829-68769-0003_8463-294825-0006__T2__8463-8463-294825-0006__HSIMV3__4992-4992-41806-0017__SIRm5,8463,6829,20,0.0,0.0,0.0,0.0,0.0,50.34023327250348,18.64104820979883
6829-68769-0004_5105-28240-0009__T2__5105-5105-28240-0009__HSIMV3__1320-1320-122617-0013__SIRm5,5105,6829,20,0.0,0.0,0.0,0.0,0.0,53.20584154448611,20.641492109979204
6829-68769-0004_908-31957-0006__T2__908-908-31957-0006__HSIMV3__7176-7176-88083-0019__SIRm5,908,6829,10,0.0,0.0,0.0,0.0,0.0,43.09429361831816,17.95821656718931
6829-68769-0005_4970-29095-0036__T2__4970-4970-29095-0036__HSIMV3__6829-6829-68769-0036__SIRm5,4970,6829,9,0.0,0.0,0.0,0.0,0.0,57.04514713696286,20.66734946031788
6829-68769-0006_5683-32879-0020__T2__5683-5683-32879-0020__HSIMV3__237-237-134500-0033__SIRm5,5683,6829,11,0.0,0.0,0.0,0.0,0.0,60.436703721863324,22.40838282569833
6829-68769-0006_7176-88083-0005__T2__7176-7176-88083-0005__HSIMV3__61-61-70968-0047__SIRm5,7176,6829,8,0.0,0.0,0.0,0.0,0.0,34.12339143550043,14.835384036723816
6829-68769-0007_5142-33396-0031__T2__5142-5142-33396-0031__HSIMV3__4970-4970-29093-0013__SIRm5,5142,6829,14,0.0,0.0,0.0,0.0,0.0,45.763578532029804,19.94640910197049
6829-68769-0008_2961-961-0014__T2__2961-2961-961-0014__HSIMV3__3570-3570-5694-0008__SIRm5,2961,6829,17,0.0,0.0,0.0,0.0,0.0,51.178940379060954,21.057433523226607
6829-68769-0008_4992-41806-0004__T2__4992-4992-41806-0004__HSIMV3__4446-4446-2271-0003__SIRm5,4992,6829,6,0.0,0.0,0.0,0.0,0.0,51.97004440837162,20.05947329875026
6829-68769-0009_1188-133604-0033__T2__1188-1188-133604-0033__HSIMV3__2830-2830-3980-0037__SIRm5,1188,6829,11,0.0,0.0,0.0,0.0,0.0,46.90056688224868,19.673624496991582
6829-68769-0010_1320-122612-0013__T2__1320-1320-122612-0013__HSIMV3__5105-5105-28240-0019__SIRm5,1320,6829,11,0.09090909090909091,0.0,0.0,0.0,0.0,48.827613574244154,20.486554707542503
6829-68769-0011_3729-6852-0028__T2__3729-3729-6852-0028__HSIMV3__4507-4507-16021-0024__SIRm5,3729,6829,9,0.1111111111111111,0.2222222222222222,0.1111111111111111,0.0,0.0,52.29537786314297,21.141750690271373
6829-68769-0011_8463-287645-0003__T2__8463-8463-287645-0003__HSIMV3__4992-4992-41806-0001__SIRm5,8463,6829,14,0.0,0.0,0.0,0.0,0.0,33.1351323743674,18.79213210425001
6829-68769-0012_1284-1181-0001__T2__1284-1284-1181-0001__HSIMV3__4446-4446-2271-0004__SIRm5,1284,6829,21,0.0,0.0,0.0,0.0,0.0,54.493824521828046,20.19167147078251
6829-68769-0012_8463-294828-0001__T2__8463-8463-294828-0001__HSIMV3__4992-4992-41806-0003__SIRm5,8463,6829,17,0.0,0.0,0.0,0.0,0.0,51.00449076204533,19.931267883193627
6829-68769-0014_7127-75947-0032__T2__7127-7127-75947-0032__HSIMV3__8455-8455-210777-0042__SIRm5,7127,6829,7,0.0,0.0,0.0,0.0,0.0,41.602831340887164,17.524684053413047
6829-68769-0015_1580-141084-0011__T2__1580-1580-141084-0011__HSIMV3__237-237-126133-0022__SIRm5,1580,6829,9,0.0,0.0,0.0,0.0,0.0,41.8603362109306,17.402112722309486
6829-68769-0015_3575-170457-0050__T2__3575-3575-170457-0050__HSIMV3__237-237-134500-0036__SIRm5,3575,6829,11,0.0,0.18181818181818182,0.0,0.0,0.0,50.08965080478749,20.47841139785987
6829-68769-0015_4970-29095-0011__T2__4970-4970-29095-0011__HSIMV3__6829-6829-68769-0028__SIRm5,4970,6829,5,0.0,0.0,0.0,0.0,0.0,59.945464801835534,21.834354603992058
6829-68769-0020_3570-5696-0010__T2__3570-3570-5696-0010__HSIMV3__4507-4507-16021-0053__SIRm5,3570,6829,14,0.0,0.0,0.0,0.0,0.0,62.3469595529577,22.176895712676533
6829-68769-0020_8463-287645-0008__T2__8463-8463-287645-0008__HSIMV3__4992-4992-41797-0016__SIRm5,8463,6829,5,0.0,0.0,0.0,0.0,0.0,56.62407298573648,20.398994602495502
6829-68769-0021_1188-133604-0024__T2__1188-1188-133604-0024__HSIMV3__2830-2830-3979-0007__SIRm5,1188,6829,28,0.03571428571428571,0.07142857142857142,0.03571428571428571,0.0,0.0,50.013049371705115,19.29707606667357
6829-68769-0021_672-122797-0054__T2__672-672-122797-0054__HSIMV3__260-260-123288-0004__SIRm5,672,6829,7,0.0,0.0,0.0,0.0,0.0,35.822148919950834,15.429352658581314
6829-68769-0021_6930-81414-0024__T2__6930-6930-81414-0024__HSIMV3__260-260-123288-0006__SIRm5,6930,6829,8,0.0,0.0,0.0,0.0,0.0,44.359053618000104,18.109724737873105
6829-68769-0022_1580-141084-0031__T2__1580-1580-141084-0031__HSIMV3__237-237-126133-0017__SIRm5,1580,6829,11,0.0,0.0,0.0,0.0,0.0,45.65161965041461,18.434783597508968
6829-68769-0022_672-122797-0012__T2__672-672-122797-0012__HSIMV3__260-260-123286-0003__SIRm5,672,6829,13,0.07692307692307693,0.0,0.0,0.0,0.0,38.50708000386821,16.18348295369397
6829-68769-0022_672-122797-0064__T2__672-672-122797-0064__HSIMV3__260-260-123440-0002__SIRm5,672,6829,26,0.038461538461538464,0.11538461538461539,0.038461538461538464,0.0,0.0,43.39183653029848,17.44816020358811
6829-68769-0023_121-123859-0004__T2__121-121-123859-0004__HSIMV3__237-237-126133-0024__SIRm5,121,6829,17,1.0,1.0,1.0,1.0,1.0,-56.265869971901644,-31.89527787066953
6829-68769-0023_5105-28240-0012__T2__5105-5105-28240-0012__HSIMV3__1320-1320-122617-0014__SIRm5,5105,6829,8,0.0,0.0,0.0,0.0,0.0,51.54435041922236,18.7662409594642
6829-68769-0023_61-70970-0021__T2__61-61-70970-0021__HSIMV3__8230-8230-279154-0024__SIRm5,61,6829,9,0.0,0.0,0.0,0.0,0.0,38.30929512934861,11.778086742480353
6829-68769-0024_260-123286-0030__T2__260-260-123286-0030__HSIMV3__672-672-122797-0061__SIRm5,260,6829,14,0.0,0.0,0.0,0.0,0.0,59.29251119684725,20.07380532193271
6829-68769-0024_672-122797-0013__T2__672-672-122797-0013__HSIMV3__260-260-123288-0003__SIRm5,672,6829,16,0.875,0.8125,0.8125,0.9375,0.8125,-21.41063228064196,-6.180899796764933
6829-68769-0025_4992-23283-0018__T2__4992-4992-23283-0018__HSIMV3__4446-4446-2275-0029__SIRm5,4992,6829,11,0.0,0.0,0.0,0.0,0.0,50.90509589067858,18.19209595785676
6829-68769-0025_672-122797-0066__T2__672-672-122797-0066__HSIMV3__1320-1320-122617-0014__SIRm5,672,6829,8,0.0,0.0,0.0,0.0,0.0,44.139856852457925,18.70256556784908
6829-68769-0026_1284-1180-0030__T2__1284-1284-1180-0030__HSIMV3__4446-4446-2271-0004__SIRm5,1284,6829,23,0.0,0.043478260869565216,0.0,0.0,0.0,50.26202941473728,18.978437869211447
6829-68769-0026_61-70970-0028__T2__61-61-70970-0028__HSIMV3__7176-7176-88083-0010__SIRm5,61,6829,12,0.0,0.0,0.0,0.0,0.0,41.70277876346191,16.5663822720933
6829-68769-0027_1089-134686-0010__T2__1089-1089-134686-0010__HSIMV3__8230-8230-279154-0039__SIRm5,1089,6829,7,0.0,0.0,0.0,0.0,0.0,50.12899869766435,20.016569094659715
6829-68769-0027_1221-135766-0009__T2__1221-1221-135766-0009__HSIMV3__4992-4992-41797-0013__SIRm5,1221,6829,18,0.0,0.0,0.0,0.0,0.0,54.019360404834174,20.75978951402781
6829-68769-0028_4446-2273-0010__T2__4446-4446-2273-0010__HSIMV3__4992-4992-41797-0009__SIRm5,4446,6829,23,0.0,0.0,0.0,0.0,0.0,56.89428518059031,22.02296077153312
6829-68769-0028_5105-28240-0002__T2__5105-5105-28240-0002__HSIMV3__1320-1320-122617-0030__SIRm5,5105,6829,6,0.0,0.0,0.0,0.0,0.0,41.56793518381601,17.356223070948552
6829-68769-0030_2094-142345-0037__T2__2094-2094-142345-0037__HSIMV3__3729-3729-6852-0041__SIRm5,2094,6829,19,0.0,0.0,0.0,0.0,0.0,49.886899782373405,19.94027375122375
6829-68769-0031_1221-135766-0009__T2__1221-1221-135766-0009__HSIMV3__4992-4992-41797-0013__SIRm5,1221,6829,18,0.0,0.0,0.0,0.0,0.0,54.02057663797672,20.76016864160884
6829-68769-0031_260-123288-0000__T2__260-260-123288-0000__HSIMV3__672-672-122797-0029__SIRm5,260,6829,5,0.0,0.0,0.0,0.0,0.0,43.63831184630196,23.06127629903508
6829-68769-0031_260-123440-0014__T2__260-260-123440-0014__HSIMV3__6930-6930-81414-0015__SIRm5,260,6829,6,0.0,0.0,0.0,0.0,0.0,55.5676817197428,21.436546680268183
6829-68769-0032_1995-1826-0005__T2__1995-1995-1826-0005__HSIMV3__2094-2094-142345-0023__SIRm5,1995,6829,9,0.0,0.0,0.0,0.0,0.0,49.83406471723598,22.399624599782967
6829-68769-0032_2830-3980-0063__T2__2830-2830-3980-0063__HSIMV3__1188-1188-133604-0038__SIRm5,2830,6829,9,0.0,0.0,0.0,0.0,0.0,51.30218328242873,19.56796535476986
6829-68769-0032_8224-274384-0000__T2__8224-8224-274384-0000__HSIMV3__8455-8455-210777-0028__SIRm5,8224,6829,14,0.14285714285714285,0.14285714285714285,0.07142857142857142,0.0,0.0,36.45752836994608,18.143385929810123
6829-68769-0033_5142-36377-0010__T2__5142-5142-36377-0010__HSIMV3__4970-4970-29093-0014__SIRm5,5142,6829,7,0.0,0.0,0.0,0.14285714285714285,0.0,31.02132105270393,7.574365354433844
6829-68769-0034_5683-32866-0006__T2__5683-5683-32866-0006__HSIMV3__237-237-134500-0040__SIRm5,5683,6829,7,1.0,1.0,1.0,1.0,1.0,-41.208364486429396,-18.523771330568977
6829-68769-0036_7127-75946-0012__T2__7127-7127-75946-0012__HSIMV3__8455-8455-210777-0055__SIRm5,7127,6829,18,0.05555555555555555,0.1111111111111111,0.05555555555555555,0.0,0.0,44.18681567693877,17.47125095880111
6829-68769-0039_2300-131720-0037__T2__2300-2300-131720-0037__HSIMV3__61-61-70970-0025__SIRm5,2300,6829,13,0.0,0.0,0.0,0.0,0.0,46.57730892186177,18.222472233177847
6829-68769-0039_5142-33396-0009__T2__5142-5142-33396-0009__HSIMV3__4970-4970-29093-0015__SIRm5,5142,6829,5,0.0,0.0,0.0,0.0,0.0,41.96779887033344,16.987824265834583
6829-68769-0039_61-70968-0055__T2__61-61-70968-0055__HSIMV3__7176-7176-88083-0016__SIRm5,61,6829,6,0.0,0.0,0.0,0.0,0.0,43.64364596489611,15.298439316587778
6829-68769-0040_237-126133-0007__T2__237-237-126133-0007__HSIMV3__5683-5683-32865-0009__SIRm5,237,6829,16,0.0,0.0,0.0,0.0,0.0,53.10313494498159,22.1884307924058
6829-68769-0040_6930-75918-0002__T2__6930-6930-75918-0002__HSIMV3__260-260-123288-0006__SIRm5,6930,6829,8,0.0,0.0,0.0,0.0,0.0,42.37123441298734,17.437614181537796
6829-68769-0044_1320-122612-0008__T2__1320-1320-122612-0008__HSIMV3__5105-5105-28240-0024__SIRm5,1320,6829,14,0.0,0.0,0.0,0.0,0.0,52.70381816256088,21.09264308560068
6829-68769-0044_7021-79740-0009__T2__7021-7021-79740-0009__HSIMV3__5105-5105-28240-0002__SIRm5,7021,6829,6,0.0,0.16666666666666666,0.0,0.0,0.0,35.13902089274625,16.959941979188716
6829-68769-0048_1995-1837-0026__T2__1995-1995-1837-0026__HSIMV3__2094-2094-142345-0034__SIRm5,1995,6829,14,0.0,0.0,0.0,0.0,0.0,54.206246515945814,20.263655396032696
6829-68769-0048_3575-170457-0009__T2__3575-3575-170457-0009__HSIMV3__237-237-134500-0036__SIRm5,3575,6829,12,0.0,0.0,0.0,0.0,0.0,52.868052549423965,16.791979223975456
6829-68769-0049_1284-1181-0001__T2__1284-1284-1181-0001__HSIMV3__1580-1580-141083-0029__SIRm5,1284,6829,19,0.0,0.0,0.0,0.0,0.0,56.63391770040939,22.07185919408431
6829-68769-0049_1320-122617-0001__T2__1320-1320-122617-0001__HSIMV3__5105-5105-28240-0006__SIRm5,1320,6829,26,0.0,0.07692307692307693,0.0,0.0,0.0,52.81389932340604,21.310124210199348
6829-68769-0049_260-123286-0028__T2__260-260-123286-0028__HSIMV3__672-672-122797-0061__SIRm5,260,6829,13,0.0,0.0,0.0,0.0,0.0,48.31505206739561,19.36777007548753
6829-68769-0049_4992-41806-0001__T2__4992-4992-41806-0001__HSIMV3__4446-4446-2271-0009__SIRm5,4992,6829,14,0.0,0.0,0.0,0.0,0.0,50.71631305056568,20.149366716749164
6829-68769-0051_4446-2275-0026__T2__4446-4446-2275-0026__HSIMV3__1284-1284-1180-0029__SIRm5,4446,6829,9,0.0,0.0,0.0,0.0,0.0,42.22837084215799,16.897132805097687
6829-68769-0051_61-70968-0024__T2__61-61-70968-0024__HSIMV3__8230-8230-279154-0024__SIRm5,61,6829,11,0.0,0.0,0.0,0.0,0.0,44.818462118859806,18.66990681158373
6829-68769-0053_1221-135766-0002__T2__1221-1221-135766-0002__HSIMV3__4992-4992-23283-0008__SIRm5,1221,6829,8,0.0,0.0,0.0,0.0,0.0,44.09639960707261,18.144716476153768
6829-68769-0053_1320-122617-0011__T2__1320-1320-122617-0011__HSIMV3__5105-5105-28233-0008__SIRm5,1320,6829,18,0.0,0.0,0.0,0.0,0.0,53.296062121761196,20.466973685914144
6829-68769-0053_1580-141084-0002__T2__1580-1580-141084-0002__HSIMV3__237-237-126133-0006__SIRm5,1580,6829,10,0.0,0.0,0.0,0.0,0.0,52.521180827571115,20.168691987396286
6829-68769-0053_908-157963-0005__T2__908-908-157963-0005__HSIMV3__7176-7176-88083-0010__SIRm5,908,6829,12,0.08333333333333333,0.0,0.0,0.0,0.0,30.84061905007039,17.800920322690754
6829-68771-0001_2094-142345-0027__T2__2094-2094-142345-0027__HSIMV3__3729-3729-6852-0014__SIRm5,2094,6829,10,0.0,0.0,0.0,0.0,0.0,47.88892658281386,19.490873006865623
6829-68771-0002_5142-33396-0048__T2__5142-5142-33396-0048__HSIMV3__4970-4970-29095-0017__SIRm5,5142,6829,6,0.0,0.0,0.0,0.0,0.0,51.35636885818889,20.485189062494047
6829-68771-0002_61-70970-0040__T2__61-61-70970-0040__HSIMV3__8230-8230-279154-0032__SIRm5,61,6829,6,0.0,0.0,0.0,0.0,0.0,40.88296345069062,15.64975919281907
6829-68771-0003_1089-134686-0028__T2__1089-1089-134686-0028__HSIMV3__8230-8230-279154-0020__SIRm5,1089,6829,14,0.0,0.0,0.0,0.0,0.0,55.415471679715736,20.151662706746787
6829-68771-0004_121-127105-0029__T2__121-121-127105-0029__HSIMV3__237-237-126133-0013__SIRm5,121,6829,12,0.0,0.16666666666666666,0.0,0.0,0.0,51.83919387160271,22.055634151505
6829-68771-0004_2961-961-0000__T2__2961-2961-961-0000__HSIMV3__3570-3570-5696-0004__SIRm5,2961,6829,8,0.0,0.0,0.0,0.0,0.0,55.44896504847494,21.312058055781065
6829-68771-0004_672-122797-0047__T2__672-672-122797-0047__HSIMV3__260-260-123288-0009__SIRm5,672,6829,5,0.0,0.0,0.0,0.0,0.0,42.792908489926866,19.82831219184713
6829-68771-0006_3729-6852-0027__T2__3729-3729-6852-0027__HSIMV3__4507-4507-16021-0058__SIRm5,3729,6829,5,0.0,0.0,0.0,0.0,0.0,50.26148215481821,18.982157803686896
6829-68771-0006_5105-28241-0016__T2__5105-5105-28241-0016__HSIMV3__1320-1320-122612-0015__SIRm5,5105,6829,11,0.0,0.0,0.0,0.0,0.0,47.1407289841569,20.144952054092965
6829-68771-0006_8463-294828-0016__T2__8463-8463-294828-0016__HSIMV3__4992-4992-23283-0002__SIRm5,8463,6829,5,0.0,0.0,0.0,0.0,0.0,40.010880630751515,18.592761736774648
6829-68771-0008_7021-85628-0023__T2__7021-7021-85628-0023__HSIMV3__5105-5105-28240-0015__SIRm5,7021,6829,16,0.0,0.0,0.0,0.0,0.0,51.972815560592906,20.4006523438466
6829-68771-0008_7127-75947-0033__T2__7127-7127-75947-0033__HSIMV3__8455-8455-210777-0069__SIRm5,7127,6829,16,0.0,0.0,0.0,0.0,0.0,42.946064704308775,17.39860055049138
6829-68771-0008_8555-284447-0022__T2__8555-8555-284447-0022__HSIMV3__4970-4970-29093-0008__SIRm5,8555,6829,6,0.0,0.0,0.0,0.0,0.0,33.940389260114536,17.26931219016033
6829-68771-0009_1089-134691-0010__T2__1089-1089-134691-0010__HSIMV3__8230-8230-279154-0003__SIRm5,1089,6829,5,0.0,0.0,0.0,0.0,0.0,41.841541269308564,15.74519292349862
6829-68771-0009_2830-3980-0025__T2__2830-2830-3980-0025__HSIMV3__1188-1188-133604-0025__SIRm5,2830,6829,13,0.0,0.0,0.0,0.0,0.0,53.667464150612815,20.52042314029149
6829-68771-0010_1995-1837-0010__T2__1995-1995-1837-0010__HSIMV3__2094-2094-142345-0035__SIRm5,1995,6829,5,0.0,0.0,0.0,0.0,0.0,53.606449343841575,23.001832397501065
6829-68771-0012_7127-75947-0038__T2__7127-7127-75947-0038__HSIMV3__8455-8455-210777-0057__SIRm5,7127,6829,20,0.0,0.05,0.0,0.0,0.0,42.11038954559292,17.052834893027743
6829-68771-0013_6930-76324-0005__T2__6930-6930-76324-0005__HSIMV3__260-260-123288-0006__SIRm5,6930,6829,8,0.0,0.0,0.0,0.0,0.0,39.321773203102616,16.279604864102815
6829-68771-0013_8224-274384-0006__T2__8224-8224-274384-0006__HSIMV3__8455-8455-210777-0011__SIRm5,8224,6829,12,0.0,0.0,0.0,0.0,0.0,46.91352790905145,18.697697699029888
6829-68771-0013_8455-210777-0011__T2__8455-8455-210777-0011__HSIMV3__1320-1320-122617-0025__SIRm5,8455,6829,11,0.0,0.0,0.0,0.0,0.0,52.7409270502466,20.36258630966819
6829-68771-0014_260-123288-0004__T2__260-260-123288-0004__HSIMV3__6930-6930-76324-0006__SIRm5,260,6829,7,0.2857142857142857,0.0,0.0,0.0,0.0,48.60319905014302,19.39733347625221
6829-68771-0014_2830-3980-0025__T2__2830-2830-3980-0025__HSIMV3__1188-1188-133604-0025__SIRm5,2830,6829,13,0.0,0.0,0.0,0.0,0.0,53.6652632731935,20.51873694740479
6829-68771-0014_4446-2273-0027__T2__4446-4446-2273-0027__HSIMV3__1284-1284-1180-0014__SIRm5,4446,6829,6,0.0,0.0,0.0,0.0,0.0,54.78206030993292,20.89744547692239
6829-68771-0015_8230-279154-0012__T2__8230-8230-279154-0012__HSIMV3__1089-1089-134686-0035__SIRm5,8230,6829,5,0.0,0.0,0.0,0.0,0.0,40.60962282730255,15.05714036466754
6829-68771-0015_908-157963-0029__T2__908-908-157963-0029__HSIMV3__7176-7176-88083-0017__SIRm5,908,6829,6,1.0,1.0,1.0,1.0,1.0,-43.0564591107672,-20.800470416830404
6829-68771-0016_237-134500-0036__T2__237-237-134500-0036__HSIMV3__5683-5683-32865-0007__SIRm5,237,6829,11,0.0,0.0,0.0,0.0,0.0,56.3254925426651,21.834688732243343
6829-68771-0016_6930-76324-0003__T2__6930-6930-76324-0003__HSIMV3__260-260-123288-0018__SIRm5,6930,6829,5,0.0,0.0,0.0,0.0,0.0,44.09702599355122,18.234548099724663
6829-68771-0016_8224-274384-0009__T2__8224-8224-274384-0009__HSIMV3__8455-8455-210777-0042__SIRm5,8224,6829,8,0.0,0.0,0.0,0.0,0.0,42.93263363315475,18.8133728014202
6829-68771-0018_7021-79740-0006__T2__7021-7021-79740-0006__HSIMV3__5105-5105-28240-0004__SIRm5,7021,6829,10,0.1,0.1,0.1,0.0,0.0,50.835981050140866,19.3357465659166
6829-68771-0019_4992-41806-0001__T2__4992-4992-41806-0001__HSIMV3__4446-4446-2271-0009__SIRm5,4992,6829,14,0.0,0.0,0.0,0.0,0.0,50.65379347430946,20.147479894474746
6829-68771-0019_5105-28240-0015__T2__5105-5105-28240-0015__HSIMV3__1320-1320-122617-0020__SIRm5,5105,6829,16,0.0,0.0,0.0,0.0,0.0,49.54023098430331,19.83997553280723
6829-68771-0019_672-122797-0000__T2__672-672-122797-0000__HSIMV3__260-260-123440-0014__SIRm5,672,6829,6,0.0,0.0,0.0,0.0,0.0,60.03097501074737,20.51970326956766
6829-68771-0019_7176-92135-0035__T2__7176-7176-92135-0035__HSIMV3__61-61-70970-0033__SIRm5,7176,6829,5,1.0,1.0,1.0,1.0,1.0,-23.710385851946107,-7.610118845487548
6829-68771-0022_1995-1837-0018__T2__1995-1995-1837-0018__HSIMV3__2094-2094-142345-0033__SIRm5,1995,6829,24,0.041666666666666664,0.0,0.0,0.0,0.0,50.32034134600324,21.2286057653504
6829-68771-0022_3570-5694-0000__T2__3570-3570-5694-0000__HSIMV3__4507-4507-16021-0023__SIRm5,3570,6829,23,0.0,0.0,0.0,0.0,0.0,58.83057563589672,22.991165562849403
6829-68771-0023_260-123288-0026__T2__260-260-123288-0026__HSIMV3__672-672-122797-0064__SIRm5,260,6829,27,0.07407407407407407,0.037037037037037035,0.037037037037037035,0.0,0.0,53.12730484056009,19.596451616463423
6829-68771-0025_4970-29095-0022__T2__4970-4970-29095-0022__HSIMV3__6829-6829-68769-0011__SIRm5,4970,6829,8,0.0,0.0,0.0,0.0,0.0,42.588762271400356,17.830244481053235
6829-68771-0025_4992-41806-0004__T2__4992-4992-41806-0004__HSIMV3__4446-4446-2271-0003__SIRm5,4992,6829,6,0.0,0.0,0.0,0.0,0.0,51.94518648866141,20.062257604877004
6829-68771-0027_237-126133-0017__T2__237-237-126133-0017__HSIMV3__5683-5683-32865-0011__SIRm5,237,6829,11,0.0,0.0,0.0,0.0,0.0,52.09152567549643,20.932000169408887
6829-68771-0027_2961-960-0012__T2__2961-2961-960-0012__HSIMV3__3570-3570-5695-0008__SIRm5,2961,6829,12,0.0,0.0,0.0,0.0,0.0,47.54992829614911,22.46201787307809
6829-68771-0027_3570-5696-0010__T2__3570-3570-5696-0010__HSIMV3__4507-4507-16021-0053__SIRm5,3570,6829,14,0.0,0.0,0.0,0.0,0.0,62.35682695037229,22.17653089736833
6829-68771-0028_2300-131720-0007__T2__2300-2300-131720-0007__HSIMV3__61-61-70970-0004__SIRm5,2300,6829,20,0.05,0.0,0.0,0.0,0.0,48.02170801866982,18.831970202170304
6829-68771-0029_121-127105-0003__T2__121-121-127105-0003__HSIMV3__237-237-134493-0001__SIRm5,121,6829,13,0.15384615384615385,0.15384615384615385,0.07692307692307693,0.0,0.0,28.415772240661628,14.110898084426251
6829-68771-0029_4992-41797-0011__T2__4992-4992-41797-0011__HSIMV3__4446-4446-2275-0042__SIRm5,4992,6829,9,0.0,0.0,0.0,0.0,0.0,63.26500388423229,21.437948733979624
6829-68771-0030_260-123286-0001__T2__260-260-123286-0001__HSIMV3__672-672-122797-0029__SIRm5,260,6829,5,0.0,0.0,0.0,0.0,0.0,51.142831610328145,20.51020567164093
6829-68771-0032_1995-1837-0014__T2__1995-1995-1837-0014__HSIMV3__2094-2094-142345-0033__SIRm5,1995,6829,23,0.043478260869565216,0.0,0.0,0.0,0.0,54.84099772524112,23.54635267709656
6829-68771-0032_7729-102255-0019__T2__7729-7729-102255-0019__HSIMV3__7176-7176-88083-0022__SIRm5,7729,6829,16,0.0,0.0,0.0,0.0,0.0,46.66563657435536,17.69094028826718
6829-68771-0033_2094-142345-0045__T2__2094-2094-142345-0045__HSIMV3__3729-3729-6852-0027__SIRm5,2094,6829,5,0.0,0.0,0.0,0.0,0.0,65.62435505941173,21.69445587415874
6829-68771-0033_4507-16021-0059__T2__4507-4507-16021-0059__HSIMV3__3729-3729-6852-0037__SIRm5,4507,6829,9,0.0,0.0,0.0,0.0,0.0,48.45403315151845,21.38439029456411
6829-68771-0036_7729-102255-0039__T2__7729-7729-102255-0039__HSIMV3__7176-7176-88083-0010__SIRm5,7729,6829,12,0.0,0.0,0.0,0.0,0.0,39.99463556900542,16.673041950339766
6829-68771-0036_908-157963-0013__T2__908-908-157963-0013__HSIMV3__7176-7176-92135-0008__SIRm5,908,6829,7,1.0,1.0,1.0,1.0,1.0,-40.17244234128945,-17.86620887174204
6930-75918-0000_1089-134686-0037__T2__1089-1089-134686-0037__HSIMV3__8230-8230-279154-0039__SIRm5,1089,6930,8,0.0,0.0,0.0,0.0,0.0,45.047709821195745,19.46665241449299
6930-75918-0000_5105-28241-0000__T2__5105-5105-28241-0000__HSIMV3__1320-1320-122612-0013__SIRm5,5105,6930,11,0.0,0.0,0.0,0.0,0.0,52.697568160766174,20.57891903849292
6930-75918-0000_8463-294825-0008__T2__8463-8463-294825-0008__HSIMV3__4992-4992-23283-0007__SIRm5,8463,6930,6,0.0,0.0,0.0,0.0,0.0,47.72791318883631,18.44333979053128
6930-75918-0001_3570-5694-0011__T2__3570-3570-5694-0011__HSIMV3__4507-4507-16021-0009__SIRm5,3570,6930,21,0.047619047619047616,0.0,0.0,0.0,0.0,62.96962381337262,24.42263482014451
6930-75918-0002_2094-142345-0015__T2__2094-2094-142345-0015__HSIMV3__3729-3729-6852-0042__SIRm5,2094,6930,29,0.0,0.0,0.0,0.0,0.0,55.2294105676974,19.22108782502448
6930-75918-0004_4446-2273-0035__T2__4446-4446-2273-0035__HSIMV3__1284-1284-1180-0028__SIRm5,4446,6930,11,0.0,0.0,0.0,0.0,0.0,54.667771050990886,22.57837566245404
6930-75918-0004_8224-274384-0006__T2__8224-8224-274384-0006__HSIMV3__8455-8455-210777-0011__SIRm5,8224,6930,12,0.0,0.0,0.0,0.0,0.0,46.91013083326951,18.692042893335845
6930-75918-0005_237-134493-0004__T2__237-237-134493-0004__HSIMV3__5683-5683-32865-0013__SIRm5,237,6930,11,0.0,0.09090909090909091,0.0,0.0,0.0,58.51155864304422,23.738872373749388
6930-75918-0006_1580-141083-0033__T2__1580-1580-141083-0033__HSIMV3__237-237-134493-0001__SIRm5,1580,6930,13,0.0,0.0,0.0,0.0,0.0,43.73773370725053,19.32073024521433
6930-75918-0007_1089-134686-0022__T2__1089-1089-134686-0022__HSIMV3__8230-8230-279154-0027__SIRm5,1089,6930,21,0.0,0.0,0.0,0.0,0.0,46.11005838578957,18.830941032852145
6930-75918-0007_1089-134691-0022__T2__1089-1089-134691-0022__HSIMV3__8230-8230-279154-0023__SIRm5,1089,6930,10,0.0,0.0,0.0,0.0,0.0,49.39663908183382,20.62315550526763
6930-75918-0007_61-70968-0054__T2__61-61-70968-0054__HSIMV3__8230-8230-279154-0015__SIRm5,61,6930,14,0.07142857142857142,0.0,0.0,0.0,0.0,40.98394345601038,17.021585041322787
6930-75918-0007_61-70970-0026__T2__61-61-70970-0026__HSIMV3__8230-8230-279154-0024__SIRm5,61,6930,9,0.0,0.0,0.0,0.0,0.0,52.50291959769123,19.551965746968577
6930-75918-0008_260-123288-0006__T2__260-260-123288-0006__HSIMV3__672-672-122797-0066__SIRm5,260,6930,8,0.0,0.125,0.0,0.0,0.0,48.35284205077133,16.324654768736693
6930-75918-0008_4970-29093-0013__T2__4970-4970-29093-0013__HSIMV3__6829-6829-68771-0025__SIRm5,4970,6930,14,0.0,0.0,0.0,0.0,0.0,37.00038284415409,18.092709226985733
6930-75918-0008_672-122797-0056__T2__672-672-122797-0056__HSIMV3__1320-1320-122617-0015__SIRm5,672,6930,9,0.0,0.0,0.0,0.0,0.0,41.679525692868616,18.34036973646949
6930-75918-0009_260-123288-0017__T2__260-260-123288-0017__HSIMV3__672-672-122797-0034__SIRm5,260,6930,9,0.0,0.0,0.0,0.0,0.0,51.677250872374835,21.02735702234312
6930-75918-0010_6829-68769-0018__T2__6829-6829-68769-0018__HSIMV3__4970-4970-29095-0032__SIRm5,6829,6930,12,0.0,0.0,0.0,0.0,0.0,49.219582176782446,20.70847845901688
6930-75918-0011_121-121726-0003__T2__121-121-121726-0003__HSIMV3__237-237-134500-0036__SIRm5,121,6930,12,0.08333333333333333,1.0,0.08333333333333333,0.0,0.0,54.63927626653094,22.07286101675836
6930-75918-0011_1580-141083-0042__T2__1580-1580-141083-0042__HSIMV3__237-237-126133-0017__SIRm5,1580,6930,10,0.0,0.0,0.0,0.0,0.0,58.21224439514195,21.85585450052723
6930-75918-0014_908-157963-0004__T2__908-908-157963-0004__HSIMV3__7176-7176-92135-0000__SIRm5,908,6930,26,0.9615384615384616,0.9230769230769231,0.9230769230769231,1.0,0.9230769230769231,-37.101170482022255,-15.441935713759351
6930-75918-0016_4446-2271-0020__T2__4446-4446-2271-0020__HSIMV3__1284-1284-1181-0014__SIRm5,4446,6930,14,1.0,1.0,1.0,1.0,1.0,-55.586131199774904,-29.166829941850388
6930-75918-0016_7021-85628-0013__T2__7021-7021-85628-0013__HSIMV3__5105-5105-28240-0009__SIRm5,7021,6930,22,0.0,0.0,0.0,0.0,0.0,52.68154082434569,20.24459291492132
6930-75918-0017_4507-16021-0054__T2__4507-4507-16021-0054__HSIMV3__3729-3729-6852-0016__SIRm5,4507,6930,7,0.0,0.0,0.0,0.0,0.0,48.880454493413744,19.60249126732557
6930-75918-0017_8230-279154-0028__T2__8230-8230-279154-0028__HSIMV3__61-61-70970-0004__SIRm5,8230,6930,20,0.0,0.0,0.0,0.0,0.0,43.13283843775226,17.92858835700909
6930-75918-0018_4446-2275-0000__T2__4446-4446-2275-0000__HSIMV3__1284-1284-1180-0009__SIRm5,4446,6930,11,0.0,0.0,0.0,0.0,0.0,45.14719922933298,18.17866059061093
6930-75918-0019_1580-141083-0033__T2__1580-1580-141083-0033__HSIMV3__237-237-134493-0001__SIRm5,1580,6930,13,0.0,0.0,0.0,0.0,0.0,43.742587413366294,19.321361086784904
6930-76324-0000_1580-141083-0042__T2__1580-1580-141083-0042__HSIMV3__237-237-126133-0017__SIRm5,1580,6930,10,0.0,0.0,0.0,0.0,0.0,58.21915458688843,21.855969850617328
6930-76324-0000_7127-75946-0002__T2__7127-7127-75946-0002__HSIMV3__8455-8455-210777-0051__SIRm5,7127,6930,25,0.0,0.0,0.0,0.0,0.0,43.40370886234511,17.55167882598926
6930-76324-0001_1580-141083-0050__T2__1580-1580-141083-0050__HSIMV3__237-237-134500-0034__SIRm5,1580,6930,5,0.0,0.0,0.0,0.0,0.0,42.07844536073846,17.965765999003985
6930-76324-0001_61-70970-0040__T2__61-61-70970-0040__HSIMV3__7176-7176-88083-0009__SIRm5,61,6930,7,0.0,0.0,0.0,0.0,0.0,45.425047456811214,18.20282459660197
6930-76324-0001_7729-102255-0000__T2__7729-7729-102255-0000__HSIMV3__7176-7176-88083-0008__SIRm5,7729,6930,5,0.0,0.0,0.0,0.0,0.0,33.20126723780158,16.411486055301427
6930-76324-0001_8455-210777-0030__T2__8455-8455-210777-0030__HSIMV3__1320-1320-122617-0036__SIRm5,8455,6930,23,0.08695652173913043,0.0,0.0,0.0,0.0,48.49936138761977,20.738893462946105
6930-76324-0003_3575-170457-0040__T2__3575-3575-170457-0040__HSIMV3__237-237-134500-0037__SIRm5,3575,6930,12,0.0,0.0,0.0,0.0,0.0,57.65687339352122,21.6074875334737
6930-76324-0004_3729-6852-0000__T2__3729-3729-6852-0000__HSIMV3__4507-4507-16021-0001__SIRm5,3729,6930,21,0.0,0.047619047619047616,0.0,0.0,0.0,59.74282224746437,21.87780786291884
6930-76324-0004_61-70968-0047__T2__61-61-70968-0047__HSIMV3__8230-8230-279154-0039__SIRm5,61,6930,8,0.0,0.0,0.0,0.0,0.0,48.765863016480026,18.61700421795864
6930-76324-0005_4507-16021-0057__T2__4507-4507-16021-0057__HSIMV3__3729-3729-6852-0026__SIRm5,4507,6930,8,0.0,0.0,0.0,0.0,0.0,47.40547051004149,17.028614171633123
6930-76324-0006_5683-32865-0016__T2__5683-5683-32865-0016__HSIMV3__1221-1221-135767-0008__SIRm5,5683,6930,5,0.0,0.0,0.0,0.0,0.0,45.144501314888345,20.29739210630985
6930-76324-0006_7021-79740-0013__T2__7021-7021-79740-0013__HSIMV3__5105-5105-28240-0005__SIRm5,7021,6930,13,0.07692307692307693,0.0,0.0,0.0,0.0,53.75049443877808,20.16356286529959
6930-76324-0006_7176-92135-0007__T2__7176-7176-92135-0007__HSIMV3__61-61-70970-0033__SIRm5,7176,6930,5,0.0,0.0,0.0,0.0,0.0,25.191128573310245,11.356379539967469
6930-76324-0008_5105-28233-0004__T2__5105-5105-28233-0004__HSIMV3__1320-1320-122617-0014__SIRm5,5105,6930,8,0.0,0.0,0.0,0.0,0.0,49.71799931754873,19.0660361352855
6930-76324-0009_1089-134686-0034__T2__1089-1089-134686-0034__HSIMV3__8230-8230-279154-0022__SIRm5,1089,6930,10,0.0,0.0,0.0,0.0,0.0,40.68533386317889,18.64298956280481
6930-76324-0011_1995-1837-0007__T2__1995-1995-1837-0007__HSIMV3__2094-2094-142345-0034__SIRm5,1995,6930,14,0.0,0.0,0.0,0.0,0.0,51.1738660944398,23.024888649977505
6930-76324-0012_2300-131720-0027__T2__2300-2300-131720-0027__HSIMV3__61-61-70970-0015__SIRm5,2300,6930,15,0.0,0.0,0.0,0.0,0.0,48.636485965865056,17.17388836815129
6930-76324-0012_8463-294828-0034__T2__8463-8463-294828-0034__HSIMV3__4992-4992-41806-0005__SIRm5,8463,6930,6,0.0,0.0,0.0,0.0,0.0,44.09443288234325,18.907875560691643
6930-76324-0013_5142-33396-0031__T2__5142-5142-33396-0031__HSIMV3__4970-4970-29093-0013__SIRm5,5142,6930,14,0.0,0.0,0.0,0.0,0.0,46.065459139677955,19.95993900985565
6930-76324-0014_1284-1181-0012__T2__1284-1284-1181-0012__HSIMV3__4446-4446-2271-0009__SIRm5,1284,6930,14,0.0,0.0,0.0,0.0,0.0,52.04424954418959,18.68188087008033
6930-76324-0014_1995-1837-0024__T2__1995-1995-1837-0024__HSIMV3__2094-2094-142345-0051__SIRm5,1995,6930,9,0.0,0.0,0.0,0.0,0.0,57.35828437389513,23.886556715825343
6930-76324-0015_5105-28241-0005__T2__5105-5105-28241-0005__HSIMV3__1320-1320-122612-0008__SIRm5,5105,6930,14,0.0,0.0,0.0,0.0,0.0,53.49797291963667,20.79850681924592
6930-76324-0015_6829-68769-0052__T2__6829-6829-68769-0052__HSIMV3__4970-4970-29095-0030__SIRm5,6829,6930,8,0.0,0.0,0.0,0.0,0.0,55.16793797841871,20.995851571623163
6930-76324-0016_4970-29095-0018__T2__4970-4970-29095-0018__HSIMV3__6829-6829-68771-0012__SIRm5,4970,6930,23,0.0,0.08695652173913043,0.0,0.0,0.0,45.939725080850565,18.90412336255496
6930-76324-0017_1089-134691-0001__T2__1089-1089-134691-0001__HSIMV3__8230-8230-279154-0022__SIRm5,1089,6930,9,0.0,0.0,0.0,0.0,0.0,46.91376095087901,18.460822050831723
6930-76324-0017_4077-13751-0004__T2__4077-4077-13751-0004__HSIMV3__8455-8455-210777-0022__SIRm5,4077,6930,31,0.0,0.03225806451612903,0.0,0.0,0.0,42.67566703573506,17.821584000373562
6930-76324-0017_4446-2275-0001__T2__4446-4446-2275-0001__HSIMV3__1284-1284-1180-0029__SIRm5,4446,6930,8,0.0,0.0,0.0,0.0,0.0,44.07837767684885,17.553312867313203
6930-76324-0020_4970-29095-0032__T2__4970-4970-29095-0032__HSIMV3__6829-6829-68769-0005__SIRm5,4970,6930,12,0.0,0.0,0.0,0.0,0.0,48.75926272897459,19.98433925990874
6930-76324-0020_7127-75946-0015__T2__7127-7127-75946-0015__HSIMV3__8455-8455-210777-0058__SIRm5,7127,6930,13,0.0,0.07692307692307693,0.0,0.0,0.0,44.4104530529875,18.59245566985809
6930-76324-0021_8455-210777-0030__T2__8455-8455-210777-0030__HSIMV3__1320-1320-122617-0036__SIRm5,8455,6930,23,0.08695652173913043,0.0,0.0,0.0,0.0,48.49572020388782,20.73890472060025
6930-76324-0023_2094-142345-0058__T2__2094-2094-142345-0058__HSIMV3__3729-3729-6852-0036__SIRm5,2094,6930,8,0.0,0.0,0.0,0.0,0.0,48.89932888629703,20.0696761754885
6930-76324-0023_61-70968-0023__T2__61-61-70968-0023__HSIMV3__8230-8230-279154-0039__SIRm5,61,6930,8,0.0,0.0,0.0,0.0,0.0,49.29348830409194,19.27496806212024
6930-76324-0024_8230-279154-0011__T2__8230-8230-279154-0011__HSIMV3__61-61-70970-0001__SIRm5,8230,6930,11,0.0,0.0,0.0,0.0,0.0,29.56028750475535,16.317358371911254
6930-76324-0025_1580-141083-0050__T2__1580-1580-141083-0050__HSIMV3__237-237-134500-0034__SIRm5,1580,6930,5,0.0,0.0,0.0,0.0,0.0,42.08282459058752,17.96647159796447
6930-76324-0025_2094-142345-0034__T2__2094-2094-142345-0034__HSIMV3__3729-3729-6852-0023__SIRm5,2094,6930,14,0.0,0.0,0.0,0.0,0.0,46.519784762339256,18.797012171688685
6930-76324-0025_4970-29095-0038__T2__4970-4970-29095-0038__HSIMV3__6829-6829-68771-0002__SIRm5,4970,6930,16,0.0,0.0,0.0,0.0,0.0,48.727879117088676,19.65836986106248
6930-76324-0026_5683-32865-0003__T2__5683-5683-32865-0003__HSIMV3__1221-1221-135766-0013__SIRm5,5683,6930,6,0.0,0.0,0.0,0.0,0.0,42.578499567296824,20.07567507080084
6930-76324-0026_8455-210777-0062__T2__8455-8455-210777-0062__HSIMV3__1320-1320-122612-0014__SIRm5,8455,6930,5,0.0,0.0,0.0,0.0,0.0,46.54969856843744,19.78268714759245
6930-76324-0027_5683-32879-0011__T2__5683-5683-32879-0011__HSIMV3__237-237-134500-0041__SIRm5,5683,6930,16,0.0625,0.0,0.0,0.0,0.0,49.7706902760766,18.27183050913483
6930-76324-0027_908-31957-0003__T2__908-908-31957-0003__HSIMV3__7176-7176-88083-0010__SIRm5,908,6930,12,0.0,0.0,0.0,0.0,0.0,29.047231307877095,16.426076460575498
6930-76324-0028_7127-75947-0003__T2__7127-7127-75947-0003__HSIMV3__8455-8455-210777-0056__SIRm5,7127,6930,10,0.0,0.0,0.0,0.0,0.0,46.942553332028695,18.235416233303727
6930-81414-0000_1320-122612-0012__T2__1320-1320-122612-0012__HSIMV3__5105-5105-28233-0008__SIRm5,1320,6930,19,0.0,0.0,0.0,0.0,0.0,50.5345800567193,19.149693327621627
6930-81414-0000_5683-32866-0007__T2__5683-5683-32866-0007__HSIMV3__237-237-134493-0013__SIRm5,5683,6930,7,1.0,1.0,1.0,1.0,1.0,-33.90649243528695,-13.20398029605872
6930-81414-0002_2094-142345-0050__T2__2094-2094-142345-0050__HSIMV3__3729-3729-6852-0043__SIRm5,2094,6930,7,0.0,0.0,0.0,0.0,0.0,53.118028959743974,20.34411258875748
6930-81414-0002_7021-85628-0023__T2__7021-7021-85628-0023__HSIMV3__5105-5105-28240-0015__SIRm5,7021,6930,16,0.0,0.0,0.0,0.0,0.0,51.96045418459788,20.4002894436952
6930-81414-0003_2830-3980-0012__T2__2830-2830-3980-0012__HSIMV3__1188-1188-133604-0040__SIRm5,2830,6930,5,0.0,0.0,0.0,0.0,0.0,47.76322109341102,19.21647565474402
6930-81414-0003_5683-32879-0016__T2__5683-5683-32879-0016__HSIMV3__237-237-126133-0024__SIRm5,5683,6930,18,0.0,0.0,0.0,0.0,0.0,46.74919794211976,19.490710745888087
6930-81414-0003_7127-75946-0021__T2__7127-7127-75946-0021__HSIMV3__8455-8455-210777-0012__SIRm5,7127,6930,5,0.0,0.0,0.0,0.0,0.0,56.01131085752028,20.262206859336366
6930-81414-0004_908-31957-0019__T2__908-908-31957-0019__HSIMV3__7176-7176-88083-0011__SIRm5,908,6930,18,0.05555555555555555,0.0,0.0,0.0,0.0,42.607001097487085,19.778569965041047
6930-81414-0006_1284-134647-0000__T2__1284-1284-134647-0000__HSIMV3__4446-4446-2271-0009__SIRm5,1284,6930,14,0.0,0.0,0.0,0.0,0.0,47.27306252947967,18.910765693628232
6930-81414-0006_237-134493-0006__T2__237-237-134493-0006__HSIMV3__5683-5683-32866-0007__SIRm5,237,6930,7,0.0,0.14285714285714285,0.0,0.0,0.0,49.54675086225687,18.013084029477206
6930-81414-0007_3570-5694-0017__T2__3570-3570-5694-0017__HSIMV3__4507-4507-16021-0053__SIRm5,3570,6930,15,0.0,0.0,0.0,0.0,0.0,52.929811851926495,21.512171439390304
6930-81414-0008_3570-5696-0008__T2__3570-3570-5696-0008__HSIMV3__4507-4507-16021-0053__SIRm5,3570,6930,13,0.0,0.0,0.0,0.0,0.0,53.525589116158,22.26738388129114
6930-81414-0008_4446-2275-0038__T2__4446-4446-2275-0038__HSIMV3__4992-4992-41797-0006__SIRm5,4446,6930,8,0.0,0.0,0.0,0.0,0.0,47.97456528285509,19.944302244383724
6930-81414-0010_3729-6852-0036__T2__3729-3729-6852-0036__HSIMV3__4507-4507-16021-0011__SIRm5,3729,6930,9,0.0,0.0,0.0,0.0,0.0,54.88925610600292,20.43195178658721
6930-81414-0010_5142-33396-0020__T2__5142-5142-33396-0020__HSIMV3__4970-4970-29093-0008__SIRm5,5142,6930,5,0.0,0.0,0.0,0.0,0.0,42.69590207899571,18.3254941626242
6930-81414-0011_4992-41806-0006__T2__4992-4992-41806-0006__HSIMV3__4446-4446-2271-0016__SIRm5,4992,6930,18,0.0,0.05555555555555555,0.0,0.0,0.0,51.66713761498366,18.609365452637384
6930-81414-0012_8455-210777-0049__T2__8455-8455-210777-0049__HSIMV3__1320-1320-122617-0030__SIRm5,8455,6930,6,0.0,0.0,0.0,0.0,0.0,49.05912654794895,21.47146384515019
6930-81414-0013_2830-3980-0047__T2__2830-2830-3980-0047__HSIMV3__1188-1188-133604-0036__SIRm5,2830,6930,14,0.0,0.0,0.0,0.0,0.0,43.09096290819532,17.558047452766587
6930-81414-0014_1580-141083-0049__T2__1580-1580-141083-0049__HSIMV3__237-237-126133-0009__SIRm5,1580,6930,6,0.0,0.0,0.0,0.0,0.0,54.13194180553004,20.177977325484
6930-81414-0015_5142-36377-0025__T2__5142-5142-36377-0025__HSIMV3__4970-4970-29095-0018__SIRm5,5142,6930,22,0.0,0.0,0.0,0.0,0.0,48.7603710347717,20.41145987814264
6930-81414-0019_8463-287645-0005__T2__8463-8463-287645-0005__HSIMV3__4992-4992-41806-0016__SIRm5,8463,6930,30,0.0,0.0,0.0,0.0,0.0,47.21485377522692,19.85578288286598
6930-81414-0020_260-123286-0002__T2__260-260-123286-0002__HSIMV3__672-672-122797-0004__SIRm5,260,6930,18,0.1111111111111111,0.2777777777777778,0.1111111111111111,0.0,0.0,45.09184903566962,16.942588170464724
6930-81414-0020_260-123286-0026__T2__260-260-123286-0026__HSIMV3__6930-6930-81414-0006__SIRm5,260,6930,12,0.0,0.0,0.0,0.0,0.0,49.99858869593609,20.44884544751961
6930-81414-0021_1320-122617-0003__T2__1320-1320-122617-0003__HSIMV3__5105-5105-28240-0019__SIRm5,1320,6930,11,0.0,0.09090909090909091,0.0,0.0,0.0,52.88802564100559,19.739487790855343
6930-81414-0021_61-70968-0032__T2__61-61-70968-0032__HSIMV3__8230-8230-279154-0039__SIRm5,61,6930,7,0.0,0.0,0.0,0.0,0.0,40.30033261350457,17.897635487918915
6930-81414-0022_1320-122617-0003__T2__1320-1320-122617-0003__HSIMV3__5105-5105-28240-0019__SIRm5,1320,6930,11,0.0,0.09090909090909091,0.0,0.0,0.0,52.939725694794646,19.744467384118355
6930-81414-0022_908-157963-0006__T2__908-908-157963-0006__HSIMV3__7176-7176-88083-0024__SIRm5,908,6930,15,0.06666666666666667,0.06666666666666667,0.06666666666666667,0.0,0.0,25.639892455128447,16.14931951118933
6930-81414-0023_4507-16021-0014__T2__4507-4507-16021-0014__HSIMV3__3729-3729-6852-0037__SIRm5,4507,6930,10,0.0,0.0,0.0,0.0,0.0,53.378475503118906,21.955116368392154
6930-81414-0023_5142-33396-0012__T2__5142-5142-33396-0012__HSIMV3__4970-4970-29095-0005__SIRm5,5142,6930,8,0.0,0.0,0.0,0.0,0.0,48.585114806232085,20.12087962386256
6930-81414-0026_8463-294828-0015__T2__8463-8463-294828-0015__HSIMV3__4992-4992-41797-0006__SIRm5,8463,6930,7,0.0,0.0,0.0,0.0,0.0,59.34921808874636,22.29173389635504
7021-79730-0001_5142-33396-0064__T2__5142-5142-33396-0064__HSIMV3__4970-4970-29095-0008__SIRm5,5142,7021,5,0.0,0.0,0.0,0.0,0.0,47.798274675911145,18.729932023394696
7021-79730-0004_2830-3980-0009__T2__2830-2830-3980-0009__HSIMV3__1188-1188-133604-0031__SIRm5,2830,7021,6,0.0,0.0,0.0,0.0,0.0,50.96719589826853,21.006904365717425
7021-79730-0005_1320-122617-0008__T2__1320-1320-122617-0008__HSIMV3__5105-5105-28240-0007__SIRm5,1320,7021,7,0.0,0.0,0.0,0.0,0.0,43.457953312697505,19.01056347899181
7021-79730-0005_5142-36377-0007__T2__5142-5142-36377-0007__HSIMV3__4970-4970-29095-0024__SIRm5,5142,7021,11,0.0,0.0,0.0,0.0,0.0,47.61442031400509,19.54310115196398
7021-79730-0006_4446-2271-0005__T2__4446-4446-2271-0005__HSIMV3__1284-1284-1180-0027__SIRm5,4446,7021,5,1.0,1.0,1.0,1.0,1.0,-43.02263739565641,-17.99185822575283
7021-79730-0006_8455-210777-0037__T2__8455-8455-210777-0037__HSIMV3__1320-1320-122612-0006__SIRm5,8455,7021,8,0.0,0.0,0.0,0.0,0.0,60.91835182381218,19.47569069987457
7021-79730-0007_908-157963-0028__T2__908-908-157963-0028__HSIMV3__7176-7176-92135-0041__SIRm5,908,7021,8,1.0,1.0,1.0,1.0,1.0,-52.624606692077236,-24.792155494785444
7021-79730-0008_260-123288-0027__T2__260-260-123288-0027__HSIMV3__672-672-122797-0070__SIRm5,260,7021,11,0.0,0.0,0.0,0.0,0.0,54.570725447807405,20.37002339092222
7021-79730-0008_6829-68771-0020__T2__6829-6829-68771-0020__HSIMV3__4970-4970-29095-0030__SIRm5,6829,7021,8,0.0,0.0,0.0,0.0,0.0,53.076924392397615,20.820922612522303
7021-79730-0009_237-126133-0021__T2__237-237-126133-0021__HSIMV3__5683-5683-32865-0015__SIRm5,237,7021,6,0.3333333333333333,0.0,0.0,0.0,0.0,49.318891638908866,18.75942210681005
7021-79740-0003_1320-122617-0010__T2__1320-1320-122617-0010__HSIMV3__5105-5105-28233-0008__SIRm5,1320,7021,19,0.0,0.0,0.0,0.0,0.0,49.99616269326335,20.42202105606429
7021-79740-0004_1089-134691-0004__T2__1089-1089-134691-0004__HSIMV3__8230-8230-279154-0039__SIRm5,1089,7021,8,0.0,0.0,0.0,0.0,0.0,57.258336107784885,20.782502028224165
7021-79740-0006_2830-3980-0019__T2__2830-2830-3980-0019__HSIMV3__1188-1188-133604-0025__SIRm5,2830,7021,13,0.0,0.0,0.0,0.0,0.0,39.852672541791925,17.91862316996633
7021-79740-0006_4446-2273-0034__T2__4446-4446-2273-0034__HSIMV3__1284-1284-1180-0014__SIRm5,4446,7021,6,0.0,0.0,0.0,0.0,0.0,48.00123605969793,19.875154959042185
7021-79740-0006_672-122797-0027__T2__672-672-122797-0027__HSIMV3__1320-1320-122617-0014__SIRm5,672,7021,8,0.0,0.0,0.0,0.0,0.0,44.23009779300266,20.334756744390223
7021-79740-0007_260-123286-0029__T2__260-260-123286-0029__HSIMV3__672-672-122797-0015__SIRm5,260,7021,7,0.14285714285714285,0.0,0.0,0.0,0.0,53.529499177614746,19.774825772381952
7021-79740-0007_4077-13751-0020__T2__4077-4077-13751-0020__HSIMV3__8455-8455-210777-0057__SIRm5,4077,7021,19,0.0,0.0,0.0,0.0,0.0,47.349559432519875,17.093899059979385
7021-79740-0007_4507-16021-0051__T2__4507-4507-16021-0051__HSIMV3__3729-3729-6852-0014__SIRm5,4507,7021,10,0.0,0.0,0.0,0.0,0.0,57.77094501049231,21.41265072452145
7021-79740-0007_8555-284447-0018__T2__8555-8555-284447-0018__HSIMV3__4970-4970-29095-0002__SIRm5,8555,7021,9,1.0,1.0,1.0,1.0,1.0,-66.59359157616862,-37.89611899466149
7021-79740-0009_61-70970-0018__T2__61-61-70970-0018__HSIMV3__8230-8230-279154-0039__SIRm5,61,7021,8,0.75,0.5,0.5,0.5,0.25,1.6073449339878998,3.788433010978971
7021-79740-0009_8463-294828-0014__T2__8463-8463-294828-0014__HSIMV3__4992-4992-41797-0000__SIRm5,8463,7021,9,0.0,0.0,0.0,0.0,0.0,54.607155533489745,22.45048873320124
7021-79740-0010_8455-210777-0051__T2__8455-8455-210777-0051__HSIMV3__1320-1320-122612-0000__SIRm5,8455,7021,25,0.0,0.0,0.0,0.0,0.0,51.58648350325201,21.170189613776422
7021-79740-0011_3575-170457-0014__T2__3575-3575-170457-0014__HSIMV3__237-237-134500-0036__SIRm5,3575,7021,12,0.0,0.0,0.0,0.0,0.0,52.291360899579075,20.79947918918851
7021-79740-0012_1580-141084-0004__T2__1580-1580-141084-0004__HSIMV3__237-237-126133-0007__SIRm5,1580,7021,16,0.0,0.125,0.0,0.0,0.0,49.26563070448415,21.20173886275175
7021-79740-0012_2830-3980-0057__T2__2830-2830-3980-0057__HSIMV3__1188-1188-133604-0025__SIRm5,2830,7021,13,0.0,0.0,0.0,0.0,0.0,44.85386977977475,18.404067134169125
7021-79740-0012_8455-210777-0020__T2__8455-8455-210777-0020__HSIMV3__1320-1320-122612-0014__SIRm5,8455,7021,5,0.0,0.0,0.0,0.0,0.0,41.5245745113545,20.077768583577623
7021-79740-0013_7127-75946-0006__T2__7127-7127-75946-0006__HSIMV3__8455-8455-210777-0058__SIRm5,7127,7021,13,0.0,0.07692307692307693,0.0,0.0,0.0,39.972323466541624,16.506957082155537
7021-79740-0014_2300-131720-0023__T2__2300-2300-131720-0023__HSIMV3__61-61-70970-0004__SIRm5,2300,7021,20,0.0,0.0,0.0,0.0,0.0,48.16252701756063,19.19598341365657
7021-79759-0000_672-122797-0065__T2__672-672-122797-0065__HSIMV3__1320-1320-122612-0016__SIRm5,672,7021,5,0.0,0.0,0.0,0.0,0.0,31.45234621312693,13.462604863741984
7021-79759-0000_7729-102255-0016__T2__7729-7729-102255-0016__HSIMV3__7176-7176-88083-0021__SIRm5,7729,7021,22,0.0,0.0,0.0,0.0,0.0,41.552507307268435,17.42185486190594
7021-79759-0000_8230-279154-0018__T2__8230-8230-279154-0018__HSIMV3__61-61-70970-0004__SIRm5,8230,7021,20,0.0,0.0,0.0,0.0,0.0,45.59045023949224,18.01103701851499
7021-79759-0002_1188-133604-0039__T2__1188-1188-133604-0039__HSIMV3__2830-2830-3980-0037__SIRm5,1188,7021,11,0.0,0.0,0.0,0.0,0.0,44.54245081969319,17.813104071444748
7021-79759-0002_2830-3979-0011__T2__2830-2830-3979-0011__HSIMV3__1188-1188-133604-0022__SIRm5,2830,7021,17,0.0,0.0,0.0,0.0,0.0,53.06366902075883,21.598766394060988
7021-79759-0003_260-123286-0022__T2__260-260-123286-0022__HSIMV3__672-672-122797-0047__SIRm5,260,7021,5,0.0,0.0,0.0,0.0,0.0,41.73890030759599,17.093008649665858
7021-79759-0005_2094-142345-0049__T2__2094-2094-142345-0049__HSIMV3__3729-3729-6852-0014__SIRm5,2094,7021,10,0.0,0.0,0.0,0.0,0.0,51.33626469456583,16.689731413255544
7021-79759-0005_61-70968-0041__T2__61-61-70968-0041__HSIMV3__8230-8230-279154-0021__SIRm5,61,7021,12,0.0,0.0,0.0,0.0,0.0,46.54622938593055,18.938972530511563
7021-85628-0000_672-122797-0031__T2__672-672-122797-0031__HSIMV3__260-260-123286-0017__SIRm5,672,7021,6,1.0,1.0,1.0,1.0,1.0,-46.90544433156352,-24.827364593821624
7021-85628-0001_1580-141084-0027__T2__1580-1580-141084-0027__HSIMV3__237-237-126133-0004__SIRm5,1580,7021,5,0.0,0.0,0.0,0.0,0.0,34.832547977971515,17.33523516532413
7021-85628-0001_5683-32866-0008__T2__5683-5683-32866-0008__HSIMV3__237-237-134500-0016__SIRm5,5683,7021,5,0.0,0.0,0.0,0.0,0.0,36.53212099775294,19.49027315595447
7021-85628-0002_8455-210777-0008__T2__8455-8455-210777-0008__HSIMV3__1320-1320-122617-0032__SIRm5,8455,7021,21,0.0,0.0,0.0,0.0,0.0,46.495183017608525,19.74518877248652
7021-85628-0003_4992-23283-0011__T2__4992-4992-23283-0011__HSIMV3__4446-4446-2275-0008__SIRm5,4992,7021,7,0.0,0.0,0.0,0.0,0.0,46.87220125562256,17.084401924065148
7021-85628-0005_1089-134691-0001__T2__1089-1089-134691-0001__HSIMV3__8230-8230-279154-0022__SIRm5,1089,7021,9,0.0,0.0,0.0,0.0,0.0,46.9228667140523,18.46059264073124
7021-85628-0006_8555-284449-0013__T2__8555-8555-284449-0013__HSIMV3__4970-4970-29095-0034__SIRm5,8555,7021,10,0.0,0.0,0.0,0.0,0.0,60.209896354566695,24.46975548397432
7021-85628-0008_237-134500-0013__T2__237-237-134500-0013__HSIMV3__5683-5683-32866-0013__SIRm5,237,7021,18,0.0,0.0,0.0,0.0,0.0,53.07811329262744,20.66108688907208
7021-85628-0008_5142-33396-0002__T2__5142-5142-33396-0002__HSIMV3__4970-4970-29093-0008__SIRm5,5142,7021,6,0.0,0.0,0.0,0.0,0.0,43.67332831213185,19.9538355749139
7021-85628-0009_4992-41797-0016__T2__4992-4992-41797-0016__HSIMV3__4446-4446-2275-0032__SIRm5,4992,7021,5,0.0,0.0,0.0,0.0,0.0,51.681888480753756,21.452255134469805
7021-85628-0010_5683-32865-0007__T2__5683-5683-32865-0007__HSIMV3__237-237-134500-0036__SIRm5,5683,7021,11,0.0,0.0,0.0,0.0,0.0,53.072247537570725,21.348948933042248
7021-85628-0012_7127-75947-0001__T2__7127-7127-75947-0001__HSIMV3__8455-8455-210777-0011__SIRm5,7127,7021,12,0.0,0.08333333333333333,0.0,0.0,0.0,43.820042773732325,19.397202222943253
7021-85628-0012_8455-210777-0004__T2__8455-8455-210777-0004__HSIMV3__1320-1320-122617-0040__SIRm5,8455,7021,14,0.0,0.0,0.0,0.0,0.0,47.34082903585321,18.85619920233661
7021-85628-0013_5683-32866-0007__T2__5683-5683-32866-0007__HSIMV3__237-237-134493-0013__SIRm5,5683,7021,7,1.0,1.0,1.0,1.0,1.0,-17.4815283318302,-5.317400901369351
7021-85628-0015_1284-134647-0006__T2__1284-1284-134647-0006__HSIMV3__4446-4446-2271-0016__SIRm5,1284,7021,19,0.0,0.0,0.0,0.0,0.0,54.08209952279517,19.66494416628369
7021-85628-0015_4992-41797-0013__T2__4992-4992-41797-0013__HSIMV3__4446-4446-2271-0016__SIRm5,4992,7021,18,0.0,0.0,0.0,0.0,0.0,56.00017097227033,21.80959176598
7021-85628-0015_61-70968-0035__T2__61-61-70968-0035__HSIMV3__8230-8230-279154-0006__SIRm5,61,7021,14,0.0,0.0,0.0,0.0,0.0,42.25153862529941,16.156296782742942
7021-85628-0016_3729-6852-0039__T2__3729-3729-6852-0039__HSIMV3__4507-4507-16021-0025__SIRm5,3729,7021,16,0.0,0.125,0.0,0.0,0.0,52.08085619275193,19.320769451782304
7021-85628-0016_5683-32865-0005__T2__5683-5683-32865-0005__HSIMV3__237-237-126133-0024__SIRm5,5683,7021,18,0.9444444444444444,0.8888888888888888,0.8888888888888888,1.0,0.8888888888888888,-27.493750835230813,-9.093289264260658
7021-85628-0016_8555-284449-0002__T2__8555-8555-284449-0002__HSIMV3__4970-4970-29095-0026__SIRm5,8555,7021,20,1.0,0.95,0.95,1.0,0.95,-55.55222951206499,-28.115847823405435
7021-85628-0018_4507-16021-0039__T2__4507-4507-16021-0039__HSIMV3__3729-3729-6852-0042__SIRm5,4507,7021,29,0.0,0.0,0.0,0.0,0.0,51.25490189746009,19.82384305320982
7021-85628-0019_7729-102255-0033__T2__7729-7729-102255-0033__HSIMV3__7176-7176-88083-0010__SIRm5,7729,7021,12,0.0,0.0,0.0,0.0,0.0,34.627783938549605,16.71797032186938
7021-85628-0020_5142-33396-0046__T2__5142-5142-33396-0046__HSIMV3__4970-4970-29095-0017__SIRm5,5142,7021,6,0.0,0.0,0.0,0.0,0.0,41.29404546422431,18.984239675808627
7021-85628-0020_8463-287645-0011__T2__8463-8463-287645-0011__HSIMV3__4992-4992-23283-0013__SIRm5,8463,7021,11,0.0,0.0,0.0,0.0,0.0,16.342896186421953,10.772666527586477
7021-85628-0022_2300-131720-0009__T2__2300-2300-131720-0009__HSIMV3__61-61-70970-0004__SIRm5,2300,7021,18,0.0,0.0,0.0,0.0,0.0,47.93097242753545,18.541899933046466
7021-85628-0022_2300-131720-0014__T2__2300-2300-131720-0014__HSIMV3__61-61-70970-0003__SIRm5,2300,7021,6,0.0,0.0,0.0,0.0,0.0,44.57355576164758,18.005233937308873
7021-85628-0022_61-70968-0001__T2__61-61-70968-0001__HSIMV3__7176-7176-88083-0017__SIRm5,61,7021,6,0.0,0.0,0.0,0.0,0.0,30.06664929145658,13.26907058198858
7127-75946-0002_1284-134647-0007__T2__1284-1284-134647-0007__HSIMV3__4446-4446-2271-0017__SIRm5,1284,7127,23,0.0,0.043478260869565216,0.0,0.0,0.0,50.55336692865401,18.04886345351709
7127-75946-0003_3729-6852-0022__T2__3729-3729-6852-0022__HSIMV3__4507-4507-16021-0035__SIRm5,3729,7127,14,0.0,0.0,0.0,0.0,0.0,50.56587086840997,20.451837538465416
7127-75946-0004_2961-960-0013__T2__2961-2961-960-0013__HSIMV3__3570-3570-5694-0002__SIRm5,2961,7127,20,0.0,0.0,0.0,0.0,0.0,51.72234486150687,20.86555562719968
7127-75946-0006_3570-5696-0008__T2__3570-3570-5696-0008__HSIMV3__4507-4507-16021-0053__SIRm5,3570,7127,13,0.0,0.0,0.0,0.0,0.0,53.52636707156627,22.26775777692233
7127-75946-0007_1580-141084-0034__T2__1580-1580-141084-0034__HSIMV3__237-237-126133-0009__SIRm5,1580,7127,6,0.0,0.0,0.0,0.0,0.0,44.8326031701421,20.430845690400098
7127-75946-0008_2300-131720-0002__T2__2300-2300-131720-0002__HSIMV3__61-61-70970-0004__SIRm5,2300,7127,20,0.0,0.05,0.0,0.0,0.0,44.97622637194312,17.9906323183926
7127-75946-0008_5142-33396-0020__T2__5142-5142-33396-0020__HSIMV3__4970-4970-29093-0008__SIRm5,5142,7127,5,0.0,0.0,0.0,0.0,0.0,42.45868517757803,18.33260950692096
7127-75946-0009_1089-134686-0019__T2__1089-1089-134686-0019__HSIMV3__8230-8230-279154-0004__SIRm5,1089,7127,26,0.0,0.0,0.0,0.0,0.0,52.07821214425836,20.689051991476497
7127-75946-0009_121-127105-0001__T2__121-121-127105-0001__HSIMV3__237-237-126133-0022__SIRm5,121,7127,9,0.0,0.0,0.0,0.0,0.0,36.54945511982839,19.71486375673146
7127-75946-0009_1580-141083-0010__T2__1580-1580-141083-0010__HSIMV3__237-237-134500-0021__SIRm5,1580,7127,9,0.0,0.0,0.0,0.0,0.0,52.66330371857279,21.26467994197715
7127-75946-0010_260-123286-0030__T2__260-260-123286-0030__HSIMV3__672-672-122797-0061__SIRm5,260,7127,14,0.0,0.0,0.0,0.0,0.0,59.279560097994604,20.06812052106796
7127-75946-0010_5639-40744-0029__T2__5639-5639-40744-0029__HSIMV3__1089-1089-134691-0023__SIRm5,5639,7127,13,0.0,0.0,0.0,0.0,0.0,51.001642476364886,19.67136358924292
7127-75946-0010_908-31957-0021__T2__908-908-31957-0021__HSIMV3__7176-7176-88083-0018__SIRm5,908,7127,19,0.0,0.0,0.0,0.0,0.0,38.36950541583434,17.629073001273213
7127-75946-0015_1580-141083-0025__T2__1580-1580-141083-0025__HSIMV3__237-237-126133-0009__SIRm5,1580,7127,6,0.0,0.0,0.0,0.0,0.0,49.85457073052273,17.722895089223503
7127-75946-0015_4446-2273-0035__T2__4446-4446-2273-0035__HSIMV3__4992-4992-41797-0022__SIRm5,4446,7127,11,0.0,0.0,0.0,0.0,0.0,46.474362673491584,20.20923108074736
7127-75946-0016_1320-122617-0026__T2__1320-1320-122617-0026__HSIMV3__5105-5105-28240-0000__SIRm5,1320,7127,9,0.0,0.0,0.0,0.0,0.0,59.27925049415088,21.50850655625556
7127-75946-0016_5639-40744-0002__T2__5639-5639-40744-0002__HSIMV3__1089-1089-134686-0017__SIRm5,5639,7127,16,0.0,0.0,0.0,0.0,0.0,56.82731364355661,21.78065790550328
7127-75946-0016_7176-92135-0006__T2__7176-7176-92135-0006__HSIMV3__61-61-70970-0025__SIRm5,7176,7127,13,0.0,0.0,0.0,0.0,0.0,38.37446391376821,16.400755155140445
7127-75946-0018_1580-141084-0041__T2__1580-1580-141084-0041__HSIMV3__237-237-126133-0007__SIRm5,1580,7127,14,0.0,0.0,0.0,0.0,0.0,50.52759309225333,20.95459006064933
7127-75946-0018_7176-92135-0040__T2__7176-7176-92135-0040__HSIMV3__61-61-70970-0004__SIRm5,7176,7127,19,0.2631578947368421,0.21052631578947367,0.10526315789473684,0.10526315789473684,0.10526315789473684,18.88096211493179,7.483107621094266
7127-75946-0020_672-122797-0054__T2__672-672-122797-0054__HSIMV3__260-260-123288-0004__SIRm5,672,7127,7,0.0,0.0,0.0,0.0,0.0,35.83264949112655,15.430933981583957
7127-75946-0020_8455-210777-0037__T2__8455-8455-210777-0037__HSIMV3__1320-1320-122612-0006__SIRm5,8455,7127,8,0.0,0.0,0.0,0.0,0.0,61.111345868905474,19.474816253288907
7127-75946-0021_5639-40744-0024__T2__5639-5639-40744-0024__HSIMV3__1089-1089-134686-0017__SIRm5,5639,7127,16,0.0,0.0,0.0,0.0,0.0,51.162386961509,20.54778576914329
7127-75946-0022_1995-1836-0003__T2__1995-1995-1836-0003__HSIMV3__2094-2094-142345-0034__SIRm5,1995,7127,14,0.0,0.21428571428571427,0.0,0.0,0.0,50.38706911329684,21.554718943265136
7127-75946-0022_5105-28240-0012__T2__5105-5105-28240-0012__HSIMV3__1320-1320-122617-0014__SIRm5,5105,7127,8,0.0,0.0,0.0,0.0,0.0,51.52893026197078,18.76666770991276
7127-75946-0022_8230-279154-0017__T2__8230-8230-279154-0017__HSIMV3__61-61-70968-0054__SIRm5,8230,7127,14,0.0,0.0,0.0,0.0,0.0,43.246686077217994,16.46982665388941
7127-75946-0023_1320-122612-0004__T2__1320-1320-122612-0004__HSIMV3__5105-5105-28240-0019__SIRm5,1320,7127,11,0.0,0.0,0.0,0.0,0.0,52.46698641430649,20.083229456472964
7127-75946-0023_7729-102255-0045__T2__7729-7729-102255-0045__HSIMV3__7176-7176-88083-0010__SIRm5,7729,7127,12,0.0,0.0,0.0,0.0,0.0,41.452213915254355,16.453007411387496
7127-75946-0024_3575-170457-0038__T2__3575-3575-170457-0038__HSIMV3__237-237-134493-0002__SIRm5,3575,7127,21,0.0,0.14285714285714285,0.0,0.0,0.0,60.994540892024006,23.20438417025678
7127-75946-0025_2830-3980-0020__T2__2830-2830-3980-0020__HSIMV3__1188-1188-133604-0040__SIRm5,2830,7127,5,0.0,0.0,0.0,0.0,0.0,39.12082965820751,16.184005747359414
7127-75946-0025_2961-960-0016__T2__2961-2961-960-0016__HSIMV3__3570-3570-5694-0005__SIRm5,2961,7127,14,0.0,0.0,0.0,0.0,0.0,53.60815921661705,19.69019442919485
7127-75946-0025_7021-85628-0002__T2__7021-7021-85628-0002__HSIMV3__5105-5105-28240-0019__SIRm5,7021,7127,11,0.0,0.0,0.0,0.0,0.0,51.51375669802124,16.523996841925282
7127-75946-0027_6930-76324-0011__T2__6930-6930-76324-0011__HSIMV3__260-260-123288-0011__SIRm5,6930,7127,16,0.0,0.0,0.0,0.0,0.0,39.96313198819431,17.892520007628946
7127-75946-0027_908-31957-0014__T2__908-908-31957-0014__HSIMV3__7176-7176-92135-0001__SIRm5,908,7127,14,0.0,0.0,0.0,0.0,0.0,47.102673473132015,19.04229489427098
7127-75946-0029_4992-23283-0009__T2__4992-4992-23283-0009__HSIMV3__4446-4446-2271-0009__SIRm5,4992,7127,14,0.0,0.0,0.0,0.0,0.0,49.89139659640626,19.19685996819927
7127-75946-0029_6829-68771-0011__T2__6829-6829-68771-0011__HSIMV3__4970-4970-29095-0034__SIRm5,6829,7127,10,0.0,0.0,0.0,0.0,0.0,47.31840433668822,16.541911976167697
7127-75947-0000_5683-32879-0009__T2__5683-5683-32879-0009__HSIMV3__237-237-134500-0021__SIRm5,5683,7127,9,0.0,0.0,0.0,0.0,0.0,52.95731832283048,22.23195073029988
7127-75947-0001_260-123286-0008__T2__260-260-123286-0008__HSIMV3__6930-6930-81414-0015__SIRm5,260,7127,6,0.0,0.0,0.0,0.0,0.0,47.55202317319728,19.25011772066866
7127-75947-0001_61-70968-0041__T2__61-61-70968-0041__HSIMV3__8230-8230-279154-0021__SIRm5,61,7127,12,0.0,0.0,0.0,0.0,0.0,46.54571082242628,18.93756407807735
7127-75947-0001_7176-92135-0039__T2__7176-7176-92135-0039__HSIMV3__61-61-70970-0012__SIRm5,7176,7127,5,0.0,0.0,0.0,0.0,0.0,33.8211070300026,16.852477551573287
7127-75947-0002_1089-134686-0015__T2__1089-1089-134686-0015__HSIMV3__8230-8230-279154-0022__SIRm5,1089,7127,10,0.0,0.0,0.0,0.0,0.0,50.99192600820009,21.42359298268363
7127-75947-0002_4446-2271-0019__T2__4446-4446-2271-0019__HSIMV3__1284-1284-1181-0007__SIRm5,4446,7127,6,0.8333333333333334,0.8333333333333334,0.8333333333333334,1.0,0.8333333333333334,-33.27843746058045,-13.897204526344089
7127-75947-0002_5639-40744-0028__T2__5639-5639-40744-0028__HSIMV3__1089-1089-134686-0011__SIRm5,5639,7127,22,0.0,0.0,0.0,0.0,0.0,61.238381726847756,21.234495146638448
7127-75947-0003_4970-29095-0030__T2__4970-4970-29095-0030__HSIMV3__6829-6829-68771-0015__SIRm5,4970,7127,8,0.75,0.75,0.75,0.5,0.5,-4.227490255144295,0.5007404604868553
7127-75947-0006_1580-141084-0027__T2__1580-1580-141084-0027__HSIMV3__237-237-126133-0004__SIRm5,1580,7127,5,0.0,0.0,0.0,0.0,0.0,35.0306905748433,17.366478919006944
7127-75947-0006_5142-36377-0025__T2__5142-5142-36377-0025__HSIMV3__4970-4970-29095-0018__SIRm5,5142,7127,22,0.0,0.0,0.0,0.0,0.0,48.7574266842467,20.41299904641557
7127-75947-0007_237-134500-0027__T2__237-237-134500-0027__HSIMV3__5683-5683-32866-0001__SIRm5,237,7127,5,0.0,0.0,0.0,0.0,0.0,47.49938213710485,19.77072474118017
7127-75947-0007_5683-32866-0022__T2__5683-5683-32866-0022__HSIMV3__1221-1221-135767-0008__SIRm5,5683,7127,5,0.0,0.0,0.0,0.0,0.0,39.000387473296776,17.918444171096187
7127-75947-0011_1284-1181-0011__T2__1284-1284-1181-0011__HSIMV3__4446-4446-2271-0009__SIRm5,1284,7127,14,0.0,0.0,0.0,0.0,0.0,56.41146253802135,20.27802030724225
7127-75947-0011_6930-75918-0004__T2__6930-6930-75918-0004__HSIMV3__260-260-123288-0007__SIRm5,6930,7127,21,0.0,0.0,0.0,0.0,0.0,45.09717932830402,18.756437125188704
7127-75947-0013_1320-122617-0039__T2__1320-1320-122617-0039__HSIMV3__5105-5105-28240-0005__SIRm5,1320,7127,13,0.15384615384615385,0.0,0.0,0.0,0.0,48.55962798728184,19.72243389946313
7127-75947-0013_5639-40744-0017__T2__5639-5639-40744-0017__HSIMV3__1089-1089-134686-0034__SIRm5,5639,7127,10,0.0,0.0,0.0,0.0,0.0,50.199107251788085,19.077866490745308
7127-75947-0014_1580-141083-0002__T2__1580-1580-141083-0002__HSIMV3__237-237-126133-0006__SIRm5,1580,7127,11,0.0,0.0,0.0,0.0,0.0,52.79769939159023,21.473612920475308
7127-75947-0015_2830-3980-0023__T2__2830-2830-3980-0023__HSIMV3__1188-1188-133604-0039__SIRm5,2830,7127,11,0.0,0.0,0.0,0.0,0.0,45.58056619919382,17.950164521158385
7127-75947-0015_3729-6852-0029__T2__3729-3729-6852-0029__HSIMV3__4507-4507-16021-0025__SIRm5,3729,7127,16,0.125,0.0,0.0,0.0,0.0,52.61787035036183,19.44871020588149
7127-75947-0015_4970-29093-0007__T2__4970-4970-29093-0007__HSIMV3__6829-6829-68771-0016__SIRm5,4970,7127,12,0.08333333333333333,0.16666666666666666,0.0,0.0,0.0,50.52117072201596,19.00861916799068
7127-75947-0015_8555-284447-0003__T2__8555-8555-284447-0003__HSIMV3__4970-4970-29095-0035__SIRm5,8555,7127,7,0.14285714285714285,0.14285714285714285,0.14285714285714285,0.0,0.0,32.27564881665553,19.713531233202307
7127-75947-0016_4507-16021-0059__T2__4507-4507-16021-0059__HSIMV3__3729-3729-6852-0037__SIRm5,4507,7127,9,0.0,0.0,0.0,0.0,0.0,48.44860526373312,21.38383389687081
7127-75947-0016_7176-92135-0017__T2__7176-7176-92135-0017__HSIMV3__61-61-70970-0024__SIRm5,7176,7127,13,0.0,0.0,0.0,0.0,0.0,36.61549955751425,16.39467036100755
7127-75947-0018_1580-141084-0015__T2__1580-1580-141084-0015__HSIMV3__237-237-126133-0004__SIRm5,1580,7127,5,0.0,0.0,0.0,0.0,0.0,47.302296222755444,20.06172496581238
7127-75947-0018_3575-170457-0035__T2__3575-3575-170457-0035__HSIMV3__237-237-134500-0041__SIRm5,3575,7127,16,0.0625,0.0,0.0,0.0,0.0,58.90807476125667,23.402111007798563
7127-75947-0018_5105-28240-0016__T2__5105-5105-28240-0016__HSIMV3__1320-1320-122617-0008__SIRm5,5105,7127,7,0.0,0.0,0.0,0.0,0.0,50.42013142308444,20.190673532209
7127-75947-0018_5142-36377-0002__T2__5142-5142-36377-0002__HSIMV3__4970-4970-29095-0009__SIRm5,5142,7127,10,0.0,0.0,0.0,0.0,0.0,54.29632372184112,22.17706601283794
7127-75947-0019_1089-134691-0018__T2__1089-1089-134691-0018__HSIMV3__8230-8230-279154-0003__SIRm5,1089,7127,5,0.2,0.0,0.0,0.0,0.0,38.562685825472535,19.70067703706104
7127-75947-0019_1284-1180-0015__T2__1284-1284-1180-0015__HSIMV3__1580-1580-141083-0042__SIRm5,1284,7127,10,0.0,0.0,0.0,0.0,0.0,57.07155304613097,20.56311483327556
7127-75947-0019_6930-76324-0000__T2__6930-6930-76324-0000__HSIMV3__260-260-123286-0020__SIRm5,6930,7127,5,0.0,0.0,0.0,0.0,0.0,40.71341100413679,15.220948496537112
7127-75947-0019_8463-294825-0003__T2__8463-8463-294825-0003__HSIMV3__4992-4992-41797-0013__SIRm5,8463,7127,18,0.0,0.0,0.0,0.0,0.0,52.547808107194186,20.071961818516087
7127-75947-0021_2830-3980-0004__T2__2830-2830-3980-0004__HSIMV3__1188-1188-133604-0029__SIRm5,2830,7127,6,0.0,0.0,0.0,0.0,0.0,40.054734751125444,19.565460119247284
7127-75947-0021_4507-16021-0048__T2__4507-4507-16021-0048__HSIMV3__3729-3729-6852-0028__SIRm5,4507,7127,9,0.0,0.0,0.0,0.0,0.0,41.613815486619025,16.211328483399992
7127-75947-0022_1284-1181-0005__T2__1284-1284-1181-0005__HSIMV3__4446-4446-2271-0011__SIRm5,1284,7127,6,0.0,0.0,0.0,0.0,0.0,57.55038420932133,20.439486186531283
7127-75947-0023_4077-13754-0007__T2__4077-4077-13754-0007__HSIMV3__8455-8455-210777-0051__SIRm5,4077,7127,26,0.0,0.0,0.0,0.0,0.0,41.94743495816036,17.28641700794036
7127-75947-0024_1089-134686-0026__T2__1089-1089-134686-0026__HSIMV3__8230-8230-279154-0008__SIRm5,1089,7127,6,0.0,0.0,0.0,0.0,0.0,48.27234610419277,19.944312127126448
7127-75947-0025_3575-170457-0039__T2__3575-3575-170457-0039__HSIMV3__237-237-134500-0018__SIRm5,3575,7127,24,0.0,0.041666666666666664,0.0,0.0,0.0,53.2087853570143,21.30748722607745
7127-75947-0025_4970-29095-0022__T2__4970-4970-29095-0022__HSIMV3__8555-8555-284447-0024__SIRm5,4970,7127,8,0.125,0.125,0.125,0.0,0.0,61.54293807010839,22.20430899314662
7127-75947-0027_260-123440-0016__T2__260-260-123440-0016__HSIMV3__672-672-122797-0017__SIRm5,260,7127,8,0.0,0.0,0.0,0.0,0.0,53.196752360740874,20.686276288274254
7127-75947-0027_3575-170457-0053__T2__3575-3575-170457-0053__HSIMV3__237-237-134500-0018__SIRm5,3575,7127,22,0.0,0.0,0.0,0.0,0.0,49.698549394293586,19.36535242556093
7127-75947-0028_2300-131720-0014__T2__2300-2300-131720-0014__HSIMV3__61-61-70970-0003__SIRm5,2300,7127,6,0.0,0.0,0.0,0.0,0.0,44.57170666005883,18.00523076711712
7127-75947-0028_61-70968-0001__T2__61-61-70968-0001__HSIMV3__7176-7176-88083-0017__SIRm5,61,7127,6,0.0,0.0,0.0,0.0,0.0,30.06668371919447,13.269098187941823
7127-75947-0029_3570-5694-0022__T2__3570-3570-5694-0022__HSIMV3__4507-4507-16021-0054__SIRm5,3570,7127,7,0.14285714285714285,0.0,0.0,0.0,0.0,54.37443029544843,21.786537351804643
7127-75947-0029_3570-5695-0014__T2__3570-3570-5695-0014__HSIMV3__4507-4507-16021-0017__SIRm5,3570,7127,20,0.0,0.0,0.0,0.0,0.0,57.40425607490348,22.60777206085284
7127-75947-0029_6829-68769-0036__T2__6829-6829-68769-0036__HSIMV3__4970-4970-29095-0009__SIRm5,6829,7127,10,0.0,0.0,0.0,0.0,0.0,49.87472667045604,20.447851317674456
7127-75947-0032_1188-133604-0010__T2__1188-1188-133604-0010__HSIMV3__2830-2830-3979-0000__SIRm5,1188,7127,11,0.0,0.0,0.0,0.0,0.0,50.98573883649504,20.650598199262102
7127-75947-0032_6829-68769-0008__T2__6829-6829-68769-0008__HSIMV3__4446-4446-2275-0019__SIRm5,6829,7127,8,0.0,0.0,0.0,0.0,0.0,42.33042138264606,17.988642760631436
7127-75947-0033_1089-134691-0007__T2__1089-1089-134691-0007__HSIMV3__8230-8230-279154-0008__SIRm5,1089,7127,5,0.0,0.0,0.0,0.0,0.0,50.18947022947363,18.187109204171605
7127-75947-0033_908-157963-0030__T2__908-908-157963-0030__HSIMV3__7176-7176-92135-0008__SIRm5,908,7127,7,1.0,1.0,1.0,1.0,1.0,-65.02171687018783,-35.088495820397014
7127-75947-0035_1320-122617-0031__T2__1320-1320-122617-0031__HSIMV3__5105-5105-28240-0019__SIRm5,1320,7127,11,0.09090909090909091,0.18181818181818182,0.09090909090909091,0.0,0.0,55.10247832512066,19.587253547966867
7127-75947-0035_1580-141084-0021__T2__1580-1580-141084-0021__HSIMV3__237-237-126133-0009__SIRm5,1580,7127,6,0.0,0.0,0.0,0.0,0.0,44.41015139536952,18.964446373735537
7127-75947-0038_8463-294828-0016__T2__8463-8463-294828-0016__HSIMV3__4992-4992-23283-0002__SIRm5,8463,7127,5,0.0,0.0,0.0,0.0,0.0,39.99321076734468,18.586694293608232
7127-75947-0039_1580-141084-0008__T2__1580-1580-141084-0008__HSIMV3__237-237-134500-0036__SIRm5,1580,7127,12,0.0,0.08333333333333333,0.0,0.0,0.0,47.42199280254197,20.05477949820545
7127-75947-0039_3570-5694-0006__T2__3570-3570-5694-0006__HSIMV3__4507-4507-16021-0030__SIRm5,3570,7127,28,0.0,0.0,0.0,0.0,0.0,56.70256363663161,22.43817964908338
7127-75947-0039_7021-79740-0000__T2__7021-7021-79740-0000__HSIMV3__5105-5105-28233-0005__SIRm5,7021,7127,21,0.0,0.0,0.0,0.0,0.0,48.783390704182565,20.466193423133067
7127-75947-0040_237-126133-0002__T2__237-237-126133-0002__HSIMV3__5683-5683-32865-0009__SIRm5,237,7127,16,0.0,0.0,0.0,0.0,0.0,52.57216739563828,19.26365106712212
7176-88083-0000_1089-134686-0009__T2__1089-1089-134686-0009__HSIMV3__8230-8230-279154-0016__SIRm5,1089,7176,20,0.0,0.0,0.0,0.0,0.0,47.45281982988736,19.2292901067868
7176-88083-0000_4077-13754-0000__T2__4077-4077-13754-0000__HSIMV3__8455-8455-210777-0042__SIRm5,4077,7176,8,0.0,0.0,0.0,0.0,0.0,46.57886988676637,18.32451034259511
7176-88083-0000_61-70970-0022__T2__61-61-70970-0022__HSIMV3__8230-8230-279154-0032__SIRm5,61,7176,6,0.0,0.0,0.0,0.0,0.0,42.988063576365924,16.01732856946992
7176-88083-0001_1221-135767-0009__T2__1221-1221-135767-0009__HSIMV3__4992-4992-23283-0017__SIRm5,1221,7176,25,0.0,0.0,0.0,0.0,0.0,48.49933308196126,18.91107952345669
7176-88083-0002_1221-135767-0019__T2__1221-1221-135767-0019__HSIMV3__4992-4992-41806-0005__SIRm5,1221,7176,6,0.0,0.0,0.0,0.0,0.0,54.674596949040904,21.84975093018441
7176-88083-0002_8455-210777-0023__T2__8455-8455-210777-0023__HSIMV3__1320-1320-122617-0014__SIRm5,8455,7176,8,0.0,0.0,0.0,0.0,0.0,47.491489907185816,19.382649249030777
7176-88083-0003_1089-134686-0012__T2__1089-1089-134686-0012__HSIMV3__8230-8230-279154-0018__SIRm5,1089,7176,22,0.0,0.0,0.0,0.0,0.0,50.41759594109794,20.04720831422035
7176-88083-0003_4507-16021-0057__T2__4507-4507-16021-0057__HSIMV3__3729-3729-6852-0026__SIRm5,4507,7176,8,0.0,0.0,0.0,0.0,0.0,47.36617773955486,17.026720796673068
7176-88083-0003_8230-279154-0010__T2__8230-8230-279154-0010__HSIMV3__61-61-70970-0004__SIRm5,8230,7176,20,0.05,0.0,0.0,0.0,0.0,44.85548827405117,17.81386410100679
7176-88083-0005_672-122797-0022__T2__672-672-122797-0022__HSIMV3__260-260-123288-0026__SIRm5,672,7176,29,0.034482758620689655,0.0,0.0,0.0,0.0,53.305199666069896,20.38571172705453
7176-88083-0006_672-122797-0071__T2__672-672-122797-0071__HSIMV3__260-260-123288-0003__SIRm5,672,7176,16,0.0,0.0,0.0,0.0,0.0,39.877346361712654,18.33649133743624
7176-88083-0008_2830-3980-0048__T2__2830-2830-3980-0048__HSIMV3__1188-1188-133604-0020__SIRm5,2830,7176,19,0.0,0.0,0.0,0.0,0.0,52.995244795976554,19.59320898447647
7176-88083-0009_5105-28241-0002__T2__5105-5105-28241-0002__HSIMV3__1320-1320-122612-0012__SIRm5,5105,7176,19,0.0,0.0,0.0,0.0,0.0,47.921431820772305,19.703161652653264
7176-88083-0010_121-127105-0022__T2__121-121-127105-0022__HSIMV3__237-237-134500-0032__SIRm5,121,7176,9,1.0,1.0,1.0,1.0,1.0,-59.512276023128116,-49.19154864454956
7176-88083-0010_8455-210777-0028__T2__8455-8455-210777-0028__HSIMV3__1320-1320-122617-0009__SIRm5,8455,7176,14,0.07142857142857142,0.07142857142857142,0.07142857142857142,0.0,0.0,52.23261061958795,21.256980718213903
7176-88083-0010_8455-210777-0065__T2__8455-8455-210777-0065__HSIMV3__1320-1320-122617-0030__SIRm5,8455,7176,6,0.0,0.0,0.0,0.0,0.0,46.164566534316656,18.69117505140867
7176-88083-0012_121-121726-0011__T2__121-121-121726-0011__HSIMV3__237-237-134500-0040__SIRm5,121,7176,7,0.2857142857142857,0.7142857142857143,0.2857142857142857,0.0,0.0,40.88498453658753,21.86769031725356
7176-88083-0013_672-122797-0058__T2__672-672-122797-0058__HSIMV3__260-260-123288-0004__SIRm5,672,7176,7,1.0,0.8571428571428571,0.8571428571428571,1.0,0.8571428571428571,-46.03023616594294,-22.66331392994761
7176-88083-0016_121-127105-0013__T2__121-121-127105-0013__HSIMV3__237-237-126133-0017__SIRm5,121,7176,10,0.0,0.0,0.0,0.0,0.0,36.93893408033041,17.417163352489826
7176-88083-0016_5639-40744-0019__T2__5639-5639-40744-0019__HSIMV3__1089-1089-134686-0024__SIRm5,5639,7176,22,0.0,0.0,0.0,0.0,0.0,52.5321447550217,20.34490631276552
7176-88083-0017_2094-142345-0025__T2__2094-2094-142345-0025__HSIMV3__3729-3729-6852-0043__SIRm5,2094,7176,6,0.0,0.0,0.0,0.0,0.0,48.111449792021354,18.86309637851493
7176-88083-0017_4446-2271-0004__T2__4446-4446-2271-0004__HSIMV3__1284-1284-1180-0018__SIRm5,4446,7176,23,0.391304347826087,0.5217391304347826,0.34782608695652173,0.0,0.0,20.34044041666285,11.75433655662676
7176-88083-0017_4992-41806-0003__T2__4992-4992-41806-0003__HSIMV3__4446-4446-2271-0016__SIRm5,4992,7176,17,0.0,0.0,0.0,0.0,0.0,51.74527579487333,19.938942957987493
7176-88083-0018_2830-3980-0052__T2__2830-2830-3980-0052__HSIMV3__1188-1188-133604-0038__SIRm5,2830,7176,8,0.0,0.0,0.0,0.0,0.0,48.993917304423405,18.33620836686726
7176-88083-0019_2830-3980-0037__T2__2830-2830-3980-0037__HSIMV3__1188-1188-133604-0039__SIRm5,2830,7176,11,0.09090909090909091,0.0,0.0,0.0,0.0,44.156765886854245,18.06385736648179
7176-88083-0019_5142-36377-0000__T2__5142-5142-36377-0000__HSIMV3__4970-4970-29093-0015__SIRm5,5142,7176,5,0.0,0.0,0.0,0.0,0.0,40.485358408359446,18.086432264560933
7176-88083-0019_61-70968-0019__T2__61-61-70968-0019__HSIMV3__8230-8230-279154-0022__SIRm5,61,7176,9,0.0,0.0,0.0,0.0,0.0,43.41491815086768,17.80568568187477
7176-88083-0020_5683-32879-0003__T2__5683-5683-32879-0003__HSIMV3__237-237-134500-0041__SIRm5,5683,7176,16,0.0,0.0625,0.0,0.0,0.0,48.808859320213124,20.15342931708004
7176-88083-0021_1320-122612-0014__T2__1320-1320-122612-0014__HSIMV3__5105-5105-28240-0002__SIRm5,1320,7176,6,0.0,0.0,0.0,0.0,0.0,45.65545487712848,18.99266345055089
7176-88083-0022_908-31957-0001__T2__908-908-31957-0001__HSIMV3__7176-7176-88083-0018__SIRm5,908,7176,19,0.05263157894736842,0.0,0.0,0.0,0.0,35.51530173855083,17.00262214125741
7176-88083-0023_2300-131720-0040__T2__2300-2300-131720-0040__HSIMV3__61-61-70970-0021__SIRm5,2300,7176,9,0.0,0.0,0.0,0.0,0.0,43.284589520761514,17.6921939723564
7176-88083-0023_7127-75946-0022__T2__7127-7127-75946-0022__HSIMV3__8455-8455-210777-0057__SIRm5,7127,7176,20,0.0,0.0,0.0,0.0,0.0,42.30028874778968,16.79213710129896
7176-88083-0025_1089-134686-0033__T2__1089-1089-134686-0033__HSIMV3__8230-8230-279154-0003__SIRm5,1089,7176,5,0.0,0.0,0.0,0.0,0.0,48.417541879303926,16.5974472884596
7176-88083-0026_121-127105-0003__T2__121-121-127105-0003__HSIMV3__237-237-134493-0001__SIRm5,121,7176,13,0.07692307692307693,0.15384615384615385,0.07692307692307693,0.0,0.0,32.38039627403768,14.478028141003046
7176-92135-0002_8555-284449-0020__T2__8555-8555-284449-0020__HSIMV3__4970-4970-29095-0036__SIRm5,8555,7176,9,0.1111111111111111,0.1111111111111111,0.1111111111111111,0.0,0.0,15.417004773316876,11.540488295124945
7176-92135-0005_3570-5694-0004__T2__3570-3570-5694-0004__HSIMV3__4507-4507-16021-0037__SIRm5,3570,7176,9,0.0,0.0,0.0,0.0,0.0,59.820545771785675,23.84280840103074
7176-92135-0009_5142-36377-0000__T2__5142-5142-36377-0000__HSIMV3__4970-4970-29093-0015__SIRm5,5142,7176,5,0.0,0.0,0.0,0.0,0.0,40.286946899121574,18.08321144146558
7176-92135-0012_4992-41797-0000__T2__4992-4992-41797-0000__HSIMV3__4446-4446-2271-0008__SIRm5,4992,7176,9,0.0,0.0,0.0,0.0,0.0,51.65201312059238,19.00365521332933
7176-92135-0013_3575-170457-0008__T2__3575-3575-170457-0008__HSIMV3__237-237-134500-0018__SIRm5,3575,7176,24,0.0,0.0,0.0,0.0,0.0,54.49033798042915,22.34710685504642
7176-92135-0013_61-70970-0031__T2__61-61-70970-0031__HSIMV3__8230-8230-279154-0039__SIRm5,61,7176,8,0.0,0.0,0.0,0.0,0.0,43.7336928074869,15.510854589693878
7176-92135-0013_672-122797-0059__T2__672-672-122797-0059__HSIMV3__260-260-123288-0022__SIRm5,672,7176,6,0.3333333333333333,0.16666666666666666,0.16666666666666666,0.5,0.16666666666666666,-1.4354197176810395,5.666556254597872
7176-92135-0014_1089-134691-0004__T2__1089-1089-134691-0004__HSIMV3__8230-8230-279154-0039__SIRm5,1089,7176,8,0.0,0.0,0.0,0.0,0.0,57.19067794914556,20.782083586519235
7176-92135-0015_1320-122617-0017__T2__1320-1320-122617-0017__HSIMV3__5105-5105-28240-0000__SIRm5,1320,7176,9,0.0,0.0,0.0,0.0,0.0,51.29930606322256,20.76288254388514
7176-92135-0015_4992-23283-0007__T2__4992-4992-23283-0007__HSIMV3__4446-4446-2275-0008__SIRm5,4992,7176,7,0.0,0.0,0.0,0.0,0.0,52.739848256309806,19.3733754709192
7176-92135-0017_1580-141083-0006__T2__1580-1580-141083-0006__HSIMV3__237-237-126133-0001__SIRm5,1580,7176,20,0.0,0.0,0.0,0.0,0.0,47.626876153946924,19.43163796302772
7176-92135-0020_2830-3980-0010__T2__2830-2830-3980-0010__HSIMV3__1188-1188-133604-0039__SIRm5,2830,7176,12,0.0,0.0,0.0,0.0,0.0,49.68610435301867,18.28449423290583
7176-92135-0020_2830-3980-0029__T2__2830-2830-3980-0029__HSIMV3__1188-1188-133604-0022__SIRm5,2830,7176,17,0.058823529411764705,0.058823529411764705,0.058823529411764705,0.0,0.0,48.00985740635507,18.91447843536692
7176-92135-0022_1995-1837-0017__T2__1995-1995-1837-0017__HSIMV3__2094-2094-142345-0045__SIRm5,1995,7176,5,0.0,0.0,0.0,0.0,0.0,48.96814443420268,21.53308205663275
7176-92135-0022_4507-16021-0040__T2__4507-4507-16021-0040__HSIMV3__3729-3729-6852-0016__SIRm5,4507,7176,6,0.0,0.0,0.0,0.0,0.0,39.0231684005657,18.794500707834658
7176-92135-0022_672-122797-0054__T2__672-672-122797-0054__HSIMV3__260-260-123288-0004__SIRm5,672,7176,7,0.0,0.0,0.0,0.0,0.0,35.755285941374,15.425435490107262
7176-92135-0023_1188-133604-0032__T2__1188-1188-133604-0032__HSIMV3__2830-2830-3980-0048__SIRm5,1188,7176,18,0.0,0.0,0.0,0.0,0.0,50.865329341979994,18.91841208040434
7176-92135-0023_1320-122617-0011__T2__1320-1320-122617-0011__HSIMV3__5105-5105-28233-0008__SIRm5,1320,7176,18,0.0,0.0,0.0,0.0,0.0,53.297337355502826,20.46354457946778
7176-92135-0023_1995-1826-0019__T2__1995-1995-1826-0019__HSIMV3__2094-2094-142345-0051__SIRm5,1995,7176,9,0.1111111111111111,0.0,0.0,0.0,0.0,56.54047774767308,22.92824071681985
7176-92135-0028_4446-2275-0043__T2__4446-4446-2275-0043__HSIMV3__1284-1284-1180-0020__SIRm5,4446,7176,10,0.0,0.0,0.0,0.0,0.0,47.300744745677406,18.464799752686982
7176-92135-0028_6930-81414-0022__T2__6930-6930-81414-0022__HSIMV3__260-260-123288-0004__SIRm5,6930,7176,7,0.0,0.0,0.0,0.0,0.0,42.329153794299145,17.052052227983665
7176-92135-0028_8455-210777-0024__T2__8455-8455-210777-0024__HSIMV3__1320-1320-122612-0002__SIRm5,8455,7176,13,0.07692307692307693,0.0,0.0,0.0,0.0,54.806274730042,21.05261292496285
7176-92135-0031_4446-2273-0021__T2__4446-4446-2273-0021__HSIMV3__1284-1284-1180-0029__SIRm5,4446,7176,9,0.0,0.0,0.0,0.0,0.0,43.28243956111468,19.12271205462689
7176-92135-0031_7729-102255-0025__T2__7729-7729-102255-0025__HSIMV3__7176-7176-88083-0020__SIRm5,7729,7176,9,0.0,0.0,0.0,0.0,0.0,38.95919228693719,15.83029037252498
7176-92135-0031_8224-274384-0002__T2__8224-8224-274384-0002__HSIMV3__8455-8455-210777-0055__SIRm5,8224,7176,18,0.0,0.0,0.0,0.0,0.0,45.91817649572417,19.275508837536243
7176-92135-0032_4970-29093-0011__T2__4970-4970-29093-0011__HSIMV3__6829-6829-68771-0001__SIRm5,4970,7176,19,0.05263157894736842,0.0,0.0,0.0,0.0,48.384161638943915,19.14417327059352
7176-92135-0034_4992-41806-0012__T2__4992-4992-41806-0012__HSIMV3__4446-4446-2271-0001__SIRm5,4992,7176,11,0.0,0.0,0.0,0.0,0.0,53.44182288718921,18.96069478162643
7176-92135-0035_4992-23283-0003__T2__4992-4992-23283-0003__HSIMV3__4446-4446-2273-0024__SIRm5,4992,7176,8,0.0,0.0,0.0,0.0,0.0,49.607612621383986,20.968610896436907
7176-92135-0035_61-70968-0013__T2__61-61-70968-0013__HSIMV3__8230-8230-279154-0039__SIRm5,61,7176,7,0.0,0.0,0.0,0.0,0.0,44.689674334719875,17.448486293102768
7176-92135-0035_7729-102255-0029__T2__7729-7729-102255-0029__HSIMV3__7176-7176-88083-0010__SIRm5,7729,7176,12,0.0,0.0,0.0,0.0,0.0,44.628156606122865,17.939529841018913
7176-92135-0036_1320-122617-0026__T2__1320-1320-122617-0026__HSIMV3__5105-5105-28240-0000__SIRm5,1320,7176,9,0.0,0.0,0.0,0.0,0.0,59.258194341665366,21.50938505819618
7176-92135-0036_3570-5696-0004__T2__3570-3570-5696-0004__HSIMV3__4507-4507-16021-0046__SIRm5,3570,7176,8,0.0,0.0,0.0,0.0,0.0,59.4453012056374,21.160327073745176
7176-92135-0038_260-123288-0027__T2__260-260-123288-0027__HSIMV3__672-672-122797-0070__SIRm5,260,7176,11,0.0,0.0,0.0,0.0,0.0,54.55434059260658,20.369282748581945
7176-92135-0040_1089-134686-0005__T2__1089-1089-134686-0005__HSIMV3__8230-8230-279154-0026__SIRm5,1089,7176,17,0.0,0.0,0.0,0.0,0.0,51.22270379871174,20.06148677266591
7176-92135-0041_672-122797-0045__T2__672-672-122797-0045__HSIMV3__260-260-123288-0025__SIRm5,672,7176,24,0.0,0.041666666666666664,0.0,0.041666666666666664,0.0,40.04610052810275,11.8096201566942
7176-92135-0041_6829-68771-0032__T2__6829-6829-68771-0032__HSIMV3__4446-4446-2275-0000__SIRm5,6829,7176,11,0.0,0.0,0.0,0.0,0.0,47.58367487119204,19.403236422069654
7176-92135-0041_7127-75947-0037__T2__7127-7127-75947-0037__HSIMV3__8455-8455-210777-0000__SIRm5,7127,7176,16,0.0,0.0,0.0,0.0,0.0,45.65570111227179,17.824612247060195
7176-92135-0042_1580-141084-0015__T2__1580-1580-141084-0015__HSIMV3__237-237-126133-0004__SIRm5,1580,7176,5,0.0,0.0,0.0,0.0,0.0,47.31294516300754,20.062147616936333
7176-92135-0042_5105-28241-0012__T2__5105-5105-28241-0012__HSIMV3__1320-1320-122612-0013__SIRm5,5105,7176,12,0.0,0.0,0.0,0.0,0.0,50.018930688272384,18.48026129350317
7176-92135-0042_7021-79730-0001__T2__7021-7021-79730-0001__HSIMV3__5105-5105-28240-0009__SIRm5,7021,7176,21,0.047619047619047616,0.0,0.0,0.0,0.0,49.24181494166961,19.18781944857635
7176-92135-0043_1284-1181-0010__T2__1284-1284-1181-0010__HSIMV3__4446-4446-2271-0001__SIRm5,1284,7176,11,0.0,0.0,0.0,0.0,0.0,49.66559114650234,18.080370504148547
7176-92135-0043_2830-3979-0001__T2__2830-2830-3979-0001__HSIMV3__1188-1188-133604-0015__SIRm5,2830,7176,30,0.0,0.03333333333333333,0.0,0.0,0.0,46.52847912003317,19.331995826625658
7176-92135-0044_61-70970-0039__T2__61-61-70970-0039__HSIMV3__8230-8230-279154-0021__SIRm5,61,7176,12,0.0,0.0,0.0,0.0,0.0,38.33568418101698,16.002444056990278
7176-92135-0045_3729-6852-0039__T2__3729-3729-6852-0039__HSIMV3__4507-4507-16021-0025__SIRm5,3729,7176,16,0.0,0.125,0.0,0.0,0.0,52.080229998326146,19.321072680392525
7176-92135-0045_4970-29095-0033__T2__4970-4970-29095-0033__HSIMV3__6829-6829-68769-0000__SIRm5,4970,7176,21,0.0,0.0,0.0,0.0,0.0,49.6391727492677,21.52526924847789
7176-92135-0045_8555-284447-0014__T2__8555-8555-284447-0014__HSIMV3__4970-4970-29095-0038__SIRm5,8555,7176,15,0.0,0.06666666666666667,0.0,0.0,0.0,45.80084914074883,22.75607020937953
7729-102255-0000_1580-141084-0039__T2__1580-1580-141084-0039__HSIMV3__237-237-126133-0022__SIRm5,1580,7729,8,0.0,0.0,0.0,0.0,0.0,45.807649822856305,19.623458565430774
7729-102255-0001_1089-134691-0010__T2__1089-1089-134691-0010__HSIMV3__8230-8230-279154-0003__SIRm5,1089,7729,5,0.0,0.0,0.0,0.0,0.0,41.79794171245425,15.688092646421858
7729-102255-0001_260-123286-0006__T2__260-260-123286-0006__HSIMV3__672-672-122797-0061__SIRm5,260,7729,13,0.07692307692307693,0.0,0.0,0.0,0.0,55.560442265636865,19.444833524615127
7729-102255-0001_5683-32866-0030__T2__5683-5683-32866-0030__HSIMV3__237-237-134500-0032__SIRm5,5683,7729,8,0.0,0.0,0.0,0.0,0.0,49.31125254109506,20.7703180517857
7729-102255-0002_1221-135766-0001__T2__1221-1221-135766-0001__HSIMV3__4992-4992-23283-0017__SIRm5,1221,7729,27,0.0,0.0,0.0,0.0,0.0,44.41922147847271,18.788912591082017
7729-102255-0002_1995-1837-0025__T2__1995-1995-1837-0025__HSIMV3__2094-2094-142345-0037__SIRm5,1995,7729,18,0.05555555555555555,0.0,0.0,0.0,0.0,65.56464283841518,22.862905540853284
7729-102255-0005_121-121726-0007__T2__121-121-121726-0007__HSIMV3__237-237-126133-0017__SIRm5,121,7729,10,0.1,0.7,0.1,0.0,0.0,53.68233107156135,22.35201476244669
7729-102255-0005_7021-85628-0005__T2__7021-7021-85628-0005__HSIMV3__5105-5105-28240-0007__SIRm5,7021,7729,8,0.125,0.0,0.0,0.0,0.0,49.84428395403116,19.52443561340508
7729-102255-0007_1320-122612-0009__T2__1320-1320-122612-0009__HSIMV3__5105-5105-28240-0002__SIRm5,1320,7729,6,0.16666666666666666,0.0,0.0,0.0,0.0,43.63881727922297,17.863770090731137
7729-102255-0007_7021-85628-0010__T2__7021-7021-85628-0010__HSIMV3__5105-5105-28240-0024__SIRm5,7021,7729,15,0.0,0.0,0.0,0.0,0.0,55.20575019282538,21.216420680808547
7729-102255-0010_8555-284449-0003__T2__8555-8555-284449-0003__HSIMV3__4970-4970-29095-0038__SIRm5,8555,7729,16,0.75,0.6875,0.5,0.6875,0.4375,-5.967255589212343,0.4589787091031256
7729-102255-0012_1320-122617-0000__T2__1320-1320-122617-0000__HSIMV3__5105-5105-28240-0024__SIRm5,1320,7729,14,0.07142857142857142,0.14285714285714285,0.0,0.0,0.0,53.408633969565265,19.863555818562283
7729-102255-0012_5142-36377-0022__T2__5142-5142-36377-0022__HSIMV3__4970-4970-29095-0026__SIRm5,5142,7729,20,0.0,0.05,0.0,0.0,0.0,50.441594953468346,20.70556430075348
7729-102255-0014_1320-122617-0023__T2__1320-1320-122617-0023__HSIMV3__5105-5105-28240-0024__SIRm5,1320,7729,14,0.0,0.07142857142857142,0.0,0.0,0.0,55.16162696814024,20.825165288610904
7729-102255-0014_4446-2271-0011__T2__4446-4446-2271-0011__HSIMV3__1284-1284-1181-0000__SIRm5,4446,7729,6,1.0,1.0,1.0,1.0,1.0,-50.17114664987586,-29.07881167361193
7729-102255-0015_2830-3980-0074__T2__2830-2830-3980-0074__HSIMV3__1188-1188-133604-0038__SIRm5,2830,7729,9,0.0,0.0,0.0,0.0,0.0,47.38299197001623,18.606409966829226
7729-102255-0015_7127-75946-0012__T2__7127-7127-75946-0012__HSIMV3__8455-8455-210777-0055__SIRm5,7127,7729,18,0.05555555555555555,0.1111111111111111,0.05555555555555555,0.0,0.0,44.18678332306397,17.47144281691004
7729-102255-0017_4970-29093-0009__T2__4970-4970-29093-0009__HSIMV3__6829-6829-68771-0010__SIRm5,4970,7729,17,0.0,0.0,0.0,0.0,0.0,46.71656762441228,19.765372659905065
7729-102255-0017_672-122797-0063__T2__672-672-122797-0063__HSIMV3__260-260-123288-0006__SIRm5,672,7729,8,0.0,0.0,0.0,0.0,0.0,30.6989054313986,14.213804094937966
7729-102255-0018_3575-170457-0037__T2__3575-3575-170457-0037__HSIMV3__237-237-134500-0018__SIRm5,3575,7729,23,0.0,0.0,0.0,0.0,0.0,56.335049524809186,22.25343919285256
7729-102255-0018_7127-75946-0024__T2__7127-7127-75946-0024__HSIMV3__8455-8455-210777-0056__SIRm5,7127,7729,9,0.0,0.0,0.0,0.0,0.0,40.858931715941836,17.63683334749733
7729-102255-0019_1188-133604-0017__T2__1188-1188-133604-0017__HSIMV3__2830-2830-3979-0006__SIRm5,1188,7729,8,0.0,0.0,0.0,0.0,0.0,51.93453097213843,19.233405762657444
7729-102255-0021_61-70968-0050__T2__61-61-70968-0050__HSIMV3__8230-8230-279154-0022__SIRm5,61,7729,10,0.0,0.0,0.0,0.0,0.0,42.96268795435422,16.503578467103278
7729-102255-0021_8463-294825-0019__T2__8463-8463-294825-0019__HSIMV3__4992-4992-23283-0015__SIRm5,8463,7729,5,0.0,0.0,0.0,0.0,0.0,47.04076638861891,17.591426236632607
7729-102255-0022_1320-122617-0000__T2__1320-1320-122617-0000__HSIMV3__5105-5105-28240-0024__SIRm5,1320,7729,14,0.07142857142857142,0.14285714285714285,0.0,0.0,0.0,53.403444797526426,19.864781077552536
7729-102255-0023_2094-142345-0014__T2__2094-2094-142345-0014__HSIMV3__3729-3729-6852-0020__SIRm5,2094,7729,24,0.0,0.0,0.0,0.0,0.0,51.57813577528132,19.62839386485728
7729-102255-0023_237-134500-0040__T2__237-237-134500-0040__HSIMV3__5683-5683-32866-0006__SIRm5,237,7729,7,0.0,0.0,0.0,0.0,0.0,48.10356291122689,20.38217603463612
7729-102255-0023_61-70968-0033__T2__61-61-70968-0033__HSIMV3__8230-8230-279154-0021__SIRm5,61,7729,10,0.0,0.0,0.0,0.0,0.0,37.725469707075355,16.97375999822611
7729-102255-0024_237-134493-0011__T2__237-237-134493-0011__HSIMV3__5683-5683-32866-0016__SIRm5,237,7729,8,0.0,0.0,0.0,0.0,0.0,55.52118272981995,21.54733039188828
7729-102255-0024_3575-170457-0047__T2__3575-3575-170457-0047__HSIMV3__237-237-134500-0036__SIRm5,3575,7729,12,0.0,0.08333333333333333,0.0,0.0,0.0,45.58532801850515,18.755351931639808
7729-102255-0024_61-70970-0002__T2__61-61-70970-0002__HSIMV3__8230-8230-279154-0032__SIRm5,61,7729,6,0.0,0.0,0.0,0.0,0.0,42.27889558927692,19.187693575176844
7729-102255-0025_2830-3980-0029__T2__2830-2830-3980-0029__HSIMV3__1188-1188-133604-0022__SIRm5,2830,7729,17,0.058823529411764705,0.058823529411764705,0.058823529411764705,0.0,0.0,48.01059663561426,18.914490945070245
7729-102255-0025_5639-40744-0026__T2__5639-5639-40744-0026__HSIMV3__1089-1089-134686-0019__SIRm5,5639,7729,26,0.0,0.0,0.0,0.0,0.0,59.54526678763648,22.45541151744816
7729-102255-0026_2961-961-0000__T2__2961-2961-961-0000__HSIMV3__3570-3570-5696-0004__SIRm5,2961,7729,8,0.0,0.0,0.0,0.0,0.0,55.7396910487555,21.30366065472822
7729-102255-0027_8463-294828-0017__T2__8463-8463-294828-0017__HSIMV3__4992-4992-41806-0003__SIRm5,8463,7729,17,0.0,0.0,0.0,0.0,0.0,51.82917123548627,20.952578307152145
7729-102255-0027_8555-284449-0015__T2__8555-8555-284449-0015__HSIMV3__4970-4970-29095-0036__SIRm5,8555,7729,9,0.0,0.0,0.0,0.0,0.0,57.54162759013938,22.709050091505663
7729-102255-0028_6930-75918-0019__T2__6930-6930-75918-0019__HSIMV3__260-260-123288-0007__SIRm5,6930,7729,21,0.0,0.0,0.0,0.0,0.0,45.45245439884733,18.321161176953723
7729-102255-0028_7127-75946-0020__T2__7127-7127-75946-0020__HSIMV3__8455-8455-210777-0041__SIRm5,7127,7729,11,0.0,0.09090909090909091,0.0,0.0,0.0,42.83090640273245,17.56394666176787
7729-102255-0028_7176-92135-0039__T2__7176-7176-92135-0039__HSIMV3__61-61-70970-0012__SIRm5,7176,7729,5,0.0,0.0,0.0,0.0,0.0,33.71900857503236,16.84635259615517
7729-102255-0030_5142-33396-0001__T2__5142-5142-33396-0001__HSIMV3__4970-4970-29095-0035__SIRm5,5142,7729,8,0.0,0.0,0.0,0.0,0.0,48.95280550629191,20.345648002402303
7729-102255-0030_672-122797-0057__T2__672-672-122797-0057__HSIMV3__1320-1320-122612-0013__SIRm5,672,7729,12,1.0,1.0,1.0,1.0,1.0,-47.55160800963855,-23.35699597123568
7729-102255-0031_2094-142345-0028__T2__2094-2094-142345-0028__HSIMV3__3729-3729-6852-0044__SIRm5,2094,7729,12,0.0,0.08333333333333333,0.0,0.0,0.0,58.688616996562075,23.11573663637421
7729-102255-0033_61-70968-0010__T2__61-61-70968-0010__HSIMV3__8230-8230-279154-0029__SIRm5,61,7729,15,0.0,0.0,0.0,0.0,0.0,38.14484481973854,16.511006874848658
7729-102255-0035_1320-122617-0041__T2__1320-1320-122617-0041__HSIMV3__5105-5105-28233-0000__SIRm5,1320,7729,7,0.0,0.0,0.0,0.0,0.0,48.544456924546544,20.5837043449428
7729-102255-0035_61-70968-0005__T2__61-61-70968-0005__HSIMV3__8230-8230-279154-0039__SIRm5,61,7729,8,0.0,0.0,0.0,0.0,0.0,33.16082083417908,10.68534920955093
7729-102255-0036_1580-141083-0031__T2__1580-1580-141083-0031__HSIMV3__237-237-134500-0033__SIRm5,1580,7729,11,0.0,0.09090909090909091,0.0,0.0,0.0,51.2036380658036,20.937596793615217
7729-102255-0037_237-126133-0024__T2__237-237-126133-0024__HSIMV3__5683-5683-32865-0009__SIRm5,237,7729,18,0.0,0.0,0.0,0.0,0.0,53.78503634533308,21.732042651639578
7729-102255-0037_8463-294828-0000__T2__8463-8463-294828-0000__HSIMV3__4992-4992-41806-0005__SIRm5,8463,7729,6,0.0,0.0,0.0,0.0,0.0,61.52879789964973,21.60794145355533
7729-102255-0038_1284-1180-0000__T2__1284-1284-1180-0000__HSIMV3__4446-4446-2271-0009__SIRm5,1284,7729,14,0.0,0.0,0.0,0.0,0.0,48.189981192524904,17.583728319901635
7729-102255-0038_8463-294828-0012__T2__8463-8463-294828-0012__HSIMV3__4992-4992-23283-0003__SIRm5,8463,7729,8,0.0,0.0,0.0,0.0,0.0,49.14480844279015,19.13539394664869
7729-102255-0039_121-127105-0006__T2__121-121-127105-0006__HSIMV3__237-237-126133-0022__SIRm5,121,7729,8,0.625,0.625,0.5,0.375,0.375,6.1120537253297815,4.563432998545068
7729-102255-0039_4992-41797-0014__T2__4992-4992-41797-0014__HSIMV3__4446-4446-2275-0016__SIRm5,4992,7729,12,0.0,0.0,0.0,0.0,0.0,57.510970704169075,21.93410805636728
7729-102255-0039_6829-68769-0017__T2__6829-6829-68769-0017__HSIMV3__4970-4970-29095-0029__SIRm5,6829,7729,6,0.0,0.0,0.0,0.0,0.0,48.92792650332601,20.77103822508813
7729-102255-0040_672-122797-0044__T2__672-672-122797-0044__HSIMV3__260-260-123288-0022__SIRm5,672,7729,6,0.0,0.0,0.0,0.0,0.0,38.54975489762364,14.027577295822244
7729-102255-0041_1320-122617-0019__T2__1320-1320-122617-0019__HSIMV3__5105-5105-28240-0024__SIRm5,1320,7729,15,0.0,0.06666666666666667,0.0,0.0,0.0,53.917136629154726,20.74714981212537
7729-102255-0042_121-121726-0005__T2__121-121-121726-0005__HSIMV3__237-237-134500-0034__SIRm5,121,7729,5,0.0,0.6,0.0,0.0,0.0,38.585565569573134,18.10160611800324
7729-102255-0043_1284-1180-0003__T2__1284-1284-1180-0003__HSIMV3__4446-4446-2275-0019__SIRm5,1284,7729,8,0.0,0.0,0.0,0.0,0.0,50.20318905735643,20.831067513974904
7729-102255-0043_3575-170457-0028__T2__3575-3575-170457-0028__HSIMV3__237-237-126133-0022__SIRm5,3575,7729,9,0.0,0.0,0.0,0.0,0.0,57.12361115372658,21.419851199551083
7729-102255-0043_5142-33396-0023__T2__5142-5142-33396-0023__HSIMV3__4970-4970-29093-0008__SIRm5,5142,7729,5,0.0,0.0,0.0,0.0,0.0,46.1503662254912,20.17648610178091
7729-102255-0045_61-70968-0016__T2__61-61-70968-0016__HSIMV3__7176-7176-88083-0017__SIRm5,61,7729,6,0.0,0.0,0.0,0.0,0.0,28.292874853014343,15.250675471491222
8224-274381-0003_260-123440-0014__T2__260-260-123440-0014__HSIMV3__672-672-122797-0031__SIRm5,260,8224,6,0.0,0.0,0.0,0.0,0.0,45.93063442617778,20.389247301918296
8224-274381-0010_5105-28240-0000__T2__5105-5105-28240-0000__HSIMV3__1320-1320-122617-0017__SIRm5,5105,8224,9,0.0,0.0,0.0,0.0,0.0,49.16070014535117,20.68918561625373
8224-274381-0010_6930-75918-0018__T2__6930-6930-75918-0018__HSIMV3__260-260-123288-0007__SIRm5,6930,8224,20,0.0,0.0,0.0,0.0,0.0,47.35757849310345,18.6786466735461
8224-274381-0011_1580-141083-0050__T2__1580-1580-141083-0050__HSIMV3__237-237-134500-0034__SIRm5,1580,8224,5,0.0,0.0,0.0,0.0,0.0,42.08184166545523,17.966677955675515
8224-274381-0011_5683-32865-0010__T2__5683-5683-32865-0010__HSIMV3__237-237-126133-0014__SIRm5,5683,8224,11,1.0,1.0,1.0,1.0,1.0,-56.45727207157599,-36.48412283804326
8224-274381-0013_1284-1180-0026__T2__1284-1284-1180-0026__HSIMV3__4446-4446-2271-0009__SIRm5,1284,8224,14,0.0,0.0,0.0,0.0,0.0,42.462529108290475,17.625673013433396
8224-274381-0013_1320-122617-0013__T2__1320-1320-122617-0013__HSIMV3__5105-5105-28233-0008__SIRm5,1320,8224,20,0.0,0.0,0.0,0.0,0.0,48.96396754137753,19.767450528063232
8224-274384-0000_5683-32865-0004__T2__5683-5683-32865-0004__HSIMV3__237-237-126133-0019__SIRm5,5683,8224,13,0.0,0.0,0.0,0.0,0.0,40.432650800448044,19.476371503620083
8224-274384-0002_2830-3979-0010__T2__2830-2830-3979-0010__HSIMV3__1188-1188-133604-0040__SIRm5,2830,8224,5,0.0,0.0,0.0,0.0,0.0,42.939069951629435,17.492776693419408
8224-274384-0002_4446-2275-0019__T2__4446-4446-2275-0019__HSIMV3__4992-4992-41797-0006__SIRm5,4446,8224,8,0.0,0.0,0.0,0.0,0.0,49.74408201870056,20.509063909321764
8224-274384-0003_3570-5694-0016__T2__3570-3570-5694-0016__HSIMV3__4507-4507-16021-0030__SIRm5,3570,8224,27,0.0,0.0,0.0,0.0,0.0,58.540251522672214,23.55675849552529
8224-274384-0005_5639-40744-0021__T2__5639-5639-40744-0021__HSIMV3__1089-1089-134686-0024__SIRm5,5639,8224,20,0.0,0.0,0.0,0.0,0.0,53.79897258665933,20.367446391065723
8224-274384-0007_2961-961-0019__T2__2961-2961-961-0019__HSIMV3__3570-3570-5694-0010__SIRm5,2961,8224,23,0.0,0.0,0.0,0.0,0.0,54.123987344144254,21.71102495546675
8224-274384-0007_6930-76324-0002__T2__6930-6930-76324-0002__HSIMV3__260-260-123286-0018__SIRm5,6930,8224,10,0.0,0.0,0.0,0.0,0.0,45.074687740271244,17.971078518273604
8224-274384-0008_1188-133604-0031__T2__1188-1188-133604-0031__HSIMV3__2830-2830-3979-0002__SIRm5,1188,8224,7,0.2857142857142857,0.0,0.0,0.14285714285714285,0.0,32.003995269200665,10.594977361485537
8224-274384-0008_61-70970-0035__T2__61-61-70970-0035__HSIMV3__8230-8230-279154-0035__SIRm5,61,8224,13,0.0,0.0,0.0,0.07692307692307693,0.0,34.641294762737054,9.155680988702397
8224-274384-0009_3575-170457-0048__T2__3575-3575-170457-0048__HSIMV3__237-237-134500-0032__SIRm5,3575,8224,9,0.0,0.0,0.0,0.0,0.0,58.62731929201613,22.251359619438364
8224-274384-0013_1995-1826-0000__T2__1995-1995-1826-0000__HSIMV3__2094-2094-142345-0057__SIRm5,1995,8224,17,0.0,0.0,0.0,0.0,0.0,46.884394786337765,21.197679445492625
8224-274384-0013_5639-40744-0012__T2__5639-5639-40744-0012__HSIMV3__1089-1089-134686-0017__SIRm5,5639,8224,16,0.0,0.0,0.0,0.0,0.0,45.30129415845171,20.074750968708184
8230-279154-0001_8555-284447-0005__T2__8555-8555-284447-0005__HSIMV3__4970-4970-29095-0016__SIRm5,8555,8230,12,1.0,1.0,1.0,1.0,1.0,-53.18251480165233,-30.281532922192305
8230-279154-0003_1580-141083-0001__T2__1580-1580-141083-0001__HSIMV3__237-237-126133-0024__SIRm5,1580,8230,18,0.0,0.0,0.0,0.0,0.0,51.891940379756534,20.958744210715263
8230-279154-0003_2300-131720-0011__T2__2300-2300-131720-0011__HSIMV3__61-61-70970-0004__SIRm5,2300,8230,20,0.0,0.0,0.0,0.0,0.0,48.110837674275544,17.56262725215582
8230-279154-0003_3570-5695-0002__T2__3570-3570-5695-0002__HSIMV3__4507-4507-16021-0053__SIRm5,3570,8230,14,0.0,0.07142857142857142,0.0,0.0,0.0,52.428818336538725,21.37158210378744
8230-279154-0004_7127-75947-0023__T2__7127-7127-75947-0023__HSIMV3__8455-8455-210777-0056__SIRm5,7127,8230,9,0.0,0.0,0.0,0.0,0.0,42.58132320437174,16.791912263492733
8230-279154-0005_2300-131720-0038__T2__2300-2300-131720-0038__HSIMV3__61-61-70970-0026__SIRm5,2300,8230,9,0.0,0.0,0.0,0.0,0.0,43.99334818988663,18.599357693285707
8230-279154-0005_5683-32866-0002__T2__5683-5683-32866-0002__HSIMV3__237-237-126133-0022__SIRm5,5683,8230,9,0.0,0.0,0.0,0.0,0.0,59.03686593332715,23.84047908511108
8230-279154-0005_6829-68769-0028__T2__6829-6829-68769-0028__HSIMV3__4970-4970-29093-0015__SIRm5,6829,8230,5,0.0,0.0,0.0,0.0,0.0,52.69893386533806,20.040874360376414
8230-279154-0006_237-126133-0005__T2__237-237-126133-0005__HSIMV3__5683-5683-32879-0007__SIRm5,237,8230,12,0.0,0.0,0.0,0.0,0.0,49.53126253662439,19.8016336286348
8230-279154-0007_8555-292519-0007__T2__8555-8555-292519-0007__HSIMV3__4970-4970-29095-0038__SIRm5,8555,8230,15,0.0,0.0,0.0,0.0,0.0,60.19363421051303,22.579771511388305
8230-279154-0008_7021-85628-0021__T2__7021-7021-85628-0021__HSIMV3__5105-5105-28240-0000__SIRm5,7021,8230,9,0.0,0.0,0.0,0.0,0.0,49.18382226071421,20.294369716343816
8230-279154-0008_8555-284447-0017__T2__8555-8555-284447-0017__HSIMV3__4970-4970-29095-0020__SIRm5,8555,8230,22,0.9545454545454546,0.8636363636363636,0.8636363636363636,0.9090909090909091,0.8636363636363636,-45.50754200536074,-12.210600609175064
8230-279154-0011_5683-32879-0002__T2__5683-5683-32879-0002__HSIMV3__237-237-134493-0005__SIRm5,5683,8230,20,0.0,0.0,0.0,0.0,0.0,54.77213999656285,21.503394961083977
8230-279154-0012_260-123286-0005__T2__260-260-123286-0005__HSIMV3__672-672-122797-0046__SIRm5,260,8230,8,0.125,0.125,0.125,0.0,0.0,34.6026579737875,13.083374966064286
8230-279154-0012_260-123288-0024__T2__260-260-123288-0024__HSIMV3__672-672-122797-0002__SIRm5,260,8230,25,0.12,0.08,0.04,0.0,0.0,49.69964046026469,20.39890290047935
8230-279154-0014_121-123859-0003__T2__121-121-123859-0003__HSIMV3__237-237-126133-0024__SIRm5,121,8230,17,1.0,1.0,1.0,1.0,1.0,-62.9095952182553,-34.08971252888742
8230-279154-0015_1221-135767-0002__T2__1221-1221-135767-0002__HSIMV3__4992-4992-23283-0017__SIRm5,1221,8230,27,0.0,0.0,0.0,0.0,0.0,47.65118393401117,19.1675123392669
8230-279154-0016_1188-133604-0004__T2__1188-1188-133604-0004__HSIMV3__2830-2830-3980-0048__SIRm5,1188,8230,19,0.21052631578947367,0.3157894736842105,0.21052631578947367,0.15789473684210525,0.10526315789473684,16.43551860945113,5.1968374975689455
8230-279154-0016_1580-141083-0030__T2__1580-1580-141083-0030__HSIMV3__237-237-126133-0004__SIRm5,1580,8230,5,0.0,0.0,0.0,0.0,0.0,42.06648824486456,19.211829493409688
8230-279154-0017_8224-274384-0004__T2__8224-8224-274384-0004__HSIMV3__8455-8455-210777-0001__SIRm5,8224,8230,35,0.0,0.0,0.0,0.0,0.0,58.142888462435266,20.12282647567733
8230-279154-0018_1284-1181-0008__T2__1284-1284-1181-0008__HSIMV3__4446-4446-2271-0001__SIRm5,1284,8230,11,0.0,0.0,0.0,0.0,0.0,45.46008295510913,18.855427194232995
8230-279154-0020_2961-960-0013__T2__2961-2961-960-0013__HSIMV3__3570-3570-5694-0002__SIRm5,2961,8230,20,0.0,0.0,0.0,0.0,0.0,51.725372580594765,20.86606430612246
8230-279154-0021_1995-1826-0011__T2__1995-1995-1826-0011__HSIMV3__2094-2094-142345-0057__SIRm5,1995,8230,16,0.0,0.0,0.0,0.0,0.0,47.07041487692538,21.537551223816955
8230-279154-0022_1284-1181-0020__T2__1284-1284-1181-0020__HSIMV3__4446-4446-2271-0001__SIRm5,1284,8230,11,0.0,0.0,0.0,0.0,0.0,49.862493502457,18.132709899824768
8230-279154-0022_237-126133-0008__T2__237-237-126133-0008__HSIMV3__5683-5683-32865-0015__SIRm5,237,8230,5,0.0,0.0,0.0,0.0,0.0,45.99502451227996,18.465201680072767
8230-279154-0022_4446-2271-0009__T2__4446-4446-2271-0009__HSIMV3__1284-1284-1181-0014__SIRm5,4446,8230,14,1.0,1.0,1.0,1.0,1.0,-52.329110452197185,-28.434018455356068
8230-279154-0023_260-123286-0002__T2__260-260-123286-0002__HSIMV3__672-672-122797-0004__SIRm5,260,8230,18,0.1111111111111111,0.2777777777777778,0.1111111111111111,0.0,0.0,45.23127679199572,16.972528446046223
8230-279154-0024_8463-287645-0014__T2__8463-8463-287645-0014__HSIMV3__4992-4992-41797-0016__SIRm5,8463,8230,5,0.0,0.0,0.0,0.0,0.0,51.509717359541824,20.72754147201524
8230-279154-0026_2300-131720-0034__T2__2300-2300-131720-0034__HSIMV3__61-61-70970-0015__SIRm5,2300,8230,15,0.0,0.0,0.0,0.0,0.0,43.03076967479342,16.450310119631663
8230-279154-0026_672-122797-0020__T2__672-672-122797-0020__HSIMV3__260-260-123288-0003__SIRm5,672,8230,15,0.0,0.0,0.0,0.0,0.0,47.93241783189158,18.51478186019647
8230-279154-0027_672-122797-0057__T2__672-672-122797-0057__HSIMV3__260-260-123440-0015__SIRm5,672,8230,11,0.0,0.0,0.0,0.0,0.0,39.571717117317355,15.562342549809838
8230-279154-0027_7127-75946-0021__T2__7127-7127-75946-0021__HSIMV3__8455-8455-210777-0012__SIRm5,7127,8230,5,0.0,0.0,0.0,0.0,0.0,55.98742367384558,20.26064143053251
8230-279154-0029_4446-2275-0022__T2__4446-4446-2275-0022__HSIMV3__1284-1284-1180-0027__SIRm5,4446,8230,5,1.0,1.0,1.0,1.0,1.0,-36.252338216576064,-18.97835645708189
8230-279154-0029_61-70968-0025__T2__61-61-70968-0025__HSIMV3__8230-8230-279154-0039__SIRm5,61,8230,7,0.0,0.0,0.0,0.0,0.0,38.85672412277414,18.066008510291457
8230-279154-0029_61-70970-0032__T2__61-61-70970-0032__HSIMV3__8230-8230-279154-0003__SIRm5,61,8230,5,0.0,0.0,0.0,0.0,0.0,37.776145366735655,15.705180752425234
8230-279154-0030_121-127105-0001__T2__121-121-127105-0001__HSIMV3__237-237-126133-0022__SIRm5,121,8230,9,0.0,0.0,0.0,0.0,0.0,35.740826319662624,19.621482625437377
8230-279154-0030_61-70970-0030__T2__61-61-70970-0030__HSIMV3__8230-8230-279154-0003__SIRm5,61,8230,5,0.2,0.2,0.2,0.0,0.0,14.959575523294632,10.33750548723138
8230-279154-0030_6829-68769-0018__T2__6829-6829-68769-0018__HSIMV3__4970-4970-29095-0032__SIRm5,6829,8230,12,0.0,0.0,0.0,0.0,0.0,49.21920280963698,20.71291800701385
8230-279154-0031_121-123859-0003__T2__121-121-123859-0003__HSIMV3__237-237-126133-0024__SIRm5,121,8230,17,1.0,1.0,1.0,1.0,1.0,-62.886824722063196,-34.0808683254921
8230-279154-0031_237-126133-0016__T2__237-237-126133-0016__HSIMV3__5683-5683-32865-0015__SIRm5,237,8230,6,0.0,0.0,0.0,0.0,0.0,51.37047627145616,21.476273956402817
8230-279154-0032_2830-3980-0028__T2__2830-2830-3980-0028__HSIMV3__1188-1188-133604-0040__SIRm5,2830,8230,5,0.0,0.0,0.0,0.0,0.0,49.070565427257215,19.188369901797017
8230-279154-0032_3570-5695-0000__T2__3570-3570-5695-0000__HSIMV3__4507-4507-16021-0046__SIRm5,3570,8230,8,0.0,0.0,0.0,0.0,0.0,49.382468455190164,22.53076639534042
8230-279154-0032_61-70968-0008__T2__61-61-70968-0008__HSIMV3__8230-8230-279154-0008__SIRm5,61,8230,6,0.0,0.0,0.0,0.0,0.0,32.69522992376104,16.311252425669544
8230-279154-0032_8555-284447-0020__T2__8555-8555-284447-0020__HSIMV3__4970-4970-29095-0017__SIRm5,8555,8230,6,1.0,1.0,1.0,1.0,1.0,-45.71695798769821,-21.225560330004537
8230-279154-0034_5142-33396-0014__T2__5142-5142-33396-0014__HSIMV3__4970-4970-29095-0008__SIRm5,5142,8230,5,0.0,0.0,0.0,0.0,0.0,46.88341337212815,20.08324479221291
8230-279154-0035_1188-133604-0036__T2__1188-1188-133604-0036__HSIMV3__2830-2830-3980-0047__SIRm5,1188,8230,14,0.0,0.0,0.0,0.0,0.0,33.28480736624261,15.627267663462684
8230-279154-0035_1580-141084-0047__T2__1580-1580-141084-0047__HSIMV3__237-237-134500-0021__SIRm5,1580,8230,9,0.0,0.0,0.0,0.0,0.0,51.70600898439148,21.24833328933613
8230-279154-0036_2961-960-0005__T2__2961-2961-960-0005__HSIMV3__3570-3570-5694-0002__SIRm5,2961,8230,19,0.0,0.0,0.0,0.0,0.0,54.18958386562431,20.32635094907144
8230-279154-0036_5142-33396-0034__T2__5142-5142-33396-0034__HSIMV3__4970-4970-29095-0032__SIRm5,5142,8230,12,0.0,0.0,0.0,0.0,0.0,51.78661356359052,20.57825390450235
8230-279154-0039_1320-122617-0031__T2__1320-1320-122617-0031__HSIMV3__5105-5105-28240-0019__SIRm5,1320,8230,11,0.09090909090909091,0.18181818181818182,0.09090909090909091,0.0,0.0,55.091423566348496,19.58636601886228
8230-279154-0039_4446-2273-0007__T2__4446-4446-2273-0007__HSIMV3__1284-1284-1181-0018__SIRm5,4446,8230,5,0.0,0.0,0.0,0.0,0.0,54.26135746004051,21.690458981888703
8455-210777-0000_5142-33396-0051__T2__5142-5142-33396-0051__HSIMV3__4970-4970-29095-0034__SIRm5,5142,8455,10,0.0,0.0,0.0,0.0,0.0,42.43288966527445,13.710384767183657
8455-210777-0000_61-70968-0011__T2__61-61-70968-0011__HSIMV3__8230-8230-279154-0022__SIRm5,61,8455,11,0.0,0.0,0.0,0.0,0.0,38.80019285442365,16.435131445111285
8455-210777-0001_237-126133-0021__T2__237-237-126133-0021__HSIMV3__5683-5683-32865-0015__SIRm5,237,8455,6,0.3333333333333333,0.0,0.0,0.0,0.0,49.34365309032275,18.76258531806024
8455-210777-0002_8230-279154-0015__T2__8230-8230-279154-0015__HSIMV3__61-61-70968-0054__SIRm5,8230,8455,14,0.07142857142857142,0.14285714285714285,0.0,0.0,0.0,36.0860026167713,15.815647385763622
8455-210777-0003_237-126133-0025__T2__237-237-126133-0025__HSIMV3__1580-1580-141083-0049__SIRm5,237,8455,6,0.0,0.0,0.0,0.0,0.0,49.40973627396216,19.853742815570108
8455-210777-0003_908-157963-0011__T2__908-908-157963-0011__HSIMV3__7176-7176-88083-0011__SIRm5,908,8455,19,0.05263157894736842,0.0,0.0,0.0,0.0,40.28461327217926,17.300474211441077
8455-210777-0004_4507-16021-0034__T2__4507-4507-16021-0034__HSIMV3__3729-3729-6852-0000__SIRm5,4507,8455,21,0.0,0.0,0.0,0.0,0.0,52.268147196187634,18.770113488297262
8455-210777-0005_2830-3980-0074__T2__2830-2830-3980-0074__HSIMV3__1188-1188-133604-0038__SIRm5,2830,8455,9,0.0,0.0,0.0,0.0,0.0,47.3969845448547,18.60749235300604
8455-210777-0006_1995-1826-0022__T2__1995-1995-1826-0022__HSIMV3__2094-2094-142345-0058__SIRm5,1995,8455,8,0.0,0.0,0.0,0.0,0.0,58.53173951877947,21.302656084790154
8455-210777-0006_2830-3979-0007__T2__2830-2830-3979-0007__HSIMV3__1188-1188-133604-0037__SIRm5,2830,8455,28,0.03571428571428571,0.03571428571428571,0.0,0.0,0.0,51.311991805323,19.339930596503056
8455-210777-0008_8555-292519-0000__T2__8555-8555-292519-0000__HSIMV3__4970-4970-29095-0031__SIRm5,8555,8455,28,0.0,0.0,0.0,0.0,0.0,58.29666777341142,24.09937605279316
8455-210777-0009_2830-3980-0068__T2__2830-2830-3980-0068__HSIMV3__1188-1188-133604-0038__SIRm5,2830,8455,9,0.0,0.0,0.0,0.0,0.0,43.88902169173179,18.632373211182333
8455-210777-0009_4970-29093-0004__T2__4970-4970-29093-0004__HSIMV3__6829-6829-68769-0007__SIRm5,4970,8455,6,0.0,0.3333333333333333,0.0,0.0,0.0,45.13450131491362,19.020180730383714
8455-210777-0010_1995-1826-0024__T2__1995-1995-1826-0024__HSIMV3__2094-2094-142345-0023__SIRm5,1995,8455,9,0.0,0.0,0.0,0.0,0.0,60.77741837159166,23.215316860515514
8455-210777-0012_61-70970-0033__T2__61-61-70970-0033__HSIMV3__8230-8230-279154-0012__SIRm5,61,8455,5,0.0,0.0,0.0,0.0,0.0,33.855312373075314,15.4383417184513
8455-210777-0013_1221-135766-0007__T2__1221-1221-135766-0007__HSIMV3__4992-4992-41797-0008__SIRm5,1221,8455,16,0.0,0.0625,0.0,0.0,0.0,48.53533640639736,20.35229545850164
8455-210777-0013_4446-2275-0023__T2__4446-4446-2275-0023__HSIMV3__1284-1284-1181-0002__SIRm5,4446,8455,6,0.0,0.0,0.0,0.0,0.0,47.55555658731506,20.842200785788663
8455-210777-0015_1284-1180-0021__T2__1284-1284-1180-0021__HSIMV3__4446-4446-2271-0016__SIRm5,1284,8455,18,0.0,0.0,0.0,0.0,0.0,51.55628850217063,19.72538008678557
8455-210777-0015_61-70968-0030__T2__61-61-70968-0030__HSIMV3__8230-8230-279154-0023__SIRm5,61,8455,10,0.0,0.0,0.0,0.0,0.0,41.762674163920586,17.05440364975975
8455-210777-0015_61-70970-0011__T2__61-61-70970-0011__HSIMV3__8230-8230-279154-0021__SIRm5,61,8455,11,0.0,0.0,0.0,0.0,0.0,47.980564649697364,17.73563945835425
8455-210777-0016_2830-3980-0030__T2__2830-2830-3980-0030__HSIMV3__1188-1188-133604-0038__SIRm5,2830,8455,9,0.0,0.0,0.0,0.0,0.0,45.426538813411746,18.49300031476224
8455-210777-0017_260-123286-0013__T2__260-260-123286-0013__HSIMV3__672-672-122797-0017__SIRm5,260,8455,8,0.0,0.125,0.0,0.0,0.0,45.783657452929944,18.690355407930067
8455-210777-0017_672-122797-0038__T2__672-672-122797-0038__HSIMV3__260-260-123288-0003__SIRm5,672,8455,16,0.125,0.0,0.0,0.0,0.0,41.51131832110501,18.614326551226547
8455-210777-0018_1995-1836-0001__T2__1995-1995-1836-0001__HSIMV3__2094-2094-142345-0049__SIRm5,1995,8455,11,0.0,0.0,0.0,0.0,0.0,48.970017750657235,20.387410266979984
8455-210777-0018_5142-36377-0015__T2__5142-5142-36377-0015__HSIMV3__4970-4970-29095-0035__SIRm5,5142,8455,7,0.0,0.0,0.0,0.0,0.0,47.358828950018406,19.77455118362039
8455-210777-0019_2094-142345-0059__T2__2094-2094-142345-0059__HSIMV3__3729-3729-6852-0041__SIRm5,2094,8455,19,0.0,0.0,0.0,0.0,0.0,49.51514066912683,19.42465135528177
8455-210777-0019_61-70968-0051__T2__61-61-70968-0051__HSIMV3__8230-8230-279154-0003__SIRm5,61,8455,5,0.0,0.0,0.0,0.0,0.0,39.45858164358201,16.133913496702785
8455-210777-0020_61-70968-0054__T2__61-61-70968-0054__HSIMV3__8230-8230-279154-0015__SIRm5,61,8455,14,0.07142857142857142,0.0,0.0,0.0,0.0,40.98194391427801,17.020858436012404
8455-210777-0020_6930-81414-0013__T2__6930-6930-81414-0013__HSIMV3__260-260-123286-0003__SIRm5,6930,8455,13,0.0,0.0,0.0,0.0,0.0,41.73643537394714,16.654557487716442
8455-210777-0020_8463-294828-0036__T2__8463-8463-294828-0036__HSIMV3__4992-4992-41797-0007__SIRm5,8463,8455,12,0.0,0.0,0.0,0.0,0.0,46.12143117896172,19.41693809171817
8455-210777-0022_121-127105-0011__T2__121-121-127105-0011__HSIMV3__237-237-126133-0017__SIRm5,121,8455,10,1.0,1.0,1.0,1.0,1.0,-50.083423431583235,-25.81343823491585
8455-210777-0025_6930-75918-0009__T2__6930-6930-75918-0009__HSIMV3__260-260-123286-0003__SIRm5,6930,8455,13,0.0,0.0,0.0,0.0,0.0,40.539372826096454,16.39905500899491
8455-210777-0025_8555-292519-0008__T2__8555-8555-292519-0008__HSIMV3__4970-4970-29095-0009__SIRm5,8555,8455,10,0.0,0.0,0.0,0.0,0.0,45.913223778041335,20.096982995671883
8455-210777-0026_4077-13754-0014__T2__4077-4077-13754-0014__HSIMV3__8455-8455-210777-0057__SIRm5,4077,8455,20,0.0,0.0,0.0,0.0,0.0,44.0193411819237,17.140957384727827
8455-210777-0026_4992-41806-0007__T2__4992-4992-41806-0007__HSIMV3__4446-4446-2271-0017__SIRm5,4992,8455,21,0.0,0.09523809523809523,0.0,0.0,0.0,54.34813162764782,19.909834197657247
8455-210777-0027_6930-76324-0021__T2__6930-6930-76324-0021__HSIMV3__260-260-123286-0003__SIRm5,6930,8455,13,0.0,0.0,0.0,0.0,0.0,46.096561386646115,17.805930394030817
8455-210777-0028_6930-76324-0024__T2__6930-6930-76324-0024__HSIMV3__260-260-123286-0017__SIRm5,6930,8455,6,0.0,0.0,0.0,0.0,0.0,36.71756957766683,16.041480284471284
8455-210777-0029_1089-134686-0020__T2__1089-1089-134686-0020__HSIMV3__8230-8230-279154-0040__SIRm5,1089,8455,32,0.0,0.0,0.0,0.0,0.0,50.44449433768368,18.95071415826611
8455-210777-0029_1580-141083-0035__T2__1580-1580-141083-0035__HSIMV3__237-237-134500-0021__SIRm5,1580,8455,8,0.125,0.0,0.0,0.0,0.0,52.4541322936076,21.22959906733771
8455-210777-0029_7176-92135-0017__T2__7176-7176-92135-0017__HSIMV3__61-61-70970-0024__SIRm5,7176,8455,13,0.0,0.0,0.0,0.0,0.0,36.687977378082614,16.397449772107606
8455-210777-0030_8463-294825-0004__T2__8463-8463-294825-0004__HSIMV3__4992-4992-23283-0015__SIRm5,8463,8455,6,0.0,0.0,0.0,0.0,0.0,43.7906185080771,18.463900841297487
8455-210777-0031_121-127105-0028__T2__121-121-127105-0028__HSIMV3__237-237-134500-0036__SIRm5,121,8455,12,0.8333333333333334,1.0,0.8333333333333334,1.0,0.8333333333333334,-29.7630492100886,-10.438066287443686
8455-210777-0031_6829-68769-0030__T2__6829-6829-68769-0030__HSIMV3__4970-4970-29095-0012__SIRm5,6829,8455,8,0.0,0.0,0.0,0.0,0.0,26.100405911983906,9.908925351433574
8455-210777-0033_1284-1180-0008__T2__1284-1284-1180-0008__HSIMV3__4446-4446-2271-0016__SIRm5,1284,8455,19,0.0,0.05263157894736842,0.0,0.0,0.0,54.994749114080975,20.338831917338105
8455-210777-0033_1580-141084-0016__T2__1580-1580-141084-0016__HSIMV3__237-237-126133-0017__SIRm5,1580,8455,10,0.0,0.0,0.0,0.0,0.0,47.9652374844254,18.494897136430577
8455-210777-0034_4970-29095-0008__T2__4970-4970-29095-0008__HSIMV3__6829-6829-68769-0002__SIRm5,4970,8455,5,0.0,0.2,0.0,0.0,0.0,50.100765882822216,18.1419879959184
8455-210777-0034_5639-40744-0023__T2__5639-5639-40744-0023__HSIMV3__1089-1089-134686-0019__SIRm5,5639,8455,26,0.0,0.0,0.0,0.0,0.0,51.68025054240893,21.02703020679616
8455-210777-0034_8555-284449-0004__T2__8555-8555-284449-0004__HSIMV3__4970-4970-29095-0001__SIRm5,8555,8455,26,1.0,0.9615384615384616,0.9615384615384616,1.0,0.9615384615384616,-58.827208902009446,-25.32086641159609
8455-210777-0035_7176-92135-0008__T2__7176-7176-92135-0008__HSIMV3__61-61-70968-0025__SIRm5,7176,8455,7,0.0,0.0,0.0,0.0,0.0,49.05172947698012,19.6623381350421
8455-210777-0037_8463-294828-0009__T2__8463-8463-294828-0009__HSIMV3__4992-4992-23283-0011__SIRm5,8463,8455,7,0.0,0.0,0.0,0.0,0.0,49.66560159616643,19.328937549061813
8455-210777-0039_1580-141083-0033__T2__1580-1580-141083-0033__HSIMV3__237-237-134493-0001__SIRm5,1580,8455,13,0.0,0.0,0.0,0.0,0.0,43.74301103616695,19.32113090231203
8455-210777-0040_1995-1826-0020__T2__1995-1995-1826-0020__HSIMV3__2094-2094-142345-0049__SIRm5,1995,8455,11,0.0,0.0,0.0,0.0,0.0,52.28327392577373,23.47154114121336
8455-210777-0040_7127-75946-0028__T2__7127-7127-75946-0028__HSIMV3__8455-8455-210777-0022__SIRm5,7127,8455,31,0.0,0.0967741935483871,0.0,0.0,0.0,43.44286806187121,18.425814337187447
8455-210777-0041_5683-32879-0019__T2__5683-5683-32879-0019__HSIMV3__237-237-134500-0000__SIRm5,5683,8455,11,0.0,0.0,0.0,0.0,0.0,57.48981767493921,22.746857694127
8455-210777-0042_4077-13754-0014__T2__4077-4077-13754-0014__HSIMV3__8455-8455-210777-0057__SIRm5,4077,8455,20,0.0,0.0,0.0,0.0,0.0,44.0106611070965,17.13693212710436
8455-210777-0042_5639-40744-0037__T2__5639-5639-40744-0037__HSIMV3__1089-1089-134686-0024__SIRm5,5639,8455,21,0.0,0.0,0.0,0.0,0.0,51.514015968277256,21.096183548804216
8455-210777-0042_8555-284449-0020__T2__8555-8555-284449-0020__HSIMV3__4970-4970-29095-0036__SIRm5,8555,8455,9,0.0,0.0,0.0,0.0,0.0,27.58849871799246,16.31133396650406
8455-210777-0043_4992-41806-0005__T2__4992-4992-41806-0005__HSIMV3__4446-4446-2275-0013__SIRm5,4992,8455,6,0.0,0.0,0.0,0.0,0.0,54.318067083172345,20.849899709159224
8455-210777-0044_4507-16021-0015__T2__4507-4507-16021-0015__HSIMV3__3729-3729-6852-0016__SIRm5,4507,8455,6,0.0,0.0,0.0,0.0,0.0,52.893952528429594,21.20791324591729
8455-210777-0044_5639-40744-0024__T2__5639-5639-40744-0024__HSIMV3__1089-1089-134686-0017__SIRm5,5639,8455,16,0.0,0.0,0.0,0.0,0.0,51.151168332722825,20.547029269877893
8455-210777-0045_260-123286-0011__T2__260-260-123286-0011__HSIMV3__672-672-122797-0052__SIRm5,260,8455,7,0.14285714285714285,0.0,0.0,0.0,0.0,46.58892815727864,19.3612635308263
8455-210777-0046_2961-960-0017__T2__2961-2961-960-0017__HSIMV3__3570-3570-5694-0005__SIRm5,2961,8455,14,0.0,0.0,0.0,0.0,0.0,49.33665802299919,20.396294735249008
8455-210777-0046_3570-5694-0012__T2__3570-3570-5694-0012__HSIMV3__4507-4507-16021-0028__SIRm5,3570,8455,5,0.0,0.0,0.0,0.0,0.0,53.242096422716564,23.14296035936341
8455-210777-0046_3575-170457-0020__T2__3575-3575-170457-0020__HSIMV3__237-237-134500-0041__SIRm5,3575,8455,16,0.0,0.0,0.0,0.0,0.0,49.6178086362728,18.488257384373743
8455-210777-0046_8230-279154-0016__T2__8230-8230-279154-0016__HSIMV3__1089-1089-134686-0009__SIRm5,8230,8455,20,0.0,0.0,0.0,0.0,0.0,46.041475863569616,18.82894209805227
8455-210777-0048_2961-961-0008__T2__2961-2961-961-0008__HSIMV3__3570-3570-5695-0008__SIRm5,2961,8455,12,0.0,0.0,0.0,0.0,0.0,64.41950759102475,21.92013523776836
8455-210777-0050_1089-134686-0009__T2__1089-1089-134686-0009__HSIMV3__8230-8230-279154-0016__SIRm5,1089,8455,20,0.0,0.0,0.0,0.0,0.0,47.46490277472439,19.23418756841739
8455-210777-0050_3575-170457-0050__T2__3575-3575-170457-0050__HSIMV3__237-237-134500-0036__SIRm5,3575,8455,11,0.0,0.18181818181818182,0.0,0.0,0.0,50.0884040593464,20.478563098828907
8455-210777-0050_4992-23283-0015__T2__4992-4992-23283-0015__HSIMV3__4446-4446-2275-0023__SIRm5,4992,8455,6,0.0,0.0,0.0,0.0,0.0,51.55877265375451,20.50323854957988
8455-210777-0052_3729-6852-0011__T2__3729-3729-6852-0011__HSIMV3__4507-4507-16021-0035__SIRm5,3729,8455,13,0.0,0.0,0.0,0.0,0.0,46.826552744829435,20.223059710421687
8455-210777-0052_61-70970-0014__T2__61-61-70970-0014__HSIMV3__8230-8230-279154-0003__SIRm5,61,8455,5,0.0,0.0,0.0,0.0,0.0,49.80739514017081,16.969481355216207
8455-210777-0053_1580-141084-0041__T2__1580-1580-141084-0041__HSIMV3__237-237-126133-0007__SIRm5,1580,8455,14,0.0,0.0,0.0,0.0,0.0,50.5256325549114,20.954557531734125
8455-210777-0053_2830-3980-0009__T2__2830-2830-3980-0009__HSIMV3__1188-1188-133604-0031__SIRm5,2830,8455,6,0.0,0.0,0.0,0.0,0.0,50.978826346331715,21.006945188041765
8455-210777-0053_3575-170457-0033__T2__3575-3575-170457-0033__HSIMV3__237-237-134493-0017__SIRm5,3575,8455,15,0.0,0.0,0.0,0.0,0.0,53.547290315590274,21.105914027102603
8455-210777-0055_4970-29095-0002__T2__4970-4970-29095-0002__HSIMV3__6829-6829-68769-0036__SIRm5,4970,8455,9,0.0,0.0,0.0,0.0,0.0,38.05628406829453,17.875557051904444
8455-210777-0055_672-122797-0070__T2__672-672-122797-0070__HSIMV3__260-260-123288-0027__SIRm5,672,8455,11,0.0,0.0,0.0,0.0,0.0,52.07209527331216,19.29446085369236
8455-210777-0055_7127-75946-0025__T2__7127-7127-75946-0025__HSIMV3__8455-8455-210777-0050__SIRm5,7127,8455,6,0.0,0.0,0.0,0.0,0.0,47.63225067963665,16.110740173158757
8455-210777-0056_1188-133604-0022__T2__1188-1188-133604-0022__HSIMV3__2830-2830-3979-0011__SIRm5,1188,8455,17,0.058823529411764705,0.11764705882352941,0.058823529411764705,0.0,0.0,64.51047038544519,22.60053569016607
8455-210777-0056_6829-68771-0008__T2__6829-6829-68771-0008__HSIMV3__4970-4970-29095-0016__SIRm5,6829,8455,12,0.0,0.0,0.0,0.0,0.0,48.45020350161543,18.313947481215777
8455-210777-0057_1284-1181-0015__T2__1284-1284-1181-0015__HSIMV3__4446-4446-2271-0014__SIRm5,1284,8455,9,0.0,0.0,0.0,0.0,0.0,45.25167792599287,18.41888831299569
8455-210777-0058_1188-133604-0039__T2__1188-1188-133604-0039__HSIMV3__2830-2830-3980-0037__SIRm5,1188,8455,11,0.0,0.0,0.0,0.0,0.0,44.542691369601684,17.813338378555798
8455-210777-0058_7176-88083-0006__T2__7176-7176-88083-0006__HSIMV3__61-61-70968-0034__SIRm5,7176,8455,7,0.0,0.0,0.0,0.0,0.0,53.41279671081464,19.664415863155227
8455-210777-0060_8463-287645-0006__T2__8463-8463-287645-0006__HSIMV3__4992-4992-41806-0011__SIRm5,8463,8455,14,0.0,0.0,0.0,0.0,0.0,50.03913478825465,20.44346280338048
8455-210777-0060_908-157963-0009__T2__908-908-157963-0009__HSIMV3__7176-7176-88083-0016__SIRm5,908,8455,6,1.0,1.0,1.0,1.0,1.0,-38.62587340927553,-16.75463587987257
8455-210777-0062_2830-3980-0018__T2__2830-2830-3980-0018__HSIMV3__1188-1188-133604-0040__SIRm5,2830,8455,5,0.0,0.0,0.0,0.0,0.0,43.27669316030199,18.23448730514589
8455-210777-0064_6829-68769-0048__T2__6829-6829-68769-0048__HSIMV3__4970-4970-29095-0032__SIRm5,6829,8455,11,0.0,0.0,0.0,0.0,0.0,53.46826509106477,21.45349115518028
8455-210777-0065_1089-134691-0015__T2__1089-1089-134691-0015__HSIMV3__8230-8230-279154-0008__SIRm5,1089,8455,4,0.0,0.0,0.0,0.0,0.0,42.243043571722595,7.296765491901234
8455-210777-0065_1284-1181-0009__T2__1284-1284-1181-0009__HSIMV3__4446-4446-2271-0014__SIRm5,1284,8455,9,0.0,0.0,0.0,0.0,0.0,58.07194473168004,19.931477226856465
8455-210777-0065_1320-122617-0022__T2__1320-1320-122617-0022__HSIMV3__5105-5105-28240-0002__SIRm5,1320,8455,6,0.0,0.0,0.0,0.0,0.0,47.30740676462465,19.796363694575764
8455-210777-0067_2830-3979-0009__T2__2830-2830-3979-0009__HSIMV3__1188-1188-133604-0025__SIRm5,2830,8455,13,0.0,0.0,0.0,0.0,0.0,55.80631319709195,20.522369668881765
8455-210777-0069_2300-131720-0034__T2__2300-2300-131720-0034__HSIMV3__61-61-70970-0015__SIRm5,2300,8455,15,0.0,0.0,0.0,0.0,0.0,43.034160831353645,16.45158239861542
8463-287645-0000_4970-29095-0023__T2__4970-4970-29095-0023__HSIMV3__6829-6829-68769-0033__SIRm5,4970,8463,6,0.0,0.0,0.0,0.0,0.0,49.27903987739766,20.658521828774763
8463-287645-0001_61-70968-0056__T2__61-61-70968-0056__HSIMV3__8230-8230-279154-0008__SIRm5,61,8463,6,0.0,0.0,0.0,0.0,0.0,44.116483925778375,17.331700959137986
8463-287645-0002_260-123440-0015__T2__260-260-123440-0015__HSIMV3__672-672-122797-0070__SIRm5,260,8463,11,0.09090909090909091,0.0,0.0,0.0,0.0,49.88945004299432,18.825419038574225
8463-287645-0003_5105-28233-0010__T2__5105-5105-28233-0010__HSIMV3__1320-1320-122612-0011__SIRm5,5105,8463,26,0.0,0.0,0.0,0.0,0.0,53.13250135798397,19.3838521638726
8463-287645-0003_5105-28240-0011__T2__5105-5105-28240-0011__HSIMV3__1320-1320-122617-0003__SIRm5,5105,8463,11,0.0,0.0,0.0,0.0,0.0,46.0371671351962,19.63866917208045
8463-287645-0006_1580-141083-0002__T2__1580-1580-141083-0002__HSIMV3__237-237-126133-0006__SIRm5,1580,8463,11,0.0,0.0,0.0,0.0,0.0,52.7923528143677,21.47351791742235
8463-287645-0008_4507-16021-0001__T2__4507-4507-16021-0001__HSIMV3__3729-3729-6852-0000__SIRm5,4507,8463,20,0.0,0.0,0.0,0.0,0.0,56.43160612315902,21.743048613897507
8463-287645-0009_1284-1181-0008__T2__1284-1284-1181-0008__HSIMV3__1580-1580-141083-0042__SIRm5,1284,8463,10,0.0,0.0,0.0,0.0,0.0,54.06167140607236,22.362582191453704
8463-287645-0009_5683-32866-0001__T2__5683-5683-32866-0001__HSIMV3__237-237-134500-0027__SIRm5,5683,8463,5,0.0,0.0,0.0,0.0,0.0,49.78668743440515,20.44624779169679
8463-287645-0010_237-126133-0022__T2__237-237-126133-0022__HSIMV3__1580-1580-141084-0011__SIRm5,237,8463,9,0.0,0.0,0.0,0.0,0.0,40.59560103324569,17.452215413433628
8463-287645-0010_3575-170457-0039__T2__3575-3575-170457-0039__HSIMV3__237-237-134500-0018__SIRm5,3575,8463,24,0.0,0.041666666666666664,0.0,0.0,0.0,53.213569661798694,21.30768890660908
8463-287645-0010_7021-85628-0011__T2__7021-7021-85628-0011__HSIMV3__5105-5105-28241-0008__SIRm5,7021,8463,16,0.0625,0.0625,0.0625,0.0,0.0,48.32986587392548,20.478853975431235
8463-287645-0010_8555-284447-0009__T2__8555-8555-284447-0009__HSIMV3__4970-4970-29095-0014__SIRm5,8555,8463,5,1.0,0.6,0.6,1.0,0.6,-46.03724946787743,-22.73562475940856
8463-287645-0011_1284-1181-0010__T2__1284-1284-1181-0010__HSIMV3__1580-1580-141084-0031__SIRm5,1284,8463,11,0.0,0.0,0.0,0.0,0.0,45.7471079369478,19.81192592475273
8463-287645-0011_2961-960-0005__T2__2961-2961-960-0005__HSIMV3__3570-3570-5694-0002__SIRm5,2961,8463,19,0.0,0.0,0.0,0.0,0.0,54.193913495485226,20.3256204140012
8463-287645-0012_121-127105-0032__T2__121-121-127105-0032__HSIMV3__237-237-126133-0004__SIRm5,121,8463,5,0.2,0.0,0.0,0.0,0.0,28.120063803929924,12.929666814934192
8463-287645-0013_4992-23283-0019__T2__4992-4992-23283-0019__HSIMV3__4446-4446-2275-0029__SIRm5,4992,8463,11,0.0,0.0,0.0,0.0,0.0,53.02319725198829,20.95761900539312
8463-287645-0013_5142-33396-0037__T2__5142-5142-33396-0037__HSIMV3__4970-4970-29093-0008__SIRm5,5142,8463,6,0.0,0.0,0.0,0.0,0.0,47.41570324716114,20.95462105422731
8463-287645-0014_1320-122617-0041__T2__1320-1320-122617-0041__HSIMV3__5105-5105-28233-0000__SIRm5,1320,8463,7,0.0,0.0,0.0,0.0,0.0,48.54118423618976,20.584067412778627
8463-294825-0001_1188-133604-0001__T2__1188-1188-133604-0001__HSIMV3__2830-2830-3979-0008__SIRm5,1188,8463,15,0.06666666666666667,0.0,0.0,0.0,0.0,46.060375718824865,18.652481739288813
8463-294825-0001_5639-40744-0013__T2__5639-5639-40744-0013__HSIMV3__1089-1089-134686-0008__SIRm5,5639,8463,12,0.0,0.0,0.0,0.0,0.0,50.12257035715976,19.818689709668536
8463-294825-0001_908-31957-0003__T2__908-908-31957-0003__HSIMV3__7176-7176-88083-0010__SIRm5,908,8463,12,0.0,0.0,0.0,0.0,0.0,29.28570453997912,16.469950876575396
8463-294825-0002_1188-133604-0000__T2__1188-1188-133604-0000__HSIMV3__2830-2830-3980-0048__SIRm5,1188,8463,18,0.0,0.0,0.0,0.0,0.0,43.069103238142155,18.13068683569369
8463-294825-0003_1580-141083-0036__T2__1580-1580-141083-0036__HSIMV3__237-237-126133-0009__SIRm5,1580,8463,6,0.0,0.0,0.0,0.0,0.0,45.08242307607813,20.64426116783972
8463-294825-0003_6930-81414-0013__T2__6930-6930-81414-0013__HSIMV3__260-260-123286-0003__SIRm5,6930,8463,13,0.0,0.0,0.0,0.0,0.0,41.73774548234376,16.65432971270309
8463-294825-0004_4446-2271-0016__T2__4446-4446-2271-0016__HSIMV3__1284-1284-1180-0021__SIRm5,4446,8463,18,1.0,1.0,1.0,1.0,1.0,-56.418391109019424,-26.251524826493736
8463-294825-0004_4970-29095-0036__T2__4970-4970-29095-0036__HSIMV3__8555-8555-284447-0004__SIRm5,4970,8463,9,0.0,0.0,0.0,0.0,0.0,61.15043711269943,23.93413793758845
8463-294825-0004_61-70970-0024__T2__61-61-70970-0024__HSIMV3__8230-8230-279154-0030__SIRm5,61,8463,13,0.0,0.0,0.0,0.0,0.0,38.86230203301806,17.112493910648418
8463-294825-0005_1089-134691-0019__T2__1089-1089-134691-0019__HSIMV3__8230-8230-279154-0003__SIRm5,1089,8463,5,0.0,0.0,0.0,0.0,0.0,38.877998580243116,18.45106377010193
8463-294825-0005_1580-141083-0031__T2__1580-1580-141083-0031__HSIMV3__237-237-134500-0033__SIRm5,1580,8463,11,0.0,0.09090909090909091,0.0,0.0,0.0,51.19961703828367,20.9374722619786
8463-294825-0005_7729-102255-0042__T2__7729-7729-102255-0042__HSIMV3__7176-7176-88083-0022__SIRm5,7729,8463,17,0.0,0.0,0.0,0.0,0.0,43.10231472160132,16.90495014943361
8463-294825-0008_260-123286-0028__T2__260-260-123286-0028__HSIMV3__6930-6930-81414-0014__SIRm5,260,8463,13,0.0,0.07692307692307693,0.0,0.0,0.0,54.378071796588955,20.46879999418283
8463-294825-0010_4446-2273-0036__T2__4446-4446-2273-0036__HSIMV3__1284-1284-1181-0018__SIRm5,4446,8463,5,0.0,0.0,0.0,0.0,0.0,49.6094384818623,21.451627467668203
8463-294825-0010_61-70968-0034__T2__61-61-70968-0034__HSIMV3__8230-8230-279154-0039__SIRm5,61,8463,7,1.0,1.0,1.0,1.0,1.0,-30.26693809599048,-10.485798629495251
8463-294825-0010_61-70968-0054__T2__61-61-70968-0054__HSIMV3__8230-8230-279154-0015__SIRm5,61,8463,14,0.07142857142857142,0.0,0.0,0.0,0.0,40.98336878111723,17.02100121120688
8463-294825-0013_61-70970-0037__T2__61-61-70970-0037__HSIMV3__8230-8230-279154-0024__SIRm5,61,8463,10,0.0,0.0,0.0,0.0,0.0,52.22865449142896,18.51229525272614
8463-294825-0016_1320-122617-0026__T2__1320-1320-122617-0026__HSIMV3__5105-5105-28240-0000__SIRm5,1320,8463,9,0.0,0.0,0.0,0.0,0.0,59.2802316719567,21.50901687118945
8463-294825-0016_1580-141084-0001__T2__1580-1580-141084-0001__HSIMV3__237-237-126133-0004__SIRm5,1580,8463,5,0.0,0.0,0.0,0.0,0.0,43.162794591898354,18.32920441933861
8463-294825-0016_3575-170457-0032__T2__3575-3575-170457-0032__HSIMV3__237-237-134500-0023__SIRm5,3575,8463,5,0.0,0.2,0.0,0.0,0.0,50.34676740439542,22.65246204142908
8463-294825-0019_1320-122617-0005__T2__1320-1320-122617-0005__HSIMV3__5105-5105-28240-0007__SIRm5,1320,8463,7,0.0,0.0,0.0,0.0,0.0,47.5340867501047,18.577467949215887
8463-294825-0019_5639-40744-0038__T2__5639-5639-40744-0038__HSIMV3__1089-1089-134686-0019__SIRm5,5639,8463,26,0.0,0.0,0.0,0.0,0.0,52.2230072699424,21.31100697972669
8463-294825-0019_8555-284449-0016__T2__8555-8555-284449-0016__HSIMV3__4970-4970-29095-0024__SIRm5,8555,8463,10,0.0,0.0,0.0,0.0,0.0,46.32886829516205,20.942888993272653
8463-294828-0000_237-134500-0037__T2__237-237-134500-0037__HSIMV3__5683-5683-32865-0013__SIRm5,237,8463,12,0.0,0.0,0.0,0.0,0.0,55.2714491103051,21.039680625187685
8463-294828-0000_4446-2275-0010__T2__4446-4446-2275-0010__HSIMV3__4992-4992-41806-0005__SIRm5,4446,8463,6,0.0,0.0,0.0,0.0,0.0,48.49429274250627,20.28056766673536
8463-294828-0000_7176-92135-0008__T2__7176-7176-92135-0008__HSIMV3__61-61-70968-0025__SIRm5,7176,8463,7,0.0,0.0,0.0,0.0,0.0,49.08751681251763,19.67000368994932
8463-294828-0001_4507-16021-0028__T2__4507-4507-16021-0028__HSIMV3__3729-3729-6852-0019__SIRm5,4507,8463,5,0.0,0.0,0.0,0.0,0.0,41.692373794006755,19.542115224369645
8463-294828-0002_1995-1837-0027__T2__1995-1995-1837-0027__HSIMV3__2094-2094-142345-0052__SIRm5,1995,8463,12,0.0,0.0,0.0,0.0,0.0,56.482505607994085,22.484729733370568
8463-294828-0002_7176-92135-0044__T2__7176-7176-92135-0044__HSIMV3__61-61-70970-0026__SIRm5,7176,8463,9,0.0,0.0,0.0,0.0,0.0,40.53572221502138,17.74373168935429
8463-294828-0003_4992-41797-0006__T2__4992-4992-41797-0006__HSIMV3__4446-4446-2273-0015__SIRm5,4992,8463,8,0.0,0.0,0.0,0.0,0.0,55.93802510119305,21.10500324548619
8463-294828-0006_8230-279154-0026__T2__8230-8230-279154-0026__HSIMV3__1089-1089-134691-0016__SIRm5,8230,8463,17,0.0,0.0,0.0,0.0,0.0,49.54083074964581,19.72256624271273
8463-294828-0007_1580-141084-0026__T2__1580-1580-141084-0026__HSIMV3__237-237-134500-0036__SIRm5,1580,8463,12,0.0,0.0,0.0,0.0,0.0,56.299844649397755,20.82364543606732
8463-294828-0009_2830-3980-0049__T2__2830-2830-3980-0049__HSIMV3__1188-1188-133604-0040__SIRm5,2830,8463,5,0.0,0.0,0.0,0.0,0.0,39.340715480061334,16.723866987166325
8463-294828-0009_3570-5694-0015__T2__3570-3570-5694-0015__HSIMV3__4507-4507-16021-0053__SIRm5,3570,8463,15,0.0,0.06666666666666667,0.0,0.0,0.0,51.27245864551218,20.84821193376428
8463-294828-0009_5142-33396-0025__T2__5142-5142-33396-0025__HSIMV3__4970-4970-29093-0015__SIRm5,5142,8463,5,0.0,0.0,0.0,0.0,0.0,30.712814230105995,10.117275380912368
8463-294828-0012_8555-284447-0009__T2__8555-8555-284447-0009__HSIMV3__4970-4970-29095-0014__SIRm5,8555,8463,5,1.0,0.6,0.6,1.0,0.6,-45.98630741935155,-22.679813394821338
8463-294828-0013_1221-135767-0021__T2__1221-1221-135767-0021__HSIMV3__4992-4992-41797-0009__SIRm5,1221,8463,24,0.0,0.0,0.0,0.0,0.0,49.6772065938456,20.089714928396567
8463-294828-0013_8224-274381-0004__T2__8224-8224-274381-0004__HSIMV3__8455-8455-210777-0001__SIRm5,8224,8463,35,0.0,0.0,0.0,0.0,0.0,48.80629190886134,19.16852417385012
8463-294828-0014_2300-131720-0000__T2__2300-2300-131720-0000__HSIMV3__61-61-70968-0023__SIRm5,2300,8463,9,0.0,0.0,0.0,0.0,0.0,40.611542654968474,16.697737413738558
8463-294828-0014_260-123440-0005__T2__260-260-123440-0005__HSIMV3__672-672-122797-0029__SIRm5,260,8463,5,0.0,0.0,0.0,0.0,0.0,53.603162288313925,23.96071395586006
8463-294828-0014_3575-170457-0044__T2__3575-3575-170457-0044__HSIMV3__237-237-126133-0024__SIRm5,3575,8463,18,0.0,0.05555555555555555,0.0,0.0,0.0,54.0523816004775,20.22808160432703
8463-294828-0015_121-127105-0002__T2__121-121-127105-0002__HSIMV3__237-237-134493-0001__SIRm5,121,8463,13,1.0,1.0,1.0,1.0,1.0,-48.407094389386664,-24.926459690058778
8463-294828-0015_2830-3980-0044__T2__2830-2830-3980-0044__HSIMV3__1188-1188-133604-0040__SIRm5,2830,8463,5,0.0,0.0,0.0,0.0,0.0,47.2121629053485,18.480273090875983
8463-294828-0017_4446-2273-0027__T2__4446-4446-2273-0027__HSIMV3__4992-4992-41806-0005__SIRm5,4446,8463,6,0.0,0.0,0.0,0.0,0.0,53.90529562535806,20.41746856810299
8463-294828-0019_6930-76324-0026__T2__6930-6930-76324-0026__HSIMV3__260-260-123286-0001__SIRm5,6930,8463,5,0.0,0.0,0.0,0.0,0.0,39.97054822711935,13.527925930949838
8463-294828-0020_1580-141083-0021__T2__1580-1580-141083-0021__HSIMV3__237-237-126133-0025__SIRm5,1580,8463,6,0.0,0.0,0.0,0.0,0.0,39.476158462308604,17.47536213151455
8463-294828-0023_1580-141083-0036__T2__1580-1580-141083-0036__HSIMV3__237-237-126133-0009__SIRm5,1580,8463,6,0.0,0.0,0.0,0.0,0.0,45.08341651607591,20.644172429204456
8463-294828-0023_1995-1826-0003__T2__1995-1995-1826-0003__HSIMV3__2094-2094-142345-0045__SIRm5,1995,8463,5,0.0,0.0,0.0,0.4,0.0,11.776447307566297,6.891273685414932
8463-294828-0027_5683-32866-0030__T2__5683-5683-32866-0030__HSIMV3__1221-1221-135766-0014__SIRm5,5683,8463,8,0.0,0.0,0.0,0.0,0.0,52.127990696453935,21.393729173464603
8463-294828-0029_237-134500-0010__T2__237-237-134500-0010__HSIMV3__5683-5683-32866-0007__SIRm5,237,8463,6,0.0,0.0,0.0,0.0,0.0,59.922887365294876,22.07337978748317
8463-294828-0029_2961-961-0017__T2__2961-2961-961-0017__HSIMV3__3570-3570-5694-0008__SIRm5,2961,8463,17,0.0,0.0,0.0,0.0,0.0,53.98541231914728,19.68003900280137
8463-294828-0029_5142-36377-0015__T2__5142-5142-36377-0015__HSIMV3__4970-4970-29095-0035__SIRm5,5142,8463,7,0.0,0.0,0.0,0.0,0.0,47.35700895039778,19.769250818644995
8463-294828-0031_121-127105-0007__T2__121-121-127105-0007__HSIMV3__237-237-126133-0017__SIRm5,121,8463,10,0.0,0.0,0.0,0.0,0.0,41.296407642725434,18.15138416292617
8463-294828-0031_6829-68769-0051__T2__6829-6829-68769-0051__HSIMV3__4970-4970-29093-0015__SIRm5,6829,8463,5,0.0,0.0,0.0,0.0,0.0,45.6935706263396,20.732415596894167
8463-294828-0031_7729-102255-0021__T2__7729-7729-102255-0021__HSIMV3__7176-7176-88083-0024__SIRm5,7729,8463,14,0.0,0.0,0.0,0.0,0.0,45.580112407773825,18.98501885557247
8463-294828-0031_908-157963-0023__T2__908-908-157963-0023__HSIMV3__7176-7176-88083-0023__SIRm5,908,8463,18,0.05555555555555555,0.0,0.0,0.0,0.0,36.66762247818288,18.10072927363904
8463-294828-0032_260-123288-0018__T2__260-260-123288-0018__HSIMV3__672-672-122797-0047__SIRm5,260,8463,5,0.0,0.0,0.0,0.0,0.0,56.47930811140708,20.06868245002149
8463-294828-0032_5142-33396-0002__T2__5142-5142-33396-0002__HSIMV3__4970-4970-29093-0008__SIRm5,5142,8463,6,0.0,0.0,0.0,0.0,0.0,43.62383420996624,19.94997236974656
8463-294828-0033_1995-1837-0017__T2__1995-1995-1837-0017__HSIMV3__2094-2094-142345-0045__SIRm5,1995,8463,5,0.0,0.0,0.0,0.0,0.0,49.01777680339662,21.538473935481587
8463-294828-0033_61-70968-0029__T2__61-61-70968-0029__HSIMV3__8230-8230-279154-0008__SIRm5,61,8463,5,0.0,0.0,0.0,0.0,0.0,37.27933898918451,17.19575289480446
8463-294828-0034_4992-41806-0017__T2__4992-4992-41806-0017__HSIMV3__4446-4446-2271-0016__SIRm5,4992,8463,19,0.05263157894736842,0.10526315789473684,0.05263157894736842,0.0,0.0,60.488340635258915,19.438951818594024
8463-294828-0036_3570-5694-0019__T2__3570-3570-5694-0019__HSIMV3__4507-4507-16021-0029__SIRm5,3570,8463,6,0.0,0.0,0.0,0.0,0.0,59.4610427198572,21.68654265122104
8463-294828-0037_4970-29095-0024__T2__4970-4970-29095-0024__HSIMV3__6829-6829-68771-0006__SIRm5,4970,8463,10,0.0,0.0,0.0,0.0,0.0,57.41859375010729,21.383108559778336
8463-294828-0038_4077-13754-0016__T2__4077-4077-13754-0016__HSIMV3__8455-8455-210777-0057__SIRm5,4077,8463,20,0.0,0.0,0.0,0.0,0.0,44.809098918671296,17.7757725571899
8555-284447-0000_1284-1180-0012__T2__1284-1284-1180-0012__HSIMV3__4446-4446-2275-0019__SIRm5,1284,8555,8,0.0,0.0,0.0,0.0,0.0,48.25073659210298,20.48357705881688
8555-284447-0000_7021-85628-0009__T2__7021-7021-85628-0009__HSIMV3__5105-5105-28241-0008__SIRm5,7021,8555,16,0.0625,0.0,0.0,0.0,0.0,47.7422318697448,19.74005610150008
8555-284447-0001_237-134500-0039__T2__237-237-134500-0039__HSIMV3__5683-5683-32866-0005__SIRm5,237,8555,8,0.0,0.0,0.0,0.0,0.0,62.8003740863441,21.62664987287725
8555-284447-0001_4077-13751-0003__T2__4077-4077-13751-0003__HSIMV3__8455-8455-210777-0022__SIRm5,4077,8555,31,0.0,0.0,0.0,0.0,0.0,45.430789375399904,17.555511657159478
8555-284447-0001_7176-88083-0024__T2__7176-7176-88083-0024__HSIMV3__61-61-70968-0049__SIRm5,7176,8555,15,0.2,0.13333333333333333,0.13333333333333333,0.0,0.0,21.26708084118867,13.308845429951411
8555-284447-0002_6829-68769-0024__T2__6829-6829-68769-0024__HSIMV3__4970-4970-29095-0012__SIRm5,6829,8555,8,0.0,0.0,0.0,0.0,0.0,40.64618716283575,21.095041907766035
8555-284447-0003_1320-122617-0029__T2__1320-1320-122617-0029__HSIMV3__5105-5105-28240-0024__SIRm5,1320,8555,14,0.0,0.0,0.0,0.0,0.0,54.104070739717535,21.399292186664088
8555-284447-0003_4992-23283-0008__T2__4992-4992-23283-0008__HSIMV3__4446-4446-2275-0021__SIRm5,4992,8555,8,0.0,0.0,0.0,0.0,0.0,51.359220617197806,19.550216158573143
8555-284447-0003_7021-79740-0011__T2__7021-7021-79740-0011__HSIMV3__5105-5105-28233-0008__SIRm5,7021,8555,19,0.0,0.0,0.0,0.0,0.0,51.13798133329834,20.83762888029297
8555-284447-0004_5683-32879-0000__T2__5683-5683-32879-0000__HSIMV3__237-237-134500-0041__SIRm5,5683,8555,16,0.0,0.0,0.0,0.0,0.0,54.00397483782825,22.586699389625977
8555-284447-0004_7176-92135-0001__T2__7176-7176-92135-0001__HSIMV3__61-61-70970-0035__SIRm5,7176,8555,13,1.0,1.0,1.0,1.0,1.0,-39.967482645194245,-22.157689081348344
8555-284447-0004_8463-287645-0009__T2__8463-8463-287645-0009__HSIMV3__4992-4992-23283-0015__SIRm5,8463,8555,6,0.0,0.0,0.0,0.0,0.0,39.38071211349837,18.577527906253927
8555-284447-0006_1320-122617-0024__T2__1320-1320-122617-0024__HSIMV3__5105-5105-28240-0005__SIRm5,1320,8555,13,0.0,0.0,0.0,0.0,0.0,59.24629575555561,21.46246221115265
8555-284447-0006_908-31957-0021__T2__908-908-31957-0021__HSIMV3__7176-7176-88083-0018__SIRm5,908,8555,19,0.0,0.0,0.0,0.0,0.0,38.27459781729804,17.629085683115314
8555-284447-0007_6829-68771-0033__T2__6829-6829-68771-0033__HSIMV3__4970-4970-29095-0034__SIRm5,6829,8555,9,0.0,0.0,0.0,0.0,0.0,48.494604236026866,20.059166868342565
8555-284447-0008_3570-5695-0002__T2__3570-3570-5695-0002__HSIMV3__4507-4507-16021-0053__SIRm5,3570,8555,14,0.0,0.07142857142857142,0.0,0.0,0.0,52.42466457542971,21.37035507069178
8555-284447-0008_7176-92135-0017__T2__7176-7176-92135-0017__HSIMV3__61-61-70970-0024__SIRm5,7176,8555,13,0.0,0.0,0.0,0.0,0.0,36.49014411338931,16.365983737965607
8555-284447-0009_260-123440-0012__T2__260-260-123440-0012__HSIMV3__672-672-122797-0034__SIRm5,260,8555,9,0.0,0.0,0.0,0.0,0.0,51.569876517617075,21.964346101661675
8555-284447-0009_4507-16021-0048__T2__4507-4507-16021-0048__HSIMV3__3729-3729-6852-0028__SIRm5,4507,8555,9,0.0,0.0,0.0,0.0,0.0,41.61391321496052,16.207103683105046
8555-284447-0010_7729-102255-0005__T2__7729-7729-102255-0005__HSIMV3__7176-7176-92135-0044__SIRm5,7729,8555,9,0.0,0.0,0.0,0.0,0.0,46.30227808502502,18.630509283352232
8555-284447-0013_3575-170457-0004__T2__3575-3575-170457-0004__HSIMV3__237-237-134500-0003__SIRm5,3575,8555,5,0.0,0.0,0.0,0.0,0.0,47.18725298285152,19.727611376613
8555-284447-0013_5683-32879-0021__T2__5683-5683-32879-0021__HSIMV3__237-237-126133-0009__SIRm5,5683,8555,6,0.0,0.0,0.0,0.0,0.0,49.481072359097645,20.56187000989216
8555-284447-0014_8463-287645-0006__T2__8463-8463-287645-0006__HSIMV3__4992-4992-41806-0011__SIRm5,8463,8555,14,0.0,0.0,0.0,0.0,0.0,50.016802687119714,20.44628528322203
8555-284447-0017_1284-1180-0005__T2__1284-1284-1180-0005__HSIMV3__4446-4446-2271-0001__SIRm5,1284,8555,11,0.0,0.0,0.0,0.0,0.0,51.0832318149068,18.947813856670333
8555-284447-0018_5683-32879-0001__T2__5683-5683-32879-0001__HSIMV3__237-237-134500-0008__SIRm5,5683,8555,6,0.0,0.0,0.0,0.0,0.0,53.38703087970109,22.164126626645466
8555-284447-0020_908-157963-0014__T2__908-908-157963-0014__HSIMV3__7176-7176-92135-0008__SIRm5,908,8555,7,1.0,1.0,1.0,1.0,1.0,-49.81349563461705,-23.17912119991162
8555-284447-0021_121-127105-0000__T2__121-121-127105-0000__HSIMV3__237-237-126133-0024__SIRm5,121,8555,18,1.0,1.0,1.0,1.0,1.0,-51.61614855844807,-27.914732611426004
8555-284447-0022_3575-170457-0047__T2__3575-3575-170457-0047__HSIMV3__237-237-134500-0036__SIRm5,3575,8555,12,0.0,0.08333333333333333,0.0,0.0,0.0,45.581930716857435,18.75205927809425
8555-284447-0023_3570-5696-0000__T2__3570-3570-5696-0000__HSIMV3__4507-4507-16021-0009__SIRm5,3570,8555,21,0.0,0.0,0.0,0.0,0.0,53.89893183797086,22.872243950200897
8555-284447-0023_6829-68771-0006__T2__6829-6829-68771-0006__HSIMV3__4446-4446-2275-0000__SIRm5,6829,8555,10,0.0,0.0,0.0,0.0,0.0,44.35239865923932,17.58102778264399
8555-284447-0024_1320-122617-0026__T2__1320-1320-122617-0026__HSIMV3__5105-5105-28240-0000__SIRm5,1320,8555,9,0.0,0.0,0.0,0.0,0.0,59.26312272078557,21.50912534015701
8555-284449-0000_1580-141083-0040__T2__1580-1580-141083-0040__HSIMV3__237-237-134500-0008__SIRm5,1580,8555,6,0.0,0.0,0.0,0.0,0.0,49.2260527128229,20.94149188520789
8555-284449-0000_3575-170457-0024__T2__3575-3575-170457-0024__HSIMV3__237-237-134500-0018__SIRm5,3575,8555,23,0.0,0.0,0.0,0.0,0.0,58.84944149022147,21.67420795518405
8555-284449-0000_6829-68771-0001__T2__6829-6829-68771-0001__HSIMV3__4970-4970-29093-0002__SIRm5,6829,8555,19,0.0,0.0,0.0,0.0,0.0,51.95520475581757,20.381891006854445
8555-284449-0001_4446-2275-0041__T2__4446-4446-2275-0041__HSIMV3__1284-1284-1180-0029__SIRm5,4446,8555,8,0.0,0.0,0.0,0.0,0.0,52.63397713361945,20.150648988365205
8555-284449-0002_61-70968-0001__T2__61-61-70968-0001__HSIMV3__8230-8230-279154-0008__SIRm5,61,8555,6,0.0,0.0,0.0,0.0,0.0,22.781345513310296,12.699590155940918
8555-284449-0003_6930-81414-0027__T2__6930-6930-81414-0027__HSIMV3__260-260-123286-0017__SIRm5,6930,8555,6,0.0,0.0,0.0,0.0,0.0,42.78410096171319,15.826023687948735
8555-284449-0004_8463-294828-0015__T2__8463-8463-294828-0015__HSIMV3__4992-4992-41797-0006__SIRm5,8463,8555,7,0.0,0.0,0.0,0.0,0.0,59.36973191779753,22.291655684890127
8555-284449-0006_1580-141083-0009__T2__1580-1580-141083-0009__HSIMV3__237-237-126133-0013__SIRm5,1580,8555,12,0.0,0.0,0.0,0.0,0.0,46.63691612522308,19.787935651712235
8555-284449-0006_2830-3980-0011__T2__2830-2830-3980-0011__HSIMV3__1188-1188-133604-0038__SIRm5,2830,8555,9,0.1111111111111111,0.0,0.0,0.0,0.0,53.16315207371784,19.84830724248308
8555-284449-0007_5683-32866-0005__T2__5683-5683-32866-0005__HSIMV3__237-237-134500-0039__SIRm5,5683,8555,8,1.0,1.0,1.0,1.0,1.0,-61.50344712348146,-31.55158548845404
8555-284449-0008_4077-13751-0012__T2__4077-4077-13751-0012__HSIMV3__8455-8455-210777-0008__SIRm5,4077,8555,22,0.0,0.0,0.0,0.0,0.0,45.20003152105866,17.53301443991871
8555-284449-0009_3570-5694-0014__T2__3570-3570-5694-0014__HSIMV3__4507-4507-16021-0009__SIRm5,3570,8555,21,0.0,0.0,0.0,0.0,0.0,58.79462145007368,22.6131830090173
8555-284449-0009_4992-41797-0020__T2__4992-4992-41797-0020__HSIMV3__4446-4446-2275-0016__SIRm5,4992,8555,12,0.0,0.0,0.0,0.0,0.0,60.7657793512162,22.51677580329561
8555-284449-0009_61-70968-0032__T2__61-61-70968-0032__HSIMV3__7176-7176-92135-0009__SIRm5,61,8555,7,0.0,0.0,0.0,0.0,0.0,59.10974943089548,17.9534842373371
8555-284449-0009_6829-68771-0024__T2__6829-6829-68771-0024__HSIMV3__4970-4970-29093-0022__SIRm5,6829,8555,11,0.0,0.0,0.0,0.0,0.0,48.52995612076213,20.11286943908404
8555-284449-0011_2830-3979-0010__T2__2830-2830-3979-0010__HSIMV3__1188-1188-133604-0040__SIRm5,2830,8555,5,0.0,0.0,0.0,0.0,0.0,42.96385103427514,17.501631502949635
8555-284449-0012_1580-141084-0004__T2__1580-1580-141084-0004__HSIMV3__237-237-126133-0007__SIRm5,1580,8555,16,0.0,0.125,0.0,0.0,0.0,49.280082875895545,21.20309528459984
8555-284449-0013_2830-3980-0055__T2__2830-2830-3980-0055__HSIMV3__1188-1188-133604-0025__SIRm5,2830,8555,13,0.0,0.0,0.0,0.0,0.0,43.67829459357784,20.11609132976014
8555-284449-0013_4992-23283-0013__T2__4992-4992-23283-0013__HSIMV3__4446-4446-2271-0001__SIRm5,4992,8555,11,0.0,0.0,0.0,0.0,0.0,52.17172410748795,18.505555774445146
8555-284449-0015_4992-23283-0014__T2__4992-4992-23283-0014__HSIMV3__4446-4446-2275-0008__SIRm5,4992,8555,7,0.0,0.0,0.0,0.0,0.0,51.185888146982556,18.40297901000084
8555-284449-0017_6829-68771-0022__T2__6829-6829-68771-0022__HSIMV3__4970-4970-29095-0029__SIRm5,6829,8555,6,0.0,0.0,0.0,0.0,0.0,45.41664796155441,19.161287496359463
8555-284449-0018_8455-210777-0057__T2__8455-8455-210777-0057__HSIMV3__1320-1320-122617-0013__SIRm5,8455,8555,20,0.0,0.0,0.0,0.0,0.0,49.52748877841803,19.60139204010036
8555-284449-0018_8463-287645-0000__T2__8463-8463-287645-0000__HSIMV3__4992-4992-41797-0006__SIRm5,8463,8555,8,0.0,0.0,0.0,0.0,0.0,51.04300037033792,21.345590174462394
8555-284449-0019_4992-41797-0000__T2__4992-4992-41797-0000__HSIMV3__4446-4446-2271-0008__SIRm5,4992,8555,9,0.0,0.0,0.0,0.0,0.0,51.66881193781501,19.00404155774988
8555-284449-0019_5142-33396-0054__T2__5142-5142-33396-0054__HSIMV3__4970-4970-29095-0002__SIRm5,5142,8555,9,0.0,0.0,0.0,0.0,0.0,49.79737676554302,20.544769138690107
8555-284449-0020_1580-141084-0003__T2__1580-1580-141084-0003__HSIMV3__237-237-126133-0009__SIRm5,1580,8555,6,0.0,0.0,0.0,0.0,0.0,55.65413514202766,23.14939695890051
8555-292519-0003_4446-2271-0010__T2__4446-4446-2271-0010__HSIMV3__1284-1284-1181-0019__SIRm5,4446,8555,5,0.0,0.0,0.0,0.0,0.0,46.095241159599226,18.71413815770721
8555-292519-0004_260-123288-0002__T2__260-260-123288-0002__HSIMV3__672-672-122797-0061__SIRm5,260,8555,13,0.0,0.0,0.0,0.0,0.0,47.61855524149026,19.297622406294423
8555-292519-0006_61-70970-0037__T2__61-61-70970-0037__HSIMV3__8230-8230-279154-0024__SIRm5,61,8555,10,0.0,0.0,0.0,0.0,0.0,52.22334368465005,18.513294022105008
8555-292519-0007_2830-3980-0011__T2__2830-2830-3980-0011__HSIMV3__1188-1188-133604-0038__SIRm5,2830,8555,9,0.1111111111111111,0.0,0.0,0.0,0.0,53.168110897510424,19.84865314092788
8555-292519-0010_1089-134686-0013__T2__1089-1089-134686-0013__HSIMV3__8230-8230-279154-0014__SIRm5,1089,8555,14,0.0,0.0,0.0,0.0,0.0,47.11521385384011,17.721795924073426
8555-292519-0011_7127-75947-0038__T2__7127-7127-75947-0038__HSIMV3__8455-8455-210777-0057__SIRm5,7127,8555,20,0.0,0.05,0.0,0.0,0.0,42.10968569114529,17.05142751589657
8555-292519-0012_4970-29093-0002__T2__4970-4970-29093-0002__HSIMV3__6829-6829-68771-0001__SIRm5,4970,8555,19,0.0,0.0,0.0,0.0,0.0,53.905892489777,20.13139049064119
8555-292519-0013_5105-28240-0017__T2__5105-5105-28240-0017__HSIMV3__1320-1320-122617-0017__SIRm5,5105,8555,10,0.0,0.1,0.0,0.0,0.0,46.35062224632367,19.59755429215549
8555-292519-0013_5105-28241-0013__T2__5105-5105-28241-0013__HSIMV3__1320-1320-122617-0014__SIRm5,5105,8555,8,0.0,0.0,0.0,0.0,0.0,45.20591961611828,19.96254948980248
908-157963-0003_1221-135766-0005__T2__1221-1221-135766-0005__HSIMV3__4992-4992-23283-0017__SIRm5,1221,908,27,0.0,0.0,0.0,0.0,0.0,47.5211789173335,18.243055181824857
908-157963-0004_7021-79740-0002__T2__7021-7021-79740-0002__HSIMV3__5105-5105-28240-0024__SIRm5,7021,908,15,0.0,0.2,0.0,0.0,0.0,53.75899304240254,22.14172645066968
908-157963-0006_6829-68769-0033__T2__6829-6829-68769-0033__HSIMV3__4970-4970-29095-0017__SIRm5,6829,908,6,0.0,0.0,0.0,0.0,0.0,51.04613280744196,19.92600569220658
908-157963-0009_237-134493-0001__T2__237-237-134493-0001__HSIMV3__1580-1580-141083-0009__SIRm5,237,908,13,0.0,0.0,0.0,0.0,0.0,45.254953869341485,19.100245151360653
908-157963-0009_61-70968-0013__T2__61-61-70968-0013__HSIMV3__8230-8230-279154-0039__SIRm5,61,908,7,0.0,0.0,0.0,0.0,0.0,44.69177255039563,17.4496867175993
908-157963-0010_260-123440-0010__T2__260-260-123440-0010__HSIMV3__6930-6930-76324-0027__SIRm5,260,908,15,0.0,0.0,0.0,0.0,0.0,51.528684182486906,20.33954314249909
908-157963-0010_61-70970-0038__T2__61-61-70970-0038__HSIMV3__8230-8230-279154-0016__SIRm5,61,908,19,0.0,0.0,0.0,0.0,0.0,38.118107637196175,15.193281153726875
908-157963-0011_8230-279154-0024__T2__8230-8230-279154-0024__HSIMV3__61-61-70970-0001__SIRm5,8230,908,11,0.09090909090909091,0.09090909090909091,0.09090909090909091,0.0,0.0,30.304947059913943,16.84527227454453
908-157963-0012_4446-2271-0011__T2__4446-4446-2271-0011__HSIMV3__4992-4992-41797-0005__SIRm5,4446,908,6,1.0,1.0,1.0,1.0,1.0,-19.278370145225644,-5.100775662349509
908-157963-0012_8463-294828-0010__T2__8463-8463-294828-0010__HSIMV3__4992-4992-41806-0001__SIRm5,8463,908,15,0.0,0.0,0.0,0.0,0.0,49.39296775635289,19.775281920617736
908-157963-0013_3575-170457-0006__T2__3575-3575-170457-0006__HSIMV3__237-237-134500-0041__SIRm5,3575,908,15,0.0,0.0,0.0,0.0,0.0,52.47388468399489,18.54066858601381
908-157963-0014_4507-16021-0056__T2__4507-4507-16021-0056__HSIMV3__3729-3729-6852-0037__SIRm5,4507,908,10,0.0,0.0,0.0,0.0,0.0,58.796535935601014,20.527714568197883
908-157963-0014_8555-284449-0020__T2__8555-8555-284449-0020__HSIMV3__4970-4970-29095-0036__SIRm5,8555,908,9,0.0,0.0,0.0,0.0,0.0,27.962133958043474,16.474370889021195
908-157963-0015_672-122797-0030__T2__672-672-122797-0030__HSIMV3__260-260-123286-0029__SIRm5,672,908,8,1.0,1.0,1.0,1.0,1.0,-37.91189443353491,-17.747689349908146
908-157963-0016_2830-3980-0039__T2__2830-2830-3980-0039__HSIMV3__1188-1188-133604-0038__SIRm5,2830,908,9,0.0,0.0,0.0,0.0,0.0,56.74047746138326,20.43915184742982
908-157963-0016_4446-2271-0017__T2__4446-4446-2271-0017__HSIMV3__1284-1284-1181-0013__SIRm5,4446,908,23,1.0,1.0,1.0,1.0,1.0,-56.70993937046578,-31.51490789406516
908-157963-0016_4992-41806-0015__T2__4992-4992-41806-0015__HSIMV3__4446-4446-2271-0004__SIRm5,4992,908,23,0.043478260869565216,0.043478260869565216,0.0,0.0,0.0,47.37187128067532,19.34279293269564
908-157963-0017_237-134500-0028__T2__237-237-134500-0028__HSIMV3__5683-5683-32879-0012__SIRm5,237,908,7,0.0,0.0,0.0,0.0,0.0,50.60251068935702,21.33328642661388
908-157963-0017_7729-102255-0041__T2__7729-7729-102255-0041__HSIMV3__7176-7176-88083-0021__SIRm5,7729,908,23,0.0,0.0,0.0,0.0,0.0,40.752713513249866,17.129166475209576
908-157963-0018_1320-122617-0014__T2__1320-1320-122617-0014__HSIMV3__5105-5105-28240-0012__SIRm5,1320,908,8,0.0,0.0,0.0,0.0,0.0,49.961128748999975,18.7614546638629
908-157963-0018_5105-28240-0002__T2__5105-5105-28240-0002__HSIMV3__1320-1320-122617-0030__SIRm5,5105,908,6,0.0,0.0,0.0,0.0,0.0,41.57313233376407,17.35676348569288
908-157963-0018_61-70970-0040__T2__61-61-70970-0040__HSIMV3__8230-8230-279154-0032__SIRm5,61,908,6,0.0,0.0,0.0,0.0,0.0,40.87905386506717,15.6516226151322
908-157963-0018_7127-75947-0026__T2__7127-7127-75947-0026__HSIMV3__8455-8455-210777-0041__SIRm5,7127,908,11,0.0,0.0,0.0,0.0,0.0,46.29971332986178,17.518713964426446
908-157963-0020_5683-32879-0007__T2__5683-5683-32879-0007__HSIMV3__1221-1221-135766-0004__SIRm5,5683,908,12,0.0,0.0,0.0,0.0,0.0,47.488077121678295,18.07330508245859
908-157963-0021_8455-210777-0012__T2__8455-8455-210777-0012__HSIMV3__1320-1320-122612-0014__SIRm5,8455,908,6,0.0,0.0,0.0,0.0,0.0,44.682445193139245,18.087687910631782
908-157963-0021_8463-287645-0001__T2__8463-8463-287645-0001__HSIMV3__4992-4992-23283-0015__SIRm5,8463,908,6,1.0,1.0,1.0,1.0,1.0,-35.25711613576214,-15.208865271218606
908-157963-0022_1089-134686-0023__T2__1089-1089-134686-0023__HSIMV3__8230-8230-279154-0031__SIRm5,1089,908,24,0.0,0.0,0.0,0.0,0.0,45.31167629220954,18.9861252463966
908-157963-0022_3570-5694-0005__T2__3570-3570-5694-0005__HSIMV3__4507-4507-16021-0053__SIRm5,3570,908,15,0.0,0.0,0.0,0.0,0.0,55.64987543742669,22.061216268457883
908-157963-0022_4970-29093-0014__T2__4970-4970-29093-0014__HSIMV3__6829-6829-68771-0003__SIRm5,4970,908,7,0.0,0.0,0.0,0.0,0.0,49.63192648585685,19.64989846400762
908-157963-0022_61-70970-0007__T2__61-61-70970-0007__HSIMV3__7176-7176-92135-0009__SIRm5,61,908,7,0.0,0.0,0.0,0.0,0.0,57.58009170650936,18.902258842359352
908-157963-0023_61-70968-0049__T2__61-61-70968-0049__HSIMV3__8230-8230-279154-0029__SIRm5,61,908,15,0.06666666666666667,0.0,0.0,0.0,0.0,40.232104024480044,16.639013136403186
908-157963-0024_1188-133604-0033__T2__1188-1188-133604-0033__HSIMV3__2830-2830-3980-0037__SIRm5,1188,908,11,0.0,0.0,0.0,0.0,0.0,46.836913676391305,19.66722631118028
908-157963-0025_1089-134691-0018__T2__1089-1089-134691-0018__HSIMV3__8230-8230-279154-0003__SIRm5,1089,908,5,0.2,0.0,0.0,0.0,0.0,38.66541756091584,19.711824902266976
908-157963-0026_2830-3980-0068__T2__2830-2830-3980-0068__HSIMV3__1188-1188-133604-0038__SIRm5,2830,908,9,0.0,0.0,0.0,0.0,0.0,43.88379065369767,18.628164314391285
908-157963-0026_61-70970-0012__T2__61-61-70970-0012__HSIMV3__8230-8230-279154-0003__SIRm5,61,908,5,0.0,0.0,0.0,0.0,0.0,43.696214498563066,15.913267427881534
908-157963-0027_5105-28240-0008__T2__5105-5105-28240-0008__HSIMV3__1320-1320-122617-0013__SIRm5,5105,908,20,0.0,0.0,0.0,0.0,0.0,52.23312300361499,20.21358341347189
908-157963-0027_7127-75947-0037__T2__7127-7127-75947-0037__HSIMV3__8455-8455-210777-0000__SIRm5,7127,908,16,0.0,0.0,0.0,0.0,0.0,45.636303345947034,17.825535908016107
908-157963-0028_7021-85628-0018__T2__7021-7021-85628-0018__HSIMV3__5105-5105-28240-0024__SIRm5,7021,908,15,0.0,0.0,0.0,0.0,0.0,56.74078613964187,21.52368638025723
908-157963-0028_7127-75946-0013__T2__7127-7127-75946-0013__HSIMV3__8455-8455-210777-0000__SIRm5,7127,908,16,0.0,0.0,0.0,0.0,0.0,45.16797368558636,18.00549243044896
908-157963-0029_3729-6852-0024__T2__3729-3729-6852-0024__HSIMV3__4507-4507-16021-0011__SIRm5,3729,908,10,0.0,0.1,0.0,0.0,0.0,49.08612284967687,21.08112765564596
908-157963-0029_5683-32866-0002__T2__5683-5683-32866-0002__HSIMV3__237-237-126133-0022__SIRm5,5683,908,9,0.0,0.0,0.0,0.0,0.0,59.02325027555523,23.83990652019688
908-157963-0030_2961-960-0019__T2__2961-2961-960-0019__HSIMV3__3570-3570-5694-0009__SIRm5,2961,908,23,0.0,0.0,0.0,0.0,0.0,52.501079128856446,20.50067427969048
908-31957-0002_2300-131720-0041__T2__2300-2300-131720-0041__HSIMV3__61-61-70968-0060__SIRm5,2300,908,6,0.0,0.0,0.0,0.0,0.0,38.37417525401293,17.183346036057948
908-31957-0003_260-123288-0022__T2__260-260-123288-0022__HSIMV3__672-672-122797-0044__SIRm5,260,908,6,0.0,0.0,0.0,0.0,0.0,46.87427967129975,17.26885615463255
908-31957-0004_4446-2275-0016__T2__4446-4446-2275-0016__HSIMV3__1284-1284-1181-0004__SIRm5,4446,908,12,0.0,0.0,0.0,0.0,0.0,50.64862990996857,20.692254485514816
908-31957-0005_2830-3979-0012__T2__2830-2830-3979-0012__HSIMV3__1188-1188-133604-0029__SIRm5,2830,908,6,0.0,0.0,0.0,0.0,0.0,52.37828242497255,19.880729734098992
908-31957-0005_3575-170457-0027__T2__3575-3575-170457-0027__HSIMV3__237-237-134500-0039__SIRm5,3575,908,8,0.125,0.0,0.0,0.0,0.0,48.392554267076086,20.85674933279
908-31957-0005_5105-28233-0004__T2__5105-5105-28233-0004__HSIMV3__1320-1320-122617-0014__SIRm5,5105,908,8,0.0,0.0,0.0,0.0,0.0,49.726164277032154,19.065973001498275
908-31957-0005_8555-292519-0008__T2__8555-8555-292519-0008__HSIMV3__4970-4970-29095-0009__SIRm5,8555,908,10,0.0,0.0,0.0,0.0,0.0,45.96840056340211,20.096101427073872
908-31957-0006_237-126133-0022__T2__237-237-126133-0022__HSIMV3__5683-5683-32866-0002__SIRm5,237,908,9,0.0,0.0,0.0,0.0,0.0,52.40001802006288,22.628645953297763
908-31957-0006_8224-274381-0015__T2__8224-8224-274381-0015__HSIMV3__8455-8455-210777-0030__SIRm5,8224,908,24,0.0,0.0,0.0,0.0,0.0,45.69215389979752,18.77866826328644
908-31957-0007_5105-28233-0000__T2__5105-5105-28233-0000__HSIMV3__1320-1320-122617-0005__SIRm5,5105,908,7,0.0,0.0,0.0,0.0,0.0,54.387469561680014,18.64727295581902
908-31957-0008_121-121726-0012__T2__121-121-121726-0012__HSIMV3__237-237-134500-0040__SIRm5,121,908,7,0.0,0.2857142857142857,0.0,0.0,0.0,33.713879418193926,18.51989780715416
908-31957-0008_2961-961-0010__T2__2961-2961-961-0010__HSIMV3__3570-3570-5694-0005__SIRm5,2961,908,14,0.0,0.0,0.0,0.0,0.0,64.8914729614926,21.8399588405074
908-31957-0008_4446-2271-0020__T2__4446-4446-2271-0020__HSIMV3__1284-1284-1181-0014__SIRm5,4446,908,14,1.0,1.0,1.0,1.0,1.0,-55.853168808430794,-29.031146343697174
908-31957-0009_2094-142345-0024__T2__2094-2094-142345-0024__HSIMV3__3729-3729-6852-0036__SIRm5,2094,908,9,1.0,1.0,1.0,1.0,1.0,-52.77490442325505,-27.599429812124697
908-31957-0012_6829-68769-0025__T2__6829-6829-68769-0025__HSIMV3__4970-4970-29095-0009__SIRm5,6829,908,10,0.0,0.0,0.0,0.0,0.0,43.533371078113944,20.66094881044613
908-31957-0014_3729-6852-0031__T2__3729-3729-6852-0031__HSIMV3__4507-4507-16021-0057__SIRm5,3729,908,7,0.0,0.0,0.0,0.0,0.0,45.065262321422786,21.06108878597237
908-31957-0017_2094-142345-0005__T2__2094-2094-142345-0005__HSIMV3__3729-3729-6852-0002__SIRm5,2094,908,16,0.0625,0.0625,0.0625,0.0,0.0,49.20207901072623,18.990564650226588
908-31957-0017_5683-32866-0013__T2__5683-5683-32866-0013__HSIMV3__1221-1221-135766-0007__SIRm5,5683,908,16,0.0,0.0,0.0,0.0,0.0,52.682213182468374,19.03420940095185
908-31957-0017_6930-81414-0004__T2__6930-6930-81414-0004__HSIMV3__260-260-123288-0011__SIRm5,6930,908,16,0.0,0.0,0.0,0.0,0.0,46.338746361122986,18.72694289566394
908-31957-0018_5683-32879-0022__T2__5683-5683-32879-0022__HSIMV3__237-237-134500-0014__SIRm5,5683,908,7,0.0,0.0,0.0,0.0,0.0,44.04088630773346,19.56791090222545
908-31957-0018_7021-85628-0011__T2__7021-7021-85628-0011__HSIMV3__5105-5105-28241-0008__SIRm5,7021,908,16,0.0625,0.0625,0.0625,0.0,0.0,48.328276835240295,20.47911252776801
908-31957-0019_4970-29095-0028__T2__4970-4970-29095-0028__HSIMV3__6829-6829-68771-0009__SIRm5,4970,908,25,0.08,0.0,0.0,0.0,0.0,53.85348305170275,22.176069923778886
908-31957-0022_1221-135766-0007__T2__1221-1221-135766-0007__HSIMV3__4992-4992-41797-0008__SIRm5,1221,908,16,0.0,0.0625,0.0,0.0,0.0,48.535594789362804,20.352228463560536
908-31957-0022_6930-81414-0014__T2__6930-6930-81414-0014__HSIMV3__260-260-123286-0003__SIRm5,6930,908,13,0.0,0.0,0.0,0.0,0.0,45.63441211173541,17.829769202199206
908-31957-0023_5142-33396-0065__T2__5142-5142-33396-0065__HSIMV3__4970-4970-29095-0002__SIRm5,5142,908,9,0.0,0.0,0.0,0.0,0.0,53.52729934765265,21.20146334934453
908-31957-0024_5142-36586-0004__T2__5142-5142-36586-0004__HSIMV3__4970-4970-29093-0008__SIRm5,5142,908,6,0.0,0.0,0.0,0.0,0.0,44.891401614674386,18.78622677182384
908-31957-0024_5683-32865-0017__T2__5683-5683-32865-0017__HSIMV3__237-237-126133-0022__SIRm5,5683,908,9,0.1111111111111111,0.0,0.0,0.0,0.0,30.980283990126686,17.82729336716954
